label_date,partition,window,start_utc,end_utc,feature_obs_date,daily_age_days,year,y_up,direction,p_up,pred,train_n
2023-07-11,SOBTI_5_ET,ASIA_AFTERNOON_LIT,2023-07-11T05:30:00+00:00,2023-07-11T07:30:00+00:00,2023-07-10,1,2023,1,UP,0.5871679982683282,UP,120
2023-07-12,SOBTI_5_ET,ASIA_AFTERNOON_LIT,2023-07-12T05:30:00+00:00,2023-07-12T07:30:00+00:00,2023-07-11,1,2023,0,DOWN,0.4334799195704636,DOWN,120
2023-07-13,SOBTI_5_ET,ASIA_AFTERNOON_LIT,2023-07-13T05:30:00+00:00,2023-07-13T07:30:00+00:00,2023-07-12,1,2023,1,UP,0.5135147604453107,UP,120
2023-07-14,SOBTI_5_ET,ASIA_AFTERNOON_LIT,2023-07-14T05:30:00+00:00,2023-07-14T07:30:00+00:00,2023-07-13,1,2023,0,DOWN,0.3669320313576543,DOWN,120
2023-07-17,SOBTI_5_ET,ASIA_AFTERNOON_LIT,2023-07-17T05:30:00+00:00,2023-07-17T07:30:00+00:00,2023-07-14,3,2023,0,DOWN,0.5386590811650409,UP,120
2023-07-18,SOBTI_5_ET,ASIA_AFTERNOON_LIT,2023-07-18T05:30:00+00:00,2023-07-18T07:30:00+00:00,2023-07-17,1,2023,1,UP,0.5493442004173027,UP,125
2023-07-19,SOBTI_5_ET,ASIA_AFTERNOON_LIT,2023-07-19T05:30:00+00:00,2023-07-19T07:30:00+00:00,2023-07-18,1,2023,1,UP,0.4902418872433504,DOWN,125
2023-07-20,SOBTI_5_ET,ASIA_AFTERNOON_LIT,2023-07-20T05:30:00+00:00,2023-07-20T07:30:00+00:00,2023-07-19,1,2023,0,DOWN,0.5448237245835476,UP,125
2023-07-21,SOBTI_5_ET,ASIA_AFTERNOON_LIT,2023-07-21T05:30:00+00:00,2023-07-21T07:30:00+00:00,2023-07-20,1,2023,0,DOWN,0.5813927896867526,UP,125
2023-07-24,SOBTI_5_ET,ASIA_AFTERNOON_LIT,2023-07-24T05:30:00+00:00,2023-07-24T07:30:00+00:00,2023-07-21,3,2023,1,UP,0.6366649173617296,UP,125
2023-07-25,SOBTI_5_ET,ASIA_AFTERNOON_LIT,2023-07-25T05:30:00+00:00,2023-07-25T07:30:00+00:00,2023-07-24,1,2023,1,UP,0.5852072648414172,UP,130
2023-07-26,SOBTI_5_ET,ASIA_AFTERNOON_LIT,2023-07-26T05:30:00+00:00,2023-07-26T07:30:00+00:00,2023-07-25,1,2023,1,UP,0.5102061573235133,UP,130
2023-07-27,SOBTI_5_ET,ASIA_AFTERNOON_LIT,2023-07-27T05:30:00+00:00,2023-07-27T07:30:00+00:00,2023-07-26,1,2023,1,UP,0.544568228239017,UP,130
2023-07-28,SOBTI_5_ET,ASIA_AFTERNOON_LIT,2023-07-28T05:30:00+00:00,2023-07-28T07:30:00+00:00,2023-07-27,1,2023,0,DOWN,0.5021422346755056,UP,130
2023-07-31,SOBTI_5_ET,ASIA_AFTERNOON_LIT,2023-07-31T05:30:00+00:00,2023-07-31T07:30:00+00:00,2023-07-28,3,2023,1,UP,0.7501810965473962,UP,130
2023-08-01,SOBTI_5_ET,ASIA_AFTERNOON_LIT,2023-08-01T05:30:00+00:00,2023-08-01T07:30:00+00:00,2023-07-31,1,2023,0,DOWN,0.6277519172737909,UP,135
2023-08-02,SOBTI_5_ET,ASIA_AFTERNOON_LIT,2023-08-02T05:30:00+00:00,2023-08-02T07:30:00+00:00,2023-08-01,1,2023,1,UP,0.4925042587677557,DOWN,135
2023-08-03,SOBTI_5_ET,ASIA_AFTERNOON_LIT,2023-08-03T05:30:00+00:00,2023-08-03T07:30:00+00:00,2023-08-02,1,2023,0,DOWN,0.6379976934657171,UP,135
2023-08-04,SOBTI_5_ET,ASIA_AFTERNOON_LIT,2023-08-04T05:30:00+00:00,2023-08-04T07:30:00+00:00,2023-08-03,1,2023,0,DOWN,0.743331095050794,UP,135
2023-08-07,SOBTI_5_ET,ASIA_AFTERNOON_LIT,2023-08-07T05:30:00+00:00,2023-08-07T07:30:00+00:00,2023-08-04,3,2023,0,DOWN,0.6552868762320377,UP,135
2023-08-08,SOBTI_5_ET,ASIA_AFTERNOON_LIT,2023-08-08T05:30:00+00:00,2023-08-08T07:30:00+00:00,2023-08-07,1,2023,0,DOWN,0.5210440436518738,UP,140
2023-08-09,SOBTI_5_ET,ASIA_AFTERNOON_LIT,2023-08-09T05:30:00+00:00,2023-08-09T07:30:00+00:00,2023-08-08,1,2023,0,DOWN,0.5698378453296624,UP,140
2023-08-10,SOBTI_5_ET,ASIA_AFTERNOON_LIT,2023-08-10T05:30:00+00:00,2023-08-10T07:30:00+00:00,2023-08-09,1,2023,1,UP,0.6170759359299757,UP,140
2023-08-11,SOBTI_5_ET,ASIA_AFTERNOON_LIT,2023-08-11T05:30:00+00:00,2023-08-11T07:30:00+00:00,2023-08-10,1,2023,1,UP,0.535359401977204,UP,140
2023-08-14,SOBTI_5_ET,ASIA_AFTERNOON_LIT,2023-08-14T05:30:00+00:00,2023-08-14T07:30:00+00:00,2023-08-11,3,2023,0,DOWN,0.5027912547158155,UP,140
2023-08-15,SOBTI_5_ET,ASIA_AFTERNOON_LIT,2023-08-15T05:30:00+00:00,2023-08-15T07:30:00+00:00,2023-08-14,1,2023,0,DOWN,0.47828144304530396,DOWN,145
2023-08-16,SOBTI_5_ET,ASIA_AFTERNOON_LIT,2023-08-16T05:30:00+00:00,2023-08-16T07:30:00+00:00,2023-08-15,1,2023,0,DOWN,0.5927789054953669,UP,145
2023-08-17,SOBTI_5_ET,ASIA_AFTERNOON_LIT,2023-08-17T05:30:00+00:00,2023-08-17T07:30:00+00:00,2023-08-16,1,2023,1,UP,0.5228223847744656,UP,145
2023-08-18,SOBTI_5_ET,ASIA_AFTERNOON_LIT,2023-08-18T05:30:00+00:00,2023-08-18T07:30:00+00:00,2023-08-17,1,2023,1,UP,0.5523497242815544,UP,145
2023-08-21,SOBTI_5_ET,ASIA_AFTERNOON_LIT,2023-08-21T05:30:00+00:00,2023-08-21T07:30:00+00:00,2023-08-18,3,2023,0,DOWN,0.41068252471074834,DOWN,145
2023-08-22,SOBTI_5_ET,ASIA_AFTERNOON_LIT,2023-08-22T05:30:00+00:00,2023-08-22T07:30:00+00:00,2023-08-21,1,2023,1,UP,0.41603664714874405,DOWN,150
2023-08-23,SOBTI_5_ET,ASIA_AFTERNOON_LIT,2023-08-23T05:30:00+00:00,2023-08-23T07:30:00+00:00,2023-08-22,1,2023,1,UP,0.4020316105426485,DOWN,150
2023-08-24,SOBTI_5_ET,ASIA_AFTERNOON_LIT,2023-08-24T05:30:00+00:00,2023-08-24T07:30:00+00:00,2023-08-23,1,2023,1,UP,0.47223250013035833,DOWN,150
2023-08-25,SOBTI_5_ET,ASIA_AFTERNOON_LIT,2023-08-25T05:30:00+00:00,2023-08-25T07:30:00+00:00,2023-08-24,1,2023,1,UP,0.4479616042705134,DOWN,150
2023-08-28,SOBTI_5_ET,ASIA_AFTERNOON_LIT,2023-08-28T05:30:00+00:00,2023-08-28T07:30:00+00:00,2023-08-25,3,2023,0,DOWN,0.45217192192202715,DOWN,150
2023-08-29,SOBTI_5_ET,ASIA_AFTERNOON_LIT,2023-08-29T05:30:00+00:00,2023-08-29T07:30:00+00:00,2023-08-25,4,2023,0,DOWN,0.5381093688006231,UP,155
2023-08-30,SOBTI_5_ET,ASIA_AFTERNOON_LIT,2023-08-30T05:30:00+00:00,2023-08-30T07:30:00+00:00,2023-08-29,1,2023,0,DOWN,0.42425029607791886,DOWN,155
2023-08-31,SOBTI_5_ET,ASIA_AFTERNOON_LIT,2023-08-31T05:30:00+00:00,2023-08-31T07:30:00+00:00,2023-08-30,1,2023,1,UP,0.4805921869549053,DOWN,155
2023-09-01,SOBTI_5_ET,ASIA_AFTERNOON_LIT,2023-09-01T05:30:00+00:00,2023-09-01T07:30:00+00:00,2023-08-31,1,2023,1,UP,0.5489495291370666,UP,155
2023-09-04,SOBTI_5_ET,ASIA_AFTERNOON_LIT,2023-09-04T05:30:00+00:00,2023-09-04T07:30:00+00:00,2023-09-01,3,2023,0,DOWN,0.5255305296452244,UP,155
2023-09-05,SOBTI_5_ET,ASIA_AFTERNOON_LIT,2023-09-05T05:30:00+00:00,2023-09-05T07:30:00+00:00,2023-09-04,1,2023,0,DOWN,0.6101785761972386,UP,160
2023-09-06,SOBTI_5_ET,ASIA_AFTERNOON_LIT,2023-09-06T05:30:00+00:00,2023-09-06T07:30:00+00:00,2023-09-05,1,2023,0,DOWN,0.5022687660359111,UP,160
2023-09-07,SOBTI_5_ET,ASIA_AFTERNOON_LIT,2023-09-07T05:30:00+00:00,2023-09-07T07:30:00+00:00,2023-09-06,1,2023,0,DOWN,0.546940752170997,UP,160
2023-09-08,SOBTI_5_ET,ASIA_AFTERNOON_LIT,2023-09-08T05:30:00+00:00,2023-09-08T07:30:00+00:00,2023-09-07,1,2023,0,DOWN,0.48929996121197183,DOWN,160
2023-09-11,SOBTI_5_ET,ASIA_AFTERNOON_LIT,2023-09-11T05:30:00+00:00,2023-09-11T07:30:00+00:00,2023-09-08,3,2023,1,UP,0.3973427702811174,DOWN,160
2023-09-12,SOBTI_5_ET,ASIA_AFTERNOON_LIT,2023-09-12T05:30:00+00:00,2023-09-12T07:30:00+00:00,2023-09-11,1,2023,0,DOWN,0.32073263662923257,DOWN,165
2023-09-13,SOBTI_5_ET,ASIA_AFTERNOON_LIT,2023-09-13T05:30:00+00:00,2023-09-13T07:30:00+00:00,2023-09-12,1,2023,1,UP,0.38761995620009326,DOWN,165
2023-09-14,SOBTI_5_ET,ASIA_AFTERNOON_LIT,2023-09-14T05:30:00+00:00,2023-09-14T07:30:00+00:00,2023-09-13,1,2023,0,DOWN,0.4790401832173691,DOWN,165
2023-09-15,SOBTI_5_ET,ASIA_AFTERNOON_LIT,2023-09-15T05:30:00+00:00,2023-09-15T07:30:00+00:00,2023-09-14,1,2023,1,UP,0.5572752712612308,UP,165
2023-09-18,SOBTI_5_ET,ASIA_AFTERNOON_LIT,2023-09-18T05:30:00+00:00,2023-09-18T07:30:00+00:00,2023-09-15,3,2023,1,UP,0.4579047271119707,DOWN,165
2023-09-19,SOBTI_5_ET,ASIA_AFTERNOON_LIT,2023-09-19T05:30:00+00:00,2023-09-19T07:30:00+00:00,2023-09-18,1,2023,1,UP,0.4590888708560691,DOWN,170
2023-09-20,SOBTI_5_ET,ASIA_AFTERNOON_LIT,2023-09-20T05:30:00+00:00,2023-09-20T07:30:00+00:00,2023-09-19,1,2023,0,DOWN,0.48460475671983544,DOWN,170
2023-09-21,SOBTI_5_ET,ASIA_AFTERNOON_LIT,2023-09-21T05:30:00+00:00,2023-09-21T07:30:00+00:00,2023-09-20,1,2023,0,DOWN,0.49765664883714705,DOWN,170
2023-09-22,SOBTI_5_ET,ASIA_AFTERNOON_LIT,2023-09-22T05:30:00+00:00,2023-09-22T07:30:00+00:00,2023-09-21,1,2023,1,UP,0.6499852412842756,UP,170
2023-09-25,SOBTI_5_ET,ASIA_AFTERNOON_LIT,2023-09-25T05:30:00+00:00,2023-09-25T07:30:00+00:00,2023-09-22,3,2023,1,UP,0.4740228942946276,DOWN,170
2023-09-26,SOBTI_5_ET,ASIA_AFTERNOON_LIT,2023-09-26T05:30:00+00:00,2023-09-26T07:30:00+00:00,2023-09-25,1,2023,0,DOWN,0.540404509131347,UP,175
2023-09-27,SOBTI_5_ET,ASIA_AFTERNOON_LIT,2023-09-27T05:30:00+00:00,2023-09-27T07:30:00+00:00,2023-09-26,1,2023,1,UP,0.4873244150984891,DOWN,175
2023-09-28,SOBTI_5_ET,ASIA_AFTERNOON_LIT,2023-09-28T05:30:00+00:00,2023-09-28T07:30:00+00:00,2023-09-27,1,2023,1,UP,0.5053585304509884,UP,175
2023-10-09,SOBTI_5_ET,ASIA_AFTERNOON_LIT,2023-10-09T05:30:00+00:00,2023-10-09T07:30:00+00:00,2023-10-06,3,2023,1,UP,0.44399988837443133,DOWN,175
2023-10-10,SOBTI_5_ET,ASIA_AFTERNOON_LIT,2023-10-10T05:30:00+00:00,2023-10-10T07:30:00+00:00,2023-10-09,1,2023,0,DOWN,0.2285677177534302,DOWN,175
2023-10-11,SOBTI_5_ET,ASIA_AFTERNOON_LIT,2023-10-11T05:30:00+00:00,2023-10-11T07:30:00+00:00,2023-10-10,1,2023,1,UP,0.31849687224967516,DOWN,180
2023-10-12,SOBTI_5_ET,ASIA_AFTERNOON_LIT,2023-10-12T05:30:00+00:00,2023-10-12T07:30:00+00:00,2023-10-11,1,2023,1,UP,0.3525542457248125,DOWN,180
2023-10-13,SOBTI_5_ET,ASIA_AFTERNOON_LIT,2023-10-13T05:30:00+00:00,2023-10-13T07:30:00+00:00,2023-10-12,1,2023,1,UP,0.34333446707909415,DOWN,180
2023-10-16,SOBTI_5_ET,ASIA_AFTERNOON_LIT,2023-10-16T05:30:00+00:00,2023-10-16T07:30:00+00:00,2023-10-13,3,2023,0,DOWN,0.47587152693780876,DOWN,180
2023-10-17,SOBTI_5_ET,ASIA_AFTERNOON_LIT,2023-10-17T05:30:00+00:00,2023-10-17T07:30:00+00:00,2023-10-16,1,2023,1,UP,0.21758048675035843,DOWN,180
2023-10-18,SOBTI_5_ET,ASIA_AFTERNOON_LIT,2023-10-18T05:30:00+00:00,2023-10-18T07:30:00+00:00,2023-10-17,1,2023,0,DOWN,0.27746873229182545,DOWN,185
2023-10-19,SOBTI_5_ET,ASIA_AFTERNOON_LIT,2023-10-19T05:30:00+00:00,2023-10-19T07:30:00+00:00,2023-10-18,1,2023,1,UP,0.2794720249369144,DOWN,185
2023-10-20,SOBTI_5_ET,ASIA_AFTERNOON_LIT,2023-10-20T05:30:00+00:00,2023-10-20T07:30:00+00:00,2023-10-19,1,2023,1,UP,0.40912401808777743,DOWN,185
2023-10-23,SOBTI_5_ET,ASIA_AFTERNOON_LIT,2023-10-23T05:30:00+00:00,2023-10-23T07:30:00+00:00,2023-10-20,3,2023,1,UP,0.22828457484973474,DOWN,185
2023-10-24,SOBTI_5_ET,ASIA_AFTERNOON_LIT,2023-10-24T05:30:00+00:00,2023-10-24T07:30:00+00:00,2023-10-23,1,2023,1,UP,0.3154996966270168,DOWN,185
2023-10-25,SOBTI_5_ET,ASIA_AFTERNOON_LIT,2023-10-25T05:30:00+00:00,2023-10-25T07:30:00+00:00,2023-10-24,1,2023,0,DOWN,0.428015444023892,DOWN,190
2023-10-26,SOBTI_5_ET,ASIA_AFTERNOON_LIT,2023-10-26T05:30:00+00:00,2023-10-26T07:30:00+00:00,2023-10-25,1,2023,0,DOWN,0.49652738408017744,DOWN,190
2023-10-27,SOBTI_5_ET,ASIA_AFTERNOON_LIT,2023-10-27T05:30:00+00:00,2023-10-27T07:30:00+00:00,2023-10-26,1,2023,1,UP,0.4283125197564838,DOWN,190
2023-10-30,SOBTI_5_ET,ASIA_AFTERNOON_LIT,2023-10-30T05:30:00+00:00,2023-10-30T07:30:00+00:00,2023-10-27,3,2023,0,DOWN,0.39858373532175656,DOWN,190
2023-10-31,SOBTI_5_ET,ASIA_AFTERNOON_LIT,2023-10-31T05:30:00+00:00,2023-10-31T07:30:00+00:00,2023-10-30,1,2023,1,UP,0.44990594823409064,DOWN,190
2023-11-01,SOBTI_5_ET,ASIA_AFTERNOON_LIT,2023-11-01T05:30:00+00:00,2023-11-01T07:30:00+00:00,2023-10-31,1,2023,0,DOWN,0.5144586988509499,UP,195
2023-11-02,SOBTI_5_ET,ASIA_AFTERNOON_LIT,2023-11-02T05:30:00+00:00,2023-11-02T07:30:00+00:00,2023-11-01,1,2023,0,DOWN,0.6281194407755771,UP,195
2023-11-03,SOBTI_5_ET,ASIA_AFTERNOON_LIT,2023-11-03T05:30:00+00:00,2023-11-03T07:30:00+00:00,2023-11-02,1,2023,1,UP,0.520374743642225,UP,195
2023-11-06,SOBTI_5_ET,ASIA_AFTERNOON_LIT,2023-11-06T06:30:00+00:00,2023-11-06T08:30:00+00:00,2023-11-03,3,2023,1,UP,0.5144393662059594,UP,195
2023-11-07,SOBTI_5_ET,ASIA_AFTERNOON_LIT,2023-11-07T06:30:00+00:00,2023-11-07T08:30:00+00:00,2023-11-06,1,2023,0,DOWN,0.4691519620357046,DOWN,195
2023-11-08,SOBTI_5_ET,ASIA_AFTERNOON_LIT,2023-11-08T06:30:00+00:00,2023-11-08T08:30:00+00:00,2023-11-07,1,2023,0,DOWN,0.528290554375046,UP,200
2023-11-09,SOBTI_5_ET,ASIA_AFTERNOON_LIT,2023-11-09T06:30:00+00:00,2023-11-09T08:30:00+00:00,2023-11-08,1,2023,0,DOWN,0.5044034705359841,UP,200
2023-11-10,SOBTI_5_ET,ASIA_AFTERNOON_LIT,2023-11-10T06:30:00+00:00,2023-11-10T08:30:00+00:00,2023-11-09,1,2023,0,DOWN,0.48391463519334527,DOWN,200
2023-11-13,SOBTI_5_ET,ASIA_AFTERNOON_LIT,2023-11-13T06:30:00+00:00,2023-11-13T08:30:00+00:00,2023-11-10,3,2023,0,DOWN,0.4533628761666165,DOWN,200
2023-11-14,SOBTI_5_ET,ASIA_AFTERNOON_LIT,2023-11-14T06:30:00+00:00,2023-11-14T08:30:00+00:00,2023-11-13,1,2023,0,DOWN,0.34263483216043855,DOWN,200
2023-11-15,SOBTI_5_ET,ASIA_AFTERNOON_LIT,2023-11-15T06:30:00+00:00,2023-11-15T08:30:00+00:00,2023-11-14,1,2023,1,UP,0.313572941002905,DOWN,205
2023-11-16,SOBTI_5_ET,ASIA_AFTERNOON_LIT,2023-11-16T06:30:00+00:00,2023-11-16T08:30:00+00:00,2023-11-15,1,2023,1,UP,0.4437332865380768,DOWN,205
2023-11-17,SOBTI_5_ET,ASIA_AFTERNOON_LIT,2023-11-17T06:30:00+00:00,2023-11-17T08:30:00+00:00,2023-11-16,1,2023,1,UP,0.47719732012419347,DOWN,205
2023-11-20,SOBTI_5_ET,ASIA_AFTERNOON_LIT,2023-11-20T06:30:00+00:00,2023-11-20T08:30:00+00:00,2023-11-17,3,2023,0,DOWN,0.5866157620425158,UP,205
2023-11-21,SOBTI_5_ET,ASIA_AFTERNOON_LIT,2023-11-21T06:30:00+00:00,2023-11-21T08:30:00+00:00,2023-11-20,1,2023,1,UP,0.5810069204646322,UP,205
2023-11-22,SOBTI_5_ET,ASIA_AFTERNOON_LIT,2023-11-22T06:30:00+00:00,2023-11-22T08:30:00+00:00,2023-11-21,1,2023,1,UP,0.503177914723637,UP,210
2023-11-23,SOBTI_5_ET,ASIA_AFTERNOON_LIT,2023-11-23T06:30:00+00:00,2023-11-23T08:30:00+00:00,2023-11-22,1,2023,0,DOWN,0.5377510860725713,UP,210
2023-11-24,SOBTI_5_ET,ASIA_AFTERNOON_LIT,2023-11-24T06:30:00+00:00,2023-11-24T08:30:00+00:00,2023-11-23,1,2023,1,UP,0.49691266892313596,DOWN,210
2023-11-27,SOBTI_5_ET,ASIA_AFTERNOON_LIT,2023-11-27T06:30:00+00:00,2023-11-27T08:30:00+00:00,2023-11-24,3,2023,1,UP,0.5474467961288123,UP,210
2023-11-28,SOBTI_5_ET,ASIA_AFTERNOON_LIT,2023-11-28T06:30:00+00:00,2023-11-28T08:30:00+00:00,2023-11-27,1,2023,0,DOWN,0.5583116659807833,UP,210
2023-11-29,SOBTI_5_ET,ASIA_AFTERNOON_LIT,2023-11-29T06:30:00+00:00,2023-11-29T08:30:00+00:00,2023-11-28,1,2023,0,DOWN,0.5027241084546548,UP,215
2023-11-30,SOBTI_5_ET,ASIA_AFTERNOON_LIT,2023-11-30T06:30:00+00:00,2023-11-30T08:30:00+00:00,2023-11-29,1,2023,0,DOWN,0.45087116114085096,DOWN,215
2023-12-01,SOBTI_5_ET,ASIA_AFTERNOON_LIT,2023-12-01T06:30:00+00:00,2023-12-01T08:30:00+00:00,2023-11-30,1,2023,0,DOWN,0.5240359312412044,UP,215
2023-12-04,SOBTI_5_ET,ASIA_AFTERNOON_LIT,2023-12-04T06:30:00+00:00,2023-12-04T08:30:00+00:00,2023-12-01,3,2023,0,DOWN,0.5096327796479944,UP,215
2023-12-05,SOBTI_5_ET,ASIA_AFTERNOON_LIT,2023-12-05T06:30:00+00:00,2023-12-05T08:30:00+00:00,2023-12-04,1,2023,1,UP,0.5512079539350988,UP,215
2023-12-06,SOBTI_5_ET,ASIA_AFTERNOON_LIT,2023-12-06T06:30:00+00:00,2023-12-06T08:30:00+00:00,2023-12-05,1,2023,1,UP,0.4999255501700116,DOWN,220
2023-12-07,SOBTI_5_ET,ASIA_AFTERNOON_LIT,2023-12-07T06:30:00+00:00,2023-12-07T08:30:00+00:00,2023-12-06,1,2023,1,UP,0.4819783843987984,DOWN,220
2023-12-08,SOBTI_5_ET,ASIA_AFTERNOON_LIT,2023-12-08T06:30:00+00:00,2023-12-08T08:30:00+00:00,2023-12-07,1,2023,0,DOWN,0.46965056620729756,DOWN,220
2023-12-11,SOBTI_5_ET,ASIA_AFTERNOON_LIT,2023-12-11T06:30:00+00:00,2023-12-11T08:30:00+00:00,2023-12-08,3,2023,0,DOWN,0.30438294424972784,DOWN,220
2023-12-12,SOBTI_5_ET,ASIA_AFTERNOON_LIT,2023-12-12T06:30:00+00:00,2023-12-12T08:30:00+00:00,2023-12-11,1,2023,0,DOWN,0.3650760337167767,DOWN,220
2023-12-13,SOBTI_5_ET,ASIA_AFTERNOON_LIT,2023-12-13T06:30:00+00:00,2023-12-13T08:30:00+00:00,2023-12-12,1,2023,1,UP,0.46611420064015413,DOWN,225
2023-12-14,SOBTI_5_ET,ASIA_AFTERNOON_LIT,2023-12-14T06:30:00+00:00,2023-12-14T08:30:00+00:00,2023-12-13,1,2023,1,UP,0.5397802454049911,UP,225
2023-12-15,SOBTI_5_ET,ASIA_AFTERNOON_LIT,2023-12-15T06:30:00+00:00,2023-12-15T08:30:00+00:00,2023-12-14,1,2023,1,UP,0.4722872547384911,DOWN,225
2023-12-18,SOBTI_5_ET,ASIA_AFTERNOON_LIT,2023-12-18T06:30:00+00:00,2023-12-18T08:30:00+00:00,2023-12-15,3,2023,1,UP,0.35129782650005315,DOWN,225
2023-12-19,SOBTI_5_ET,ASIA_AFTERNOON_LIT,2023-12-19T06:30:00+00:00,2023-12-19T08:30:00+00:00,2023-12-18,1,2023,1,UP,0.41379048093558,DOWN,225
2023-12-20,SOBTI_5_ET,ASIA_AFTERNOON_LIT,2023-12-20T06:30:00+00:00,2023-12-20T08:30:00+00:00,2023-12-19,1,2023,1,UP,0.537185595231323,UP,230
2023-12-21,SOBTI_5_ET,ASIA_AFTERNOON_LIT,2023-12-21T06:30:00+00:00,2023-12-21T08:30:00+00:00,2023-12-20,1,2023,1,UP,0.49171886682499377,DOWN,230
2023-12-22,SOBTI_5_ET,ASIA_AFTERNOON_LIT,2023-12-22T06:30:00+00:00,2023-12-22T08:30:00+00:00,2023-12-21,1,2023,1,UP,0.46624467605860787,DOWN,230
2023-12-26,SOBTI_5_ET,ASIA_AFTERNOON_LIT,2023-12-26T06:30:00+00:00,2023-12-26T08:30:00+00:00,2023-12-22,4,2023,0,DOWN,0.4025205636331073,DOWN,230
2023-12-27,SOBTI_5_ET,ASIA_AFTERNOON_LIT,2023-12-27T06:30:00+00:00,2023-12-27T08:30:00+00:00,2023-12-22,5,2023,1,UP,0.4025205636331073,DOWN,230
2023-12-28,SOBTI_5_ET,ASIA_AFTERNOON_LIT,2023-12-28T06:30:00+00:00,2023-12-28T08:30:00+00:00,2023-12-27,1,2023,0,DOWN,0.4069137691438742,DOWN,235
2023-12-29,SOBTI_5_ET,ASIA_AFTERNOON_LIT,2023-12-29T06:30:00+00:00,2023-12-29T08:30:00+00:00,2023-12-28,1,2023,0,DOWN,0.4374406679039658,DOWN,235
2024-01-02,SOBTI_5_ET,ASIA_AFTERNOON_LIT,2024-01-02T06:30:00+00:00,2024-01-02T08:30:00+00:00,2023-12-29,4,2024,0,DOWN,0.42630511183248904,DOWN,235
2024-01-03,SOBTI_5_ET,ASIA_AFTERNOON_LIT,2024-01-03T06:30:00+00:00,2024-01-03T08:30:00+00:00,2024-01-02,1,2024,0,DOWN,0.5716973639361004,UP,235
2024-01-04,SOBTI_5_ET,ASIA_AFTERNOON_LIT,2024-01-04T06:30:00+00:00,2024-01-04T08:30:00+00:00,2024-01-03,1,2024,1,UP,0.5115785826361348,UP,235
2024-01-05,SOBTI_5_ET,ASIA_AFTERNOON_LIT,2024-01-05T06:30:00+00:00,2024-01-05T08:30:00+00:00,2024-01-04,1,2024,1,UP,0.346831084079787,DOWN,240
2024-01-08,SOBTI_5_ET,ASIA_AFTERNOON_LIT,2024-01-08T06:30:00+00:00,2024-01-08T08:30:00+00:00,2024-01-05,3,2024,0,DOWN,0.34036578919056265,DOWN,240
2024-01-09,SOBTI_5_ET,ASIA_AFTERNOON_LIT,2024-01-09T06:30:00+00:00,2024-01-09T08:30:00+00:00,2024-01-08,1,2024,0,DOWN,0.250665155702567,DOWN,240
2024-01-10,SOBTI_5_ET,ASIA_AFTERNOON_LIT,2024-01-10T06:30:00+00:00,2024-01-10T08:30:00+00:00,2024-01-09,1,2024,1,UP,0.28377353056453625,DOWN,240
2024-01-11,SOBTI_5_ET,ASIA_AFTERNOON_LIT,2024-01-11T06:30:00+00:00,2024-01-11T08:30:00+00:00,2024-01-10,1,2024,0,DOWN,0.32297727799506626,DOWN,240
2024-01-12,SOBTI_5_ET,ASIA_AFTERNOON_LIT,2024-01-12T06:30:00+00:00,2024-01-12T08:30:00+00:00,2024-01-11,1,2024,1,UP,0.36077533847334187,DOWN,245
2024-01-15,SOBTI_5_ET,ASIA_AFTERNOON_LIT,2024-01-15T06:30:00+00:00,2024-01-15T08:30:00+00:00,2024-01-12,3,2024,1,UP,0.4640775909685751,DOWN,245
2024-01-16,SOBTI_5_ET,ASIA_AFTERNOON_LIT,2024-01-16T06:30:00+00:00,2024-01-16T08:30:00+00:00,2024-01-15,1,2024,0,DOWN,0.4131004610919093,DOWN,245
2024-01-17,SOBTI_5_ET,ASIA_AFTERNOON_LIT,2024-01-17T06:30:00+00:00,2024-01-17T08:30:00+00:00,2024-01-16,1,2024,1,UP,0.42984573471553483,DOWN,245
2024-01-18,SOBTI_5_ET,ASIA_AFTERNOON_LIT,2024-01-18T06:30:00+00:00,2024-01-18T08:30:00+00:00,2024-01-17,1,2024,0,DOWN,0.4362150277991427,DOWN,245
2024-01-19,SOBTI_5_ET,ASIA_AFTERNOON_LIT,2024-01-19T06:30:00+00:00,2024-01-19T08:30:00+00:00,2024-01-18,1,2024,1,UP,0.49144070884591035,DOWN,250
2024-01-22,SOBTI_5_ET,ASIA_AFTERNOON_LIT,2024-01-22T06:30:00+00:00,2024-01-22T08:30:00+00:00,2024-01-19,3,2024,1,UP,0.4444912738457257,DOWN,250
2024-01-23,SOBTI_5_ET,ASIA_AFTERNOON_LIT,2024-01-23T06:30:00+00:00,2024-01-23T08:30:00+00:00,2024-01-22,1,2024,0,DOWN,0.48367071841948617,DOWN,250
2024-01-24,SOBTI_5_ET,ASIA_AFTERNOON_LIT,2024-01-24T06:30:00+00:00,2024-01-24T08:30:00+00:00,2024-01-23,1,2024,1,UP,0.48120538483911446,DOWN,250
2024-01-25,SOBTI_5_ET,ASIA_AFTERNOON_LIT,2024-01-25T06:30:00+00:00,2024-01-25T08:30:00+00:00,2024-01-24,1,2024,0,DOWN,0.5948590453418128,UP,250
2024-01-26,SOBTI_5_ET,ASIA_AFTERNOON_LIT,2024-01-26T06:30:00+00:00,2024-01-26T08:30:00+00:00,2024-01-25,1,2024,0,DOWN,0.6095870444403962,UP,255
2024-01-29,SOBTI_5_ET,ASIA_AFTERNOON_LIT,2024-01-29T06:30:00+00:00,2024-01-29T08:30:00+00:00,2024-01-26,3,2024,1,UP,0.5577829756952674,UP,255
2024-01-30,SOBTI_5_ET,ASIA_AFTERNOON_LIT,2024-01-30T06:30:00+00:00,2024-01-30T08:30:00+00:00,2024-01-29,1,2024,1,UP,0.5985157410039316,UP,255
2024-01-31,SOBTI_5_ET,ASIA_AFTERNOON_LIT,2024-01-31T06:30:00+00:00,2024-01-31T08:30:00+00:00,2024-01-30,1,2024,1,UP,0.5538069759669623,UP,255
2024-02-01,SOBTI_5_ET,ASIA_AFTERNOON_LIT,2024-02-01T06:30:00+00:00,2024-02-01T08:30:00+00:00,2024-01-31,1,2024,0,DOWN,0.5674772058457519,UP,255
2024-02-02,SOBTI_5_ET,ASIA_AFTERNOON_LIT,2024-02-02T06:30:00+00:00,2024-02-02T08:30:00+00:00,2024-02-01,1,2024,0,DOWN,0.5922835955026233,UP,260
2024-02-05,SOBTI_5_ET,ASIA_AFTERNOON_LIT,2024-02-05T06:30:00+00:00,2024-02-05T08:30:00+00:00,2024-02-02,3,2024,0,DOWN,0.6143685130265721,UP,260
2024-02-06,SOBTI_5_ET,ASIA_AFTERNOON_LIT,2024-02-06T06:30:00+00:00,2024-02-06T08:30:00+00:00,2024-02-05,1,2024,0,DOWN,0.5391023045023079,UP,260
2024-02-07,SOBTI_5_ET,ASIA_AFTERNOON_LIT,2024-02-07T06:30:00+00:00,2024-02-07T08:30:00+00:00,2024-02-06,1,2024,1,UP,0.46597851525877765,DOWN,260
2024-02-08,SOBTI_5_ET,ASIA_AFTERNOON_LIT,2024-02-08T06:30:00+00:00,2024-02-08T08:30:00+00:00,2024-02-07,1,2024,0,DOWN,0.5080250259535508,UP,260
2024-02-09,SOBTI_5_ET,ASIA_AFTERNOON_LIT,2024-02-09T06:30:00+00:00,2024-02-09T08:30:00+00:00,2024-02-08,1,2024,0,DOWN,0.4278409994409085,DOWN,265
2024-02-19,SOBTI_5_ET,ASIA_AFTERNOON_LIT,2024-02-19T06:30:00+00:00,2024-02-19T08:30:00+00:00,2024-02-16,3,2024,0,DOWN,0.644202595579283,UP,265
2024-02-20,SOBTI_5_ET,ASIA_AFTERNOON_LIT,2024-02-20T06:30:00+00:00,2024-02-20T08:30:00+00:00,2024-02-19,1,2024,1,UP,0.5462577504766031,UP,265
2024-02-21,SOBTI_5_ET,ASIA_AFTERNOON_LIT,2024-02-21T06:30:00+00:00,2024-02-21T08:30:00+00:00,2024-02-20,1,2024,0,DOWN,0.49657336307023875,DOWN,265
2024-02-22,SOBTI_5_ET,ASIA_AFTERNOON_LIT,2024-02-22T06:30:00+00:00,2024-02-22T08:30:00+00:00,2024-02-21,1,2024,1,UP,0.5737754918463964,UP,265
2024-02-23,SOBTI_5_ET,ASIA_AFTERNOON_LIT,2024-02-23T06:30:00+00:00,2024-02-23T08:30:00+00:00,2024-02-22,1,2024,1,UP,0.5230013076065253,UP,270
2024-02-26,SOBTI_5_ET,ASIA_AFTERNOON_LIT,2024-02-26T06:30:00+00:00,2024-02-26T08:30:00+00:00,2024-02-23,3,2024,1,UP,0.5183662246006059,UP,270
2024-02-27,SOBTI_5_ET,ASIA_AFTERNOON_LIT,2024-02-27T06:30:00+00:00,2024-02-27T08:30:00+00:00,2024-02-26,1,2024,1,UP,0.4387272366906351,DOWN,270
2024-02-28,SOBTI_5_ET,ASIA_AFTERNOON_LIT,2024-02-28T06:30:00+00:00,2024-02-28T08:30:00+00:00,2024-02-27,1,2024,0,DOWN,0.4442786674343224,DOWN,270
2024-02-29,SOBTI_5_ET,ASIA_AFTERNOON_LIT,2024-02-29T06:30:00+00:00,2024-02-29T08:30:00+00:00,2024-02-28,1,2024,1,UP,0.4050759138850751,DOWN,270
2024-03-01,SOBTI_5_ET,ASIA_AFTERNOON_LIT,2024-03-01T06:30:00+00:00,2024-03-01T08:30:00+00:00,2024-02-29,1,2024,0,DOWN,0.46741289013559467,DOWN,275
2024-03-04,SOBTI_5_ET,ASIA_AFTERNOON_LIT,2024-03-04T06:30:00+00:00,2024-03-04T08:30:00+00:00,2024-03-01,3,2024,1,UP,0.47614689862044257,DOWN,275
2024-03-05,SOBTI_5_ET,ASIA_AFTERNOON_LIT,2024-03-05T06:30:00+00:00,2024-03-05T08:30:00+00:00,2024-03-04,1,2024,1,UP,0.3963623716620852,DOWN,275
2024-03-06,SOBTI_5_ET,ASIA_AFTERNOON_LIT,2024-03-06T06:30:00+00:00,2024-03-06T08:30:00+00:00,2024-03-05,1,2024,1,UP,0.38978834418006547,DOWN,275
2024-03-07,SOBTI_5_ET,ASIA_AFTERNOON_LIT,2024-03-07T06:30:00+00:00,2024-03-07T08:30:00+00:00,2024-03-06,1,2024,1,UP,0.41175895932395107,DOWN,275
2024-03-08,SOBTI_5_ET,ASIA_AFTERNOON_LIT,2024-03-08T06:30:00+00:00,2024-03-08T08:30:00+00:00,2024-03-07,1,2024,1,UP,0.474523971727305,DOWN,280
2024-03-11,SOBTI_5_ET,ASIA_AFTERNOON_LIT,2024-03-11T05:30:00+00:00,2024-03-11T07:30:00+00:00,2024-03-08,3,2024,0,DOWN,0.47953817745182786,DOWN,280
2024-03-12,SOBTI_5_ET,ASIA_AFTERNOON_LIT,2024-03-12T05:30:00+00:00,2024-03-12T07:30:00+00:00,2024-03-11,1,2024,0,DOWN,0.4269384091733504,DOWN,280
2024-03-13,SOBTI_5_ET,ASIA_AFTERNOON_LIT,2024-03-13T05:30:00+00:00,2024-03-13T07:30:00+00:00,2024-03-12,1,2024,1,UP,0.36930408230666967,DOWN,280
2024-03-14,SOBTI_5_ET,ASIA_AFTERNOON_LIT,2024-03-14T05:30:00+00:00,2024-03-14T07:30:00+00:00,2024-03-13,1,2024,0,DOWN,0.38653095711977625,DOWN,280
2024-03-15,SOBTI_5_ET,ASIA_AFTERNOON_LIT,2024-03-15T05:30:00+00:00,2024-03-15T07:30:00+00:00,2024-03-14,1,2024,1,UP,0.3188967144245884,DOWN,285
2024-03-18,SOBTI_5_ET,ASIA_AFTERNOON_LIT,2024-03-18T05:30:00+00:00,2024-03-18T07:30:00+00:00,2024-03-15,3,2024,1,UP,0.33705684514219947,DOWN,285
2024-03-19,SOBTI_5_ET,ASIA_AFTERNOON_LIT,2024-03-19T05:30:00+00:00,2024-03-19T07:30:00+00:00,2024-03-18,1,2024,0,DOWN,0.33910548274452657,DOWN,285
2024-03-20,SOBTI_5_ET,ASIA_AFTERNOON_LIT,2024-03-20T05:30:00+00:00,2024-03-20T07:30:00+00:00,2024-03-19,1,2024,1,UP,0.451360365181596,DOWN,285
2024-03-21,SOBTI_5_ET,ASIA_AFTERNOON_LIT,2024-03-21T05:30:00+00:00,2024-03-21T07:30:00+00:00,2024-03-20,1,2024,1,UP,0.42884599470007845,DOWN,285
2024-03-22,SOBTI_5_ET,ASIA_AFTERNOON_LIT,2024-03-22T05:30:00+00:00,2024-03-22T07:30:00+00:00,2024-03-21,1,2024,0,DOWN,0.5392508097501482,UP,290
2024-03-25,SOBTI_5_ET,ASIA_AFTERNOON_LIT,2024-03-25T05:30:00+00:00,2024-03-25T07:30:00+00:00,2024-03-22,3,2024,0,DOWN,0.4165040016647256,DOWN,290
2024-03-26,SOBTI_5_ET,ASIA_AFTERNOON_LIT,2024-03-26T05:30:00+00:00,2024-03-26T07:30:00+00:00,2024-03-25,1,2024,0,DOWN,0.5603937499428048,UP,290
2024-03-27,SOBTI_5_ET,ASIA_AFTERNOON_LIT,2024-03-27T05:30:00+00:00,2024-03-27T07:30:00+00:00,2024-03-26,1,2024,1,UP,0.6700780942171906,UP,290
2024-03-28,SOBTI_5_ET,ASIA_AFTERNOON_LIT,2024-03-28T05:30:00+00:00,2024-03-28T07:30:00+00:00,2024-03-27,1,2024,0,DOWN,0.5849427125806754,UP,290
2024-04-01,SOBTI_5_ET,ASIA_AFTERNOON_LIT,2024-04-01T05:30:00+00:00,2024-04-01T07:30:00+00:00,2024-03-28,4,2024,1,UP,0.45670825308222146,DOWN,295
2024-04-02,SOBTI_5_ET,ASIA_AFTERNOON_LIT,2024-04-02T05:30:00+00:00,2024-04-02T07:30:00+00:00,2024-03-28,5,2024,0,DOWN,0.45670825308222146,DOWN,295
2024-04-03,SOBTI_5_ET,ASIA_AFTERNOON_LIT,2024-04-03T05:30:00+00:00,2024-04-03T07:30:00+00:00,2024-04-02,1,2024,0,DOWN,0.5119331179456553,UP,295
2024-04-08,SOBTI_5_ET,ASIA_AFTERNOON_LIT,2024-04-08T05:30:00+00:00,2024-04-08T07:30:00+00:00,2024-04-05,3,2024,0,DOWN,0.5192308984466215,UP,295
2024-04-09,SOBTI_5_ET,ASIA_AFTERNOON_LIT,2024-04-09T05:30:00+00:00,2024-04-09T07:30:00+00:00,2024-04-08,1,2024,1,UP,0.5706833046969941,UP,295
2024-04-10,SOBTI_5_ET,ASIA_AFTERNOON_LIT,2024-04-10T05:30:00+00:00,2024-04-10T07:30:00+00:00,2024-04-09,1,2024,0,DOWN,0.4199744181543631,DOWN,300
2024-04-11,SOBTI_5_ET,ASIA_AFTERNOON_LIT,2024-04-11T05:30:00+00:00,2024-04-11T07:30:00+00:00,2024-04-10,1,2024,0,DOWN,0.3936588995966983,DOWN,300
2024-04-12,SOBTI_5_ET,ASIA_AFTERNOON_LIT,2024-04-12T05:30:00+00:00,2024-04-12T07:30:00+00:00,2024-04-11,1,2024,1,UP,0.48322453549340005,DOWN,300
2024-04-15,SOBTI_5_ET,ASIA_AFTERNOON_LIT,2024-04-15T05:30:00+00:00,2024-04-15T07:30:00+00:00,2024-04-12,3,2024,0,DOWN,0.588869645776472,UP,300
2024-04-16,SOBTI_5_ET,ASIA_AFTERNOON_LIT,2024-04-16T05:30:00+00:00,2024-04-16T07:30:00+00:00,2024-04-15,1,2024,0,DOWN,0.46462395661767836,DOWN,300
2024-04-17,SOBTI_5_ET,ASIA_AFTERNOON_LIT,2024-04-17T05:30:00+00:00,2024-04-17T07:30:00+00:00,2024-04-16,1,2024,1,UP,0.3869616329772034,DOWN,305
2024-04-18,SOBTI_5_ET,ASIA_AFTERNOON_LIT,2024-04-18T05:30:00+00:00,2024-04-18T07:30:00+00:00,2024-04-17,1,2024,1,UP,0.42882632062935233,DOWN,305
2024-04-19,SOBTI_5_ET,ASIA_AFTERNOON_LIT,2024-04-19T05:30:00+00:00,2024-04-19T07:30:00+00:00,2024-04-18,1,2024,1,UP,0.3607811509050702,DOWN,305
2024-04-22,SOBTI_5_ET,ASIA_AFTERNOON_LIT,2024-04-22T05:30:00+00:00,2024-04-22T07:30:00+00:00,2024-04-19,3,2024,0,DOWN,0.2805799184278992,DOWN,305
2024-04-23,SOBTI_5_ET,ASIA_AFTERNOON_LIT,2024-04-23T05:30:00+00:00,2024-04-23T07:30:00+00:00,2024-04-22,1,2024,0,DOWN,0.43371513057320416,DOWN,305
2024-04-24,SOBTI_5_ET,ASIA_AFTERNOON_LIT,2024-04-24T05:30:00+00:00,2024-04-24T07:30:00+00:00,2024-04-23,1,2024,0,DOWN,0.4510020278350351,DOWN,310
2024-04-25,SOBTI_5_ET,ASIA_AFTERNOON_LIT,2024-04-25T05:30:00+00:00,2024-04-25T07:30:00+00:00,2024-04-24,1,2024,1,UP,0.5747014028650328,UP,310
2024-04-26,SOBTI_5_ET,ASIA_AFTERNOON_LIT,2024-04-26T05:30:00+00:00,2024-04-26T07:30:00+00:00,2024-04-25,1,2024,1,UP,0.5719541239807789,UP,310
2024-04-29,SOBTI_5_ET,ASIA_AFTERNOON_LIT,2024-04-29T05:30:00+00:00,2024-04-29T07:30:00+00:00,2024-04-26,3,2024,0,DOWN,0.5336747206585661,UP,310
2024-04-30,SOBTI_5_ET,ASIA_AFTERNOON_LIT,2024-04-30T05:30:00+00:00,2024-04-30T07:30:00+00:00,2024-04-29,1,2024,0,DOWN,0.4819085049518341,DOWN,310
2024-05-06,SOBTI_5_ET,ASIA_AFTERNOON_LIT,2024-05-06T05:30:00+00:00,2024-05-06T07:30:00+00:00,2024-05-03,3,2024,1,UP,0.6113727619781789,UP,315
2024-05-07,SOBTI_5_ET,ASIA_AFTERNOON_LIT,2024-05-07T05:30:00+00:00,2024-05-07T07:30:00+00:00,2024-05-03,4,2024,0,DOWN,0.6113727619781789,UP,315
2024-05-08,SOBTI_5_ET,ASIA_AFTERNOON_LIT,2024-05-08T05:30:00+00:00,2024-05-08T07:30:00+00:00,2024-05-07,1,2024,0,DOWN,0.6182276452082958,UP,315
2024-05-09,SOBTI_5_ET,ASIA_AFTERNOON_LIT,2024-05-09T05:30:00+00:00,2024-05-09T07:30:00+00:00,2024-05-08,1,2024,0,DOWN,0.44169537571443396,DOWN,315
2024-05-10,SOBTI_5_ET,ASIA_AFTERNOON_LIT,2024-05-10T05:30:00+00:00,2024-05-10T07:30:00+00:00,2024-05-09,1,2024,1,UP,0.5609383700124035,UP,315
2024-05-13,SOBTI_5_ET,ASIA_AFTERNOON_LIT,2024-05-13T05:30:00+00:00,2024-05-13T07:30:00+00:00,2024-05-10,3,2024,0,DOWN,0.6258329201105226,UP,320
2024-05-14,SOBTI_5_ET,ASIA_AFTERNOON_LIT,2024-05-14T05:30:00+00:00,2024-05-14T07:30:00+00:00,2024-05-13,1,2024,0,DOWN,0.4193820431342945,DOWN,320
2024-05-15,SOBTI_5_ET,ASIA_AFTERNOON_LIT,2024-05-15T05:30:00+00:00,2024-05-15T07:30:00+00:00,2024-05-14,1,2024,1,UP,0.53038048854841,UP,320
2024-05-16,SOBTI_5_ET,ASIA_AFTERNOON_LIT,2024-05-16T05:30:00+00:00,2024-05-16T07:30:00+00:00,2024-05-15,1,2024,0,DOWN,0.5300318677241567,UP,320
2024-05-17,SOBTI_5_ET,ASIA_AFTERNOON_LIT,2024-05-17T05:30:00+00:00,2024-05-17T07:30:00+00:00,2024-05-16,1,2024,1,UP,0.4307303308197649,DOWN,320
2024-05-20,SOBTI_5_ET,ASIA_AFTERNOON_LIT,2024-05-20T05:30:00+00:00,2024-05-20T07:30:00+00:00,2024-05-17,3,2024,0,DOWN,0.4158349043454766,DOWN,325
2024-05-21,SOBTI_5_ET,ASIA_AFTERNOON_LIT,2024-05-21T05:30:00+00:00,2024-05-21T07:30:00+00:00,2024-05-20,1,2024,1,UP,0.45556679809765616,DOWN,325
2024-05-22,SOBTI_5_ET,ASIA_AFTERNOON_LIT,2024-05-22T05:30:00+00:00,2024-05-22T07:30:00+00:00,2024-05-21,1,2024,0,DOWN,0.43550826991709496,DOWN,325
2024-05-23,SOBTI_5_ET,ASIA_AFTERNOON_LIT,2024-05-23T05:30:00+00:00,2024-05-23T07:30:00+00:00,2024-05-22,1,2024,0,DOWN,0.2757839184424151,DOWN,325
2024-05-24,SOBTI_5_ET,ASIA_AFTERNOON_LIT,2024-05-24T05:30:00+00:00,2024-05-24T07:30:00+00:00,2024-05-23,1,2024,1,UP,0.3482111932298836,DOWN,325
2024-05-27,SOBTI_5_ET,ASIA_AFTERNOON_LIT,2024-05-27T05:30:00+00:00,2024-05-27T07:30:00+00:00,2024-05-24,3,2024,0,DOWN,0.48301844791619286,DOWN,330
2024-05-28,SOBTI_5_ET,ASIA_AFTERNOON_LIT,2024-05-28T05:30:00+00:00,2024-05-28T07:30:00+00:00,2024-05-24,4,2024,0,DOWN,0.48301844791619286,DOWN,330
2024-05-29,SOBTI_5_ET,ASIA_AFTERNOON_LIT,2024-05-29T05:30:00+00:00,2024-05-29T07:30:00+00:00,2024-05-28,1,2024,0,DOWN,0.3850145794880737,DOWN,330
2024-05-30,SOBTI_5_ET,ASIA_AFTERNOON_LIT,2024-05-30T05:30:00+00:00,2024-05-30T07:30:00+00:00,2024-05-29,1,2024,1,UP,0.4482688185661977,DOWN,330
2024-05-31,SOBTI_5_ET,ASIA_AFTERNOON_LIT,2024-05-31T05:30:00+00:00,2024-05-31T07:30:00+00:00,2024-05-30,1,2024,1,UP,0.4317849632275068,DOWN,330
2024-06-03,SOBTI_5_ET,ASIA_AFTERNOON_LIT,2024-06-03T05:30:00+00:00,2024-06-03T07:30:00+00:00,2024-05-31,3,2024,1,UP,0.5736030183341367,UP,335
2024-06-04,SOBTI_5_ET,ASIA_AFTERNOON_LIT,2024-06-04T05:30:00+00:00,2024-06-04T07:30:00+00:00,2024-06-03,1,2024,0,DOWN,0.5182300710744646,UP,335
2024-06-05,SOBTI_5_ET,ASIA_AFTERNOON_LIT,2024-06-05T05:30:00+00:00,2024-06-05T07:30:00+00:00,2024-06-04,1,2024,0,DOWN,0.6152153903776103,UP,335
2024-06-06,SOBTI_5_ET,ASIA_AFTERNOON_LIT,2024-06-06T05:30:00+00:00,2024-06-06T07:30:00+00:00,2024-06-05,1,2024,0,DOWN,0.5174031388540945,UP,335
2024-06-07,SOBTI_5_ET,ASIA_AFTERNOON_LIT,2024-06-07T05:30:00+00:00,2024-06-07T07:30:00+00:00,2024-06-06,1,2024,0,DOWN,0.4960339790250723,DOWN,335
2024-06-11,SOBTI_5_ET,ASIA_AFTERNOON_LIT,2024-06-11T05:30:00+00:00,2024-06-11T07:30:00+00:00,2024-06-10,1,2024,1,UP,0.39613385406808077,DOWN,340
2024-06-12,SOBTI_5_ET,ASIA_AFTERNOON_LIT,2024-06-12T05:30:00+00:00,2024-06-12T07:30:00+00:00,2024-06-11,1,2024,0,DOWN,0.5734774119225692,UP,340
2024-06-13,SOBTI_5_ET,ASIA_AFTERNOON_LIT,2024-06-13T05:30:00+00:00,2024-06-13T07:30:00+00:00,2024-06-12,1,2024,1,UP,0.5310936233810428,UP,340
2024-06-14,SOBTI_5_ET,ASIA_AFTERNOON_LIT,2024-06-14T05:30:00+00:00,2024-06-14T07:30:00+00:00,2024-06-13,1,2024,1,UP,0.45156774198899413,DOWN,340
2024-06-17,SOBTI_5_ET,ASIA_AFTERNOON_LIT,2024-06-17T05:30:00+00:00,2024-06-17T07:30:00+00:00,2024-06-14,3,2024,0,DOWN,0.4636084012158455,DOWN,340
2024-06-18,SOBTI_5_ET,ASIA_AFTERNOON_LIT,2024-06-18T05:30:00+00:00,2024-06-18T07:30:00+00:00,2024-06-17,1,2024,0,DOWN,0.5487646637755743,UP,345
2024-06-19,SOBTI_5_ET,ASIA_AFTERNOON_LIT,2024-06-19T05:30:00+00:00,2024-06-19T07:30:00+00:00,2024-06-18,1,2024,1,UP,0.5481406163959678,UP,345
2024-06-20,SOBTI_5_ET,ASIA_AFTERNOON_LIT,2024-06-20T05:30:00+00:00,2024-06-20T07:30:00+00:00,2024-06-19,1,2024,1,UP,0.6237236150742053,UP,345
2024-06-21,SOBTI_5_ET,ASIA_AFTERNOON_LIT,2024-06-21T05:30:00+00:00,2024-06-21T07:30:00+00:00,2024-06-20,1,2024,0,DOWN,0.6138035418553655,UP,345
2024-06-24,SOBTI_5_ET,ASIA_AFTERNOON_LIT,2024-06-24T05:30:00+00:00,2024-06-24T07:30:00+00:00,2024-06-21,3,2024,1,UP,0.6131002290125421,UP,345
2024-06-25,SOBTI_5_ET,ASIA_AFTERNOON_LIT,2024-06-25T05:30:00+00:00,2024-06-25T07:30:00+00:00,2024-06-24,1,2024,0,DOWN,0.4969670737038241,DOWN,350
2024-06-26,SOBTI_5_ET,ASIA_AFTERNOON_LIT,2024-06-26T05:30:00+00:00,2024-06-26T07:30:00+00:00,2024-06-25,1,2024,0,DOWN,0.572210039211851,UP,350
2024-06-27,SOBTI_5_ET,ASIA_AFTERNOON_LIT,2024-06-27T05:30:00+00:00,2024-06-27T07:30:00+00:00,2024-06-26,1,2024,1,UP,0.5695993818170104,UP,350
2024-06-28,SOBTI_5_ET,ASIA_AFTERNOON_LIT,2024-06-28T05:30:00+00:00,2024-06-28T07:30:00+00:00,2024-06-27,1,2024,1,UP,0.5237856075067894,UP,350
2024-07-01,SOBTI_5_ET,ASIA_AFTERNOON_LIT,2024-07-01T05:30:00+00:00,2024-07-01T07:30:00+00:00,2024-06-28,3,2024,1,UP,0.5719051254436917,UP,350
2024-07-02,SOBTI_5_ET,ASIA_AFTERNOON_LIT,2024-07-02T05:30:00+00:00,2024-07-02T07:30:00+00:00,2024-07-01,1,2024,0,DOWN,0.48167743980979744,DOWN,355
2024-07-03,SOBTI_5_ET,ASIA_AFTERNOON_LIT,2024-07-03T05:30:00+00:00,2024-07-03T07:30:00+00:00,2024-07-02,1,2024,1,UP,0.4824836249789156,DOWN,355
2024-07-04,SOBTI_5_ET,ASIA_AFTERNOON_LIT,2024-07-04T05:30:00+00:00,2024-07-04T07:30:00+00:00,2024-07-03,1,2024,0,DOWN,0.46506234115871153,DOWN,355
2024-07-05,SOBTI_5_ET,ASIA_AFTERNOON_LIT,2024-07-05T05:30:00+00:00,2024-07-05T07:30:00+00:00,2024-07-04,1,2024,1,UP,0.46373716099274276,DOWN,355
2024-07-08,SOBTI_5_ET,ASIA_AFTERNOON_LIT,2024-07-08T05:30:00+00:00,2024-07-08T07:30:00+00:00,2024-07-05,3,2024,0,DOWN,0.4625242853421005,DOWN,355
2024-07-09,SOBTI_5_ET,ASIA_AFTERNOON_LIT,2024-07-09T05:30:00+00:00,2024-07-09T07:30:00+00:00,2024-07-08,1,2024,0,DOWN,0.4761730749102198,DOWN,360
2024-07-10,SOBTI_5_ET,ASIA_AFTERNOON_LIT,2024-07-10T05:30:00+00:00,2024-07-10T07:30:00+00:00,2024-07-09,1,2024,1,UP,0.5003944463980619,UP,360
2024-07-11,SOBTI_5_ET,ASIA_AFTERNOON_LIT,2024-07-11T05:30:00+00:00,2024-07-11T07:30:00+00:00,2024-07-10,1,2024,0,DOWN,0.4800429214603653,DOWN,360
2024-07-12,SOBTI_5_ET,ASIA_AFTERNOON_LIT,2024-07-12T05:30:00+00:00,2024-07-12T07:30:00+00:00,2024-07-11,1,2024,0,DOWN,0.41072344757153534,DOWN,360
2024-07-15,SOBTI_5_ET,ASIA_AFTERNOON_LIT,2024-07-15T05:30:00+00:00,2024-07-15T07:30:00+00:00,2024-07-12,3,2024,0,DOWN,0.3701201608766331,DOWN,360
2024-07-16,SOBTI_5_ET,ASIA_AFTERNOON_LIT,2024-07-16T05:30:00+00:00,2024-07-16T07:30:00+00:00,2024-07-15,1,2024,1,UP,0.32123328833970993,DOWN,365
2024-07-17,SOBTI_5_ET,ASIA_AFTERNOON_LIT,2024-07-17T05:30:00+00:00,2024-07-17T07:30:00+00:00,2024-07-16,1,2024,0,DOWN,0.3706597151774762,DOWN,365
2024-07-18,SOBTI_5_ET,ASIA_AFTERNOON_LIT,2024-07-18T05:30:00+00:00,2024-07-18T07:30:00+00:00,2024-07-17,1,2024,1,UP,0.35043482807369913,DOWN,365
2024-07-19,SOBTI_5_ET,ASIA_AFTERNOON_LIT,2024-07-19T05:30:00+00:00,2024-07-19T07:30:00+00:00,2024-07-18,1,2024,0,DOWN,0.37638943911219985,DOWN,365
2024-07-22,SOBTI_5_ET,ASIA_AFTERNOON_LIT,2024-07-22T05:30:00+00:00,2024-07-22T07:30:00+00:00,2024-07-19,3,2024,0,DOWN,0.37361082147675584,DOWN,365
2024-07-23,SOBTI_5_ET,ASIA_AFTERNOON_LIT,2024-07-23T05:30:00+00:00,2024-07-23T07:30:00+00:00,2024-07-22,1,2024,0,DOWN,0.4318105794033437,DOWN,370
2024-07-24,SOBTI_5_ET,ASIA_AFTERNOON_LIT,2024-07-24T05:30:00+00:00,2024-07-24T07:30:00+00:00,2024-07-23,1,2024,1,UP,0.5520082783805662,UP,370
2024-07-25,SOBTI_5_ET,ASIA_AFTERNOON_LIT,2024-07-25T05:30:00+00:00,2024-07-25T07:30:00+00:00,2024-07-24,1,2024,1,UP,0.4094187250939002,DOWN,370
2024-07-26,SOBTI_5_ET,ASIA_AFTERNOON_LIT,2024-07-26T05:30:00+00:00,2024-07-26T07:30:00+00:00,2024-07-25,1,2024,0,DOWN,0.40974319104581736,DOWN,370
2024-07-29,SOBTI_5_ET,ASIA_AFTERNOON_LIT,2024-07-29T05:30:00+00:00,2024-07-29T07:30:00+00:00,2024-07-26,3,2024,0,DOWN,0.5815413019127633,UP,370
2024-07-30,SOBTI_5_ET,ASIA_AFTERNOON_LIT,2024-07-30T05:30:00+00:00,2024-07-30T07:30:00+00:00,2024-07-29,1,2024,1,UP,0.5476355146513808,UP,375
2024-07-31,SOBTI_5_ET,ASIA_AFTERNOON_LIT,2024-07-31T05:30:00+00:00,2024-07-31T07:30:00+00:00,2024-07-30,1,2024,0,DOWN,0.4929379333430085,DOWN,375
2024-08-01,SOBTI_5_ET,ASIA_AFTERNOON_LIT,2024-08-01T05:30:00+00:00,2024-08-01T07:30:00+00:00,2024-07-31,1,2024,0,DOWN,0.5205854636372282,UP,375
2024-08-02,SOBTI_5_ET,ASIA_AFTERNOON_LIT,2024-08-02T05:30:00+00:00,2024-08-02T07:30:00+00:00,2024-08-01,1,2024,1,UP,0.5258220073561312,UP,375
2024-08-05,SOBTI_5_ET,ASIA_AFTERNOON_LIT,2024-08-05T05:30:00+00:00,2024-08-05T07:30:00+00:00,2024-08-02,3,2024,0,DOWN,0.513559315376978,UP,375
2024-08-06,SOBTI_5_ET,ASIA_AFTERNOON_LIT,2024-08-06T05:30:00+00:00,2024-08-06T07:30:00+00:00,2024-08-05,1,2024,0,DOWN,0.4024112270923846,DOWN,380
2024-08-07,SOBTI_5_ET,ASIA_AFTERNOON_LIT,2024-08-07T05:30:00+00:00,2024-08-07T07:30:00+00:00,2024-08-06,1,2024,0,DOWN,0.4169792411850661,DOWN,380
2024-08-08,SOBTI_5_ET,ASIA_AFTERNOON_LIT,2024-08-08T05:30:00+00:00,2024-08-08T07:30:00+00:00,2024-08-07,1,2024,1,UP,0.4164241767336816,DOWN,380
2024-08-09,SOBTI_5_ET,ASIA_AFTERNOON_LIT,2024-08-09T05:30:00+00:00,2024-08-09T07:30:00+00:00,2024-08-08,1,2024,1,UP,0.4010202235854557,DOWN,380
2024-08-12,SOBTI_5_ET,ASIA_AFTERNOON_LIT,2024-08-12T05:30:00+00:00,2024-08-12T07:30:00+00:00,2024-08-09,3,2024,1,UP,0.40368836300113353,DOWN,380
2024-08-13,SOBTI_5_ET,ASIA_AFTERNOON_LIT,2024-08-13T05:30:00+00:00,2024-08-13T07:30:00+00:00,2024-08-12,1,2024,1,UP,0.4894891969548407,DOWN,385
2024-08-14,SOBTI_5_ET,ASIA_AFTERNOON_LIT,2024-08-14T05:30:00+00:00,2024-08-14T07:30:00+00:00,2024-08-13,1,2024,1,UP,0.4716950779246921,DOWN,385
2024-08-15,SOBTI_5_ET,ASIA_AFTERNOON_LIT,2024-08-15T05:30:00+00:00,2024-08-15T07:30:00+00:00,2024-08-14,1,2024,1,UP,0.4355413014181084,DOWN,385
2024-08-16,SOBTI_5_ET,ASIA_AFTERNOON_LIT,2024-08-16T05:30:00+00:00,2024-08-16T07:30:00+00:00,2024-08-15,1,2024,0,DOWN,0.46680785224861837,DOWN,385
2024-08-19,SOBTI_5_ET,ASIA_AFTERNOON_LIT,2024-08-19T05:30:00+00:00,2024-08-19T07:30:00+00:00,2024-08-16,3,2024,1,UP,0.5304582191529466,UP,385
2024-08-20,SOBTI_5_ET,ASIA_AFTERNOON_LIT,2024-08-20T05:30:00+00:00,2024-08-20T07:30:00+00:00,2024-08-19,1,2024,1,UP,0.5604326763951643,UP,390
2024-08-21,SOBTI_5_ET,ASIA_AFTERNOON_LIT,2024-08-21T05:30:00+00:00,2024-08-21T07:30:00+00:00,2024-08-20,1,2024,0,DOWN,0.4855685375529433,DOWN,390
2024-08-22,SOBTI_5_ET,ASIA_AFTERNOON_LIT,2024-08-22T05:30:00+00:00,2024-08-22T07:30:00+00:00,2024-08-21,1,2024,1,UP,0.4237974844270951,DOWN,390
2024-08-23,SOBTI_5_ET,ASIA_AFTERNOON_LIT,2024-08-23T05:30:00+00:00,2024-08-23T07:30:00+00:00,2024-08-22,1,2024,0,DOWN,0.4880391001677146,DOWN,390
2024-08-26,SOBTI_5_ET,ASIA_AFTERNOON_LIT,2024-08-26T05:30:00+00:00,2024-08-26T07:30:00+00:00,2024-08-23,3,2024,1,UP,0.4949521413900145,DOWN,390
2024-08-27,SOBTI_5_ET,ASIA_AFTERNOON_LIT,2024-08-27T05:30:00+00:00,2024-08-27T07:30:00+00:00,2024-08-23,4,2024,1,UP,0.502797682151587,UP,395
2024-08-28,SOBTI_5_ET,ASIA_AFTERNOON_LIT,2024-08-28T05:30:00+00:00,2024-08-28T07:30:00+00:00,2024-08-27,1,2024,1,UP,0.5195554983643585,UP,395
2024-08-29,SOBTI_5_ET,ASIA_AFTERNOON_LIT,2024-08-29T05:30:00+00:00,2024-08-29T07:30:00+00:00,2024-08-28,1,2024,1,UP,0.493443057121739,DOWN,395
2024-08-30,SOBTI_5_ET,ASIA_AFTERNOON_LIT,2024-08-30T05:30:00+00:00,2024-08-30T07:30:00+00:00,2024-08-29,1,2024,1,UP,0.4943489790175218,DOWN,395
2024-09-02,SOBTI_5_ET,ASIA_AFTERNOON_LIT,2024-09-02T05:30:00+00:00,2024-09-02T07:30:00+00:00,2024-08-30,3,2024,1,UP,0.4646729052616323,DOWN,395
2024-09-03,SOBTI_5_ET,ASIA_AFTERNOON_LIT,2024-09-03T05:30:00+00:00,2024-09-03T07:30:00+00:00,2024-09-02,1,2024,1,UP,0.44586438609165996,DOWN,400
2024-09-04,SOBTI_5_ET,ASIA_AFTERNOON_LIT,2024-09-04T05:30:00+00:00,2024-09-04T07:30:00+00:00,2024-09-03,1,2024,0,DOWN,0.48263845852794596,DOWN,400
2024-09-05,SOBTI_5_ET,ASIA_AFTERNOON_LIT,2024-09-05T05:30:00+00:00,2024-09-05T07:30:00+00:00,2024-09-04,1,2024,1,UP,0.47245730607448944,DOWN,400
2024-09-06,SOBTI_5_ET,ASIA_AFTERNOON_LIT,2024-09-06T05:30:00+00:00,2024-09-06T07:30:00+00:00,2024-09-05,1,2024,0,DOWN,0.5196925912164483,UP,400
2024-09-09,SOBTI_5_ET,ASIA_AFTERNOON_LIT,2024-09-09T05:30:00+00:00,2024-09-09T07:30:00+00:00,2024-09-06,3,2024,0,DOWN,0.4440213682612849,DOWN,400
2024-09-10,SOBTI_5_ET,ASIA_AFTERNOON_LIT,2024-09-10T05:30:00+00:00,2024-09-10T07:30:00+00:00,2024-09-09,1,2024,1,UP,0.4075161316878353,DOWN,405
2024-09-11,SOBTI_5_ET,ASIA_AFTERNOON_LIT,2024-09-11T05:30:00+00:00,2024-09-11T07:30:00+00:00,2024-09-10,1,2024,1,UP,0.5739659014696471,UP,405
2024-09-12,SOBTI_5_ET,ASIA_AFTERNOON_LIT,2024-09-12T05:30:00+00:00,2024-09-12T07:30:00+00:00,2024-09-11,1,2024,0,DOWN,0.6194777153068409,UP,405
2024-09-13,SOBTI_5_ET,ASIA_AFTERNOON_LIT,2024-09-13T05:30:00+00:00,2024-09-13T07:30:00+00:00,2024-09-12,1,2024,0,DOWN,0.48019175464634417,DOWN,405
2024-09-18,SOBTI_5_ET,ASIA_AFTERNOON_LIT,2024-09-18T05:30:00+00:00,2024-09-18T07:30:00+00:00,2024-09-17,1,2024,1,UP,0.46525424727661846,DOWN,405
2024-09-19,SOBTI_5_ET,ASIA_AFTERNOON_LIT,2024-09-19T05:30:00+00:00,2024-09-19T07:30:00+00:00,2024-09-18,1,2024,1,UP,0.5468194281088468,UP,410
2024-09-20,SOBTI_5_ET,ASIA_AFTERNOON_LIT,2024-09-20T05:30:00+00:00,2024-09-20T07:30:00+00:00,2024-09-19,1,2024,1,UP,0.5624588233737723,UP,410
2024-09-23,SOBTI_5_ET,ASIA_AFTERNOON_LIT,2024-09-23T05:30:00+00:00,2024-09-23T07:30:00+00:00,2024-09-20,3,2024,0,DOWN,0.4792307171903856,DOWN,410
2024-09-24,SOBTI_5_ET,ASIA_AFTERNOON_LIT,2024-09-24T05:30:00+00:00,2024-09-24T07:30:00+00:00,2024-09-23,1,2024,0,DOWN,0.43169612053125883,DOWN,410
2024-09-25,SOBTI_5_ET,ASIA_AFTERNOON_LIT,2024-09-25T05:30:00+00:00,2024-09-25T07:30:00+00:00,2024-09-24,1,2024,0,DOWN,0.36266108689631227,DOWN,410
2024-09-26,SOBTI_5_ET,ASIA_AFTERNOON_LIT,2024-09-26T05:30:00+00:00,2024-09-26T07:30:00+00:00,2024-09-25,1,2024,0,DOWN,0.3931597906754926,DOWN,415
2024-09-27,SOBTI_5_ET,ASIA_AFTERNOON_LIT,2024-09-27T05:30:00+00:00,2024-09-27T07:30:00+00:00,2024-09-26,1,2024,0,DOWN,0.34798130589161747,DOWN,415
2024-09-30,SOBTI_5_ET,ASIA_AFTERNOON_LIT,2024-09-30T05:30:00+00:00,2024-09-30T07:30:00+00:00,2024-09-27,3,2024,1,UP,0.37017850525296153,DOWN,415
2024-10-08,SOBTI_5_ET,ASIA_AFTERNOON_LIT,2024-10-08T05:30:00+00:00,2024-10-08T07:30:00+00:00,2024-10-07,1,2024,0,DOWN,0.50334714994815,UP,415
2024-10-09,SOBTI_5_ET,ASIA_AFTERNOON_LIT,2024-10-09T05:30:00+00:00,2024-10-09T07:30:00+00:00,2024-10-08,1,2024,0,DOWN,0.4895991856364987,DOWN,415
2024-10-10,SOBTI_5_ET,ASIA_AFTERNOON_LIT,2024-10-10T05:30:00+00:00,2024-10-10T07:30:00+00:00,2024-10-09,1,2024,1,UP,0.46147648181868894,DOWN,420
2024-10-11,SOBTI_5_ET,ASIA_AFTERNOON_LIT,2024-10-11T05:30:00+00:00,2024-10-11T07:30:00+00:00,2024-10-10,1,2024,0,DOWN,0.4632773699003612,DOWN,420
2024-10-14,SOBTI_5_ET,ASIA_AFTERNOON_LIT,2024-10-14T05:30:00+00:00,2024-10-14T07:30:00+00:00,2024-10-11,3,2024,1,UP,0.44556931758379287,DOWN,420
2024-10-15,SOBTI_5_ET,ASIA_AFTERNOON_LIT,2024-10-15T05:30:00+00:00,2024-10-15T07:30:00+00:00,2024-10-14,1,2024,1,UP,0.4721565738037195,DOWN,420
2024-10-16,SOBTI_5_ET,ASIA_AFTERNOON_LIT,2024-10-16T05:30:00+00:00,2024-10-16T07:30:00+00:00,2024-10-15,1,2024,1,UP,0.49365027587349103,DOWN,420
2024-10-17,SOBTI_5_ET,ASIA_AFTERNOON_LIT,2024-10-17T05:30:00+00:00,2024-10-17T07:30:00+00:00,2024-10-16,1,2024,0,DOWN,0.5589228754981242,UP,425
2024-10-18,SOBTI_5_ET,ASIA_AFTERNOON_LIT,2024-10-18T05:30:00+00:00,2024-10-18T07:30:00+00:00,2024-10-17,1,2024,0,DOWN,0.5440181576576332,UP,425
2024-10-21,SOBTI_5_ET,ASIA_AFTERNOON_LIT,2024-10-21T05:30:00+00:00,2024-10-21T07:30:00+00:00,2024-10-18,3,2024,0,DOWN,0.5169113139667055,UP,425
2024-10-22,SOBTI_5_ET,ASIA_AFTERNOON_LIT,2024-10-22T05:30:00+00:00,2024-10-22T07:30:00+00:00,2024-10-21,1,2024,1,UP,0.4988606422774311,DOWN,425
2024-10-23,SOBTI_5_ET,ASIA_AFTERNOON_LIT,2024-10-23T05:30:00+00:00,2024-10-23T07:30:00+00:00,2024-10-22,1,2024,1,UP,0.4493663060719363,DOWN,425
2024-10-24,SOBTI_5_ET,ASIA_AFTERNOON_LIT,2024-10-24T05:30:00+00:00,2024-10-24T07:30:00+00:00,2024-10-23,1,2024,1,UP,0.5031727332188336,UP,430
2024-10-25,SOBTI_5_ET,ASIA_AFTERNOON_LIT,2024-10-25T05:30:00+00:00,2024-10-25T07:30:00+00:00,2024-10-24,1,2024,1,UP,0.5051976658996642,UP,430
2024-10-28,SOBTI_5_ET,ASIA_AFTERNOON_LIT,2024-10-28T05:30:00+00:00,2024-10-28T07:30:00+00:00,2024-10-25,3,2024,1,UP,0.5529453345729659,UP,430
2024-10-29,SOBTI_5_ET,ASIA_AFTERNOON_LIT,2024-10-29T05:30:00+00:00,2024-10-29T07:30:00+00:00,2024-10-28,1,2024,1,UP,0.5206271936789229,UP,430
2024-10-30,SOBTI_5_ET,ASIA_AFTERNOON_LIT,2024-10-30T05:30:00+00:00,2024-10-30T07:30:00+00:00,2024-10-29,1,2024,1,UP,0.46067651599122167,DOWN,430
2024-10-31,SOBTI_5_ET,ASIA_AFTERNOON_LIT,2024-10-31T05:30:00+00:00,2024-10-31T07:30:00+00:00,2024-10-30,1,2024,0,DOWN,0.44750994256211596,DOWN,435
2024-11-01,SOBTI_5_ET,ASIA_AFTERNOON_LIT,2024-11-01T05:30:00+00:00,2024-11-01T07:30:00+00:00,2024-10-31,1,2024,0,DOWN,0.372860651810463,DOWN,435
2024-11-04,SOBTI_5_ET,ASIA_AFTERNOON_LIT,2024-11-04T06:30:00+00:00,2024-11-04T08:30:00+00:00,2024-11-01,3,2024,0,DOWN,0.40928447534281315,DOWN,435
2024-11-05,SOBTI_5_ET,ASIA_AFTERNOON_LIT,2024-11-05T06:30:00+00:00,2024-11-05T08:30:00+00:00,2024-11-04,1,2024,1,UP,0.4850904422974185,DOWN,435
2024-11-06,SOBTI_5_ET,ASIA_AFTERNOON_LIT,2024-11-06T06:30:00+00:00,2024-11-06T08:30:00+00:00,2024-11-05,1,2024,1,UP,0.40389509071322505,DOWN,435
2024-11-07,SOBTI_5_ET,ASIA_AFTERNOON_LIT,2024-11-07T06:30:00+00:00,2024-11-07T08:30:00+00:00,2024-11-06,1,2024,1,UP,0.397308418989019,DOWN,440
2024-11-08,SOBTI_5_ET,ASIA_AFTERNOON_LIT,2024-11-08T06:30:00+00:00,2024-11-08T08:30:00+00:00,2024-11-07,1,2024,1,UP,0.4590305642456062,DOWN,440
2024-11-11,SOBTI_5_ET,ASIA_AFTERNOON_LIT,2024-11-11T06:30:00+00:00,2024-11-11T08:30:00+00:00,2024-11-08,3,2024,0,DOWN,0.5992803914773049,UP,440
2024-11-12,SOBTI_5_ET,ASIA_AFTERNOON_LIT,2024-11-12T06:30:00+00:00,2024-11-12T08:30:00+00:00,2024-11-11,1,2024,0,DOWN,0.549203930244106,UP,440
2024-11-13,SOBTI_5_ET,ASIA_AFTERNOON_LIT,2024-11-13T06:30:00+00:00,2024-11-13T08:30:00+00:00,2024-11-12,1,2024,0,DOWN,0.48472643041665847,DOWN,440
2024-11-14,SOBTI_5_ET,ASIA_AFTERNOON_LIT,2024-11-14T06:30:00+00:00,2024-11-14T08:30:00+00:00,2024-11-13,1,2024,0,DOWN,0.6741551242764275,UP,445
2024-11-15,SOBTI_5_ET,ASIA_AFTERNOON_LIT,2024-11-15T06:30:00+00:00,2024-11-15T08:30:00+00:00,2024-11-14,1,2024,1,UP,0.5804054162355211,UP,445
2024-11-18,SOBTI_5_ET,ASIA_AFTERNOON_LIT,2024-11-18T06:30:00+00:00,2024-11-18T08:30:00+00:00,2024-11-15,3,2024,1,UP,0.5814015860863642,UP,445
2024-11-19,SOBTI_5_ET,ASIA_AFTERNOON_LIT,2024-11-19T06:30:00+00:00,2024-11-19T08:30:00+00:00,2024-11-18,1,2024,0,DOWN,0.6077976190781499,UP,445
2024-11-20,SOBTI_5_ET,ASIA_AFTERNOON_LIT,2024-11-20T06:30:00+00:00,2024-11-20T08:30:00+00:00,2024-11-19,1,2024,0,DOWN,0.43990182819687584,DOWN,445
2024-11-21,SOBTI_5_ET,ASIA_AFTERNOON_LIT,2024-11-21T06:30:00+00:00,2024-11-21T08:30:00+00:00,2024-11-20,1,2024,1,UP,0.3733463231191771,DOWN,450
2024-11-22,SOBTI_5_ET,ASIA_AFTERNOON_LIT,2024-11-22T06:30:00+00:00,2024-11-22T08:30:00+00:00,2024-11-21,1,2024,1,UP,0.4085090124791189,DOWN,450
2024-11-25,SOBTI_5_ET,ASIA_AFTERNOON_LIT,2024-11-25T06:30:00+00:00,2024-11-25T08:30:00+00:00,2024-11-22,3,2024,1,UP,0.3522694231312013,DOWN,450
2024-11-26,SOBTI_5_ET,ASIA_AFTERNOON_LIT,2024-11-26T06:30:00+00:00,2024-11-26T08:30:00+00:00,2024-11-25,1,2024,0,DOWN,0.27502309410813713,DOWN,450
2024-11-27,SOBTI_5_ET,ASIA_AFTERNOON_LIT,2024-11-27T06:30:00+00:00,2024-11-27T08:30:00+00:00,2024-11-26,1,2024,1,UP,0.4378296922579894,DOWN,450
2024-11-28,SOBTI_5_ET,ASIA_AFTERNOON_LIT,2024-11-28T06:30:00+00:00,2024-11-28T08:30:00+00:00,2024-11-27,1,2024,1,UP,0.621886449062359,UP,455
2024-11-29,SOBTI_5_ET,ASIA_AFTERNOON_LIT,2024-11-29T06:30:00+00:00,2024-11-29T08:30:00+00:00,2024-11-28,1,2024,0,DOWN,0.5587113676622456,UP,455
2024-12-02,SOBTI_5_ET,ASIA_AFTERNOON_LIT,2024-12-02T06:30:00+00:00,2024-12-02T08:30:00+00:00,2024-11-29,3,2024,1,UP,0.47768380275002875,DOWN,455
2024-12-03,SOBTI_5_ET,ASIA_AFTERNOON_LIT,2024-12-03T06:30:00+00:00,2024-12-03T08:30:00+00:00,2024-12-02,1,2024,0,DOWN,0.4934392802328081,DOWN,455
2024-12-04,SOBTI_5_ET,ASIA_AFTERNOON_LIT,2024-12-04T06:30:00+00:00,2024-12-04T08:30:00+00:00,2024-12-03,1,2024,0,DOWN,0.5613035672816424,UP,455
2024-12-05,SOBTI_5_ET,ASIA_AFTERNOON_LIT,2024-12-05T06:30:00+00:00,2024-12-05T08:30:00+00:00,2024-12-04,1,2024,0,DOWN,0.5875657878870868,UP,460
2024-12-06,SOBTI_5_ET,ASIA_AFTERNOON_LIT,2024-12-06T06:30:00+00:00,2024-12-06T08:30:00+00:00,2024-12-05,1,2024,0,DOWN,0.5534890774446367,UP,460
2024-12-09,SOBTI_5_ET,ASIA_AFTERNOON_LIT,2024-12-09T06:30:00+00:00,2024-12-09T08:30:00+00:00,2024-12-06,3,2024,1,UP,0.5434918734402574,UP,460
2024-12-10,SOBTI_5_ET,ASIA_AFTERNOON_LIT,2024-12-10T06:30:00+00:00,2024-12-10T08:30:00+00:00,2024-12-09,1,2024,0,DOWN,0.5487346591822062,UP,460
2024-12-11,SOBTI_5_ET,ASIA_AFTERNOON_LIT,2024-12-11T06:30:00+00:00,2024-12-11T08:30:00+00:00,2024-12-10,1,2024,0,DOWN,0.5145067588470201,UP,460
2024-12-12,SOBTI_5_ET,ASIA_AFTERNOON_LIT,2024-12-12T06:30:00+00:00,2024-12-12T08:30:00+00:00,2024-12-11,1,2024,1,UP,0.4432074866445985,DOWN,465
2024-12-13,SOBTI_5_ET,ASIA_AFTERNOON_LIT,2024-12-13T06:30:00+00:00,2024-12-13T08:30:00+00:00,2024-12-12,1,2024,0,DOWN,0.4047829714342467,DOWN,465
2024-12-16,SOBTI_5_ET,ASIA_AFTERNOON_LIT,2024-12-16T06:30:00+00:00,2024-12-16T08:30:00+00:00,2024-12-13,3,2024,1,UP,0.41074139853376246,DOWN,465
2024-12-17,SOBTI_5_ET,ASIA_AFTERNOON_LIT,2024-12-17T06:30:00+00:00,2024-12-17T08:30:00+00:00,2024-12-16,1,2024,1,UP,0.4847563738392744,DOWN,465
2024-12-18,SOBTI_5_ET,ASIA_AFTERNOON_LIT,2024-12-18T06:30:00+00:00,2024-12-18T08:30:00+00:00,2024-12-17,1,2024,0,DOWN,0.5539422640351546,UP,465
2024-12-19,SOBTI_5_ET,ASIA_AFTERNOON_LIT,2024-12-19T06:30:00+00:00,2024-12-19T08:30:00+00:00,2024-12-18,1,2024,1,UP,0.5545983116472583,UP,470
2024-12-20,SOBTI_5_ET,ASIA_AFTERNOON_LIT,2024-12-20T06:30:00+00:00,2024-12-20T08:30:00+00:00,2024-12-19,1,2024,1,UP,0.5232344442581158,UP,470
2024-12-23,SOBTI_5_ET,ASIA_AFTERNOON_LIT,2024-12-23T06:30:00+00:00,2024-12-23T08:30:00+00:00,2024-12-20,3,2024,1,UP,0.5249517046974589,UP,470
2024-12-24,SOBTI_5_ET,ASIA_AFTERNOON_LIT,2024-12-24T06:30:00+00:00,2024-12-24T08:30:00+00:00,2024-12-23,1,2024,1,UP,0.5565405200100255,UP,470
2024-12-26,SOBTI_5_ET,ASIA_AFTERNOON_LIT,2024-12-26T06:30:00+00:00,2024-12-26T08:30:00+00:00,2024-12-24,2,2024,1,UP,0.5166285452653614,UP,470
2024-12-27,SOBTI_5_ET,ASIA_AFTERNOON_LIT,2024-12-27T06:30:00+00:00,2024-12-27T08:30:00+00:00,2024-12-24,3,2024,0,DOWN,0.5333698780100429,UP,475
2024-12-30,SOBTI_5_ET,ASIA_AFTERNOON_LIT,2024-12-30T06:30:00+00:00,2024-12-30T08:30:00+00:00,2024-12-27,3,2024,0,DOWN,0.5051873466074427,UP,475
2024-12-31,SOBTI_5_ET,ASIA_AFTERNOON_LIT,2024-12-31T06:30:00+00:00,2024-12-31T08:30:00+00:00,2024-12-30,1,2024,1,UP,0.5098983794567309,UP,475
2023-07-11,SOBTI_5_ET,ASIA_MORNING_LIT,2023-07-11T01:00:00+00:00,2023-07-11T03:30:00+00:00,2023-07-07,3,2023,1,UP,0.6154794118136776,UP,120
2023-07-12,SOBTI_5_ET,ASIA_MORNING_LIT,2023-07-12T01:00:00+00:00,2023-07-12T03:30:00+00:00,2023-07-10,1,2023,1,UP,0.42753851324341696,DOWN,120
2023-07-13,SOBTI_5_ET,ASIA_MORNING_LIT,2023-07-13T01:00:00+00:00,2023-07-13T03:30:00+00:00,2023-07-11,1,2023,1,UP,0.49346324550981185,DOWN,120
2023-07-14,SOBTI_5_ET,ASIA_MORNING_LIT,2023-07-14T01:00:00+00:00,2023-07-14T03:30:00+00:00,2023-07-12,1,2023,1,UP,0.451577361419867,DOWN,120
2023-07-17,SOBTI_5_ET,ASIA_MORNING_LIT,2023-07-17T01:00:00+00:00,2023-07-17T03:30:00+00:00,2023-07-14,2,2023,0,DOWN,0.31322661441581023,DOWN,120
2023-07-18,SOBTI_5_ET,ASIA_MORNING_LIT,2023-07-18T01:00:00+00:00,2023-07-18T03:30:00+00:00,2023-07-14,3,2023,1,UP,0.38404670389222817,DOWN,125
2023-07-19,SOBTI_5_ET,ASIA_MORNING_LIT,2023-07-19T01:00:00+00:00,2023-07-19T03:30:00+00:00,2023-07-17,1,2023,0,DOWN,0.5184383552005327,UP,125
2023-07-20,SOBTI_5_ET,ASIA_MORNING_LIT,2023-07-20T01:00:00+00:00,2023-07-20T03:30:00+00:00,2023-07-18,1,2023,1,UP,0.487786872550013,DOWN,125
2023-07-21,SOBTI_5_ET,ASIA_MORNING_LIT,2023-07-21T01:00:00+00:00,2023-07-21T03:30:00+00:00,2023-07-19,1,2023,0,DOWN,0.5910566952057468,UP,125
2023-07-24,SOBTI_5_ET,ASIA_MORNING_LIT,2023-07-24T01:00:00+00:00,2023-07-24T03:30:00+00:00,2023-07-21,2,2023,0,DOWN,0.6528799277341663,UP,125
2023-07-25,SOBTI_5_ET,ASIA_MORNING_LIT,2023-07-25T01:00:00+00:00,2023-07-25T03:30:00+00:00,2023-07-21,3,2023,1,UP,0.5600116407408933,UP,130
2023-07-26,SOBTI_5_ET,ASIA_MORNING_LIT,2023-07-26T01:00:00+00:00,2023-07-26T03:30:00+00:00,2023-07-24,1,2023,0,DOWN,0.5725957454287333,UP,130
2023-07-27,SOBTI_5_ET,ASIA_MORNING_LIT,2023-07-27T01:00:00+00:00,2023-07-27T03:30:00+00:00,2023-07-25,1,2023,1,UP,0.5057408854042037,UP,130
2023-07-28,SOBTI_5_ET,ASIA_MORNING_LIT,2023-07-28T01:00:00+00:00,2023-07-28T03:30:00+00:00,2023-07-26,1,2023,1,UP,0.47590822129951016,DOWN,130
2023-07-31,SOBTI_5_ET,ASIA_MORNING_LIT,2023-07-31T01:00:00+00:00,2023-07-31T03:30:00+00:00,2023-07-28,2,2023,0,DOWN,0.5186544696586379,UP,130
2023-08-01,SOBTI_5_ET,ASIA_MORNING_LIT,2023-08-01T01:00:00+00:00,2023-08-01T03:30:00+00:00,2023-07-28,3,2023,0,DOWN,0.5210773847950071,UP,135
2023-08-02,SOBTI_5_ET,ASIA_MORNING_LIT,2023-08-02T01:00:00+00:00,2023-08-02T03:30:00+00:00,2023-07-31,1,2023,0,DOWN,0.441956870285883,DOWN,135
2023-08-03,SOBTI_5_ET,ASIA_MORNING_LIT,2023-08-03T01:00:00+00:00,2023-08-03T03:30:00+00:00,2023-08-01,1,2023,1,UP,0.43420321789091587,DOWN,135
2023-08-04,SOBTI_5_ET,ASIA_MORNING_LIT,2023-08-04T01:00:00+00:00,2023-08-04T03:30:00+00:00,2023-08-02,1,2023,0,DOWN,0.4125941351914361,DOWN,135
2023-08-07,SOBTI_5_ET,ASIA_MORNING_LIT,2023-08-07T01:00:00+00:00,2023-08-07T03:30:00+00:00,2023-08-04,2,2023,0,DOWN,0.49285702143522137,DOWN,135
2023-08-08,SOBTI_5_ET,ASIA_MORNING_LIT,2023-08-08T01:00:00+00:00,2023-08-08T03:30:00+00:00,2023-08-04,3,2023,0,DOWN,0.44384184886351363,DOWN,140
2023-08-09,SOBTI_5_ET,ASIA_MORNING_LIT,2023-08-09T01:00:00+00:00,2023-08-09T03:30:00+00:00,2023-08-07,1,2023,1,UP,0.4739711548681214,DOWN,140
2023-08-10,SOBTI_5_ET,ASIA_MORNING_LIT,2023-08-10T01:00:00+00:00,2023-08-10T03:30:00+00:00,2023-08-08,1,2023,1,UP,0.5146270703886723,UP,140
2023-08-11,SOBTI_5_ET,ASIA_MORNING_LIT,2023-08-11T01:00:00+00:00,2023-08-11T03:30:00+00:00,2023-08-09,1,2023,0,DOWN,0.5492084522308432,UP,140
2023-08-14,SOBTI_5_ET,ASIA_MORNING_LIT,2023-08-14T01:00:00+00:00,2023-08-14T03:30:00+00:00,2023-08-11,2,2023,1,UP,0.5308563822557352,UP,140
2023-08-15,SOBTI_5_ET,ASIA_MORNING_LIT,2023-08-15T01:00:00+00:00,2023-08-15T03:30:00+00:00,2023-08-11,3,2023,0,DOWN,0.5590149377443251,UP,145
2023-08-16,SOBTI_5_ET,ASIA_MORNING_LIT,2023-08-16T01:00:00+00:00,2023-08-16T03:30:00+00:00,2023-08-14,1,2023,1,UP,0.4338178659660212,DOWN,145
2023-08-17,SOBTI_5_ET,ASIA_MORNING_LIT,2023-08-17T01:00:00+00:00,2023-08-17T03:30:00+00:00,2023-08-15,1,2023,1,UP,0.42587512928603455,DOWN,145
2023-08-18,SOBTI_5_ET,ASIA_MORNING_LIT,2023-08-18T01:00:00+00:00,2023-08-18T03:30:00+00:00,2023-08-16,1,2023,0,DOWN,0.3850168026334622,DOWN,145
2023-08-21,SOBTI_5_ET,ASIA_MORNING_LIT,2023-08-21T01:00:00+00:00,2023-08-21T03:30:00+00:00,2023-08-18,2,2023,1,UP,0.40345840814338807,DOWN,145
2023-08-22,SOBTI_5_ET,ASIA_MORNING_LIT,2023-08-22T01:00:00+00:00,2023-08-22T03:30:00+00:00,2023-08-18,3,2023,1,UP,0.44580641893667156,DOWN,150
2023-08-23,SOBTI_5_ET,ASIA_MORNING_LIT,2023-08-23T01:00:00+00:00,2023-08-23T03:30:00+00:00,2023-08-21,1,2023,1,UP,0.4341515632515913,DOWN,150
2023-08-24,SOBTI_5_ET,ASIA_MORNING_LIT,2023-08-24T01:00:00+00:00,2023-08-24T03:30:00+00:00,2023-08-22,1,2023,1,UP,0.40715260719856033,DOWN,150
2023-08-25,SOBTI_5_ET,ASIA_MORNING_LIT,2023-08-25T01:00:00+00:00,2023-08-25T03:30:00+00:00,2023-08-23,1,2023,0,DOWN,0.41184524902223546,DOWN,150
2023-08-28,SOBTI_5_ET,ASIA_MORNING_LIT,2023-08-28T01:00:00+00:00,2023-08-28T03:30:00+00:00,2023-08-25,2,2023,1,UP,0.5755329355484052,UP,150
2023-08-29,SOBTI_5_ET,ASIA_MORNING_LIT,2023-08-29T01:00:00+00:00,2023-08-29T03:30:00+00:00,2023-08-25,3,2023,1,UP,0.6525299792351611,UP,155
2023-08-30,SOBTI_5_ET,ASIA_MORNING_LIT,2023-08-30T01:00:00+00:00,2023-08-30T03:30:00+00:00,2023-08-25,4,2023,0,DOWN,0.6525299792351611,UP,155
2023-08-31,SOBTI_5_ET,ASIA_MORNING_LIT,2023-08-31T01:00:00+00:00,2023-08-31T03:30:00+00:00,2023-08-29,1,2023,1,UP,0.698084017615704,UP,155
2023-09-01,SOBTI_5_ET,ASIA_MORNING_LIT,2023-09-01T01:00:00+00:00,2023-09-01T03:30:00+00:00,2023-08-30,1,2023,1,UP,0.6197193144279708,UP,155
2023-09-04,SOBTI_5_ET,ASIA_MORNING_LIT,2023-09-04T01:00:00+00:00,2023-09-04T03:30:00+00:00,2023-09-01,2,2023,1,UP,0.6060316796192188,UP,155
2023-09-05,SOBTI_5_ET,ASIA_MORNING_LIT,2023-09-05T01:00:00+00:00,2023-09-05T03:30:00+00:00,2023-09-01,3,2023,0,DOWN,0.642871893748687,UP,160
2023-09-06,SOBTI_5_ET,ASIA_MORNING_LIT,2023-09-06T01:00:00+00:00,2023-09-06T03:30:00+00:00,2023-09-04,1,2023,1,UP,0.7372646651794124,UP,160
2023-09-07,SOBTI_5_ET,ASIA_MORNING_LIT,2023-09-07T01:00:00+00:00,2023-09-07T03:30:00+00:00,2023-09-05,1,2023,1,UP,0.6766025834552398,UP,160
2023-09-08,SOBTI_5_ET,ASIA_MORNING_LIT,2023-09-08T01:00:00+00:00,2023-09-08T03:30:00+00:00,2023-09-06,1,2023,1,UP,0.5253422257635353,UP,160
2023-09-11,SOBTI_5_ET,ASIA_MORNING_LIT,2023-09-11T01:00:00+00:00,2023-09-11T03:30:00+00:00,2023-09-08,2,2023,1,UP,0.5957204329485639,UP,160
2023-09-12,SOBTI_5_ET,ASIA_MORNING_LIT,2023-09-12T01:00:00+00:00,2023-09-12T03:30:00+00:00,2023-09-08,3,2023,1,UP,0.6811264339158436,UP,165
2023-09-13,SOBTI_5_ET,ASIA_MORNING_LIT,2023-09-13T01:00:00+00:00,2023-09-13T03:30:00+00:00,2023-09-11,1,2023,0,DOWN,0.6314709297730465,UP,165
2023-09-14,SOBTI_5_ET,ASIA_MORNING_LIT,2023-09-14T01:00:00+00:00,2023-09-14T03:30:00+00:00,2023-09-12,1,2023,0,DOWN,0.648589687441961,UP,165
2023-09-15,SOBTI_5_ET,ASIA_MORNING_LIT,2023-09-15T01:00:00+00:00,2023-09-15T03:30:00+00:00,2023-09-13,1,2023,1,UP,0.6011192921394797,UP,165
2023-09-18,SOBTI_5_ET,ASIA_MORNING_LIT,2023-09-18T01:00:00+00:00,2023-09-18T03:30:00+00:00,2023-09-15,2,2023,1,UP,0.5432863588274279,UP,165
2023-09-19,SOBTI_5_ET,ASIA_MORNING_LIT,2023-09-19T01:00:00+00:00,2023-09-19T03:30:00+00:00,2023-09-15,3,2023,0,DOWN,0.5647405884969274,UP,170
2023-09-20,SOBTI_5_ET,ASIA_MORNING_LIT,2023-09-20T01:00:00+00:00,2023-09-20T03:30:00+00:00,2023-09-18,1,2023,1,UP,0.611321316675703,UP,170
2023-09-21,SOBTI_5_ET,ASIA_MORNING_LIT,2023-09-21T01:00:00+00:00,2023-09-21T03:30:00+00:00,2023-09-19,1,2023,1,UP,0.630959859028956,UP,170
2023-09-22,SOBTI_5_ET,ASIA_MORNING_LIT,2023-09-22T01:00:00+00:00,2023-09-22T03:30:00+00:00,2023-09-20,1,2023,0,DOWN,0.6528849881683544,UP,170
2023-09-25,SOBTI_5_ET,ASIA_MORNING_LIT,2023-09-25T01:00:00+00:00,2023-09-25T03:30:00+00:00,2023-09-22,2,2023,0,DOWN,0.5919951540253855,UP,170
2023-09-26,SOBTI_5_ET,ASIA_MORNING_LIT,2023-09-26T01:00:00+00:00,2023-09-26T03:30:00+00:00,2023-09-22,3,2023,0,DOWN,0.5333866523915989,UP,175
2023-09-27,SOBTI_5_ET,ASIA_MORNING_LIT,2023-09-27T01:00:00+00:00,2023-09-27T03:30:00+00:00,2023-09-25,1,2023,0,DOWN,0.553020567567222,UP,175
2023-09-28,SOBTI_5_ET,ASIA_MORNING_LIT,2023-09-28T01:00:00+00:00,2023-09-28T03:30:00+00:00,2023-09-26,1,2023,0,DOWN,0.6157281535503241,UP,175
2023-10-09,SOBTI_5_ET,ASIA_MORNING_LIT,2023-10-09T01:00:00+00:00,2023-10-09T03:30:00+00:00,2023-10-06,2,2023,0,DOWN,0.45316772566212715,DOWN,175
2023-10-10,SOBTI_5_ET,ASIA_MORNING_LIT,2023-10-10T01:00:00+00:00,2023-10-10T03:30:00+00:00,2023-10-06,3,2023,0,DOWN,0.45316772566212715,DOWN,175
2023-10-11,SOBTI_5_ET,ASIA_MORNING_LIT,2023-10-11T01:00:00+00:00,2023-10-11T03:30:00+00:00,2023-10-09,1,2023,0,DOWN,0.5695685916715985,UP,180
2023-10-12,SOBTI_5_ET,ASIA_MORNING_LIT,2023-10-12T01:00:00+00:00,2023-10-12T03:30:00+00:00,2023-10-10,1,2023,1,UP,0.5396951575557747,UP,180
2023-10-13,SOBTI_5_ET,ASIA_MORNING_LIT,2023-10-13T01:00:00+00:00,2023-10-13T03:30:00+00:00,2023-10-11,1,2023,1,UP,0.5190223063883503,UP,180
2023-10-16,SOBTI_5_ET,ASIA_MORNING_LIT,2023-10-16T01:00:00+00:00,2023-10-16T03:30:00+00:00,2023-10-13,2,2023,0,DOWN,0.6666688940238603,UP,180
2023-10-17,SOBTI_5_ET,ASIA_MORNING_LIT,2023-10-17T01:00:00+00:00,2023-10-17T03:30:00+00:00,2023-10-13,3,2023,0,DOWN,0.6666688940238603,UP,180
2023-10-18,SOBTI_5_ET,ASIA_MORNING_LIT,2023-10-18T01:00:00+00:00,2023-10-18T03:30:00+00:00,2023-10-16,1,2023,1,UP,0.6794877207424315,UP,185
2023-10-19,SOBTI_5_ET,ASIA_MORNING_LIT,2023-10-19T01:00:00+00:00,2023-10-19T03:30:00+00:00,2023-10-17,1,2023,0,DOWN,0.720420174559798,UP,185
2023-10-20,SOBTI_5_ET,ASIA_MORNING_LIT,2023-10-20T01:00:00+00:00,2023-10-20T03:30:00+00:00,2023-10-18,1,2023,1,UP,0.7020110631728197,UP,185
2023-10-23,SOBTI_5_ET,ASIA_MORNING_LIT,2023-10-23T01:00:00+00:00,2023-10-23T03:30:00+00:00,2023-10-20,2,2023,1,UP,0.8265181559129927,UP,185
2023-10-24,SOBTI_5_ET,ASIA_MORNING_LIT,2023-10-24T01:00:00+00:00,2023-10-24T03:30:00+00:00,2023-10-20,3,2023,1,UP,0.8265181559129927,UP,185
2023-10-25,SOBTI_5_ET,ASIA_MORNING_LIT,2023-10-25T01:00:00+00:00,2023-10-25T03:30:00+00:00,2023-10-23,1,2023,0,DOWN,0.6966655438225559,UP,190
2023-10-26,SOBTI_5_ET,ASIA_MORNING_LIT,2023-10-26T01:00:00+00:00,2023-10-26T03:30:00+00:00,2023-10-24,1,2023,1,UP,0.6910427367997146,UP,190
2023-10-27,SOBTI_5_ET,ASIA_MORNING_LIT,2023-10-27T01:00:00+00:00,2023-10-27T03:30:00+00:00,2023-10-25,1,2023,1,UP,0.5887238869586575,UP,190
2023-10-30,SOBTI_5_ET,ASIA_MORNING_LIT,2023-10-30T01:00:00+00:00,2023-10-30T03:30:00+00:00,2023-10-27,2,2023,0,DOWN,0.5756118289335825,UP,190
2023-10-31,SOBTI_5_ET,ASIA_MORNING_LIT,2023-10-31T01:00:00+00:00,2023-10-31T03:30:00+00:00,2023-10-27,3,2023,0,DOWN,0.5756118289335825,UP,190
2023-11-01,SOBTI_5_ET,ASIA_MORNING_LIT,2023-11-01T01:00:00+00:00,2023-11-01T03:30:00+00:00,2023-10-30,1,2023,0,DOWN,0.49449796081156683,DOWN,195
2023-11-02,SOBTI_5_ET,ASIA_MORNING_LIT,2023-11-02T01:00:00+00:00,2023-11-02T03:30:00+00:00,2023-10-31,1,2023,0,DOWN,0.5829490401749012,UP,195
2023-11-03,SOBTI_5_ET,ASIA_MORNING_LIT,2023-11-03T01:00:00+00:00,2023-11-03T03:30:00+00:00,2023-11-01,1,2023,1,UP,0.5020622422780271,UP,195
2023-11-06,SOBTI_5_ET,ASIA_MORNING_LIT,2023-11-06T02:00:00+00:00,2023-11-06T04:30:00+00:00,2023-11-03,2,2023,0,DOWN,0.48216295082495686,DOWN,195
2023-11-07,SOBTI_5_ET,ASIA_MORNING_LIT,2023-11-07T02:00:00+00:00,2023-11-07T04:30:00+00:00,2023-11-03,3,2023,0,DOWN,0.48216295082495686,DOWN,195
2023-11-08,SOBTI_5_ET,ASIA_MORNING_LIT,2023-11-08T02:00:00+00:00,2023-11-08T04:30:00+00:00,2023-11-06,1,2023,0,DOWN,0.21632356369411557,DOWN,200
2023-11-09,SOBTI_5_ET,ASIA_MORNING_LIT,2023-11-09T02:00:00+00:00,2023-11-09T04:30:00+00:00,2023-11-07,1,2023,0,DOWN,0.32116722103884215,DOWN,200
2023-11-10,SOBTI_5_ET,ASIA_MORNING_LIT,2023-11-10T02:00:00+00:00,2023-11-10T04:30:00+00:00,2023-11-08,1,2023,0,DOWN,0.2980682964801269,DOWN,200
2023-11-13,SOBTI_5_ET,ASIA_MORNING_LIT,2023-11-13T02:00:00+00:00,2023-11-13T04:30:00+00:00,2023-11-10,2,2023,0,DOWN,0.3040077379407597,DOWN,200
2023-11-14,SOBTI_5_ET,ASIA_MORNING_LIT,2023-11-14T02:00:00+00:00,2023-11-14T04:30:00+00:00,2023-11-10,3,2023,0,DOWN,0.3040077379407597,DOWN,200
2023-11-15,SOBTI_5_ET,ASIA_MORNING_LIT,2023-11-15T02:00:00+00:00,2023-11-15T04:30:00+00:00,2023-11-13,1,2023,1,UP,0.28396163645899974,DOWN,205
2023-11-16,SOBTI_5_ET,ASIA_MORNING_LIT,2023-11-16T02:00:00+00:00,2023-11-16T04:30:00+00:00,2023-11-14,1,2023,1,UP,0.33107649215815244,DOWN,205
2023-11-17,SOBTI_5_ET,ASIA_MORNING_LIT,2023-11-17T02:00:00+00:00,2023-11-17T04:30:00+00:00,2023-11-15,1,2023,1,UP,0.30473748548166096,DOWN,205
2023-11-20,SOBTI_5_ET,ASIA_MORNING_LIT,2023-11-20T02:00:00+00:00,2023-11-20T04:30:00+00:00,2023-11-17,2,2023,1,UP,0.4656971758722081,DOWN,205
2023-11-21,SOBTI_5_ET,ASIA_MORNING_LIT,2023-11-21T02:00:00+00:00,2023-11-21T04:30:00+00:00,2023-11-17,3,2023,1,UP,0.4656971758722082,DOWN,205
2023-11-22,SOBTI_5_ET,ASIA_MORNING_LIT,2023-11-22T02:00:00+00:00,2023-11-22T04:30:00+00:00,2023-11-20,1,2023,1,UP,0.606129967441424,UP,210
2023-11-23,SOBTI_5_ET,ASIA_MORNING_LIT,2023-11-23T02:00:00+00:00,2023-11-23T04:30:00+00:00,2023-11-21,1,2023,1,UP,0.6298688038638935,UP,210
2023-11-24,SOBTI_5_ET,ASIA_MORNING_LIT,2023-11-24T02:00:00+00:00,2023-11-24T04:30:00+00:00,2023-11-22,1,2023,1,UP,0.5565927955259276,UP,210
2023-11-27,SOBTI_5_ET,ASIA_MORNING_LIT,2023-11-27T02:00:00+00:00,2023-11-27T04:30:00+00:00,2023-11-24,2,2023,0,DOWN,0.5205939968096966,UP,210
2023-11-28,SOBTI_5_ET,ASIA_MORNING_LIT,2023-11-28T02:00:00+00:00,2023-11-28T04:30:00+00:00,2023-11-24,3,2023,0,DOWN,0.5205939968096966,UP,210
2023-11-29,SOBTI_5_ET,ASIA_MORNING_LIT,2023-11-29T02:00:00+00:00,2023-11-29T04:30:00+00:00,2023-11-27,1,2023,0,DOWN,0.4751979656162624,DOWN,215
2023-11-30,SOBTI_5_ET,ASIA_MORNING_LIT,2023-11-30T02:00:00+00:00,2023-11-30T04:30:00+00:00,2023-11-28,1,2023,1,UP,0.5342534119275428,UP,215
2023-12-01,SOBTI_5_ET,ASIA_MORNING_LIT,2023-12-01T02:00:00+00:00,2023-12-01T04:30:00+00:00,2023-11-29,1,2023,0,DOWN,0.6315174568674112,UP,215
2023-12-04,SOBTI_5_ET,ASIA_MORNING_LIT,2023-12-04T02:00:00+00:00,2023-12-04T04:30:00+00:00,2023-12-01,2,2023,0,DOWN,0.6144220792361347,UP,215
2023-12-05,SOBTI_5_ET,ASIA_MORNING_LIT,2023-12-05T02:00:00+00:00,2023-12-05T04:30:00+00:00,2023-12-01,3,2023,1,UP,0.6144220792361347,UP,215
2023-12-06,SOBTI_5_ET,ASIA_MORNING_LIT,2023-12-06T02:00:00+00:00,2023-12-06T04:30:00+00:00,2023-12-04,1,2023,1,UP,0.6742502665463092,UP,220
2023-12-07,SOBTI_5_ET,ASIA_MORNING_LIT,2023-12-07T02:00:00+00:00,2023-12-07T04:30:00+00:00,2023-12-05,1,2023,1,UP,0.49940000305570925,DOWN,220
2023-12-08,SOBTI_5_ET,ASIA_MORNING_LIT,2023-12-08T02:00:00+00:00,2023-12-08T04:30:00+00:00,2023-12-06,1,2023,0,DOWN,0.3833153217203913,DOWN,220
2023-12-11,SOBTI_5_ET,ASIA_MORNING_LIT,2023-12-11T02:00:00+00:00,2023-12-11T04:30:00+00:00,2023-12-08,2,2023,0,DOWN,0.4565609869243221,DOWN,220
2023-12-12,SOBTI_5_ET,ASIA_MORNING_LIT,2023-12-12T02:00:00+00:00,2023-12-12T04:30:00+00:00,2023-12-08,3,2023,1,UP,0.4565609869243221,DOWN,220
2023-12-13,SOBTI_5_ET,ASIA_MORNING_LIT,2023-12-13T02:00:00+00:00,2023-12-13T04:30:00+00:00,2023-12-11,1,2023,0,DOWN,0.26908051512178954,DOWN,225
2023-12-14,SOBTI_5_ET,ASIA_MORNING_LIT,2023-12-14T02:00:00+00:00,2023-12-14T04:30:00+00:00,2023-12-12,1,2023,0,DOWN,0.2661983754706975,DOWN,225
2023-12-15,SOBTI_5_ET,ASIA_MORNING_LIT,2023-12-15T02:00:00+00:00,2023-12-15T04:30:00+00:00,2023-12-13,1,2023,1,UP,0.3438856466418565,DOWN,225
2023-12-18,SOBTI_5_ET,ASIA_MORNING_LIT,2023-12-18T02:00:00+00:00,2023-12-18T04:30:00+00:00,2023-12-15,2,2023,1,UP,0.40091188382457,DOWN,225
2023-12-19,SOBTI_5_ET,ASIA_MORNING_LIT,2023-12-19T02:00:00+00:00,2023-12-19T04:30:00+00:00,2023-12-15,3,2023,0,DOWN,0.40091188382457,DOWN,225
2023-12-20,SOBTI_5_ET,ASIA_MORNING_LIT,2023-12-20T02:00:00+00:00,2023-12-20T04:30:00+00:00,2023-12-18,1,2023,1,UP,0.4069609976235287,DOWN,230
2023-12-21,SOBTI_5_ET,ASIA_MORNING_LIT,2023-12-21T02:00:00+00:00,2023-12-21T04:30:00+00:00,2023-12-19,1,2023,1,UP,0.5023719230780754,UP,230
2023-12-22,SOBTI_5_ET,ASIA_MORNING_LIT,2023-12-22T02:00:00+00:00,2023-12-22T04:30:00+00:00,2023-12-20,1,2023,1,UP,0.5958671391686128,UP,230
2023-12-26,SOBTI_5_ET,ASIA_MORNING_LIT,2023-12-26T02:00:00+00:00,2023-12-26T04:30:00+00:00,2023-12-22,3,2023,1,UP,0.4088205202540116,DOWN,230
2023-12-27,SOBTI_5_ET,ASIA_MORNING_LIT,2023-12-27T02:00:00+00:00,2023-12-27T04:30:00+00:00,2023-12-22,4,2023,0,DOWN,0.4088205202540116,DOWN,230
2023-12-28,SOBTI_5_ET,ASIA_MORNING_LIT,2023-12-28T02:00:00+00:00,2023-12-28T04:30:00+00:00,2023-12-22,5,2023,0,DOWN,0.4341554529015589,DOWN,235
2023-12-29,SOBTI_5_ET,ASIA_MORNING_LIT,2023-12-29T02:00:00+00:00,2023-12-29T04:30:00+00:00,2023-12-27,1,2023,0,DOWN,0.6790051755581705,UP,235
2024-01-02,SOBTI_5_ET,ASIA_MORNING_LIT,2024-01-02T02:00:00+00:00,2024-01-02T04:30:00+00:00,2023-12-29,3,2024,1,UP,0.559469401053731,UP,235
2024-01-03,SOBTI_5_ET,ASIA_MORNING_LIT,2024-01-03T02:00:00+00:00,2024-01-03T04:30:00+00:00,2023-12-29,4,2024,1,UP,0.559469401053731,UP,235
2024-01-04,SOBTI_5_ET,ASIA_MORNING_LIT,2024-01-04T02:00:00+00:00,2024-01-04T04:30:00+00:00,2024-01-02,1,2024,1,UP,0.553119570295256,UP,235
2024-01-05,SOBTI_5_ET,ASIA_MORNING_LIT,2024-01-05T02:00:00+00:00,2024-01-05T04:30:00+00:00,2024-01-03,1,2024,0,DOWN,0.5403874726003035,UP,240
2024-01-08,SOBTI_5_ET,ASIA_MORNING_LIT,2024-01-08T02:00:00+00:00,2024-01-08T04:30:00+00:00,2024-01-05,2,2024,0,DOWN,0.2847882077124877,DOWN,240
2024-01-09,SOBTI_5_ET,ASIA_MORNING_LIT,2024-01-09T02:00:00+00:00,2024-01-09T04:30:00+00:00,2024-01-05,3,2024,1,UP,0.2847882077124877,DOWN,240
2024-01-10,SOBTI_5_ET,ASIA_MORNING_LIT,2024-01-10T02:00:00+00:00,2024-01-10T04:30:00+00:00,2024-01-08,1,2024,0,DOWN,0.3625617301833288,DOWN,240
2024-01-11,SOBTI_5_ET,ASIA_MORNING_LIT,2024-01-11T02:00:00+00:00,2024-01-11T04:30:00+00:00,2024-01-09,1,2024,1,UP,0.27170288627273265,DOWN,240
2024-01-12,SOBTI_5_ET,ASIA_MORNING_LIT,2024-01-12T02:00:00+00:00,2024-01-12T04:30:00+00:00,2024-01-10,1,2024,0,DOWN,0.4110158699520875,DOWN,245
2024-01-15,SOBTI_5_ET,ASIA_MORNING_LIT,2024-01-15T02:00:00+00:00,2024-01-15T04:30:00+00:00,2024-01-12,2,2024,1,UP,0.46097064641121477,DOWN,245
2024-01-16,SOBTI_5_ET,ASIA_MORNING_LIT,2024-01-16T02:00:00+00:00,2024-01-16T04:30:00+00:00,2024-01-12,3,2024,0,DOWN,0.46097064641121477,DOWN,245
2024-01-17,SOBTI_5_ET,ASIA_MORNING_LIT,2024-01-17T02:00:00+00:00,2024-01-17T04:30:00+00:00,2024-01-15,1,2024,0,DOWN,0.5191089202176133,UP,245
2024-01-18,SOBTI_5_ET,ASIA_MORNING_LIT,2024-01-18T02:00:00+00:00,2024-01-18T04:30:00+00:00,2024-01-16,1,2024,0,DOWN,0.44096050664497183,DOWN,245
2024-01-19,SOBTI_5_ET,ASIA_MORNING_LIT,2024-01-19T02:00:00+00:00,2024-01-19T04:30:00+00:00,2024-01-17,1,2024,0,DOWN,0.44641784087284,DOWN,250
2024-01-22,SOBTI_5_ET,ASIA_MORNING_LIT,2024-01-22T02:00:00+00:00,2024-01-22T04:30:00+00:00,2024-01-19,2,2024,0,DOWN,0.49910918708304347,DOWN,250
2024-01-23,SOBTI_5_ET,ASIA_MORNING_LIT,2024-01-23T02:00:00+00:00,2024-01-23T04:30:00+00:00,2024-01-19,3,2024,1,UP,0.49910918708304347,DOWN,250
2024-01-24,SOBTI_5_ET,ASIA_MORNING_LIT,2024-01-24T02:00:00+00:00,2024-01-24T04:30:00+00:00,2024-01-22,1,2024,0,DOWN,0.43876547265970317,DOWN,250
2024-01-25,SOBTI_5_ET,ASIA_MORNING_LIT,2024-01-25T02:00:00+00:00,2024-01-25T04:30:00+00:00,2024-01-23,1,2024,0,DOWN,0.476358487426231,DOWN,250
2024-01-26,SOBTI_5_ET,ASIA_MORNING_LIT,2024-01-26T02:00:00+00:00,2024-01-26T04:30:00+00:00,2024-01-24,1,2024,1,UP,0.4466179907341422,DOWN,255
2024-01-29,SOBTI_5_ET,ASIA_MORNING_LIT,2024-01-29T02:00:00+00:00,2024-01-29T04:30:00+00:00,2024-01-26,2,2024,1,UP,0.46308935208430935,DOWN,255
2024-01-30,SOBTI_5_ET,ASIA_MORNING_LIT,2024-01-30T02:00:00+00:00,2024-01-30T04:30:00+00:00,2024-01-26,3,2024,1,UP,0.46308935208430935,DOWN,255
2024-01-31,SOBTI_5_ET,ASIA_MORNING_LIT,2024-01-31T02:00:00+00:00,2024-01-31T04:30:00+00:00,2024-01-29,1,2024,0,DOWN,0.546649365993912,UP,255
2024-02-01,SOBTI_5_ET,ASIA_MORNING_LIT,2024-02-01T02:00:00+00:00,2024-02-01T04:30:00+00:00,2024-01-30,1,2024,1,UP,0.5534787020215136,UP,255
2024-02-02,SOBTI_5_ET,ASIA_MORNING_LIT,2024-02-02T02:00:00+00:00,2024-02-02T04:30:00+00:00,2024-01-31,1,2024,0,DOWN,0.5449620571911328,UP,260
2024-02-05,SOBTI_5_ET,ASIA_MORNING_LIT,2024-02-05T02:00:00+00:00,2024-02-05T04:30:00+00:00,2024-02-02,2,2024,0,DOWN,0.6041282031926598,UP,260
2024-02-06,SOBTI_5_ET,ASIA_MORNING_LIT,2024-02-06T02:00:00+00:00,2024-02-06T04:30:00+00:00,2024-02-02,3,2024,0,DOWN,0.6041282031926598,UP,260
2024-02-07,SOBTI_5_ET,ASIA_MORNING_LIT,2024-02-07T02:00:00+00:00,2024-02-07T04:30:00+00:00,2024-02-05,1,2024,1,UP,0.5107071311530218,UP,260
2024-02-08,SOBTI_5_ET,ASIA_MORNING_LIT,2024-02-08T02:00:00+00:00,2024-02-08T04:30:00+00:00,2024-02-06,1,2024,0,DOWN,0.5166161110239438,UP,260
2024-02-09,SOBTI_5_ET,ASIA_MORNING_LIT,2024-02-09T02:00:00+00:00,2024-02-09T04:30:00+00:00,2024-02-07,1,2024,0,DOWN,0.5032068677098152,UP,265
2024-02-19,SOBTI_5_ET,ASIA_MORNING_LIT,2024-02-19T02:00:00+00:00,2024-02-19T04:30:00+00:00,2024-02-16,2,2024,0,DOWN,0.32917001605294544,DOWN,265
2024-02-20,SOBTI_5_ET,ASIA_MORNING_LIT,2024-02-20T02:00:00+00:00,2024-02-20T04:30:00+00:00,2024-02-16,3,2024,1,UP,0.32917001605294544,DOWN,265
2024-02-21,SOBTI_5_ET,ASIA_MORNING_LIT,2024-02-21T02:00:00+00:00,2024-02-21T04:30:00+00:00,2024-02-19,1,2024,1,UP,0.5141840280773369,UP,265
2024-02-22,SOBTI_5_ET,ASIA_MORNING_LIT,2024-02-22T02:00:00+00:00,2024-02-22T04:30:00+00:00,2024-02-20,1,2024,1,UP,0.46279681661542954,DOWN,265
2024-02-23,SOBTI_5_ET,ASIA_MORNING_LIT,2024-02-23T02:00:00+00:00,2024-02-23T04:30:00+00:00,2024-02-21,1,2024,0,DOWN,0.6089083382676903,UP,270
2024-02-26,SOBTI_5_ET,ASIA_MORNING_LIT,2024-02-26T02:00:00+00:00,2024-02-26T04:30:00+00:00,2024-02-23,2,2024,1,UP,0.5837834004057605,UP,270
2024-02-27,SOBTI_5_ET,ASIA_MORNING_LIT,2024-02-27T02:00:00+00:00,2024-02-27T04:30:00+00:00,2024-02-23,3,2024,1,UP,0.5837834004057605,UP,270
2024-02-28,SOBTI_5_ET,ASIA_MORNING_LIT,2024-02-28T02:00:00+00:00,2024-02-28T04:30:00+00:00,2024-02-26,1,2024,0,DOWN,0.6045139894252816,UP,270
2024-02-29,SOBTI_5_ET,ASIA_MORNING_LIT,2024-02-29T02:00:00+00:00,2024-02-29T04:30:00+00:00,2024-02-27,1,2024,0,DOWN,0.47316414193263623,DOWN,270
2024-03-01,SOBTI_5_ET,ASIA_MORNING_LIT,2024-03-01T02:00:00+00:00,2024-03-01T04:30:00+00:00,2024-02-28,1,2024,1,UP,0.482488783091615,DOWN,275
2024-03-04,SOBTI_5_ET,ASIA_MORNING_LIT,2024-03-04T02:00:00+00:00,2024-03-04T04:30:00+00:00,2024-03-01,2,2024,1,UP,0.49505116106197355,DOWN,275
2024-03-05,SOBTI_5_ET,ASIA_MORNING_LIT,2024-03-05T02:00:00+00:00,2024-03-05T04:30:00+00:00,2024-03-01,3,2024,1,UP,0.49505116106197355,DOWN,275
2024-03-06,SOBTI_5_ET,ASIA_MORNING_LIT,2024-03-06T02:00:00+00:00,2024-03-06T04:30:00+00:00,2024-03-04,1,2024,1,UP,0.6115662653187439,UP,275
2024-03-07,SOBTI_5_ET,ASIA_MORNING_LIT,2024-03-07T02:00:00+00:00,2024-03-07T04:30:00+00:00,2024-03-05,1,2024,1,UP,0.5691315370517187,UP,275
2024-03-08,SOBTI_5_ET,ASIA_MORNING_LIT,2024-03-08T02:00:00+00:00,2024-03-08T04:30:00+00:00,2024-03-06,1,2024,0,DOWN,0.7295618912416766,UP,280
2024-03-11,SOBTI_5_ET,ASIA_MORNING_LIT,2024-03-11T01:00:00+00:00,2024-03-11T03:30:00+00:00,2024-03-08,2,2024,0,DOWN,0.747784225263335,UP,280
2024-03-12,SOBTI_5_ET,ASIA_MORNING_LIT,2024-03-12T01:00:00+00:00,2024-03-12T03:30:00+00:00,2024-03-08,3,2024,0,DOWN,0.747784225263335,UP,280
2024-03-13,SOBTI_5_ET,ASIA_MORNING_LIT,2024-03-13T01:00:00+00:00,2024-03-13T03:30:00+00:00,2024-03-11,1,2024,1,UP,0.7182863150670584,UP,280
2024-03-14,SOBTI_5_ET,ASIA_MORNING_LIT,2024-03-14T01:00:00+00:00,2024-03-14T03:30:00+00:00,2024-03-12,1,2024,0,DOWN,0.5365552692742891,UP,280
2024-03-15,SOBTI_5_ET,ASIA_MORNING_LIT,2024-03-15T01:00:00+00:00,2024-03-15T03:30:00+00:00,2024-03-13,1,2024,1,UP,0.4297924253028396,DOWN,285
2024-03-18,SOBTI_5_ET,ASIA_MORNING_LIT,2024-03-18T01:00:00+00:00,2024-03-18T03:30:00+00:00,2024-03-15,2,2024,0,DOWN,0.291020973139158,DOWN,285
2024-03-19,SOBTI_5_ET,ASIA_MORNING_LIT,2024-03-19T01:00:00+00:00,2024-03-19T03:30:00+00:00,2024-03-15,3,2024,1,UP,0.291020973139158,DOWN,285
2024-03-20,SOBTI_5_ET,ASIA_MORNING_LIT,2024-03-20T01:00:00+00:00,2024-03-20T03:30:00+00:00,2024-03-18,1,2024,1,UP,0.23340196188182874,DOWN,285
2024-03-21,SOBTI_5_ET,ASIA_MORNING_LIT,2024-03-21T01:00:00+00:00,2024-03-21T03:30:00+00:00,2024-03-19,1,2024,1,UP,0.2856153180421834,DOWN,285
2024-03-22,SOBTI_5_ET,ASIA_MORNING_LIT,2024-03-22T01:00:00+00:00,2024-03-22T03:30:00+00:00,2024-03-20,1,2024,0,DOWN,0.37597128141615055,DOWN,290
2024-03-25,SOBTI_5_ET,ASIA_MORNING_LIT,2024-03-25T01:00:00+00:00,2024-03-25T03:30:00+00:00,2024-03-22,2,2024,1,UP,0.3304514371755742,DOWN,290
2024-03-26,SOBTI_5_ET,ASIA_MORNING_LIT,2024-03-26T01:00:00+00:00,2024-03-26T03:30:00+00:00,2024-03-22,3,2024,0,DOWN,0.3304514371755742,DOWN,290
2024-03-27,SOBTI_5_ET,ASIA_MORNING_LIT,2024-03-27T01:00:00+00:00,2024-03-27T03:30:00+00:00,2024-03-25,1,2024,1,UP,0.3284304155601178,DOWN,290
2024-03-28,SOBTI_5_ET,ASIA_MORNING_LIT,2024-03-28T01:00:00+00:00,2024-03-28T03:30:00+00:00,2024-03-26,1,2024,1,UP,0.4453138213025636,DOWN,290
2024-04-01,SOBTI_5_ET,ASIA_MORNING_LIT,2024-04-01T01:00:00+00:00,2024-04-01T03:30:00+00:00,2024-03-28,3,2024,1,UP,0.3692218476890876,DOWN,295
2024-04-02,SOBTI_5_ET,ASIA_MORNING_LIT,2024-04-02T01:00:00+00:00,2024-04-02T03:30:00+00:00,2024-03-28,4,2024,1,UP,0.3692218476890876,DOWN,295
2024-04-03,SOBTI_5_ET,ASIA_MORNING_LIT,2024-04-03T01:00:00+00:00,2024-04-03T03:30:00+00:00,2024-03-28,5,2024,1,UP,0.3692218476890876,DOWN,295
2024-04-08,SOBTI_5_ET,ASIA_MORNING_LIT,2024-04-08T01:00:00+00:00,2024-04-08T03:30:00+00:00,2024-04-05,2,2024,1,UP,0.5850971229072954,UP,295
2024-04-09,SOBTI_5_ET,ASIA_MORNING_LIT,2024-04-09T01:00:00+00:00,2024-04-09T03:30:00+00:00,2024-04-05,3,2024,1,UP,0.5850971229072954,UP,295
2024-04-10,SOBTI_5_ET,ASIA_MORNING_LIT,2024-04-10T01:00:00+00:00,2024-04-10T03:30:00+00:00,2024-04-08,1,2024,1,UP,0.6399691339160037,UP,300
2024-04-11,SOBTI_5_ET,ASIA_MORNING_LIT,2024-04-11T01:00:00+00:00,2024-04-11T03:30:00+00:00,2024-04-09,1,2024,1,UP,0.7032695553946241,UP,300
2024-04-12,SOBTI_5_ET,ASIA_MORNING_LIT,2024-04-12T01:00:00+00:00,2024-04-12T03:30:00+00:00,2024-04-10,1,2024,1,UP,0.5097379376507488,UP,300
2024-04-15,SOBTI_5_ET,ASIA_MORNING_LIT,2024-04-15T01:00:00+00:00,2024-04-15T03:30:00+00:00,2024-04-12,2,2024,1,UP,0.6730412351091205,UP,300
2024-04-16,SOBTI_5_ET,ASIA_MORNING_LIT,2024-04-16T01:00:00+00:00,2024-04-16T03:30:00+00:00,2024-04-12,3,2024,1,UP,0.6730412351091205,UP,300
2024-04-17,SOBTI_5_ET,ASIA_MORNING_LIT,2024-04-17T01:00:00+00:00,2024-04-17T03:30:00+00:00,2024-04-15,1,2024,0,DOWN,0.3851248948058287,DOWN,305
2024-04-18,SOBTI_5_ET,ASIA_MORNING_LIT,2024-04-18T01:00:00+00:00,2024-04-18T03:30:00+00:00,2024-04-16,1,2024,1,UP,0.5263859628497624,UP,305
2024-04-19,SOBTI_5_ET,ASIA_MORNING_LIT,2024-04-19T01:00:00+00:00,2024-04-19T03:30:00+00:00,2024-04-17,1,2024,1,UP,0.5423871195374587,UP,305
2024-04-22,SOBTI_5_ET,ASIA_MORNING_LIT,2024-04-22T01:00:00+00:00,2024-04-22T03:30:00+00:00,2024-04-19,2,2024,0,DOWN,0.40289870374616094,DOWN,305
2024-04-23,SOBTI_5_ET,ASIA_MORNING_LIT,2024-04-23T01:00:00+00:00,2024-04-23T03:30:00+00:00,2024-04-19,3,2024,0,DOWN,0.402898703746161,DOWN,305
2024-04-24,SOBTI_5_ET,ASIA_MORNING_LIT,2024-04-24T01:00:00+00:00,2024-04-24T03:30:00+00:00,2024-04-22,1,2024,1,UP,0.40759981362537717,DOWN,310
2024-04-25,SOBTI_5_ET,ASIA_MORNING_LIT,2024-04-25T01:00:00+00:00,2024-04-25T03:30:00+00:00,2024-04-23,1,2024,0,DOWN,0.18463014533322084,DOWN,310
2024-04-26,SOBTI_5_ET,ASIA_MORNING_LIT,2024-04-26T01:00:00+00:00,2024-04-26T03:30:00+00:00,2024-04-24,1,2024,1,UP,0.28094711909343417,DOWN,310
2024-04-29,SOBTI_5_ET,ASIA_MORNING_LIT,2024-04-29T01:00:00+00:00,2024-04-29T03:30:00+00:00,2024-04-26,2,2024,0,DOWN,0.3822355424557066,DOWN,310
2024-04-30,SOBTI_5_ET,ASIA_MORNING_LIT,2024-04-30T01:00:00+00:00,2024-04-30T03:30:00+00:00,2024-04-26,3,2024,0,DOWN,0.3822355424557066,DOWN,310
2024-05-06,SOBTI_5_ET,ASIA_MORNING_LIT,2024-05-06T01:00:00+00:00,2024-05-06T03:30:00+00:00,2024-05-03,2,2024,1,UP,0.3581420613324989,DOWN,315
2024-05-07,SOBTI_5_ET,ASIA_MORNING_LIT,2024-05-07T01:00:00+00:00,2024-05-07T03:30:00+00:00,2024-05-03,3,2024,0,DOWN,0.3581420613324989,DOWN,315
2024-05-08,SOBTI_5_ET,ASIA_MORNING_LIT,2024-05-08T01:00:00+00:00,2024-05-08T03:30:00+00:00,2024-05-03,4,2024,1,UP,0.3581420613324989,DOWN,315
2024-05-09,SOBTI_5_ET,ASIA_MORNING_LIT,2024-05-09T01:00:00+00:00,2024-05-09T03:30:00+00:00,2024-05-07,1,2024,1,UP,0.31409190956155136,DOWN,315
2024-05-10,SOBTI_5_ET,ASIA_MORNING_LIT,2024-05-10T01:00:00+00:00,2024-05-10T03:30:00+00:00,2024-05-08,1,2024,1,UP,0.45710341450208164,DOWN,315
2024-05-13,SOBTI_5_ET,ASIA_MORNING_LIT,2024-05-13T01:00:00+00:00,2024-05-13T03:30:00+00:00,2024-05-10,2,2024,0,DOWN,0.7299159001281398,UP,320
2024-05-14,SOBTI_5_ET,ASIA_MORNING_LIT,2024-05-14T01:00:00+00:00,2024-05-14T03:30:00+00:00,2024-05-10,3,2024,1,UP,0.7299159001281398,UP,320
2024-05-15,SOBTI_5_ET,ASIA_MORNING_LIT,2024-05-15T01:00:00+00:00,2024-05-15T03:30:00+00:00,2024-05-13,1,2024,1,UP,0.5289426539992225,UP,320
2024-05-16,SOBTI_5_ET,ASIA_MORNING_LIT,2024-05-16T01:00:00+00:00,2024-05-16T03:30:00+00:00,2024-05-14,1,2024,0,DOWN,0.6000287135363818,UP,320
2024-05-17,SOBTI_5_ET,ASIA_MORNING_LIT,2024-05-17T01:00:00+00:00,2024-05-17T03:30:00+00:00,2024-05-15,1,2024,0,DOWN,0.7478694048544994,UP,320
2024-05-20,SOBTI_5_ET,ASIA_MORNING_LIT,2024-05-20T01:00:00+00:00,2024-05-20T03:30:00+00:00,2024-05-17,2,2024,1,UP,0.5221906427651475,UP,325
2024-05-21,SOBTI_5_ET,ASIA_MORNING_LIT,2024-05-21T01:00:00+00:00,2024-05-21T03:30:00+00:00,2024-05-17,3,2024,0,DOWN,0.5221906427651475,UP,325
2024-05-22,SOBTI_5_ET,ASIA_MORNING_LIT,2024-05-22T01:00:00+00:00,2024-05-22T03:30:00+00:00,2024-05-20,1,2024,0,DOWN,0.6282767171593726,UP,325
2024-05-23,SOBTI_5_ET,ASIA_MORNING_LIT,2024-05-23T01:00:00+00:00,2024-05-23T03:30:00+00:00,2024-05-21,1,2024,0,DOWN,0.48737179157561866,DOWN,325
2024-05-24,SOBTI_5_ET,ASIA_MORNING_LIT,2024-05-24T01:00:00+00:00,2024-05-24T03:30:00+00:00,2024-05-22,1,2024,1,UP,0.4792420647894363,DOWN,325
2024-05-27,SOBTI_5_ET,ASIA_MORNING_LIT,2024-05-27T01:00:00+00:00,2024-05-27T03:30:00+00:00,2024-05-24,2,2024,1,UP,0.2769075437285935,DOWN,330
2024-05-28,SOBTI_5_ET,ASIA_MORNING_LIT,2024-05-28T01:00:00+00:00,2024-05-28T03:30:00+00:00,2024-05-24,3,2024,0,DOWN,0.2769075437285935,DOWN,330
2024-05-29,SOBTI_5_ET,ASIA_MORNING_LIT,2024-05-29T01:00:00+00:00,2024-05-29T03:30:00+00:00,2024-05-24,4,2024,0,DOWN,0.2769075437285935,DOWN,330
2024-05-30,SOBTI_5_ET,ASIA_MORNING_LIT,2024-05-30T01:00:00+00:00,2024-05-30T03:30:00+00:00,2024-05-28,1,2024,0,DOWN,0.21324851358878502,DOWN,330
2024-05-31,SOBTI_5_ET,ASIA_MORNING_LIT,2024-05-31T01:00:00+00:00,2024-05-31T03:30:00+00:00,2024-05-29,1,2024,0,DOWN,0.27221783578312037,DOWN,330
2024-06-03,SOBTI_5_ET,ASIA_MORNING_LIT,2024-06-03T01:00:00+00:00,2024-06-03T03:30:00+00:00,2024-05-31,2,2024,0,DOWN,0.4344003182445476,DOWN,335
2024-06-04,SOBTI_5_ET,ASIA_MORNING_LIT,2024-06-04T01:00:00+00:00,2024-06-04T03:30:00+00:00,2024-05-31,3,2024,0,DOWN,0.4344003182445476,DOWN,335
2024-06-05,SOBTI_5_ET,ASIA_MORNING_LIT,2024-06-05T01:00:00+00:00,2024-06-05T03:30:00+00:00,2024-06-03,1,2024,1,UP,0.5017356827870186,UP,335
2024-06-06,SOBTI_5_ET,ASIA_MORNING_LIT,2024-06-06T01:00:00+00:00,2024-06-06T03:30:00+00:00,2024-06-04,1,2024,1,UP,0.517135938187201,UP,335
2024-06-07,SOBTI_5_ET,ASIA_MORNING_LIT,2024-06-07T01:00:00+00:00,2024-06-07T03:30:00+00:00,2024-06-05,1,2024,0,DOWN,0.46184291928362126,DOWN,335
2024-06-11,SOBTI_5_ET,ASIA_MORNING_LIT,2024-06-11T01:00:00+00:00,2024-06-11T03:30:00+00:00,2024-06-07,3,2024,0,DOWN,0.36485021568104176,DOWN,340
2024-06-12,SOBTI_5_ET,ASIA_MORNING_LIT,2024-06-12T01:00:00+00:00,2024-06-12T03:30:00+00:00,2024-06-10,1,2024,1,UP,0.31768999560025324,DOWN,340
2024-06-13,SOBTI_5_ET,ASIA_MORNING_LIT,2024-06-13T01:00:00+00:00,2024-06-13T03:30:00+00:00,2024-06-11,1,2024,0,DOWN,0.4795615292447273,DOWN,340
2024-06-14,SOBTI_5_ET,ASIA_MORNING_LIT,2024-06-14T01:00:00+00:00,2024-06-14T03:30:00+00:00,2024-06-12,1,2024,1,UP,0.43178314069909923,DOWN,340
2024-06-17,SOBTI_5_ET,ASIA_MORNING_LIT,2024-06-17T01:00:00+00:00,2024-06-17T03:30:00+00:00,2024-06-14,2,2024,0,DOWN,0.4405789085921833,DOWN,340
2024-06-18,SOBTI_5_ET,ASIA_MORNING_LIT,2024-06-18T01:00:00+00:00,2024-06-18T03:30:00+00:00,2024-06-14,3,2024,1,UP,0.4316627572858694,DOWN,345
2024-06-19,SOBTI_5_ET,ASIA_MORNING_LIT,2024-06-19T01:00:00+00:00,2024-06-19T03:30:00+00:00,2024-06-17,1,2024,1,UP,0.5537213531736821,UP,345
2024-06-20,SOBTI_5_ET,ASIA_MORNING_LIT,2024-06-20T01:00:00+00:00,2024-06-20T03:30:00+00:00,2024-06-18,1,2024,1,UP,0.5561866035614711,UP,345
2024-06-21,SOBTI_5_ET,ASIA_MORNING_LIT,2024-06-21T01:00:00+00:00,2024-06-21T03:30:00+00:00,2024-06-19,1,2024,0,DOWN,0.5763538811842769,UP,345
2024-06-24,SOBTI_5_ET,ASIA_MORNING_LIT,2024-06-24T01:00:00+00:00,2024-06-24T03:30:00+00:00,2024-06-21,2,2024,1,UP,0.665700913968518,UP,345
2024-06-25,SOBTI_5_ET,ASIA_MORNING_LIT,2024-06-25T01:00:00+00:00,2024-06-25T03:30:00+00:00,2024-06-21,3,2024,0,DOWN,0.6748930529771366,UP,350
2024-06-26,SOBTI_5_ET,ASIA_MORNING_LIT,2024-06-26T01:00:00+00:00,2024-06-26T03:30:00+00:00,2024-06-24,1,2024,1,UP,0.5923059545348242,UP,350
2024-06-27,SOBTI_5_ET,ASIA_MORNING_LIT,2024-06-27T01:00:00+00:00,2024-06-27T03:30:00+00:00,2024-06-25,1,2024,0,DOWN,0.5638363545717736,UP,350
2024-06-28,SOBTI_5_ET,ASIA_MORNING_LIT,2024-06-28T01:00:00+00:00,2024-06-28T03:30:00+00:00,2024-06-26,1,2024,1,UP,0.5761879687426467,UP,350
2024-07-01,SOBTI_5_ET,ASIA_MORNING_LIT,2024-07-01T01:00:00+00:00,2024-07-01T03:30:00+00:00,2024-06-28,2,2024,1,UP,0.41313475371945574,DOWN,350
2024-07-02,SOBTI_5_ET,ASIA_MORNING_LIT,2024-07-02T01:00:00+00:00,2024-07-02T03:30:00+00:00,2024-06-28,3,2024,0,DOWN,0.4242462390583421,DOWN,355
2024-07-03,SOBTI_5_ET,ASIA_MORNING_LIT,2024-07-03T01:00:00+00:00,2024-07-03T03:30:00+00:00,2024-07-01,1,2024,0,DOWN,0.49254083769326856,DOWN,355
2024-07-04,SOBTI_5_ET,ASIA_MORNING_LIT,2024-07-04T01:00:00+00:00,2024-07-04T03:30:00+00:00,2024-07-02,1,2024,1,UP,0.45951807183056526,DOWN,355
2024-07-05,SOBTI_5_ET,ASIA_MORNING_LIT,2024-07-05T01:00:00+00:00,2024-07-05T03:30:00+00:00,2024-07-03,1,2024,1,UP,0.46360356034868533,DOWN,355
2024-07-08,SOBTI_5_ET,ASIA_MORNING_LIT,2024-07-08T01:00:00+00:00,2024-07-08T03:30:00+00:00,2024-07-05,2,2024,0,DOWN,0.5094081242136703,UP,355
2024-07-09,SOBTI_5_ET,ASIA_MORNING_LIT,2024-07-09T01:00:00+00:00,2024-07-09T03:30:00+00:00,2024-07-05,3,2024,1,UP,0.5075053402020805,UP,360
2024-07-10,SOBTI_5_ET,ASIA_MORNING_LIT,2024-07-10T01:00:00+00:00,2024-07-10T03:30:00+00:00,2024-07-08,1,2024,1,UP,0.5145423358652103,UP,360
2024-07-11,SOBTI_5_ET,ASIA_MORNING_LIT,2024-07-11T01:00:00+00:00,2024-07-11T03:30:00+00:00,2024-07-09,1,2024,1,UP,0.473555413608519,DOWN,360
2024-07-12,SOBTI_5_ET,ASIA_MORNING_LIT,2024-07-12T01:00:00+00:00,2024-07-12T03:30:00+00:00,2024-07-10,1,2024,0,DOWN,0.5319816244265044,UP,360
2024-07-15,SOBTI_5_ET,ASIA_MORNING_LIT,2024-07-15T01:00:00+00:00,2024-07-15T03:30:00+00:00,2024-07-12,2,2024,1,UP,0.6320417577239638,UP,360
2024-07-16,SOBTI_5_ET,ASIA_MORNING_LIT,2024-07-16T01:00:00+00:00,2024-07-16T03:30:00+00:00,2024-07-12,3,2024,1,UP,0.637859609676174,UP,365
2024-07-17,SOBTI_5_ET,ASIA_MORNING_LIT,2024-07-17T01:00:00+00:00,2024-07-17T03:30:00+00:00,2024-07-15,1,2024,0,DOWN,0.5505166420999089,UP,365
2024-07-18,SOBTI_5_ET,ASIA_MORNING_LIT,2024-07-18T01:00:00+00:00,2024-07-18T03:30:00+00:00,2024-07-16,1,2024,1,UP,0.6553684155081936,UP,365
2024-07-19,SOBTI_5_ET,ASIA_MORNING_LIT,2024-07-19T01:00:00+00:00,2024-07-19T03:30:00+00:00,2024-07-17,1,2024,0,DOWN,0.7722989768259467,UP,365
2024-07-22,SOBTI_5_ET,ASIA_MORNING_LIT,2024-07-22T01:00:00+00:00,2024-07-22T03:30:00+00:00,2024-07-19,2,2024,1,UP,0.536456962646098,UP,365
2024-07-23,SOBTI_5_ET,ASIA_MORNING_LIT,2024-07-23T01:00:00+00:00,2024-07-23T03:30:00+00:00,2024-07-19,3,2024,0,DOWN,0.5527843948547547,UP,370
2024-07-24,SOBTI_5_ET,ASIA_MORNING_LIT,2024-07-24T01:00:00+00:00,2024-07-24T03:30:00+00:00,2024-07-22,1,2024,1,UP,0.48625718459379397,DOWN,370
2024-07-25,SOBTI_5_ET,ASIA_MORNING_LIT,2024-07-25T01:00:00+00:00,2024-07-25T03:30:00+00:00,2024-07-23,1,2024,0,DOWN,0.44638169038027053,DOWN,370
2024-07-26,SOBTI_5_ET,ASIA_MORNING_LIT,2024-07-26T01:00:00+00:00,2024-07-26T03:30:00+00:00,2024-07-24,1,2024,1,UP,0.3516379418232655,DOWN,370
2024-07-29,SOBTI_5_ET,ASIA_MORNING_LIT,2024-07-29T01:00:00+00:00,2024-07-29T03:30:00+00:00,2024-07-26,2,2024,0,DOWN,0.45548767364010184,DOWN,370
2024-07-30,SOBTI_5_ET,ASIA_MORNING_LIT,2024-07-30T01:00:00+00:00,2024-07-30T03:30:00+00:00,2024-07-26,3,2024,1,UP,0.4442355304640973,DOWN,375
2024-07-31,SOBTI_5_ET,ASIA_MORNING_LIT,2024-07-31T01:00:00+00:00,2024-07-31T03:30:00+00:00,2024-07-29,1,2024,1,UP,0.5022970436661264,UP,375
2024-08-01,SOBTI_5_ET,ASIA_MORNING_LIT,2024-08-01T01:00:00+00:00,2024-08-01T03:30:00+00:00,2024-07-30,1,2024,0,DOWN,0.5228915054901432,UP,375
2024-08-02,SOBTI_5_ET,ASIA_MORNING_LIT,2024-08-02T01:00:00+00:00,2024-08-02T03:30:00+00:00,2024-07-31,1,2024,1,UP,0.4835182381720455,DOWN,375
2024-08-05,SOBTI_5_ET,ASIA_MORNING_LIT,2024-08-05T01:00:00+00:00,2024-08-05T03:30:00+00:00,2024-08-02,2,2024,1,UP,0.7058842663417231,UP,375
2024-08-06,SOBTI_5_ET,ASIA_MORNING_LIT,2024-08-06T01:00:00+00:00,2024-08-06T03:30:00+00:00,2024-08-02,3,2024,0,DOWN,0.7262131102411572,UP,380
2024-08-07,SOBTI_5_ET,ASIA_MORNING_LIT,2024-08-07T01:00:00+00:00,2024-08-07T03:30:00+00:00,2024-08-05,1,2024,1,UP,0.6633396622077462,UP,380
2024-08-08,SOBTI_5_ET,ASIA_MORNING_LIT,2024-08-08T01:00:00+00:00,2024-08-08T03:30:00+00:00,2024-08-06,1,2024,1,UP,0.558626831256902,UP,380
2024-08-09,SOBTI_5_ET,ASIA_MORNING_LIT,2024-08-09T01:00:00+00:00,2024-08-09T03:30:00+00:00,2024-08-07,1,2024,0,DOWN,0.4493095170128086,DOWN,380
2024-08-12,SOBTI_5_ET,ASIA_MORNING_LIT,2024-08-12T01:00:00+00:00,2024-08-12T03:30:00+00:00,2024-08-09,2,2024,0,DOWN,0.41287923099941576,DOWN,380
2024-08-13,SOBTI_5_ET,ASIA_MORNING_LIT,2024-08-13T01:00:00+00:00,2024-08-13T03:30:00+00:00,2024-08-09,3,2024,0,DOWN,0.3848885895780481,DOWN,385
2024-08-14,SOBTI_5_ET,ASIA_MORNING_LIT,2024-08-14T01:00:00+00:00,2024-08-14T03:30:00+00:00,2024-08-12,1,2024,0,DOWN,0.5085142156239725,UP,385
2024-08-15,SOBTI_5_ET,ASIA_MORNING_LIT,2024-08-15T01:00:00+00:00,2024-08-15T03:30:00+00:00,2024-08-13,1,2024,1,UP,0.6421989167476525,UP,385
2024-08-16,SOBTI_5_ET,ASIA_MORNING_LIT,2024-08-16T01:00:00+00:00,2024-08-16T03:30:00+00:00,2024-08-14,1,2024,0,DOWN,0.6502772695993281,UP,385
2024-08-19,SOBTI_5_ET,ASIA_MORNING_LIT,2024-08-19T01:00:00+00:00,2024-08-19T03:30:00+00:00,2024-08-16,2,2024,0,DOWN,0.6279090899764984,UP,385
2024-08-20,SOBTI_5_ET,ASIA_MORNING_LIT,2024-08-20T01:00:00+00:00,2024-08-20T03:30:00+00:00,2024-08-16,3,2024,0,DOWN,0.6007159653347537,UP,390
2024-08-21,SOBTI_5_ET,ASIA_MORNING_LIT,2024-08-21T01:00:00+00:00,2024-08-21T03:30:00+00:00,2024-08-19,1,2024,0,DOWN,0.5620444022613998,UP,390
2024-08-22,SOBTI_5_ET,ASIA_MORNING_LIT,2024-08-22T01:00:00+00:00,2024-08-22T03:30:00+00:00,2024-08-20,1,2024,0,DOWN,0.47545956360432007,DOWN,390
2024-08-23,SOBTI_5_ET,ASIA_MORNING_LIT,2024-08-23T01:00:00+00:00,2024-08-23T03:30:00+00:00,2024-08-21,1,2024,1,UP,0.4812201396059588,DOWN,390
2024-08-26,SOBTI_5_ET,ASIA_MORNING_LIT,2024-08-26T01:00:00+00:00,2024-08-26T03:30:00+00:00,2024-08-23,2,2024,0,DOWN,0.5421519616883126,UP,390
2024-08-27,SOBTI_5_ET,ASIA_MORNING_LIT,2024-08-27T01:00:00+00:00,2024-08-27T03:30:00+00:00,2024-08-23,3,2024,0,DOWN,0.5240093469024608,UP,395
2024-08-28,SOBTI_5_ET,ASIA_MORNING_LIT,2024-08-28T01:00:00+00:00,2024-08-28T03:30:00+00:00,2024-08-23,4,2024,0,DOWN,0.5240093469024608,UP,395
2024-08-29,SOBTI_5_ET,ASIA_MORNING_LIT,2024-08-29T01:00:00+00:00,2024-08-29T03:30:00+00:00,2024-08-27,1,2024,1,UP,0.4351461591563159,DOWN,395
2024-08-30,SOBTI_5_ET,ASIA_MORNING_LIT,2024-08-30T01:00:00+00:00,2024-08-30T03:30:00+00:00,2024-08-28,1,2024,0,DOWN,0.48996998254250274,DOWN,395
2024-09-02,SOBTI_5_ET,ASIA_MORNING_LIT,2024-09-02T01:00:00+00:00,2024-09-02T03:30:00+00:00,2024-08-30,2,2024,0,DOWN,0.5336630376945405,UP,395
2024-09-03,SOBTI_5_ET,ASIA_MORNING_LIT,2024-09-03T01:00:00+00:00,2024-09-03T03:30:00+00:00,2024-08-30,3,2024,1,UP,0.5232525660379364,UP,400
2024-09-04,SOBTI_5_ET,ASIA_MORNING_LIT,2024-09-04T01:00:00+00:00,2024-09-04T03:30:00+00:00,2024-09-02,1,2024,1,UP,0.5398617613228053,UP,400
2024-09-05,SOBTI_5_ET,ASIA_MORNING_LIT,2024-09-05T01:00:00+00:00,2024-09-05T03:30:00+00:00,2024-09-03,1,2024,1,UP,0.5265125021462269,UP,400
2024-09-06,SOBTI_5_ET,ASIA_MORNING_LIT,2024-09-06T01:00:00+00:00,2024-09-06T03:30:00+00:00,2024-09-04,1,2024,1,UP,0.3778347038260384,DOWN,400
2024-09-09,SOBTI_5_ET,ASIA_MORNING_LIT,2024-09-09T01:00:00+00:00,2024-09-09T03:30:00+00:00,2024-09-06,2,2024,1,UP,0.4483161424154425,DOWN,400
2024-09-10,SOBTI_5_ET,ASIA_MORNING_LIT,2024-09-10T01:00:00+00:00,2024-09-10T03:30:00+00:00,2024-09-06,3,2024,0,DOWN,0.46759023469031097,DOWN,405
2024-09-11,SOBTI_5_ET,ASIA_MORNING_LIT,2024-09-11T01:00:00+00:00,2024-09-11T03:30:00+00:00,2024-09-09,1,2024,1,UP,0.5567422596282536,UP,405
2024-09-12,SOBTI_5_ET,ASIA_MORNING_LIT,2024-09-12T01:00:00+00:00,2024-09-12T03:30:00+00:00,2024-09-10,1,2024,1,UP,0.4671742986303779,DOWN,405
2024-09-13,SOBTI_5_ET,ASIA_MORNING_LIT,2024-09-13T01:00:00+00:00,2024-09-13T03:30:00+00:00,2024-09-11,1,2024,1,UP,0.5707981133926019,UP,405
2024-09-18,SOBTI_5_ET,ASIA_MORNING_LIT,2024-09-18T01:00:00+00:00,2024-09-18T03:30:00+00:00,2024-09-16,1,2024,1,UP,0.511145315178514,UP,405
2024-09-19,SOBTI_5_ET,ASIA_MORNING_LIT,2024-09-19T01:00:00+00:00,2024-09-19T03:30:00+00:00,2024-09-17,1,2024,1,UP,0.5821154223095458,UP,410
2024-09-20,SOBTI_5_ET,ASIA_MORNING_LIT,2024-09-20T01:00:00+00:00,2024-09-20T03:30:00+00:00,2024-09-18,1,2024,1,UP,0.5556022856512604,UP,410
2024-09-23,SOBTI_5_ET,ASIA_MORNING_LIT,2024-09-23T01:00:00+00:00,2024-09-23T03:30:00+00:00,2024-09-20,2,2024,1,UP,0.5035288502666159,UP,410
2024-09-24,SOBTI_5_ET,ASIA_MORNING_LIT,2024-09-24T01:00:00+00:00,2024-09-24T03:30:00+00:00,2024-09-20,3,2024,1,UP,0.5035288502666159,UP,410
2024-09-25,SOBTI_5_ET,ASIA_MORNING_LIT,2024-09-25T01:00:00+00:00,2024-09-25T03:30:00+00:00,2024-09-23,1,2024,1,UP,0.5659805262276117,UP,410
2024-09-26,SOBTI_5_ET,ASIA_MORNING_LIT,2024-09-26T01:00:00+00:00,2024-09-26T03:30:00+00:00,2024-09-24,1,2024,1,UP,0.5707612544637855,UP,415
2024-09-27,SOBTI_5_ET,ASIA_MORNING_LIT,2024-09-27T01:00:00+00:00,2024-09-27T03:30:00+00:00,2024-09-25,1,2024,1,UP,0.55175902183659,UP,415
2024-09-30,SOBTI_5_ET,ASIA_MORNING_LIT,2024-09-30T01:00:00+00:00,2024-09-30T03:30:00+00:00,2024-09-27,2,2024,0,DOWN,0.6354229676893463,UP,415
2024-10-08,SOBTI_5_ET,ASIA_MORNING_LIT,2024-10-08T01:00:00+00:00,2024-10-08T03:30:00+00:00,2024-10-04,3,2024,0,DOWN,0.4404043905560549,DOWN,415
2024-10-09,SOBTI_5_ET,ASIA_MORNING_LIT,2024-10-09T01:00:00+00:00,2024-10-09T03:30:00+00:00,2024-10-07,1,2024,0,DOWN,0.4778381336854389,DOWN,415
2024-10-10,SOBTI_5_ET,ASIA_MORNING_LIT,2024-10-10T01:00:00+00:00,2024-10-10T03:30:00+00:00,2024-10-08,1,2024,1,UP,0.5001282199274757,UP,420
2024-10-11,SOBTI_5_ET,ASIA_MORNING_LIT,2024-10-11T01:00:00+00:00,2024-10-11T03:30:00+00:00,2024-10-09,1,2024,1,UP,0.4393773784960504,DOWN,420
2024-10-14,SOBTI_5_ET,ASIA_MORNING_LIT,2024-10-14T01:00:00+00:00,2024-10-14T03:30:00+00:00,2024-10-11,2,2024,1,UP,0.4597381566019618,DOWN,420
2024-10-15,SOBTI_5_ET,ASIA_MORNING_LIT,2024-10-15T01:00:00+00:00,2024-10-15T03:30:00+00:00,2024-10-11,3,2024,0,DOWN,0.4597381566019618,DOWN,420
2024-10-16,SOBTI_5_ET,ASIA_MORNING_LIT,2024-10-16T01:00:00+00:00,2024-10-16T03:30:00+00:00,2024-10-14,1,2024,1,UP,0.5836887806862637,UP,420
2024-10-17,SOBTI_5_ET,ASIA_MORNING_LIT,2024-10-17T01:00:00+00:00,2024-10-17T03:30:00+00:00,2024-10-15,1,2024,1,UP,0.5562152474614256,UP,425
2024-10-18,SOBTI_5_ET,ASIA_MORNING_LIT,2024-10-18T01:00:00+00:00,2024-10-18T03:30:00+00:00,2024-10-16,1,2024,1,UP,0.6104313481694402,UP,425
2024-10-21,SOBTI_5_ET,ASIA_MORNING_LIT,2024-10-21T01:00:00+00:00,2024-10-21T03:30:00+00:00,2024-10-18,2,2024,1,UP,0.6738645595645313,UP,425
2024-10-22,SOBTI_5_ET,ASIA_MORNING_LIT,2024-10-22T01:00:00+00:00,2024-10-22T03:30:00+00:00,2024-10-18,3,2024,1,UP,0.6738645595645313,UP,425
2024-10-23,SOBTI_5_ET,ASIA_MORNING_LIT,2024-10-23T01:00:00+00:00,2024-10-23T03:30:00+00:00,2024-10-21,1,2024,0,DOWN,0.4185214660148809,DOWN,425
2024-10-24,SOBTI_5_ET,ASIA_MORNING_LIT,2024-10-24T01:00:00+00:00,2024-10-24T03:30:00+00:00,2024-10-22,1,2024,1,UP,0.5633264995960184,UP,430
2024-10-25,SOBTI_5_ET,ASIA_MORNING_LIT,2024-10-25T01:00:00+00:00,2024-10-25T03:30:00+00:00,2024-10-23,1,2024,0,DOWN,0.6484967894860678,UP,430
2024-10-28,SOBTI_5_ET,ASIA_MORNING_LIT,2024-10-28T01:00:00+00:00,2024-10-28T03:30:00+00:00,2024-10-25,2,2024,1,UP,0.5489454070575054,UP,430
2024-10-29,SOBTI_5_ET,ASIA_MORNING_LIT,2024-10-29T01:00:00+00:00,2024-10-29T03:30:00+00:00,2024-10-25,3,2024,1,UP,0.5489454070575054,UP,430
2024-10-30,SOBTI_5_ET,ASIA_MORNING_LIT,2024-10-30T01:00:00+00:00,2024-10-30T03:30:00+00:00,2024-10-28,1,2024,0,DOWN,0.5377028626948394,UP,430
2024-10-31,SOBTI_5_ET,ASIA_MORNING_LIT,2024-10-31T01:00:00+00:00,2024-10-31T03:30:00+00:00,2024-10-29,1,2024,0,DOWN,0.519926579686915,UP,435
2024-11-01,SOBTI_5_ET,ASIA_MORNING_LIT,2024-11-01T01:00:00+00:00,2024-11-01T03:30:00+00:00,2024-10-30,1,2024,1,UP,0.6517724405241477,UP,435
2024-11-04,SOBTI_5_ET,ASIA_MORNING_LIT,2024-11-04T02:00:00+00:00,2024-11-04T04:30:00+00:00,2024-11-01,2,2024,0,DOWN,0.601085175694422,UP,435
2024-11-05,SOBTI_5_ET,ASIA_MORNING_LIT,2024-11-05T02:00:00+00:00,2024-11-05T04:30:00+00:00,2024-11-01,3,2024,1,UP,0.601085175694422,UP,435
2024-11-06,SOBTI_5_ET,ASIA_MORNING_LIT,2024-11-06T02:00:00+00:00,2024-11-06T04:30:00+00:00,2024-11-04,1,2024,0,DOWN,0.5104672971961012,UP,435
2024-11-07,SOBTI_5_ET,ASIA_MORNING_LIT,2024-11-07T02:00:00+00:00,2024-11-07T04:30:00+00:00,2024-11-05,1,2024,1,UP,0.4796144298315615,DOWN,440
2024-11-08,SOBTI_5_ET,ASIA_MORNING_LIT,2024-11-08T02:00:00+00:00,2024-11-08T04:30:00+00:00,2024-11-06,1,2024,0,DOWN,0.4975459398367853,DOWN,440
2024-11-11,SOBTI_5_ET,ASIA_MORNING_LIT,2024-11-11T02:00:00+00:00,2024-11-11T04:30:00+00:00,2024-11-08,2,2024,0,DOWN,0.35596614022608425,DOWN,440
2024-11-12,SOBTI_5_ET,ASIA_MORNING_LIT,2024-11-12T02:00:00+00:00,2024-11-12T04:30:00+00:00,2024-11-08,3,2024,0,DOWN,0.35596614022608425,DOWN,440
2024-11-13,SOBTI_5_ET,ASIA_MORNING_LIT,2024-11-13T02:00:00+00:00,2024-11-13T04:30:00+00:00,2024-11-11,1,2024,1,UP,0.3664503406171702,DOWN,440
2024-11-14,SOBTI_5_ET,ASIA_MORNING_LIT,2024-11-14T02:00:00+00:00,2024-11-14T04:30:00+00:00,2024-11-12,1,2024,1,UP,0.20208455017734667,DOWN,445
2024-11-15,SOBTI_5_ET,ASIA_MORNING_LIT,2024-11-15T02:00:00+00:00,2024-11-15T04:30:00+00:00,2024-11-13,1,2024,1,UP,0.24246798263131272,DOWN,445
2024-11-18,SOBTI_5_ET,ASIA_MORNING_LIT,2024-11-18T02:00:00+00:00,2024-11-18T04:30:00+00:00,2024-11-15,2,2024,1,UP,0.22432102284078934,DOWN,445
2024-11-19,SOBTI_5_ET,ASIA_MORNING_LIT,2024-11-19T02:00:00+00:00,2024-11-19T04:30:00+00:00,2024-11-15,3,2024,1,UP,0.22432102284078934,DOWN,445
2024-11-20,SOBTI_5_ET,ASIA_MORNING_LIT,2024-11-20T02:00:00+00:00,2024-11-20T04:30:00+00:00,2024-11-18,1,2024,0,DOWN,0.38163835957379444,DOWN,445
2024-11-21,SOBTI_5_ET,ASIA_MORNING_LIT,2024-11-21T02:00:00+00:00,2024-11-21T04:30:00+00:00,2024-11-19,1,2024,1,UP,0.6206025479257519,UP,450
2024-11-22,SOBTI_5_ET,ASIA_MORNING_LIT,2024-11-22T02:00:00+00:00,2024-11-22T04:30:00+00:00,2024-11-20,1,2024,1,UP,0.586184072609944,UP,450
2024-11-25,SOBTI_5_ET,ASIA_MORNING_LIT,2024-11-25T02:00:00+00:00,2024-11-25T04:30:00+00:00,2024-11-22,2,2024,0,DOWN,0.7359591083276161,UP,450
2024-11-26,SOBTI_5_ET,ASIA_MORNING_LIT,2024-11-26T02:00:00+00:00,2024-11-26T04:30:00+00:00,2024-11-22,3,2024,0,DOWN,0.7359591083276161,UP,450
2024-11-27,SOBTI_5_ET,ASIA_MORNING_LIT,2024-11-27T02:00:00+00:00,2024-11-27T04:30:00+00:00,2024-11-25,1,2024,1,UP,0.5870033900797406,UP,450
2024-11-28,SOBTI_5_ET,ASIA_MORNING_LIT,2024-11-28T02:00:00+00:00,2024-11-28T04:30:00+00:00,2024-11-26,1,2024,1,UP,0.3805024202139884,DOWN,455
2024-11-29,SOBTI_5_ET,ASIA_MORNING_LIT,2024-11-29T02:00:00+00:00,2024-11-29T04:30:00+00:00,2024-11-27,1,2024,1,UP,0.4915435369249076,DOWN,455
2024-12-02,SOBTI_5_ET,ASIA_MORNING_LIT,2024-12-02T02:00:00+00:00,2024-12-02T04:30:00+00:00,2024-11-29,2,2024,0,DOWN,0.36748329891911713,DOWN,455
2024-12-03,SOBTI_5_ET,ASIA_MORNING_LIT,2024-12-03T02:00:00+00:00,2024-12-03T04:30:00+00:00,2024-11-29,3,2024,1,UP,0.36748329891911713,DOWN,455
2024-12-04,SOBTI_5_ET,ASIA_MORNING_LIT,2024-12-04T02:00:00+00:00,2024-12-04T04:30:00+00:00,2024-12-02,1,2024,1,UP,0.40438595621765533,DOWN,455
2024-12-05,SOBTI_5_ET,ASIA_MORNING_LIT,2024-12-05T02:00:00+00:00,2024-12-05T04:30:00+00:00,2024-12-03,1,2024,1,UP,0.5140356601506221,UP,460
2024-12-06,SOBTI_5_ET,ASIA_MORNING_LIT,2024-12-06T02:00:00+00:00,2024-12-06T04:30:00+00:00,2024-12-04,1,2024,1,UP,0.527086622817036,UP,460
2024-12-09,SOBTI_5_ET,ASIA_MORNING_LIT,2024-12-09T02:00:00+00:00,2024-12-09T04:30:00+00:00,2024-12-06,2,2024,0,DOWN,0.4980238958493774,DOWN,460
2024-12-10,SOBTI_5_ET,ASIA_MORNING_LIT,2024-12-10T02:00:00+00:00,2024-12-10T04:30:00+00:00,2024-12-06,3,2024,1,UP,0.4980238958493774,DOWN,460
2024-12-11,SOBTI_5_ET,ASIA_MORNING_LIT,2024-12-11T02:00:00+00:00,2024-12-11T04:30:00+00:00,2024-12-09,1,2024,0,DOWN,0.5219485804236719,UP,460
2024-12-12,SOBTI_5_ET,ASIA_MORNING_LIT,2024-12-12T02:00:00+00:00,2024-12-12T04:30:00+00:00,2024-12-10,1,2024,1,UP,0.5409040734233834,UP,465
2024-12-13,SOBTI_5_ET,ASIA_MORNING_LIT,2024-12-13T02:00:00+00:00,2024-12-13T04:30:00+00:00,2024-12-11,1,2024,0,DOWN,0.6376905147389711,UP,465
2024-12-16,SOBTI_5_ET,ASIA_MORNING_LIT,2024-12-16T02:00:00+00:00,2024-12-16T04:30:00+00:00,2024-12-13,2,2024,1,UP,0.5958101471721776,UP,465
2024-12-17,SOBTI_5_ET,ASIA_MORNING_LIT,2024-12-17T02:00:00+00:00,2024-12-17T04:30:00+00:00,2024-12-13,3,2024,0,DOWN,0.5958101471721776,UP,465
2024-12-18,SOBTI_5_ET,ASIA_MORNING_LIT,2024-12-18T02:00:00+00:00,2024-12-18T04:30:00+00:00,2024-12-16,1,2024,0,DOWN,0.4763549961769246,DOWN,465
2024-12-19,SOBTI_5_ET,ASIA_MORNING_LIT,2024-12-19T02:00:00+00:00,2024-12-19T04:30:00+00:00,2024-12-17,1,2024,0,DOWN,0.4706959999831786,DOWN,470
2024-12-20,SOBTI_5_ET,ASIA_MORNING_LIT,2024-12-20T02:00:00+00:00,2024-12-20T04:30:00+00:00,2024-12-18,1,2024,0,DOWN,0.47853429934524405,DOWN,470
2024-12-23,SOBTI_5_ET,ASIA_MORNING_LIT,2024-12-23T02:00:00+00:00,2024-12-23T04:30:00+00:00,2024-12-20,2,2024,1,UP,0.5280824221503304,UP,470
2024-12-24,SOBTI_5_ET,ASIA_MORNING_LIT,2024-12-24T02:00:00+00:00,2024-12-24T04:30:00+00:00,2024-12-20,3,2024,1,UP,0.5280824221503304,UP,470
2024-12-26,SOBTI_5_ET,ASIA_MORNING_LIT,2024-12-26T02:00:00+00:00,2024-12-26T04:30:00+00:00,2024-12-24,1,2024,1,UP,0.5123118583922965,UP,470
2024-12-27,SOBTI_5_ET,ASIA_MORNING_LIT,2024-12-27T02:00:00+00:00,2024-12-27T04:30:00+00:00,2024-12-24,2,2024,1,UP,0.519976290113105,UP,475
2024-12-30,SOBTI_5_ET,ASIA_MORNING_LIT,2024-12-30T02:00:00+00:00,2024-12-30T04:30:00+00:00,2024-12-27,2,2024,0,DOWN,0.49711848888697363,DOWN,475
2024-12-31,SOBTI_5_ET,ASIA_MORNING_LIT,2024-12-31T02:00:00+00:00,2024-12-31T04:30:00+00:00,2024-12-27,3,2024,0,DOWN,0.49711848888697363,DOWN,475
2023-06-29,SOBTI_5_ET,EUROPE_LIT,2023-06-29T07:30:00+00:00,2023-06-29T12:00:00+00:00,2023-06-28,1,2023,1,UP,0.3867221368149962,DOWN,120
2023-06-30,SOBTI_5_ET,EUROPE_LIT,2023-06-30T07:30:00+00:00,2023-06-30T12:00:00+00:00,2023-06-29,1,2023,0,DOWN,0.7383679665086429,UP,120
2023-07-03,SOBTI_5_ET,EUROPE_LIT,2023-07-03T07:30:00+00:00,2023-07-03T12:00:00+00:00,2023-06-30,3,2023,0,DOWN,0.4945535578633253,DOWN,120
2023-07-04,SOBTI_5_ET,EUROPE_LIT,2023-07-04T07:30:00+00:00,2023-07-04T12:00:00+00:00,2023-07-03,1,2023,1,UP,0.5347487471530427,UP,120
2023-07-05,SOBTI_5_ET,EUROPE_LIT,2023-07-05T07:30:00+00:00,2023-07-05T12:00:00+00:00,2023-07-04,1,2023,1,UP,0.35824454854964577,DOWN,120
2023-07-06,SOBTI_5_ET,EUROPE_LIT,2023-07-06T07:30:00+00:00,2023-07-06T12:00:00+00:00,2023-07-05,1,2023,1,UP,0.2681711308838472,DOWN,125
2023-07-07,SOBTI_5_ET,EUROPE_LIT,2023-07-07T07:30:00+00:00,2023-07-07T12:00:00+00:00,2023-07-06,1,2023,1,UP,0.46293511206499854,DOWN,125
2023-07-10,SOBTI_5_ET,EUROPE_LIT,2023-07-10T07:30:00+00:00,2023-07-10T12:00:00+00:00,2023-07-07,3,2023,1,UP,0.27576483553917547,DOWN,125
2023-07-11,SOBTI_5_ET,EUROPE_LIT,2023-07-11T07:30:00+00:00,2023-07-11T12:00:00+00:00,2023-07-10,1,2023,1,UP,0.474494017093419,DOWN,125
2023-07-12,SOBTI_5_ET,EUROPE_LIT,2023-07-12T07:30:00+00:00,2023-07-12T12:00:00+00:00,2023-07-11,1,2023,0,DOWN,0.44095506027772247,DOWN,125
2023-07-13,SOBTI_5_ET,EUROPE_LIT,2023-07-13T07:30:00+00:00,2023-07-13T12:00:00+00:00,2023-07-12,1,2023,0,DOWN,0.57408881536978,UP,130
2023-07-14,SOBTI_5_ET,EUROPE_LIT,2023-07-14T07:30:00+00:00,2023-07-14T12:00:00+00:00,2023-07-13,1,2023,1,UP,0.7615476457269436,UP,130
2023-07-17,SOBTI_5_ET,EUROPE_LIT,2023-07-17T07:30:00+00:00,2023-07-17T12:00:00+00:00,2023-07-14,3,2023,1,UP,0.849617322234707,UP,130
2023-07-18,SOBTI_5_ET,EUROPE_LIT,2023-07-18T07:30:00+00:00,2023-07-18T12:00:00+00:00,2023-07-17,1,2023,1,UP,0.7566772792831876,UP,130
2023-07-19,SOBTI_5_ET,EUROPE_LIT,2023-07-19T07:30:00+00:00,2023-07-19T12:00:00+00:00,2023-07-18,1,2023,0,DOWN,0.803791999004065,UP,130
2023-07-20,SOBTI_5_ET,EUROPE_LIT,2023-07-20T07:30:00+00:00,2023-07-20T12:00:00+00:00,2023-07-19,1,2023,1,UP,0.6546521650978041,UP,135
2023-07-21,SOBTI_5_ET,EUROPE_LIT,2023-07-21T07:30:00+00:00,2023-07-21T12:00:00+00:00,2023-07-20,1,2023,0,DOWN,0.523569132366847,UP,135
2023-07-24,SOBTI_5_ET,EUROPE_LIT,2023-07-24T07:30:00+00:00,2023-07-24T12:00:00+00:00,2023-07-21,3,2023,0,DOWN,0.3481870214124497,DOWN,135
2023-07-25,SOBTI_5_ET,EUROPE_LIT,2023-07-25T07:30:00+00:00,2023-07-25T12:00:00+00:00,2023-07-24,1,2023,0,DOWN,0.3823107509430669,DOWN,135
2023-07-26,SOBTI_5_ET,EUROPE_LIT,2023-07-26T07:30:00+00:00,2023-07-26T12:00:00+00:00,2023-07-25,1,2023,1,UP,0.4712184591984081,DOWN,135
2023-07-27,SOBTI_5_ET,EUROPE_LIT,2023-07-27T07:30:00+00:00,2023-07-27T12:00:00+00:00,2023-07-26,1,2023,1,UP,0.35326025631891644,DOWN,140
2023-07-28,SOBTI_5_ET,EUROPE_LIT,2023-07-28T07:30:00+00:00,2023-07-28T12:00:00+00:00,2023-07-27,1,2023,1,UP,0.4433808926491508,DOWN,140
2023-07-31,SOBTI_5_ET,EUROPE_LIT,2023-07-31T07:30:00+00:00,2023-07-31T12:00:00+00:00,2023-07-28,3,2023,1,UP,0.23668859459045563,DOWN,140
2023-08-01,SOBTI_5_ET,EUROPE_LIT,2023-08-01T07:30:00+00:00,2023-08-01T12:00:00+00:00,2023-07-31,1,2023,0,DOWN,0.4908979402658964,DOWN,140
2023-08-02,SOBTI_5_ET,EUROPE_LIT,2023-08-02T07:30:00+00:00,2023-08-02T12:00:00+00:00,2023-08-01,1,2023,1,UP,0.6134059243799125,UP,140
2023-08-03,SOBTI_5_ET,EUROPE_LIT,2023-08-03T07:30:00+00:00,2023-08-03T12:00:00+00:00,2023-08-02,1,2023,1,UP,0.5551793298700658,UP,145
2023-08-04,SOBTI_5_ET,EUROPE_LIT,2023-08-04T07:30:00+00:00,2023-08-04T12:00:00+00:00,2023-08-03,1,2023,0,DOWN,0.24434392025303456,DOWN,145
2023-08-07,SOBTI_5_ET,EUROPE_LIT,2023-08-07T07:30:00+00:00,2023-08-07T12:00:00+00:00,2023-08-04,3,2023,0,DOWN,0.47023614234145567,DOWN,145
2023-08-08,SOBTI_5_ET,EUROPE_LIT,2023-08-08T07:30:00+00:00,2023-08-08T12:00:00+00:00,2023-08-07,1,2023,0,DOWN,0.39728686097672755,DOWN,145
2023-08-09,SOBTI_5_ET,EUROPE_LIT,2023-08-09T07:30:00+00:00,2023-08-09T12:00:00+00:00,2023-08-08,1,2023,0,DOWN,0.23561571198930314,DOWN,145
2023-08-10,SOBTI_5_ET,EUROPE_LIT,2023-08-10T07:30:00+00:00,2023-08-10T12:00:00+00:00,2023-08-09,1,2023,1,UP,0.17145774243080433,DOWN,150
2023-08-11,SOBTI_5_ET,EUROPE_LIT,2023-08-11T07:30:00+00:00,2023-08-11T12:00:00+00:00,2023-08-10,1,2023,1,UP,0.5154526567831217,UP,150
2023-08-14,SOBTI_5_ET,EUROPE_LIT,2023-08-14T07:30:00+00:00,2023-08-14T12:00:00+00:00,2023-08-11,3,2023,1,UP,0.4586661946548046,DOWN,150
2023-08-15,SOBTI_5_ET,EUROPE_LIT,2023-08-15T07:30:00+00:00,2023-08-15T12:00:00+00:00,2023-08-14,1,2023,0,DOWN,0.5703851514989741,UP,150
2023-08-16,SOBTI_5_ET,EUROPE_LIT,2023-08-16T07:30:00+00:00,2023-08-16T12:00:00+00:00,2023-08-15,1,2023,0,DOWN,0.4942266562228203,DOWN,150
2023-08-17,SOBTI_5_ET,EUROPE_LIT,2023-08-17T07:30:00+00:00,2023-08-17T12:00:00+00:00,2023-08-16,1,2023,1,UP,0.7234194174671327,UP,155
2023-08-18,SOBTI_5_ET,EUROPE_LIT,2023-08-18T07:30:00+00:00,2023-08-18T12:00:00+00:00,2023-08-17,1,2023,1,UP,0.730831415460056,UP,155
2023-08-21,SOBTI_5_ET,EUROPE_LIT,2023-08-21T07:30:00+00:00,2023-08-21T12:00:00+00:00,2023-08-18,3,2023,1,UP,0.7758573983563997,UP,155
2023-08-22,SOBTI_5_ET,EUROPE_LIT,2023-08-22T07:30:00+00:00,2023-08-22T12:00:00+00:00,2023-08-21,1,2023,1,UP,0.7722898357221046,UP,155
2023-08-23,SOBTI_5_ET,EUROPE_LIT,2023-08-23T07:30:00+00:00,2023-08-23T12:00:00+00:00,2023-08-22,1,2023,0,DOWN,0.8274460318579396,UP,155
2023-08-24,SOBTI_5_ET,EUROPE_LIT,2023-08-24T07:30:00+00:00,2023-08-24T12:00:00+00:00,2023-08-23,1,2023,0,DOWN,0.7908346499022553,UP,160
2023-08-25,SOBTI_5_ET,EUROPE_LIT,2023-08-25T07:30:00+00:00,2023-08-25T12:00:00+00:00,2023-08-24,1,2023,1,UP,0.7340087652940008,UP,160
2023-08-29,SOBTI_5_ET,EUROPE_LIT,2023-08-29T07:30:00+00:00,2023-08-29T12:00:00+00:00,2023-08-25,4,2023,0,DOWN,0.7412778420815991,UP,160
2023-08-30,SOBTI_5_ET,EUROPE_LIT,2023-08-30T07:30:00+00:00,2023-08-30T12:00:00+00:00,2023-08-29,1,2023,1,UP,0.6982237087119098,UP,160
2023-08-31,SOBTI_5_ET,EUROPE_LIT,2023-08-31T07:30:00+00:00,2023-08-31T12:00:00+00:00,2023-08-30,1,2023,0,DOWN,0.7061142329151076,UP,160
2023-09-01,SOBTI_5_ET,EUROPE_LIT,2023-09-01T07:30:00+00:00,2023-09-01T12:00:00+00:00,2023-08-31,1,2023,1,UP,0.39680537928994597,DOWN,165
2023-09-04,SOBTI_5_ET,EUROPE_LIT,2023-09-04T07:30:00+00:00,2023-09-04T12:00:00+00:00,2023-09-01,3,2023,0,DOWN,0.4731901429657279,DOWN,165
2023-09-05,SOBTI_5_ET,EUROPE_LIT,2023-09-05T07:30:00+00:00,2023-09-05T12:00:00+00:00,2023-09-04,1,2023,0,DOWN,0.2531570382107701,DOWN,165
2023-09-06,SOBTI_5_ET,EUROPE_LIT,2023-09-06T07:30:00+00:00,2023-09-06T12:00:00+00:00,2023-09-05,1,2023,1,UP,0.37625823592266233,DOWN,165
2023-09-07,SOBTI_5_ET,EUROPE_LIT,2023-09-07T07:30:00+00:00,2023-09-07T12:00:00+00:00,2023-09-06,1,2023,1,UP,0.5025519555548021,UP,165
2023-09-08,SOBTI_5_ET,EUROPE_LIT,2023-09-08T07:30:00+00:00,2023-09-08T12:00:00+00:00,2023-09-07,1,2023,0,DOWN,0.4210343418679674,DOWN,170
2023-09-11,SOBTI_5_ET,EUROPE_LIT,2023-09-11T07:30:00+00:00,2023-09-11T12:00:00+00:00,2023-09-08,3,2023,0,DOWN,0.4593106826686694,DOWN,170
2023-09-12,SOBTI_5_ET,EUROPE_LIT,2023-09-12T07:30:00+00:00,2023-09-12T12:00:00+00:00,2023-09-11,1,2023,0,DOWN,0.5589149707121057,UP,170
2023-09-13,SOBTI_5_ET,EUROPE_LIT,2023-09-13T07:30:00+00:00,2023-09-13T12:00:00+00:00,2023-09-12,1,2023,1,UP,0.5171671431188533,UP,170
2023-09-14,SOBTI_5_ET,EUROPE_LIT,2023-09-14T07:30:00+00:00,2023-09-14T12:00:00+00:00,2023-09-13,1,2023,1,UP,0.553760129544301,UP,170
2023-09-15,SOBTI_5_ET,EUROPE_LIT,2023-09-15T07:30:00+00:00,2023-09-15T12:00:00+00:00,2023-09-14,1,2023,1,UP,0.482310798472665,DOWN,175
2023-09-18,SOBTI_5_ET,EUROPE_LIT,2023-09-18T07:30:00+00:00,2023-09-18T12:00:00+00:00,2023-09-15,3,2023,0,DOWN,0.6170088234825377,UP,175
2023-09-19,SOBTI_5_ET,EUROPE_LIT,2023-09-19T07:30:00+00:00,2023-09-19T12:00:00+00:00,2023-09-18,1,2023,1,UP,0.4784090897172102,DOWN,175
2023-09-20,SOBTI_5_ET,EUROPE_LIT,2023-09-20T07:30:00+00:00,2023-09-20T12:00:00+00:00,2023-09-19,1,2023,1,UP,0.43712651028308613,DOWN,175
2023-09-21,SOBTI_5_ET,EUROPE_LIT,2023-09-21T07:30:00+00:00,2023-09-21T12:00:00+00:00,2023-09-20,1,2023,0,DOWN,0.48227823515205076,DOWN,175
2023-09-22,SOBTI_5_ET,EUROPE_LIT,2023-09-22T07:30:00+00:00,2023-09-22T12:00:00+00:00,2023-09-21,1,2023,0,DOWN,0.5793066589260577,UP,180
2023-09-25,SOBTI_5_ET,EUROPE_LIT,2023-09-25T07:30:00+00:00,2023-09-25T12:00:00+00:00,2023-09-22,3,2023,0,DOWN,0.7401192614951784,UP,180
2023-09-26,SOBTI_5_ET,EUROPE_LIT,2023-09-26T07:30:00+00:00,2023-09-26T12:00:00+00:00,2023-09-25,1,2023,0,DOWN,0.6404518741523741,UP,180
2023-09-27,SOBTI_5_ET,EUROPE_LIT,2023-09-27T07:30:00+00:00,2023-09-27T12:00:00+00:00,2023-09-26,1,2023,0,DOWN,0.4895833549665226,DOWN,180
2023-09-28,SOBTI_5_ET,EUROPE_LIT,2023-09-28T07:30:00+00:00,2023-09-28T12:00:00+00:00,2023-09-27,1,2023,0,DOWN,0.6635413406655661,UP,180
2023-09-29,SOBTI_5_ET,EUROPE_LIT,2023-09-29T07:30:00+00:00,2023-09-29T12:00:00+00:00,2023-09-28,1,2023,0,DOWN,0.573720765352916,UP,185
2023-10-02,SOBTI_5_ET,EUROPE_LIT,2023-10-02T07:30:00+00:00,2023-10-02T12:00:00+00:00,2023-09-29,3,2023,0,DOWN,0.7613521852732488,UP,185
2023-10-03,SOBTI_5_ET,EUROPE_LIT,2023-10-03T07:30:00+00:00,2023-10-03T12:00:00+00:00,2023-10-02,1,2023,1,UP,0.2581513886992661,DOWN,185
2023-10-04,SOBTI_5_ET,EUROPE_LIT,2023-10-04T07:30:00+00:00,2023-10-04T12:00:00+00:00,2023-10-03,1,2023,1,UP,0.2788737148197084,DOWN,185
2023-10-05,SOBTI_5_ET,EUROPE_LIT,2023-10-05T07:30:00+00:00,2023-10-05T12:00:00+00:00,2023-10-04,1,2023,1,UP,0.5280268338068657,UP,185
2023-10-06,SOBTI_5_ET,EUROPE_LIT,2023-10-06T07:30:00+00:00,2023-10-06T12:00:00+00:00,2023-10-05,1,2023,1,UP,0.5050377913598519,UP,190
2023-10-09,SOBTI_5_ET,EUROPE_LIT,2023-10-09T07:30:00+00:00,2023-10-09T12:00:00+00:00,2023-10-06,3,2023,1,UP,0.46504005801965315,DOWN,190
2023-10-10,SOBTI_5_ET,EUROPE_LIT,2023-10-10T07:30:00+00:00,2023-10-10T12:00:00+00:00,2023-10-09,1,2023,1,UP,0.6540910280644695,UP,190
2023-10-11,SOBTI_5_ET,EUROPE_LIT,2023-10-11T07:30:00+00:00,2023-10-11T12:00:00+00:00,2023-10-10,1,2023,1,UP,0.6163083817130303,UP,190
2023-10-12,SOBTI_5_ET,EUROPE_LIT,2023-10-12T07:30:00+00:00,2023-10-12T12:00:00+00:00,2023-10-11,1,2023,1,UP,0.6124968713127756,UP,190
2023-10-13,SOBTI_5_ET,EUROPE_LIT,2023-10-13T07:30:00+00:00,2023-10-13T12:00:00+00:00,2023-10-12,1,2023,1,UP,0.6078083356690037,UP,195
2023-10-16,SOBTI_5_ET,EUROPE_LIT,2023-10-16T07:30:00+00:00,2023-10-16T12:00:00+00:00,2023-10-13,3,2023,1,UP,0.5409290935602906,UP,195
2023-10-17,SOBTI_5_ET,EUROPE_LIT,2023-10-17T07:30:00+00:00,2023-10-17T12:00:00+00:00,2023-10-16,1,2023,1,UP,0.5659318275291251,UP,195
2023-10-18,SOBTI_5_ET,EUROPE_LIT,2023-10-18T07:30:00+00:00,2023-10-18T12:00:00+00:00,2023-10-17,1,2023,1,UP,0.48869322391110304,DOWN,195
2023-10-19,SOBTI_5_ET,EUROPE_LIT,2023-10-19T07:30:00+00:00,2023-10-19T12:00:00+00:00,2023-10-18,1,2023,1,UP,0.47708212875235934,DOWN,195
2023-10-20,SOBTI_5_ET,EUROPE_LIT,2023-10-20T07:30:00+00:00,2023-10-20T12:00:00+00:00,2023-10-19,1,2023,0,DOWN,0.42304049377576414,DOWN,200
2023-10-23,SOBTI_5_ET,EUROPE_LIT,2023-10-23T07:30:00+00:00,2023-10-23T12:00:00+00:00,2023-10-20,3,2023,1,UP,0.4371625840441882,DOWN,200
2023-10-24,SOBTI_5_ET,EUROPE_LIT,2023-10-24T07:30:00+00:00,2023-10-24T12:00:00+00:00,2023-10-23,1,2023,0,DOWN,0.419011127594431,DOWN,200
2023-10-25,SOBTI_5_ET,EUROPE_LIT,2023-10-25T07:30:00+00:00,2023-10-25T12:00:00+00:00,2023-10-24,1,2023,1,UP,0.38299860637234395,DOWN,200
2023-10-26,SOBTI_5_ET,EUROPE_LIT,2023-10-26T07:30:00+00:00,2023-10-26T12:00:00+00:00,2023-10-25,1,2023,0,DOWN,0.4020842275728831,DOWN,200
2023-10-27,SOBTI_5_ET,EUROPE_LIT,2023-10-27T07:30:00+00:00,2023-10-27T12:00:00+00:00,2023-10-26,1,2023,0,DOWN,0.34126874264747215,DOWN,205
2023-10-30,SOBTI_5_ET,EUROPE_LIT,2023-10-30T07:30:00+00:00,2023-10-30T12:00:00+00:00,2023-10-27,3,2023,0,DOWN,0.2671925275924181,DOWN,205
2023-10-31,SOBTI_5_ET,EUROPE_LIT,2023-10-31T07:30:00+00:00,2023-10-31T12:00:00+00:00,2023-10-30,1,2023,1,UP,0.31014747605794485,DOWN,205
2023-11-01,SOBTI_5_ET,EUROPE_LIT,2023-11-01T07:30:00+00:00,2023-11-01T12:00:00+00:00,2023-10-31,1,2023,1,UP,0.28639036398808443,DOWN,205
2023-11-02,SOBTI_5_ET,EUROPE_LIT,2023-11-02T07:30:00+00:00,2023-11-02T12:00:00+00:00,2023-11-01,1,2023,1,UP,0.18852884177946982,DOWN,205
2023-11-03,SOBTI_5_ET,EUROPE_LIT,2023-11-03T07:30:00+00:00,2023-11-03T12:00:00+00:00,2023-11-02,1,2023,0,DOWN,0.4261026687472546,DOWN,210
2023-11-06,SOBTI_5_ET,EUROPE_LIT,2023-11-06T08:30:00+00:00,2023-11-06T13:00:00+00:00,2023-11-03,3,2023,0,DOWN,0.3443533821673461,DOWN,210
2023-11-07,SOBTI_5_ET,EUROPE_LIT,2023-11-07T08:30:00+00:00,2023-11-07T13:00:00+00:00,2023-11-06,1,2023,0,DOWN,0.5101509883876407,UP,210
2023-11-08,SOBTI_5_ET,EUROPE_LIT,2023-11-08T08:30:00+00:00,2023-11-08T13:00:00+00:00,2023-11-07,1,2023,0,DOWN,0.3254329018804474,DOWN,210
2023-11-09,SOBTI_5_ET,EUROPE_LIT,2023-11-09T08:30:00+00:00,2023-11-09T13:00:00+00:00,2023-11-08,1,2023,0,DOWN,0.49161125069076395,DOWN,210
2023-11-10,SOBTI_5_ET,EUROPE_LIT,2023-11-10T08:30:00+00:00,2023-11-10T13:00:00+00:00,2023-11-09,1,2023,0,DOWN,0.5225378285692693,UP,215
2023-11-13,SOBTI_5_ET,EUROPE_LIT,2023-11-13T08:30:00+00:00,2023-11-13T13:00:00+00:00,2023-11-10,3,2023,0,DOWN,0.5294115882380632,UP,215
2023-11-14,SOBTI_5_ET,EUROPE_LIT,2023-11-14T08:30:00+00:00,2023-11-14T13:00:00+00:00,2023-11-13,1,2023,1,UP,0.48319415367605345,DOWN,215
2023-11-15,SOBTI_5_ET,EUROPE_LIT,2023-11-15T08:30:00+00:00,2023-11-15T13:00:00+00:00,2023-11-14,1,2023,0,DOWN,0.6313320817011484,UP,215
2023-11-16,SOBTI_5_ET,EUROPE_LIT,2023-11-16T08:30:00+00:00,2023-11-16T13:00:00+00:00,2023-11-15,1,2023,0,DOWN,0.7051747455999224,UP,215
2023-11-17,SOBTI_5_ET,EUROPE_LIT,2023-11-17T08:30:00+00:00,2023-11-17T13:00:00+00:00,2023-11-16,1,2023,1,UP,0.6526741754793864,UP,220
2023-11-20,SOBTI_5_ET,EUROPE_LIT,2023-11-20T08:30:00+00:00,2023-11-20T13:00:00+00:00,2023-11-17,3,2023,0,DOWN,0.5401869890277706,UP,220
2023-11-21,SOBTI_5_ET,EUROPE_LIT,2023-11-21T08:30:00+00:00,2023-11-21T13:00:00+00:00,2023-11-20,1,2023,0,DOWN,0.6120285382626547,UP,220
2023-11-22,SOBTI_5_ET,EUROPE_LIT,2023-11-22T08:30:00+00:00,2023-11-22T13:00:00+00:00,2023-11-21,1,2023,0,DOWN,0.620907150216072,UP,220
2023-11-23,SOBTI_5_ET,EUROPE_LIT,2023-11-23T08:30:00+00:00,2023-11-23T13:00:00+00:00,2023-11-22,1,2023,0,DOWN,0.4896635610420832,DOWN,220
2023-11-24,SOBTI_5_ET,EUROPE_LIT,2023-11-24T08:30:00+00:00,2023-11-24T13:00:00+00:00,2023-11-23,1,2023,1,UP,0.41810265044743394,DOWN,225
2023-11-27,SOBTI_5_ET,EUROPE_LIT,2023-11-27T08:30:00+00:00,2023-11-27T13:00:00+00:00,2023-11-24,3,2023,1,UP,0.40875435873985594,DOWN,225
2023-11-28,SOBTI_5_ET,EUROPE_LIT,2023-11-28T08:30:00+00:00,2023-11-28T13:00:00+00:00,2023-11-27,1,2023,1,UP,0.6309097455001095,UP,225
2023-11-29,SOBTI_5_ET,EUROPE_LIT,2023-11-29T08:30:00+00:00,2023-11-29T13:00:00+00:00,2023-11-28,1,2023,0,DOWN,0.5177677457105181,UP,225
2023-11-30,SOBTI_5_ET,EUROPE_LIT,2023-11-30T08:30:00+00:00,2023-11-30T13:00:00+00:00,2023-11-29,1,2023,0,DOWN,0.5497516348011515,UP,225
2023-12-01,SOBTI_5_ET,EUROPE_LIT,2023-12-01T08:30:00+00:00,2023-12-01T13:00:00+00:00,2023-11-30,1,2023,0,DOWN,0.5220685239982994,UP,230
2023-12-04,SOBTI_5_ET,EUROPE_LIT,2023-12-04T08:30:00+00:00,2023-12-04T13:00:00+00:00,2023-12-01,3,2023,1,UP,0.5417685273784218,UP,230
2023-12-05,SOBTI_5_ET,EUROPE_LIT,2023-12-05T08:30:00+00:00,2023-12-05T13:00:00+00:00,2023-12-04,1,2023,0,DOWN,0.3507706230290529,DOWN,230
2023-12-06,SOBTI_5_ET,EUROPE_LIT,2023-12-06T08:30:00+00:00,2023-12-06T13:00:00+00:00,2023-12-05,1,2023,0,DOWN,0.46393102081299153,DOWN,230
2023-12-07,SOBTI_5_ET,EUROPE_LIT,2023-12-07T08:30:00+00:00,2023-12-07T13:00:00+00:00,2023-12-06,1,2023,1,UP,0.382655931655002,DOWN,230
2023-12-08,SOBTI_5_ET,EUROPE_LIT,2023-12-08T08:30:00+00:00,2023-12-08T13:00:00+00:00,2023-12-07,1,2023,0,DOWN,0.31925800283816547,DOWN,235
2023-12-11,SOBTI_5_ET,EUROPE_LIT,2023-12-11T08:30:00+00:00,2023-12-11T13:00:00+00:00,2023-12-08,3,2023,0,DOWN,0.3914129709835629,DOWN,235
2023-12-12,SOBTI_5_ET,EUROPE_LIT,2023-12-12T08:30:00+00:00,2023-12-12T13:00:00+00:00,2023-12-11,1,2023,1,UP,0.33107089235376946,DOWN,235
2023-12-13,SOBTI_5_ET,EUROPE_LIT,2023-12-13T08:30:00+00:00,2023-12-13T13:00:00+00:00,2023-12-12,1,2023,1,UP,0.43403930704817645,DOWN,235
2023-12-14,SOBTI_5_ET,EUROPE_LIT,2023-12-14T08:30:00+00:00,2023-12-14T13:00:00+00:00,2023-12-13,1,2023,0,DOWN,0.38283052872317735,DOWN,235
2023-12-15,SOBTI_5_ET,EUROPE_LIT,2023-12-15T08:30:00+00:00,2023-12-15T13:00:00+00:00,2023-12-14,1,2023,1,UP,0.5292949638043596,UP,240
2023-12-18,SOBTI_5_ET,EUROPE_LIT,2023-12-18T08:30:00+00:00,2023-12-18T13:00:00+00:00,2023-12-15,3,2023,1,UP,0.5306273886514788,UP,240
2023-12-19,SOBTI_5_ET,EUROPE_LIT,2023-12-19T08:30:00+00:00,2023-12-19T13:00:00+00:00,2023-12-18,1,2023,1,UP,0.6813586953353675,UP,240
2023-12-20,SOBTI_5_ET,EUROPE_LIT,2023-12-20T08:30:00+00:00,2023-12-20T13:00:00+00:00,2023-12-19,1,2023,0,DOWN,0.5731143323391886,UP,240
2023-12-21,SOBTI_5_ET,EUROPE_LIT,2023-12-21T08:30:00+00:00,2023-12-21T13:00:00+00:00,2023-12-20,1,2023,1,UP,0.6113104759513792,UP,240
2023-12-22,SOBTI_5_ET,EUROPE_LIT,2023-12-22T08:30:00+00:00,2023-12-22T13:00:00+00:00,2023-12-21,1,2023,1,UP,0.6377211267591908,UP,245
2023-12-27,SOBTI_5_ET,EUROPE_LIT,2023-12-27T08:30:00+00:00,2023-12-27T13:00:00+00:00,2023-12-22,5,2023,1,UP,0.548668393156044,UP,245
2023-12-28,SOBTI_5_ET,EUROPE_LIT,2023-12-28T08:30:00+00:00,2023-12-28T13:00:00+00:00,2023-12-27,1,2023,0,DOWN,0.4338942393100803,DOWN,245
2023-12-29,SOBTI_5_ET,EUROPE_LIT,2023-12-29T08:30:00+00:00,2023-12-29T13:00:00+00:00,2023-12-28,1,2023,0,DOWN,0.5341355413311851,UP,245
2024-01-02,SOBTI_5_ET,EUROPE_LIT,2024-01-02T08:30:00+00:00,2024-01-02T13:00:00+00:00,2023-12-29,4,2024,0,DOWN,0.4943291201656636,DOWN,245
2024-01-03,SOBTI_5_ET,EUROPE_LIT,2024-01-03T08:30:00+00:00,2024-01-03T13:00:00+00:00,2024-01-02,1,2024,0,DOWN,0.4969294978041002,DOWN,250
2024-01-04,SOBTI_5_ET,EUROPE_LIT,2024-01-04T08:30:00+00:00,2024-01-04T13:00:00+00:00,2024-01-03,1,2024,0,DOWN,0.4280928452129564,DOWN,250
2024-01-05,SOBTI_5_ET,EUROPE_LIT,2024-01-05T08:30:00+00:00,2024-01-05T13:00:00+00:00,2024-01-04,1,2024,0,DOWN,0.48118625853718533,DOWN,250
2024-01-08,SOBTI_5_ET,EUROPE_LIT,2024-01-08T08:30:00+00:00,2024-01-08T13:00:00+00:00,2024-01-05,3,2024,0,DOWN,0.5970952469257755,UP,250
2024-01-09,SOBTI_5_ET,EUROPE_LIT,2024-01-09T08:30:00+00:00,2024-01-09T13:00:00+00:00,2024-01-08,1,2024,1,UP,0.6113853491196394,UP,250
2024-01-10,SOBTI_5_ET,EUROPE_LIT,2024-01-10T08:30:00+00:00,2024-01-10T13:00:00+00:00,2024-01-09,1,2024,0,DOWN,0.5551940907956757,UP,255
2024-01-11,SOBTI_5_ET,EUROPE_LIT,2024-01-11T08:30:00+00:00,2024-01-11T13:00:00+00:00,2024-01-10,1,2024,0,DOWN,0.5800747164160804,UP,255
2024-01-12,SOBTI_5_ET,EUROPE_LIT,2024-01-12T08:30:00+00:00,2024-01-12T13:00:00+00:00,2024-01-11,1,2024,1,UP,0.6544519458568366,UP,255
2024-01-15,SOBTI_5_ET,EUROPE_LIT,2024-01-15T08:30:00+00:00,2024-01-15T13:00:00+00:00,2024-01-12,3,2024,0,DOWN,0.5436861729647053,UP,255
2024-01-16,SOBTI_5_ET,EUROPE_LIT,2024-01-16T08:30:00+00:00,2024-01-16T13:00:00+00:00,2024-01-15,1,2024,0,DOWN,0.548117855787863,UP,255
2024-01-17,SOBTI_5_ET,EUROPE_LIT,2024-01-17T08:30:00+00:00,2024-01-17T13:00:00+00:00,2024-01-16,1,2024,1,UP,0.5159137969091667,UP,260
2024-01-18,SOBTI_5_ET,EUROPE_LIT,2024-01-18T08:30:00+00:00,2024-01-18T13:00:00+00:00,2024-01-17,1,2024,1,UP,0.5153145215514346,UP,260
2024-01-19,SOBTI_5_ET,EUROPE_LIT,2024-01-19T08:30:00+00:00,2024-01-19T13:00:00+00:00,2024-01-18,1,2024,1,UP,0.5346627166083657,UP,260
2024-01-22,SOBTI_5_ET,EUROPE_LIT,2024-01-22T08:30:00+00:00,2024-01-22T13:00:00+00:00,2024-01-19,3,2024,1,UP,0.47036297558850015,DOWN,260
2024-01-23,SOBTI_5_ET,EUROPE_LIT,2024-01-23T08:30:00+00:00,2024-01-23T13:00:00+00:00,2024-01-22,1,2024,0,DOWN,0.28794569682211696,DOWN,260
2024-01-24,SOBTI_5_ET,EUROPE_LIT,2024-01-24T08:30:00+00:00,2024-01-24T13:00:00+00:00,2024-01-23,1,2024,1,UP,0.47747877881236733,DOWN,265
2024-01-25,SOBTI_5_ET,EUROPE_LIT,2024-01-25T08:30:00+00:00,2024-01-25T13:00:00+00:00,2024-01-24,1,2024,1,UP,0.5801356074922913,UP,265
2024-01-26,SOBTI_5_ET,EUROPE_LIT,2024-01-26T08:30:00+00:00,2024-01-26T13:00:00+00:00,2024-01-25,1,2024,0,DOWN,0.6009853192024708,UP,265
2024-01-29,SOBTI_5_ET,EUROPE_LIT,2024-01-29T08:30:00+00:00,2024-01-29T13:00:00+00:00,2024-01-26,3,2024,0,DOWN,0.544182581831455,UP,265
2024-01-30,SOBTI_5_ET,EUROPE_LIT,2024-01-30T08:30:00+00:00,2024-01-30T13:00:00+00:00,2024-01-29,1,2024,0,DOWN,0.6211635601184653,UP,265
2024-01-31,SOBTI_5_ET,EUROPE_LIT,2024-01-31T08:30:00+00:00,2024-01-31T13:00:00+00:00,2024-01-30,1,2024,0,DOWN,0.5545962727813366,UP,270
2024-02-01,SOBTI_5_ET,EUROPE_LIT,2024-02-01T08:30:00+00:00,2024-02-01T13:00:00+00:00,2024-01-31,1,2024,0,DOWN,0.49202946835907874,DOWN,270
2024-02-02,SOBTI_5_ET,EUROPE_LIT,2024-02-02T08:30:00+00:00,2024-02-02T13:00:00+00:00,2024-02-01,1,2024,0,DOWN,0.316521394806288,DOWN,270
2024-02-05,SOBTI_5_ET,EUROPE_LIT,2024-02-05T08:30:00+00:00,2024-02-05T13:00:00+00:00,2024-02-02,3,2024,0,DOWN,0.5169388962543802,UP,270
2024-02-06,SOBTI_5_ET,EUROPE_LIT,2024-02-06T08:30:00+00:00,2024-02-06T13:00:00+00:00,2024-02-05,1,2024,1,UP,0.38391376740258315,DOWN,270
2024-02-07,SOBTI_5_ET,EUROPE_LIT,2024-02-07T08:30:00+00:00,2024-02-07T13:00:00+00:00,2024-02-06,1,2024,1,UP,0.4121969455299199,DOWN,275
2024-02-08,SOBTI_5_ET,EUROPE_LIT,2024-02-08T08:30:00+00:00,2024-02-08T13:00:00+00:00,2024-02-07,1,2024,0,DOWN,0.3846489957961533,DOWN,275
2024-02-09,SOBTI_5_ET,EUROPE_LIT,2024-02-09T08:30:00+00:00,2024-02-09T13:00:00+00:00,2024-02-08,1,2024,0,DOWN,0.4392617129601148,DOWN,275
2024-02-12,SOBTI_5_ET,EUROPE_LIT,2024-02-12T08:30:00+00:00,2024-02-12T13:00:00+00:00,2024-02-09,3,2024,0,DOWN,0.5731534115745702,UP,275
2024-02-13,SOBTI_5_ET,EUROPE_LIT,2024-02-13T08:30:00+00:00,2024-02-13T13:00:00+00:00,2024-02-12,1,2024,1,UP,0.6249645062473853,UP,275
2024-02-14,SOBTI_5_ET,EUROPE_LIT,2024-02-14T08:30:00+00:00,2024-02-14T13:00:00+00:00,2024-02-13,1,2024,1,UP,0.5855262378024151,UP,280
2024-02-15,SOBTI_5_ET,EUROPE_LIT,2024-02-15T08:30:00+00:00,2024-02-15T13:00:00+00:00,2024-02-14,1,2024,1,UP,0.5051162821454739,UP,280
2024-02-16,SOBTI_5_ET,EUROPE_LIT,2024-02-16T08:30:00+00:00,2024-02-16T13:00:00+00:00,2024-02-15,1,2024,1,UP,0.6595954060775406,UP,280
2024-02-19,SOBTI_5_ET,EUROPE_LIT,2024-02-19T08:30:00+00:00,2024-02-19T13:00:00+00:00,2024-02-16,3,2024,0,DOWN,0.5297062270238346,UP,280
2024-02-20,SOBTI_5_ET,EUROPE_LIT,2024-02-20T08:30:00+00:00,2024-02-20T13:00:00+00:00,2024-02-19,1,2024,1,UP,0.46195028471767496,DOWN,280
2024-02-21,SOBTI_5_ET,EUROPE_LIT,2024-02-21T08:30:00+00:00,2024-02-21T13:00:00+00:00,2024-02-20,1,2024,1,UP,0.4708881328761541,DOWN,285
2024-02-22,SOBTI_5_ET,EUROPE_LIT,2024-02-22T08:30:00+00:00,2024-02-22T13:00:00+00:00,2024-02-21,1,2024,0,DOWN,0.5561867967222215,UP,285
2024-02-23,SOBTI_5_ET,EUROPE_LIT,2024-02-23T08:30:00+00:00,2024-02-23T13:00:00+00:00,2024-02-22,1,2024,1,UP,0.5233448450881368,UP,285
2024-02-26,SOBTI_5_ET,EUROPE_LIT,2024-02-26T08:30:00+00:00,2024-02-26T13:00:00+00:00,2024-02-23,3,2024,0,DOWN,0.47736432887699676,DOWN,285
2024-02-27,SOBTI_5_ET,EUROPE_LIT,2024-02-27T08:30:00+00:00,2024-02-27T13:00:00+00:00,2024-02-26,1,2024,1,UP,0.3585205497724527,DOWN,285
2024-02-28,SOBTI_5_ET,EUROPE_LIT,2024-02-28T08:30:00+00:00,2024-02-28T13:00:00+00:00,2024-02-27,1,2024,1,UP,0.4932267895590684,DOWN,290
2024-02-29,SOBTI_5_ET,EUROPE_LIT,2024-02-29T08:30:00+00:00,2024-02-29T13:00:00+00:00,2024-02-28,1,2024,0,DOWN,0.41168373365743444,DOWN,290
2024-03-01,SOBTI_5_ET,EUROPE_LIT,2024-03-01T08:30:00+00:00,2024-03-01T13:00:00+00:00,2024-02-29,1,2024,1,UP,0.3861567551194937,DOWN,290
2024-03-04,SOBTI_5_ET,EUROPE_LIT,2024-03-04T08:30:00+00:00,2024-03-04T13:00:00+00:00,2024-03-01,3,2024,0,DOWN,0.41409371186313204,DOWN,290
2024-03-05,SOBTI_5_ET,EUROPE_LIT,2024-03-05T08:30:00+00:00,2024-03-05T13:00:00+00:00,2024-03-04,1,2024,1,UP,0.5073488975374526,UP,290
2024-03-06,SOBTI_5_ET,EUROPE_LIT,2024-03-06T08:30:00+00:00,2024-03-06T13:00:00+00:00,2024-03-05,1,2024,1,UP,0.48231325181657964,DOWN,295
2024-03-07,SOBTI_5_ET,EUROPE_LIT,2024-03-07T08:30:00+00:00,2024-03-07T13:00:00+00:00,2024-03-06,1,2024,1,UP,0.5020537890875005,UP,295
2024-03-08,SOBTI_5_ET,EUROPE_LIT,2024-03-08T08:30:00+00:00,2024-03-08T13:00:00+00:00,2024-03-07,1,2024,1,UP,0.5512432522221009,UP,295
2024-03-11,SOBTI_5_ET,EUROPE_LIT,2024-03-11T07:30:00+00:00,2024-03-11T12:00:00+00:00,2024-03-08,3,2024,0,DOWN,0.4360437898176263,DOWN,295
2024-03-12,SOBTI_5_ET,EUROPE_LIT,2024-03-12T07:30:00+00:00,2024-03-12T12:00:00+00:00,2024-03-11,1,2024,0,DOWN,0.3446738784924332,DOWN,295
2024-03-13,SOBTI_5_ET,EUROPE_LIT,2024-03-13T07:30:00+00:00,2024-03-13T12:00:00+00:00,2024-03-12,1,2024,1,UP,0.29477795830201275,DOWN,300
2024-03-14,SOBTI_5_ET,EUROPE_LIT,2024-03-14T07:30:00+00:00,2024-03-14T12:00:00+00:00,2024-03-13,1,2024,1,UP,0.27206297589497236,DOWN,300
2024-03-15,SOBTI_5_ET,EUROPE_LIT,2024-03-15T07:30:00+00:00,2024-03-15T12:00:00+00:00,2024-03-14,1,2024,0,DOWN,0.2926737521560094,DOWN,300
2024-03-18,SOBTI_5_ET,EUROPE_LIT,2024-03-18T07:30:00+00:00,2024-03-18T12:00:00+00:00,2024-03-15,3,2024,1,UP,0.29147668913994745,DOWN,300
2024-03-19,SOBTI_5_ET,EUROPE_LIT,2024-03-19T07:30:00+00:00,2024-03-19T12:00:00+00:00,2024-03-18,1,2024,0,DOWN,0.35258193360401424,DOWN,300
2024-03-20,SOBTI_5_ET,EUROPE_LIT,2024-03-20T07:30:00+00:00,2024-03-20T12:00:00+00:00,2024-03-19,1,2024,0,DOWN,0.31850677917583803,DOWN,305
2024-03-21,SOBTI_5_ET,EUROPE_LIT,2024-03-21T07:30:00+00:00,2024-03-21T12:00:00+00:00,2024-03-20,1,2024,0,DOWN,0.43112992968263236,DOWN,305
2024-03-22,SOBTI_5_ET,EUROPE_LIT,2024-03-22T07:30:00+00:00,2024-03-22T12:00:00+00:00,2024-03-21,1,2024,1,UP,0.38152743818040596,DOWN,305
2024-03-25,SOBTI_5_ET,EUROPE_LIT,2024-03-25T07:30:00+00:00,2024-03-25T12:00:00+00:00,2024-03-22,3,2024,1,UP,0.5631747404058787,UP,305
2024-03-26,SOBTI_5_ET,EUROPE_LIT,2024-03-26T07:30:00+00:00,2024-03-26T12:00:00+00:00,2024-03-25,1,2024,1,UP,0.4513960565411038,DOWN,305
2024-03-27,SOBTI_5_ET,EUROPE_LIT,2024-03-27T07:30:00+00:00,2024-03-27T12:00:00+00:00,2024-03-26,1,2024,1,UP,0.345491597363871,DOWN,310
2024-03-28,SOBTI_5_ET,EUROPE_LIT,2024-03-28T07:30:00+00:00,2024-03-28T12:00:00+00:00,2024-03-27,1,2024,1,UP,0.3832699345932645,DOWN,310
2024-04-02,SOBTI_5_ET,EUROPE_LIT,2024-04-02T07:30:00+00:00,2024-04-02T12:00:00+00:00,2024-03-28,5,2024,1,UP,0.37019055729107275,DOWN,310
2024-04-03,SOBTI_5_ET,EUROPE_LIT,2024-04-03T07:30:00+00:00,2024-04-03T12:00:00+00:00,2024-04-02,1,2024,1,UP,0.5373016299030893,UP,310
2024-04-04,SOBTI_5_ET,EUROPE_LIT,2024-04-04T07:30:00+00:00,2024-04-04T12:00:00+00:00,2024-04-03,1,2024,0,DOWN,0.6723502106488449,UP,310
2024-04-05,SOBTI_5_ET,EUROPE_LIT,2024-04-05T07:30:00+00:00,2024-04-05T12:00:00+00:00,2024-04-04,1,2024,1,UP,0.6461389765521114,UP,315
2024-04-08,SOBTI_5_ET,EUROPE_LIT,2024-04-08T07:30:00+00:00,2024-04-08T12:00:00+00:00,2024-04-05,3,2024,1,UP,0.40206468908305576,DOWN,315
2024-04-09,SOBTI_5_ET,EUROPE_LIT,2024-04-09T07:30:00+00:00,2024-04-09T12:00:00+00:00,2024-04-08,1,2024,1,UP,0.6112098383697846,UP,315
2024-04-10,SOBTI_5_ET,EUROPE_LIT,2024-04-10T07:30:00+00:00,2024-04-10T12:00:00+00:00,2024-04-09,1,2024,0,DOWN,0.5196655207702023,UP,315
2024-04-11,SOBTI_5_ET,EUROPE_LIT,2024-04-11T07:30:00+00:00,2024-04-11T12:00:00+00:00,2024-04-10,1,2024,0,DOWN,0.4999933918397491,DOWN,315
2024-04-12,SOBTI_5_ET,EUROPE_LIT,2024-04-12T07:30:00+00:00,2024-04-12T12:00:00+00:00,2024-04-11,1,2024,1,UP,0.3716364181681033,DOWN,320
2024-04-15,SOBTI_5_ET,EUROPE_LIT,2024-04-15T07:30:00+00:00,2024-04-15T12:00:00+00:00,2024-04-12,3,2024,1,UP,0.38927011605574924,DOWN,320
2024-04-16,SOBTI_5_ET,EUROPE_LIT,2024-04-16T07:30:00+00:00,2024-04-16T12:00:00+00:00,2024-04-15,1,2024,1,UP,0.320020943696141,DOWN,320
2024-04-17,SOBTI_5_ET,EUROPE_LIT,2024-04-17T07:30:00+00:00,2024-04-17T12:00:00+00:00,2024-04-16,1,2024,1,UP,0.3810515798544399,DOWN,320
2024-04-18,SOBTI_5_ET,EUROPE_LIT,2024-04-18T07:30:00+00:00,2024-04-18T12:00:00+00:00,2024-04-17,1,2024,1,UP,0.39444192782223436,DOWN,320
2024-04-19,SOBTI_5_ET,EUROPE_LIT,2024-04-19T07:30:00+00:00,2024-04-19T12:00:00+00:00,2024-04-18,1,2024,0,DOWN,0.6384727528614448,UP,325
2024-04-22,SOBTI_5_ET,EUROPE_LIT,2024-04-22T07:30:00+00:00,2024-04-22T12:00:00+00:00,2024-04-19,3,2024,0,DOWN,0.5337562188262848,UP,325
2024-04-23,SOBTI_5_ET,EUROPE_LIT,2024-04-23T07:30:00+00:00,2024-04-23T12:00:00+00:00,2024-04-22,1,2024,0,DOWN,0.5458366907516974,UP,325
2024-04-24,SOBTI_5_ET,EUROPE_LIT,2024-04-24T07:30:00+00:00,2024-04-24T12:00:00+00:00,2024-04-23,1,2024,0,DOWN,0.6519433795259074,UP,325
2024-04-25,SOBTI_5_ET,EUROPE_LIT,2024-04-25T07:30:00+00:00,2024-04-25T12:00:00+00:00,2024-04-24,1,2024,1,UP,0.5608371365234327,UP,325
2024-04-26,SOBTI_5_ET,EUROPE_LIT,2024-04-26T07:30:00+00:00,2024-04-26T12:00:00+00:00,2024-04-25,1,2024,1,UP,0.5002070148438154,UP,330
2024-04-29,SOBTI_5_ET,EUROPE_LIT,2024-04-29T07:30:00+00:00,2024-04-29T12:00:00+00:00,2024-04-26,3,2024,1,UP,0.6541096509517638,UP,330
2024-04-30,SOBTI_5_ET,EUROPE_LIT,2024-04-30T07:30:00+00:00,2024-04-30T12:00:00+00:00,2024-04-29,1,2024,0,DOWN,0.6038082167239739,UP,330
2024-05-01,SOBTI_5_ET,EUROPE_LIT,2024-05-01T07:30:00+00:00,2024-05-01T12:00:00+00:00,2024-04-30,1,2024,1,UP,0.6067653992576375,UP,330
2024-05-02,SOBTI_5_ET,EUROPE_LIT,2024-05-02T07:30:00+00:00,2024-05-02T12:00:00+00:00,2024-05-01,1,2024,0,DOWN,0.6268380972417659,UP,330
2024-05-03,SOBTI_5_ET,EUROPE_LIT,2024-05-03T07:30:00+00:00,2024-05-03T12:00:00+00:00,2024-05-02,1,2024,0,DOWN,0.5422898632904603,UP,335
2024-05-07,SOBTI_5_ET,EUROPE_LIT,2024-05-07T07:30:00+00:00,2024-05-07T12:00:00+00:00,2024-05-03,4,2024,0,DOWN,0.60591748732345,UP,335
2024-05-08,SOBTI_5_ET,EUROPE_LIT,2024-05-08T07:30:00+00:00,2024-05-08T12:00:00+00:00,2024-05-07,1,2024,1,UP,0.6082246936293196,UP,335
2024-05-09,SOBTI_5_ET,EUROPE_LIT,2024-05-09T07:30:00+00:00,2024-05-09T12:00:00+00:00,2024-05-08,1,2024,1,UP,0.6408539066872077,UP,335
2024-05-10,SOBTI_5_ET,EUROPE_LIT,2024-05-10T07:30:00+00:00,2024-05-10T12:00:00+00:00,2024-05-09,1,2024,1,UP,0.7042296645874494,UP,335
2024-05-13,SOBTI_5_ET,EUROPE_LIT,2024-05-13T07:30:00+00:00,2024-05-13T12:00:00+00:00,2024-05-10,3,2024,0,DOWN,0.7381759253048304,UP,340
2024-05-14,SOBTI_5_ET,EUROPE_LIT,2024-05-14T07:30:00+00:00,2024-05-14T12:00:00+00:00,2024-05-13,1,2024,1,UP,0.6865078416453151,UP,340
2024-05-15,SOBTI_5_ET,EUROPE_LIT,2024-05-15T07:30:00+00:00,2024-05-15T12:00:00+00:00,2024-05-14,1,2024,0,DOWN,0.66657519552499,UP,340
2024-05-16,SOBTI_5_ET,EUROPE_LIT,2024-05-16T07:30:00+00:00,2024-05-16T12:00:00+00:00,2024-05-15,1,2024,0,DOWN,0.631060442892743,UP,340
2024-05-17,SOBTI_5_ET,EUROPE_LIT,2024-05-17T07:30:00+00:00,2024-05-17T12:00:00+00:00,2024-05-16,1,2024,1,UP,0.6765569674965396,UP,340
2024-05-20,SOBTI_5_ET,EUROPE_LIT,2024-05-20T07:30:00+00:00,2024-05-20T12:00:00+00:00,2024-05-17,3,2024,0,DOWN,0.4884193275038113,DOWN,345
2024-05-21,SOBTI_5_ET,EUROPE_LIT,2024-05-21T07:30:00+00:00,2024-05-21T12:00:00+00:00,2024-05-20,1,2024,1,UP,0.7283541666756221,UP,345
2024-05-22,SOBTI_5_ET,EUROPE_LIT,2024-05-22T07:30:00+00:00,2024-05-22T12:00:00+00:00,2024-05-21,1,2024,0,DOWN,0.574761032203912,UP,345
2024-05-23,SOBTI_5_ET,EUROPE_LIT,2024-05-23T07:30:00+00:00,2024-05-23T12:00:00+00:00,2024-05-22,1,2024,1,UP,0.7090921460079834,UP,345
2024-05-24,SOBTI_5_ET,EUROPE_LIT,2024-05-24T07:30:00+00:00,2024-05-24T12:00:00+00:00,2024-05-23,1,2024,0,DOWN,0.44173588050629015,DOWN,345
2024-05-28,SOBTI_5_ET,EUROPE_LIT,2024-05-28T07:30:00+00:00,2024-05-28T12:00:00+00:00,2024-05-24,4,2024,1,UP,0.5824177698419112,UP,350
2024-05-29,SOBTI_5_ET,EUROPE_LIT,2024-05-29T07:30:00+00:00,2024-05-29T12:00:00+00:00,2024-05-28,1,2024,0,DOWN,0.6525061731808585,UP,350
2024-05-30,SOBTI_5_ET,EUROPE_LIT,2024-05-30T07:30:00+00:00,2024-05-30T12:00:00+00:00,2024-05-29,1,2024,1,UP,0.5723935098221884,UP,350
2024-05-31,SOBTI_5_ET,EUROPE_LIT,2024-05-31T07:30:00+00:00,2024-05-31T12:00:00+00:00,2024-05-30,1,2024,1,UP,0.4602391555362959,DOWN,350
2024-06-03,SOBTI_5_ET,EUROPE_LIT,2024-06-03T07:30:00+00:00,2024-06-03T12:00:00+00:00,2024-05-31,3,2024,1,UP,0.5342156671034005,UP,350
2024-06-04,SOBTI_5_ET,EUROPE_LIT,2024-06-04T07:30:00+00:00,2024-06-04T12:00:00+00:00,2024-06-03,1,2024,0,DOWN,0.5621206272634137,UP,355
2024-06-05,SOBTI_5_ET,EUROPE_LIT,2024-06-05T07:30:00+00:00,2024-06-05T12:00:00+00:00,2024-06-04,1,2024,1,UP,0.5445485162119345,UP,355
2024-06-06,SOBTI_5_ET,EUROPE_LIT,2024-06-06T07:30:00+00:00,2024-06-06T12:00:00+00:00,2024-06-05,1,2024,0,DOWN,0.6256686063234773,UP,355
2024-06-07,SOBTI_5_ET,EUROPE_LIT,2024-06-07T07:30:00+00:00,2024-06-07T12:00:00+00:00,2024-06-06,1,2024,0,DOWN,0.7047482643480276,UP,355
2024-06-10,SOBTI_5_ET,EUROPE_LIT,2024-06-10T07:30:00+00:00,2024-06-10T12:00:00+00:00,2024-06-07,3,2024,1,UP,0.6865382107190859,UP,355
2024-06-11,SOBTI_5_ET,EUROPE_LIT,2024-06-11T07:30:00+00:00,2024-06-11T12:00:00+00:00,2024-06-10,1,2024,1,UP,0.5684131226973397,UP,360
2024-06-12,SOBTI_5_ET,EUROPE_LIT,2024-06-12T07:30:00+00:00,2024-06-12T12:00:00+00:00,2024-06-11,1,2024,1,UP,0.5061908196355783,UP,360
2024-06-13,SOBTI_5_ET,EUROPE_LIT,2024-06-13T07:30:00+00:00,2024-06-13T12:00:00+00:00,2024-06-12,1,2024,0,DOWN,0.6032306509858254,UP,360
2024-06-14,SOBTI_5_ET,EUROPE_LIT,2024-06-14T07:30:00+00:00,2024-06-14T12:00:00+00:00,2024-06-13,1,2024,1,UP,0.6129919692354953,UP,360
2024-06-17,SOBTI_5_ET,EUROPE_LIT,2024-06-17T07:30:00+00:00,2024-06-17T12:00:00+00:00,2024-06-14,3,2024,0,DOWN,0.6549427496121194,UP,360
2024-06-18,SOBTI_5_ET,EUROPE_LIT,2024-06-18T07:30:00+00:00,2024-06-18T12:00:00+00:00,2024-06-17,1,2024,0,DOWN,0.5956515950196523,UP,365
2024-06-19,SOBTI_5_ET,EUROPE_LIT,2024-06-19T07:30:00+00:00,2024-06-19T12:00:00+00:00,2024-06-18,1,2024,0,DOWN,0.6048913075445932,UP,365
2024-06-20,SOBTI_5_ET,EUROPE_LIT,2024-06-20T07:30:00+00:00,2024-06-20T12:00:00+00:00,2024-06-19,1,2024,0,DOWN,0.5770419826109224,UP,365
2024-06-21,SOBTI_5_ET,EUROPE_LIT,2024-06-21T07:30:00+00:00,2024-06-21T12:00:00+00:00,2024-06-20,1,2024,1,UP,0.635966153239577,UP,365
2024-06-24,SOBTI_5_ET,EUROPE_LIT,2024-06-24T07:30:00+00:00,2024-06-24T12:00:00+00:00,2024-06-21,3,2024,0,DOWN,0.5652446460099707,UP,365
2024-06-25,SOBTI_5_ET,EUROPE_LIT,2024-06-25T07:30:00+00:00,2024-06-25T12:00:00+00:00,2024-06-24,1,2024,1,UP,0.46049647562362456,DOWN,370
2024-06-26,SOBTI_5_ET,EUROPE_LIT,2024-06-26T07:30:00+00:00,2024-06-26T12:00:00+00:00,2024-06-25,1,2024,0,DOWN,0.4375459304178232,DOWN,370
2024-06-27,SOBTI_5_ET,EUROPE_LIT,2024-06-27T07:30:00+00:00,2024-06-27T12:00:00+00:00,2024-06-26,1,2024,1,UP,0.34796459154467,DOWN,370
2024-06-28,SOBTI_5_ET,EUROPE_LIT,2024-06-28T07:30:00+00:00,2024-06-28T12:00:00+00:00,2024-06-27,1,2024,1,UP,0.4146507942970826,DOWN,370
2024-07-01,SOBTI_5_ET,EUROPE_LIT,2024-07-01T07:30:00+00:00,2024-07-01T12:00:00+00:00,2024-06-28,3,2024,1,UP,0.4285634304204256,DOWN,370
2024-07-02,SOBTI_5_ET,EUROPE_LIT,2024-07-02T07:30:00+00:00,2024-07-02T12:00:00+00:00,2024-07-01,1,2024,0,DOWN,0.4851456073250586,DOWN,375
2024-07-03,SOBTI_5_ET,EUROPE_LIT,2024-07-03T07:30:00+00:00,2024-07-03T12:00:00+00:00,2024-07-02,1,2024,1,UP,0.5180641481149237,UP,375
2024-07-04,SOBTI_5_ET,EUROPE_LIT,2024-07-04T07:30:00+00:00,2024-07-04T12:00:00+00:00,2024-07-03,1,2024,1,UP,0.6685075125142833,UP,375
2024-07-05,SOBTI_5_ET,EUROPE_LIT,2024-07-05T07:30:00+00:00,2024-07-05T12:00:00+00:00,2024-07-04,1,2024,1,UP,0.5915879879662108,UP,375
2024-07-08,SOBTI_5_ET,EUROPE_LIT,2024-07-08T07:30:00+00:00,2024-07-08T12:00:00+00:00,2024-07-05,3,2024,0,DOWN,0.593565240717766,UP,375
2024-07-09,SOBTI_5_ET,EUROPE_LIT,2024-07-09T07:30:00+00:00,2024-07-09T12:00:00+00:00,2024-07-08,1,2024,1,UP,0.5775971365914236,UP,380
2024-07-10,SOBTI_5_ET,EUROPE_LIT,2024-07-10T07:30:00+00:00,2024-07-10T12:00:00+00:00,2024-07-09,1,2024,1,UP,0.5202614226000694,UP,380
2024-07-11,SOBTI_5_ET,EUROPE_LIT,2024-07-11T07:30:00+00:00,2024-07-11T12:00:00+00:00,2024-07-10,1,2024,0,DOWN,0.43055786713168986,DOWN,380
2024-07-12,SOBTI_5_ET,EUROPE_LIT,2024-07-12T07:30:00+00:00,2024-07-12T12:00:00+00:00,2024-07-11,1,2024,1,UP,0.4788880113206476,DOWN,380
2024-07-15,SOBTI_5_ET,EUROPE_LIT,2024-07-15T07:30:00+00:00,2024-07-15T12:00:00+00:00,2024-07-12,3,2024,1,UP,0.4512287222162663,DOWN,380
2024-07-16,SOBTI_5_ET,EUROPE_LIT,2024-07-16T07:30:00+00:00,2024-07-16T12:00:00+00:00,2024-07-15,1,2024,1,UP,0.4720761614873181,DOWN,385
2024-07-17,SOBTI_5_ET,EUROPE_LIT,2024-07-17T07:30:00+00:00,2024-07-17T12:00:00+00:00,2024-07-16,1,2024,1,UP,0.38030309631504927,DOWN,385
2024-07-18,SOBTI_5_ET,EUROPE_LIT,2024-07-18T07:30:00+00:00,2024-07-18T12:00:00+00:00,2024-07-17,1,2024,0,DOWN,0.42293480158226576,DOWN,385
2024-07-19,SOBTI_5_ET,EUROPE_LIT,2024-07-19T07:30:00+00:00,2024-07-19T12:00:00+00:00,2024-07-18,1,2024,0,DOWN,0.335496973954285,DOWN,385
2024-07-22,SOBTI_5_ET,EUROPE_LIT,2024-07-22T07:30:00+00:00,2024-07-22T12:00:00+00:00,2024-07-19,3,2024,0,DOWN,0.2713340009651717,DOWN,385
2024-07-23,SOBTI_5_ET,EUROPE_LIT,2024-07-23T07:30:00+00:00,2024-07-23T12:00:00+00:00,2024-07-22,1,2024,1,UP,0.37254992592782565,DOWN,390
2024-07-24,SOBTI_5_ET,EUROPE_LIT,2024-07-24T07:30:00+00:00,2024-07-24T12:00:00+00:00,2024-07-23,1,2024,1,UP,0.32464375491776976,DOWN,390
2024-07-25,SOBTI_5_ET,EUROPE_LIT,2024-07-25T07:30:00+00:00,2024-07-25T12:00:00+00:00,2024-07-24,1,2024,0,DOWN,0.5205318503277945,UP,390
2024-07-26,SOBTI_5_ET,EUROPE_LIT,2024-07-26T07:30:00+00:00,2024-07-26T12:00:00+00:00,2024-07-25,1,2024,1,UP,0.3778087814759632,DOWN,390
2024-07-29,SOBTI_5_ET,EUROPE_LIT,2024-07-29T07:30:00+00:00,2024-07-29T12:00:00+00:00,2024-07-26,3,2024,0,DOWN,0.4052743173585494,DOWN,390
2024-07-30,SOBTI_5_ET,EUROPE_LIT,2024-07-30T07:30:00+00:00,2024-07-30T12:00:00+00:00,2024-07-29,1,2024,0,DOWN,0.5072571414290955,UP,395
2024-07-31,SOBTI_5_ET,EUROPE_LIT,2024-07-31T07:30:00+00:00,2024-07-31T12:00:00+00:00,2024-07-30,1,2024,1,UP,0.48674184454074326,DOWN,395
2024-08-01,SOBTI_5_ET,EUROPE_LIT,2024-08-01T07:30:00+00:00,2024-08-01T12:00:00+00:00,2024-07-31,1,2024,0,DOWN,0.5479150492647905,UP,395
2024-08-02,SOBTI_5_ET,EUROPE_LIT,2024-08-02T07:30:00+00:00,2024-08-02T12:00:00+00:00,2024-08-01,1,2024,0,DOWN,0.5464644562528628,UP,395
2024-08-05,SOBTI_5_ET,EUROPE_LIT,2024-08-05T07:30:00+00:00,2024-08-05T12:00:00+00:00,2024-08-02,3,2024,0,DOWN,0.494157116407048,DOWN,395
2024-08-06,SOBTI_5_ET,EUROPE_LIT,2024-08-06T07:30:00+00:00,2024-08-06T12:00:00+00:00,2024-08-05,1,2024,1,UP,0.23325159993745856,DOWN,400
2024-08-07,SOBTI_5_ET,EUROPE_LIT,2024-08-07T07:30:00+00:00,2024-08-07T12:00:00+00:00,2024-08-06,1,2024,1,UP,0.4379112122283085,DOWN,400
2024-08-08,SOBTI_5_ET,EUROPE_LIT,2024-08-08T07:30:00+00:00,2024-08-08T12:00:00+00:00,2024-08-07,1,2024,1,UP,0.5074402536687121,UP,400
2024-08-09,SOBTI_5_ET,EUROPE_LIT,2024-08-09T07:30:00+00:00,2024-08-09T12:00:00+00:00,2024-08-08,1,2024,1,UP,0.42672154914033905,DOWN,400
2024-08-12,SOBTI_5_ET,EUROPE_LIT,2024-08-12T07:30:00+00:00,2024-08-12T12:00:00+00:00,2024-08-09,3,2024,1,UP,0.5274293068689525,UP,400
2024-08-13,SOBTI_5_ET,EUROPE_LIT,2024-08-13T07:30:00+00:00,2024-08-13T12:00:00+00:00,2024-08-12,1,2024,1,UP,0.6245670092459348,UP,405
2024-08-14,SOBTI_5_ET,EUROPE_LIT,2024-08-14T07:30:00+00:00,2024-08-14T12:00:00+00:00,2024-08-13,1,2024,1,UP,0.4912920323533258,DOWN,405
2024-08-15,SOBTI_5_ET,EUROPE_LIT,2024-08-15T07:30:00+00:00,2024-08-15T12:00:00+00:00,2024-08-14,1,2024,1,UP,0.5622964986647153,UP,405
2024-08-16,SOBTI_5_ET,EUROPE_LIT,2024-08-16T07:30:00+00:00,2024-08-16T12:00:00+00:00,2024-08-15,1,2024,1,UP,0.6253412882707814,UP,405
2024-08-19,SOBTI_5_ET,EUROPE_LIT,2024-08-19T07:30:00+00:00,2024-08-19T12:00:00+00:00,2024-08-16,3,2024,0,DOWN,0.5653199459305306,UP,405
2024-08-20,SOBTI_5_ET,EUROPE_LIT,2024-08-20T07:30:00+00:00,2024-08-20T12:00:00+00:00,2024-08-19,1,2024,1,UP,0.5093568217693164,UP,410
2024-08-21,SOBTI_5_ET,EUROPE_LIT,2024-08-21T07:30:00+00:00,2024-08-21T12:00:00+00:00,2024-08-20,1,2024,0,DOWN,0.6590385315838679,UP,410
2024-08-22,SOBTI_5_ET,EUROPE_LIT,2024-08-22T07:30:00+00:00,2024-08-22T12:00:00+00:00,2024-08-21,1,2024,0,DOWN,0.5748442220398818,UP,410
2024-08-23,SOBTI_5_ET,EUROPE_LIT,2024-08-23T07:30:00+00:00,2024-08-23T12:00:00+00:00,2024-08-22,1,2024,1,UP,0.5413319235327606,UP,410
2024-08-27,SOBTI_5_ET,EUROPE_LIT,2024-08-27T07:30:00+00:00,2024-08-27T12:00:00+00:00,2024-08-23,4,2024,1,UP,0.4883547306901324,DOWN,410
2024-08-28,SOBTI_5_ET,EUROPE_LIT,2024-08-28T07:30:00+00:00,2024-08-28T12:00:00+00:00,2024-08-27,1,2024,0,DOWN,0.5481327059800893,UP,415
2024-08-29,SOBTI_5_ET,EUROPE_LIT,2024-08-29T07:30:00+00:00,2024-08-29T12:00:00+00:00,2024-08-28,1,2024,1,UP,0.416712674582505,DOWN,415
2024-08-30,SOBTI_5_ET,EUROPE_LIT,2024-08-30T07:30:00+00:00,2024-08-30T12:00:00+00:00,2024-08-29,1,2024,0,DOWN,0.4762728987099538,DOWN,415
2024-09-02,SOBTI_5_ET,EUROPE_LIT,2024-09-02T07:30:00+00:00,2024-09-02T12:00:00+00:00,2024-08-30,3,2024,1,UP,0.49759284031937456,DOWN,415
2024-09-03,SOBTI_5_ET,EUROPE_LIT,2024-09-03T07:30:00+00:00,2024-09-03T12:00:00+00:00,2024-09-02,1,2024,0,DOWN,0.42676869545122065,DOWN,415
2024-09-04,SOBTI_5_ET,EUROPE_LIT,2024-09-04T07:30:00+00:00,2024-09-04T12:00:00+00:00,2024-09-03,1,2024,1,UP,0.42957922692926537,DOWN,420
2024-09-05,SOBTI_5_ET,EUROPE_LIT,2024-09-05T07:30:00+00:00,2024-09-05T12:00:00+00:00,2024-09-04,1,2024,1,UP,0.45069684089280426,DOWN,420
2024-09-06,SOBTI_5_ET,EUROPE_LIT,2024-09-06T07:30:00+00:00,2024-09-06T12:00:00+00:00,2024-09-05,1,2024,0,DOWN,0.5132916855063274,UP,420
2024-09-09,SOBTI_5_ET,EUROPE_LIT,2024-09-09T07:30:00+00:00,2024-09-09T12:00:00+00:00,2024-09-06,3,2024,1,UP,0.48967610076544227,DOWN,420
2024-09-10,SOBTI_5_ET,EUROPE_LIT,2024-09-10T07:30:00+00:00,2024-09-10T12:00:00+00:00,2024-09-09,1,2024,0,DOWN,0.4635649083390122,DOWN,420
2024-09-11,SOBTI_5_ET,EUROPE_LIT,2024-09-11T07:30:00+00:00,2024-09-11T12:00:00+00:00,2024-09-10,1,2024,0,DOWN,0.4918287287280885,DOWN,425
2024-09-12,SOBTI_5_ET,EUROPE_LIT,2024-09-12T07:30:00+00:00,2024-09-12T12:00:00+00:00,2024-09-11,1,2024,1,UP,0.4496573927324003,DOWN,425
2024-09-13,SOBTI_5_ET,EUROPE_LIT,2024-09-13T07:30:00+00:00,2024-09-13T12:00:00+00:00,2024-09-12,1,2024,1,UP,0.5031659973381788,UP,425
2024-09-16,SOBTI_5_ET,EUROPE_LIT,2024-09-16T07:30:00+00:00,2024-09-16T12:00:00+00:00,2024-09-13,3,2024,1,UP,0.5504093558748294,UP,425
2024-09-17,SOBTI_5_ET,EUROPE_LIT,2024-09-17T07:30:00+00:00,2024-09-17T12:00:00+00:00,2024-09-16,1,2024,0,DOWN,0.5917267188395559,UP,425
2024-09-18,SOBTI_5_ET,EUROPE_LIT,2024-09-18T07:30:00+00:00,2024-09-18T12:00:00+00:00,2024-09-17,1,2024,1,UP,0.5009809580812787,UP,430
2024-09-19,SOBTI_5_ET,EUROPE_LIT,2024-09-19T07:30:00+00:00,2024-09-19T12:00:00+00:00,2024-09-18,1,2024,1,UP,0.4929972193263993,DOWN,430
2024-09-20,SOBTI_5_ET,EUROPE_LIT,2024-09-20T07:30:00+00:00,2024-09-20T12:00:00+00:00,2024-09-19,1,2024,1,UP,0.5627787068414878,UP,430
2024-09-23,SOBTI_5_ET,EUROPE_LIT,2024-09-23T07:30:00+00:00,2024-09-23T12:00:00+00:00,2024-09-20,3,2024,1,UP,0.5255716792403609,UP,430
2024-09-24,SOBTI_5_ET,EUROPE_LIT,2024-09-24T07:30:00+00:00,2024-09-24T12:00:00+00:00,2024-09-23,1,2024,0,DOWN,0.3942529204696397,DOWN,430
2024-09-25,SOBTI_5_ET,EUROPE_LIT,2024-09-25T07:30:00+00:00,2024-09-25T12:00:00+00:00,2024-09-24,1,2024,1,UP,0.5371466816658023,UP,435
2024-09-26,SOBTI_5_ET,EUROPE_LIT,2024-09-26T07:30:00+00:00,2024-09-26T12:00:00+00:00,2024-09-25,1,2024,1,UP,0.5955208958374276,UP,435
2024-09-27,SOBTI_5_ET,EUROPE_LIT,2024-09-27T07:30:00+00:00,2024-09-27T12:00:00+00:00,2024-09-26,1,2024,1,UP,0.5707833406609589,UP,435
2024-09-30,SOBTI_5_ET,EUROPE_LIT,2024-09-30T07:30:00+00:00,2024-09-30T12:00:00+00:00,2024-09-27,3,2024,0,DOWN,0.45270549326517745,DOWN,435
2024-10-01,SOBTI_5_ET,EUROPE_LIT,2024-10-01T07:30:00+00:00,2024-10-01T12:00:00+00:00,2024-09-30,1,2024,1,UP,0.3565367846018887,DOWN,435
2024-10-02,SOBTI_5_ET,EUROPE_LIT,2024-10-02T07:30:00+00:00,2024-10-02T12:00:00+00:00,2024-10-01,1,2024,0,DOWN,0.47404743513905045,DOWN,440
2024-10-03,SOBTI_5_ET,EUROPE_LIT,2024-10-03T07:30:00+00:00,2024-10-03T12:00:00+00:00,2024-10-02,1,2024,0,DOWN,0.4358498407649992,DOWN,440
2024-10-04,SOBTI_5_ET,EUROPE_LIT,2024-10-04T07:30:00+00:00,2024-10-04T12:00:00+00:00,2024-10-03,1,2024,0,DOWN,0.44380456829276305,DOWN,440
2024-10-07,SOBTI_5_ET,EUROPE_LIT,2024-10-07T07:30:00+00:00,2024-10-07T12:00:00+00:00,2024-10-04,3,2024,1,UP,0.5253613943224258,UP,440
2024-10-08,SOBTI_5_ET,EUROPE_LIT,2024-10-08T07:30:00+00:00,2024-10-08T12:00:00+00:00,2024-10-07,1,2024,1,UP,0.4537219630483121,DOWN,440
2024-10-09,SOBTI_5_ET,EUROPE_LIT,2024-10-09T07:30:00+00:00,2024-10-09T12:00:00+00:00,2024-10-08,1,2024,1,UP,0.40927452229514394,DOWN,445
2024-10-10,SOBTI_5_ET,EUROPE_LIT,2024-10-10T07:30:00+00:00,2024-10-10T12:00:00+00:00,2024-10-09,1,2024,0,DOWN,0.4677111122472177,DOWN,445
2024-10-11,SOBTI_5_ET,EUROPE_LIT,2024-10-11T07:30:00+00:00,2024-10-11T12:00:00+00:00,2024-10-10,1,2024,1,UP,0.5053404097041726,UP,445
2024-10-14,SOBTI_5_ET,EUROPE_LIT,2024-10-14T07:30:00+00:00,2024-10-14T12:00:00+00:00,2024-10-11,3,2024,0,DOWN,0.5149566516504804,UP,445
2024-10-15,SOBTI_5_ET,EUROPE_LIT,2024-10-15T07:30:00+00:00,2024-10-15T12:00:00+00:00,2024-10-14,1,2024,0,DOWN,0.45003733415692176,DOWN,445
2024-10-16,SOBTI_5_ET,EUROPE_LIT,2024-10-16T07:30:00+00:00,2024-10-16T12:00:00+00:00,2024-10-15,1,2024,1,UP,0.45374002813142317,DOWN,450
2024-10-17,SOBTI_5_ET,EUROPE_LIT,2024-10-17T07:30:00+00:00,2024-10-17T12:00:00+00:00,2024-10-16,1,2024,1,UP,0.5017565604595758,UP,450
2024-10-18,SOBTI_5_ET,EUROPE_LIT,2024-10-18T07:30:00+00:00,2024-10-18T12:00:00+00:00,2024-10-17,1,2024,1,UP,0.4646545827777675,DOWN,450
2024-10-21,SOBTI_5_ET,EUROPE_LIT,2024-10-21T07:30:00+00:00,2024-10-21T12:00:00+00:00,2024-10-18,3,2024,1,UP,0.46486580326701027,DOWN,450
2024-10-22,SOBTI_5_ET,EUROPE_LIT,2024-10-22T07:30:00+00:00,2024-10-22T12:00:00+00:00,2024-10-21,1,2024,0,DOWN,0.6601536392621434,UP,450
2024-10-23,SOBTI_5_ET,EUROPE_LIT,2024-10-23T07:30:00+00:00,2024-10-23T12:00:00+00:00,2024-10-22,1,2024,0,DOWN,0.6052837241476308,UP,455
2024-10-24,SOBTI_5_ET,EUROPE_LIT,2024-10-24T07:30:00+00:00,2024-10-24T12:00:00+00:00,2024-10-23,1,2024,1,UP,0.5308961308714165,UP,455
2024-10-25,SOBTI_5_ET,EUROPE_LIT,2024-10-25T07:30:00+00:00,2024-10-25T12:00:00+00:00,2024-10-24,1,2024,0,DOWN,0.5099405847909045,UP,455
2024-10-28,SOBTI_5_ET,EUROPE_LIT,2024-10-28T07:30:00+00:00,2024-10-28T12:00:00+00:00,2024-10-25,3,2024,0,DOWN,0.43602429032996687,DOWN,455
2024-10-29,SOBTI_5_ET,EUROPE_LIT,2024-10-29T07:30:00+00:00,2024-10-29T12:00:00+00:00,2024-10-28,1,2024,0,DOWN,0.4580139628784494,DOWN,455
2024-10-30,SOBTI_5_ET,EUROPE_LIT,2024-10-30T07:30:00+00:00,2024-10-30T12:00:00+00:00,2024-10-29,1,2024,0,DOWN,0.4756394496040541,DOWN,460
2024-10-31,SOBTI_5_ET,EUROPE_LIT,2024-10-31T07:30:00+00:00,2024-10-31T12:00:00+00:00,2024-10-30,1,2024,0,DOWN,0.36206311979439865,DOWN,460
2024-11-01,SOBTI_5_ET,EUROPE_LIT,2024-11-01T07:30:00+00:00,2024-11-01T12:00:00+00:00,2024-10-31,1,2024,1,UP,0.392605150790687,DOWN,460
2024-11-04,SOBTI_5_ET,EUROPE_LIT,2024-11-04T08:30:00+00:00,2024-11-04T13:00:00+00:00,2024-11-01,3,2024,1,UP,0.45487522687419163,DOWN,460
2024-11-05,SOBTI_5_ET,EUROPE_LIT,2024-11-05T08:30:00+00:00,2024-11-05T13:00:00+00:00,2024-11-04,1,2024,1,UP,0.5035848798329171,UP,460
2024-11-06,SOBTI_5_ET,EUROPE_LIT,2024-11-06T08:30:00+00:00,2024-11-06T13:00:00+00:00,2024-11-05,1,2024,0,DOWN,0.48004407749364736,DOWN,465
2024-11-07,SOBTI_5_ET,EUROPE_LIT,2024-11-07T08:30:00+00:00,2024-11-07T13:00:00+00:00,2024-11-06,1,2024,1,UP,0.41558959040263477,DOWN,465
2024-11-08,SOBTI_5_ET,EUROPE_LIT,2024-11-08T08:30:00+00:00,2024-11-08T13:00:00+00:00,2024-11-07,1,2024,1,UP,0.46468324122778604,DOWN,465
2024-11-11,SOBTI_5_ET,EUROPE_LIT,2024-11-11T08:30:00+00:00,2024-11-11T13:00:00+00:00,2024-11-08,3,2024,0,DOWN,0.470962786755811,DOWN,465
2024-11-12,SOBTI_5_ET,EUROPE_LIT,2024-11-12T08:30:00+00:00,2024-11-12T13:00:00+00:00,2024-11-11,1,2024,1,UP,0.470219477837054,DOWN,465
2024-11-13,SOBTI_5_ET,EUROPE_LIT,2024-11-13T08:30:00+00:00,2024-11-13T13:00:00+00:00,2024-11-12,1,2024,1,UP,0.5916286226986524,UP,470
2024-11-14,SOBTI_5_ET,EUROPE_LIT,2024-11-14T08:30:00+00:00,2024-11-14T13:00:00+00:00,2024-11-13,1,2024,0,DOWN,0.6027321800729489,UP,470
2024-11-15,SOBTI_5_ET,EUROPE_LIT,2024-11-15T08:30:00+00:00,2024-11-15T13:00:00+00:00,2024-11-14,1,2024,1,UP,0.6642700953896561,UP,470
2024-11-18,SOBTI_5_ET,EUROPE_LIT,2024-11-18T08:30:00+00:00,2024-11-18T13:00:00+00:00,2024-11-15,3,2024,1,UP,0.7054937408797759,UP,470
2024-11-19,SOBTI_5_ET,EUROPE_LIT,2024-11-19T08:30:00+00:00,2024-11-19T13:00:00+00:00,2024-11-18,1,2024,1,UP,0.6356964782316217,UP,470
2024-11-20,SOBTI_5_ET,EUROPE_LIT,2024-11-20T08:30:00+00:00,2024-11-20T13:00:00+00:00,2024-11-19,1,2024,1,UP,0.718361679363473,UP,475
2024-11-21,SOBTI_5_ET,EUROPE_LIT,2024-11-21T08:30:00+00:00,2024-11-21T13:00:00+00:00,2024-11-20,1,2024,0,DOWN,0.7035538267004554,UP,475
2024-11-22,SOBTI_5_ET,EUROPE_LIT,2024-11-22T08:30:00+00:00,2024-11-22T13:00:00+00:00,2024-11-21,1,2024,1,UP,0.6217932471452823,UP,475
2024-11-25,SOBTI_5_ET,EUROPE_LIT,2024-11-25T08:30:00+00:00,2024-11-25T13:00:00+00:00,2024-11-22,3,2024,1,UP,0.6455536522009103,UP,475
2024-11-26,SOBTI_5_ET,EUROPE_LIT,2024-11-26T08:30:00+00:00,2024-11-26T13:00:00+00:00,2024-11-25,1,2024,1,UP,0.7032635579045693,UP,475
2024-11-27,SOBTI_5_ET,EUROPE_LIT,2024-11-27T08:30:00+00:00,2024-11-27T13:00:00+00:00,2024-11-26,1,2024,1,UP,0.6641135627855298,UP,480
2024-11-28,SOBTI_5_ET,EUROPE_LIT,2024-11-28T08:30:00+00:00,2024-11-28T13:00:00+00:00,2024-11-27,1,2024,1,UP,0.6306153116531115,UP,480
2024-11-29,SOBTI_5_ET,EUROPE_LIT,2024-11-29T08:30:00+00:00,2024-11-29T13:00:00+00:00,2024-11-28,1,2024,1,UP,0.5975842267337501,UP,480
2024-12-02,SOBTI_5_ET,EUROPE_LIT,2024-12-02T08:30:00+00:00,2024-12-02T13:00:00+00:00,2024-11-29,3,2024,1,UP,0.6595767771975284,UP,480
2024-12-03,SOBTI_5_ET,EUROPE_LIT,2024-12-03T08:30:00+00:00,2024-12-03T13:00:00+00:00,2024-12-02,1,2024,0,DOWN,0.6621282855570787,UP,480
2024-12-04,SOBTI_5_ET,EUROPE_LIT,2024-12-04T08:30:00+00:00,2024-12-04T13:00:00+00:00,2024-12-03,1,2024,0,DOWN,0.7048406123561513,UP,485
2024-12-05,SOBTI_5_ET,EUROPE_LIT,2024-12-05T08:30:00+00:00,2024-12-05T13:00:00+00:00,2024-12-04,1,2024,1,UP,0.6382180767994913,UP,485
2024-12-06,SOBTI_5_ET,EUROPE_LIT,2024-12-06T08:30:00+00:00,2024-12-06T13:00:00+00:00,2024-12-05,1,2024,0,DOWN,0.7240220251827614,UP,485
2024-12-09,SOBTI_5_ET,EUROPE_LIT,2024-12-09T08:30:00+00:00,2024-12-09T13:00:00+00:00,2024-12-06,3,2024,1,UP,0.6647758641239991,UP,485
2024-12-10,SOBTI_5_ET,EUROPE_LIT,2024-12-10T08:30:00+00:00,2024-12-10T13:00:00+00:00,2024-12-09,1,2024,1,UP,0.7162625464082496,UP,485
2024-12-11,SOBTI_5_ET,EUROPE_LIT,2024-12-11T08:30:00+00:00,2024-12-11T13:00:00+00:00,2024-12-10,1,2024,1,UP,0.6241623539717044,UP,490
2024-12-12,SOBTI_5_ET,EUROPE_LIT,2024-12-12T08:30:00+00:00,2024-12-12T13:00:00+00:00,2024-12-11,1,2024,0,DOWN,0.5766709558623349,UP,490
2024-12-13,SOBTI_5_ET,EUROPE_LIT,2024-12-13T08:30:00+00:00,2024-12-13T13:00:00+00:00,2024-12-12,1,2024,0,DOWN,0.5926573210230701,UP,490
2024-12-16,SOBTI_5_ET,EUROPE_LIT,2024-12-16T08:30:00+00:00,2024-12-16T13:00:00+00:00,2024-12-13,3,2024,1,UP,0.5295626137745367,UP,490
2024-12-17,SOBTI_5_ET,EUROPE_LIT,2024-12-17T08:30:00+00:00,2024-12-17T13:00:00+00:00,2024-12-16,1,2024,0,DOWN,0.5335378346720698,UP,490
2024-12-18,SOBTI_5_ET,EUROPE_LIT,2024-12-18T08:30:00+00:00,2024-12-18T13:00:00+00:00,2024-12-17,1,2024,0,DOWN,0.49097540478603335,DOWN,495
2024-12-19,SOBTI_5_ET,EUROPE_LIT,2024-12-19T08:30:00+00:00,2024-12-19T13:00:00+00:00,2024-12-18,1,2024,0,DOWN,0.4845544865036562,DOWN,495
2024-12-20,SOBTI_5_ET,EUROPE_LIT,2024-12-20T08:30:00+00:00,2024-12-20T13:00:00+00:00,2024-12-19,1,2024,0,DOWN,0.4412512801339629,DOWN,495
2024-12-23,SOBTI_5_ET,EUROPE_LIT,2024-12-23T08:30:00+00:00,2024-12-23T13:00:00+00:00,2024-12-20,3,2024,0,DOWN,0.45322363805564697,DOWN,495
2024-12-24,SOBTI_5_ET,EUROPE_LIT,2024-12-24T08:30:00+00:00,2024-12-24T13:00:00+00:00,2024-12-23,1,2024,0,DOWN,0.5516296691438957,UP,495
2024-12-27,SOBTI_5_ET,EUROPE_LIT,2024-12-27T08:30:00+00:00,2024-12-27T13:00:00+00:00,2024-12-24,3,2024,0,DOWN,0.49998768910311125,DOWN,500
2024-12-30,SOBTI_5_ET,EUROPE_LIT,2024-12-30T08:30:00+00:00,2024-12-30T13:00:00+00:00,2024-12-27,3,2024,1,UP,0.49982110739673696,DOWN,500
2024-12-31,SOBTI_5_ET,EUROPE_LIT,2024-12-31T08:30:00+00:00,2024-12-31T13:00:00+00:00,2024-12-30,1,2024,0,DOWN,0.5706853074200695,UP,500
2023-06-29,SOBTI_5_ET,NY_LONDON_LIT,2023-06-29T12:00:00+00:00,2023-06-29T18:30:00+00:00,2023-06-28,1,2023,0,DOWN,0.35233142788058136,DOWN,120
2023-06-30,SOBTI_5_ET,NY_LONDON_LIT,2023-06-30T12:00:00+00:00,2023-06-30T18:30:00+00:00,2023-06-29,1,2023,1,UP,0.2372106502575625,DOWN,120
2023-07-03,SOBTI_5_ET,NY_LONDON_LIT,2023-07-03T12:00:00+00:00,2023-07-03T18:30:00+00:00,2023-06-30,3,2023,1,UP,0.39671055221870477,DOWN,120
2023-07-04,SOBTI_5_ET,NY_LONDON_LIT,2023-07-04T12:00:00+00:00,2023-07-04T18:30:00+00:00,2023-07-03,1,2023,0,DOWN,0.2080254797913219,DOWN,120
2023-07-05,SOBTI_5_ET,NY_LONDON_LIT,2023-07-05T12:00:00+00:00,2023-07-05T18:30:00+00:00,2023-07-04,1,2023,0,DOWN,0.26329246118775457,DOWN,120
2023-07-06,SOBTI_5_ET,NY_LONDON_LIT,2023-07-06T12:00:00+00:00,2023-07-06T18:30:00+00:00,2023-07-05,1,2023,0,DOWN,0.1890229978926736,DOWN,125
2023-07-07,SOBTI_5_ET,NY_LONDON_LIT,2023-07-07T12:00:00+00:00,2023-07-07T18:30:00+00:00,2023-07-06,1,2023,1,UP,0.07282868590273293,DOWN,125
2023-07-10,SOBTI_5_ET,NY_LONDON_LIT,2023-07-10T12:00:00+00:00,2023-07-10T18:30:00+00:00,2023-07-07,3,2023,1,UP,0.14892585491883523,DOWN,125
2023-07-11,SOBTI_5_ET,NY_LONDON_LIT,2023-07-11T12:00:00+00:00,2023-07-11T18:30:00+00:00,2023-07-10,1,2023,0,DOWN,0.09174141055495398,DOWN,125
2023-07-12,SOBTI_5_ET,NY_LONDON_LIT,2023-07-12T12:00:00+00:00,2023-07-12T18:30:00+00:00,2023-07-11,1,2023,1,UP,0.20314966722266956,DOWN,125
2023-07-13,SOBTI_5_ET,NY_LONDON_LIT,2023-07-13T12:00:00+00:00,2023-07-13T18:30:00+00:00,2023-07-12,1,2023,0,DOWN,0.29243726239442563,DOWN,130
2023-07-14,SOBTI_5_ET,NY_LONDON_LIT,2023-07-14T12:00:00+00:00,2023-07-14T18:30:00+00:00,2023-07-13,1,2023,1,UP,0.14872616950874507,DOWN,130
2023-07-17,SOBTI_5_ET,NY_LONDON_LIT,2023-07-17T12:00:00+00:00,2023-07-17T18:30:00+00:00,2023-07-14,3,2023,0,DOWN,0.21338067757278956,DOWN,130
2023-07-18,SOBTI_5_ET,NY_LONDON_LIT,2023-07-18T12:00:00+00:00,2023-07-18T18:30:00+00:00,2023-07-17,1,2023,1,UP,0.2756423940439744,DOWN,130
2023-07-19,SOBTI_5_ET,NY_LONDON_LIT,2023-07-19T12:00:00+00:00,2023-07-19T18:30:00+00:00,2023-07-18,1,2023,1,UP,0.3911516827484615,DOWN,130
2023-07-20,SOBTI_5_ET,NY_LONDON_LIT,2023-07-20T12:00:00+00:00,2023-07-20T18:30:00+00:00,2023-07-19,1,2023,0,DOWN,0.5228447140127827,UP,135
2023-07-21,SOBTI_5_ET,NY_LONDON_LIT,2023-07-21T12:00:00+00:00,2023-07-21T18:30:00+00:00,2023-07-20,1,2023,0,DOWN,0.5087509613934544,UP,135
2023-07-24,SOBTI_5_ET,NY_LONDON_LIT,2023-07-24T12:00:00+00:00,2023-07-24T18:30:00+00:00,2023-07-21,3,2023,0,DOWN,0.6581291738046464,UP,135
2023-07-25,SOBTI_5_ET,NY_LONDON_LIT,2023-07-25T12:00:00+00:00,2023-07-25T18:30:00+00:00,2023-07-24,1,2023,1,UP,0.6930246871920108,UP,135
2023-07-26,SOBTI_5_ET,NY_LONDON_LIT,2023-07-26T12:00:00+00:00,2023-07-26T18:30:00+00:00,2023-07-25,1,2023,0,DOWN,0.7096463743269703,UP,135
2023-07-27,SOBTI_5_ET,NY_LONDON_LIT,2023-07-27T12:00:00+00:00,2023-07-27T18:30:00+00:00,2023-07-26,1,2023,0,DOWN,0.49921891815946345,DOWN,140
2023-07-31,SOBTI_5_ET,NY_LONDON_LIT,2023-07-31T12:00:00+00:00,2023-07-31T18:30:00+00:00,2023-07-28,3,2023,1,UP,0.6211040664768382,UP,140
2023-08-01,SOBTI_5_ET,NY_LONDON_LIT,2023-08-01T12:00:00+00:00,2023-08-01T18:30:00+00:00,2023-07-31,1,2023,0,DOWN,0.5922489821056527,UP,140
2023-08-02,SOBTI_5_ET,NY_LONDON_LIT,2023-08-02T12:00:00+00:00,2023-08-02T18:30:00+00:00,2023-08-01,1,2023,0,DOWN,0.6742125953192833,UP,140
2023-08-03,SOBTI_5_ET,NY_LONDON_LIT,2023-08-03T12:00:00+00:00,2023-08-03T18:30:00+00:00,2023-08-02,1,2023,0,DOWN,0.5932136287894803,UP,140
2023-08-04,SOBTI_5_ET,NY_LONDON_LIT,2023-08-04T12:00:00+00:00,2023-08-04T18:30:00+00:00,2023-08-03,1,2023,1,UP,0.6651791981278113,UP,145
2023-08-07,SOBTI_5_ET,NY_LONDON_LIT,2023-08-07T12:00:00+00:00,2023-08-07T18:30:00+00:00,2023-08-04,3,2023,1,UP,0.452773723154854,DOWN,145
2023-08-08,SOBTI_5_ET,NY_LONDON_LIT,2023-08-08T12:00:00+00:00,2023-08-08T18:30:00+00:00,2023-08-07,1,2023,0,DOWN,0.4795225905302955,DOWN,145
2023-08-09,SOBTI_5_ET,NY_LONDON_LIT,2023-08-09T12:00:00+00:00,2023-08-09T18:30:00+00:00,2023-08-08,1,2023,0,DOWN,0.48918238172643314,DOWN,145
2023-08-10,SOBTI_5_ET,NY_LONDON_LIT,2023-08-10T12:00:00+00:00,2023-08-10T18:30:00+00:00,2023-08-09,1,2023,0,DOWN,0.41212515987358217,DOWN,145
2023-08-11,SOBTI_5_ET,NY_LONDON_LIT,2023-08-11T12:00:00+00:00,2023-08-11T18:30:00+00:00,2023-08-10,1,2023,0,DOWN,0.3133599416928713,DOWN,150
2023-08-14,SOBTI_5_ET,NY_LONDON_LIT,2023-08-14T12:00:00+00:00,2023-08-14T18:30:00+00:00,2023-08-11,3,2023,0,DOWN,0.3587215805771406,DOWN,150
2023-08-15,SOBTI_5_ET,NY_LONDON_LIT,2023-08-15T12:00:00+00:00,2023-08-15T18:30:00+00:00,2023-08-14,1,2023,0,DOWN,0.3122440028294496,DOWN,150
2023-08-16,SOBTI_5_ET,NY_LONDON_LIT,2023-08-16T12:00:00+00:00,2023-08-16T18:30:00+00:00,2023-08-15,1,2023,0,DOWN,0.3340602866056722,DOWN,150
2023-08-17,SOBTI_5_ET,NY_LONDON_LIT,2023-08-17T12:00:00+00:00,2023-08-17T18:30:00+00:00,2023-08-16,1,2023,0,DOWN,0.19115209921470452,DOWN,150
2023-08-18,SOBTI_5_ET,NY_LONDON_LIT,2023-08-18T12:00:00+00:00,2023-08-18T18:30:00+00:00,2023-08-17,1,2023,0,DOWN,0.19170829772329792,DOWN,155
2023-08-21,SOBTI_5_ET,NY_LONDON_LIT,2023-08-21T12:00:00+00:00,2023-08-21T18:30:00+00:00,2023-08-18,3,2023,1,UP,0.2577715584405678,DOWN,155
2023-08-22,SOBTI_5_ET,NY_LONDON_LIT,2023-08-22T12:00:00+00:00,2023-08-22T18:30:00+00:00,2023-08-21,1,2023,0,DOWN,0.27840443259932496,DOWN,155
2023-08-23,SOBTI_5_ET,NY_LONDON_LIT,2023-08-23T12:00:00+00:00,2023-08-23T18:30:00+00:00,2023-08-22,1,2023,1,UP,0.20074840746007855,DOWN,155
2023-08-24,SOBTI_5_ET,NY_LONDON_LIT,2023-08-24T12:00:00+00:00,2023-08-24T18:30:00+00:00,2023-08-23,1,2023,1,UP,0.18158258185372086,DOWN,155
2023-08-25,SOBTI_5_ET,NY_LONDON_LIT,2023-08-25T12:00:00+00:00,2023-08-25T18:30:00+00:00,2023-08-24,1,2023,0,DOWN,0.3087321913335581,DOWN,160
2023-08-29,SOBTI_5_ET,NY_LONDON_LIT,2023-08-29T12:00:00+00:00,2023-08-29T18:30:00+00:00,2023-08-25,4,2023,1,UP,0.39064893555621194,DOWN,160
2023-08-30,SOBTI_5_ET,NY_LONDON_LIT,2023-08-30T12:00:00+00:00,2023-08-30T18:30:00+00:00,2023-08-29,1,2023,1,UP,0.5165990934612724,UP,160
2023-08-31,SOBTI_5_ET,NY_LONDON_LIT,2023-08-31T12:00:00+00:00,2023-08-31T18:30:00+00:00,2023-08-30,1,2023,0,DOWN,0.4108088747131379,DOWN,160
2023-09-01,SOBTI_5_ET,NY_LONDON_LIT,2023-09-01T12:00:00+00:00,2023-09-01T18:30:00+00:00,2023-08-31,1,2023,0,DOWN,0.40980606871480185,DOWN,160
2023-09-04,SOBTI_5_ET,NY_LONDON_LIT,2023-09-04T12:00:00+00:00,2023-09-04T18:30:00+00:00,2023-09-01,3,2023,0,DOWN,0.3317510801092571,DOWN,165
2023-09-05,SOBTI_5_ET,NY_LONDON_LIT,2023-09-05T12:00:00+00:00,2023-09-05T18:30:00+00:00,2023-09-04,1,2023,0,DOWN,0.43474969909568967,DOWN,165
2023-09-06,SOBTI_5_ET,NY_LONDON_LIT,2023-09-06T12:00:00+00:00,2023-09-06T18:30:00+00:00,2023-09-05,1,2023,0,DOWN,0.45334885788494717,DOWN,165
2023-09-07,SOBTI_5_ET,NY_LONDON_LIT,2023-09-07T12:00:00+00:00,2023-09-07T18:30:00+00:00,2023-09-06,1,2023,0,DOWN,0.2804371146423396,DOWN,165
2023-09-08,SOBTI_5_ET,NY_LONDON_LIT,2023-09-08T12:00:00+00:00,2023-09-08T18:30:00+00:00,2023-09-07,1,2023,0,DOWN,0.40691732499779304,DOWN,165
2023-09-11,SOBTI_5_ET,NY_LONDON_LIT,2023-09-11T12:00:00+00:00,2023-09-11T18:30:00+00:00,2023-09-08,3,2023,0,DOWN,0.23880763574333372,DOWN,170
2023-09-12,SOBTI_5_ET,NY_LONDON_LIT,2023-09-12T12:00:00+00:00,2023-09-12T18:30:00+00:00,2023-09-11,1,2023,1,UP,0.279928832284711,DOWN,170
2023-09-13,SOBTI_5_ET,NY_LONDON_LIT,2023-09-13T12:00:00+00:00,2023-09-13T18:30:00+00:00,2023-09-12,1,2023,0,DOWN,0.33691364984159883,DOWN,170
2023-09-14,SOBTI_5_ET,NY_LONDON_LIT,2023-09-14T12:00:00+00:00,2023-09-14T18:30:00+00:00,2023-09-13,1,2023,1,UP,0.3001956923522511,DOWN,170
2023-09-15,SOBTI_5_ET,NY_LONDON_LIT,2023-09-15T12:00:00+00:00,2023-09-15T18:30:00+00:00,2023-09-14,1,2023,1,UP,0.3930079954610962,DOWN,170
2023-09-18,SOBTI_5_ET,NY_LONDON_LIT,2023-09-18T12:00:00+00:00,2023-09-18T18:30:00+00:00,2023-09-15,3,2023,1,UP,0.3776437271356021,DOWN,175
2023-09-19,SOBTI_5_ET,NY_LONDON_LIT,2023-09-19T12:00:00+00:00,2023-09-19T18:30:00+00:00,2023-09-18,1,2023,0,DOWN,0.46096198558721996,DOWN,175
2023-09-20,SOBTI_5_ET,NY_LONDON_LIT,2023-09-20T12:00:00+00:00,2023-09-20T18:30:00+00:00,2023-09-19,1,2023,1,UP,0.40367421263611303,DOWN,175
2023-09-21,SOBTI_5_ET,NY_LONDON_LIT,2023-09-21T12:00:00+00:00,2023-09-21T18:30:00+00:00,2023-09-20,1,2023,0,DOWN,0.42879632581772253,DOWN,175
2023-09-22,SOBTI_5_ET,NY_LONDON_LIT,2023-09-22T12:00:00+00:00,2023-09-22T18:30:00+00:00,2023-09-21,1,2023,0,DOWN,0.3037544750143028,DOWN,175
2023-09-25,SOBTI_5_ET,NY_LONDON_LIT,2023-09-25T12:00:00+00:00,2023-09-25T18:30:00+00:00,2023-09-22,3,2023,0,DOWN,0.35570107355102754,DOWN,180
2023-09-26,SOBTI_5_ET,NY_LONDON_LIT,2023-09-26T12:00:00+00:00,2023-09-26T18:30:00+00:00,2023-09-25,1,2023,0,DOWN,0.3760665042875166,DOWN,180
2023-09-27,SOBTI_5_ET,NY_LONDON_LIT,2023-09-27T12:00:00+00:00,2023-09-27T18:30:00+00:00,2023-09-26,1,2023,0,DOWN,0.4220697764883259,DOWN,180
2023-09-28,SOBTI_5_ET,NY_LONDON_LIT,2023-09-28T12:00:00+00:00,2023-09-28T18:30:00+00:00,2023-09-27,1,2023,0,DOWN,0.32787091569562293,DOWN,180
2023-09-29,SOBTI_5_ET,NY_LONDON_LIT,2023-09-29T12:00:00+00:00,2023-09-29T18:30:00+00:00,2023-09-28,1,2023,0,DOWN,0.23996246435699925,DOWN,180
2023-10-02,SOBTI_5_ET,NY_LONDON_LIT,2023-10-02T12:00:00+00:00,2023-10-02T18:30:00+00:00,2023-09-29,3,2023,0,DOWN,0.25797038922232784,DOWN,185
2023-10-03,SOBTI_5_ET,NY_LONDON_LIT,2023-10-03T12:00:00+00:00,2023-10-03T18:30:00+00:00,2023-10-02,1,2023,0,DOWN,0.6120884917691403,UP,185
2023-10-04,SOBTI_5_ET,NY_LONDON_LIT,2023-10-04T12:00:00+00:00,2023-10-04T18:30:00+00:00,2023-10-03,1,2023,0,DOWN,0.370968752036066,DOWN,185
2023-10-05,SOBTI_5_ET,NY_LONDON_LIT,2023-10-05T12:00:00+00:00,2023-10-05T18:30:00+00:00,2023-10-04,1,2023,0,DOWN,0.3046769091549052,DOWN,185
2023-10-06,SOBTI_5_ET,NY_LONDON_LIT,2023-10-06T12:00:00+00:00,2023-10-06T18:30:00+00:00,2023-10-05,1,2023,1,UP,0.4219100124726297,DOWN,185
2023-10-09,SOBTI_5_ET,NY_LONDON_LIT,2023-10-09T12:00:00+00:00,2023-10-09T18:30:00+00:00,2023-10-06,3,2023,1,UP,0.4347374648874593,DOWN,190
2023-10-10,SOBTI_5_ET,NY_LONDON_LIT,2023-10-10T12:00:00+00:00,2023-10-10T18:30:00+00:00,2023-10-09,1,2023,1,UP,0.7430940114467242,UP,190
2023-10-11,SOBTI_5_ET,NY_LONDON_LIT,2023-10-11T12:00:00+00:00,2023-10-11T18:30:00+00:00,2023-10-10,1,2023,1,UP,0.7390626034641263,UP,190
2023-10-12,SOBTI_5_ET,NY_LONDON_LIT,2023-10-12T12:00:00+00:00,2023-10-12T18:30:00+00:00,2023-10-11,1,2023,0,DOWN,0.6199997361515333,UP,190
2023-10-13,SOBTI_5_ET,NY_LONDON_LIT,2023-10-13T12:00:00+00:00,2023-10-13T18:30:00+00:00,2023-10-12,1,2023,1,UP,0.6326633268660103,UP,190
2023-10-16,SOBTI_5_ET,NY_LONDON_LIT,2023-10-16T12:00:00+00:00,2023-10-16T18:30:00+00:00,2023-10-13,3,2023,1,UP,0.4904248752745124,DOWN,195
2023-10-17,SOBTI_5_ET,NY_LONDON_LIT,2023-10-17T12:00:00+00:00,2023-10-17T18:30:00+00:00,2023-10-16,1,2023,0,DOWN,0.42551425169778784,DOWN,195
2023-10-18,SOBTI_5_ET,NY_LONDON_LIT,2023-10-18T12:00:00+00:00,2023-10-18T18:30:00+00:00,2023-10-17,1,2023,1,UP,0.44402884107826746,DOWN,195
2023-10-19,SOBTI_5_ET,NY_LONDON_LIT,2023-10-19T12:00:00+00:00,2023-10-19T18:30:00+00:00,2023-10-18,1,2023,1,UP,0.31817831129846696,DOWN,195
2023-10-20,SOBTI_5_ET,NY_LONDON_LIT,2023-10-20T12:00:00+00:00,2023-10-20T18:30:00+00:00,2023-10-19,1,2023,1,UP,0.24428664655840326,DOWN,195
2023-10-23,SOBTI_5_ET,NY_LONDON_LIT,2023-10-23T12:00:00+00:00,2023-10-23T18:30:00+00:00,2023-10-20,3,2023,0,DOWN,0.4811075643913783,DOWN,200
2023-10-24,SOBTI_5_ET,NY_LONDON_LIT,2023-10-24T12:00:00+00:00,2023-10-24T18:30:00+00:00,2023-10-23,1,2023,1,UP,0.41741066508604296,DOWN,200
2023-10-25,SOBTI_5_ET,NY_LONDON_LIT,2023-10-25T12:00:00+00:00,2023-10-25T18:30:00+00:00,2023-10-24,1,2023,1,UP,0.5393567988942811,UP,200
2023-10-26,SOBTI_5_ET,NY_LONDON_LIT,2023-10-26T12:00:00+00:00,2023-10-26T18:30:00+00:00,2023-10-25,1,2023,1,UP,0.3215594766746943,DOWN,200
2023-10-27,SOBTI_5_ET,NY_LONDON_LIT,2023-10-27T12:00:00+00:00,2023-10-27T18:30:00+00:00,2023-10-26,1,2023,1,UP,0.39106766229779677,DOWN,200
2023-10-30,SOBTI_5_ET,NY_LONDON_LIT,2023-10-30T12:00:00+00:00,2023-10-30T18:30:00+00:00,2023-10-27,3,2023,1,UP,0.4511739690056051,DOWN,205
2023-10-31,SOBTI_5_ET,NY_LONDON_LIT,2023-10-31T12:00:00+00:00,2023-10-31T18:30:00+00:00,2023-10-30,1,2023,0,DOWN,0.23662196879384065,DOWN,205
2023-11-01,SOBTI_5_ET,NY_LONDON_LIT,2023-11-01T12:00:00+00:00,2023-11-01T18:30:00+00:00,2023-10-31,1,2023,0,DOWN,0.3662658558038774,DOWN,205
2023-11-02,SOBTI_5_ET,NY_LONDON_LIT,2023-11-02T12:00:00+00:00,2023-11-02T18:30:00+00:00,2023-11-01,1,2023,0,DOWN,0.3903723683534175,DOWN,205
2023-11-03,SOBTI_5_ET,NY_LONDON_LIT,2023-11-03T12:00:00+00:00,2023-11-03T18:30:00+00:00,2023-11-02,1,2023,1,UP,0.2981913936643096,DOWN,205
2023-11-06,SOBTI_5_ET,NY_LONDON_LIT,2023-11-06T13:00:00+00:00,2023-11-06T19:30:00+00:00,2023-11-03,3,2023,0,DOWN,0.494607047550584,DOWN,210
2023-11-07,SOBTI_5_ET,NY_LONDON_LIT,2023-11-07T13:00:00+00:00,2023-11-07T19:30:00+00:00,2023-11-06,1,2023,1,UP,0.3201235593982827,DOWN,210
2023-11-08,SOBTI_5_ET,NY_LONDON_LIT,2023-11-08T13:00:00+00:00,2023-11-08T19:30:00+00:00,2023-11-07,1,2023,0,DOWN,0.4232539490029517,DOWN,210
2023-11-09,SOBTI_5_ET,NY_LONDON_LIT,2023-11-09T13:00:00+00:00,2023-11-09T19:30:00+00:00,2023-11-08,1,2023,1,UP,0.3962543908764189,DOWN,210
2023-11-10,SOBTI_5_ET,NY_LONDON_LIT,2023-11-10T13:00:00+00:00,2023-11-10T19:30:00+00:00,2023-11-09,1,2023,0,DOWN,0.39450264638379884,DOWN,210
2023-11-13,SOBTI_5_ET,NY_LONDON_LIT,2023-11-13T13:00:00+00:00,2023-11-13T19:30:00+00:00,2023-11-10,3,2023,1,UP,0.4478096756564301,DOWN,215
2023-11-14,SOBTI_5_ET,NY_LONDON_LIT,2023-11-14T13:00:00+00:00,2023-11-14T19:30:00+00:00,2023-11-13,1,2023,1,UP,0.5920871505106933,UP,215
2023-11-15,SOBTI_5_ET,NY_LONDON_LIT,2023-11-15T13:00:00+00:00,2023-11-15T19:30:00+00:00,2023-11-14,1,2023,0,DOWN,0.5645486775112128,UP,215
2023-11-16,SOBTI_5_ET,NY_LONDON_LIT,2023-11-16T13:00:00+00:00,2023-11-16T19:30:00+00:00,2023-11-15,1,2023,1,UP,0.3985583634551654,DOWN,215
2023-11-17,SOBTI_5_ET,NY_LONDON_LIT,2023-11-17T13:00:00+00:00,2023-11-17T19:30:00+00:00,2023-11-16,1,2023,0,DOWN,0.5608897842091657,UP,215
2023-11-20,SOBTI_5_ET,NY_LONDON_LIT,2023-11-20T13:00:00+00:00,2023-11-20T19:30:00+00:00,2023-11-17,3,2023,1,UP,0.42892113467172716,DOWN,220
2023-11-21,SOBTI_5_ET,NY_LONDON_LIT,2023-11-21T13:00:00+00:00,2023-11-21T19:30:00+00:00,2023-11-20,1,2023,1,UP,0.6182304285302122,UP,220
2023-11-22,SOBTI_5_ET,NY_LONDON_LIT,2023-11-22T13:00:00+00:00,2023-11-22T19:30:00+00:00,2023-11-21,1,2023,0,DOWN,0.5746432401283509,UP,220
2023-11-23,SOBTI_5_ET,NY_LONDON_LIT,2023-11-23T13:00:00+00:00,2023-11-23T19:30:00+00:00,2023-11-22,1,2023,1,UP,0.44454551755304267,DOWN,220
2023-11-27,SOBTI_5_ET,NY_LONDON_LIT,2023-11-27T13:00:00+00:00,2023-11-27T19:30:00+00:00,2023-11-24,3,2023,0,DOWN,0.34718128379405855,DOWN,220
2023-11-28,SOBTI_5_ET,NY_LONDON_LIT,2023-11-28T13:00:00+00:00,2023-11-28T19:30:00+00:00,2023-11-27,1,2023,1,UP,0.34656236174136423,DOWN,225
2023-11-29,SOBTI_5_ET,NY_LONDON_LIT,2023-11-29T13:00:00+00:00,2023-11-29T19:30:00+00:00,2023-11-28,1,2023,1,UP,0.4668925158350691,DOWN,225
2023-11-30,SOBTI_5_ET,NY_LONDON_LIT,2023-11-30T13:00:00+00:00,2023-11-30T19:30:00+00:00,2023-11-29,1,2023,0,DOWN,0.49309945957802775,DOWN,225
2023-12-01,SOBTI_5_ET,NY_LONDON_LIT,2023-12-01T13:00:00+00:00,2023-12-01T19:30:00+00:00,2023-11-30,1,2023,1,UP,0.4698033760533396,DOWN,225
2023-12-04,SOBTI_5_ET,NY_LONDON_LIT,2023-12-04T13:00:00+00:00,2023-12-04T19:30:00+00:00,2023-12-01,3,2023,0,DOWN,0.5236119237815569,UP,225
2023-12-05,SOBTI_5_ET,NY_LONDON_LIT,2023-12-05T13:00:00+00:00,2023-12-05T19:30:00+00:00,2023-12-04,1,2023,0,DOWN,0.3989053586857911,DOWN,230
2023-12-06,SOBTI_5_ET,NY_LONDON_LIT,2023-12-06T13:00:00+00:00,2023-12-06T19:30:00+00:00,2023-12-05,1,2023,1,UP,0.6031956357230583,UP,230
2023-12-07,SOBTI_5_ET,NY_LONDON_LIT,2023-12-07T13:00:00+00:00,2023-12-07T19:30:00+00:00,2023-12-06,1,2023,0,DOWN,0.478851995116825,DOWN,230
2023-12-08,SOBTI_5_ET,NY_LONDON_LIT,2023-12-08T13:00:00+00:00,2023-12-08T19:30:00+00:00,2023-12-07,1,2023,0,DOWN,0.4742739923796008,DOWN,230
2023-12-11,SOBTI_5_ET,NY_LONDON_LIT,2023-12-11T13:00:00+00:00,2023-12-11T19:30:00+00:00,2023-12-08,3,2023,0,DOWN,0.6055898063987338,UP,230
2023-12-12,SOBTI_5_ET,NY_LONDON_LIT,2023-12-12T13:00:00+00:00,2023-12-12T19:30:00+00:00,2023-12-11,1,2023,0,DOWN,0.6512268273610744,UP,235
2023-12-13,SOBTI_5_ET,NY_LONDON_LIT,2023-12-13T13:00:00+00:00,2023-12-13T19:30:00+00:00,2023-12-12,1,2023,1,UP,0.5824487691854051,UP,235
2023-12-14,SOBTI_5_ET,NY_LONDON_LIT,2023-12-14T13:00:00+00:00,2023-12-14T19:30:00+00:00,2023-12-13,1,2023,0,DOWN,0.5641964360031524,UP,235
2023-12-15,SOBTI_5_ET,NY_LONDON_LIT,2023-12-15T13:00:00+00:00,2023-12-15T19:30:00+00:00,2023-12-14,1,2023,0,DOWN,0.4738043719898923,DOWN,235
2023-12-18,SOBTI_5_ET,NY_LONDON_LIT,2023-12-18T13:00:00+00:00,2023-12-18T19:30:00+00:00,2023-12-15,3,2023,1,UP,0.7365220426130581,UP,235
2023-12-19,SOBTI_5_ET,NY_LONDON_LIT,2023-12-19T13:00:00+00:00,2023-12-19T19:30:00+00:00,2023-12-18,1,2023,1,UP,0.8784386883084788,UP,240
2023-12-20,SOBTI_5_ET,NY_LONDON_LIT,2023-12-20T13:00:00+00:00,2023-12-20T19:30:00+00:00,2023-12-19,1,2023,1,UP,0.7872551920475122,UP,240
2023-12-21,SOBTI_5_ET,NY_LONDON_LIT,2023-12-21T13:00:00+00:00,2023-12-21T19:30:00+00:00,2023-12-20,1,2023,1,UP,0.8108218792174614,UP,240
2023-12-22,SOBTI_5_ET,NY_LONDON_LIT,2023-12-22T13:00:00+00:00,2023-12-22T19:30:00+00:00,2023-12-21,1,2023,0,DOWN,0.6837079211316301,UP,240
2023-12-27,SOBTI_5_ET,NY_LONDON_LIT,2023-12-27T13:00:00+00:00,2023-12-27T19:30:00+00:00,2023-12-22,5,2023,1,UP,0.6731220555021694,UP,240
2023-12-28,SOBTI_5_ET,NY_LONDON_LIT,2023-12-28T13:00:00+00:00,2023-12-28T19:30:00+00:00,2023-12-27,1,2023,0,DOWN,0.7500933209458396,UP,245
2023-12-29,SOBTI_5_ET,NY_LONDON_LIT,2023-12-29T13:00:00+00:00,2023-12-29T19:30:00+00:00,2023-12-28,1,2023,0,DOWN,0.6766539004317706,UP,245
2024-01-02,SOBTI_5_ET,NY_LONDON_LIT,2024-01-02T13:00:00+00:00,2024-01-02T19:30:00+00:00,2023-12-29,4,2024,0,DOWN,0.7479949834259648,UP,245
2024-01-03,SOBTI_5_ET,NY_LONDON_LIT,2024-01-03T13:00:00+00:00,2024-01-03T19:30:00+00:00,2024-01-02,1,2024,0,DOWN,0.6777267127531805,UP,245
2024-01-04,SOBTI_5_ET,NY_LONDON_LIT,2024-01-04T13:00:00+00:00,2024-01-04T19:30:00+00:00,2024-01-03,1,2024,0,DOWN,0.7506778031819341,UP,245
2024-01-08,SOBTI_5_ET,NY_LONDON_LIT,2024-01-08T13:00:00+00:00,2024-01-08T19:30:00+00:00,2024-01-05,3,2024,1,UP,0.5197437030439427,UP,250
2024-01-09,SOBTI_5_ET,NY_LONDON_LIT,2024-01-09T13:00:00+00:00,2024-01-09T19:30:00+00:00,2024-01-08,1,2024,0,DOWN,0.6880206090381961,UP,250
2024-01-10,SOBTI_5_ET,NY_LONDON_LIT,2024-01-10T13:00:00+00:00,2024-01-10T19:30:00+00:00,2024-01-09,1,2024,0,DOWN,0.5787696497682212,UP,250
2024-01-11,SOBTI_5_ET,NY_LONDON_LIT,2024-01-11T13:00:00+00:00,2024-01-11T19:30:00+00:00,2024-01-10,1,2024,0,DOWN,0.7241957187749529,UP,250
2024-01-12,SOBTI_5_ET,NY_LONDON_LIT,2024-01-12T13:00:00+00:00,2024-01-12T19:30:00+00:00,2024-01-11,1,2024,1,UP,0.6771472096634091,UP,250
2024-01-15,SOBTI_5_ET,NY_LONDON_LIT,2024-01-15T13:00:00+00:00,2024-01-15T19:30:00+00:00,2024-01-12,3,2024,1,UP,0.6161230593262738,UP,255
2024-01-16,SOBTI_5_ET,NY_LONDON_LIT,2024-01-16T13:00:00+00:00,2024-01-16T19:30:00+00:00,2024-01-15,1,2024,0,DOWN,0.6331624394315681,UP,255
2024-01-17,SOBTI_5_ET,NY_LONDON_LIT,2024-01-17T13:00:00+00:00,2024-01-17T19:30:00+00:00,2024-01-16,1,2024,0,DOWN,0.5552230388917947,UP,255
2024-01-18,SOBTI_5_ET,NY_LONDON_LIT,2024-01-18T13:00:00+00:00,2024-01-18T19:30:00+00:00,2024-01-17,1,2024,1,UP,0.4960982187717037,DOWN,255
2024-01-19,SOBTI_5_ET,NY_LONDON_LIT,2024-01-19T13:00:00+00:00,2024-01-19T19:30:00+00:00,2024-01-18,1,2024,0,DOWN,0.4331732567640414,DOWN,255
2024-01-22,SOBTI_5_ET,NY_LONDON_LIT,2024-01-22T13:00:00+00:00,2024-01-22T19:30:00+00:00,2024-01-19,3,2024,0,DOWN,0.34217903171376696,DOWN,260
2024-01-23,SOBTI_5_ET,NY_LONDON_LIT,2024-01-23T13:00:00+00:00,2024-01-23T19:30:00+00:00,2024-01-22,1,2024,1,UP,0.2793333843027644,DOWN,260
2024-01-24,SOBTI_5_ET,NY_LONDON_LIT,2024-01-24T13:00:00+00:00,2024-01-24T19:30:00+00:00,2024-01-23,1,2024,0,DOWN,0.28243195063078985,DOWN,260
2024-01-25,SOBTI_5_ET,NY_LONDON_LIT,2024-01-25T13:00:00+00:00,2024-01-25T19:30:00+00:00,2024-01-24,1,2024,1,UP,0.26442482336602025,DOWN,260
2024-01-26,SOBTI_5_ET,NY_LONDON_LIT,2024-01-26T13:00:00+00:00,2024-01-26T19:30:00+00:00,2024-01-25,1,2024,0,DOWN,0.3603067692179691,DOWN,260
2024-01-29,SOBTI_5_ET,NY_LONDON_LIT,2024-01-29T13:00:00+00:00,2024-01-29T19:30:00+00:00,2024-01-26,3,2024,0,DOWN,0.33227118460205146,DOWN,265
2024-01-30,SOBTI_5_ET,NY_LONDON_LIT,2024-01-30T13:00:00+00:00,2024-01-30T19:30:00+00:00,2024-01-29,1,2024,0,DOWN,0.3791815803908072,DOWN,265
2024-01-31,SOBTI_5_ET,NY_LONDON_LIT,2024-01-31T13:00:00+00:00,2024-01-31T19:30:00+00:00,2024-01-30,1,2024,1,UP,0.3527545562817626,DOWN,265
2024-02-01,SOBTI_5_ET,NY_LONDON_LIT,2024-02-01T13:00:00+00:00,2024-02-01T19:30:00+00:00,2024-01-31,1,2024,1,UP,0.2910903229502975,DOWN,265
2024-02-02,SOBTI_5_ET,NY_LONDON_LIT,2024-02-02T13:00:00+00:00,2024-02-02T19:30:00+00:00,2024-02-01,1,2024,0,DOWN,0.26608019291504,DOWN,265
2024-02-05,SOBTI_5_ET,NY_LONDON_LIT,2024-02-05T13:00:00+00:00,2024-02-05T19:30:00+00:00,2024-02-02,3,2024,1,UP,0.2554157226245188,DOWN,270
2024-02-06,SOBTI_5_ET,NY_LONDON_LIT,2024-02-06T13:00:00+00:00,2024-02-06T19:30:00+00:00,2024-02-05,1,2024,1,UP,0.4004872764358982,DOWN,270
2024-02-07,SOBTI_5_ET,NY_LONDON_LIT,2024-02-07T13:00:00+00:00,2024-02-07T19:30:00+00:00,2024-02-06,1,2024,1,UP,0.3305363319452346,DOWN,270
2024-02-08,SOBTI_5_ET,NY_LONDON_LIT,2024-02-08T13:00:00+00:00,2024-02-08T19:30:00+00:00,2024-02-07,1,2024,1,UP,0.29167530459015173,DOWN,270
2024-02-09,SOBTI_5_ET,NY_LONDON_LIT,2024-02-09T13:00:00+00:00,2024-02-09T19:30:00+00:00,2024-02-08,1,2024,0,DOWN,0.32329306837902005,DOWN,270
2024-02-12,SOBTI_5_ET,NY_LONDON_LIT,2024-02-12T13:00:00+00:00,2024-02-12T19:30:00+00:00,2024-02-09,3,2024,0,DOWN,0.33536067825445715,DOWN,275
2024-02-13,SOBTI_5_ET,NY_LONDON_LIT,2024-02-13T13:00:00+00:00,2024-02-13T19:30:00+00:00,2024-02-12,1,2024,0,DOWN,0.432132208002515,DOWN,275
2024-02-14,SOBTI_5_ET,NY_LONDON_LIT,2024-02-14T13:00:00+00:00,2024-02-14T19:30:00+00:00,2024-02-13,1,2024,1,UP,0.511620633219244,UP,275
2024-02-15,SOBTI_5_ET,NY_LONDON_LIT,2024-02-15T13:00:00+00:00,2024-02-15T19:30:00+00:00,2024-02-14,1,2024,1,UP,0.5376385412941105,UP,275
2024-02-16,SOBTI_5_ET,NY_LONDON_LIT,2024-02-16T13:00:00+00:00,2024-02-16T19:30:00+00:00,2024-02-15,1,2024,1,UP,0.41018293572820635,DOWN,275
2024-02-19,SOBTI_5_ET,NY_LONDON_LIT,2024-02-19T13:00:00+00:00,2024-02-19T19:30:00+00:00,2024-02-16,3,2024,1,UP,0.4145730711257728,DOWN,280
2024-02-20,SOBTI_5_ET,NY_LONDON_LIT,2024-02-20T13:00:00+00:00,2024-02-20T19:30:00+00:00,2024-02-19,1,2024,1,UP,0.41864610408066116,DOWN,280
2024-02-21,SOBTI_5_ET,NY_LONDON_LIT,2024-02-21T13:00:00+00:00,2024-02-21T19:30:00+00:00,2024-02-20,1,2024,0,DOWN,0.46572610303222794,DOWN,280
2024-02-22,SOBTI_5_ET,NY_LONDON_LIT,2024-02-22T13:00:00+00:00,2024-02-22T19:30:00+00:00,2024-02-21,1,2024,0,DOWN,0.5765284570233322,UP,280
2024-02-23,SOBTI_5_ET,NY_LONDON_LIT,2024-02-23T13:00:00+00:00,2024-02-23T19:30:00+00:00,2024-02-22,1,2024,1,UP,0.5402593769978503,UP,280
2024-02-26,SOBTI_5_ET,NY_LONDON_LIT,2024-02-26T13:00:00+00:00,2024-02-26T19:30:00+00:00,2024-02-23,3,2024,0,DOWN,0.5139555453105968,UP,285
2024-02-27,SOBTI_5_ET,NY_LONDON_LIT,2024-02-27T13:00:00+00:00,2024-02-27T19:30:00+00:00,2024-02-26,1,2024,0,DOWN,0.4462818048895955,DOWN,285
2024-02-28,SOBTI_5_ET,NY_LONDON_LIT,2024-02-28T13:00:00+00:00,2024-02-28T19:30:00+00:00,2024-02-27,1,2024,1,UP,0.40339421547936266,DOWN,285
2024-02-29,SOBTI_5_ET,NY_LONDON_LIT,2024-02-29T13:00:00+00:00,2024-02-29T19:30:00+00:00,2024-02-28,1,2024,1,UP,0.3592883621293948,DOWN,285
2024-03-01,SOBTI_5_ET,NY_LONDON_LIT,2024-03-01T13:00:00+00:00,2024-03-01T19:30:00+00:00,2024-02-29,1,2024,1,UP,0.31850755107460554,DOWN,285
2024-03-04,SOBTI_5_ET,NY_LONDON_LIT,2024-03-04T13:00:00+00:00,2024-03-04T19:30:00+00:00,2024-03-01,3,2024,1,UP,0.36026694379402274,DOWN,290
2024-03-05,SOBTI_5_ET,NY_LONDON_LIT,2024-03-05T13:00:00+00:00,2024-03-05T19:30:00+00:00,2024-03-04,1,2024,1,UP,0.4405655760319381,DOWN,290
2024-03-06,SOBTI_5_ET,NY_LONDON_LIT,2024-03-06T13:00:00+00:00,2024-03-06T19:30:00+00:00,2024-03-05,1,2024,1,UP,0.4613765625410719,DOWN,290
2024-03-07,SOBTI_5_ET,NY_LONDON_LIT,2024-03-07T13:00:00+00:00,2024-03-07T19:30:00+00:00,2024-03-06,1,2024,1,UP,0.6268752899101173,UP,290
2024-03-08,SOBTI_5_ET,NY_LONDON_LIT,2024-03-08T13:00:00+00:00,2024-03-08T19:30:00+00:00,2024-03-07,1,2024,1,UP,0.6440019804266285,UP,290
2024-03-11,SOBTI_5_ET,NY_LONDON_LIT,2024-03-11T12:00:00+00:00,2024-03-11T18:30:00+00:00,2024-03-08,3,2024,0,DOWN,0.6230239890754338,UP,295
2024-03-12,SOBTI_5_ET,NY_LONDON_LIT,2024-03-12T12:00:00+00:00,2024-03-12T18:30:00+00:00,2024-03-11,1,2024,0,DOWN,0.5962134289819834,UP,295
2024-03-13,SOBTI_5_ET,NY_LONDON_LIT,2024-03-13T12:00:00+00:00,2024-03-13T18:30:00+00:00,2024-03-12,1,2024,1,UP,0.43941519000175155,DOWN,295
2024-03-14,SOBTI_5_ET,NY_LONDON_LIT,2024-03-14T12:00:00+00:00,2024-03-14T18:30:00+00:00,2024-03-13,1,2024,0,DOWN,0.3638801274245895,DOWN,295
2024-03-15,SOBTI_5_ET,NY_LONDON_LIT,2024-03-15T12:00:00+00:00,2024-03-15T18:30:00+00:00,2024-03-14,1,2024,0,DOWN,0.3172838798459219,DOWN,295
2024-03-18,SOBTI_5_ET,NY_LONDON_LIT,2024-03-18T12:00:00+00:00,2024-03-18T18:30:00+00:00,2024-03-15,3,2024,0,DOWN,0.31969172765256293,DOWN,300
2024-03-19,SOBTI_5_ET,NY_LONDON_LIT,2024-03-19T12:00:00+00:00,2024-03-19T18:30:00+00:00,2024-03-18,1,2024,1,UP,0.4059144097549066,DOWN,300
2024-03-20,SOBTI_5_ET,NY_LONDON_LIT,2024-03-20T12:00:00+00:00,2024-03-20T18:30:00+00:00,2024-03-19,1,2024,1,UP,0.4400136504982678,DOWN,300
2024-03-21,SOBTI_5_ET,NY_LONDON_LIT,2024-03-21T12:00:00+00:00,2024-03-21T18:30:00+00:00,2024-03-20,1,2024,0,DOWN,0.500184517132616,UP,300
2024-03-22,SOBTI_5_ET,NY_LONDON_LIT,2024-03-22T12:00:00+00:00,2024-03-22T18:30:00+00:00,2024-03-21,1,2024,0,DOWN,0.5279230683425797,UP,300
2024-03-25,SOBTI_5_ET,NY_LONDON_LIT,2024-03-25T12:00:00+00:00,2024-03-25T18:30:00+00:00,2024-03-22,3,2024,1,UP,0.6968767243109151,UP,305
2024-03-26,SOBTI_5_ET,NY_LONDON_LIT,2024-03-26T12:00:00+00:00,2024-03-26T18:30:00+00:00,2024-03-25,1,2024,0,DOWN,0.562555841890847,UP,305
2024-03-27,SOBTI_5_ET,NY_LONDON_LIT,2024-03-27T12:00:00+00:00,2024-03-27T18:30:00+00:00,2024-03-26,1,2024,1,UP,0.5013402054389374,UP,305
2024-03-28,SOBTI_5_ET,NY_LONDON_LIT,2024-03-28T12:00:00+00:00,2024-03-28T18:30:00+00:00,2024-03-27,1,2024,1,UP,0.5451978376717095,UP,305
2024-04-02,SOBTI_5_ET,NY_LONDON_LIT,2024-04-02T12:00:00+00:00,2024-04-02T18:30:00+00:00,2024-03-28,5,2024,1,UP,0.43601117590531474,DOWN,305
2024-04-03,SOBTI_5_ET,NY_LONDON_LIT,2024-04-03T12:00:00+00:00,2024-04-03T18:30:00+00:00,2024-04-02,1,2024,1,UP,0.6014568091428488,UP,310
2024-04-04,SOBTI_5_ET,NY_LONDON_LIT,2024-04-04T12:00:00+00:00,2024-04-04T18:30:00+00:00,2024-04-03,1,2024,1,UP,0.7159275554709992,UP,310
2024-04-05,SOBTI_5_ET,NY_LONDON_LIT,2024-04-05T12:00:00+00:00,2024-04-05T18:30:00+00:00,2024-04-04,1,2024,1,UP,0.6741367843100033,UP,310
2024-04-08,SOBTI_5_ET,NY_LONDON_LIT,2024-04-08T12:00:00+00:00,2024-04-08T18:30:00+00:00,2024-04-05,3,2024,1,UP,0.7006031920650434,UP,310
2024-04-09,SOBTI_5_ET,NY_LONDON_LIT,2024-04-09T12:00:00+00:00,2024-04-09T18:30:00+00:00,2024-04-08,1,2024,0,DOWN,0.7261674426791066,UP,310
2024-04-10,SOBTI_5_ET,NY_LONDON_LIT,2024-04-10T12:00:00+00:00,2024-04-10T18:30:00+00:00,2024-04-09,1,2024,0,DOWN,0.67742432806665,UP,315
2024-04-11,SOBTI_5_ET,NY_LONDON_LIT,2024-04-11T12:00:00+00:00,2024-04-11T18:30:00+00:00,2024-04-10,1,2024,1,UP,0.6619560760962176,UP,315
2024-04-12,SOBTI_5_ET,NY_LONDON_LIT,2024-04-12T12:00:00+00:00,2024-04-12T18:30:00+00:00,2024-04-11,1,2024,0,DOWN,0.5893468318976657,UP,315
2024-04-15,SOBTI_5_ET,NY_LONDON_LIT,2024-04-15T12:00:00+00:00,2024-04-15T18:30:00+00:00,2024-04-12,3,2024,1,UP,0.5300497115994405,UP,315
2024-04-16,SOBTI_5_ET,NY_LONDON_LIT,2024-04-16T12:00:00+00:00,2024-04-16T18:30:00+00:00,2024-04-15,1,2024,1,UP,0.6394757982466067,UP,315
2024-04-17,SOBTI_5_ET,NY_LONDON_LIT,2024-04-17T12:00:00+00:00,2024-04-17T18:30:00+00:00,2024-04-16,1,2024,0,DOWN,0.6526508393442718,UP,320
2024-04-18,SOBTI_5_ET,NY_LONDON_LIT,2024-04-18T12:00:00+00:00,2024-04-18T18:30:00+00:00,2024-04-17,1,2024,1,UP,0.6250298287550375,UP,320
2024-04-19,SOBTI_5_ET,NY_LONDON_LIT,2024-04-19T12:00:00+00:00,2024-04-19T18:30:00+00:00,2024-04-18,1,2024,1,UP,0.7591282008169782,UP,320
2024-04-22,SOBTI_5_ET,NY_LONDON_LIT,2024-04-22T12:00:00+00:00,2024-04-22T18:30:00+00:00,2024-04-19,3,2024,0,DOWN,0.6708375281588803,UP,320
2024-04-23,SOBTI_5_ET,NY_LONDON_LIT,2024-04-23T12:00:00+00:00,2024-04-23T18:30:00+00:00,2024-04-22,1,2024,1,UP,0.7264824296547545,UP,320
2024-04-24,SOBTI_5_ET,NY_LONDON_LIT,2024-04-24T12:00:00+00:00,2024-04-24T18:30:00+00:00,2024-04-23,1,2024,1,UP,0.7696348445930093,UP,325
2024-04-25,SOBTI_5_ET,NY_LONDON_LIT,2024-04-25T12:00:00+00:00,2024-04-25T18:30:00+00:00,2024-04-24,1,2024,1,UP,0.5196676729711404,UP,325
2024-04-26,SOBTI_5_ET,NY_LONDON_LIT,2024-04-26T12:00:00+00:00,2024-04-26T18:30:00+00:00,2024-04-25,1,2024,0,DOWN,0.5305576806124799,UP,325
2024-04-29,SOBTI_5_ET,NY_LONDON_LIT,2024-04-29T12:00:00+00:00,2024-04-29T18:30:00+00:00,2024-04-26,3,2024,1,UP,0.6692616711837358,UP,325
2024-04-30,SOBTI_5_ET,NY_LONDON_LIT,2024-04-30T12:00:00+00:00,2024-04-30T18:30:00+00:00,2024-04-29,1,2024,0,DOWN,0.722843943100737,UP,325
2024-05-01,SOBTI_5_ET,NY_LONDON_LIT,2024-05-01T12:00:00+00:00,2024-05-01T18:30:00+00:00,2024-04-30,1,2024,1,UP,0.8124757176001801,UP,330
2024-05-02,SOBTI_5_ET,NY_LONDON_LIT,2024-05-02T12:00:00+00:00,2024-05-02T18:30:00+00:00,2024-05-01,1,2024,1,UP,0.7706725407113143,UP,330
2024-05-03,SOBTI_5_ET,NY_LONDON_LIT,2024-05-03T12:00:00+00:00,2024-05-03T18:30:00+00:00,2024-05-02,1,2024,0,DOWN,0.6316559295112245,UP,330
2024-05-07,SOBTI_5_ET,NY_LONDON_LIT,2024-05-07T12:00:00+00:00,2024-05-07T18:30:00+00:00,2024-05-03,4,2024,1,UP,0.5848387853732658,UP,330
2024-05-08,SOBTI_5_ET,NY_LONDON_LIT,2024-05-08T12:00:00+00:00,2024-05-08T18:30:00+00:00,2024-05-07,1,2024,0,DOWN,0.5818369270658943,UP,330
2024-05-09,SOBTI_5_ET,NY_LONDON_LIT,2024-05-09T12:00:00+00:00,2024-05-09T18:30:00+00:00,2024-05-08,1,2024,1,UP,0.6770997981433592,UP,335
2024-05-10,SOBTI_5_ET,NY_LONDON_LIT,2024-05-10T12:00:00+00:00,2024-05-10T18:30:00+00:00,2024-05-09,1,2024,0,DOWN,0.7015347966473517,UP,335
2024-05-13,SOBTI_5_ET,NY_LONDON_LIT,2024-05-13T12:00:00+00:00,2024-05-13T18:30:00+00:00,2024-05-10,3,2024,0,DOWN,0.6823943804375403,UP,335
2024-05-14,SOBTI_5_ET,NY_LONDON_LIT,2024-05-14T12:00:00+00:00,2024-05-14T18:30:00+00:00,2024-05-13,1,2024,1,UP,0.8485624781742596,UP,335
2024-05-15,SOBTI_5_ET,NY_LONDON_LIT,2024-05-15T12:00:00+00:00,2024-05-15T18:30:00+00:00,2024-05-14,1,2024,1,UP,0.6603139575749141,UP,335
2024-05-16,SOBTI_5_ET,NY_LONDON_LIT,2024-05-16T12:00:00+00:00,2024-05-16T18:30:00+00:00,2024-05-15,1,2024,0,DOWN,0.6752681003767552,UP,340
2024-05-17,SOBTI_5_ET,NY_LONDON_LIT,2024-05-17T12:00:00+00:00,2024-05-17T18:30:00+00:00,2024-05-16,1,2024,1,UP,0.6895289710367293,UP,340
2024-05-20,SOBTI_5_ET,NY_LONDON_LIT,2024-05-20T12:00:00+00:00,2024-05-20T18:30:00+00:00,2024-05-17,3,2024,1,UP,0.573998232940821,UP,340
2024-05-21,SOBTI_5_ET,NY_LONDON_LIT,2024-05-21T12:00:00+00:00,2024-05-21T18:30:00+00:00,2024-05-20,1,2024,0,DOWN,0.6648706446561284,UP,340
2024-05-22,SOBTI_5_ET,NY_LONDON_LIT,2024-05-22T12:00:00+00:00,2024-05-22T18:30:00+00:00,2024-05-21,1,2024,0,DOWN,0.8272329878786864,UP,340
2024-05-23,SOBTI_5_ET,NY_LONDON_LIT,2024-05-23T12:00:00+00:00,2024-05-23T18:30:00+00:00,2024-05-22,1,2024,0,DOWN,0.7517260769579167,UP,345
2024-05-24,SOBTI_5_ET,NY_LONDON_LIT,2024-05-24T12:00:00+00:00,2024-05-24T18:30:00+00:00,2024-05-23,1,2024,0,DOWN,0.7592166102897325,UP,345
2024-05-28,SOBTI_5_ET,NY_LONDON_LIT,2024-05-28T12:00:00+00:00,2024-05-28T18:30:00+00:00,2024-05-24,4,2024,1,UP,0.7240187185636059,UP,345
2024-05-29,SOBTI_5_ET,NY_LONDON_LIT,2024-05-29T12:00:00+00:00,2024-05-29T18:30:00+00:00,2024-05-28,1,2024,1,UP,0.5199955524539531,UP,345
2024-05-30,SOBTI_5_ET,NY_LONDON_LIT,2024-05-30T12:00:00+00:00,2024-05-30T18:30:00+00:00,2024-05-29,1,2024,1,UP,0.5455155494066645,UP,345
2024-05-31,SOBTI_5_ET,NY_LONDON_LIT,2024-05-31T12:00:00+00:00,2024-05-31T18:30:00+00:00,2024-05-30,1,2024,0,DOWN,0.593063825904311,UP,350
2024-06-03,SOBTI_5_ET,NY_LONDON_LIT,2024-06-03T12:00:00+00:00,2024-06-03T18:30:00+00:00,2024-05-31,3,2024,1,UP,0.671031987788457,UP,350
2024-06-04,SOBTI_5_ET,NY_LONDON_LIT,2024-06-04T12:00:00+00:00,2024-06-04T18:30:00+00:00,2024-06-03,1,2024,0,DOWN,0.75432218726492,UP,350
2024-06-05,SOBTI_5_ET,NY_LONDON_LIT,2024-06-05T12:00:00+00:00,2024-06-05T18:30:00+00:00,2024-06-04,1,2024,1,UP,0.7385556364865709,UP,350
2024-06-06,SOBTI_5_ET,NY_LONDON_LIT,2024-06-06T12:00:00+00:00,2024-06-06T18:30:00+00:00,2024-06-05,1,2024,1,UP,0.7479035515543072,UP,350
2024-06-07,SOBTI_5_ET,NY_LONDON_LIT,2024-06-07T12:00:00+00:00,2024-06-07T18:30:00+00:00,2024-06-06,1,2024,0,DOWN,0.7464384187917921,UP,355
2024-06-10,SOBTI_5_ET,NY_LONDON_LIT,2024-06-10T12:00:00+00:00,2024-06-10T18:30:00+00:00,2024-06-07,3,2024,1,UP,0.7690668352356363,UP,355
2024-06-11,SOBTI_5_ET,NY_LONDON_LIT,2024-06-11T12:00:00+00:00,2024-06-11T18:30:00+00:00,2024-06-10,1,2024,1,UP,0.7137396211997568,UP,355
2024-06-12,SOBTI_5_ET,NY_LONDON_LIT,2024-06-12T12:00:00+00:00,2024-06-12T18:30:00+00:00,2024-06-11,1,2024,1,UP,0.5323118064379393,UP,355
2024-06-13,SOBTI_5_ET,NY_LONDON_LIT,2024-06-13T12:00:00+00:00,2024-06-13T18:30:00+00:00,2024-06-12,1,2024,0,DOWN,0.5553297590244581,UP,355
2024-06-14,SOBTI_5_ET,NY_LONDON_LIT,2024-06-14T12:00:00+00:00,2024-06-14T18:30:00+00:00,2024-06-13,1,2024,1,UP,0.5089577862203748,UP,360
2024-06-17,SOBTI_5_ET,NY_LONDON_LIT,2024-06-17T12:00:00+00:00,2024-06-17T18:30:00+00:00,2024-06-14,3,2024,0,DOWN,0.5659280727032547,UP,360
2024-06-18,SOBTI_5_ET,NY_LONDON_LIT,2024-06-18T12:00:00+00:00,2024-06-18T18:30:00+00:00,2024-06-17,1,2024,1,UP,0.5773638105227028,UP,360
2024-06-19,SOBTI_5_ET,NY_LONDON_LIT,2024-06-19T12:00:00+00:00,2024-06-19T18:30:00+00:00,2024-06-18,1,2024,0,DOWN,0.5567799421611419,UP,360
2024-06-20,SOBTI_5_ET,NY_LONDON_LIT,2024-06-20T12:00:00+00:00,2024-06-20T18:30:00+00:00,2024-06-19,1,2024,1,UP,0.41424072763478065,DOWN,360
2024-06-21,SOBTI_5_ET,NY_LONDON_LIT,2024-06-21T12:00:00+00:00,2024-06-21T18:30:00+00:00,2024-06-20,1,2024,0,DOWN,0.504365878506922,UP,365
2024-06-24,SOBTI_5_ET,NY_LONDON_LIT,2024-06-24T12:00:00+00:00,2024-06-24T18:30:00+00:00,2024-06-21,3,2024,1,UP,0.42172995809014924,DOWN,365
2024-06-25,SOBTI_5_ET,NY_LONDON_LIT,2024-06-25T12:00:00+00:00,2024-06-25T18:30:00+00:00,2024-06-24,1,2024,0,DOWN,0.5400339848457509,UP,365
2024-06-26,SOBTI_5_ET,NY_LONDON_LIT,2024-06-26T12:00:00+00:00,2024-06-26T18:30:00+00:00,2024-06-25,1,2024,0,DOWN,0.43298454540602727,DOWN,365
2024-06-27,SOBTI_5_ET,NY_LONDON_LIT,2024-06-27T12:00:00+00:00,2024-06-27T18:30:00+00:00,2024-06-26,1,2024,1,UP,0.4315961756610388,DOWN,365
2024-06-28,SOBTI_5_ET,NY_LONDON_LIT,2024-06-28T12:00:00+00:00,2024-06-28T18:30:00+00:00,2024-06-27,1,2024,0,DOWN,0.39324743286997466,DOWN,370
2024-07-01,SOBTI_5_ET,NY_LONDON_LIT,2024-07-01T12:00:00+00:00,2024-07-01T18:30:00+00:00,2024-06-28,3,2024,0,DOWN,0.3039058635894632,DOWN,370
2024-07-02,SOBTI_5_ET,NY_LONDON_LIT,2024-07-02T12:00:00+00:00,2024-07-02T18:30:00+00:00,2024-07-01,1,2024,1,UP,0.46284008459872444,DOWN,370
2024-07-03,SOBTI_5_ET,NY_LONDON_LIT,2024-07-03T12:00:00+00:00,2024-07-03T18:30:00+00:00,2024-07-02,1,2024,1,UP,0.4506134141477164,DOWN,370
2024-07-04,SOBTI_5_ET,NY_LONDON_LIT,2024-07-04T12:00:00+00:00,2024-07-04T18:30:00+00:00,2024-07-03,1,2024,0,DOWN,0.5369923193734738,UP,370
2024-07-05,SOBTI_5_ET,NY_LONDON_LIT,2024-07-05T12:00:00+00:00,2024-07-05T18:30:00+00:00,2024-07-04,1,2024,1,UP,0.5676540501513303,UP,375
2024-07-08,SOBTI_5_ET,NY_LONDON_LIT,2024-07-08T12:00:00+00:00,2024-07-08T18:30:00+00:00,2024-07-05,3,2024,0,DOWN,0.5668549350218803,UP,375
2024-07-09,SOBTI_5_ET,NY_LONDON_LIT,2024-07-09T12:00:00+00:00,2024-07-09T18:30:00+00:00,2024-07-08,1,2024,1,UP,0.48433927338375055,DOWN,375
2024-07-10,SOBTI_5_ET,NY_LONDON_LIT,2024-07-10T12:00:00+00:00,2024-07-10T18:30:00+00:00,2024-07-09,1,2024,0,DOWN,0.5093183891329721,UP,375
2024-07-11,SOBTI_5_ET,NY_LONDON_LIT,2024-07-11T12:00:00+00:00,2024-07-11T18:30:00+00:00,2024-07-10,1,2024,1,UP,0.45951993123371065,DOWN,375
2024-07-12,SOBTI_5_ET,NY_LONDON_LIT,2024-07-12T12:00:00+00:00,2024-07-12T18:30:00+00:00,2024-07-11,1,2024,1,UP,0.46565281281245463,DOWN,380
2024-07-15,SOBTI_5_ET,NY_LONDON_LIT,2024-07-15T12:00:00+00:00,2024-07-15T18:30:00+00:00,2024-07-12,3,2024,1,UP,0.5058206018761486,UP,380
2024-07-16,SOBTI_5_ET,NY_LONDON_LIT,2024-07-16T12:00:00+00:00,2024-07-16T18:30:00+00:00,2024-07-15,1,2024,1,UP,0.5005470851560653,UP,380
2024-07-17,SOBTI_5_ET,NY_LONDON_LIT,2024-07-17T12:00:00+00:00,2024-07-17T18:30:00+00:00,2024-07-16,1,2024,0,DOWN,0.48600380719749897,DOWN,380
2024-07-18,SOBTI_5_ET,NY_LONDON_LIT,2024-07-18T12:00:00+00:00,2024-07-18T18:30:00+00:00,2024-07-17,1,2024,0,DOWN,0.5272519891379539,UP,380
2024-07-19,SOBTI_5_ET,NY_LONDON_LIT,2024-07-19T12:00:00+00:00,2024-07-19T18:30:00+00:00,2024-07-18,1,2024,0,DOWN,0.5220048849235477,UP,385
2024-07-22,SOBTI_5_ET,NY_LONDON_LIT,2024-07-22T12:00:00+00:00,2024-07-22T18:30:00+00:00,2024-07-19,3,2024,0,DOWN,0.5614469773102273,UP,385
2024-07-23,SOBTI_5_ET,NY_LONDON_LIT,2024-07-23T12:00:00+00:00,2024-07-23T18:30:00+00:00,2024-07-22,1,2024,0,DOWN,0.430230343741868,DOWN,385
2024-07-24,SOBTI_5_ET,NY_LONDON_LIT,2024-07-24T12:00:00+00:00,2024-07-24T18:30:00+00:00,2024-07-23,1,2024,0,DOWN,0.3155812742598712,DOWN,385
2024-07-25,SOBTI_5_ET,NY_LONDON_LIT,2024-07-25T12:00:00+00:00,2024-07-25T18:30:00+00:00,2024-07-24,1,2024,0,DOWN,0.35517932098246313,DOWN,385
2024-07-26,SOBTI_5_ET,NY_LONDON_LIT,2024-07-26T12:00:00+00:00,2024-07-26T18:30:00+00:00,2024-07-25,1,2024,1,UP,0.435177871766368,DOWN,390
2024-07-29,SOBTI_5_ET,NY_LONDON_LIT,2024-07-29T12:00:00+00:00,2024-07-29T18:30:00+00:00,2024-07-26,3,2024,0,DOWN,0.386747567942298,DOWN,390
2024-07-30,SOBTI_5_ET,NY_LONDON_LIT,2024-07-30T12:00:00+00:00,2024-07-30T18:30:00+00:00,2024-07-29,1,2024,1,UP,0.4063810226583283,DOWN,390
2024-07-31,SOBTI_5_ET,NY_LONDON_LIT,2024-07-31T12:00:00+00:00,2024-07-31T18:30:00+00:00,2024-07-30,1,2024,1,UP,0.4991419406171154,DOWN,390
2024-08-01,SOBTI_5_ET,NY_LONDON_LIT,2024-08-01T12:00:00+00:00,2024-08-01T18:30:00+00:00,2024-07-31,1,2024,0,DOWN,0.48004220354456156,DOWN,390
2024-08-02,SOBTI_5_ET,NY_LONDON_LIT,2024-08-02T12:00:00+00:00,2024-08-02T18:30:00+00:00,2024-08-01,1,2024,0,DOWN,0.5854441093692871,UP,395
2024-08-05,SOBTI_5_ET,NY_LONDON_LIT,2024-08-05T12:00:00+00:00,2024-08-05T18:30:00+00:00,2024-08-02,3,2024,1,UP,0.5566526262677369,UP,395
2024-08-06,SOBTI_5_ET,NY_LONDON_LIT,2024-08-06T12:00:00+00:00,2024-08-06T18:30:00+00:00,2024-08-05,1,2024,0,DOWN,0.5918429728437308,UP,395
2024-08-07,SOBTI_5_ET,NY_LONDON_LIT,2024-08-07T12:00:00+00:00,2024-08-07T18:30:00+00:00,2024-08-06,1,2024,0,DOWN,0.5034820599039546,UP,395
2024-08-08,SOBTI_5_ET,NY_LONDON_LIT,2024-08-08T12:00:00+00:00,2024-08-08T18:30:00+00:00,2024-08-07,1,2024,1,UP,0.4767764060494774,DOWN,395
2024-08-09,SOBTI_5_ET,NY_LONDON_LIT,2024-08-09T12:00:00+00:00,2024-08-09T18:30:00+00:00,2024-08-08,1,2024,1,UP,0.40065129248668546,DOWN,400
2024-08-12,SOBTI_5_ET,NY_LONDON_LIT,2024-08-12T12:00:00+00:00,2024-08-12T18:30:00+00:00,2024-08-09,3,2024,1,UP,0.35219004440798496,DOWN,400
2024-08-13,SOBTI_5_ET,NY_LONDON_LIT,2024-08-13T12:00:00+00:00,2024-08-13T18:30:00+00:00,2024-08-12,1,2024,1,UP,0.4790149956289723,DOWN,400
2024-08-14,SOBTI_5_ET,NY_LONDON_LIT,2024-08-14T12:00:00+00:00,2024-08-14T18:30:00+00:00,2024-08-13,1,2024,0,DOWN,0.46790514450959486,DOWN,400
2024-08-15,SOBTI_5_ET,NY_LONDON_LIT,2024-08-15T12:00:00+00:00,2024-08-15T18:30:00+00:00,2024-08-14,1,2024,0,DOWN,0.5304078585556898,UP,400
2024-08-16,SOBTI_5_ET,NY_LONDON_LIT,2024-08-16T12:00:00+00:00,2024-08-16T18:30:00+00:00,2024-08-15,1,2024,1,UP,0.5767889465729432,UP,405
2024-08-19,SOBTI_5_ET,NY_LONDON_LIT,2024-08-19T12:00:00+00:00,2024-08-19T18:30:00+00:00,2024-08-16,3,2024,1,UP,0.5168591274303046,UP,405
2024-08-20,SOBTI_5_ET,NY_LONDON_LIT,2024-08-20T12:00:00+00:00,2024-08-20T18:30:00+00:00,2024-08-19,1,2024,0,DOWN,0.4171002437442303,DOWN,405
2024-08-21,SOBTI_5_ET,NY_LONDON_LIT,2024-08-21T12:00:00+00:00,2024-08-21T18:30:00+00:00,2024-08-20,1,2024,1,UP,0.510343422461796,UP,405
2024-08-22,SOBTI_5_ET,NY_LONDON_LIT,2024-08-22T12:00:00+00:00,2024-08-22T18:30:00+00:00,2024-08-21,1,2024,0,DOWN,0.5350964183620415,UP,405
2024-08-23,SOBTI_5_ET,NY_LONDON_LIT,2024-08-23T12:00:00+00:00,2024-08-23T18:30:00+00:00,2024-08-22,1,2024,1,UP,0.4967474867364225,DOWN,410
2024-08-27,SOBTI_5_ET,NY_LONDON_LIT,2024-08-27T12:00:00+00:00,2024-08-27T18:30:00+00:00,2024-08-23,4,2024,1,UP,0.5084316369657005,UP,410
2024-08-28,SOBTI_5_ET,NY_LONDON_LIT,2024-08-28T12:00:00+00:00,2024-08-28T18:30:00+00:00,2024-08-27,1,2024,1,UP,0.47530609522856054,DOWN,410
2024-08-29,SOBTI_5_ET,NY_LONDON_LIT,2024-08-29T12:00:00+00:00,2024-08-29T18:30:00+00:00,2024-08-28,1,2024,1,UP,0.4319763987829211,DOWN,410
2024-08-30,SOBTI_5_ET,NY_LONDON_LIT,2024-08-30T12:00:00+00:00,2024-08-30T18:30:00+00:00,2024-08-29,1,2024,0,DOWN,0.4539268253576065,DOWN,410
2024-09-02,SOBTI_5_ET,NY_LONDON_LIT,2024-09-02T12:00:00+00:00,2024-09-02T18:30:00+00:00,2024-08-30,3,2024,0,DOWN,0.4758055512520395,DOWN,415
2024-09-03,SOBTI_5_ET,NY_LONDON_LIT,2024-09-03T12:00:00+00:00,2024-09-03T18:30:00+00:00,2024-09-02,1,2024,0,DOWN,0.4877040483780261,DOWN,415
2024-09-04,SOBTI_5_ET,NY_LONDON_LIT,2024-09-04T12:00:00+00:00,2024-09-04T18:30:00+00:00,2024-09-03,1,2024,1,UP,0.41323136089112844,DOWN,415
2024-09-05,SOBTI_5_ET,NY_LONDON_LIT,2024-09-05T12:00:00+00:00,2024-09-05T18:30:00+00:00,2024-09-04,1,2024,1,UP,0.4691099132507796,DOWN,415
2024-09-06,SOBTI_5_ET,NY_LONDON_LIT,2024-09-06T12:00:00+00:00,2024-09-06T18:30:00+00:00,2024-09-05,1,2024,0,DOWN,0.4536937843600705,DOWN,415
2024-09-09,SOBTI_5_ET,NY_LONDON_LIT,2024-09-09T12:00:00+00:00,2024-09-09T18:30:00+00:00,2024-09-06,3,2024,1,UP,0.49062063842767417,DOWN,420
2024-09-10,SOBTI_5_ET,NY_LONDON_LIT,2024-09-10T12:00:00+00:00,2024-09-10T18:30:00+00:00,2024-09-09,1,2024,1,UP,0.561692383825896,UP,420
2024-09-11,SOBTI_5_ET,NY_LONDON_LIT,2024-09-11T12:00:00+00:00,2024-09-11T18:30:00+00:00,2024-09-10,1,2024,0,DOWN,0.4545951144363377,DOWN,420
2024-09-12,SOBTI_5_ET,NY_LONDON_LIT,2024-09-12T12:00:00+00:00,2024-09-12T18:30:00+00:00,2024-09-11,1,2024,1,UP,0.429847280384231,DOWN,420
2024-09-13,SOBTI_5_ET,NY_LONDON_LIT,2024-09-13T12:00:00+00:00,2024-09-13T18:30:00+00:00,2024-09-12,1,2024,1,UP,0.5107928209660411,UP,420
2024-09-16,SOBTI_5_ET,NY_LONDON_LIT,2024-09-16T12:00:00+00:00,2024-09-16T18:30:00+00:00,2024-09-13,3,2024,0,DOWN,0.47670730188552174,DOWN,425
2024-09-17,SOBTI_5_ET,NY_LONDON_LIT,2024-09-17T12:00:00+00:00,2024-09-17T18:30:00+00:00,2024-09-16,1,2024,0,DOWN,0.5797993990705264,UP,425
2024-09-18,SOBTI_5_ET,NY_LONDON_LIT,2024-09-18T12:00:00+00:00,2024-09-18T18:30:00+00:00,2024-09-17,1,2024,1,UP,0.5953714716438911,UP,425
2024-09-19,SOBTI_5_ET,NY_LONDON_LIT,2024-09-19T12:00:00+00:00,2024-09-19T18:30:00+00:00,2024-09-18,1,2024,0,DOWN,0.5112380014366816,UP,425
2024-09-20,SOBTI_5_ET,NY_LONDON_LIT,2024-09-20T12:00:00+00:00,2024-09-20T18:30:00+00:00,2024-09-19,1,2024,1,UP,0.5358105938795079,UP,425
2024-09-23,SOBTI_5_ET,NY_LONDON_LIT,2024-09-23T12:00:00+00:00,2024-09-23T18:30:00+00:00,2024-09-20,3,2024,1,UP,0.5097958558942852,UP,430
2024-09-24,SOBTI_5_ET,NY_LONDON_LIT,2024-09-24T12:00:00+00:00,2024-09-24T18:30:00+00:00,2024-09-23,1,2024,1,UP,0.4327788147639529,DOWN,430
2024-09-25,SOBTI_5_ET,NY_LONDON_LIT,2024-09-25T12:00:00+00:00,2024-09-25T18:30:00+00:00,2024-09-24,1,2024,1,UP,0.5231079130720483,UP,430
2024-09-26,SOBTI_5_ET,NY_LONDON_LIT,2024-09-26T12:00:00+00:00,2024-09-26T18:30:00+00:00,2024-09-25,1,2024,0,DOWN,0.5238734870675612,UP,430
2024-09-27,SOBTI_5_ET,NY_LONDON_LIT,2024-09-27T12:00:00+00:00,2024-09-27T18:30:00+00:00,2024-09-26,1,2024,0,DOWN,0.5570417554485708,UP,430
2024-09-30,SOBTI_5_ET,NY_LONDON_LIT,2024-09-30T12:00:00+00:00,2024-09-30T18:30:00+00:00,2024-09-27,3,2024,0,DOWN,0.5965713628853877,UP,435
2024-10-01,SOBTI_5_ET,NY_LONDON_LIT,2024-10-01T12:00:00+00:00,2024-10-01T18:30:00+00:00,2024-09-30,1,2024,1,UP,0.4898158779964323,DOWN,435
2024-10-02,SOBTI_5_ET,NY_LONDON_LIT,2024-10-02T12:00:00+00:00,2024-10-02T18:30:00+00:00,2024-10-01,1,2024,1,UP,0.45267191854431843,DOWN,435
2024-10-03,SOBTI_5_ET,NY_LONDON_LIT,2024-10-03T12:00:00+00:00,2024-10-03T18:30:00+00:00,2024-10-02,1,2024,1,UP,0.44238382840024815,DOWN,435
2024-10-04,SOBTI_5_ET,NY_LONDON_LIT,2024-10-04T12:00:00+00:00,2024-10-04T18:30:00+00:00,2024-10-03,1,2024,0,DOWN,0.4546290630377996,DOWN,435
2024-10-07,SOBTI_5_ET,NY_LONDON_LIT,2024-10-07T12:00:00+00:00,2024-10-07T18:30:00+00:00,2024-10-04,3,2024,0,DOWN,0.47644780664130176,DOWN,440
2024-10-08,SOBTI_5_ET,NY_LONDON_LIT,2024-10-08T12:00:00+00:00,2024-10-08T18:30:00+00:00,2024-10-07,1,2024,0,DOWN,0.49683540745954063,DOWN,440
2024-10-09,SOBTI_5_ET,NY_LONDON_LIT,2024-10-09T12:00:00+00:00,2024-10-09T18:30:00+00:00,2024-10-08,1,2024,0,DOWN,0.5148729292060875,UP,440
2024-10-10,SOBTI_5_ET,NY_LONDON_LIT,2024-10-10T12:00:00+00:00,2024-10-10T18:30:00+00:00,2024-10-09,1,2024,1,UP,0.5599856564813847,UP,440
2024-10-11,SOBTI_5_ET,NY_LONDON_LIT,2024-10-11T12:00:00+00:00,2024-10-11T18:30:00+00:00,2024-10-10,1,2024,1,UP,0.5324940089629165,UP,440
2024-10-14,SOBTI_5_ET,NY_LONDON_LIT,2024-10-14T12:00:00+00:00,2024-10-14T18:30:00+00:00,2024-10-11,3,2024,0,DOWN,0.44800901672357524,DOWN,445
2024-10-15,SOBTI_5_ET,NY_LONDON_LIT,2024-10-15T12:00:00+00:00,2024-10-15T18:30:00+00:00,2024-10-14,1,2024,1,UP,0.4192146074382959,DOWN,445
2024-10-16,SOBTI_5_ET,NY_LONDON_LIT,2024-10-16T12:00:00+00:00,2024-10-16T18:30:00+00:00,2024-10-15,1,2024,0,DOWN,0.41855019970540563,DOWN,445
2024-10-17,SOBTI_5_ET,NY_LONDON_LIT,2024-10-17T12:00:00+00:00,2024-10-17T18:30:00+00:00,2024-10-16,1,2024,1,UP,0.4271778265801725,DOWN,445
2024-10-18,SOBTI_5_ET,NY_LONDON_LIT,2024-10-18T12:00:00+00:00,2024-10-18T18:30:00+00:00,2024-10-17,1,2024,1,UP,0.4627907522371675,DOWN,445
2024-10-21,SOBTI_5_ET,NY_LONDON_LIT,2024-10-21T12:00:00+00:00,2024-10-21T18:30:00+00:00,2024-10-18,3,2024,0,DOWN,0.45761761345545243,DOWN,450
2024-10-22,SOBTI_5_ET,NY_LONDON_LIT,2024-10-22T12:00:00+00:00,2024-10-22T18:30:00+00:00,2024-10-21,1,2024,1,UP,0.424898983744492,DOWN,450
2024-10-23,SOBTI_5_ET,NY_LONDON_LIT,2024-10-23T12:00:00+00:00,2024-10-23T18:30:00+00:00,2024-10-22,1,2024,0,DOWN,0.567333165638127,UP,450
2024-10-24,SOBTI_5_ET,NY_LONDON_LIT,2024-10-24T12:00:00+00:00,2024-10-24T18:30:00+00:00,2024-10-23,1,2024,0,DOWN,0.5056032959856686,UP,450
2024-10-25,SOBTI_5_ET,NY_LONDON_LIT,2024-10-25T12:00:00+00:00,2024-10-25T18:30:00+00:00,2024-10-24,1,2024,1,UP,0.511806345833351,UP,450
2024-10-28,SOBTI_5_ET,NY_LONDON_LIT,2024-10-28T12:00:00+00:00,2024-10-28T18:30:00+00:00,2024-10-25,3,2024,1,UP,0.44106302606320613,DOWN,455
2024-10-29,SOBTI_5_ET,NY_LONDON_LIT,2024-10-29T12:00:00+00:00,2024-10-29T18:30:00+00:00,2024-10-28,1,2024,1,UP,0.37652288331193884,DOWN,455
2024-10-30,SOBTI_5_ET,NY_LONDON_LIT,2024-10-30T12:00:00+00:00,2024-10-30T18:30:00+00:00,2024-10-29,1,2024,1,UP,0.38705405130837695,DOWN,455
2024-10-31,SOBTI_5_ET,NY_LONDON_LIT,2024-10-31T12:00:00+00:00,2024-10-31T18:30:00+00:00,2024-10-30,1,2024,0,DOWN,0.3669865036736871,DOWN,455
2024-11-01,SOBTI_5_ET,NY_LONDON_LIT,2024-11-01T12:00:00+00:00,2024-11-01T18:30:00+00:00,2024-10-31,1,2024,0,DOWN,0.43573614688717843,DOWN,455
2024-11-04,SOBTI_5_ET,NY_LONDON_LIT,2024-11-04T13:00:00+00:00,2024-11-04T19:30:00+00:00,2024-11-01,3,2024,0,DOWN,0.5637380828996945,UP,460
2024-11-05,SOBTI_5_ET,NY_LONDON_LIT,2024-11-05T13:00:00+00:00,2024-11-05T19:30:00+00:00,2024-11-04,1,2024,1,UP,0.5269833481256813,UP,460
2024-11-06,SOBTI_5_ET,NY_LONDON_LIT,2024-11-06T13:00:00+00:00,2024-11-06T19:30:00+00:00,2024-11-05,1,2024,0,DOWN,0.5141029268212545,UP,460
2024-11-07,SOBTI_5_ET,NY_LONDON_LIT,2024-11-07T13:00:00+00:00,2024-11-07T19:30:00+00:00,2024-11-06,1,2024,1,UP,0.48506208479777124,DOWN,460
2024-11-08,SOBTI_5_ET,NY_LONDON_LIT,2024-11-08T13:00:00+00:00,2024-11-08T19:30:00+00:00,2024-11-07,1,2024,0,DOWN,0.5403818706049701,UP,460
2024-11-11,SOBTI_5_ET,NY_LONDON_LIT,2024-11-11T13:00:00+00:00,2024-11-11T19:30:00+00:00,2024-11-08,3,2024,0,DOWN,0.4342715108637703,DOWN,465
2024-11-12,SOBTI_5_ET,NY_LONDON_LIT,2024-11-12T13:00:00+00:00,2024-11-12T19:30:00+00:00,2024-11-11,1,2024,0,DOWN,0.4773503384415511,DOWN,465
2024-11-13,SOBTI_5_ET,NY_LONDON_LIT,2024-11-13T13:00:00+00:00,2024-11-13T19:30:00+00:00,2024-11-12,1,2024,0,DOWN,0.6076483184927303,UP,465
2024-11-14,SOBTI_5_ET,NY_LONDON_LIT,2024-11-14T13:00:00+00:00,2024-11-14T19:30:00+00:00,2024-11-13,1,2024,1,UP,0.5361897391235416,UP,465
2024-11-15,SOBTI_5_ET,NY_LONDON_LIT,2024-11-15T13:00:00+00:00,2024-11-15T19:30:00+00:00,2024-11-14,1,2024,0,DOWN,0.7322269902061911,UP,465
2024-11-18,SOBTI_5_ET,NY_LONDON_LIT,2024-11-18T13:00:00+00:00,2024-11-18T19:30:00+00:00,2024-11-15,3,2024,1,UP,0.5714937878612567,UP,470
2024-11-19,SOBTI_5_ET,NY_LONDON_LIT,2024-11-19T13:00:00+00:00,2024-11-19T19:30:00+00:00,2024-11-18,1,2024,0,DOWN,0.5859302425644093,UP,470
2024-11-20,SOBTI_5_ET,NY_LONDON_LIT,2024-11-20T13:00:00+00:00,2024-11-20T19:30:00+00:00,2024-11-19,1,2024,1,UP,0.662774068427828,UP,470
2024-11-21,SOBTI_5_ET,NY_LONDON_LIT,2024-11-21T13:00:00+00:00,2024-11-21T19:30:00+00:00,2024-11-20,1,2024,1,UP,0.6733259060047139,UP,470
2024-11-22,SOBTI_5_ET,NY_LONDON_LIT,2024-11-22T13:00:00+00:00,2024-11-22T19:30:00+00:00,2024-11-21,1,2024,1,UP,0.6421565338238365,UP,470
2024-11-25,SOBTI_5_ET,NY_LONDON_LIT,2024-11-25T13:00:00+00:00,2024-11-25T19:30:00+00:00,2024-11-22,3,2024,0,DOWN,0.7304421209815094,UP,475
2024-11-26,SOBTI_5_ET,NY_LONDON_LIT,2024-11-26T13:00:00+00:00,2024-11-26T19:30:00+00:00,2024-11-25,1,2024,0,DOWN,0.75943784299014,UP,475
2024-11-27,SOBTI_5_ET,NY_LONDON_LIT,2024-11-27T13:00:00+00:00,2024-11-27T19:30:00+00:00,2024-11-26,1,2024,0,DOWN,0.6023204342263228,UP,475
2024-11-28,SOBTI_5_ET,NY_LONDON_LIT,2024-11-28T13:00:00+00:00,2024-11-28T19:30:00+00:00,2024-11-27,1,2024,0,DOWN,0.6047324319228347,UP,475
2024-11-29,SOBTI_5_ET,NY_LONDON_LIT,2024-11-29T13:00:00+00:00,2024-11-29T19:30:00+00:00,2024-11-28,1,2024,0,DOWN,0.5319374198905458,UP,475
2024-12-02,SOBTI_5_ET,NY_LONDON_LIT,2024-12-02T13:00:00+00:00,2024-12-02T19:30:00+00:00,2024-11-29,3,2024,0,DOWN,0.40290572333906666,DOWN,480
2024-12-03,SOBTI_5_ET,NY_LONDON_LIT,2024-12-03T13:00:00+00:00,2024-12-03T19:30:00+00:00,2024-12-02,1,2024,1,UP,0.5051522862070429,UP,480
2024-12-04,SOBTI_5_ET,NY_LONDON_LIT,2024-12-04T13:00:00+00:00,2024-12-04T19:30:00+00:00,2024-12-03,1,2024,1,UP,0.5387277041673182,UP,480
2024-12-05,SOBTI_5_ET,NY_LONDON_LIT,2024-12-05T13:00:00+00:00,2024-12-05T19:30:00+00:00,2024-12-04,1,2024,0,DOWN,0.4981620325589308,DOWN,480
2024-12-06,SOBTI_5_ET,NY_LONDON_LIT,2024-12-06T13:00:00+00:00,2024-12-06T19:30:00+00:00,2024-12-05,1,2024,0,DOWN,0.5912370041689222,UP,480
2024-12-09,SOBTI_5_ET,NY_LONDON_LIT,2024-12-09T13:00:00+00:00,2024-12-09T19:30:00+00:00,2024-12-06,3,2024,1,UP,0.609673953771709,UP,485
2024-12-10,SOBTI_5_ET,NY_LONDON_LIT,2024-12-10T13:00:00+00:00,2024-12-10T19:30:00+00:00,2024-12-09,1,2024,1,UP,0.6125393036087123,UP,485
2024-12-11,SOBTI_5_ET,NY_LONDON_LIT,2024-12-11T13:00:00+00:00,2024-12-11T19:30:00+00:00,2024-12-10,1,2024,1,UP,0.5243172552082016,UP,485
2024-12-12,SOBTI_5_ET,NY_LONDON_LIT,2024-12-12T13:00:00+00:00,2024-12-12T19:30:00+00:00,2024-12-11,1,2024,0,DOWN,0.6066318209668425,UP,485
2024-12-13,SOBTI_5_ET,NY_LONDON_LIT,2024-12-13T13:00:00+00:00,2024-12-13T19:30:00+00:00,2024-12-12,1,2024,0,DOWN,0.5805764333377749,UP,485
2024-12-16,SOBTI_5_ET,NY_LONDON_LIT,2024-12-16T13:00:00+00:00,2024-12-16T19:30:00+00:00,2024-12-13,3,2024,0,DOWN,0.6326215339528203,UP,490
2024-12-17,SOBTI_5_ET,NY_LONDON_LIT,2024-12-17T13:00:00+00:00,2024-12-17T19:30:00+00:00,2024-12-16,1,2024,1,UP,0.4985331078162278,DOWN,490
2024-12-18,SOBTI_5_ET,NY_LONDON_LIT,2024-12-18T13:00:00+00:00,2024-12-18T19:30:00+00:00,2024-12-17,1,2024,0,DOWN,0.46654106929288236,DOWN,490
2024-12-19,SOBTI_5_ET,NY_LONDON_LIT,2024-12-19T13:00:00+00:00,2024-12-19T19:30:00+00:00,2024-12-18,1,2024,0,DOWN,0.39369428045685584,DOWN,490
2024-12-20,SOBTI_5_ET,NY_LONDON_LIT,2024-12-20T13:00:00+00:00,2024-12-20T19:30:00+00:00,2024-12-19,1,2024,1,UP,0.40502862069287293,DOWN,490
2024-12-23,SOBTI_5_ET,NY_LONDON_LIT,2024-12-23T13:00:00+00:00,2024-12-23T19:30:00+00:00,2024-12-20,3,2024,0,DOWN,0.39862020459310654,DOWN,495
2024-12-27,SOBTI_5_ET,NY_LONDON_LIT,2024-12-27T13:00:00+00:00,2024-12-27T19:30:00+00:00,2024-12-24,3,2024,0,DOWN,0.4550061121137564,DOWN,495
2024-12-30,SOBTI_5_ET,NY_LONDON_LIT,2024-12-30T13:00:00+00:00,2024-12-30T19:30:00+00:00,2024-12-27,3,2024,0,DOWN,0.4669771270255914,DOWN,495
2024-12-31,SOBTI_5_ET,NY_LONDON_LIT,2024-12-31T13:00:00+00:00,2024-12-31T19:30:00+00:00,2024-12-30,1,2024,1,UP,0.5381332747201082,UP,495
2023-08-15,SOBTI_5_ET,US_LATE_LIT,2023-08-15T18:30:00+00:00,2023-08-16T01:00:00+00:00,2023-08-14,1,2023,0,DOWN,0.5804536147861818,UP,120
2023-08-16,SOBTI_5_ET,US_LATE_LIT,2023-08-16T18:30:00+00:00,2023-08-17T01:00:00+00:00,2023-08-15,1,2023,0,DOWN,0.5076871877289381,UP,120
2023-08-17,SOBTI_5_ET,US_LATE_LIT,2023-08-17T18:30:00+00:00,2023-08-18T01:00:00+00:00,2023-08-16,1,2023,1,UP,0.6571031984394213,UP,120
2023-08-21,SOBTI_5_ET,US_LATE_LIT,2023-08-21T18:30:00+00:00,2023-08-22T01:00:00+00:00,2023-08-18,3,2023,1,UP,0.44703373341276315,DOWN,120
2023-08-22,SOBTI_5_ET,US_LATE_LIT,2023-08-22T18:30:00+00:00,2023-08-23T01:00:00+00:00,2023-08-21,1,2023,1,UP,0.49798216825613506,DOWN,120
2023-08-23,SOBTI_5_ET,US_LATE_LIT,2023-08-23T18:30:00+00:00,2023-08-24T01:00:00+00:00,2023-08-22,1,2023,1,UP,0.6908417248959754,UP,125
2023-08-24,SOBTI_5_ET,US_LATE_LIT,2023-08-24T18:30:00+00:00,2023-08-25T01:00:00+00:00,2023-08-23,1,2023,0,DOWN,0.6912135384371911,UP,125
2023-08-28,SOBTI_5_ET,US_LATE_LIT,2023-08-28T18:30:00+00:00,2023-08-29T01:00:00+00:00,2023-08-25,3,2023,1,UP,0.6219478801934736,UP,125
2023-08-29,SOBTI_5_ET,US_LATE_LIT,2023-08-29T18:30:00+00:00,2023-08-30T01:00:00+00:00,2023-08-25,4,2023,1,UP,0.6219478801934736,UP,125
2023-08-30,SOBTI_5_ET,US_LATE_LIT,2023-08-30T18:30:00+00:00,2023-08-31T01:00:00+00:00,2023-08-29,1,2023,1,UP,0.5991138777376972,UP,125
2023-08-31,SOBTI_5_ET,US_LATE_LIT,2023-08-31T18:30:00+00:00,2023-09-01T01:00:00+00:00,2023-08-30,1,2023,0,DOWN,0.8281596830679246,UP,130
2023-09-05,SOBTI_5_ET,US_LATE_LIT,2023-09-05T18:30:00+00:00,2023-09-06T01:00:00+00:00,2023-09-04,1,2023,0,DOWN,0.7561119728384343,UP,130
2023-09-06,SOBTI_5_ET,US_LATE_LIT,2023-09-06T18:30:00+00:00,2023-09-07T01:00:00+00:00,2023-09-05,1,2023,1,UP,0.7137497023442589,UP,130
2023-09-07,SOBTI_5_ET,US_LATE_LIT,2023-09-07T18:30:00+00:00,2023-09-08T01:00:00+00:00,2023-09-06,1,2023,1,UP,0.798745514019429,UP,130
2023-09-11,SOBTI_5_ET,US_LATE_LIT,2023-09-11T18:30:00+00:00,2023-09-12T01:00:00+00:00,2023-09-08,3,2023,0,DOWN,0.7261710086222891,UP,130
2023-09-12,SOBTI_5_ET,US_LATE_LIT,2023-09-12T18:30:00+00:00,2023-09-13T01:00:00+00:00,2023-09-11,1,2023,0,DOWN,0.6305188442808702,UP,135
2023-09-13,SOBTI_5_ET,US_LATE_LIT,2023-09-13T18:30:00+00:00,2023-09-14T01:00:00+00:00,2023-09-12,1,2023,1,UP,0.5674511282282321,UP,135
2023-09-14,SOBTI_5_ET,US_LATE_LIT,2023-09-14T18:30:00+00:00,2023-09-15T01:00:00+00:00,2023-09-13,1,2023,1,UP,0.6831928007707914,UP,135
2023-09-18,SOBTI_5_ET,US_LATE_LIT,2023-09-18T18:30:00+00:00,2023-09-19T01:00:00+00:00,2023-09-15,3,2023,1,UP,0.7245513235167712,UP,135
2023-09-19,SOBTI_5_ET,US_LATE_LIT,2023-09-19T18:30:00+00:00,2023-09-20T01:00:00+00:00,2023-09-18,1,2023,1,UP,0.6243112441016344,UP,135
2023-09-20,SOBTI_5_ET,US_LATE_LIT,2023-09-20T18:30:00+00:00,2023-09-21T01:00:00+00:00,2023-09-19,1,2023,0,DOWN,0.705074685182129,UP,140
2023-09-21,SOBTI_5_ET,US_LATE_LIT,2023-09-21T18:30:00+00:00,2023-09-22T01:00:00+00:00,2023-09-20,1,2023,1,UP,0.7118709177337919,UP,140
2023-09-25,SOBTI_5_ET,US_LATE_LIT,2023-09-25T18:30:00+00:00,2023-09-26T01:00:00+00:00,2023-09-22,3,2023,0,DOWN,0.7917408519561593,UP,140
2023-09-26,SOBTI_5_ET,US_LATE_LIT,2023-09-26T18:30:00+00:00,2023-09-27T01:00:00+00:00,2023-09-25,1,2023,1,UP,0.6559293974747307,UP,140
2023-09-27,SOBTI_5_ET,US_LATE_LIT,2023-09-27T18:30:00+00:00,2023-09-28T01:00:00+00:00,2023-09-26,1,2023,1,UP,0.44662758585160534,DOWN,140
2023-09-28,SOBTI_5_ET,US_LATE_LIT,2023-09-28T18:30:00+00:00,2023-09-29T01:00:00+00:00,2023-09-27,1,2023,0,DOWN,0.5670416458537338,UP,145
2023-10-02,SOBTI_5_ET,US_LATE_LIT,2023-10-02T18:30:00+00:00,2023-10-03T01:00:00+00:00,2023-09-29,3,2023,0,DOWN,0.6419825458204739,UP,145
2023-10-03,SOBTI_5_ET,US_LATE_LIT,2023-10-03T18:30:00+00:00,2023-10-04T01:00:00+00:00,2023-10-02,1,2023,1,UP,0.18958448256963292,DOWN,145
2023-10-04,SOBTI_5_ET,US_LATE_LIT,2023-10-04T18:30:00+00:00,2023-10-05T01:00:00+00:00,2023-10-03,1,2023,1,UP,0.39293692564889593,DOWN,145
2023-10-05,SOBTI_5_ET,US_LATE_LIT,2023-10-05T18:30:00+00:00,2023-10-06T01:00:00+00:00,2023-10-04,1,2023,1,UP,0.5567049364697598,UP,145
2023-10-09,SOBTI_5_ET,US_LATE_LIT,2023-10-09T18:30:00+00:00,2023-10-10T01:00:00+00:00,2023-10-06,3,2023,1,UP,0.49150236921957124,DOWN,150
2023-10-10,SOBTI_5_ET,US_LATE_LIT,2023-10-10T18:30:00+00:00,2023-10-11T01:00:00+00:00,2023-10-09,1,2023,1,UP,0.45216774145607647,DOWN,150
2023-10-11,SOBTI_5_ET,US_LATE_LIT,2023-10-11T18:30:00+00:00,2023-10-12T01:00:00+00:00,2023-10-10,1,2023,1,UP,0.4626103541805994,DOWN,150
2023-10-12,SOBTI_5_ET,US_LATE_LIT,2023-10-12T18:30:00+00:00,2023-10-13T01:00:00+00:00,2023-10-11,1,2023,1,UP,0.578676676533398,UP,150
2023-10-16,SOBTI_5_ET,US_LATE_LIT,2023-10-16T18:30:00+00:00,2023-10-17T01:00:00+00:00,2023-10-13,3,2023,0,DOWN,0.7130657143089119,UP,150
2023-10-17,SOBTI_5_ET,US_LATE_LIT,2023-10-17T18:30:00+00:00,2023-10-18T01:00:00+00:00,2023-10-16,1,2023,1,UP,0.6151537338238828,UP,155
2023-10-18,SOBTI_5_ET,US_LATE_LIT,2023-10-18T18:30:00+00:00,2023-10-19T01:00:00+00:00,2023-10-17,1,2023,0,DOWN,0.5284919539261923,UP,155
2023-10-19,SOBTI_5_ET,US_LATE_LIT,2023-10-19T18:30:00+00:00,2023-10-20T01:00:00+00:00,2023-10-18,1,2023,1,UP,0.6159180288301989,UP,155
2023-10-23,SOBTI_5_ET,US_LATE_LIT,2023-10-23T18:30:00+00:00,2023-10-24T01:00:00+00:00,2023-10-20,3,2023,0,DOWN,0.6159646373776576,UP,155
2023-10-24,SOBTI_5_ET,US_LATE_LIT,2023-10-24T18:30:00+00:00,2023-10-25T01:00:00+00:00,2023-10-23,1,2023,1,UP,0.5443891134924332,UP,155
2023-10-25,SOBTI_5_ET,US_LATE_LIT,2023-10-25T18:30:00+00:00,2023-10-26T01:00:00+00:00,2023-10-24,1,2023,0,DOWN,0.4295572468546374,DOWN,160
2023-10-26,SOBTI_5_ET,US_LATE_LIT,2023-10-26T18:30:00+00:00,2023-10-27T01:00:00+00:00,2023-10-25,1,2023,0,DOWN,0.6208447511671391,UP,160
2023-10-30,SOBTI_5_ET,US_LATE_LIT,2023-10-30T18:30:00+00:00,2023-10-31T01:00:00+00:00,2023-10-27,3,2023,0,DOWN,0.4794438987170745,DOWN,160
2023-10-31,SOBTI_5_ET,US_LATE_LIT,2023-10-31T18:30:00+00:00,2023-11-01T01:00:00+00:00,2023-10-30,1,2023,0,DOWN,0.6432895402492718,UP,160
2023-11-01,SOBTI_5_ET,US_LATE_LIT,2023-11-01T18:30:00+00:00,2023-11-02T01:00:00+00:00,2023-10-31,1,2023,1,UP,0.6447640033435804,UP,160
2023-11-02,SOBTI_5_ET,US_LATE_LIT,2023-11-02T18:30:00+00:00,2023-11-03T01:00:00+00:00,2023-11-01,1,2023,1,UP,0.6486506824925817,UP,165
2023-11-06,SOBTI_5_ET,US_LATE_LIT,2023-11-06T19:30:00+00:00,2023-11-07T02:00:00+00:00,2023-11-03,3,2023,0,DOWN,0.6442669115431504,UP,165
2023-11-07,SOBTI_5_ET,US_LATE_LIT,2023-11-07T19:30:00+00:00,2023-11-08T02:00:00+00:00,2023-11-06,1,2023,1,UP,0.7391121013171805,UP,165
2023-11-08,SOBTI_5_ET,US_LATE_LIT,2023-11-08T19:30:00+00:00,2023-11-09T02:00:00+00:00,2023-11-07,1,2023,1,UP,0.5640916325548664,UP,165
2023-11-09,SOBTI_5_ET,US_LATE_LIT,2023-11-09T19:30:00+00:00,2023-11-10T02:00:00+00:00,2023-11-08,1,2023,0,DOWN,0.6215449403975166,UP,165
2023-11-13,SOBTI_5_ET,US_LATE_LIT,2023-11-13T19:30:00+00:00,2023-11-14T02:00:00+00:00,2023-11-10,3,2023,0,DOWN,0.5312039082853345,UP,170
2023-11-14,SOBTI_5_ET,US_LATE_LIT,2023-11-14T19:30:00+00:00,2023-11-15T02:00:00+00:00,2023-11-13,1,2023,1,UP,0.42685404972743257,DOWN,170
2023-11-15,SOBTI_5_ET,US_LATE_LIT,2023-11-15T19:30:00+00:00,2023-11-16T02:00:00+00:00,2023-11-14,1,2023,0,DOWN,0.5300971757762651,UP,170
2023-11-16,SOBTI_5_ET,US_LATE_LIT,2023-11-16T19:30:00+00:00,2023-11-17T02:00:00+00:00,2023-11-15,1,2023,1,UP,0.7433930540473641,UP,170
2023-11-20,SOBTI_5_ET,US_LATE_LIT,2023-11-20T19:30:00+00:00,2023-11-21T02:00:00+00:00,2023-11-17,3,2023,1,UP,0.7690130361168456,UP,170
2023-11-21,SOBTI_5_ET,US_LATE_LIT,2023-11-21T19:30:00+00:00,2023-11-22T02:00:00+00:00,2023-11-20,1,2023,0,DOWN,0.5958301711210852,UP,175
2023-11-22,SOBTI_5_ET,US_LATE_LIT,2023-11-22T19:30:00+00:00,2023-11-23T02:00:00+00:00,2023-11-21,1,2023,1,UP,0.6336148386441365,UP,175
2023-11-27,SOBTI_5_ET,US_LATE_LIT,2023-11-27T19:30:00+00:00,2023-11-28T02:00:00+00:00,2023-11-24,3,2023,1,UP,0.6867885432664687,UP,175
2023-11-28,SOBTI_5_ET,US_LATE_LIT,2023-11-28T19:30:00+00:00,2023-11-29T02:00:00+00:00,2023-11-27,1,2023,1,UP,0.7831879855878298,UP,175
2023-11-29,SOBTI_5_ET,US_LATE_LIT,2023-11-29T19:30:00+00:00,2023-11-30T02:00:00+00:00,2023-11-28,1,2023,0,DOWN,0.6308911366635139,UP,175
2023-11-30,SOBTI_5_ET,US_LATE_LIT,2023-11-30T19:30:00+00:00,2023-12-01T02:00:00+00:00,2023-11-29,1,2023,1,UP,0.6205809722025681,UP,180
2023-12-04,SOBTI_5_ET,US_LATE_LIT,2023-12-04T19:30:00+00:00,2023-12-05T02:00:00+00:00,2023-12-01,3,2023,1,UP,0.6622903563010882,UP,180
2023-12-05,SOBTI_5_ET,US_LATE_LIT,2023-12-05T19:30:00+00:00,2023-12-06T02:00:00+00:00,2023-12-04,1,2023,1,UP,0.735093051095486,UP,180
2023-12-06,SOBTI_5_ET,US_LATE_LIT,2023-12-06T19:30:00+00:00,2023-12-07T02:00:00+00:00,2023-12-05,1,2023,0,DOWN,0.45215077022463135,DOWN,180
2023-12-07,SOBTI_5_ET,US_LATE_LIT,2023-12-07T19:30:00+00:00,2023-12-08T02:00:00+00:00,2023-12-06,1,2023,1,UP,0.6403510919646694,UP,180
2023-12-11,SOBTI_5_ET,US_LATE_LIT,2023-12-11T19:30:00+00:00,2023-12-12T02:00:00+00:00,2023-12-08,3,2023,1,UP,0.47912845121042,DOWN,185
2023-12-12,SOBTI_5_ET,US_LATE_LIT,2023-12-12T19:30:00+00:00,2023-12-13T02:00:00+00:00,2023-12-11,1,2023,1,UP,0.32223491544129307,DOWN,185
2023-12-13,SOBTI_5_ET,US_LATE_LIT,2023-12-13T19:30:00+00:00,2023-12-14T02:00:00+00:00,2023-12-12,1,2023,1,UP,0.6786714953959436,UP,185
2023-12-14,SOBTI_5_ET,US_LATE_LIT,2023-12-14T19:30:00+00:00,2023-12-15T02:00:00+00:00,2023-12-13,1,2023,0,DOWN,0.6333670361877279,UP,185
2023-12-18,SOBTI_5_ET,US_LATE_LIT,2023-12-18T19:30:00+00:00,2023-12-19T02:00:00+00:00,2023-12-15,3,2023,0,DOWN,0.5158485040561117,UP,185
2023-12-19,SOBTI_5_ET,US_LATE_LIT,2023-12-19T19:30:00+00:00,2023-12-20T02:00:00+00:00,2023-12-18,1,2023,0,DOWN,0.4431365879116909,DOWN,190
2023-12-20,SOBTI_5_ET,US_LATE_LIT,2023-12-20T19:30:00+00:00,2023-12-21T02:00:00+00:00,2023-12-19,1,2023,0,DOWN,0.5738593198931073,UP,190
2023-12-21,SOBTI_5_ET,US_LATE_LIT,2023-12-21T19:30:00+00:00,2023-12-22T02:00:00+00:00,2023-12-20,1,2023,1,UP,0.5399225801170321,UP,190
2023-12-26,SOBTI_5_ET,US_LATE_LIT,2023-12-26T19:30:00+00:00,2023-12-27T02:00:00+00:00,2023-12-22,4,2023,1,UP,0.5709124174829597,UP,190
2023-12-27,SOBTI_5_ET,US_LATE_LIT,2023-12-27T19:30:00+00:00,2023-12-28T02:00:00+00:00,2023-12-22,5,2023,1,UP,0.5709124174829597,UP,190
2023-12-28,SOBTI_5_ET,US_LATE_LIT,2023-12-28T19:30:00+00:00,2023-12-29T02:00:00+00:00,2023-12-27,1,2023,1,UP,0.42829609170944405,DOWN,195
2024-01-02,SOBTI_5_ET,US_LATE_LIT,2024-01-02T19:30:00+00:00,2024-01-03T02:00:00+00:00,2023-12-29,4,2024,1,UP,0.3433531308521244,DOWN,195
2024-01-03,SOBTI_5_ET,US_LATE_LIT,2024-01-03T19:30:00+00:00,2024-01-04T02:00:00+00:00,2024-01-02,1,2024,1,UP,0.607345994336386,UP,195
2024-01-04,SOBTI_5_ET,US_LATE_LIT,2024-01-04T19:30:00+00:00,2024-01-05T02:00:00+00:00,2024-01-03,1,2024,1,UP,0.3698710412243938,DOWN,195
2024-01-08,SOBTI_5_ET,US_LATE_LIT,2024-01-08T19:30:00+00:00,2024-01-09T02:00:00+00:00,2024-01-05,3,2024,1,UP,0.4761862299111032,DOWN,195
2024-01-09,SOBTI_5_ET,US_LATE_LIT,2024-01-09T19:30:00+00:00,2024-01-10T02:00:00+00:00,2024-01-08,1,2024,1,UP,0.4461757057780163,DOWN,200
2024-01-10,SOBTI_5_ET,US_LATE_LIT,2024-01-10T19:30:00+00:00,2024-01-11T02:00:00+00:00,2024-01-09,1,2024,1,UP,0.6082846881635958,UP,200
2024-01-11,SOBTI_5_ET,US_LATE_LIT,2024-01-11T19:30:00+00:00,2024-01-12T02:00:00+00:00,2024-01-10,1,2024,1,UP,0.5068896493444538,UP,200
2024-01-16,SOBTI_5_ET,US_LATE_LIT,2024-01-16T19:30:00+00:00,2024-01-17T02:00:00+00:00,2024-01-15,1,2024,1,UP,0.5905491998566196,UP,200
2024-01-17,SOBTI_5_ET,US_LATE_LIT,2024-01-17T19:30:00+00:00,2024-01-18T02:00:00+00:00,2024-01-16,1,2024,1,UP,0.5248465684011387,UP,200
2024-01-18,SOBTI_5_ET,US_LATE_LIT,2024-01-18T19:30:00+00:00,2024-01-19T02:00:00+00:00,2024-01-17,1,2024,1,UP,0.5219782813399441,UP,205
2024-01-22,SOBTI_5_ET,US_LATE_LIT,2024-01-22T19:30:00+00:00,2024-01-23T02:00:00+00:00,2024-01-19,3,2024,1,UP,0.5855468869838939,UP,205
2024-01-23,SOBTI_5_ET,US_LATE_LIT,2024-01-23T19:30:00+00:00,2024-01-24T02:00:00+00:00,2024-01-22,1,2024,0,DOWN,0.5147894603957681,UP,205
2024-01-24,SOBTI_5_ET,US_LATE_LIT,2024-01-24T19:30:00+00:00,2024-01-25T02:00:00+00:00,2024-01-23,1,2024,1,UP,0.5488636780996021,UP,205
2024-01-25,SOBTI_5_ET,US_LATE_LIT,2024-01-25T19:30:00+00:00,2024-01-26T02:00:00+00:00,2024-01-24,1,2024,1,UP,0.654038148931326,UP,205
2024-01-29,SOBTI_5_ET,US_LATE_LIT,2024-01-29T19:30:00+00:00,2024-01-30T02:00:00+00:00,2024-01-26,3,2024,1,UP,0.601337988295139,UP,210
2024-01-30,SOBTI_5_ET,US_LATE_LIT,2024-01-30T19:30:00+00:00,2024-01-31T02:00:00+00:00,2024-01-29,1,2024,0,DOWN,0.539309570014755,UP,210
2024-01-31,SOBTI_5_ET,US_LATE_LIT,2024-01-31T19:30:00+00:00,2024-02-01T02:00:00+00:00,2024-01-30,1,2024,0,DOWN,0.5229006492433337,UP,210
2024-02-01,SOBTI_5_ET,US_LATE_LIT,2024-02-01T19:30:00+00:00,2024-02-02T02:00:00+00:00,2024-01-31,1,2024,0,DOWN,0.6109346594334374,UP,210
2024-02-05,SOBTI_5_ET,US_LATE_LIT,2024-02-05T19:30:00+00:00,2024-02-06T02:00:00+00:00,2024-02-02,3,2024,1,UP,0.7817385111004591,UP,210
2024-02-06,SOBTI_5_ET,US_LATE_LIT,2024-02-06T19:30:00+00:00,2024-02-07T02:00:00+00:00,2024-02-05,1,2024,0,DOWN,0.5127098316803183,UP,215
2024-02-07,SOBTI_5_ET,US_LATE_LIT,2024-02-07T19:30:00+00:00,2024-02-08T02:00:00+00:00,2024-02-06,1,2024,1,UP,0.5746238595491263,UP,215
2024-02-08,SOBTI_5_ET,US_LATE_LIT,2024-02-08T19:30:00+00:00,2024-02-09T02:00:00+00:00,2024-02-07,1,2024,1,UP,0.6833218410148238,UP,215
2024-02-12,SOBTI_5_ET,US_LATE_LIT,2024-02-12T19:30:00+00:00,2024-02-13T02:00:00+00:00,2024-02-09,3,2024,1,UP,0.6404483208009674,UP,215
2024-02-13,SOBTI_5_ET,US_LATE_LIT,2024-02-13T19:30:00+00:00,2024-02-14T02:00:00+00:00,2024-02-12,1,2024,1,UP,0.6720494603079075,UP,215
2024-02-14,SOBTI_5_ET,US_LATE_LIT,2024-02-14T19:30:00+00:00,2024-02-15T02:00:00+00:00,2024-02-13,1,2024,1,UP,0.5209881447417021,UP,220
2024-02-15,SOBTI_5_ET,US_LATE_LIT,2024-02-15T19:30:00+00:00,2024-02-16T02:00:00+00:00,2024-02-14,1,2024,1,UP,0.41575928812900775,DOWN,220
2024-02-20,SOBTI_5_ET,US_LATE_LIT,2024-02-20T19:30:00+00:00,2024-02-21T02:00:00+00:00,2024-02-19,1,2024,0,DOWN,0.597116433402198,UP,220
2024-02-21,SOBTI_5_ET,US_LATE_LIT,2024-02-21T19:30:00+00:00,2024-02-22T02:00:00+00:00,2024-02-20,1,2024,1,UP,0.6503676957924257,UP,220
2024-02-22,SOBTI_5_ET,US_LATE_LIT,2024-02-22T19:30:00+00:00,2024-02-23T02:00:00+00:00,2024-02-21,1,2024,1,UP,0.6574974938918486,UP,220
2024-02-26,SOBTI_5_ET,US_LATE_LIT,2024-02-26T19:30:00+00:00,2024-02-27T02:00:00+00:00,2024-02-23,3,2024,1,UP,0.6061989198770711,UP,225
2024-02-27,SOBTI_5_ET,US_LATE_LIT,2024-02-27T19:30:00+00:00,2024-02-28T02:00:00+00:00,2024-02-26,1,2024,1,UP,0.641421825214863,UP,225
2024-02-28,SOBTI_5_ET,US_LATE_LIT,2024-02-28T19:30:00+00:00,2024-02-29T02:00:00+00:00,2024-02-27,1,2024,1,UP,0.7008588255733526,UP,225
2024-02-29,SOBTI_5_ET,US_LATE_LIT,2024-02-29T19:30:00+00:00,2024-03-01T02:00:00+00:00,2024-02-28,1,2024,0,DOWN,0.5448791051989961,UP,225
2024-03-04,SOBTI_5_ET,US_LATE_LIT,2024-03-04T19:30:00+00:00,2024-03-05T02:00:00+00:00,2024-03-01,3,2024,0,DOWN,0.7825619126817073,UP,225
2024-03-05,SOBTI_5_ET,US_LATE_LIT,2024-03-05T19:30:00+00:00,2024-03-06T02:00:00+00:00,2024-03-04,1,2024,0,DOWN,0.5957947353418682,UP,230
2024-03-06,SOBTI_5_ET,US_LATE_LIT,2024-03-06T19:30:00+00:00,2024-03-07T02:00:00+00:00,2024-03-05,1,2024,1,UP,0.7386903516030984,UP,230
2024-03-07,SOBTI_5_ET,US_LATE_LIT,2024-03-07T19:30:00+00:00,2024-03-08T02:00:00+00:00,2024-03-06,1,2024,0,DOWN,0.5081587675071058,UP,230
2024-03-11,SOBTI_5_ET,US_LATE_LIT,2024-03-11T18:30:00+00:00,2024-03-12T01:00:00+00:00,2024-03-08,3,2024,1,UP,0.7028713014812382,UP,230
2024-03-12,SOBTI_5_ET,US_LATE_LIT,2024-03-12T18:30:00+00:00,2024-03-13T01:00:00+00:00,2024-03-11,1,2024,1,UP,0.5644564879927286,UP,230
2024-03-13,SOBTI_5_ET,US_LATE_LIT,2024-03-13T18:30:00+00:00,2024-03-14T01:00:00+00:00,2024-03-12,1,2024,1,UP,0.6317023515218296,UP,235
2024-03-14,SOBTI_5_ET,US_LATE_LIT,2024-03-14T18:30:00+00:00,2024-03-15T01:00:00+00:00,2024-03-13,1,2024,1,UP,0.6324951592771816,UP,235
2024-03-18,SOBTI_5_ET,US_LATE_LIT,2024-03-18T18:30:00+00:00,2024-03-19T01:00:00+00:00,2024-03-15,3,2024,1,UP,0.6752975054012827,UP,235
2024-03-19,SOBTI_5_ET,US_LATE_LIT,2024-03-19T18:30:00+00:00,2024-03-20T01:00:00+00:00,2024-03-18,1,2024,1,UP,0.5886204634251668,UP,235
2024-03-20,SOBTI_5_ET,US_LATE_LIT,2024-03-20T18:30:00+00:00,2024-03-21T01:00:00+00:00,2024-03-19,1,2024,1,UP,0.5978241117234862,UP,235
2024-03-21,SOBTI_5_ET,US_LATE_LIT,2024-03-21T18:30:00+00:00,2024-03-22T01:00:00+00:00,2024-03-20,1,2024,1,UP,0.6574395344827859,UP,240
2024-03-25,SOBTI_5_ET,US_LATE_LIT,2024-03-25T18:30:00+00:00,2024-03-26T01:00:00+00:00,2024-03-22,3,2024,0,DOWN,0.32694985542747323,DOWN,240
2024-03-26,SOBTI_5_ET,US_LATE_LIT,2024-03-26T18:30:00+00:00,2024-03-27T01:00:00+00:00,2024-03-25,1,2024,1,UP,0.6622991577097488,UP,240
2024-03-27,SOBTI_5_ET,US_LATE_LIT,2024-03-27T18:30:00+00:00,2024-03-28T01:00:00+00:00,2024-03-26,1,2024,0,DOWN,0.7903411171685052,UP,240
2024-04-01,SOBTI_5_ET,US_LATE_LIT,2024-04-01T18:30:00+00:00,2024-04-02T01:00:00+00:00,2024-03-28,4,2024,1,UP,0.6048186266739451,UP,240
2024-04-02,SOBTI_5_ET,US_LATE_LIT,2024-04-02T18:30:00+00:00,2024-04-03T01:00:00+00:00,2024-03-28,5,2024,1,UP,0.6167306036798592,UP,245
2024-04-03,SOBTI_5_ET,US_LATE_LIT,2024-04-03T18:30:00+00:00,2024-04-04T01:00:00+00:00,2024-04-02,1,2024,1,UP,0.7843869322013746,UP,245
2024-04-04,SOBTI_5_ET,US_LATE_LIT,2024-04-04T18:30:00+00:00,2024-04-05T01:00:00+00:00,2024-04-03,1,2024,0,DOWN,0.6350997399565618,UP,245
2024-04-08,SOBTI_5_ET,US_LATE_LIT,2024-04-08T18:30:00+00:00,2024-04-09T01:00:00+00:00,2024-04-05,3,2024,0,DOWN,0.6385136040993729,UP,245
2024-04-09,SOBTI_5_ET,US_LATE_LIT,2024-04-09T18:30:00+00:00,2024-04-10T01:00:00+00:00,2024-04-08,1,2024,1,UP,0.7693431514663017,UP,245
2024-04-10,SOBTI_5_ET,US_LATE_LIT,2024-04-10T18:30:00+00:00,2024-04-11T01:00:00+00:00,2024-04-09,1,2024,0,DOWN,0.4752176173465093,DOWN,250
2024-04-11,SOBTI_5_ET,US_LATE_LIT,2024-04-11T18:30:00+00:00,2024-04-12T01:00:00+00:00,2024-04-10,1,2024,1,UP,0.5492994283003119,UP,250
2024-04-15,SOBTI_5_ET,US_LATE_LIT,2024-04-15T18:30:00+00:00,2024-04-16T01:00:00+00:00,2024-04-12,3,2024,1,UP,0.8343192777213072,UP,250
2024-04-16,SOBTI_5_ET,US_LATE_LIT,2024-04-16T18:30:00+00:00,2024-04-17T01:00:00+00:00,2024-04-15,1,2024,0,DOWN,0.558106217598822,UP,250
2024-04-17,SOBTI_5_ET,US_LATE_LIT,2024-04-17T18:30:00+00:00,2024-04-18T01:00:00+00:00,2024-04-16,1,2024,0,DOWN,0.5663938887695309,UP,250
2024-04-18,SOBTI_5_ET,US_LATE_LIT,2024-04-18T18:30:00+00:00,2024-04-19T01:00:00+00:00,2024-04-17,1,2024,0,DOWN,0.6954229567904018,UP,255
2024-04-22,SOBTI_5_ET,US_LATE_LIT,2024-04-22T18:30:00+00:00,2024-04-23T01:00:00+00:00,2024-04-19,3,2024,1,UP,0.5001517181303199,UP,255
2024-04-23,SOBTI_5_ET,US_LATE_LIT,2024-04-23T18:30:00+00:00,2024-04-24T01:00:00+00:00,2024-04-22,1,2024,0,DOWN,0.5723207547191395,UP,255
2024-04-24,SOBTI_5_ET,US_LATE_LIT,2024-04-24T18:30:00+00:00,2024-04-25T01:00:00+00:00,2024-04-23,1,2024,0,DOWN,0.43039934442628425,DOWN,255
2024-04-25,SOBTI_5_ET,US_LATE_LIT,2024-04-25T18:30:00+00:00,2024-04-26T01:00:00+00:00,2024-04-24,1,2024,0,DOWN,0.7265718633997363,UP,255
2024-04-29,SOBTI_5_ET,US_LATE_LIT,2024-04-29T18:30:00+00:00,2024-04-30T01:00:00+00:00,2024-04-26,3,2024,0,DOWN,0.4951492483221103,DOWN,260
2024-04-30,SOBTI_5_ET,US_LATE_LIT,2024-04-30T18:30:00+00:00,2024-05-01T01:00:00+00:00,2024-04-29,1,2024,0,DOWN,0.3913667409029612,DOWN,260
2024-05-01,SOBTI_5_ET,US_LATE_LIT,2024-05-01T18:30:00+00:00,2024-05-02T01:00:00+00:00,2024-04-30,1,2024,1,UP,0.309733209624121,DOWN,260
2024-05-02,SOBTI_5_ET,US_LATE_LIT,2024-05-02T18:30:00+00:00,2024-05-03T01:00:00+00:00,2024-05-01,1,2024,0,DOWN,0.5427601620262565,UP,260
2024-05-06,SOBTI_5_ET,US_LATE_LIT,2024-05-06T18:30:00+00:00,2024-05-07T01:00:00+00:00,2024-05-03,3,2024,1,UP,0.583419611607196,UP,260
2024-05-07,SOBTI_5_ET,US_LATE_LIT,2024-05-07T18:30:00+00:00,2024-05-08T01:00:00+00:00,2024-05-03,4,2024,0,DOWN,0.5780340852939545,UP,265
2024-05-08,SOBTI_5_ET,US_LATE_LIT,2024-05-08T18:30:00+00:00,2024-05-09T01:00:00+00:00,2024-05-07,1,2024,0,DOWN,0.7532657285716066,UP,265
2024-05-09,SOBTI_5_ET,US_LATE_LIT,2024-05-09T18:30:00+00:00,2024-05-10T01:00:00+00:00,2024-05-08,1,2024,1,UP,0.4317650013316449,DOWN,265
2024-05-13,SOBTI_5_ET,US_LATE_LIT,2024-05-13T18:30:00+00:00,2024-05-14T01:00:00+00:00,2024-05-10,3,2024,1,UP,0.6435242433576495,UP,265
2024-05-14,SOBTI_5_ET,US_LATE_LIT,2024-05-14T18:30:00+00:00,2024-05-15T01:00:00+00:00,2024-05-13,1,2024,0,DOWN,0.28251490358229014,DOWN,265
2024-05-15,SOBTI_5_ET,US_LATE_LIT,2024-05-15T18:30:00+00:00,2024-05-16T01:00:00+00:00,2024-05-14,1,2024,1,UP,0.5207864278026243,UP,270
2024-05-16,SOBTI_5_ET,US_LATE_LIT,2024-05-16T18:30:00+00:00,2024-05-17T01:00:00+00:00,2024-05-15,1,2024,0,DOWN,0.6065318712049199,UP,270
2024-05-20,SOBTI_5_ET,US_LATE_LIT,2024-05-20T18:30:00+00:00,2024-05-21T01:00:00+00:00,2024-05-17,3,2024,0,DOWN,0.6455190476933398,UP,270
2024-05-21,SOBTI_5_ET,US_LATE_LIT,2024-05-21T18:30:00+00:00,2024-05-22T01:00:00+00:00,2024-05-20,1,2024,1,UP,0.8671272046928125,UP,270
2024-05-22,SOBTI_5_ET,US_LATE_LIT,2024-05-22T18:30:00+00:00,2024-05-23T01:00:00+00:00,2024-05-21,1,2024,1,UP,0.6202076353202779,UP,270
2024-05-23,SOBTI_5_ET,US_LATE_LIT,2024-05-23T18:30:00+00:00,2024-05-24T01:00:00+00:00,2024-05-22,1,2024,0,DOWN,0.5925714958848093,UP,275
2024-05-28,SOBTI_5_ET,US_LATE_LIT,2024-05-28T18:30:00+00:00,2024-05-29T01:00:00+00:00,2024-05-24,4,2024,1,UP,0.6904045623323926,UP,275
2024-05-29,SOBTI_5_ET,US_LATE_LIT,2024-05-29T18:30:00+00:00,2024-05-30T01:00:00+00:00,2024-05-28,1,2024,0,DOWN,0.792402802795689,UP,275
2024-05-30,SOBTI_5_ET,US_LATE_LIT,2024-05-30T18:30:00+00:00,2024-05-31T01:00:00+00:00,2024-05-29,1,2024,1,UP,0.7421664926770323,UP,275
2024-06-03,SOBTI_5_ET,US_LATE_LIT,2024-06-03T18:30:00+00:00,2024-06-04T01:00:00+00:00,2024-05-31,3,2024,1,UP,0.670394923888828,UP,275
2024-06-04,SOBTI_5_ET,US_LATE_LIT,2024-06-04T18:30:00+00:00,2024-06-05T01:00:00+00:00,2024-06-03,1,2024,1,UP,0.506985704344582,UP,280
2024-06-05,SOBTI_5_ET,US_LATE_LIT,2024-06-05T18:30:00+00:00,2024-06-06T01:00:00+00:00,2024-06-04,1,2024,1,UP,0.6946339656656202,UP,280
2024-06-06,SOBTI_5_ET,US_LATE_LIT,2024-06-06T18:30:00+00:00,2024-06-07T01:00:00+00:00,2024-06-05,1,2024,1,UP,0.6976592214383607,UP,280
2024-06-10,SOBTI_5_ET,US_LATE_LIT,2024-06-10T18:30:00+00:00,2024-06-11T01:00:00+00:00,2024-06-07,3,2024,1,UP,0.5377072165599042,UP,280
2024-06-11,SOBTI_5_ET,US_LATE_LIT,2024-06-11T18:30:00+00:00,2024-06-12T01:00:00+00:00,2024-06-10,1,2024,0,DOWN,0.5158550255522779,UP,280
2024-06-12,SOBTI_5_ET,US_LATE_LIT,2024-06-12T18:30:00+00:00,2024-06-13T01:00:00+00:00,2024-06-11,1,2024,0,DOWN,0.6138298055034651,UP,285
2024-06-13,SOBTI_5_ET,US_LATE_LIT,2024-06-13T18:30:00+00:00,2024-06-14T01:00:00+00:00,2024-06-12,1,2024,1,UP,0.6317222610521461,UP,285
2024-06-17,SOBTI_5_ET,US_LATE_LIT,2024-06-17T18:30:00+00:00,2024-06-18T01:00:00+00:00,2024-06-14,3,2024,1,UP,0.49025122420532113,DOWN,285
2024-06-18,SOBTI_5_ET,US_LATE_LIT,2024-06-18T18:30:00+00:00,2024-06-19T01:00:00+00:00,2024-06-17,1,2024,0,DOWN,0.5357161561603975,UP,285
2024-06-20,SOBTI_5_ET,US_LATE_LIT,2024-06-20T18:30:00+00:00,2024-06-21T01:00:00+00:00,2024-06-19,1,2024,1,UP,0.5829827911917727,UP,285
2024-06-24,SOBTI_5_ET,US_LATE_LIT,2024-06-24T18:30:00+00:00,2024-06-25T01:00:00+00:00,2024-06-21,3,2024,0,DOWN,0.6051690013450937,UP,290
2024-06-25,SOBTI_5_ET,US_LATE_LIT,2024-06-25T18:30:00+00:00,2024-06-26T01:00:00+00:00,2024-06-24,1,2024,0,DOWN,0.3282806728862144,DOWN,290
2024-06-26,SOBTI_5_ET,US_LATE_LIT,2024-06-26T18:30:00+00:00,2024-06-27T01:00:00+00:00,2024-06-25,1,2024,0,DOWN,0.631719792831613,UP,290
2024-06-27,SOBTI_5_ET,US_LATE_LIT,2024-06-27T18:30:00+00:00,2024-06-28T01:00:00+00:00,2024-06-26,1,2024,0,DOWN,0.4442883666312831,DOWN,290
2024-07-01,SOBTI_5_ET,US_LATE_LIT,2024-07-01T18:30:00+00:00,2024-07-02T01:00:00+00:00,2024-06-28,3,2024,1,UP,0.6838017026841156,UP,290
2024-07-02,SOBTI_5_ET,US_LATE_LIT,2024-07-02T18:30:00+00:00,2024-07-03T01:00:00+00:00,2024-07-01,1,2024,1,UP,0.5600811851276151,UP,295
2024-07-03,SOBTI_5_ET,US_LATE_LIT,2024-07-03T18:30:00+00:00,2024-07-04T01:00:00+00:00,2024-07-02,1,2024,1,UP,0.5785898133343117,UP,295
2024-07-08,SOBTI_5_ET,US_LATE_LIT,2024-07-08T18:30:00+00:00,2024-07-09T01:00:00+00:00,2024-07-05,3,2024,1,UP,0.6699028081854292,UP,295
2024-07-09,SOBTI_5_ET,US_LATE_LIT,2024-07-09T18:30:00+00:00,2024-07-10T01:00:00+00:00,2024-07-08,1,2024,1,UP,0.6883468932457331,UP,295
2024-07-10,SOBTI_5_ET,US_LATE_LIT,2024-07-10T18:30:00+00:00,2024-07-11T01:00:00+00:00,2024-07-09,1,2024,1,UP,0.6883379147580321,UP,295
2024-07-11,SOBTI_5_ET,US_LATE_LIT,2024-07-11T18:30:00+00:00,2024-07-12T01:00:00+00:00,2024-07-10,1,2024,0,DOWN,0.7458373601840437,UP,300
2024-07-15,SOBTI_5_ET,US_LATE_LIT,2024-07-15T18:30:00+00:00,2024-07-16T01:00:00+00:00,2024-07-12,3,2024,0,DOWN,0.6406494201264351,UP,300
2024-07-16,SOBTI_5_ET,US_LATE_LIT,2024-07-16T18:30:00+00:00,2024-07-17T01:00:00+00:00,2024-07-15,1,2024,1,UP,0.7264960565042947,UP,300
2024-07-17,SOBTI_5_ET,US_LATE_LIT,2024-07-17T18:30:00+00:00,2024-07-18T01:00:00+00:00,2024-07-16,1,2024,1,UP,0.8077682567567902,UP,300
2024-07-18,SOBTI_5_ET,US_LATE_LIT,2024-07-18T18:30:00+00:00,2024-07-19T01:00:00+00:00,2024-07-17,1,2024,0,DOWN,0.6675785941914075,UP,300
2024-07-22,SOBTI_5_ET,US_LATE_LIT,2024-07-22T18:30:00+00:00,2024-07-23T01:00:00+00:00,2024-07-19,3,2024,1,UP,0.44922829148458676,DOWN,305
2024-07-23,SOBTI_5_ET,US_LATE_LIT,2024-07-23T18:30:00+00:00,2024-07-24T01:00:00+00:00,2024-07-22,1,2024,1,UP,0.6641146705190294,UP,305
2024-07-24,SOBTI_5_ET,US_LATE_LIT,2024-07-24T18:30:00+00:00,2024-07-25T01:00:00+00:00,2024-07-23,1,2024,0,DOWN,0.6795810110907992,UP,305
2024-07-25,SOBTI_5_ET,US_LATE_LIT,2024-07-25T18:30:00+00:00,2024-07-26T01:00:00+00:00,2024-07-24,1,2024,1,UP,0.5700527478727494,UP,305
2024-07-29,SOBTI_5_ET,US_LATE_LIT,2024-07-29T18:30:00+00:00,2024-07-30T01:00:00+00:00,2024-07-26,3,2024,1,UP,0.541635265438031,UP,305
2024-07-30,SOBTI_5_ET,US_LATE_LIT,2024-07-30T18:30:00+00:00,2024-07-31T01:00:00+00:00,2024-07-29,1,2024,1,UP,0.6095400453061162,UP,310
2024-07-31,SOBTI_5_ET,US_LATE_LIT,2024-07-31T18:30:00+00:00,2024-08-01T01:00:00+00:00,2024-07-30,1,2024,1,UP,0.465235069479628,DOWN,310
2024-08-01,SOBTI_5_ET,US_LATE_LIT,2024-08-01T18:30:00+00:00,2024-08-02T01:00:00+00:00,2024-07-31,1,2024,1,UP,0.7080401247857349,UP,310
2024-08-05,SOBTI_5_ET,US_LATE_LIT,2024-08-05T18:30:00+00:00,2024-08-06T01:00:00+00:00,2024-08-02,3,2024,1,UP,0.45673144302380425,DOWN,310
2024-08-06,SOBTI_5_ET,US_LATE_LIT,2024-08-06T18:30:00+00:00,2024-08-07T01:00:00+00:00,2024-08-05,1,2024,0,DOWN,0.23225318028911043,DOWN,310
2024-08-07,SOBTI_5_ET,US_LATE_LIT,2024-08-07T18:30:00+00:00,2024-08-08T01:00:00+00:00,2024-08-06,1,2024,0,DOWN,0.5004878537934205,UP,315
2024-08-08,SOBTI_5_ET,US_LATE_LIT,2024-08-08T18:30:00+00:00,2024-08-09T01:00:00+00:00,2024-08-07,1,2024,0,DOWN,0.4672981973070346,DOWN,315
2024-08-12,SOBTI_5_ET,US_LATE_LIT,2024-08-12T18:30:00+00:00,2024-08-13T01:00:00+00:00,2024-08-09,3,2024,1,UP,0.5653757975027262,UP,315
2024-08-13,SOBTI_5_ET,US_LATE_LIT,2024-08-13T18:30:00+00:00,2024-08-14T01:00:00+00:00,2024-08-12,1,2024,0,DOWN,0.42905450301570236,DOWN,315
2024-08-14,SOBTI_5_ET,US_LATE_LIT,2024-08-14T18:30:00+00:00,2024-08-15T01:00:00+00:00,2024-08-13,1,2024,1,UP,0.3529247859020754,DOWN,315
2024-08-15,SOBTI_5_ET,US_LATE_LIT,2024-08-15T18:30:00+00:00,2024-08-16T01:00:00+00:00,2024-08-14,1,2024,1,UP,0.49613490115414766,DOWN,320
2024-08-19,SOBTI_5_ET,US_LATE_LIT,2024-08-19T18:30:00+00:00,2024-08-20T01:00:00+00:00,2024-08-16,3,2024,1,UP,0.4664991187776821,DOWN,320
2024-08-20,SOBTI_5_ET,US_LATE_LIT,2024-08-20T18:30:00+00:00,2024-08-21T01:00:00+00:00,2024-08-19,1,2024,0,DOWN,0.7261059893113034,UP,320
2024-08-21,SOBTI_5_ET,US_LATE_LIT,2024-08-21T18:30:00+00:00,2024-08-22T01:00:00+00:00,2024-08-20,1,2024,0,DOWN,0.6306430238513023,UP,320
2024-08-22,SOBTI_5_ET,US_LATE_LIT,2024-08-22T18:30:00+00:00,2024-08-23T01:00:00+00:00,2024-08-21,1,2024,1,UP,0.44859570034420687,DOWN,320
2024-08-26,SOBTI_5_ET,US_LATE_LIT,2024-08-26T18:30:00+00:00,2024-08-27T01:00:00+00:00,2024-08-23,3,2024,0,DOWN,0.5570203844664152,UP,325
2024-08-27,SOBTI_5_ET,US_LATE_LIT,2024-08-27T18:30:00+00:00,2024-08-28T01:00:00+00:00,2024-08-23,4,2024,1,UP,0.5570203844664152,UP,325
2024-08-28,SOBTI_5_ET,US_LATE_LIT,2024-08-28T18:30:00+00:00,2024-08-29T01:00:00+00:00,2024-08-27,1,2024,1,UP,0.6503545433126213,UP,325
2024-08-29,SOBTI_5_ET,US_LATE_LIT,2024-08-29T18:30:00+00:00,2024-08-30T01:00:00+00:00,2024-08-28,1,2024,0,DOWN,0.6017195275684935,UP,325
2024-09-03,SOBTI_5_ET,US_LATE_LIT,2024-09-03T18:30:00+00:00,2024-09-04T01:00:00+00:00,2024-09-02,1,2024,1,UP,0.47827829851414805,DOWN,325
2024-09-04,SOBTI_5_ET,US_LATE_LIT,2024-09-04T18:30:00+00:00,2024-09-05T01:00:00+00:00,2024-09-03,1,2024,1,UP,0.6450878668843875,UP,330
2024-09-05,SOBTI_5_ET,US_LATE_LIT,2024-09-05T18:30:00+00:00,2024-09-06T01:00:00+00:00,2024-09-04,1,2024,1,UP,0.7070995632069592,UP,330
2024-09-09,SOBTI_5_ET,US_LATE_LIT,2024-09-09T18:30:00+00:00,2024-09-10T01:00:00+00:00,2024-09-06,3,2024,1,UP,0.6898247973176611,UP,330
2024-09-10,SOBTI_5_ET,US_LATE_LIT,2024-09-10T18:30:00+00:00,2024-09-11T01:00:00+00:00,2024-09-09,1,2024,1,UP,0.5010640016106911,UP,330
2024-09-11,SOBTI_5_ET,US_LATE_LIT,2024-09-11T18:30:00+00:00,2024-09-12T01:00:00+00:00,2024-09-10,1,2024,0,DOWN,0.7055674151944469,UP,330
2024-09-12,SOBTI_5_ET,US_LATE_LIT,2024-09-12T18:30:00+00:00,2024-09-13T01:00:00+00:00,2024-09-11,1,2024,1,UP,0.7462842236371461,UP,335
2024-09-16,SOBTI_5_ET,US_LATE_LIT,2024-09-16T18:30:00+00:00,2024-09-17T01:00:00+00:00,2024-09-13,3,2024,0,DOWN,0.7839233469760776,UP,335
2024-09-17,SOBTI_5_ET,US_LATE_LIT,2024-09-17T18:30:00+00:00,2024-09-18T01:00:00+00:00,2024-09-16,1,2024,1,UP,0.7346776361084019,UP,335
2024-09-18,SOBTI_5_ET,US_LATE_LIT,2024-09-18T18:30:00+00:00,2024-09-19T01:00:00+00:00,2024-09-17,1,2024,0,DOWN,0.6029930796517121,UP,335
2024-09-19,SOBTI_5_ET,US_LATE_LIT,2024-09-19T18:30:00+00:00,2024-09-20T01:00:00+00:00,2024-09-18,1,2024,0,DOWN,0.5681757597905988,UP,335
2024-09-23,SOBTI_5_ET,US_LATE_LIT,2024-09-23T18:30:00+00:00,2024-09-24T01:00:00+00:00,2024-09-20,3,2024,0,DOWN,0.6219384675621298,UP,340
2024-09-24,SOBTI_5_ET,US_LATE_LIT,2024-09-24T18:30:00+00:00,2024-09-25T01:00:00+00:00,2024-09-23,1,2024,1,UP,0.613033572925801,UP,340
2024-09-25,SOBTI_5_ET,US_LATE_LIT,2024-09-25T18:30:00+00:00,2024-09-26T01:00:00+00:00,2024-09-24,1,2024,0,DOWN,0.6168510716458149,UP,340
2024-09-26,SOBTI_5_ET,US_LATE_LIT,2024-09-26T18:30:00+00:00,2024-09-27T01:00:00+00:00,2024-09-25,1,2024,0,DOWN,0.7105650500025203,UP,340
2024-09-30,SOBTI_5_ET,US_LATE_LIT,2024-09-30T18:30:00+00:00,2024-10-01T01:00:00+00:00,2024-09-27,3,2024,1,UP,0.5627035361558713,UP,340
2024-10-01,SOBTI_5_ET,US_LATE_LIT,2024-10-01T18:30:00+00:00,2024-10-02T01:00:00+00:00,2024-09-30,1,2024,0,DOWN,0.6027334546636047,UP,345
2024-10-02,SOBTI_5_ET,US_LATE_LIT,2024-10-02T18:30:00+00:00,2024-10-03T01:00:00+00:00,2024-10-01,1,2024,1,UP,0.7169034376371001,UP,345
2024-10-03,SOBTI_5_ET,US_LATE_LIT,2024-10-03T18:30:00+00:00,2024-10-04T01:00:00+00:00,2024-10-02,1,2024,0,DOWN,0.6965468331214419,UP,345
2024-10-07,SOBTI_5_ET,US_LATE_LIT,2024-10-07T18:30:00+00:00,2024-10-08T01:00:00+00:00,2024-10-04,3,2024,0,DOWN,0.7586986892741003,UP,345
2024-10-08,SOBTI_5_ET,US_LATE_LIT,2024-10-08T18:30:00+00:00,2024-10-09T01:00:00+00:00,2024-10-07,1,2024,1,UP,0.7226351015982879,UP,345
2024-10-09,SOBTI_5_ET,US_LATE_LIT,2024-10-09T18:30:00+00:00,2024-10-10T01:00:00+00:00,2024-10-08,1,2024,1,UP,0.6823867334676379,UP,350
2024-10-10,SOBTI_5_ET,US_LATE_LIT,2024-10-10T18:30:00+00:00,2024-10-11T01:00:00+00:00,2024-10-09,1,2024,1,UP,0.6198492273265903,UP,350
2024-10-14,SOBTI_5_ET,US_LATE_LIT,2024-10-14T18:30:00+00:00,2024-10-15T01:00:00+00:00,2024-10-11,3,2024,0,DOWN,0.765628927261458,UP,350
2024-10-15,SOBTI_5_ET,US_LATE_LIT,2024-10-15T18:30:00+00:00,2024-10-16T01:00:00+00:00,2024-10-14,1,2024,0,DOWN,0.7140768158311936,UP,350
2024-10-16,SOBTI_5_ET,US_LATE_LIT,2024-10-16T18:30:00+00:00,2024-10-17T01:00:00+00:00,2024-10-15,1,2024,1,UP,0.6948082625801495,UP,350
2024-10-17,SOBTI_5_ET,US_LATE_LIT,2024-10-17T18:30:00+00:00,2024-10-18T01:00:00+00:00,2024-10-16,1,2024,1,UP,0.7396746577500762,UP,355
2024-10-21,SOBTI_5_ET,US_LATE_LIT,2024-10-21T18:30:00+00:00,2024-10-22T01:00:00+00:00,2024-10-18,3,2024,1,UP,0.7011910809154602,UP,355
2024-10-22,SOBTI_5_ET,US_LATE_LIT,2024-10-22T18:30:00+00:00,2024-10-23T01:00:00+00:00,2024-10-21,1,2024,0,DOWN,0.8206469549418552,UP,355
2024-10-23,SOBTI_5_ET,US_LATE_LIT,2024-10-23T18:30:00+00:00,2024-10-24T01:00:00+00:00,2024-10-22,1,2024,1,UP,0.6671967036632196,UP,355
2024-10-24,SOBTI_5_ET,US_LATE_LIT,2024-10-24T18:30:00+00:00,2024-10-25T01:00:00+00:00,2024-10-23,1,2024,0,DOWN,0.6018345791953453,UP,355
2024-10-28,SOBTI_5_ET,US_LATE_LIT,2024-10-28T18:30:00+00:00,2024-10-29T01:00:00+00:00,2024-10-25,3,2024,1,UP,0.5656330390842783,UP,360
2024-10-29,SOBTI_5_ET,US_LATE_LIT,2024-10-29T18:30:00+00:00,2024-10-30T01:00:00+00:00,2024-10-28,1,2024,1,UP,0.6508588487818447,UP,360
2024-10-30,SOBTI_5_ET,US_LATE_LIT,2024-10-30T18:30:00+00:00,2024-10-31T01:00:00+00:00,2024-10-29,1,2024,0,DOWN,0.6990893061268958,UP,360
2024-10-31,SOBTI_5_ET,US_LATE_LIT,2024-10-31T18:30:00+00:00,2024-11-01T01:00:00+00:00,2024-10-30,1,2024,1,UP,0.7719343748408896,UP,360
2024-11-04,SOBTI_5_ET,US_LATE_LIT,2024-11-04T19:30:00+00:00,2024-11-05T02:00:00+00:00,2024-11-01,3,2024,0,DOWN,0.5753302539905348,UP,360
2024-11-05,SOBTI_5_ET,US_LATE_LIT,2024-11-05T19:30:00+00:00,2024-11-06T02:00:00+00:00,2024-11-04,1,2024,1,UP,0.6194790952954637,UP,365
2024-11-06,SOBTI_5_ET,US_LATE_LIT,2024-11-06T19:30:00+00:00,2024-11-07T02:00:00+00:00,2024-11-05,1,2024,0,DOWN,0.6623705669980103,UP,365
2024-11-07,SOBTI_5_ET,US_LATE_LIT,2024-11-07T19:30:00+00:00,2024-11-08T02:00:00+00:00,2024-11-06,1,2024,1,UP,0.6296908575088553,UP,365
2024-11-11,SOBTI_5_ET,US_LATE_LIT,2024-11-11T19:30:00+00:00,2024-11-12T02:00:00+00:00,2024-11-08,3,2024,1,UP,0.6947887115081349,UP,365
2024-11-12,SOBTI_5_ET,US_LATE_LIT,2024-11-12T19:30:00+00:00,2024-11-13T02:00:00+00:00,2024-11-11,1,2024,1,UP,0.6408101012263099,UP,365
2024-11-13,SOBTI_5_ET,US_LATE_LIT,2024-11-13T19:30:00+00:00,2024-11-14T02:00:00+00:00,2024-11-12,1,2024,0,DOWN,0.47852493057680373,DOWN,370
2024-11-14,SOBTI_5_ET,US_LATE_LIT,2024-11-14T19:30:00+00:00,2024-11-15T02:00:00+00:00,2024-11-13,1,2024,0,DOWN,0.6697713341928644,UP,370
2024-11-18,SOBTI_5_ET,US_LATE_LIT,2024-11-18T19:30:00+00:00,2024-11-19T02:00:00+00:00,2024-11-15,3,2024,1,UP,0.5676960888232383,UP,370
2024-11-19,SOBTI_5_ET,US_LATE_LIT,2024-11-19T19:30:00+00:00,2024-11-20T02:00:00+00:00,2024-11-18,1,2024,1,UP,0.5402958262563095,UP,370
2024-11-20,SOBTI_5_ET,US_LATE_LIT,2024-11-20T19:30:00+00:00,2024-11-21T02:00:00+00:00,2024-11-19,1,2024,1,UP,0.5942211889133203,UP,370
2024-11-21,SOBTI_5_ET,US_LATE_LIT,2024-11-21T19:30:00+00:00,2024-11-22T02:00:00+00:00,2024-11-20,1,2024,1,UP,0.46309735348063547,DOWN,375
2024-11-25,SOBTI_5_ET,US_LATE_LIT,2024-11-25T19:30:00+00:00,2024-11-26T02:00:00+00:00,2024-11-22,3,2024,1,UP,0.535915715404665,UP,375
2024-11-26,SOBTI_5_ET,US_LATE_LIT,2024-11-26T19:30:00+00:00,2024-11-27T02:00:00+00:00,2024-11-25,1,2024,1,UP,0.4015764382684152,DOWN,375
2024-11-27,SOBTI_5_ET,US_LATE_LIT,2024-11-27T19:30:00+00:00,2024-11-28T02:00:00+00:00,2024-11-26,1,2024,0,DOWN,0.3606462695224908,DOWN,375
2024-12-02,SOBTI_5_ET,US_LATE_LIT,2024-12-02T19:30:00+00:00,2024-12-03T02:00:00+00:00,2024-11-29,3,2024,0,DOWN,0.42738289010093033,DOWN,375
2024-12-03,SOBTI_5_ET,US_LATE_LIT,2024-12-03T19:30:00+00:00,2024-12-04T02:00:00+00:00,2024-12-02,1,2024,1,UP,0.3109225024873945,DOWN,380
2024-12-04,SOBTI_5_ET,US_LATE_LIT,2024-12-04T19:30:00+00:00,2024-12-05T02:00:00+00:00,2024-12-03,1,2024,0,DOWN,0.44527393472297433,DOWN,380
2024-12-05,SOBTI_5_ET,US_LATE_LIT,2024-12-05T19:30:00+00:00,2024-12-06T02:00:00+00:00,2024-12-04,1,2024,0,DOWN,0.4442472678393388,DOWN,380
2024-12-09,SOBTI_5_ET,US_LATE_LIT,2024-12-09T19:30:00+00:00,2024-12-10T02:00:00+00:00,2024-12-06,3,2024,1,UP,0.49840790712381383,DOWN,380
2024-12-10,SOBTI_5_ET,US_LATE_LIT,2024-12-10T19:30:00+00:00,2024-12-11T02:00:00+00:00,2024-12-09,1,2024,1,UP,0.48681896989766943,DOWN,380
2024-12-11,SOBTI_5_ET,US_LATE_LIT,2024-12-11T19:30:00+00:00,2024-12-12T02:00:00+00:00,2024-12-10,1,2024,0,DOWN,0.5941985455671125,UP,385
2024-12-12,SOBTI_5_ET,US_LATE_LIT,2024-12-12T19:30:00+00:00,2024-12-13T02:00:00+00:00,2024-12-11,1,2024,1,UP,0.6021418827309981,UP,385
2024-12-16,SOBTI_5_ET,US_LATE_LIT,2024-12-16T19:30:00+00:00,2024-12-17T02:00:00+00:00,2024-12-13,3,2024,1,UP,0.49275942759026636,DOWN,385
2024-12-17,SOBTI_5_ET,US_LATE_LIT,2024-12-17T19:30:00+00:00,2024-12-18T02:00:00+00:00,2024-12-16,1,2024,1,UP,0.5512596992845996,UP,385
2024-12-18,SOBTI_5_ET,US_LATE_LIT,2024-12-18T19:30:00+00:00,2024-12-19T02:00:00+00:00,2024-12-17,1,2024,0,DOWN,0.47659660226735423,DOWN,385
2024-12-19,SOBTI_5_ET,US_LATE_LIT,2024-12-19T19:30:00+00:00,2024-12-20T02:00:00+00:00,2024-12-18,1,2024,1,UP,0.5487137316635211,UP,390
2024-12-23,SOBTI_5_ET,US_LATE_LIT,2024-12-23T19:30:00+00:00,2024-12-24T02:00:00+00:00,2024-12-20,3,2024,1,UP,0.5430806469298434,UP,390
2024-12-26,SOBTI_5_ET,US_LATE_LIT,2024-12-26T19:30:00+00:00,2024-12-27T02:00:00+00:00,2024-12-24,2,2024,0,DOWN,0.6528529012884686,UP,390
2024-12-30,SOBTI_5_ET,US_LATE_LIT,2024-12-30T19:30:00+00:00,2024-12-31T02:00:00+00:00,2024-12-27,3,2024,1,UP,0.7580614222021459,UP,390
2023-06-28,WGC_2026_NY3,ASIA,2023-06-27T22:00:00+00:00,2023-06-28T07:00:00+00:00,2023-06-26,1,2023,0,DOWN,0.5959842141696998,UP,120
2023-06-29,WGC_2026_NY3,ASIA,2023-06-28T22:00:00+00:00,2023-06-29T07:00:00+00:00,2023-06-27,1,2023,0,DOWN,0.5883093073151212,UP,120
2023-06-30,WGC_2026_NY3,ASIA,2023-06-29T22:00:00+00:00,2023-06-30T07:00:00+00:00,2023-06-28,1,2023,0,DOWN,0.5756482006590006,UP,120
2023-07-03,WGC_2026_NY3,ASIA,2023-07-02T22:00:00+00:00,2023-07-03T07:00:00+00:00,2023-06-30,2,2023,0,DOWN,0.5588359590158785,UP,120
2023-07-04,WGC_2026_NY3,ASIA,2023-07-03T22:00:00+00:00,2023-07-04T07:00:00+00:00,2023-06-30,3,2023,1,UP,0.5588359590158785,UP,120
2023-07-05,WGC_2026_NY3,ASIA,2023-07-04T22:00:00+00:00,2023-07-05T07:00:00+00:00,2023-07-03,1,2023,0,DOWN,0.478278736766628,DOWN,125
2023-07-06,WGC_2026_NY3,ASIA,2023-07-05T22:00:00+00:00,2023-07-06T07:00:00+00:00,2023-07-04,1,2023,1,UP,0.5185852440600296,UP,125
2023-07-07,WGC_2026_NY3,ASIA,2023-07-06T22:00:00+00:00,2023-07-07T07:00:00+00:00,2023-07-05,1,2023,1,UP,0.5556240613272083,UP,125
2023-07-10,WGC_2026_NY3,ASIA,2023-07-09T22:00:00+00:00,2023-07-10T07:00:00+00:00,2023-07-07,2,2023,0,DOWN,0.5405707771408571,UP,125
2023-07-11,WGC_2026_NY3,ASIA,2023-07-10T22:00:00+00:00,2023-07-11T07:00:00+00:00,2023-07-07,3,2023,1,UP,0.5405707771408571,UP,125
2023-07-12,WGC_2026_NY3,ASIA,2023-07-11T22:00:00+00:00,2023-07-12T07:00:00+00:00,2023-07-10,1,2023,1,UP,0.6050621087543768,UP,130
2023-07-13,WGC_2026_NY3,ASIA,2023-07-12T22:00:00+00:00,2023-07-13T07:00:00+00:00,2023-07-11,1,2023,1,UP,0.47620656329260536,DOWN,130
2023-07-14,WGC_2026_NY3,ASIA,2023-07-13T22:00:00+00:00,2023-07-14T07:00:00+00:00,2023-07-12,1,2023,0,DOWN,0.4863352361161584,DOWN,130
2023-07-17,WGC_2026_NY3,ASIA,2023-07-16T22:00:00+00:00,2023-07-17T07:00:00+00:00,2023-07-14,2,2023,0,DOWN,0.6521708178645863,UP,130
2023-07-18,WGC_2026_NY3,ASIA,2023-07-17T22:00:00+00:00,2023-07-18T07:00:00+00:00,2023-07-14,3,2023,1,UP,0.6521708178645863,UP,130
2023-07-19,WGC_2026_NY3,ASIA,2023-07-18T22:00:00+00:00,2023-07-19T07:00:00+00:00,2023-07-17,1,2023,0,DOWN,0.5568884976975054,UP,135
2023-07-20,WGC_2026_NY3,ASIA,2023-07-19T22:00:00+00:00,2023-07-20T07:00:00+00:00,2023-07-18,1,2023,1,UP,0.5232295479712222,UP,135
2023-07-21,WGC_2026_NY3,ASIA,2023-07-20T22:00:00+00:00,2023-07-21T07:00:00+00:00,2023-07-19,1,2023,1,UP,0.5220609859542783,UP,135
2023-07-24,WGC_2026_NY3,ASIA,2023-07-23T22:00:00+00:00,2023-07-24T07:00:00+00:00,2023-07-21,2,2023,0,DOWN,0.40198284745714025,DOWN,135
2023-07-25,WGC_2026_NY3,ASIA,2023-07-24T22:00:00+00:00,2023-07-25T07:00:00+00:00,2023-07-21,3,2023,1,UP,0.40198284745714025,DOWN,135
2023-07-26,WGC_2026_NY3,ASIA,2023-07-25T22:00:00+00:00,2023-07-26T07:00:00+00:00,2023-07-24,1,2023,1,UP,0.4570415357833287,DOWN,140
2023-07-27,WGC_2026_NY3,ASIA,2023-07-26T22:00:00+00:00,2023-07-27T07:00:00+00:00,2023-07-25,1,2023,1,UP,0.45177213066759164,DOWN,140
2023-07-28,WGC_2026_NY3,ASIA,2023-07-27T22:00:00+00:00,2023-07-28T07:00:00+00:00,2023-07-26,1,2023,1,UP,0.3960691162533871,DOWN,140
2023-07-31,WGC_2026_NY3,ASIA,2023-07-30T22:00:00+00:00,2023-07-31T07:00:00+00:00,2023-07-28,2,2023,0,DOWN,0.4915545361929784,DOWN,140
2023-08-01,WGC_2026_NY3,ASIA,2023-07-31T22:00:00+00:00,2023-08-01T07:00:00+00:00,2023-07-28,3,2023,0,DOWN,0.4915545361929784,DOWN,140
2023-08-02,WGC_2026_NY3,ASIA,2023-08-01T22:00:00+00:00,2023-08-02T07:00:00+00:00,2023-07-31,1,2023,1,UP,0.5359724074531753,UP,145
2023-08-03,WGC_2026_NY3,ASIA,2023-08-02T22:00:00+00:00,2023-08-03T07:00:00+00:00,2023-08-01,1,2023,0,DOWN,0.5715021278301418,UP,145
2023-08-04,WGC_2026_NY3,ASIA,2023-08-03T22:00:00+00:00,2023-08-04T07:00:00+00:00,2023-08-02,1,2023,0,DOWN,0.5204547580015595,UP,145
2023-08-07,WGC_2026_NY3,ASIA,2023-08-06T22:00:00+00:00,2023-08-07T07:00:00+00:00,2023-08-04,2,2023,0,DOWN,0.5912923363033631,UP,145
2023-08-08,WGC_2026_NY3,ASIA,2023-08-07T22:00:00+00:00,2023-08-08T07:00:00+00:00,2023-08-04,3,2023,0,DOWN,0.5912923363033631,UP,145
2023-08-09,WGC_2026_NY3,ASIA,2023-08-08T22:00:00+00:00,2023-08-09T07:00:00+00:00,2023-08-07,1,2023,1,UP,0.5461661926498094,UP,150
2023-08-10,WGC_2026_NY3,ASIA,2023-08-09T22:00:00+00:00,2023-08-10T07:00:00+00:00,2023-08-08,1,2023,1,UP,0.45224048685771917,DOWN,150
2023-08-11,WGC_2026_NY3,ASIA,2023-08-10T22:00:00+00:00,2023-08-11T07:00:00+00:00,2023-08-09,1,2023,1,UP,0.5208814570459279,UP,150
2023-08-14,WGC_2026_NY3,ASIA,2023-08-13T22:00:00+00:00,2023-08-14T07:00:00+00:00,2023-08-11,2,2023,0,DOWN,0.5416280197694272,UP,150
2023-08-15,WGC_2026_NY3,ASIA,2023-08-14T22:00:00+00:00,2023-08-15T07:00:00+00:00,2023-08-11,3,2023,0,DOWN,0.5416280197694272,UP,150
2023-08-16,WGC_2026_NY3,ASIA,2023-08-15T22:00:00+00:00,2023-08-16T07:00:00+00:00,2023-08-14,1,2023,1,UP,0.5146843594106014,UP,155
2023-08-17,WGC_2026_NY3,ASIA,2023-08-16T22:00:00+00:00,2023-08-17T07:00:00+00:00,2023-08-15,1,2023,1,UP,0.4779177751564509,DOWN,155
2023-08-18,WGC_2026_NY3,ASIA,2023-08-17T22:00:00+00:00,2023-08-18T07:00:00+00:00,2023-08-16,1,2023,1,UP,0.5320140189898827,UP,155
2023-08-21,WGC_2026_NY3,ASIA,2023-08-20T22:00:00+00:00,2023-08-21T07:00:00+00:00,2023-08-18,2,2023,0,DOWN,0.4340527557299113,DOWN,155
2023-08-22,WGC_2026_NY3,ASIA,2023-08-21T22:00:00+00:00,2023-08-22T07:00:00+00:00,2023-08-18,3,2023,1,UP,0.4340527557299113,DOWN,155
2023-08-23,WGC_2026_NY3,ASIA,2023-08-22T22:00:00+00:00,2023-08-23T07:00:00+00:00,2023-08-21,1,2023,1,UP,0.5500571870003083,UP,160
2023-08-24,WGC_2026_NY3,ASIA,2023-08-23T22:00:00+00:00,2023-08-24T07:00:00+00:00,2023-08-22,1,2023,1,UP,0.6469671213330747,UP,160
2023-08-25,WGC_2026_NY3,ASIA,2023-08-24T22:00:00+00:00,2023-08-25T07:00:00+00:00,2023-08-23,1,2023,0,DOWN,0.6525321293930707,UP,160
2023-08-28,WGC_2026_NY3,ASIA,2023-08-27T22:00:00+00:00,2023-08-28T07:00:00+00:00,2023-08-25,2,2023,1,UP,0.6347286172317026,UP,160
2023-08-29,WGC_2026_NY3,ASIA,2023-08-28T22:00:00+00:00,2023-08-29T07:00:00+00:00,2023-08-25,3,2023,1,UP,0.6347286172317026,UP,160
2023-08-30,WGC_2026_NY3,ASIA,2023-08-29T22:00:00+00:00,2023-08-30T07:00:00+00:00,2023-08-25,4,2023,0,DOWN,0.6777066923912131,UP,165
2023-08-31,WGC_2026_NY3,ASIA,2023-08-30T22:00:00+00:00,2023-08-31T07:00:00+00:00,2023-08-29,1,2023,1,UP,0.6865752733871688,UP,165
2023-09-01,WGC_2026_NY3,ASIA,2023-08-31T22:00:00+00:00,2023-09-01T07:00:00+00:00,2023-08-30,1,2023,1,UP,0.6724572532652905,UP,165
2023-09-04,WGC_2026_NY3,ASIA,2023-09-03T22:00:00+00:00,2023-09-04T07:00:00+00:00,2023-09-01,2,2023,1,UP,0.5900753798151118,UP,165
2023-09-05,WGC_2026_NY3,ASIA,2023-09-04T22:00:00+00:00,2023-09-05T07:00:00+00:00,2023-09-01,3,2023,0,DOWN,0.5900753798151118,UP,165
2023-09-06,WGC_2026_NY3,ASIA,2023-09-05T22:00:00+00:00,2023-09-06T07:00:00+00:00,2023-09-04,1,2023,1,UP,0.49256336234588133,DOWN,170
2023-09-07,WGC_2026_NY3,ASIA,2023-09-06T22:00:00+00:00,2023-09-07T07:00:00+00:00,2023-09-05,1,2023,1,UP,0.4085341118945951,DOWN,170
2023-09-08,WGC_2026_NY3,ASIA,2023-09-07T22:00:00+00:00,2023-09-08T07:00:00+00:00,2023-09-06,1,2023,1,UP,0.3926008079074908,DOWN,170
2023-09-11,WGC_2026_NY3,ASIA,2023-09-10T22:00:00+00:00,2023-09-11T07:00:00+00:00,2023-09-08,2,2023,1,UP,0.40249499158515056,DOWN,170
2023-09-12,WGC_2026_NY3,ASIA,2023-09-11T22:00:00+00:00,2023-09-12T07:00:00+00:00,2023-09-08,3,2023,0,DOWN,0.4024949915851507,DOWN,170
2023-09-13,WGC_2026_NY3,ASIA,2023-09-12T22:00:00+00:00,2023-09-13T07:00:00+00:00,2023-09-11,1,2023,0,DOWN,0.5025941070743916,UP,175
2023-09-14,WGC_2026_NY3,ASIA,2023-09-13T22:00:00+00:00,2023-09-14T07:00:00+00:00,2023-09-12,1,2023,0,DOWN,0.5362052886575865,UP,175
2023-09-15,WGC_2026_NY3,ASIA,2023-09-14T22:00:00+00:00,2023-09-15T07:00:00+00:00,2023-09-13,1,2023,1,UP,0.6617051331227204,UP,175
2023-09-18,WGC_2026_NY3,ASIA,2023-09-17T22:00:00+00:00,2023-09-18T07:00:00+00:00,2023-09-15,2,2023,1,UP,0.6952809492999471,UP,175
2023-09-19,WGC_2026_NY3,ASIA,2023-09-18T22:00:00+00:00,2023-09-19T07:00:00+00:00,2023-09-15,3,2023,0,DOWN,0.6952809492999471,UP,175
2023-09-20,WGC_2026_NY3,ASIA,2023-09-19T22:00:00+00:00,2023-09-20T07:00:00+00:00,2023-09-18,1,2023,0,DOWN,0.6625666474212178,UP,180
2023-09-21,WGC_2026_NY3,ASIA,2023-09-20T22:00:00+00:00,2023-09-21T07:00:00+00:00,2023-09-19,1,2023,0,DOWN,0.6794423852244706,UP,180
2023-09-22,WGC_2026_NY3,ASIA,2023-09-21T22:00:00+00:00,2023-09-22T07:00:00+00:00,2023-09-20,1,2023,1,UP,0.6922528252923941,UP,180
2023-09-25,WGC_2026_NY3,ASIA,2023-09-24T22:00:00+00:00,2023-09-25T07:00:00+00:00,2023-09-22,2,2023,0,DOWN,0.6677203482572104,UP,180
2023-09-26,WGC_2026_NY3,ASIA,2023-09-25T22:00:00+00:00,2023-09-26T07:00:00+00:00,2023-09-22,3,2023,0,DOWN,0.6677203482572104,UP,180
2023-09-27,WGC_2026_NY3,ASIA,2023-09-26T22:00:00+00:00,2023-09-27T07:00:00+00:00,2023-09-25,1,2023,0,DOWN,0.5067013882004833,UP,185
2023-09-28,WGC_2026_NY3,ASIA,2023-09-27T22:00:00+00:00,2023-09-28T07:00:00+00:00,2023-09-26,1,2023,0,DOWN,0.41872068172351545,DOWN,185
2023-09-29,WGC_2026_NY3,ASIA,2023-09-28T22:00:00+00:00,2023-09-29T07:00:00+00:00,2023-09-27,1,2023,1,UP,0.4272019449737997,DOWN,185
2023-10-02,WGC_2026_NY3,ASIA,2023-10-01T22:00:00+00:00,2023-10-02T07:00:00+00:00,2023-09-29,2,2023,0,DOWN,0.45819026205398816,DOWN,185
2023-10-03,WGC_2026_NY3,ASIA,2023-10-02T22:00:00+00:00,2023-10-03T07:00:00+00:00,2023-09-29,3,2023,0,DOWN,0.45819026205398816,DOWN,185
2023-10-04,WGC_2026_NY3,ASIA,2023-10-03T22:00:00+00:00,2023-10-04T07:00:00+00:00,2023-10-02,1,2023,0,DOWN,0.39887215983526636,DOWN,190
2023-10-05,WGC_2026_NY3,ASIA,2023-10-04T22:00:00+00:00,2023-10-05T07:00:00+00:00,2023-10-03,1,2023,1,UP,0.45346331760724057,DOWN,190
2023-10-06,WGC_2026_NY3,ASIA,2023-10-05T22:00:00+00:00,2023-10-06T07:00:00+00:00,2023-10-04,1,2023,0,DOWN,0.4945311113452044,DOWN,190
2023-10-09,WGC_2026_NY3,ASIA,2023-10-08T22:00:00+00:00,2023-10-09T07:00:00+00:00,2023-10-06,2,2023,1,UP,0.5239646972228377,UP,190
2023-10-10,WGC_2026_NY3,ASIA,2023-10-09T22:00:00+00:00,2023-10-10T07:00:00+00:00,2023-10-06,3,2023,0,DOWN,0.5239646972228377,UP,190
2023-10-11,WGC_2026_NY3,ASIA,2023-10-10T22:00:00+00:00,2023-10-11T07:00:00+00:00,2023-10-09,1,2023,1,UP,0.6069642870921325,UP,195
2023-10-12,WGC_2026_NY3,ASIA,2023-10-11T22:00:00+00:00,2023-10-12T07:00:00+00:00,2023-10-10,1,2023,1,UP,0.6505677540928594,UP,195
2023-10-13,WGC_2026_NY3,ASIA,2023-10-12T22:00:00+00:00,2023-10-13T07:00:00+00:00,2023-10-11,1,2023,1,UP,0.6896971123141359,UP,195
2023-10-16,WGC_2026_NY3,ASIA,2023-10-15T22:00:00+00:00,2023-10-16T07:00:00+00:00,2023-10-13,2,2023,0,DOWN,0.7235717143236146,UP,195
2023-10-17,WGC_2026_NY3,ASIA,2023-10-16T22:00:00+00:00,2023-10-17T07:00:00+00:00,2023-10-13,3,2023,0,DOWN,0.7235717143236147,UP,195
2023-10-18,WGC_2026_NY3,ASIA,2023-10-17T22:00:00+00:00,2023-10-18T07:00:00+00:00,2023-10-16,1,2023,1,UP,0.48048769877470715,DOWN,200
2023-10-19,WGC_2026_NY3,ASIA,2023-10-18T22:00:00+00:00,2023-10-19T07:00:00+00:00,2023-10-17,1,2023,1,UP,0.46176029172658944,DOWN,200
2023-10-20,WGC_2026_NY3,ASIA,2023-10-19T22:00:00+00:00,2023-10-20T07:00:00+00:00,2023-10-18,1,2023,1,UP,0.4781290614384237,DOWN,200
2023-10-23,WGC_2026_NY3,ASIA,2023-10-22T22:00:00+00:00,2023-10-23T07:00:00+00:00,2023-10-20,2,2023,1,UP,0.4674444893979567,DOWN,200
2023-10-24,WGC_2026_NY3,ASIA,2023-10-23T22:00:00+00:00,2023-10-24T07:00:00+00:00,2023-10-20,3,2023,1,UP,0.4674444893979568,DOWN,200
2023-10-25,WGC_2026_NY3,ASIA,2023-10-24T22:00:00+00:00,2023-10-25T07:00:00+00:00,2023-10-23,1,2023,1,UP,0.5711510880046794,UP,205
2023-10-26,WGC_2026_NY3,ASIA,2023-10-25T22:00:00+00:00,2023-10-26T07:00:00+00:00,2023-10-24,1,2023,1,UP,0.5018717393290458,UP,205
2023-10-27,WGC_2026_NY3,ASIA,2023-10-26T22:00:00+00:00,2023-10-27T07:00:00+00:00,2023-10-25,1,2023,1,UP,0.45829152635188924,DOWN,205
2023-10-30,WGC_2026_NY3,ASIA,2023-10-29T22:00:00+00:00,2023-10-30T07:00:00+00:00,2023-10-27,2,2023,0,DOWN,0.38071713749130176,DOWN,205
2023-10-31,WGC_2026_NY3,ASIA,2023-10-30T22:00:00+00:00,2023-10-31T07:00:00+00:00,2023-10-27,3,2023,0,DOWN,0.3807171374913017,DOWN,205
2023-11-01,WGC_2026_NY3,ASIA,2023-10-31T22:00:00+00:00,2023-11-01T07:00:00+00:00,2023-10-30,1,2023,0,DOWN,0.4531323560494547,DOWN,210
2023-11-02,WGC_2026_NY3,ASIA,2023-11-01T22:00:00+00:00,2023-11-02T07:00:00+00:00,2023-10-31,1,2023,1,UP,0.5401120570484275,UP,210
2023-11-03,WGC_2026_NY3,ASIA,2023-11-02T22:00:00+00:00,2023-11-03T07:00:00+00:00,2023-11-01,1,2023,1,UP,0.5365374353148825,UP,210
2023-11-06,WGC_2026_NY3,ASIA,2023-11-05T23:00:00+00:00,2023-11-06T08:00:00+00:00,2023-11-03,2,2023,0,DOWN,0.45228760021955283,DOWN,210
2023-11-07,WGC_2026_NY3,ASIA,2023-11-06T23:00:00+00:00,2023-11-07T08:00:00+00:00,2023-11-03,3,2023,0,DOWN,0.45228760021955283,DOWN,210
2023-11-08,WGC_2026_NY3,ASIA,2023-11-07T23:00:00+00:00,2023-11-08T08:00:00+00:00,2023-11-06,1,2023,0,DOWN,0.4008414784170469,DOWN,215
2023-11-09,WGC_2026_NY3,ASIA,2023-11-08T23:00:00+00:00,2023-11-09T08:00:00+00:00,2023-11-07,1,2023,0,DOWN,0.32179408457907466,DOWN,215
2023-11-10,WGC_2026_NY3,ASIA,2023-11-09T23:00:00+00:00,2023-11-10T08:00:00+00:00,2023-11-08,1,2023,0,DOWN,0.36222405822246984,DOWN,215
2023-11-13,WGC_2026_NY3,ASIA,2023-11-12T23:00:00+00:00,2023-11-13T08:00:00+00:00,2023-11-10,2,2023,1,UP,0.2883418161800118,DOWN,215
2023-11-14,WGC_2026_NY3,ASIA,2023-11-13T23:00:00+00:00,2023-11-14T08:00:00+00:00,2023-11-10,3,2023,0,DOWN,0.2883418161800118,DOWN,215
2023-11-15,WGC_2026_NY3,ASIA,2023-11-14T23:00:00+00:00,2023-11-15T08:00:00+00:00,2023-11-13,1,2023,1,UP,0.3119488799131255,DOWN,220
2023-11-16,WGC_2026_NY3,ASIA,2023-11-15T23:00:00+00:00,2023-11-16T08:00:00+00:00,2023-11-14,1,2023,1,UP,0.41260895725742375,DOWN,220
2023-11-17,WGC_2026_NY3,ASIA,2023-11-16T23:00:00+00:00,2023-11-17T08:00:00+00:00,2023-11-15,1,2023,1,UP,0.5021272148672545,UP,220
2023-11-20,WGC_2026_NY3,ASIA,2023-11-19T23:00:00+00:00,2023-11-20T08:00:00+00:00,2023-11-17,2,2023,1,UP,0.5917442895709931,UP,220
2023-11-21,WGC_2026_NY3,ASIA,2023-11-20T23:00:00+00:00,2023-11-21T08:00:00+00:00,2023-11-17,3,2023,1,UP,0.5917442895709931,UP,220
2023-11-22,WGC_2026_NY3,ASIA,2023-11-21T23:00:00+00:00,2023-11-22T08:00:00+00:00,2023-11-20,1,2023,1,UP,0.6879124300990419,UP,225
2023-11-23,WGC_2026_NY3,ASIA,2023-11-22T23:00:00+00:00,2023-11-23T08:00:00+00:00,2023-11-21,1,2023,1,UP,0.6540534428190682,UP,225
2023-11-24,WGC_2026_NY3,ASIA,2023-11-23T23:00:00+00:00,2023-11-24T08:00:00+00:00,2023-11-22,1,2023,1,UP,0.6035660046062247,UP,225
2023-11-27,WGC_2026_NY3,ASIA,2023-11-26T23:00:00+00:00,2023-11-27T08:00:00+00:00,2023-11-24,2,2023,1,UP,0.5302243157387695,UP,225
2023-11-28,WGC_2026_NY3,ASIA,2023-11-27T23:00:00+00:00,2023-11-28T08:00:00+00:00,2023-11-24,3,2023,0,DOWN,0.5302243157387695,UP,225
2023-11-29,WGC_2026_NY3,ASIA,2023-11-28T23:00:00+00:00,2023-11-29T08:00:00+00:00,2023-11-27,1,2023,1,UP,0.6021567559467655,UP,230
2023-11-30,WGC_2026_NY3,ASIA,2023-11-29T23:00:00+00:00,2023-11-30T08:00:00+00:00,2023-11-28,1,2023,0,DOWN,0.519216602332085,UP,230
2023-12-01,WGC_2026_NY3,ASIA,2023-11-30T23:00:00+00:00,2023-12-01T08:00:00+00:00,2023-11-29,1,2023,1,UP,0.6026014419858174,UP,230
2023-12-04,WGC_2026_NY3,ASIA,2023-12-03T23:00:00+00:00,2023-12-04T08:00:00+00:00,2023-12-01,2,2023,0,DOWN,0.6659862618946205,UP,230
2023-12-05,WGC_2026_NY3,ASIA,2023-12-04T23:00:00+00:00,2023-12-05T08:00:00+00:00,2023-12-01,3,2023,1,UP,0.6659862618946205,UP,230
2023-12-06,WGC_2026_NY3,ASIA,2023-12-05T23:00:00+00:00,2023-12-06T08:00:00+00:00,2023-12-04,1,2023,1,UP,0.6669829389900958,UP,235
2023-12-07,WGC_2026_NY3,ASIA,2023-12-06T23:00:00+00:00,2023-12-07T08:00:00+00:00,2023-12-05,1,2023,1,UP,0.5691901889985443,UP,235
2023-12-08,WGC_2026_NY3,ASIA,2023-12-07T23:00:00+00:00,2023-12-08T08:00:00+00:00,2023-12-06,1,2023,1,UP,0.4600653500320493,DOWN,235
2023-12-11,WGC_2026_NY3,ASIA,2023-12-10T23:00:00+00:00,2023-12-11T08:00:00+00:00,2023-12-08,2,2023,0,DOWN,0.4450973653667142,DOWN,235
2023-12-12,WGC_2026_NY3,ASIA,2023-12-11T23:00:00+00:00,2023-12-12T08:00:00+00:00,2023-12-08,3,2023,1,UP,0.4450973653667143,DOWN,235
2023-12-13,WGC_2026_NY3,ASIA,2023-12-12T23:00:00+00:00,2023-12-13T08:00:00+00:00,2023-12-11,1,2023,0,DOWN,0.28982827748198753,DOWN,240
2023-12-14,WGC_2026_NY3,ASIA,2023-12-13T23:00:00+00:00,2023-12-14T08:00:00+00:00,2023-12-12,1,2023,1,UP,0.44679628248736275,DOWN,240
2023-12-15,WGC_2026_NY3,ASIA,2023-12-14T23:00:00+00:00,2023-12-15T08:00:00+00:00,2023-12-13,1,2023,1,UP,0.5044226601582602,UP,240
2023-12-18,WGC_2026_NY3,ASIA,2023-12-17T23:00:00+00:00,2023-12-18T08:00:00+00:00,2023-12-15,2,2023,1,UP,0.5098592157902447,UP,240
2023-12-19,WGC_2026_NY3,ASIA,2023-12-18T23:00:00+00:00,2023-12-19T08:00:00+00:00,2023-12-15,3,2023,0,DOWN,0.5098592157902447,UP,240
2023-12-20,WGC_2026_NY3,ASIA,2023-12-19T23:00:00+00:00,2023-12-20T08:00:00+00:00,2023-12-18,1,2023,1,UP,0.5765455726550488,UP,245
2023-12-21,WGC_2026_NY3,ASIA,2023-12-20T23:00:00+00:00,2023-12-21T08:00:00+00:00,2023-12-19,1,2023,1,UP,0.6499883324576193,UP,245
2023-12-22,WGC_2026_NY3,ASIA,2023-12-21T23:00:00+00:00,2023-12-22T08:00:00+00:00,2023-12-20,1,2023,1,UP,0.7054426332101417,UP,245
2023-12-26,WGC_2026_NY3,ASIA,2023-12-25T23:00:00+00:00,2023-12-26T08:00:00+00:00,2023-12-22,3,2023,1,UP,0.48625649523163744,DOWN,245
2023-12-27,WGC_2026_NY3,ASIA,2023-12-26T23:00:00+00:00,2023-12-27T08:00:00+00:00,2023-12-22,4,2023,0,DOWN,0.48625649523163744,DOWN,245
2023-12-28,WGC_2026_NY3,ASIA,2023-12-27T23:00:00+00:00,2023-12-28T08:00:00+00:00,2023-12-22,5,2023,1,UP,0.4998699040281746,DOWN,250
2023-12-29,WGC_2026_NY3,ASIA,2023-12-28T23:00:00+00:00,2023-12-29T08:00:00+00:00,2023-12-27,1,2023,1,UP,0.5901017260793519,UP,250
2024-01-02,WGC_2026_NY3,ASIA,2024-01-01T23:00:00+00:00,2024-01-02T08:00:00+00:00,2023-12-29,3,2024,1,UP,0.4917511245911569,DOWN,250
2024-01-03,WGC_2026_NY3,ASIA,2024-01-02T23:00:00+00:00,2024-01-03T08:00:00+00:00,2023-12-29,4,2024,1,UP,0.4917511245911569,DOWN,250
2024-01-04,WGC_2026_NY3,ASIA,2024-01-03T23:00:00+00:00,2024-01-04T08:00:00+00:00,2024-01-02,1,2024,1,UP,0.630456749950783,UP,250
2024-01-05,WGC_2026_NY3,ASIA,2024-01-04T23:00:00+00:00,2024-01-05T08:00:00+00:00,2024-01-03,1,2024,0,DOWN,0.5784661946371598,UP,255
2024-01-08,WGC_2026_NY3,ASIA,2024-01-07T23:00:00+00:00,2024-01-08T08:00:00+00:00,2024-01-05,2,2024,0,DOWN,0.3347909477375094,DOWN,255
2024-01-09,WGC_2026_NY3,ASIA,2024-01-08T23:00:00+00:00,2024-01-09T08:00:00+00:00,2024-01-05,3,2024,1,UP,0.3347909477375094,DOWN,255
2024-01-10,WGC_2026_NY3,ASIA,2024-01-09T23:00:00+00:00,2024-01-10T08:00:00+00:00,2024-01-08,1,2024,1,UP,0.3641334182603771,DOWN,255
2024-01-11,WGC_2026_NY3,ASIA,2024-01-10T23:00:00+00:00,2024-01-11T08:00:00+00:00,2024-01-09,1,2024,1,UP,0.31468634670547907,DOWN,255
2024-01-12,WGC_2026_NY3,ASIA,2024-01-11T23:00:00+00:00,2024-01-12T08:00:00+00:00,2024-01-10,1,2024,1,UP,0.4548896990508669,DOWN,260
2024-01-15,WGC_2026_NY3,ASIA,2024-01-14T23:00:00+00:00,2024-01-15T08:00:00+00:00,2024-01-12,2,2024,1,UP,0.559297498366563,UP,260
2024-01-16,WGC_2026_NY3,ASIA,2024-01-15T23:00:00+00:00,2024-01-16T08:00:00+00:00,2024-01-12,3,2024,0,DOWN,0.559297498366563,UP,260
2024-01-17,WGC_2026_NY3,ASIA,2024-01-16T23:00:00+00:00,2024-01-17T08:00:00+00:00,2024-01-15,1,2024,0,DOWN,0.5869765431392338,UP,260
2024-01-18,WGC_2026_NY3,ASIA,2024-01-17T23:00:00+00:00,2024-01-18T08:00:00+00:00,2024-01-16,1,2024,1,UP,0.498566482276101,DOWN,260
2024-01-19,WGC_2026_NY3,ASIA,2024-01-18T23:00:00+00:00,2024-01-19T08:00:00+00:00,2024-01-17,1,2024,1,UP,0.4830134535467071,DOWN,265
2024-01-22,WGC_2026_NY3,ASIA,2024-01-21T23:00:00+00:00,2024-01-22T08:00:00+00:00,2024-01-19,2,2024,0,DOWN,0.5071386387274981,UP,265
2024-01-23,WGC_2026_NY3,ASIA,2024-01-22T23:00:00+00:00,2024-01-23T08:00:00+00:00,2024-01-19,3,2024,1,UP,0.5071386387274981,UP,265
2024-01-24,WGC_2026_NY3,ASIA,2024-01-23T23:00:00+00:00,2024-01-24T08:00:00+00:00,2024-01-22,1,2024,1,UP,0.3639811396873563,DOWN,265
2024-01-25,WGC_2026_NY3,ASIA,2024-01-24T23:00:00+00:00,2024-01-25T08:00:00+00:00,2024-01-23,1,2024,1,UP,0.488954385626694,DOWN,265
2024-01-26,WGC_2026_NY3,ASIA,2024-01-25T23:00:00+00:00,2024-01-26T08:00:00+00:00,2024-01-24,1,2024,1,UP,0.5729929974707699,UP,270
2024-01-29,WGC_2026_NY3,ASIA,2024-01-28T23:00:00+00:00,2024-01-29T08:00:00+00:00,2024-01-26,2,2024,1,UP,0.5258688424815859,UP,270
2024-01-30,WGC_2026_NY3,ASIA,2024-01-29T23:00:00+00:00,2024-01-30T08:00:00+00:00,2024-01-26,3,2024,1,UP,0.5258688424815859,UP,270
2024-01-31,WGC_2026_NY3,ASIA,2024-01-30T23:00:00+00:00,2024-01-31T08:00:00+00:00,2024-01-29,1,2024,0,DOWN,0.5923119013204062,UP,270
2024-02-01,WGC_2026_NY3,ASIA,2024-01-31T23:00:00+00:00,2024-02-01T08:00:00+00:00,2024-01-30,1,2024,1,UP,0.572451197681517,UP,270
2024-02-05,WGC_2026_NY3,ASIA,2024-02-04T23:00:00+00:00,2024-02-05T08:00:00+00:00,2024-02-02,2,2024,0,DOWN,0.6811981106849477,UP,275
2024-02-06,WGC_2026_NY3,ASIA,2024-02-05T23:00:00+00:00,2024-02-06T08:00:00+00:00,2024-02-02,3,2024,1,UP,0.6811981106849477,UP,275
2024-02-07,WGC_2026_NY3,ASIA,2024-02-06T23:00:00+00:00,2024-02-07T08:00:00+00:00,2024-02-05,1,2024,0,DOWN,0.5514302696824339,UP,275
2024-02-08,WGC_2026_NY3,ASIA,2024-02-07T23:00:00+00:00,2024-02-08T08:00:00+00:00,2024-02-06,1,2024,0,DOWN,0.5302589391841627,UP,275
2024-02-09,WGC_2026_NY3,ASIA,2024-02-08T23:00:00+00:00,2024-02-09T08:00:00+00:00,2024-02-07,1,2024,0,DOWN,0.5595092675490998,UP,275
2024-02-12,WGC_2026_NY3,ASIA,2024-02-11T23:00:00+00:00,2024-02-12T08:00:00+00:00,2024-02-09,2,2024,0,DOWN,0.4345196142269594,DOWN,280
2024-02-13,WGC_2026_NY3,ASIA,2024-02-12T23:00:00+00:00,2024-02-13T08:00:00+00:00,2024-02-09,3,2024,1,UP,0.4345196142269594,DOWN,280
2024-02-14,WGC_2026_NY3,ASIA,2024-02-13T23:00:00+00:00,2024-02-14T08:00:00+00:00,2024-02-12,1,2024,0,DOWN,0.529783764664472,UP,280
2024-02-15,WGC_2026_NY3,ASIA,2024-02-14T23:00:00+00:00,2024-02-15T08:00:00+00:00,2024-02-13,1,2024,1,UP,0.5653636551647563,UP,280
2024-02-16,WGC_2026_NY3,ASIA,2024-02-15T23:00:00+00:00,2024-02-16T08:00:00+00:00,2024-02-14,1,2024,1,UP,0.44697948257913134,DOWN,280
2024-02-20,WGC_2026_NY3,ASIA,2024-02-19T23:00:00+00:00,2024-02-20T08:00:00+00:00,2024-02-16,3,2024,1,UP,0.5200926986861965,UP,285
2024-02-21,WGC_2026_NY3,ASIA,2024-02-20T23:00:00+00:00,2024-02-21T08:00:00+00:00,2024-02-19,1,2024,1,UP,0.5868098281253409,UP,285
2024-02-22,WGC_2026_NY3,ASIA,2024-02-21T23:00:00+00:00,2024-02-22T08:00:00+00:00,2024-02-20,1,2024,1,UP,0.544496468847518,UP,285
2024-02-23,WGC_2026_NY3,ASIA,2024-02-22T23:00:00+00:00,2024-02-23T08:00:00+00:00,2024-02-21,1,2024,0,DOWN,0.6843717305151429,UP,285
2024-02-26,WGC_2026_NY3,ASIA,2024-02-25T23:00:00+00:00,2024-02-26T08:00:00+00:00,2024-02-23,2,2024,1,UP,0.6333764710649674,UP,285
2024-02-27,WGC_2026_NY3,ASIA,2024-02-26T23:00:00+00:00,2024-02-27T08:00:00+00:00,2024-02-23,3,2024,1,UP,0.6282608832816547,UP,290
2024-02-28,WGC_2026_NY3,ASIA,2024-02-27T23:00:00+00:00,2024-02-28T08:00:00+00:00,2024-02-26,1,2024,0,DOWN,0.5862057177348776,UP,290
2024-02-29,WGC_2026_NY3,ASIA,2024-02-28T23:00:00+00:00,2024-02-29T08:00:00+00:00,2024-02-27,1,2024,1,UP,0.5607039127216144,UP,290
2024-03-01,WGC_2026_NY3,ASIA,2024-02-29T23:00:00+00:00,2024-03-01T08:00:00+00:00,2024-02-28,1,2024,1,UP,0.49520397452653103,DOWN,290
2024-03-04,WGC_2026_NY3,ASIA,2024-03-03T23:00:00+00:00,2024-03-04T08:00:00+00:00,2024-03-01,2,2024,1,UP,0.5872047518650363,UP,290
2024-03-05,WGC_2026_NY3,ASIA,2024-03-04T23:00:00+00:00,2024-03-05T08:00:00+00:00,2024-03-01,3,2024,0,DOWN,0.6051445300886416,UP,295
2024-03-06,WGC_2026_NY3,ASIA,2024-03-05T23:00:00+00:00,2024-03-06T08:00:00+00:00,2024-03-04,1,2024,1,UP,0.609975557551769,UP,295
2024-03-07,WGC_2026_NY3,ASIA,2024-03-06T23:00:00+00:00,2024-03-07T08:00:00+00:00,2024-03-05,1,2024,1,UP,0.6649826267912174,UP,295
2024-03-08,WGC_2026_NY3,ASIA,2024-03-07T23:00:00+00:00,2024-03-08T08:00:00+00:00,2024-03-06,1,2024,1,UP,0.7028067615997166,UP,295
2024-03-11,WGC_2026_NY3,ASIA,2024-03-10T22:00:00+00:00,2024-03-11T07:00:00+00:00,2024-03-08,2,2024,0,DOWN,0.7513408038379893,UP,295
2024-03-12,WGC_2026_NY3,ASIA,2024-03-11T22:00:00+00:00,2024-03-12T07:00:00+00:00,2024-03-08,3,2024,0,DOWN,0.7238640746457399,UP,300
2024-03-13,WGC_2026_NY3,ASIA,2024-03-12T22:00:00+00:00,2024-03-13T07:00:00+00:00,2024-03-11,1,2024,1,UP,0.6457426275493584,UP,300
2024-03-14,WGC_2026_NY3,ASIA,2024-03-13T22:00:00+00:00,2024-03-14T07:00:00+00:00,2024-03-12,1,2024,0,DOWN,0.5216890324614404,UP,300
2024-03-15,WGC_2026_NY3,ASIA,2024-03-14T22:00:00+00:00,2024-03-15T07:00:00+00:00,2024-03-13,1,2024,1,UP,0.47606296903894474,DOWN,300
2024-03-18,WGC_2026_NY3,ASIA,2024-03-17T22:00:00+00:00,2024-03-18T07:00:00+00:00,2024-03-15,2,2024,0,DOWN,0.35418901408155073,DOWN,300
2024-03-19,WGC_2026_NY3,ASIA,2024-03-18T22:00:00+00:00,2024-03-19T07:00:00+00:00,2024-03-15,3,2024,0,DOWN,0.33974314277775797,DOWN,305
2024-03-20,WGC_2026_NY3,ASIA,2024-03-19T22:00:00+00:00,2024-03-20T07:00:00+00:00,2024-03-18,1,2024,0,DOWN,0.30709905385345054,DOWN,305
2024-03-21,WGC_2026_NY3,ASIA,2024-03-20T22:00:00+00:00,2024-03-21T07:00:00+00:00,2024-03-19,1,2024,1,UP,0.35212215167799527,DOWN,305
2024-03-22,WGC_2026_NY3,ASIA,2024-03-21T22:00:00+00:00,2024-03-22T07:00:00+00:00,2024-03-20,1,2024,0,DOWN,0.40297522625298915,DOWN,305
2024-03-25,WGC_2026_NY3,ASIA,2024-03-24T22:00:00+00:00,2024-03-25T07:00:00+00:00,2024-03-22,2,2024,0,DOWN,0.5328790233964499,UP,305
2024-03-26,WGC_2026_NY3,ASIA,2024-03-25T22:00:00+00:00,2024-03-26T07:00:00+00:00,2024-03-22,3,2024,0,DOWN,0.4885834606006285,DOWN,310
2024-03-27,WGC_2026_NY3,ASIA,2024-03-26T22:00:00+00:00,2024-03-27T07:00:00+00:00,2024-03-25,1,2024,0,DOWN,0.5710374363655635,UP,310
2024-03-28,WGC_2026_NY3,ASIA,2024-03-27T22:00:00+00:00,2024-03-28T07:00:00+00:00,2024-03-26,1,2024,1,UP,0.6424521965216565,UP,310
2024-04-01,WGC_2026_NY3,ASIA,2024-03-31T22:00:00+00:00,2024-04-01T07:00:00+00:00,2024-03-28,3,2024,1,UP,0.47823772479611704,DOWN,310
2024-04-02,WGC_2026_NY3,ASIA,2024-04-01T22:00:00+00:00,2024-04-02T07:00:00+00:00,2024-03-28,4,2024,1,UP,0.47823772479611704,DOWN,310
2024-04-03,WGC_2026_NY3,ASIA,2024-04-02T22:00:00+00:00,2024-04-03T07:00:00+00:00,2024-03-28,5,2024,1,UP,0.5139901853899681,UP,315
2024-04-04,WGC_2026_NY3,ASIA,2024-04-03T22:00:00+00:00,2024-04-04T07:00:00+00:00,2024-04-02,1,2024,0,DOWN,0.7117912533510835,UP,315
2024-04-05,WGC_2026_NY3,ASIA,2024-04-04T22:00:00+00:00,2024-04-05T07:00:00+00:00,2024-04-03,1,2024,0,DOWN,0.6353178393982216,UP,315
2024-04-09,WGC_2026_NY3,ASIA,2024-04-08T22:00:00+00:00,2024-04-09T07:00:00+00:00,2024-04-05,3,2024,1,UP,0.6106570907557181,UP,315
2024-04-10,WGC_2026_NY3,ASIA,2024-04-09T22:00:00+00:00,2024-04-10T07:00:00+00:00,2024-04-08,1,2024,1,UP,0.7305059128258743,UP,315
2024-04-11,WGC_2026_NY3,ASIA,2024-04-10T22:00:00+00:00,2024-04-11T07:00:00+00:00,2024-04-09,1,2024,1,UP,0.6375081509729057,UP,320
2024-04-12,WGC_2026_NY3,ASIA,2024-04-11T22:00:00+00:00,2024-04-12T07:00:00+00:00,2024-04-10,1,2024,1,UP,0.5388966325145921,UP,320
2024-04-16,WGC_2026_NY3,ASIA,2024-04-15T22:00:00+00:00,2024-04-16T07:00:00+00:00,2024-04-12,3,2024,0,DOWN,0.7029558596884097,UP,320
2024-04-17,WGC_2026_NY3,ASIA,2024-04-16T22:00:00+00:00,2024-04-17T07:00:00+00:00,2024-04-15,1,2024,0,DOWN,0.4306223326601211,DOWN,320
2024-04-18,WGC_2026_NY3,ASIA,2024-04-17T22:00:00+00:00,2024-04-18T07:00:00+00:00,2024-04-16,1,2024,1,UP,0.514896720344004,UP,320
2024-04-19,WGC_2026_NY3,ASIA,2024-04-18T22:00:00+00:00,2024-04-19T07:00:00+00:00,2024-04-17,1,2024,1,UP,0.5105055919836146,UP,325
2024-04-23,WGC_2026_NY3,ASIA,2024-04-22T22:00:00+00:00,2024-04-23T07:00:00+00:00,2024-04-19,3,2024,0,DOWN,0.40510565632900924,DOWN,325
2024-04-24,WGC_2026_NY3,ASIA,2024-04-23T22:00:00+00:00,2024-04-24T07:00:00+00:00,2024-04-22,1,2024,1,UP,0.4741563739052998,DOWN,325
2024-04-25,WGC_2026_NY3,ASIA,2024-04-24T22:00:00+00:00,2024-04-25T07:00:00+00:00,2024-04-23,1,2024,1,UP,0.3704710210436576,DOWN,325
2024-04-26,WGC_2026_NY3,ASIA,2024-04-25T22:00:00+00:00,2024-04-26T07:00:00+00:00,2024-04-24,1,2024,1,UP,0.4080381003166501,DOWN,325
2024-04-30,WGC_2026_NY3,ASIA,2024-04-29T22:00:00+00:00,2024-04-30T07:00:00+00:00,2024-04-26,3,2024,0,DOWN,0.6166034338371177,UP,330
2024-05-01,WGC_2026_NY3,ASIA,2024-04-30T22:00:00+00:00,2024-05-01T07:00:00+00:00,2024-04-29,1,2024,0,DOWN,0.5854916469748443,UP,330
2024-05-02,WGC_2026_NY3,ASIA,2024-05-01T22:00:00+00:00,2024-05-02T07:00:00+00:00,2024-04-30,1,2024,0,DOWN,0.7413578350664685,UP,330
2024-05-03,WGC_2026_NY3,ASIA,2024-05-02T22:00:00+00:00,2024-05-03T07:00:00+00:00,2024-05-01,1,2024,0,DOWN,0.702430889241144,UP,330
2024-05-07,WGC_2026_NY3,ASIA,2024-05-06T22:00:00+00:00,2024-05-07T07:00:00+00:00,2024-05-03,3,2024,0,DOWN,0.6716020131640901,UP,330
2024-05-08,WGC_2026_NY3,ASIA,2024-05-07T22:00:00+00:00,2024-05-08T07:00:00+00:00,2024-05-03,4,2024,1,UP,0.5445064032469126,UP,335
2024-05-09,WGC_2026_NY3,ASIA,2024-05-08T22:00:00+00:00,2024-05-09T07:00:00+00:00,2024-05-07,1,2024,1,UP,0.5506750288677754,UP,335
2024-05-10,WGC_2026_NY3,ASIA,2024-05-09T22:00:00+00:00,2024-05-10T07:00:00+00:00,2024-05-08,1,2024,1,UP,0.586816076437375,UP,335
2024-05-14,WGC_2026_NY3,ASIA,2024-05-13T22:00:00+00:00,2024-05-14T07:00:00+00:00,2024-05-10,3,2024,1,UP,0.7572296447411351,UP,335
2024-05-15,WGC_2026_NY3,ASIA,2024-05-14T22:00:00+00:00,2024-05-15T07:00:00+00:00,2024-05-13,1,2024,1,UP,0.6395785514145963,UP,335
2024-05-16,WGC_2026_NY3,ASIA,2024-05-15T22:00:00+00:00,2024-05-16T07:00:00+00:00,2024-05-14,1,2024,1,UP,0.7273905260869169,UP,340
2024-05-17,WGC_2026_NY3,ASIA,2024-05-16T22:00:00+00:00,2024-05-17T07:00:00+00:00,2024-05-15,1,2024,1,UP,0.7492982220794157,UP,340
2024-05-21,WGC_2026_NY3,ASIA,2024-05-20T22:00:00+00:00,2024-05-21T07:00:00+00:00,2024-05-17,3,2024,0,DOWN,0.6677828659624595,UP,340
2024-05-22,WGC_2026_NY3,ASIA,2024-05-21T22:00:00+00:00,2024-05-22T07:00:00+00:00,2024-05-20,1,2024,0,DOWN,0.7772894493648691,UP,340
2024-05-23,WGC_2026_NY3,ASIA,2024-05-22T22:00:00+00:00,2024-05-23T07:00:00+00:00,2024-05-21,1,2024,0,DOWN,0.7072217869438266,UP,340
2024-05-24,WGC_2026_NY3,ASIA,2024-05-23T22:00:00+00:00,2024-05-24T07:00:00+00:00,2024-05-22,1,2024,1,UP,0.5255301564107567,UP,345
2024-05-28,WGC_2026_NY3,ASIA,2024-05-27T22:00:00+00:00,2024-05-28T07:00:00+00:00,2024-05-24,3,2024,0,DOWN,0.442452887198923,DOWN,345
2024-05-29,WGC_2026_NY3,ASIA,2024-05-28T22:00:00+00:00,2024-05-29T07:00:00+00:00,2024-05-24,4,2024,0,DOWN,0.442452887198923,DOWN,345
2024-05-30,WGC_2026_NY3,ASIA,2024-05-29T22:00:00+00:00,2024-05-30T07:00:00+00:00,2024-05-28,1,2024,0,DOWN,0.33093136644267407,DOWN,345
2024-05-31,WGC_2026_NY3,ASIA,2024-05-30T22:00:00+00:00,2024-05-31T07:00:00+00:00,2024-05-29,1,2024,1,UP,0.43045798212565334,DOWN,345
2024-06-04,WGC_2026_NY3,ASIA,2024-06-03T22:00:00+00:00,2024-06-04T07:00:00+00:00,2024-05-31,3,2024,0,DOWN,0.6123591037520231,UP,350
2024-06-05,WGC_2026_NY3,ASIA,2024-06-04T22:00:00+00:00,2024-06-05T07:00:00+00:00,2024-06-03,1,2024,1,UP,0.6434629151979111,UP,350
2024-06-06,WGC_2026_NY3,ASIA,2024-06-05T22:00:00+00:00,2024-06-06T07:00:00+00:00,2024-06-04,1,2024,1,UP,0.6983469964769395,UP,350
2024-06-07,WGC_2026_NY3,ASIA,2024-06-06T22:00:00+00:00,2024-06-07T07:00:00+00:00,2024-06-05,1,2024,0,DOWN,0.6390988859189617,UP,350
2024-06-11,WGC_2026_NY3,ASIA,2024-06-10T22:00:00+00:00,2024-06-11T07:00:00+00:00,2024-06-07,3,2024,0,DOWN,0.5507722596169778,UP,350
2024-06-12,WGC_2026_NY3,ASIA,2024-06-11T22:00:00+00:00,2024-06-12T07:00:00+00:00,2024-06-10,1,2024,0,DOWN,0.44880594116796535,DOWN,355
2024-06-13,WGC_2026_NY3,ASIA,2024-06-12T22:00:00+00:00,2024-06-13T07:00:00+00:00,2024-06-11,1,2024,0,DOWN,0.5892127274641782,UP,355
2024-06-14,WGC_2026_NY3,ASIA,2024-06-13T22:00:00+00:00,2024-06-14T07:00:00+00:00,2024-06-12,1,2024,1,UP,0.5580595505090714,UP,355
2024-06-18,WGC_2026_NY3,ASIA,2024-06-17T22:00:00+00:00,2024-06-18T07:00:00+00:00,2024-06-14,3,2024,1,UP,0.5786532651713517,UP,355
2024-06-19,WGC_2026_NY3,ASIA,2024-06-18T22:00:00+00:00,2024-06-19T07:00:00+00:00,2024-06-17,1,2024,1,UP,0.6594566473029128,UP,355
2024-06-20,WGC_2026_NY3,ASIA,2024-06-19T22:00:00+00:00,2024-06-20T07:00:00+00:00,2024-06-18,1,2024,1,UP,0.6595559775315173,UP,360
2024-06-21,WGC_2026_NY3,ASIA,2024-06-20T22:00:00+00:00,2024-06-21T07:00:00+00:00,2024-06-19,1,2024,0,DOWN,0.7037518686204827,UP,360
2024-06-25,WGC_2026_NY3,ASIA,2024-06-24T22:00:00+00:00,2024-06-25T07:00:00+00:00,2024-06-21,3,2024,0,DOWN,0.7518711209031612,UP,360
2024-06-26,WGC_2026_NY3,ASIA,2024-06-25T22:00:00+00:00,2024-06-26T07:00:00+00:00,2024-06-24,1,2024,0,DOWN,0.6232613278739626,UP,360
2024-06-27,WGC_2026_NY3,ASIA,2024-06-26T22:00:00+00:00,2024-06-27T07:00:00+00:00,2024-06-25,1,2024,1,UP,0.6170618227113451,UP,360
2024-06-28,WGC_2026_NY3,ASIA,2024-06-27T22:00:00+00:00,2024-06-28T07:00:00+00:00,2024-06-26,1,2024,0,DOWN,0.576052251658175,UP,365
2024-07-02,WGC_2026_NY3,ASIA,2024-07-01T22:00:00+00:00,2024-07-02T07:00:00+00:00,2024-06-28,3,2024,0,DOWN,0.5128241304502185,UP,365
2024-07-03,WGC_2026_NY3,ASIA,2024-07-02T22:00:00+00:00,2024-07-03T07:00:00+00:00,2024-07-01,1,2024,1,UP,0.561351316099767,UP,365
2024-07-04,WGC_2026_NY3,ASIA,2024-07-03T22:00:00+00:00,2024-07-04T07:00:00+00:00,2024-07-02,1,2024,0,DOWN,0.5328822833804159,UP,365
2024-07-05,WGC_2026_NY3,ASIA,2024-07-04T22:00:00+00:00,2024-07-05T07:00:00+00:00,2024-07-03,1,2024,1,UP,0.5593314029953953,UP,365
2024-07-08,WGC_2026_NY3,ASIA,2024-07-07T22:00:00+00:00,2024-07-08T07:00:00+00:00,2024-07-05,2,2024,0,DOWN,0.6210499618626913,UP,370
2024-07-09,WGC_2026_NY3,ASIA,2024-07-08T22:00:00+00:00,2024-07-09T07:00:00+00:00,2024-07-05,3,2024,1,UP,0.6210499618626913,UP,370
2024-07-10,WGC_2026_NY3,ASIA,2024-07-09T22:00:00+00:00,2024-07-10T07:00:00+00:00,2024-07-08,1,2024,1,UP,0.5739694002962742,UP,370
2024-07-11,WGC_2026_NY3,ASIA,2024-07-10T22:00:00+00:00,2024-07-11T07:00:00+00:00,2024-07-09,1,2024,1,UP,0.5265662069395357,UP,370
2024-07-12,WGC_2026_NY3,ASIA,2024-07-11T22:00:00+00:00,2024-07-12T07:00:00+00:00,2024-07-10,1,2024,0,DOWN,0.5422481767058691,UP,370
2024-07-15,WGC_2026_NY3,ASIA,2024-07-14T22:00:00+00:00,2024-07-15T07:00:00+00:00,2024-07-12,2,2024,0,DOWN,0.5971337159900079,UP,375
2024-07-16,WGC_2026_NY3,ASIA,2024-07-15T22:00:00+00:00,2024-07-16T07:00:00+00:00,2024-07-12,3,2024,1,UP,0.5971337159900079,UP,375
2024-07-17,WGC_2026_NY3,ASIA,2024-07-16T22:00:00+00:00,2024-07-17T07:00:00+00:00,2024-07-15,1,2024,0,DOWN,0.528419891337628,UP,375
2024-07-18,WGC_2026_NY3,ASIA,2024-07-17T22:00:00+00:00,2024-07-18T07:00:00+00:00,2024-07-16,1,2024,1,UP,0.6170124930787685,UP,375
2024-07-19,WGC_2026_NY3,ASIA,2024-07-18T22:00:00+00:00,2024-07-19T07:00:00+00:00,2024-07-17,1,2024,0,DOWN,0.6880561015096734,UP,375
2024-07-22,WGC_2026_NY3,ASIA,2024-07-21T22:00:00+00:00,2024-07-22T07:00:00+00:00,2024-07-19,2,2024,0,DOWN,0.45895071011029603,DOWN,380
2024-07-23,WGC_2026_NY3,ASIA,2024-07-22T22:00:00+00:00,2024-07-23T07:00:00+00:00,2024-07-19,3,2024,0,DOWN,0.45895071011029603,DOWN,380
2024-07-24,WGC_2026_NY3,ASIA,2024-07-23T22:00:00+00:00,2024-07-24T07:00:00+00:00,2024-07-22,1,2024,1,UP,0.43380618380222813,DOWN,380
2024-07-25,WGC_2026_NY3,ASIA,2024-07-24T22:00:00+00:00,2024-07-25T07:00:00+00:00,2024-07-23,1,2024,0,DOWN,0.40012223437407657,DOWN,380
2024-07-26,WGC_2026_NY3,ASIA,2024-07-25T22:00:00+00:00,2024-07-26T07:00:00+00:00,2024-07-24,1,2024,1,UP,0.358045242734442,DOWN,380
2024-07-29,WGC_2026_NY3,ASIA,2024-07-28T22:00:00+00:00,2024-07-29T07:00:00+00:00,2024-07-26,2,2024,1,UP,0.487292750865561,DOWN,385
2024-07-30,WGC_2026_NY3,ASIA,2024-07-29T22:00:00+00:00,2024-07-30T07:00:00+00:00,2024-07-26,3,2024,1,UP,0.487292750865561,DOWN,385
2024-07-31,WGC_2026_NY3,ASIA,2024-07-30T22:00:00+00:00,2024-07-31T07:00:00+00:00,2024-07-29,1,2024,1,UP,0.5520028713195768,UP,385
2024-08-01,WGC_2026_NY3,ASIA,2024-07-31T22:00:00+00:00,2024-08-01T07:00:00+00:00,2024-07-30,1,2024,0,DOWN,0.5886046471149197,UP,385
2024-08-02,WGC_2026_NY3,ASIA,2024-08-01T22:00:00+00:00,2024-08-02T07:00:00+00:00,2024-07-31,1,2024,1,UP,0.6331496241505431,UP,385
2024-08-05,WGC_2026_NY3,ASIA,2024-08-04T22:00:00+00:00,2024-08-05T07:00:00+00:00,2024-08-02,2,2024,0,DOWN,0.732085491834555,UP,390
2024-08-06,WGC_2026_NY3,ASIA,2024-08-05T22:00:00+00:00,2024-08-06T07:00:00+00:00,2024-08-02,3,2024,0,DOWN,0.732085491834555,UP,390
2024-08-07,WGC_2026_NY3,ASIA,2024-08-06T22:00:00+00:00,2024-08-07T07:00:00+00:00,2024-08-05,1,2024,1,UP,0.5730027156944965,UP,390
2024-08-08,WGC_2026_NY3,ASIA,2024-08-07T22:00:00+00:00,2024-08-08T07:00:00+00:00,2024-08-06,1,2024,1,UP,0.5564455176829988,UP,390
2024-08-09,WGC_2026_NY3,ASIA,2024-08-08T22:00:00+00:00,2024-08-09T07:00:00+00:00,2024-08-07,1,2024,0,DOWN,0.4583618614234311,DOWN,390
2024-08-12,WGC_2026_NY3,ASIA,2024-08-11T22:00:00+00:00,2024-08-12T07:00:00+00:00,2024-08-09,2,2024,1,UP,0.4588900768833795,DOWN,395
2024-08-13,WGC_2026_NY3,ASIA,2024-08-12T22:00:00+00:00,2024-08-13T07:00:00+00:00,2024-08-09,3,2024,0,DOWN,0.4588900768833795,DOWN,395
2024-08-14,WGC_2026_NY3,ASIA,2024-08-13T22:00:00+00:00,2024-08-14T07:00:00+00:00,2024-08-12,1,2024,1,UP,0.5764187723402527,UP,395
2024-08-15,WGC_2026_NY3,ASIA,2024-08-14T22:00:00+00:00,2024-08-15T07:00:00+00:00,2024-08-13,1,2024,1,UP,0.632476997871764,UP,395
2024-08-16,WGC_2026_NY3,ASIA,2024-08-15T22:00:00+00:00,2024-08-16T07:00:00+00:00,2024-08-14,1,2024,0,DOWN,0.6548580332089675,UP,395
2024-08-19,WGC_2026_NY3,ASIA,2024-08-18T22:00:00+00:00,2024-08-19T07:00:00+00:00,2024-08-16,2,2024,0,DOWN,0.6389909430070335,UP,400
2024-08-20,WGC_2026_NY3,ASIA,2024-08-19T22:00:00+00:00,2024-08-20T07:00:00+00:00,2024-08-16,3,2024,0,DOWN,0.6389909430070335,UP,400
2024-08-21,WGC_2026_NY3,ASIA,2024-08-20T22:00:00+00:00,2024-08-21T07:00:00+00:00,2024-08-19,1,2024,1,UP,0.6144624572845473,UP,400
2024-08-22,WGC_2026_NY3,ASIA,2024-08-21T22:00:00+00:00,2024-08-22T07:00:00+00:00,2024-08-20,1,2024,0,DOWN,0.5571870455084504,UP,400
2024-08-23,WGC_2026_NY3,ASIA,2024-08-22T22:00:00+00:00,2024-08-23T07:00:00+00:00,2024-08-21,1,2024,1,UP,0.49422790810183015,DOWN,400
2024-08-26,WGC_2026_NY3,ASIA,2024-08-25T22:00:00+00:00,2024-08-26T07:00:00+00:00,2024-08-23,2,2024,1,UP,0.5004187771321787,UP,405
2024-08-27,WGC_2026_NY3,ASIA,2024-08-26T22:00:00+00:00,2024-08-27T07:00:00+00:00,2024-08-23,3,2024,0,DOWN,0.5004187771321787,UP,405
2024-08-28,WGC_2026_NY3,ASIA,2024-08-27T22:00:00+00:00,2024-08-28T07:00:00+00:00,2024-08-23,4,2024,0,DOWN,0.5004187771321787,UP,405
2024-08-29,WGC_2026_NY3,ASIA,2024-08-28T22:00:00+00:00,2024-08-29T07:00:00+00:00,2024-08-27,1,2024,1,UP,0.48583736797350324,DOWN,405
2024-08-30,WGC_2026_NY3,ASIA,2024-08-29T22:00:00+00:00,2024-08-30T07:00:00+00:00,2024-08-28,1,2024,0,DOWN,0.5031449520704918,UP,405
2024-09-02,WGC_2026_NY3,ASIA,2024-09-01T22:00:00+00:00,2024-09-02T07:00:00+00:00,2024-08-30,2,2024,0,DOWN,0.5166386232532932,UP,410
2024-09-03,WGC_2026_NY3,ASIA,2024-09-02T22:00:00+00:00,2024-09-03T07:00:00+00:00,2024-08-30,3,2024,0,DOWN,0.5166386232532932,UP,410
2024-09-04,WGC_2026_NY3,ASIA,2024-09-03T22:00:00+00:00,2024-09-04T07:00:00+00:00,2024-09-02,1,2024,0,DOWN,0.49197977710885843,DOWN,410
2024-09-05,WGC_2026_NY3,ASIA,2024-09-04T22:00:00+00:00,2024-09-05T07:00:00+00:00,2024-09-03,1,2024,1,UP,0.5208745391379176,UP,410
2024-09-06,WGC_2026_NY3,ASIA,2024-09-05T22:00:00+00:00,2024-09-06T07:00:00+00:00,2024-09-04,1,2024,1,UP,0.4335539424161804,DOWN,410
2024-09-09,WGC_2026_NY3,ASIA,2024-09-08T22:00:00+00:00,2024-09-09T07:00:00+00:00,2024-09-06,2,2024,0,DOWN,0.49143455961703686,DOWN,415
2024-09-10,WGC_2026_NY3,ASIA,2024-09-09T22:00:00+00:00,2024-09-10T07:00:00+00:00,2024-09-06,3,2024,0,DOWN,0.49143455961703686,DOWN,415
2024-09-11,WGC_2026_NY3,ASIA,2024-09-10T22:00:00+00:00,2024-09-11T07:00:00+00:00,2024-09-09,1,2024,1,UP,0.5144309531195941,UP,415
2024-09-12,WGC_2026_NY3,ASIA,2024-09-11T22:00:00+00:00,2024-09-12T07:00:00+00:00,2024-09-10,1,2024,1,UP,0.5387111220772501,UP,415
2024-09-13,WGC_2026_NY3,ASIA,2024-09-12T22:00:00+00:00,2024-09-13T07:00:00+00:00,2024-09-11,1,2024,1,UP,0.6262594087792098,UP,415
2024-09-16,WGC_2026_NY3,ASIA,2024-09-15T22:00:00+00:00,2024-09-16T07:00:00+00:00,2024-09-13,2,2024,1,UP,0.6677403373505503,UP,420
2024-09-17,WGC_2026_NY3,ASIA,2024-09-16T22:00:00+00:00,2024-09-17T07:00:00+00:00,2024-09-13,3,2024,1,UP,0.6677403373505503,UP,420
2024-09-18,WGC_2026_NY3,ASIA,2024-09-17T22:00:00+00:00,2024-09-18T07:00:00+00:00,2024-09-16,1,2024,0,DOWN,0.604759537682962,UP,420
2024-09-19,WGC_2026_NY3,ASIA,2024-09-18T22:00:00+00:00,2024-09-19T07:00:00+00:00,2024-09-17,1,2024,1,UP,0.5837602454512987,UP,420
2024-09-20,WGC_2026_NY3,ASIA,2024-09-19T22:00:00+00:00,2024-09-20T07:00:00+00:00,2024-09-18,1,2024,1,UP,0.5421641247294835,UP,420
2024-09-23,WGC_2026_NY3,ASIA,2024-09-22T22:00:00+00:00,2024-09-23T07:00:00+00:00,2024-09-20,2,2024,1,UP,0.5388512491987965,UP,425
2024-09-24,WGC_2026_NY3,ASIA,2024-09-23T22:00:00+00:00,2024-09-24T07:00:00+00:00,2024-09-20,3,2024,1,UP,0.5388512491987965,UP,425
2024-09-25,WGC_2026_NY3,ASIA,2024-09-24T22:00:00+00:00,2024-09-25T07:00:00+00:00,2024-09-23,1,2024,0,DOWN,0.5218365240716222,UP,425
2024-09-26,WGC_2026_NY3,ASIA,2024-09-25T22:00:00+00:00,2024-09-26T07:00:00+00:00,2024-09-24,1,2024,1,UP,0.49733074870397104,DOWN,425
2024-09-27,WGC_2026_NY3,ASIA,2024-09-26T22:00:00+00:00,2024-09-27T07:00:00+00:00,2024-09-25,1,2024,0,DOWN,0.5351288292709347,UP,425
2024-09-30,WGC_2026_NY3,ASIA,2024-09-29T22:00:00+00:00,2024-09-30T07:00:00+00:00,2024-09-27,2,2024,0,DOWN,0.5431943792933023,UP,430
2024-10-01,WGC_2026_NY3,ASIA,2024-09-30T22:00:00+00:00,2024-10-01T07:00:00+00:00,2024-09-27,3,2024,1,UP,0.5431943792933023,UP,430
2024-10-02,WGC_2026_NY3,ASIA,2024-10-01T22:00:00+00:00,2024-10-02T07:00:00+00:00,2024-09-30,1,2024,0,DOWN,0.5639791912619118,UP,430
2024-10-03,WGC_2026_NY3,ASIA,2024-10-02T22:00:00+00:00,2024-10-03T07:00:00+00:00,2024-10-01,1,2024,0,DOWN,0.4827387804885036,DOWN,430
2024-10-04,WGC_2026_NY3,ASIA,2024-10-03T22:00:00+00:00,2024-10-04T07:00:00+00:00,2024-10-02,1,2024,1,UP,0.47673031869470694,DOWN,430
2024-10-07,WGC_2026_NY3,ASIA,2024-10-06T22:00:00+00:00,2024-10-07T07:00:00+00:00,2024-10-04,2,2024,0,DOWN,0.4765368858062627,DOWN,435
2024-10-08,WGC_2026_NY3,ASIA,2024-10-07T22:00:00+00:00,2024-10-08T07:00:00+00:00,2024-10-04,3,2024,0,DOWN,0.4765368858062627,DOWN,435
2024-10-09,WGC_2026_NY3,ASIA,2024-10-08T22:00:00+00:00,2024-10-09T07:00:00+00:00,2024-10-07,1,2024,0,DOWN,0.47884097410635246,DOWN,435
2024-10-10,WGC_2026_NY3,ASIA,2024-10-09T22:00:00+00:00,2024-10-10T07:00:00+00:00,2024-10-08,1,2024,1,UP,0.48320541795071964,DOWN,435
2024-10-11,WGC_2026_NY3,ASIA,2024-10-10T22:00:00+00:00,2024-10-11T07:00:00+00:00,2024-10-09,1,2024,1,UP,0.4452229692909793,DOWN,435
2024-10-14,WGC_2026_NY3,ASIA,2024-10-13T22:00:00+00:00,2024-10-14T07:00:00+00:00,2024-10-11,2,2024,1,UP,0.5004369437585129,UP,440
2024-10-15,WGC_2026_NY3,ASIA,2024-10-14T22:00:00+00:00,2024-10-15T07:00:00+00:00,2024-10-11,3,2024,1,UP,0.5004369437585129,UP,440
2024-10-16,WGC_2026_NY3,ASIA,2024-10-15T22:00:00+00:00,2024-10-16T07:00:00+00:00,2024-10-14,1,2024,1,UP,0.5849140292782163,UP,440
2024-10-17,WGC_2026_NY3,ASIA,2024-10-16T22:00:00+00:00,2024-10-17T07:00:00+00:00,2024-10-15,1,2024,1,UP,0.5498498778668686,UP,440
2024-10-18,WGC_2026_NY3,ASIA,2024-10-17T22:00:00+00:00,2024-10-18T07:00:00+00:00,2024-10-16,1,2024,1,UP,0.6229280411489233,UP,440
2024-10-21,WGC_2026_NY3,ASIA,2024-10-20T22:00:00+00:00,2024-10-21T07:00:00+00:00,2024-10-18,2,2024,1,UP,0.664368152008015,UP,445
2024-10-22,WGC_2026_NY3,ASIA,2024-10-21T22:00:00+00:00,2024-10-22T07:00:00+00:00,2024-10-18,3,2024,1,UP,0.664368152008015,UP,445
2024-10-23,WGC_2026_NY3,ASIA,2024-10-22T22:00:00+00:00,2024-10-23T07:00:00+00:00,2024-10-21,1,2024,1,UP,0.530817814718302,UP,445
2024-10-24,WGC_2026_NY3,ASIA,2024-10-23T22:00:00+00:00,2024-10-24T07:00:00+00:00,2024-10-22,1,2024,1,UP,0.558362026388984,UP,445
2024-10-25,WGC_2026_NY3,ASIA,2024-10-24T22:00:00+00:00,2024-10-25T07:00:00+00:00,2024-10-23,1,2024,0,DOWN,0.5778169743916034,UP,445
2024-10-28,WGC_2026_NY3,ASIA,2024-10-27T22:00:00+00:00,2024-10-28T07:00:00+00:00,2024-10-25,2,2024,1,UP,0.46188975032833424,DOWN,450
2024-10-29,WGC_2026_NY3,ASIA,2024-10-28T22:00:00+00:00,2024-10-29T07:00:00+00:00,2024-10-25,3,2024,1,UP,0.46188975032833424,DOWN,450
2024-10-30,WGC_2026_NY3,ASIA,2024-10-29T22:00:00+00:00,2024-10-30T07:00:00+00:00,2024-10-28,1,2024,1,UP,0.5067517293288798,UP,450
2024-10-31,WGC_2026_NY3,ASIA,2024-10-30T22:00:00+00:00,2024-10-31T07:00:00+00:00,2024-10-29,1,2024,0,DOWN,0.5329338707105983,UP,450
2024-11-01,WGC_2026_NY3,ASIA,2024-10-31T22:00:00+00:00,2024-11-01T07:00:00+00:00,2024-10-30,1,2024,1,UP,0.5898753072287476,UP,450
2024-11-04,WGC_2026_NY3,ASIA,2024-11-03T23:00:00+00:00,2024-11-04T08:00:00+00:00,2024-11-01,2,2024,1,UP,0.5097621052583876,UP,455
2024-11-05,WGC_2026_NY3,ASIA,2024-11-04T23:00:00+00:00,2024-11-05T08:00:00+00:00,2024-11-01,3,2024,0,DOWN,0.5097621052583876,UP,455
2024-11-06,WGC_2026_NY3,ASIA,2024-11-05T23:00:00+00:00,2024-11-06T08:00:00+00:00,2024-11-04,1,2024,0,DOWN,0.5066893261751858,UP,455
2024-11-07,WGC_2026_NY3,ASIA,2024-11-06T23:00:00+00:00,2024-11-07T08:00:00+00:00,2024-11-05,1,2024,1,UP,0.4760196032899427,DOWN,455
2024-11-08,WGC_2026_NY3,ASIA,2024-11-07T23:00:00+00:00,2024-11-08T08:00:00+00:00,2024-11-06,1,2024,0,DOWN,0.4762640632827492,DOWN,455
2024-11-11,WGC_2026_NY3,ASIA,2024-11-10T23:00:00+00:00,2024-11-11T08:00:00+00:00,2024-11-08,2,2024,0,DOWN,0.503471051730875,UP,460
2024-11-12,WGC_2026_NY3,ASIA,2024-11-11T23:00:00+00:00,2024-11-12T08:00:00+00:00,2024-11-08,3,2024,0,DOWN,0.503471051730875,UP,460
2024-11-13,WGC_2026_NY3,ASIA,2024-11-12T23:00:00+00:00,2024-11-13T08:00:00+00:00,2024-11-11,1,2024,1,UP,0.47151004508328914,DOWN,460
2024-11-14,WGC_2026_NY3,ASIA,2024-11-13T23:00:00+00:00,2024-11-14T08:00:00+00:00,2024-11-12,1,2024,0,DOWN,0.3470209097883976,DOWN,460
2024-11-15,WGC_2026_NY3,ASIA,2024-11-14T23:00:00+00:00,2024-11-15T08:00:00+00:00,2024-11-13,1,2024,0,DOWN,0.5550288018168265,UP,460
2024-11-18,WGC_2026_NY3,ASIA,2024-11-17T23:00:00+00:00,2024-11-18T08:00:00+00:00,2024-11-15,2,2024,1,UP,0.5305051944599609,UP,465
2024-11-19,WGC_2026_NY3,ASIA,2024-11-18T23:00:00+00:00,2024-11-19T08:00:00+00:00,2024-11-15,3,2024,1,UP,0.5305051944599609,UP,465
2024-11-20,WGC_2026_NY3,ASIA,2024-11-19T23:00:00+00:00,2024-11-20T08:00:00+00:00,2024-11-18,1,2024,0,DOWN,0.6239636953222689,UP,465
2024-11-21,WGC_2026_NY3,ASIA,2024-11-20T23:00:00+00:00,2024-11-21T08:00:00+00:00,2024-11-19,1,2024,1,UP,0.7803453085910077,UP,465
2024-11-22,WGC_2026_NY3,ASIA,2024-11-21T23:00:00+00:00,2024-11-22T08:00:00+00:00,2024-11-20,1,2024,1,UP,0.6832892533273913,UP,465
2024-11-25,WGC_2026_NY3,ASIA,2024-11-24T23:00:00+00:00,2024-11-25T08:00:00+00:00,2024-11-22,2,2024,0,DOWN,0.7894570635829531,UP,470
2024-11-26,WGC_2026_NY3,ASIA,2024-11-25T23:00:00+00:00,2024-11-26T08:00:00+00:00,2024-11-22,3,2024,0,DOWN,0.7894570635829531,UP,470
2024-11-27,WGC_2026_NY3,ASIA,2024-11-26T23:00:00+00:00,2024-11-27T08:00:00+00:00,2024-11-25,1,2024,1,UP,0.6281372361367014,UP,470
2024-11-28,WGC_2026_NY3,ASIA,2024-11-27T23:00:00+00:00,2024-11-28T08:00:00+00:00,2024-11-26,1,2024,1,UP,0.42849665997084285,DOWN,470
2024-11-29,WGC_2026_NY3,ASIA,2024-11-28T23:00:00+00:00,2024-11-29T08:00:00+00:00,2024-11-27,1,2024,1,UP,0.5665467037927613,UP,470
2024-12-02,WGC_2026_NY3,ASIA,2024-12-01T23:00:00+00:00,2024-12-02T08:00:00+00:00,2024-11-29,2,2024,0,DOWN,0.5138515877893435,UP,475
2024-12-03,WGC_2026_NY3,ASIA,2024-12-02T23:00:00+00:00,2024-12-03T08:00:00+00:00,2024-11-29,3,2024,1,UP,0.5138515877893435,UP,475
2024-12-04,WGC_2026_NY3,ASIA,2024-12-03T23:00:00+00:00,2024-12-04T08:00:00+00:00,2024-12-02,1,2024,0,DOWN,0.48938137083868155,DOWN,475
2024-12-05,WGC_2026_NY3,ASIA,2024-12-04T23:00:00+00:00,2024-12-05T08:00:00+00:00,2024-12-03,1,2024,0,DOWN,0.6031510095880863,UP,475
2024-12-06,WGC_2026_NY3,ASIA,2024-12-05T23:00:00+00:00,2024-12-06T08:00:00+00:00,2024-12-04,1,2024,1,UP,0.5780737230781665,UP,475
2024-12-09,WGC_2026_NY3,ASIA,2024-12-08T23:00:00+00:00,2024-12-09T08:00:00+00:00,2024-12-06,2,2024,1,UP,0.5751984550350295,UP,480
2024-12-10,WGC_2026_NY3,ASIA,2024-12-09T23:00:00+00:00,2024-12-10T08:00:00+00:00,2024-12-06,3,2024,1,UP,0.5751984550350295,UP,480
2024-12-11,WGC_2026_NY3,ASIA,2024-12-10T23:00:00+00:00,2024-12-11T08:00:00+00:00,2024-12-09,1,2024,0,DOWN,0.6175598890875165,UP,480
2024-12-12,WGC_2026_NY3,ASIA,2024-12-11T23:00:00+00:00,2024-12-12T08:00:00+00:00,2024-12-10,1,2024,0,DOWN,0.5880218893028261,UP,480
2024-12-13,WGC_2026_NY3,ASIA,2024-12-12T23:00:00+00:00,2024-12-13T08:00:00+00:00,2024-12-11,1,2024,1,UP,0.6441411960300191,UP,480
2024-12-16,WGC_2026_NY3,ASIA,2024-12-15T23:00:00+00:00,2024-12-16T08:00:00+00:00,2024-12-13,2,2024,1,UP,0.5256028697588112,UP,485
2024-12-17,WGC_2026_NY3,ASIA,2024-12-16T23:00:00+00:00,2024-12-17T08:00:00+00:00,2024-12-13,3,2024,1,UP,0.5256028697588112,UP,485
2024-12-18,WGC_2026_NY3,ASIA,2024-12-17T23:00:00+00:00,2024-12-18T08:00:00+00:00,2024-12-16,1,2024,0,DOWN,0.46604932687905104,DOWN,485
2024-12-19,WGC_2026_NY3,ASIA,2024-12-18T23:00:00+00:00,2024-12-19T08:00:00+00:00,2024-12-17,1,2024,1,UP,0.4486974632040309,DOWN,485
2024-12-20,WGC_2026_NY3,ASIA,2024-12-19T23:00:00+00:00,2024-12-20T08:00:00+00:00,2024-12-18,1,2024,1,UP,0.5110272763562389,UP,485
2024-12-23,WGC_2026_NY3,ASIA,2024-12-22T23:00:00+00:00,2024-12-23T08:00:00+00:00,2024-12-20,2,2024,1,UP,0.5286249902595896,UP,490
2024-12-24,WGC_2026_NY3,ASIA,2024-12-23T23:00:00+00:00,2024-12-24T08:00:00+00:00,2024-12-20,3,2024,1,UP,0.5286249902595896,UP,490
2024-12-26,WGC_2026_NY3,ASIA,2024-12-25T23:00:00+00:00,2024-12-26T08:00:00+00:00,2024-12-24,1,2024,1,UP,0.5841352008572184,UP,490
2024-12-27,WGC_2026_NY3,ASIA,2024-12-26T23:00:00+00:00,2024-12-27T08:00:00+00:00,2024-12-24,2,2024,1,UP,0.5841352008572184,UP,490
2024-12-30,WGC_2026_NY3,ASIA,2024-12-29T23:00:00+00:00,2024-12-30T08:00:00+00:00,2024-12-27,2,2024,0,DOWN,0.611247978853631,UP,490
2024-12-31,WGC_2026_NY3,ASIA,2024-12-30T23:00:00+00:00,2024-12-31T08:00:00+00:00,2024-12-27,3,2024,1,UP,0.6125764208631826,UP,495
2023-06-29,WGC_2026_NY3,EUROPE,2023-06-29T07:00:00+00:00,2023-06-29T12:00:00+00:00,2023-06-28,1,2023,1,UP,0.5648984136848381,UP,120
2023-06-30,WGC_2026_NY3,EUROPE,2023-06-30T07:00:00+00:00,2023-06-30T12:00:00+00:00,2023-06-29,1,2023,0,DOWN,0.7825251073094105,UP,120
2023-07-03,WGC_2026_NY3,EUROPE,2023-07-03T07:00:00+00:00,2023-07-03T12:00:00+00:00,2023-06-30,3,2023,0,DOWN,0.5568676300611559,UP,120
2023-07-04,WGC_2026_NY3,EUROPE,2023-07-04T07:00:00+00:00,2023-07-04T12:00:00+00:00,2023-07-03,1,2023,1,UP,0.6039333662485199,UP,120
2023-07-05,WGC_2026_NY3,EUROPE,2023-07-05T07:00:00+00:00,2023-07-05T12:00:00+00:00,2023-07-04,1,2023,1,UP,0.3907834406825169,DOWN,120
2023-07-06,WGC_2026_NY3,EUROPE,2023-07-06T07:00:00+00:00,2023-07-06T12:00:00+00:00,2023-07-05,1,2023,1,UP,0.4970566554602378,DOWN,125
2023-07-07,WGC_2026_NY3,EUROPE,2023-07-07T07:00:00+00:00,2023-07-07T12:00:00+00:00,2023-07-06,1,2023,1,UP,0.7253956224785223,UP,125
2023-07-10,WGC_2026_NY3,EUROPE,2023-07-10T07:00:00+00:00,2023-07-10T12:00:00+00:00,2023-07-07,3,2023,1,UP,0.4850065637200172,DOWN,125
2023-07-11,WGC_2026_NY3,EUROPE,2023-07-11T07:00:00+00:00,2023-07-11T12:00:00+00:00,2023-07-10,1,2023,1,UP,0.6139908793525296,UP,125
2023-07-12,WGC_2026_NY3,EUROPE,2023-07-12T07:00:00+00:00,2023-07-12T12:00:00+00:00,2023-07-11,1,2023,0,DOWN,0.5168068443209796,UP,125
2023-07-13,WGC_2026_NY3,EUROPE,2023-07-13T07:00:00+00:00,2023-07-13T12:00:00+00:00,2023-07-12,1,2023,0,DOWN,0.6933777092849385,UP,130
2023-07-14,WGC_2026_NY3,EUROPE,2023-07-14T07:00:00+00:00,2023-07-14T12:00:00+00:00,2023-07-13,1,2023,1,UP,0.7967919278942929,UP,130
2023-07-17,WGC_2026_NY3,EUROPE,2023-07-17T07:00:00+00:00,2023-07-17T12:00:00+00:00,2023-07-14,3,2023,1,UP,0.8929840822480662,UP,130
2023-07-18,WGC_2026_NY3,EUROPE,2023-07-18T07:00:00+00:00,2023-07-18T12:00:00+00:00,2023-07-17,1,2023,1,UP,0.8323243759548329,UP,130
2023-07-19,WGC_2026_NY3,EUROPE,2023-07-19T07:00:00+00:00,2023-07-19T12:00:00+00:00,2023-07-18,1,2023,0,DOWN,0.7656450335279009,UP,130
2023-07-20,WGC_2026_NY3,EUROPE,2023-07-20T07:00:00+00:00,2023-07-20T12:00:00+00:00,2023-07-19,1,2023,1,UP,0.6225988015640957,UP,135
2023-07-21,WGC_2026_NY3,EUROPE,2023-07-21T07:00:00+00:00,2023-07-21T12:00:00+00:00,2023-07-20,1,2023,0,DOWN,0.5848135188222261,UP,135
2023-07-24,WGC_2026_NY3,EUROPE,2023-07-24T07:00:00+00:00,2023-07-24T12:00:00+00:00,2023-07-21,3,2023,1,UP,0.4359975794302524,DOWN,135
2023-07-25,WGC_2026_NY3,EUROPE,2023-07-25T07:00:00+00:00,2023-07-25T12:00:00+00:00,2023-07-24,1,2023,0,DOWN,0.31295247267871285,DOWN,135
2023-07-26,WGC_2026_NY3,EUROPE,2023-07-26T07:00:00+00:00,2023-07-26T12:00:00+00:00,2023-07-25,1,2023,1,UP,0.3501952579074698,DOWN,135
2023-07-27,WGC_2026_NY3,EUROPE,2023-07-27T07:00:00+00:00,2023-07-27T12:00:00+00:00,2023-07-26,1,2023,1,UP,0.35483296687598775,DOWN,140
2023-07-28,WGC_2026_NY3,EUROPE,2023-07-28T07:00:00+00:00,2023-07-28T12:00:00+00:00,2023-07-27,1,2023,1,UP,0.40712173063759133,DOWN,140
2023-07-31,WGC_2026_NY3,EUROPE,2023-07-31T07:00:00+00:00,2023-07-31T12:00:00+00:00,2023-07-28,3,2023,1,UP,0.3372253111625647,DOWN,140
2023-08-01,WGC_2026_NY3,EUROPE,2023-08-01T07:00:00+00:00,2023-08-01T12:00:00+00:00,2023-07-31,1,2023,0,DOWN,0.3844117212314793,DOWN,140
2023-08-02,WGC_2026_NY3,EUROPE,2023-08-02T07:00:00+00:00,2023-08-02T12:00:00+00:00,2023-08-01,1,2023,1,UP,0.42986425218494073,DOWN,140
2023-08-03,WGC_2026_NY3,EUROPE,2023-08-03T07:00:00+00:00,2023-08-03T12:00:00+00:00,2023-08-02,1,2023,1,UP,0.5477345200592847,UP,145
2023-08-04,WGC_2026_NY3,EUROPE,2023-08-04T07:00:00+00:00,2023-08-04T12:00:00+00:00,2023-08-03,1,2023,0,DOWN,0.23211825855220475,DOWN,145
2023-08-07,WGC_2026_NY3,EUROPE,2023-08-07T07:00:00+00:00,2023-08-07T12:00:00+00:00,2023-08-04,3,2023,0,DOWN,0.4252086619101788,DOWN,145
2023-08-08,WGC_2026_NY3,EUROPE,2023-08-08T07:00:00+00:00,2023-08-08T12:00:00+00:00,2023-08-07,1,2023,0,DOWN,0.3298595021600987,DOWN,145
2023-08-09,WGC_2026_NY3,EUROPE,2023-08-09T07:00:00+00:00,2023-08-09T12:00:00+00:00,2023-08-08,1,2023,0,DOWN,0.25373416927093223,DOWN,145
2023-08-10,WGC_2026_NY3,EUROPE,2023-08-10T07:00:00+00:00,2023-08-10T12:00:00+00:00,2023-08-09,1,2023,1,UP,0.23435351865395784,DOWN,150
2023-08-11,WGC_2026_NY3,EUROPE,2023-08-11T07:00:00+00:00,2023-08-11T12:00:00+00:00,2023-08-10,1,2023,1,UP,0.5165835198189991,UP,150
2023-08-14,WGC_2026_NY3,EUROPE,2023-08-14T07:00:00+00:00,2023-08-14T12:00:00+00:00,2023-08-11,3,2023,1,UP,0.43570642241309,DOWN,150
2023-08-15,WGC_2026_NY3,EUROPE,2023-08-15T07:00:00+00:00,2023-08-15T12:00:00+00:00,2023-08-14,1,2023,0,DOWN,0.5507105527844282,UP,150
2023-08-16,WGC_2026_NY3,EUROPE,2023-08-16T07:00:00+00:00,2023-08-16T12:00:00+00:00,2023-08-15,1,2023,0,DOWN,0.5261599929776429,UP,150
2023-08-17,WGC_2026_NY3,EUROPE,2023-08-17T07:00:00+00:00,2023-08-17T12:00:00+00:00,2023-08-16,1,2023,1,UP,0.7203627452909662,UP,155
2023-08-18,WGC_2026_NY3,EUROPE,2023-08-18T07:00:00+00:00,2023-08-18T12:00:00+00:00,2023-08-17,1,2023,1,UP,0.7798406384965318,UP,155
2023-08-21,WGC_2026_NY3,EUROPE,2023-08-21T07:00:00+00:00,2023-08-21T12:00:00+00:00,2023-08-18,3,2023,1,UP,0.7362981246446838,UP,155
2023-08-22,WGC_2026_NY3,EUROPE,2023-08-22T07:00:00+00:00,2023-08-22T12:00:00+00:00,2023-08-21,1,2023,1,UP,0.7058422870389003,UP,155
2023-08-23,WGC_2026_NY3,EUROPE,2023-08-23T07:00:00+00:00,2023-08-23T12:00:00+00:00,2023-08-22,1,2023,1,UP,0.7832866172096726,UP,155
2023-08-24,WGC_2026_NY3,EUROPE,2023-08-24T07:00:00+00:00,2023-08-24T12:00:00+00:00,2023-08-23,1,2023,0,DOWN,0.8642862938737703,UP,160
2023-08-25,WGC_2026_NY3,EUROPE,2023-08-25T07:00:00+00:00,2023-08-25T12:00:00+00:00,2023-08-24,1,2023,1,UP,0.8210454002284729,UP,160
2023-08-29,WGC_2026_NY3,EUROPE,2023-08-29T07:00:00+00:00,2023-08-29T12:00:00+00:00,2023-08-25,4,2023,0,DOWN,0.8341158985360368,UP,160
2023-08-30,WGC_2026_NY3,EUROPE,2023-08-30T07:00:00+00:00,2023-08-30T12:00:00+00:00,2023-08-29,1,2023,1,UP,0.7139402264702023,UP,160
2023-08-31,WGC_2026_NY3,EUROPE,2023-08-31T07:00:00+00:00,2023-08-31T12:00:00+00:00,2023-08-30,1,2023,1,UP,0.737383241963837,UP,160
2023-09-01,WGC_2026_NY3,EUROPE,2023-09-01T07:00:00+00:00,2023-09-01T12:00:00+00:00,2023-08-31,1,2023,1,UP,0.5621060273613367,UP,165
2023-09-04,WGC_2026_NY3,EUROPE,2023-09-04T07:00:00+00:00,2023-09-04T12:00:00+00:00,2023-09-01,3,2023,0,DOWN,0.6590172054250766,UP,165
2023-09-05,WGC_2026_NY3,EUROPE,2023-09-05T07:00:00+00:00,2023-09-05T12:00:00+00:00,2023-09-04,1,2023,0,DOWN,0.3883846883666544,DOWN,165
2023-09-06,WGC_2026_NY3,EUROPE,2023-09-06T07:00:00+00:00,2023-09-06T12:00:00+00:00,2023-09-05,1,2023,0,DOWN,0.46385453984061586,DOWN,165
2023-09-07,WGC_2026_NY3,EUROPE,2023-09-07T07:00:00+00:00,2023-09-07T12:00:00+00:00,2023-09-06,1,2023,1,UP,0.598846265647189,UP,165
2023-09-08,WGC_2026_NY3,EUROPE,2023-09-08T07:00:00+00:00,2023-09-08T12:00:00+00:00,2023-09-07,1,2023,0,DOWN,0.3465420258408881,DOWN,170
2023-09-11,WGC_2026_NY3,EUROPE,2023-09-11T07:00:00+00:00,2023-09-11T12:00:00+00:00,2023-09-08,3,2023,0,DOWN,0.37134871854560947,DOWN,170
2023-09-12,WGC_2026_NY3,EUROPE,2023-09-12T07:00:00+00:00,2023-09-12T12:00:00+00:00,2023-09-11,1,2023,0,DOWN,0.5070564060755947,UP,170
2023-09-13,WGC_2026_NY3,EUROPE,2023-09-13T07:00:00+00:00,2023-09-13T12:00:00+00:00,2023-09-12,1,2023,1,UP,0.5056526897237046,UP,170
2023-09-14,WGC_2026_NY3,EUROPE,2023-09-14T07:00:00+00:00,2023-09-14T12:00:00+00:00,2023-09-13,1,2023,1,UP,0.5535691883968239,UP,170
2023-09-15,WGC_2026_NY3,EUROPE,2023-09-15T07:00:00+00:00,2023-09-15T12:00:00+00:00,2023-09-14,1,2023,1,UP,0.45041117891003457,DOWN,175
2023-09-18,WGC_2026_NY3,EUROPE,2023-09-18T07:00:00+00:00,2023-09-18T12:00:00+00:00,2023-09-15,3,2023,0,DOWN,0.5695030428067164,UP,175
2023-09-19,WGC_2026_NY3,EUROPE,2023-09-19T07:00:00+00:00,2023-09-19T12:00:00+00:00,2023-09-18,1,2023,1,UP,0.4477857444281399,DOWN,175
2023-09-20,WGC_2026_NY3,EUROPE,2023-09-20T07:00:00+00:00,2023-09-20T12:00:00+00:00,2023-09-19,1,2023,1,UP,0.47113976959069853,DOWN,175
2023-09-21,WGC_2026_NY3,EUROPE,2023-09-21T07:00:00+00:00,2023-09-21T12:00:00+00:00,2023-09-20,1,2023,0,DOWN,0.5345907191070903,UP,175
2023-09-22,WGC_2026_NY3,EUROPE,2023-09-22T07:00:00+00:00,2023-09-22T12:00:00+00:00,2023-09-21,1,2023,1,UP,0.675606938081151,UP,180
2023-09-25,WGC_2026_NY3,EUROPE,2023-09-25T07:00:00+00:00,2023-09-25T12:00:00+00:00,2023-09-22,3,2023,0,DOWN,0.7317604205486381,UP,180
2023-09-26,WGC_2026_NY3,EUROPE,2023-09-26T07:00:00+00:00,2023-09-26T12:00:00+00:00,2023-09-25,1,2023,1,UP,0.644232371535825,UP,180
2023-09-27,WGC_2026_NY3,EUROPE,2023-09-27T07:00:00+00:00,2023-09-27T12:00:00+00:00,2023-09-26,1,2023,0,DOWN,0.47730394239545476,DOWN,180
2023-09-28,WGC_2026_NY3,EUROPE,2023-09-28T07:00:00+00:00,2023-09-28T12:00:00+00:00,2023-09-27,1,2023,1,UP,0.6785212670921803,UP,180
2023-09-29,WGC_2026_NY3,EUROPE,2023-09-29T07:00:00+00:00,2023-09-29T12:00:00+00:00,2023-09-28,1,2023,0,DOWN,0.745075933907673,UP,185
2023-10-02,WGC_2026_NY3,EUROPE,2023-10-02T07:00:00+00:00,2023-10-02T12:00:00+00:00,2023-09-29,3,2023,0,DOWN,0.7931361867192794,UP,185
2023-10-03,WGC_2026_NY3,EUROPE,2023-10-03T07:00:00+00:00,2023-10-03T12:00:00+00:00,2023-10-02,1,2023,1,UP,0.2960540356588057,DOWN,185
2023-10-04,WGC_2026_NY3,EUROPE,2023-10-04T07:00:00+00:00,2023-10-04T12:00:00+00:00,2023-10-03,1,2023,1,UP,0.2889394667680116,DOWN,185
2023-10-05,WGC_2026_NY3,EUROPE,2023-10-05T07:00:00+00:00,2023-10-05T12:00:00+00:00,2023-10-04,1,2023,1,UP,0.5528663734496939,UP,185
2023-10-06,WGC_2026_NY3,EUROPE,2023-10-06T07:00:00+00:00,2023-10-06T12:00:00+00:00,2023-10-05,1,2023,1,UP,0.502963124045224,UP,190
2023-10-10,WGC_2026_NY3,EUROPE,2023-10-10T07:00:00+00:00,2023-10-10T12:00:00+00:00,2023-10-09,1,2023,1,UP,0.4367759850482086,DOWN,190
2023-10-11,WGC_2026_NY3,EUROPE,2023-10-11T07:00:00+00:00,2023-10-11T12:00:00+00:00,2023-10-10,1,2023,1,UP,0.5987857138916092,UP,190
2023-10-12,WGC_2026_NY3,EUROPE,2023-10-12T07:00:00+00:00,2023-10-12T12:00:00+00:00,2023-10-11,1,2023,1,UP,0.683310045628902,UP,190
2023-10-13,WGC_2026_NY3,EUROPE,2023-10-13T07:00:00+00:00,2023-10-13T12:00:00+00:00,2023-10-12,1,2023,1,UP,0.5752952060310276,UP,190
2023-10-16,WGC_2026_NY3,EUROPE,2023-10-16T07:00:00+00:00,2023-10-16T12:00:00+00:00,2023-10-13,3,2023,1,UP,0.6776527880222616,UP,195
2023-10-17,WGC_2026_NY3,EUROPE,2023-10-17T07:00:00+00:00,2023-10-17T12:00:00+00:00,2023-10-16,1,2023,1,UP,0.5984360698444161,UP,195
2023-10-18,WGC_2026_NY3,EUROPE,2023-10-18T07:00:00+00:00,2023-10-18T12:00:00+00:00,2023-10-17,1,2023,1,UP,0.6007948966249547,UP,195
2023-10-19,WGC_2026_NY3,EUROPE,2023-10-19T07:00:00+00:00,2023-10-19T12:00:00+00:00,2023-10-18,1,2023,1,UP,0.6333262275304697,UP,195
2023-10-20,WGC_2026_NY3,EUROPE,2023-10-20T07:00:00+00:00,2023-10-20T12:00:00+00:00,2023-10-19,1,2023,0,DOWN,0.5278018093079884,UP,195
2023-10-23,WGC_2026_NY3,EUROPE,2023-10-23T07:00:00+00:00,2023-10-23T12:00:00+00:00,2023-10-20,3,2023,1,UP,0.42859050732149867,DOWN,200
2023-10-24,WGC_2026_NY3,EUROPE,2023-10-24T07:00:00+00:00,2023-10-24T12:00:00+00:00,2023-10-23,1,2023,0,DOWN,0.5535085736444364,UP,200
2023-10-25,WGC_2026_NY3,EUROPE,2023-10-25T07:00:00+00:00,2023-10-25T12:00:00+00:00,2023-10-24,1,2023,1,UP,0.4413074138256282,DOWN,200
2023-10-26,WGC_2026_NY3,EUROPE,2023-10-26T07:00:00+00:00,2023-10-26T12:00:00+00:00,2023-10-25,1,2023,0,DOWN,0.40346440420517427,DOWN,200
2023-10-27,WGC_2026_NY3,EUROPE,2023-10-27T07:00:00+00:00,2023-10-27T12:00:00+00:00,2023-10-26,1,2023,0,DOWN,0.2853422688803668,DOWN,200
2023-10-30,WGC_2026_NY3,EUROPE,2023-10-30T07:00:00+00:00,2023-10-30T12:00:00+00:00,2023-10-27,3,2023,1,UP,0.2887852036108184,DOWN,205
2023-10-31,WGC_2026_NY3,EUROPE,2023-10-31T07:00:00+00:00,2023-10-31T12:00:00+00:00,2023-10-30,1,2023,1,UP,0.39596313554223356,DOWN,205
2023-11-01,WGC_2026_NY3,EUROPE,2023-11-01T07:00:00+00:00,2023-11-01T12:00:00+00:00,2023-10-31,1,2023,1,UP,0.3286466085371158,DOWN,205
2023-11-02,WGC_2026_NY3,EUROPE,2023-11-02T07:00:00+00:00,2023-11-02T12:00:00+00:00,2023-11-01,1,2023,1,UP,0.26399923260404135,DOWN,205
2023-11-03,WGC_2026_NY3,EUROPE,2023-11-03T07:00:00+00:00,2023-11-03T12:00:00+00:00,2023-11-02,1,2023,0,DOWN,0.3581276545537335,DOWN,205
2023-11-06,WGC_2026_NY3,EUROPE,2023-11-06T08:00:00+00:00,2023-11-06T13:00:00+00:00,2023-11-03,3,2023,1,UP,0.2786195558326109,DOWN,210
2023-11-07,WGC_2026_NY3,EUROPE,2023-11-07T08:00:00+00:00,2023-11-07T13:00:00+00:00,2023-11-06,1,2023,0,DOWN,0.5268202821745408,UP,210
2023-11-08,WGC_2026_NY3,EUROPE,2023-11-08T08:00:00+00:00,2023-11-08T13:00:00+00:00,2023-11-07,1,2023,0,DOWN,0.35504332728506016,DOWN,210
2023-11-09,WGC_2026_NY3,EUROPE,2023-11-09T08:00:00+00:00,2023-11-09T13:00:00+00:00,2023-11-08,1,2023,0,DOWN,0.46392811263635153,DOWN,210
2023-11-10,WGC_2026_NY3,EUROPE,2023-11-10T08:00:00+00:00,2023-11-10T13:00:00+00:00,2023-11-09,1,2023,0,DOWN,0.5377494668031895,UP,210
2023-11-13,WGC_2026_NY3,EUROPE,2023-11-13T08:00:00+00:00,2023-11-13T13:00:00+00:00,2023-11-10,3,2023,0,DOWN,0.4344643386057157,DOWN,215
2023-11-14,WGC_2026_NY3,EUROPE,2023-11-14T08:00:00+00:00,2023-11-14T13:00:00+00:00,2023-11-13,1,2023,0,DOWN,0.36310286970173644,DOWN,215
2023-11-15,WGC_2026_NY3,EUROPE,2023-11-15T08:00:00+00:00,2023-11-15T13:00:00+00:00,2023-11-14,1,2023,1,UP,0.5188117059920279,UP,215
2023-11-16,WGC_2026_NY3,EUROPE,2023-11-16T08:00:00+00:00,2023-11-16T13:00:00+00:00,2023-11-15,1,2023,0,DOWN,0.6845442549057194,UP,215
2023-11-17,WGC_2026_NY3,EUROPE,2023-11-17T08:00:00+00:00,2023-11-17T13:00:00+00:00,2023-11-16,1,2023,1,UP,0.7766340701895875,UP,215
2023-11-20,WGC_2026_NY3,EUROPE,2023-11-20T08:00:00+00:00,2023-11-20T13:00:00+00:00,2023-11-17,3,2023,0,DOWN,0.6645102222165926,UP,220
2023-11-21,WGC_2026_NY3,EUROPE,2023-11-21T08:00:00+00:00,2023-11-21T13:00:00+00:00,2023-11-20,1,2023,0,DOWN,0.735957083842626,UP,220
2023-11-22,WGC_2026_NY3,EUROPE,2023-11-22T08:00:00+00:00,2023-11-22T13:00:00+00:00,2023-11-21,1,2023,0,DOWN,0.6713619829606926,UP,220
2023-11-23,WGC_2026_NY3,EUROPE,2023-11-23T08:00:00+00:00,2023-11-23T13:00:00+00:00,2023-11-22,1,2023,0,DOWN,0.5520225111685371,UP,220
2023-11-24,WGC_2026_NY3,EUROPE,2023-11-24T08:00:00+00:00,2023-11-24T13:00:00+00:00,2023-11-23,1,2023,1,UP,0.5291730302344612,UP,220
2023-11-27,WGC_2026_NY3,EUROPE,2023-11-27T08:00:00+00:00,2023-11-27T13:00:00+00:00,2023-11-24,3,2023,1,UP,0.5184228398000976,UP,225
2023-11-28,WGC_2026_NY3,EUROPE,2023-11-28T08:00:00+00:00,2023-11-28T13:00:00+00:00,2023-11-27,1,2023,1,UP,0.7243212587982089,UP,225
2023-11-29,WGC_2026_NY3,EUROPE,2023-11-29T08:00:00+00:00,2023-11-29T13:00:00+00:00,2023-11-28,1,2023,0,DOWN,0.6266206474389353,UP,225
2023-11-30,WGC_2026_NY3,EUROPE,2023-11-30T08:00:00+00:00,2023-11-30T13:00:00+00:00,2023-11-29,1,2023,0,DOWN,0.5777312158777448,UP,225
2023-12-01,WGC_2026_NY3,EUROPE,2023-12-01T08:00:00+00:00,2023-12-01T13:00:00+00:00,2023-11-30,1,2023,0,DOWN,0.6469961753071988,UP,225
2023-12-04,WGC_2026_NY3,EUROPE,2023-12-04T08:00:00+00:00,2023-12-04T13:00:00+00:00,2023-12-01,3,2023,1,UP,0.5959120323074505,UP,230
2023-12-05,WGC_2026_NY3,EUROPE,2023-12-05T08:00:00+00:00,2023-12-05T13:00:00+00:00,2023-12-04,1,2023,0,DOWN,0.35873918736947874,DOWN,230
2023-12-06,WGC_2026_NY3,EUROPE,2023-12-06T08:00:00+00:00,2023-12-06T13:00:00+00:00,2023-12-05,1,2023,0,DOWN,0.5532190805904413,UP,230
2023-12-07,WGC_2026_NY3,EUROPE,2023-12-07T08:00:00+00:00,2023-12-07T13:00:00+00:00,2023-12-06,1,2023,1,UP,0.3444914584199846,DOWN,230
2023-12-08,WGC_2026_NY3,EUROPE,2023-12-08T08:00:00+00:00,2023-12-08T13:00:00+00:00,2023-12-07,1,2023,0,DOWN,0.22450930616781054,DOWN,230
2023-12-11,WGC_2026_NY3,EUROPE,2023-12-11T08:00:00+00:00,2023-12-11T13:00:00+00:00,2023-12-08,3,2023,1,UP,0.30710545193767813,DOWN,235
2023-12-12,WGC_2026_NY3,EUROPE,2023-12-12T08:00:00+00:00,2023-12-12T13:00:00+00:00,2023-12-11,1,2023,1,UP,0.31332244595806585,DOWN,235
2023-12-13,WGC_2026_NY3,EUROPE,2023-12-13T08:00:00+00:00,2023-12-13T13:00:00+00:00,2023-12-12,1,2023,1,UP,0.3423999539928573,DOWN,235
2023-12-14,WGC_2026_NY3,EUROPE,2023-12-14T08:00:00+00:00,2023-12-14T13:00:00+00:00,2023-12-13,1,2023,1,UP,0.3185265250668222,DOWN,235
2023-12-15,WGC_2026_NY3,EUROPE,2023-12-15T08:00:00+00:00,2023-12-15T13:00:00+00:00,2023-12-14,1,2023,1,UP,0.493932601028013,DOWN,235
2023-12-18,WGC_2026_NY3,EUROPE,2023-12-18T08:00:00+00:00,2023-12-18T13:00:00+00:00,2023-12-15,3,2023,1,UP,0.5961931749394748,UP,240
2023-12-19,WGC_2026_NY3,EUROPE,2023-12-19T08:00:00+00:00,2023-12-19T13:00:00+00:00,2023-12-18,1,2023,1,UP,0.706188548426392,UP,240
2023-12-20,WGC_2026_NY3,EUROPE,2023-12-20T08:00:00+00:00,2023-12-20T13:00:00+00:00,2023-12-19,1,2023,0,DOWN,0.510788077507697,UP,240
2023-12-21,WGC_2026_NY3,EUROPE,2023-12-21T08:00:00+00:00,2023-12-21T13:00:00+00:00,2023-12-20,1,2023,1,UP,0.5115843232585812,UP,240
2023-12-22,WGC_2026_NY3,EUROPE,2023-12-22T08:00:00+00:00,2023-12-22T13:00:00+00:00,2023-12-21,1,2023,1,UP,0.6406145109822788,UP,240
2023-12-27,WGC_2026_NY3,EUROPE,2023-12-27T08:00:00+00:00,2023-12-27T13:00:00+00:00,2023-12-22,5,2023,1,UP,0.4945882218972666,DOWN,245
2023-12-28,WGC_2026_NY3,EUROPE,2023-12-28T08:00:00+00:00,2023-12-28T13:00:00+00:00,2023-12-27,1,2023,0,DOWN,0.4160357995000943,DOWN,245
2023-12-29,WGC_2026_NY3,EUROPE,2023-12-29T08:00:00+00:00,2023-12-29T13:00:00+00:00,2023-12-28,1,2023,0,DOWN,0.5704324550926411,UP,245
2024-01-02,WGC_2026_NY3,EUROPE,2024-01-02T08:00:00+00:00,2024-01-02T13:00:00+00:00,2023-12-29,4,2024,0,DOWN,0.5599517804454821,UP,245
2024-01-03,WGC_2026_NY3,EUROPE,2024-01-03T08:00:00+00:00,2024-01-03T13:00:00+00:00,2024-01-02,1,2024,0,DOWN,0.5110754025050788,UP,245
2024-01-04,WGC_2026_NY3,EUROPE,2024-01-04T08:00:00+00:00,2024-01-04T13:00:00+00:00,2024-01-03,1,2024,0,DOWN,0.3936432320052928,DOWN,250
2024-01-05,WGC_2026_NY3,EUROPE,2024-01-05T08:00:00+00:00,2024-01-05T13:00:00+00:00,2024-01-04,1,2024,0,DOWN,0.40833718816262765,DOWN,250
2024-01-08,WGC_2026_NY3,EUROPE,2024-01-08T08:00:00+00:00,2024-01-08T13:00:00+00:00,2024-01-05,3,2024,0,DOWN,0.5083279947097117,UP,250
2024-01-09,WGC_2026_NY3,EUROPE,2024-01-09T08:00:00+00:00,2024-01-09T13:00:00+00:00,2024-01-08,1,2024,1,UP,0.4712817460563791,DOWN,250
2024-01-10,WGC_2026_NY3,EUROPE,2024-01-10T08:00:00+00:00,2024-01-10T13:00:00+00:00,2024-01-09,1,2024,1,UP,0.46702307820697014,DOWN,250
2024-01-11,WGC_2026_NY3,EUROPE,2024-01-11T08:00:00+00:00,2024-01-11T13:00:00+00:00,2024-01-10,1,2024,0,DOWN,0.4842868417842571,DOWN,255
2024-01-12,WGC_2026_NY3,EUROPE,2024-01-12T08:00:00+00:00,2024-01-12T13:00:00+00:00,2024-01-11,1,2024,1,UP,0.6051600790309578,UP,255
2024-01-15,WGC_2026_NY3,EUROPE,2024-01-15T08:00:00+00:00,2024-01-15T13:00:00+00:00,2024-01-12,3,2024,0,DOWN,0.4754371860026658,DOWN,255
2024-01-16,WGC_2026_NY3,EUROPE,2024-01-16T08:00:00+00:00,2024-01-16T13:00:00+00:00,2024-01-15,1,2024,0,DOWN,0.45835643658294056,DOWN,255
2024-01-17,WGC_2026_NY3,EUROPE,2024-01-17T08:00:00+00:00,2024-01-17T13:00:00+00:00,2024-01-16,1,2024,1,UP,0.5427075418306689,UP,255
2024-01-18,WGC_2026_NY3,EUROPE,2024-01-18T08:00:00+00:00,2024-01-18T13:00:00+00:00,2024-01-17,1,2024,1,UP,0.5391443601303492,UP,260
2024-01-19,WGC_2026_NY3,EUROPE,2024-01-19T08:00:00+00:00,2024-01-19T13:00:00+00:00,2024-01-18,1,2024,1,UP,0.5691867925374393,UP,260
2024-01-22,WGC_2026_NY3,EUROPE,2024-01-22T08:00:00+00:00,2024-01-22T13:00:00+00:00,2024-01-19,3,2024,1,UP,0.4863845995652955,DOWN,260
2024-01-23,WGC_2026_NY3,EUROPE,2024-01-23T08:00:00+00:00,2024-01-23T13:00:00+00:00,2024-01-22,1,2024,0,DOWN,0.37801877700193187,DOWN,260
2024-01-24,WGC_2026_NY3,EUROPE,2024-01-24T08:00:00+00:00,2024-01-24T13:00:00+00:00,2024-01-23,1,2024,1,UP,0.5756185762805668,UP,260
2024-01-25,WGC_2026_NY3,EUROPE,2024-01-25T08:00:00+00:00,2024-01-25T13:00:00+00:00,2024-01-24,1,2024,0,DOWN,0.7179004288107066,UP,265
2024-01-26,WGC_2026_NY3,EUROPE,2024-01-26T08:00:00+00:00,2024-01-26T13:00:00+00:00,2024-01-25,1,2024,0,DOWN,0.7265220102855084,UP,265
2024-01-29,WGC_2026_NY3,EUROPE,2024-01-29T08:00:00+00:00,2024-01-29T13:00:00+00:00,2024-01-26,3,2024,0,DOWN,0.6251862225690269,UP,265
2024-01-30,WGC_2026_NY3,EUROPE,2024-01-30T08:00:00+00:00,2024-01-30T13:00:00+00:00,2024-01-29,1,2024,0,DOWN,0.7058446372078518,UP,265
2024-01-31,WGC_2026_NY3,EUROPE,2024-01-31T08:00:00+00:00,2024-01-31T13:00:00+00:00,2024-01-30,1,2024,1,UP,0.687725979344051,UP,265
2024-02-01,WGC_2026_NY3,EUROPE,2024-02-01T08:00:00+00:00,2024-02-01T13:00:00+00:00,2024-01-31,1,2024,0,DOWN,0.625790034525063,UP,270
2024-02-02,WGC_2026_NY3,EUROPE,2024-02-02T08:00:00+00:00,2024-02-02T13:00:00+00:00,2024-02-01,1,2024,1,UP,0.43157596719578317,DOWN,270
2024-02-05,WGC_2026_NY3,EUROPE,2024-02-05T08:00:00+00:00,2024-02-05T13:00:00+00:00,2024-02-02,3,2024,0,DOWN,0.5937487446504628,UP,270
2024-02-06,WGC_2026_NY3,EUROPE,2024-02-06T08:00:00+00:00,2024-02-06T13:00:00+00:00,2024-02-05,1,2024,1,UP,0.4874240193476331,DOWN,270
2024-02-07,WGC_2026_NY3,EUROPE,2024-02-07T08:00:00+00:00,2024-02-07T13:00:00+00:00,2024-02-06,1,2024,0,DOWN,0.44857105821687254,DOWN,270
2024-02-08,WGC_2026_NY3,EUROPE,2024-02-08T08:00:00+00:00,2024-02-08T13:00:00+00:00,2024-02-07,1,2024,0,DOWN,0.3912315006810108,DOWN,275
2024-02-09,WGC_2026_NY3,EUROPE,2024-02-09T08:00:00+00:00,2024-02-09T13:00:00+00:00,2024-02-08,1,2024,0,DOWN,0.5053572031434016,UP,275
2024-02-12,WGC_2026_NY3,EUROPE,2024-02-12T08:00:00+00:00,2024-02-12T13:00:00+00:00,2024-02-09,3,2024,0,DOWN,0.6369984130592925,UP,275
2024-02-13,WGC_2026_NY3,EUROPE,2024-02-13T08:00:00+00:00,2024-02-13T13:00:00+00:00,2024-02-12,1,2024,1,UP,0.6756371225251148,UP,275
2024-02-14,WGC_2026_NY3,EUROPE,2024-02-14T08:00:00+00:00,2024-02-14T13:00:00+00:00,2024-02-13,1,2024,1,UP,0.5878998635701428,UP,275
2024-02-15,WGC_2026_NY3,EUROPE,2024-02-15T08:00:00+00:00,2024-02-15T13:00:00+00:00,2024-02-14,1,2024,1,UP,0.6073385143536862,UP,280
2024-02-16,WGC_2026_NY3,EUROPE,2024-02-16T08:00:00+00:00,2024-02-16T13:00:00+00:00,2024-02-15,1,2024,1,UP,0.7140592979253909,UP,280
2024-02-19,WGC_2026_NY3,EUROPE,2024-02-19T08:00:00+00:00,2024-02-19T13:00:00+00:00,2024-02-16,3,2024,0,DOWN,0.5930739642178077,UP,280
2024-02-20,WGC_2026_NY3,EUROPE,2024-02-20T08:00:00+00:00,2024-02-20T13:00:00+00:00,2024-02-19,1,2024,1,UP,0.5795942350126873,UP,280
2024-02-21,WGC_2026_NY3,EUROPE,2024-02-21T08:00:00+00:00,2024-02-21T13:00:00+00:00,2024-02-20,1,2024,1,UP,0.5529461985379791,UP,280
2024-02-22,WGC_2026_NY3,EUROPE,2024-02-22T08:00:00+00:00,2024-02-22T13:00:00+00:00,2024-02-21,1,2024,0,DOWN,0.609547349540666,UP,285
2024-02-23,WGC_2026_NY3,EUROPE,2024-02-23T08:00:00+00:00,2024-02-23T13:00:00+00:00,2024-02-22,1,2024,1,UP,0.5164838396757123,UP,285
2024-02-26,WGC_2026_NY3,EUROPE,2024-02-26T08:00:00+00:00,2024-02-26T13:00:00+00:00,2024-02-23,3,2024,0,DOWN,0.4903064259752853,DOWN,285
2024-02-27,WGC_2026_NY3,EUROPE,2024-02-27T08:00:00+00:00,2024-02-27T13:00:00+00:00,2024-02-26,1,2024,1,UP,0.33589039348360045,DOWN,285
2024-02-28,WGC_2026_NY3,EUROPE,2024-02-28T08:00:00+00:00,2024-02-28T13:00:00+00:00,2024-02-27,1,2024,1,UP,0.5026336265388477,UP,285
2024-02-29,WGC_2026_NY3,EUROPE,2024-02-29T08:00:00+00:00,2024-02-29T13:00:00+00:00,2024-02-28,1,2024,0,DOWN,0.4993307813889395,DOWN,290
2024-03-01,WGC_2026_NY3,EUROPE,2024-03-01T08:00:00+00:00,2024-03-01T13:00:00+00:00,2024-02-29,1,2024,1,UP,0.4398583865373965,DOWN,290
2024-03-04,WGC_2026_NY3,EUROPE,2024-03-04T08:00:00+00:00,2024-03-04T13:00:00+00:00,2024-03-01,3,2024,0,DOWN,0.4380710892248027,DOWN,290
2024-03-05,WGC_2026_NY3,EUROPE,2024-03-05T08:00:00+00:00,2024-03-05T13:00:00+00:00,2024-03-04,1,2024,1,UP,0.5251673101291244,UP,290
2024-03-06,WGC_2026_NY3,EUROPE,2024-03-06T08:00:00+00:00,2024-03-06T13:00:00+00:00,2024-03-05,1,2024,1,UP,0.4839651425551413,DOWN,290
2024-03-07,WGC_2026_NY3,EUROPE,2024-03-07T08:00:00+00:00,2024-03-07T13:00:00+00:00,2024-03-06,1,2024,1,UP,0.5554343403133103,UP,295
2024-03-08,WGC_2026_NY3,EUROPE,2024-03-08T08:00:00+00:00,2024-03-08T13:00:00+00:00,2024-03-07,1,2024,1,UP,0.5233134097169502,UP,295
2024-03-11,WGC_2026_NY3,EUROPE,2024-03-11T07:00:00+00:00,2024-03-11T12:00:00+00:00,2024-03-08,3,2024,0,DOWN,0.4706387551698721,DOWN,295
2024-03-12,WGC_2026_NY3,EUROPE,2024-03-12T07:00:00+00:00,2024-03-12T12:00:00+00:00,2024-03-11,1,2024,0,DOWN,0.4075900917990164,DOWN,295
2024-03-13,WGC_2026_NY3,EUROPE,2024-03-13T07:00:00+00:00,2024-03-13T12:00:00+00:00,2024-03-12,1,2024,1,UP,0.4086790767929398,DOWN,295
2024-03-14,WGC_2026_NY3,EUROPE,2024-03-14T07:00:00+00:00,2024-03-14T12:00:00+00:00,2024-03-13,1,2024,0,DOWN,0.4489533552734411,DOWN,300
2024-03-15,WGC_2026_NY3,EUROPE,2024-03-15T07:00:00+00:00,2024-03-15T12:00:00+00:00,2024-03-14,1,2024,0,DOWN,0.4265521254955767,DOWN,300
2024-03-18,WGC_2026_NY3,EUROPE,2024-03-18T07:00:00+00:00,2024-03-18T12:00:00+00:00,2024-03-15,3,2024,1,UP,0.4478482908916458,DOWN,300
2024-03-19,WGC_2026_NY3,EUROPE,2024-03-19T07:00:00+00:00,2024-03-19T12:00:00+00:00,2024-03-18,1,2024,0,DOWN,0.5256346685812743,UP,300
2024-03-20,WGC_2026_NY3,EUROPE,2024-03-20T07:00:00+00:00,2024-03-20T12:00:00+00:00,2024-03-19,1,2024,0,DOWN,0.3984699699092058,DOWN,300
2024-03-21,WGC_2026_NY3,EUROPE,2024-03-21T07:00:00+00:00,2024-03-21T12:00:00+00:00,2024-03-20,1,2024,1,UP,0.4170908633787498,DOWN,305
2024-03-22,WGC_2026_NY3,EUROPE,2024-03-22T07:00:00+00:00,2024-03-22T12:00:00+00:00,2024-03-21,1,2024,0,DOWN,0.33417109561098113,DOWN,305
2024-03-25,WGC_2026_NY3,EUROPE,2024-03-25T07:00:00+00:00,2024-03-25T12:00:00+00:00,2024-03-22,3,2024,1,UP,0.5786522683449353,UP,305
2024-03-26,WGC_2026_NY3,EUROPE,2024-03-26T07:00:00+00:00,2024-03-26T12:00:00+00:00,2024-03-25,1,2024,1,UP,0.4255030725169188,DOWN,305
2024-03-27,WGC_2026_NY3,EUROPE,2024-03-27T07:00:00+00:00,2024-03-27T12:00:00+00:00,2024-03-26,1,2024,1,UP,0.24974073123275528,DOWN,305
2024-03-28,WGC_2026_NY3,EUROPE,2024-03-28T07:00:00+00:00,2024-03-28T12:00:00+00:00,2024-03-27,1,2024,1,UP,0.4078131857141367,DOWN,310
2024-04-02,WGC_2026_NY3,EUROPE,2024-04-02T07:00:00+00:00,2024-04-02T12:00:00+00:00,2024-03-28,5,2024,1,UP,0.39865820376055777,DOWN,310
2024-04-03,WGC_2026_NY3,EUROPE,2024-04-03T07:00:00+00:00,2024-04-03T12:00:00+00:00,2024-04-02,1,2024,0,DOWN,0.4396322191417318,DOWN,310
2024-04-04,WGC_2026_NY3,EUROPE,2024-04-04T07:00:00+00:00,2024-04-04T12:00:00+00:00,2024-04-03,1,2024,0,DOWN,0.6516940905568741,UP,310
2024-04-05,WGC_2026_NY3,EUROPE,2024-04-05T07:00:00+00:00,2024-04-05T12:00:00+00:00,2024-04-04,1,2024,1,UP,0.6445883623426201,UP,310
2024-04-08,WGC_2026_NY3,EUROPE,2024-04-08T07:00:00+00:00,2024-04-08T12:00:00+00:00,2024-04-05,3,2024,1,UP,0.4367187147339975,DOWN,315
2024-04-09,WGC_2026_NY3,EUROPE,2024-04-09T07:00:00+00:00,2024-04-09T12:00:00+00:00,2024-04-08,1,2024,1,UP,0.5204977409518614,UP,315
2024-04-10,WGC_2026_NY3,EUROPE,2024-04-10T07:00:00+00:00,2024-04-10T12:00:00+00:00,2024-04-09,1,2024,0,DOWN,0.5497548295453765,UP,315
2024-04-11,WGC_2026_NY3,EUROPE,2024-04-11T07:00:00+00:00,2024-04-11T12:00:00+00:00,2024-04-10,1,2024,1,UP,0.6276634660390513,UP,315
2024-04-12,WGC_2026_NY3,EUROPE,2024-04-12T07:00:00+00:00,2024-04-12T12:00:00+00:00,2024-04-11,1,2024,1,UP,0.44059007447980886,DOWN,315
2024-04-15,WGC_2026_NY3,EUROPE,2024-04-15T07:00:00+00:00,2024-04-15T12:00:00+00:00,2024-04-12,3,2024,1,UP,0.34931723860665825,DOWN,320
2024-04-16,WGC_2026_NY3,EUROPE,2024-04-16T07:00:00+00:00,2024-04-16T12:00:00+00:00,2024-04-15,1,2024,1,UP,0.5791447482859812,UP,320
2024-04-17,WGC_2026_NY3,EUROPE,2024-04-17T07:00:00+00:00,2024-04-17T12:00:00+00:00,2024-04-16,1,2024,1,UP,0.4045534913457624,DOWN,320
2024-04-18,WGC_2026_NY3,EUROPE,2024-04-18T07:00:00+00:00,2024-04-18T12:00:00+00:00,2024-04-17,1,2024,1,UP,0.310825998160379,DOWN,320
2024-04-19,WGC_2026_NY3,EUROPE,2024-04-19T07:00:00+00:00,2024-04-19T12:00:00+00:00,2024-04-18,1,2024,0,DOWN,0.5595407361296205,UP,320
2024-04-22,WGC_2026_NY3,EUROPE,2024-04-22T07:00:00+00:00,2024-04-22T12:00:00+00:00,2024-04-19,3,2024,0,DOWN,0.4512836658655173,DOWN,325
2024-04-23,WGC_2026_NY3,EUROPE,2024-04-23T07:00:00+00:00,2024-04-23T12:00:00+00:00,2024-04-22,1,2024,1,UP,0.4147472227671235,DOWN,325
2024-04-24,WGC_2026_NY3,EUROPE,2024-04-24T07:00:00+00:00,2024-04-24T12:00:00+00:00,2024-04-23,1,2024,0,DOWN,0.6248850176991915,UP,325
2024-04-25,WGC_2026_NY3,EUROPE,2024-04-25T07:00:00+00:00,2024-04-25T12:00:00+00:00,2024-04-24,1,2024,1,UP,0.4531155812570305,DOWN,325
2024-04-26,WGC_2026_NY3,EUROPE,2024-04-26T07:00:00+00:00,2024-04-26T12:00:00+00:00,2024-04-25,1,2024,1,UP,0.4604616629522388,DOWN,325
2024-04-29,WGC_2026_NY3,EUROPE,2024-04-29T07:00:00+00:00,2024-04-29T12:00:00+00:00,2024-04-26,3,2024,1,UP,0.6482555691344963,UP,330
2024-04-30,WGC_2026_NY3,EUROPE,2024-04-30T07:00:00+00:00,2024-04-30T12:00:00+00:00,2024-04-29,1,2024,0,DOWN,0.6702577554554356,UP,330
2024-05-01,WGC_2026_NY3,EUROPE,2024-05-01T07:00:00+00:00,2024-05-01T12:00:00+00:00,2024-04-30,1,2024,1,UP,0.6193114362010766,UP,330
2024-05-02,WGC_2026_NY3,EUROPE,2024-05-02T07:00:00+00:00,2024-05-02T12:00:00+00:00,2024-05-01,1,2024,0,DOWN,0.6483329598608776,UP,330
2024-05-03,WGC_2026_NY3,EUROPE,2024-05-03T07:00:00+00:00,2024-05-03T12:00:00+00:00,2024-05-02,1,2024,0,DOWN,0.5361069975625419,UP,330
2024-05-07,WGC_2026_NY3,EUROPE,2024-05-07T07:00:00+00:00,2024-05-07T12:00:00+00:00,2024-05-03,4,2024,0,DOWN,0.630961584486113,UP,335
2024-05-08,WGC_2026_NY3,EUROPE,2024-05-08T07:00:00+00:00,2024-05-08T12:00:00+00:00,2024-05-07,1,2024,1,UP,0.6501162370667732,UP,335
2024-05-09,WGC_2026_NY3,EUROPE,2024-05-09T07:00:00+00:00,2024-05-09T12:00:00+00:00,2024-05-08,1,2024,1,UP,0.6901549539824507,UP,335
2024-05-10,WGC_2026_NY3,EUROPE,2024-05-10T07:00:00+00:00,2024-05-10T12:00:00+00:00,2024-05-09,1,2024,1,UP,0.7387663454738993,UP,335
2024-05-13,WGC_2026_NY3,EUROPE,2024-05-13T07:00:00+00:00,2024-05-13T12:00:00+00:00,2024-05-10,3,2024,0,DOWN,0.6650483645443224,UP,335
2024-05-14,WGC_2026_NY3,EUROPE,2024-05-14T07:00:00+00:00,2024-05-14T12:00:00+00:00,2024-05-13,1,2024,1,UP,0.7474046579255889,UP,340
2024-05-15,WGC_2026_NY3,EUROPE,2024-05-15T07:00:00+00:00,2024-05-15T12:00:00+00:00,2024-05-14,1,2024,1,UP,0.7054537219917565,UP,340
2024-05-16,WGC_2026_NY3,EUROPE,2024-05-16T07:00:00+00:00,2024-05-16T12:00:00+00:00,2024-05-15,1,2024,0,DOWN,0.5737468309159488,UP,340
2024-05-17,WGC_2026_NY3,EUROPE,2024-05-17T07:00:00+00:00,2024-05-17T12:00:00+00:00,2024-05-16,1,2024,1,UP,0.6876252605311457,UP,340
2024-05-20,WGC_2026_NY3,EUROPE,2024-05-20T07:00:00+00:00,2024-05-20T12:00:00+00:00,2024-05-17,3,2024,0,DOWN,0.6258997546432841,UP,340
2024-05-21,WGC_2026_NY3,EUROPE,2024-05-21T07:00:00+00:00,2024-05-21T12:00:00+00:00,2024-05-20,1,2024,1,UP,0.6748982017723076,UP,345
2024-05-22,WGC_2026_NY3,EUROPE,2024-05-22T07:00:00+00:00,2024-05-22T12:00:00+00:00,2024-05-21,1,2024,0,DOWN,0.6856068464307781,UP,345
2024-05-23,WGC_2026_NY3,EUROPE,2024-05-23T07:00:00+00:00,2024-05-23T12:00:00+00:00,2024-05-22,1,2024,1,UP,0.7082866225262751,UP,345
2024-05-24,WGC_2026_NY3,EUROPE,2024-05-24T07:00:00+00:00,2024-05-24T12:00:00+00:00,2024-05-23,1,2024,0,DOWN,0.47234533616435487,DOWN,345
2024-05-28,WGC_2026_NY3,EUROPE,2024-05-28T07:00:00+00:00,2024-05-28T12:00:00+00:00,2024-05-24,4,2024,1,UP,0.5884458636874835,UP,345
2024-05-29,WGC_2026_NY3,EUROPE,2024-05-29T07:00:00+00:00,2024-05-29T12:00:00+00:00,2024-05-28,1,2024,0,DOWN,0.632406734102233,UP,350
2024-05-30,WGC_2026_NY3,EUROPE,2024-05-30T07:00:00+00:00,2024-05-30T12:00:00+00:00,2024-05-29,1,2024,1,UP,0.6701458798663751,UP,350
2024-05-31,WGC_2026_NY3,EUROPE,2024-05-31T07:00:00+00:00,2024-05-31T12:00:00+00:00,2024-05-30,1,2024,0,DOWN,0.543982784670962,UP,350
2024-06-03,WGC_2026_NY3,EUROPE,2024-06-03T07:00:00+00:00,2024-06-03T12:00:00+00:00,2024-05-31,3,2024,1,UP,0.5637845932640912,UP,350
2024-06-04,WGC_2026_NY3,EUROPE,2024-06-04T07:00:00+00:00,2024-06-04T12:00:00+00:00,2024-06-03,1,2024,0,DOWN,0.5396872193743439,UP,350
2024-06-05,WGC_2026_NY3,EUROPE,2024-06-05T07:00:00+00:00,2024-06-05T12:00:00+00:00,2024-06-04,1,2024,0,DOWN,0.3707649253846403,DOWN,355
2024-06-06,WGC_2026_NY3,EUROPE,2024-06-06T07:00:00+00:00,2024-06-06T12:00:00+00:00,2024-06-05,1,2024,0,DOWN,0.4509634186152615,DOWN,355
2024-06-07,WGC_2026_NY3,EUROPE,2024-06-07T07:00:00+00:00,2024-06-07T12:00:00+00:00,2024-06-06,1,2024,0,DOWN,0.5207667638499935,UP,355
2024-06-10,WGC_2026_NY3,EUROPE,2024-06-10T07:00:00+00:00,2024-06-10T12:00:00+00:00,2024-06-07,3,2024,1,UP,0.6456256606080261,UP,355
2024-06-11,WGC_2026_NY3,EUROPE,2024-06-11T07:00:00+00:00,2024-06-11T12:00:00+00:00,2024-06-10,1,2024,1,UP,0.5885940870892278,UP,355
2024-06-12,WGC_2026_NY3,EUROPE,2024-06-12T07:00:00+00:00,2024-06-12T12:00:00+00:00,2024-06-11,1,2024,0,DOWN,0.41561345222720153,DOWN,360
2024-06-13,WGC_2026_NY3,EUROPE,2024-06-13T07:00:00+00:00,2024-06-13T12:00:00+00:00,2024-06-12,1,2024,0,DOWN,0.5303930736605894,UP,360
2024-06-14,WGC_2026_NY3,EUROPE,2024-06-14T07:00:00+00:00,2024-06-14T12:00:00+00:00,2024-06-13,1,2024,1,UP,0.6055405294563972,UP,360
2024-06-17,WGC_2026_NY3,EUROPE,2024-06-17T07:00:00+00:00,2024-06-17T12:00:00+00:00,2024-06-14,3,2024,1,UP,0.6531075494426908,UP,360
2024-06-18,WGC_2026_NY3,EUROPE,2024-06-18T07:00:00+00:00,2024-06-18T12:00:00+00:00,2024-06-17,1,2024,0,DOWN,0.6207216799458343,UP,360
2024-06-19,WGC_2026_NY3,EUROPE,2024-06-19T07:00:00+00:00,2024-06-19T12:00:00+00:00,2024-06-18,1,2024,1,UP,0.6806737117869518,UP,365
2024-06-20,WGC_2026_NY3,EUROPE,2024-06-20T07:00:00+00:00,2024-06-20T12:00:00+00:00,2024-06-19,1,2024,0,DOWN,0.6456965802820398,UP,365
2024-06-21,WGC_2026_NY3,EUROPE,2024-06-21T07:00:00+00:00,2024-06-21T12:00:00+00:00,2024-06-20,1,2024,1,UP,0.7225330126162252,UP,365
2024-06-24,WGC_2026_NY3,EUROPE,2024-06-24T07:00:00+00:00,2024-06-24T12:00:00+00:00,2024-06-21,3,2024,1,UP,0.6105781617020748,UP,365
2024-06-25,WGC_2026_NY3,EUROPE,2024-06-25T07:00:00+00:00,2024-06-25T12:00:00+00:00,2024-06-24,1,2024,1,UP,0.688031990411138,UP,365
2024-06-26,WGC_2026_NY3,EUROPE,2024-06-26T07:00:00+00:00,2024-06-26T12:00:00+00:00,2024-06-25,1,2024,0,DOWN,0.5143210389391648,UP,370
2024-06-27,WGC_2026_NY3,EUROPE,2024-06-27T07:00:00+00:00,2024-06-27T12:00:00+00:00,2024-06-26,1,2024,1,UP,0.44636766959703933,DOWN,370
2024-06-28,WGC_2026_NY3,EUROPE,2024-06-28T07:00:00+00:00,2024-06-28T12:00:00+00:00,2024-06-27,1,2024,1,UP,0.5504828994912948,UP,370
2024-07-01,WGC_2026_NY3,EUROPE,2024-07-01T07:00:00+00:00,2024-07-01T12:00:00+00:00,2024-06-28,3,2024,1,UP,0.5074056557809461,UP,370
2024-07-02,WGC_2026_NY3,EUROPE,2024-07-02T07:00:00+00:00,2024-07-02T12:00:00+00:00,2024-07-01,1,2024,0,DOWN,0.5231465240690736,UP,370
2024-07-03,WGC_2026_NY3,EUROPE,2024-07-03T07:00:00+00:00,2024-07-03T12:00:00+00:00,2024-07-02,1,2024,1,UP,0.5819443417064369,UP,375
2024-07-04,WGC_2026_NY3,EUROPE,2024-07-04T07:00:00+00:00,2024-07-04T12:00:00+00:00,2024-07-03,1,2024,1,UP,0.6885532686558343,UP,375
2024-07-05,WGC_2026_NY3,EUROPE,2024-07-05T07:00:00+00:00,2024-07-05T12:00:00+00:00,2024-07-04,1,2024,1,UP,0.5837566649999076,UP,375
2024-07-08,WGC_2026_NY3,EUROPE,2024-07-08T07:00:00+00:00,2024-07-08T12:00:00+00:00,2024-07-05,3,2024,0,DOWN,0.6018475326224293,UP,375
2024-07-09,WGC_2026_NY3,EUROPE,2024-07-09T07:00:00+00:00,2024-07-09T12:00:00+00:00,2024-07-08,1,2024,0,DOWN,0.6344872430857789,UP,375
2024-07-10,WGC_2026_NY3,EUROPE,2024-07-10T07:00:00+00:00,2024-07-10T12:00:00+00:00,2024-07-09,1,2024,1,UP,0.5739582017419265,UP,380
2024-07-11,WGC_2026_NY3,EUROPE,2024-07-11T07:00:00+00:00,2024-07-11T12:00:00+00:00,2024-07-10,1,2024,0,DOWN,0.3891408523609672,DOWN,380
2024-07-12,WGC_2026_NY3,EUROPE,2024-07-12T07:00:00+00:00,2024-07-12T12:00:00+00:00,2024-07-11,1,2024,0,DOWN,0.4337076898916641,DOWN,380
2024-07-15,WGC_2026_NY3,EUROPE,2024-07-15T07:00:00+00:00,2024-07-15T12:00:00+00:00,2024-07-12,3,2024,1,UP,0.39857539673740294,DOWN,380
2024-07-16,WGC_2026_NY3,EUROPE,2024-07-16T07:00:00+00:00,2024-07-16T12:00:00+00:00,2024-07-15,1,2024,1,UP,0.45249468080362687,DOWN,380
2024-07-17,WGC_2026_NY3,EUROPE,2024-07-17T07:00:00+00:00,2024-07-17T12:00:00+00:00,2024-07-16,1,2024,1,UP,0.31210594769386746,DOWN,385
2024-07-18,WGC_2026_NY3,EUROPE,2024-07-18T07:00:00+00:00,2024-07-18T12:00:00+00:00,2024-07-17,1,2024,0,DOWN,0.4200042477627037,DOWN,385
2024-07-19,WGC_2026_NY3,EUROPE,2024-07-19T07:00:00+00:00,2024-07-19T12:00:00+00:00,2024-07-18,1,2024,0,DOWN,0.41712247293974125,DOWN,385
2024-07-22,WGC_2026_NY3,EUROPE,2024-07-22T07:00:00+00:00,2024-07-22T12:00:00+00:00,2024-07-19,3,2024,0,DOWN,0.3541827613992696,DOWN,385
2024-07-23,WGC_2026_NY3,EUROPE,2024-07-23T07:00:00+00:00,2024-07-23T12:00:00+00:00,2024-07-22,1,2024,1,UP,0.36790005937658554,DOWN,385
2024-07-24,WGC_2026_NY3,EUROPE,2024-07-24T07:00:00+00:00,2024-07-24T12:00:00+00:00,2024-07-23,1,2024,1,UP,0.34401851044101567,DOWN,390
2024-07-25,WGC_2026_NY3,EUROPE,2024-07-25T07:00:00+00:00,2024-07-25T12:00:00+00:00,2024-07-24,1,2024,0,DOWN,0.5542848215670887,UP,390
2024-07-26,WGC_2026_NY3,EUROPE,2024-07-26T07:00:00+00:00,2024-07-26T12:00:00+00:00,2024-07-25,1,2024,1,UP,0.483048253705977,DOWN,390
2024-07-29,WGC_2026_NY3,EUROPE,2024-07-29T07:00:00+00:00,2024-07-29T12:00:00+00:00,2024-07-26,3,2024,0,DOWN,0.43733535383725286,DOWN,390
2024-07-30,WGC_2026_NY3,EUROPE,2024-07-30T07:00:00+00:00,2024-07-30T12:00:00+00:00,2024-07-29,1,2024,0,DOWN,0.5163543231507308,UP,390
2024-07-31,WGC_2026_NY3,EUROPE,2024-07-31T07:00:00+00:00,2024-07-31T12:00:00+00:00,2024-07-30,1,2024,0,DOWN,0.574589826753116,UP,395
2024-08-01,WGC_2026_NY3,EUROPE,2024-08-01T07:00:00+00:00,2024-08-01T12:00:00+00:00,2024-07-31,1,2024,0,DOWN,0.550485271291409,UP,395
2024-08-02,WGC_2026_NY3,EUROPE,2024-08-02T07:00:00+00:00,2024-08-02T12:00:00+00:00,2024-08-01,1,2024,0,DOWN,0.5800287177130538,UP,395
2024-08-05,WGC_2026_NY3,EUROPE,2024-08-05T07:00:00+00:00,2024-08-05T12:00:00+00:00,2024-08-02,3,2024,0,DOWN,0.5589994694279885,UP,395
2024-08-06,WGC_2026_NY3,EUROPE,2024-08-06T07:00:00+00:00,2024-08-06T12:00:00+00:00,2024-08-05,1,2024,1,UP,0.34420433431037495,DOWN,395
2024-08-07,WGC_2026_NY3,EUROPE,2024-08-07T07:00:00+00:00,2024-08-07T12:00:00+00:00,2024-08-06,1,2024,1,UP,0.469649647231592,DOWN,400
2024-08-08,WGC_2026_NY3,EUROPE,2024-08-08T07:00:00+00:00,2024-08-08T12:00:00+00:00,2024-08-07,1,2024,1,UP,0.536237714654007,UP,400
2024-08-09,WGC_2026_NY3,EUROPE,2024-08-09T07:00:00+00:00,2024-08-09T12:00:00+00:00,2024-08-08,1,2024,1,UP,0.4438702443417064,DOWN,400
2024-08-12,WGC_2026_NY3,EUROPE,2024-08-12T07:00:00+00:00,2024-08-12T12:00:00+00:00,2024-08-09,3,2024,1,UP,0.5218393040767249,UP,400
2024-08-13,WGC_2026_NY3,EUROPE,2024-08-13T07:00:00+00:00,2024-08-13T12:00:00+00:00,2024-08-12,1,2024,1,UP,0.6636539152242151,UP,400
2024-08-14,WGC_2026_NY3,EUROPE,2024-08-14T07:00:00+00:00,2024-08-14T12:00:00+00:00,2024-08-13,1,2024,1,UP,0.5831296608176294,UP,405
2024-08-15,WGC_2026_NY3,EUROPE,2024-08-15T07:00:00+00:00,2024-08-15T12:00:00+00:00,2024-08-14,1,2024,1,UP,0.6246887172671456,UP,405
2024-08-16,WGC_2026_NY3,EUROPE,2024-08-16T07:00:00+00:00,2024-08-16T12:00:00+00:00,2024-08-15,1,2024,1,UP,0.7342887904007963,UP,405
2024-08-19,WGC_2026_NY3,EUROPE,2024-08-19T07:00:00+00:00,2024-08-19T12:00:00+00:00,2024-08-16,3,2024,0,DOWN,0.6186578178633408,UP,405
2024-08-20,WGC_2026_NY3,EUROPE,2024-08-20T07:00:00+00:00,2024-08-20T12:00:00+00:00,2024-08-19,1,2024,1,UP,0.4793078990524744,DOWN,405
2024-08-21,WGC_2026_NY3,EUROPE,2024-08-21T07:00:00+00:00,2024-08-21T12:00:00+00:00,2024-08-20,1,2024,0,DOWN,0.7300051064916492,UP,410
2024-08-22,WGC_2026_NY3,EUROPE,2024-08-22T07:00:00+00:00,2024-08-22T12:00:00+00:00,2024-08-21,1,2024,0,DOWN,0.6909039349931531,UP,410
2024-08-23,WGC_2026_NY3,EUROPE,2024-08-23T07:00:00+00:00,2024-08-23T12:00:00+00:00,2024-08-22,1,2024,1,UP,0.617132701895896,UP,410
2024-08-27,WGC_2026_NY3,EUROPE,2024-08-27T07:00:00+00:00,2024-08-27T12:00:00+00:00,2024-08-23,4,2024,0,DOWN,0.5030787629091014,UP,410
2024-08-28,WGC_2026_NY3,EUROPE,2024-08-28T07:00:00+00:00,2024-08-28T12:00:00+00:00,2024-08-27,1,2024,0,DOWN,0.5800957041363932,UP,410
2024-08-29,WGC_2026_NY3,EUROPE,2024-08-29T07:00:00+00:00,2024-08-29T12:00:00+00:00,2024-08-28,1,2024,1,UP,0.42118793362456525,DOWN,415
2024-08-30,WGC_2026_NY3,EUROPE,2024-08-30T07:00:00+00:00,2024-08-30T12:00:00+00:00,2024-08-29,1,2024,1,UP,0.49179091646034145,DOWN,415
2024-09-02,WGC_2026_NY3,EUROPE,2024-09-02T07:00:00+00:00,2024-09-02T12:00:00+00:00,2024-08-30,3,2024,1,UP,0.5111254216214817,UP,415
2024-09-03,WGC_2026_NY3,EUROPE,2024-09-03T07:00:00+00:00,2024-09-03T12:00:00+00:00,2024-09-02,1,2024,0,DOWN,0.4745808691846825,DOWN,415
2024-09-04,WGC_2026_NY3,EUROPE,2024-09-04T07:00:00+00:00,2024-09-04T12:00:00+00:00,2024-09-03,1,2024,1,UP,0.41522227911689047,DOWN,415
2024-09-05,WGC_2026_NY3,EUROPE,2024-09-05T07:00:00+00:00,2024-09-05T12:00:00+00:00,2024-09-04,1,2024,1,UP,0.47770053199112084,DOWN,420
2024-09-06,WGC_2026_NY3,EUROPE,2024-09-06T07:00:00+00:00,2024-09-06T12:00:00+00:00,2024-09-05,1,2024,0,DOWN,0.4454536417365632,DOWN,420
2024-09-09,WGC_2026_NY3,EUROPE,2024-09-09T07:00:00+00:00,2024-09-09T12:00:00+00:00,2024-09-06,3,2024,1,UP,0.5144411386863034,UP,420
2024-09-10,WGC_2026_NY3,EUROPE,2024-09-10T07:00:00+00:00,2024-09-10T12:00:00+00:00,2024-09-09,1,2024,0,DOWN,0.5432965740733785,UP,420
2024-09-11,WGC_2026_NY3,EUROPE,2024-09-11T07:00:00+00:00,2024-09-11T12:00:00+00:00,2024-09-10,1,2024,0,DOWN,0.5151397508775571,UP,420
2024-09-12,WGC_2026_NY3,EUROPE,2024-09-12T07:00:00+00:00,2024-09-12T12:00:00+00:00,2024-09-11,1,2024,1,UP,0.4598160231714673,DOWN,425
2024-09-13,WGC_2026_NY3,EUROPE,2024-09-13T07:00:00+00:00,2024-09-13T12:00:00+00:00,2024-09-12,1,2024,1,UP,0.5827687861921477,UP,425
2024-09-16,WGC_2026_NY3,EUROPE,2024-09-16T07:00:00+00:00,2024-09-16T12:00:00+00:00,2024-09-13,3,2024,0,DOWN,0.5495075020405062,UP,425
2024-09-17,WGC_2026_NY3,EUROPE,2024-09-17T07:00:00+00:00,2024-09-17T12:00:00+00:00,2024-09-16,1,2024,0,DOWN,0.6435083553041749,UP,425
2024-09-18,WGC_2026_NY3,EUROPE,2024-09-18T07:00:00+00:00,2024-09-18T12:00:00+00:00,2024-09-17,1,2024,1,UP,0.5968033175752623,UP,425
2024-09-19,WGC_2026_NY3,EUROPE,2024-09-19T07:00:00+00:00,2024-09-19T12:00:00+00:00,2024-09-18,1,2024,1,UP,0.5636469200626038,UP,430
2024-09-20,WGC_2026_NY3,EUROPE,2024-09-20T07:00:00+00:00,2024-09-20T12:00:00+00:00,2024-09-19,1,2024,1,UP,0.5328955127103826,UP,430
2024-09-23,WGC_2026_NY3,EUROPE,2024-09-23T07:00:00+00:00,2024-09-23T12:00:00+00:00,2024-09-20,3,2024,0,DOWN,0.5092902419960336,UP,430
2024-09-24,WGC_2026_NY3,EUROPE,2024-09-24T07:00:00+00:00,2024-09-24T12:00:00+00:00,2024-09-23,1,2024,0,DOWN,0.3878772322288154,DOWN,430
2024-09-25,WGC_2026_NY3,EUROPE,2024-09-25T07:00:00+00:00,2024-09-25T12:00:00+00:00,2024-09-24,1,2024,1,UP,0.5401861042857576,UP,430
2024-09-26,WGC_2026_NY3,EUROPE,2024-09-26T07:00:00+00:00,2024-09-26T12:00:00+00:00,2024-09-25,1,2024,1,UP,0.586136227480609,UP,435
2024-09-27,WGC_2026_NY3,EUROPE,2024-09-27T07:00:00+00:00,2024-09-27T12:00:00+00:00,2024-09-26,1,2024,0,DOWN,0.5782425188184757,UP,435
2024-09-30,WGC_2026_NY3,EUROPE,2024-09-30T07:00:00+00:00,2024-09-30T12:00:00+00:00,2024-09-27,3,2024,0,DOWN,0.4611293245822862,DOWN,435
2024-10-01,WGC_2026_NY3,EUROPE,2024-10-01T07:00:00+00:00,2024-10-01T12:00:00+00:00,2024-09-30,1,2024,1,UP,0.37657606548417116,DOWN,435
2024-10-02,WGC_2026_NY3,EUROPE,2024-10-02T07:00:00+00:00,2024-10-02T12:00:00+00:00,2024-10-01,1,2024,0,DOWN,0.4682267594926819,DOWN,435
2024-10-03,WGC_2026_NY3,EUROPE,2024-10-03T07:00:00+00:00,2024-10-03T12:00:00+00:00,2024-10-02,1,2024,0,DOWN,0.4133562147262768,DOWN,440
2024-10-04,WGC_2026_NY3,EUROPE,2024-10-04T07:00:00+00:00,2024-10-04T12:00:00+00:00,2024-10-03,1,2024,1,UP,0.42080539957151775,DOWN,440
2024-10-07,WGC_2026_NY3,EUROPE,2024-10-07T07:00:00+00:00,2024-10-07T12:00:00+00:00,2024-10-04,3,2024,1,UP,0.4628589340036471,DOWN,440
2024-10-08,WGC_2026_NY3,EUROPE,2024-10-08T07:00:00+00:00,2024-10-08T12:00:00+00:00,2024-10-07,1,2024,1,UP,0.4278445235559018,DOWN,440
2024-10-09,WGC_2026_NY3,EUROPE,2024-10-09T07:00:00+00:00,2024-10-09T12:00:00+00:00,2024-10-08,1,2024,1,UP,0.39689292280782396,DOWN,440
2024-10-10,WGC_2026_NY3,EUROPE,2024-10-10T07:00:00+00:00,2024-10-10T12:00:00+00:00,2024-10-09,1,2024,1,UP,0.4591734289390919,DOWN,445
2024-10-11,WGC_2026_NY3,EUROPE,2024-10-11T07:00:00+00:00,2024-10-11T12:00:00+00:00,2024-10-10,1,2024,1,UP,0.4469867114631746,DOWN,445
2024-10-14,WGC_2026_NY3,EUROPE,2024-10-14T07:00:00+00:00,2024-10-14T12:00:00+00:00,2024-10-11,3,2024,0,DOWN,0.464365892578389,DOWN,445
2024-10-15,WGC_2026_NY3,EUROPE,2024-10-15T07:00:00+00:00,2024-10-15T12:00:00+00:00,2024-10-14,1,2024,0,DOWN,0.4636138117115633,DOWN,445
2024-10-16,WGC_2026_NY3,EUROPE,2024-10-16T07:00:00+00:00,2024-10-16T12:00:00+00:00,2024-10-15,1,2024,1,UP,0.562612133971133,UP,445
2024-10-17,WGC_2026_NY3,EUROPE,2024-10-17T07:00:00+00:00,2024-10-17T12:00:00+00:00,2024-10-16,1,2024,1,UP,0.5247300074262305,UP,450
2024-10-18,WGC_2026_NY3,EUROPE,2024-10-18T07:00:00+00:00,2024-10-18T12:00:00+00:00,2024-10-17,1,2024,1,UP,0.5275425285384309,UP,450
2024-10-21,WGC_2026_NY3,EUROPE,2024-10-21T07:00:00+00:00,2024-10-21T12:00:00+00:00,2024-10-18,3,2024,1,UP,0.45384401543401715,DOWN,450
2024-10-22,WGC_2026_NY3,EUROPE,2024-10-22T07:00:00+00:00,2024-10-22T12:00:00+00:00,2024-10-21,1,2024,0,DOWN,0.7011706948946217,UP,450
2024-10-23,WGC_2026_NY3,EUROPE,2024-10-23T07:00:00+00:00,2024-10-23T12:00:00+00:00,2024-10-22,1,2024,0,DOWN,0.6402930668588426,UP,450
2024-10-24,WGC_2026_NY3,EUROPE,2024-10-24T07:00:00+00:00,2024-10-24T12:00:00+00:00,2024-10-23,1,2024,1,UP,0.5149314190931897,UP,455
2024-10-25,WGC_2026_NY3,EUROPE,2024-10-25T07:00:00+00:00,2024-10-25T12:00:00+00:00,2024-10-24,1,2024,0,DOWN,0.5447656356609486,UP,455
2024-10-28,WGC_2026_NY3,EUROPE,2024-10-28T07:00:00+00:00,2024-10-28T12:00:00+00:00,2024-10-25,3,2024,0,DOWN,0.48661071337794315,DOWN,455
2024-10-29,WGC_2026_NY3,EUROPE,2024-10-29T07:00:00+00:00,2024-10-29T12:00:00+00:00,2024-10-28,1,2024,0,DOWN,0.48489271757266206,DOWN,455
2024-10-30,WGC_2026_NY3,EUROPE,2024-10-30T07:00:00+00:00,2024-10-30T12:00:00+00:00,2024-10-29,1,2024,0,DOWN,0.5132544590263799,UP,455
2024-10-31,WGC_2026_NY3,EUROPE,2024-10-31T07:00:00+00:00,2024-10-31T12:00:00+00:00,2024-10-30,1,2024,0,DOWN,0.33166091539062575,DOWN,460
2024-11-01,WGC_2026_NY3,EUROPE,2024-11-01T07:00:00+00:00,2024-11-01T12:00:00+00:00,2024-10-31,1,2024,1,UP,0.42134520205518744,DOWN,460
2024-11-04,WGC_2026_NY3,EUROPE,2024-11-04T08:00:00+00:00,2024-11-04T13:00:00+00:00,2024-11-01,3,2024,1,UP,0.5182043294985135,UP,460
2024-11-05,WGC_2026_NY3,EUROPE,2024-11-05T08:00:00+00:00,2024-11-05T13:00:00+00:00,2024-11-04,1,2024,1,UP,0.48660554732920513,DOWN,460
2024-11-06,WGC_2026_NY3,EUROPE,2024-11-06T08:00:00+00:00,2024-11-06T13:00:00+00:00,2024-11-05,1,2024,0,DOWN,0.4005755131918332,DOWN,460
2024-11-07,WGC_2026_NY3,EUROPE,2024-11-07T08:00:00+00:00,2024-11-07T13:00:00+00:00,2024-11-06,1,2024,1,UP,0.3905261401173403,DOWN,465
2024-11-08,WGC_2026_NY3,EUROPE,2024-11-08T08:00:00+00:00,2024-11-08T13:00:00+00:00,2024-11-07,1,2024,1,UP,0.5808934397683985,UP,465
2024-11-11,WGC_2026_NY3,EUROPE,2024-11-11T08:00:00+00:00,2024-11-11T13:00:00+00:00,2024-11-08,3,2024,0,DOWN,0.42602983590401483,DOWN,465
2024-11-12,WGC_2026_NY3,EUROPE,2024-11-12T08:00:00+00:00,2024-11-12T13:00:00+00:00,2024-11-11,1,2024,1,UP,0.4907495859177707,DOWN,465
2024-11-13,WGC_2026_NY3,EUROPE,2024-11-13T08:00:00+00:00,2024-11-13T13:00:00+00:00,2024-11-12,1,2024,1,UP,0.7245176818994021,UP,465
2024-11-14,WGC_2026_NY3,EUROPE,2024-11-14T08:00:00+00:00,2024-11-14T13:00:00+00:00,2024-11-13,1,2024,0,DOWN,0.5336670422546098,UP,470
2024-11-15,WGC_2026_NY3,EUROPE,2024-11-15T08:00:00+00:00,2024-11-15T13:00:00+00:00,2024-11-14,1,2024,1,UP,0.7082833479306788,UP,470
2024-11-18,WGC_2026_NY3,EUROPE,2024-11-18T08:00:00+00:00,2024-11-18T13:00:00+00:00,2024-11-15,3,2024,1,UP,0.6779495576857527,UP,470
2024-11-19,WGC_2026_NY3,EUROPE,2024-11-19T08:00:00+00:00,2024-11-19T13:00:00+00:00,2024-11-18,1,2024,1,UP,0.5852572666892464,UP,470
2024-11-20,WGC_2026_NY3,EUROPE,2024-11-20T08:00:00+00:00,2024-11-20T13:00:00+00:00,2024-11-19,1,2024,1,UP,0.6322009529790341,UP,470
2024-11-21,WGC_2026_NY3,EUROPE,2024-11-21T08:00:00+00:00,2024-11-21T13:00:00+00:00,2024-11-20,1,2024,1,UP,0.7572658563688489,UP,475
2024-11-22,WGC_2026_NY3,EUROPE,2024-11-22T08:00:00+00:00,2024-11-22T13:00:00+00:00,2024-11-21,1,2024,1,UP,0.5630865966793394,UP,475
2024-11-25,WGC_2026_NY3,EUROPE,2024-11-25T08:00:00+00:00,2024-11-25T13:00:00+00:00,2024-11-22,3,2024,1,UP,0.5796899123935246,UP,475
2024-11-26,WGC_2026_NY3,EUROPE,2024-11-26T08:00:00+00:00,2024-11-26T13:00:00+00:00,2024-11-25,1,2024,1,UP,0.7541046614263016,UP,475
2024-11-27,WGC_2026_NY3,EUROPE,2024-11-27T08:00:00+00:00,2024-11-27T13:00:00+00:00,2024-11-26,1,2024,1,UP,0.7282053450514696,UP,475
2024-11-28,WGC_2026_NY3,EUROPE,2024-11-28T08:00:00+00:00,2024-11-28T13:00:00+00:00,2024-11-27,1,2024,1,UP,0.5856419351167055,UP,480
2024-11-29,WGC_2026_NY3,EUROPE,2024-11-29T08:00:00+00:00,2024-11-29T13:00:00+00:00,2024-11-28,1,2024,0,DOWN,0.6755384403340705,UP,480
2024-12-02,WGC_2026_NY3,EUROPE,2024-12-02T08:00:00+00:00,2024-12-02T13:00:00+00:00,2024-11-29,3,2024,1,UP,0.7355208449270295,UP,480
2024-12-03,WGC_2026_NY3,EUROPE,2024-12-03T08:00:00+00:00,2024-12-03T13:00:00+00:00,2024-12-02,1,2024,0,DOWN,0.7684522803374257,UP,480
2024-12-04,WGC_2026_NY3,EUROPE,2024-12-04T08:00:00+00:00,2024-12-04T13:00:00+00:00,2024-12-03,1,2024,0,DOWN,0.7312079997265298,UP,480
2024-12-05,WGC_2026_NY3,EUROPE,2024-12-05T08:00:00+00:00,2024-12-05T13:00:00+00:00,2024-12-04,1,2024,1,UP,0.640436585553607,UP,485
2024-12-06,WGC_2026_NY3,EUROPE,2024-12-06T08:00:00+00:00,2024-12-06T13:00:00+00:00,2024-12-05,1,2024,0,DOWN,0.7265901158218198,UP,485
2024-12-09,WGC_2026_NY3,EUROPE,2024-12-09T08:00:00+00:00,2024-12-09T13:00:00+00:00,2024-12-06,3,2024,1,UP,0.6924682587225224,UP,485
2024-12-10,WGC_2026_NY3,EUROPE,2024-12-10T08:00:00+00:00,2024-12-10T13:00:00+00:00,2024-12-09,1,2024,1,UP,0.6867208907737706,UP,485
2024-12-11,WGC_2026_NY3,EUROPE,2024-12-11T08:00:00+00:00,2024-12-11T13:00:00+00:00,2024-12-10,1,2024,1,UP,0.6006546661753661,UP,485
2024-12-12,WGC_2026_NY3,EUROPE,2024-12-12T08:00:00+00:00,2024-12-12T13:00:00+00:00,2024-12-11,1,2024,0,DOWN,0.5396463083881585,UP,490
2024-12-13,WGC_2026_NY3,EUROPE,2024-12-13T08:00:00+00:00,2024-12-13T13:00:00+00:00,2024-12-12,1,2024,0,DOWN,0.5860311263976998,UP,490
2024-12-16,WGC_2026_NY3,EUROPE,2024-12-16T08:00:00+00:00,2024-12-16T13:00:00+00:00,2024-12-13,3,2024,1,UP,0.6070497530278314,UP,490
2024-12-17,WGC_2026_NY3,EUROPE,2024-12-17T08:00:00+00:00,2024-12-17T13:00:00+00:00,2024-12-16,1,2024,0,DOWN,0.5229641488745288,UP,490
2024-12-18,WGC_2026_NY3,EUROPE,2024-12-18T08:00:00+00:00,2024-12-18T13:00:00+00:00,2024-12-17,1,2024,0,DOWN,0.5155094341325133,UP,490
2024-12-19,WGC_2026_NY3,EUROPE,2024-12-19T08:00:00+00:00,2024-12-19T13:00:00+00:00,2024-12-18,1,2024,0,DOWN,0.519561273476578,UP,495
2024-12-20,WGC_2026_NY3,EUROPE,2024-12-20T08:00:00+00:00,2024-12-20T13:00:00+00:00,2024-12-19,1,2024,0,DOWN,0.5335956236256163,UP,495
2024-12-23,WGC_2026_NY3,EUROPE,2024-12-23T08:00:00+00:00,2024-12-23T13:00:00+00:00,2024-12-20,3,2024,0,DOWN,0.505136908652555,UP,495
2024-12-24,WGC_2026_NY3,EUROPE,2024-12-24T08:00:00+00:00,2024-12-24T13:00:00+00:00,2024-12-23,1,2024,0,DOWN,0.5768678657580507,UP,495
2024-12-27,WGC_2026_NY3,EUROPE,2024-12-27T08:00:00+00:00,2024-12-27T13:00:00+00:00,2024-12-24,3,2024,0,DOWN,0.5752304691454863,UP,495
2024-12-30,WGC_2026_NY3,EUROPE,2024-12-30T08:00:00+00:00,2024-12-30T13:00:00+00:00,2024-12-27,3,2024,1,UP,0.5233144229535639,UP,500
2024-12-31,WGC_2026_NY3,EUROPE,2024-12-31T08:00:00+00:00,2024-12-31T13:00:00+00:00,2024-12-30,1,2024,0,DOWN,0.6063928174447176,UP,500
2023-07-19,WGC_2026_NY3,US,2023-07-19T12:00:00+00:00,2023-07-19T21:00:00+00:00,2023-07-18,1,2023,1,UP,0.6978165889033345,UP,120
2023-07-20,WGC_2026_NY3,US,2023-07-20T12:00:00+00:00,2023-07-20T21:00:00+00:00,2023-07-19,1,2023,0,DOWN,0.6247441858751261,UP,120
2023-07-21,WGC_2026_NY3,US,2023-07-21T12:00:00+00:00,2023-07-21T21:00:00+00:00,2023-07-20,1,2023,0,DOWN,0.6174673756734772,UP,120
2023-07-24,WGC_2026_NY3,US,2023-07-24T12:00:00+00:00,2023-07-24T21:00:00+00:00,2023-07-21,3,2023,0,DOWN,0.7444301946917733,UP,120
2023-07-25,WGC_2026_NY3,US,2023-07-25T12:00:00+00:00,2023-07-25T21:00:00+00:00,2023-07-24,1,2023,1,UP,0.7533543778420219,UP,120
2023-07-26,WGC_2026_NY3,US,2023-07-26T12:00:00+00:00,2023-07-26T21:00:00+00:00,2023-07-25,1,2023,0,DOWN,0.670892360680741,UP,125
2023-07-27,WGC_2026_NY3,US,2023-07-27T12:00:00+00:00,2023-07-27T21:00:00+00:00,2023-07-26,1,2023,0,DOWN,0.6134903771814112,UP,125
2023-07-31,WGC_2026_NY3,US,2023-07-31T12:00:00+00:00,2023-07-31T21:00:00+00:00,2023-07-28,3,2023,1,UP,0.6289253709698731,UP,125
2023-08-01,WGC_2026_NY3,US,2023-08-01T12:00:00+00:00,2023-08-01T21:00:00+00:00,2023-07-31,1,2023,0,DOWN,0.5913723209931373,UP,125
2023-08-02,WGC_2026_NY3,US,2023-08-02T12:00:00+00:00,2023-08-02T21:00:00+00:00,2023-08-01,1,2023,0,DOWN,0.6756260683883547,UP,125
2023-08-03,WGC_2026_NY3,US,2023-08-03T12:00:00+00:00,2023-08-03T21:00:00+00:00,2023-08-02,1,2023,0,DOWN,0.4528830741548985,DOWN,130
2023-08-04,WGC_2026_NY3,US,2023-08-04T12:00:00+00:00,2023-08-04T21:00:00+00:00,2023-08-03,1,2023,1,UP,0.7118940105141706,UP,130
2023-08-07,WGC_2026_NY3,US,2023-08-07T12:00:00+00:00,2023-08-07T21:00:00+00:00,2023-08-04,3,2023,1,UP,0.38666205056022024,DOWN,130
2023-08-08,WGC_2026_NY3,US,2023-08-08T12:00:00+00:00,2023-08-08T21:00:00+00:00,2023-08-07,1,2023,0,DOWN,0.46573676429113364,DOWN,130
2023-08-09,WGC_2026_NY3,US,2023-08-09T12:00:00+00:00,2023-08-09T21:00:00+00:00,2023-08-08,1,2023,0,DOWN,0.43318275572843906,DOWN,130
2023-08-10,WGC_2026_NY3,US,2023-08-10T12:00:00+00:00,2023-08-10T21:00:00+00:00,2023-08-09,1,2023,0,DOWN,0.2842300452817213,DOWN,135
2023-08-11,WGC_2026_NY3,US,2023-08-11T12:00:00+00:00,2023-08-11T21:00:00+00:00,2023-08-10,1,2023,0,DOWN,0.20184278772637929,DOWN,135
2023-08-14,WGC_2026_NY3,US,2023-08-14T12:00:00+00:00,2023-08-14T21:00:00+00:00,2023-08-11,3,2023,0,DOWN,0.36760973009918135,DOWN,135
2023-08-15,WGC_2026_NY3,US,2023-08-15T12:00:00+00:00,2023-08-15T21:00:00+00:00,2023-08-14,1,2023,0,DOWN,0.26570197102471393,DOWN,135
2023-08-16,WGC_2026_NY3,US,2023-08-16T12:00:00+00:00,2023-08-16T21:00:00+00:00,2023-08-15,1,2023,0,DOWN,0.33395310911170695,DOWN,135
2023-08-17,WGC_2026_NY3,US,2023-08-17T12:00:00+00:00,2023-08-17T21:00:00+00:00,2023-08-16,1,2023,0,DOWN,0.14983102870185924,DOWN,140
2023-08-18,WGC_2026_NY3,US,2023-08-18T12:00:00+00:00,2023-08-18T21:00:00+00:00,2023-08-17,1,2023,0,DOWN,0.20206400714094486,DOWN,140
2023-08-21,WGC_2026_NY3,US,2023-08-21T12:00:00+00:00,2023-08-21T21:00:00+00:00,2023-08-18,3,2023,1,UP,0.29355767873015565,DOWN,140
2023-08-22,WGC_2026_NY3,US,2023-08-22T12:00:00+00:00,2023-08-22T21:00:00+00:00,2023-08-21,1,2023,0,DOWN,0.2964545186392855,DOWN,140
2023-08-23,WGC_2026_NY3,US,2023-08-23T12:00:00+00:00,2023-08-23T21:00:00+00:00,2023-08-22,1,2023,1,UP,0.1935492089981726,DOWN,140
2023-08-24,WGC_2026_NY3,US,2023-08-24T12:00:00+00:00,2023-08-24T21:00:00+00:00,2023-08-23,1,2023,0,DOWN,0.2627360693916822,DOWN,145
2023-08-25,WGC_2026_NY3,US,2023-08-25T12:00:00+00:00,2023-08-25T21:00:00+00:00,2023-08-24,1,2023,0,DOWN,0.24566431662093113,DOWN,145
2023-08-28,WGC_2026_NY3,US,2023-08-28T12:00:00+00:00,2023-08-28T21:00:00+00:00,2023-08-25,3,2023,1,UP,0.3534824696605998,DOWN,145
2023-08-29,WGC_2026_NY3,US,2023-08-29T12:00:00+00:00,2023-08-29T21:00:00+00:00,2023-08-25,4,2023,1,UP,0.3534824696605998,DOWN,145
2023-08-30,WGC_2026_NY3,US,2023-08-30T12:00:00+00:00,2023-08-30T21:00:00+00:00,2023-08-29,1,2023,1,UP,0.4912778842489233,DOWN,145
2023-08-31,WGC_2026_NY3,US,2023-08-31T12:00:00+00:00,2023-08-31T21:00:00+00:00,2023-08-30,1,2023,0,DOWN,0.4081600606074526,DOWN,150
2023-09-01,WGC_2026_NY3,US,2023-09-01T12:00:00+00:00,2023-09-01T21:00:00+00:00,2023-08-31,1,2023,0,DOWN,0.407026293535916,DOWN,150
2023-09-05,WGC_2026_NY3,US,2023-09-05T12:00:00+00:00,2023-09-05T21:00:00+00:00,2023-09-04,1,2023,0,DOWN,0.5460315766712499,UP,150
2023-09-06,WGC_2026_NY3,US,2023-09-06T12:00:00+00:00,2023-09-06T21:00:00+00:00,2023-09-05,1,2023,0,DOWN,0.48705021592926157,DOWN,150
2023-09-07,WGC_2026_NY3,US,2023-09-07T12:00:00+00:00,2023-09-07T21:00:00+00:00,2023-09-06,1,2023,0,DOWN,0.23146113181928152,DOWN,150
2023-09-08,WGC_2026_NY3,US,2023-09-08T12:00:00+00:00,2023-09-08T21:00:00+00:00,2023-09-07,1,2023,0,DOWN,0.38326820469154166,DOWN,155
2023-09-11,WGC_2026_NY3,US,2023-09-11T12:00:00+00:00,2023-09-11T21:00:00+00:00,2023-09-08,3,2023,0,DOWN,0.2075078528984685,DOWN,155
2023-09-12,WGC_2026_NY3,US,2023-09-12T12:00:00+00:00,2023-09-12T21:00:00+00:00,2023-09-11,1,2023,1,UP,0.272711771552385,DOWN,155
2023-09-13,WGC_2026_NY3,US,2023-09-13T12:00:00+00:00,2023-09-13T21:00:00+00:00,2023-09-12,1,2023,0,DOWN,0.3576927967022937,DOWN,155
2023-09-14,WGC_2026_NY3,US,2023-09-14T12:00:00+00:00,2023-09-14T21:00:00+00:00,2023-09-13,1,2023,1,UP,0.2562204209985571,DOWN,155
2023-09-15,WGC_2026_NY3,US,2023-09-15T12:00:00+00:00,2023-09-15T21:00:00+00:00,2023-09-14,1,2023,1,UP,0.39169425875337194,DOWN,160
2023-09-18,WGC_2026_NY3,US,2023-09-18T12:00:00+00:00,2023-09-18T21:00:00+00:00,2023-09-15,3,2023,1,UP,0.3215792809991164,DOWN,160
2023-09-19,WGC_2026_NY3,US,2023-09-19T12:00:00+00:00,2023-09-19T21:00:00+00:00,2023-09-18,1,2023,0,DOWN,0.44420642631518426,DOWN,160
2023-09-20,WGC_2026_NY3,US,2023-09-20T12:00:00+00:00,2023-09-20T21:00:00+00:00,2023-09-19,1,2023,0,DOWN,0.36858751383883137,DOWN,160
2023-09-21,WGC_2026_NY3,US,2023-09-21T12:00:00+00:00,2023-09-21T21:00:00+00:00,2023-09-20,1,2023,0,DOWN,0.39777375326219777,DOWN,160
2023-09-22,WGC_2026_NY3,US,2023-09-22T12:00:00+00:00,2023-09-22T21:00:00+00:00,2023-09-21,1,2023,0,DOWN,0.22338359534672964,DOWN,165
2023-09-25,WGC_2026_NY3,US,2023-09-25T12:00:00+00:00,2023-09-25T21:00:00+00:00,2023-09-22,3,2023,0,DOWN,0.33262167791676894,DOWN,165
2023-09-26,WGC_2026_NY3,US,2023-09-26T12:00:00+00:00,2023-09-26T21:00:00+00:00,2023-09-25,1,2023,0,DOWN,0.38030881272510547,DOWN,165
2023-09-27,WGC_2026_NY3,US,2023-09-27T12:00:00+00:00,2023-09-27T21:00:00+00:00,2023-09-26,1,2023,0,DOWN,0.5462698199543667,UP,165
2023-09-28,WGC_2026_NY3,US,2023-09-28T12:00:00+00:00,2023-09-28T21:00:00+00:00,2023-09-27,1,2023,0,DOWN,0.4392465749492298,DOWN,165
2023-09-29,WGC_2026_NY3,US,2023-09-29T12:00:00+00:00,2023-09-29T21:00:00+00:00,2023-09-28,1,2023,0,DOWN,0.28387428488922173,DOWN,170
2023-10-02,WGC_2026_NY3,US,2023-10-02T12:00:00+00:00,2023-10-02T21:00:00+00:00,2023-09-29,3,2023,0,DOWN,0.3321177770959998,DOWN,170
2023-10-03,WGC_2026_NY3,US,2023-10-03T12:00:00+00:00,2023-10-03T21:00:00+00:00,2023-10-02,1,2023,0,DOWN,0.7929068569812212,UP,170
2023-10-04,WGC_2026_NY3,US,2023-10-04T12:00:00+00:00,2023-10-04T21:00:00+00:00,2023-10-03,1,2023,0,DOWN,0.3807599527673935,DOWN,170
2023-10-05,WGC_2026_NY3,US,2023-10-05T12:00:00+00:00,2023-10-05T21:00:00+00:00,2023-10-04,1,2023,0,DOWN,0.19907291615540898,DOWN,170
2023-10-09,WGC_2026_NY3,US,2023-10-09T12:00:00+00:00,2023-10-09T21:00:00+00:00,2023-10-06,3,2023,1,UP,0.1567974715755651,DOWN,175
2023-10-10,WGC_2026_NY3,US,2023-10-10T12:00:00+00:00,2023-10-10T21:00:00+00:00,2023-10-09,1,2023,1,UP,0.3379549106308384,DOWN,175
2023-10-11,WGC_2026_NY3,US,2023-10-11T12:00:00+00:00,2023-10-11T21:00:00+00:00,2023-10-10,1,2023,1,UP,0.3578532865231662,DOWN,175
2023-10-12,WGC_2026_NY3,US,2023-10-12T12:00:00+00:00,2023-10-12T21:00:00+00:00,2023-10-11,1,2023,0,DOWN,0.22285593632699138,DOWN,175
2023-10-16,WGC_2026_NY3,US,2023-10-16T12:00:00+00:00,2023-10-16T21:00:00+00:00,2023-10-13,3,2023,1,UP,0.21402874092259316,DOWN,175
2023-10-17,WGC_2026_NY3,US,2023-10-17T12:00:00+00:00,2023-10-17T21:00:00+00:00,2023-10-16,1,2023,0,DOWN,0.3768901258041188,DOWN,180
2023-10-18,WGC_2026_NY3,US,2023-10-18T12:00:00+00:00,2023-10-18T21:00:00+00:00,2023-10-17,1,2023,1,UP,0.45555280725115044,DOWN,180
2023-10-19,WGC_2026_NY3,US,2023-10-19T12:00:00+00:00,2023-10-19T21:00:00+00:00,2023-10-18,1,2023,1,UP,0.3150192639664774,DOWN,180
2023-10-23,WGC_2026_NY3,US,2023-10-23T12:00:00+00:00,2023-10-23T21:00:00+00:00,2023-10-20,3,2023,0,DOWN,0.44500255022710183,DOWN,180
2023-10-24,WGC_2026_NY3,US,2023-10-24T12:00:00+00:00,2023-10-24T21:00:00+00:00,2023-10-23,1,2023,1,UP,0.3195382720664025,DOWN,180
2023-10-25,WGC_2026_NY3,US,2023-10-25T12:00:00+00:00,2023-10-25T21:00:00+00:00,2023-10-24,1,2023,1,UP,0.5614245095652245,UP,185
2023-10-26,WGC_2026_NY3,US,2023-10-26T12:00:00+00:00,2023-10-26T21:00:00+00:00,2023-10-25,1,2023,1,UP,0.3189125162420686,DOWN,185
2023-10-30,WGC_2026_NY3,US,2023-10-30T12:00:00+00:00,2023-10-30T21:00:00+00:00,2023-10-27,3,2023,1,UP,0.5173729579735163,UP,185
2023-10-31,WGC_2026_NY3,US,2023-10-31T12:00:00+00:00,2023-10-31T21:00:00+00:00,2023-10-30,1,2023,0,DOWN,0.25097220911957613,DOWN,185
2023-11-01,WGC_2026_NY3,US,2023-11-01T12:00:00+00:00,2023-11-01T21:00:00+00:00,2023-10-31,1,2023,0,DOWN,0.45212878795249994,DOWN,185
2023-11-02,WGC_2026_NY3,US,2023-11-02T12:00:00+00:00,2023-11-02T21:00:00+00:00,2023-11-01,1,2023,0,DOWN,0.40582064499502374,DOWN,190
2023-11-06,WGC_2026_NY3,US,2023-11-06T13:00:00+00:00,2023-11-06T22:00:00+00:00,2023-11-03,3,2023,0,DOWN,0.5087617458403644,UP,190
2023-11-07,WGC_2026_NY3,US,2023-11-07T13:00:00+00:00,2023-11-07T22:00:00+00:00,2023-11-06,1,2023,1,UP,0.21991566301134022,DOWN,190
2023-11-08,WGC_2026_NY3,US,2023-11-08T13:00:00+00:00,2023-11-08T22:00:00+00:00,2023-11-07,1,2023,0,DOWN,0.4403758128517363,DOWN,190
2023-11-09,WGC_2026_NY3,US,2023-11-09T13:00:00+00:00,2023-11-09T22:00:00+00:00,2023-11-08,1,2023,1,UP,0.3603971172595875,DOWN,190
2023-11-13,WGC_2026_NY3,US,2023-11-13T13:00:00+00:00,2023-11-13T22:00:00+00:00,2023-11-10,3,2023,1,UP,0.4720826013343806,DOWN,195
2023-11-14,WGC_2026_NY3,US,2023-11-14T13:00:00+00:00,2023-11-14T22:00:00+00:00,2023-11-13,1,2023,1,UP,0.5660768785585741,UP,195
2023-11-15,WGC_2026_NY3,US,2023-11-15T13:00:00+00:00,2023-11-15T22:00:00+00:00,2023-11-14,1,2023,0,DOWN,0.5011249950725194,UP,195
2023-11-16,WGC_2026_NY3,US,2023-11-16T13:00:00+00:00,2023-11-16T22:00:00+00:00,2023-11-15,1,2023,1,UP,0.2896638088996221,DOWN,195
2023-11-20,WGC_2026_NY3,US,2023-11-20T13:00:00+00:00,2023-11-20T22:00:00+00:00,2023-11-17,3,2023,1,UP,0.3340134376831841,DOWN,195
2023-11-21,WGC_2026_NY3,US,2023-11-21T13:00:00+00:00,2023-11-21T22:00:00+00:00,2023-11-20,1,2023,1,UP,0.5869819270029053,UP,200
2023-11-22,WGC_2026_NY3,US,2023-11-22T13:00:00+00:00,2023-11-22T22:00:00+00:00,2023-11-21,1,2023,0,DOWN,0.5361401589043239,UP,200
2023-11-27,WGC_2026_NY3,US,2023-11-27T13:00:00+00:00,2023-11-27T22:00:00+00:00,2023-11-24,3,2023,1,UP,0.3277324754733087,DOWN,200
2023-11-28,WGC_2026_NY3,US,2023-11-28T13:00:00+00:00,2023-11-28T22:00:00+00:00,2023-11-27,1,2023,1,UP,0.3277896670860575,DOWN,200
2023-11-29,WGC_2026_NY3,US,2023-11-29T13:00:00+00:00,2023-11-29T22:00:00+00:00,2023-11-28,1,2023,1,UP,0.5153067320764675,UP,200
2023-11-30,WGC_2026_NY3,US,2023-11-30T13:00:00+00:00,2023-11-30T22:00:00+00:00,2023-11-29,1,2023,0,DOWN,0.5623110903533822,UP,205
2023-12-04,WGC_2026_NY3,US,2023-12-04T13:00:00+00:00,2023-12-04T22:00:00+00:00,2023-12-01,3,2023,0,DOWN,0.5388931057243174,UP,205
2023-12-05,WGC_2026_NY3,US,2023-12-05T13:00:00+00:00,2023-12-05T22:00:00+00:00,2023-12-04,1,2023,0,DOWN,0.40272539644815847,DOWN,205
2023-12-06,WGC_2026_NY3,US,2023-12-06T13:00:00+00:00,2023-12-06T22:00:00+00:00,2023-12-05,1,2023,0,DOWN,0.5843321034974568,UP,205
2023-12-07,WGC_2026_NY3,US,2023-12-07T13:00:00+00:00,2023-12-07T22:00:00+00:00,2023-12-06,1,2023,0,DOWN,0.4662482907702827,DOWN,205
2023-12-11,WGC_2026_NY3,US,2023-12-11T13:00:00+00:00,2023-12-11T22:00:00+00:00,2023-12-08,3,2023,0,DOWN,0.5656463325454691,UP,210
2023-12-12,WGC_2026_NY3,US,2023-12-12T13:00:00+00:00,2023-12-12T22:00:00+00:00,2023-12-11,1,2023,0,DOWN,0.6772536221263046,UP,210
2023-12-13,WGC_2026_NY3,US,2023-12-13T13:00:00+00:00,2023-12-13T22:00:00+00:00,2023-12-12,1,2023,1,UP,0.48887748842857187,DOWN,210
2023-12-14,WGC_2026_NY3,US,2023-12-14T13:00:00+00:00,2023-12-14T22:00:00+00:00,2023-12-13,1,2023,0,DOWN,0.5028603131776581,UP,210
2023-12-18,WGC_2026_NY3,US,2023-12-18T13:00:00+00:00,2023-12-18T22:00:00+00:00,2023-12-15,3,2023,1,UP,0.6409227865231945,UP,210
2023-12-19,WGC_2026_NY3,US,2023-12-19T13:00:00+00:00,2023-12-19T22:00:00+00:00,2023-12-18,1,2023,1,UP,0.673261594806376,UP,215
2023-12-20,WGC_2026_NY3,US,2023-12-20T13:00:00+00:00,2023-12-20T22:00:00+00:00,2023-12-19,1,2023,0,DOWN,0.6525745733244024,UP,215
2023-12-21,WGC_2026_NY3,US,2023-12-21T13:00:00+00:00,2023-12-21T22:00:00+00:00,2023-12-20,1,2023,1,UP,0.685152161080593,UP,215
2023-12-26,WGC_2026_NY3,US,2023-12-26T13:00:00+00:00,2023-12-26T22:00:00+00:00,2023-12-22,4,2023,1,UP,0.6292121706089496,UP,215
2023-12-27,WGC_2026_NY3,US,2023-12-27T13:00:00+00:00,2023-12-27T22:00:00+00:00,2023-12-22,5,2023,1,UP,0.6292121706089496,UP,215
2023-12-28,WGC_2026_NY3,US,2023-12-28T13:00:00+00:00,2023-12-28T22:00:00+00:00,2023-12-27,1,2023,0,DOWN,0.6931411819801108,UP,220
2024-01-02,WGC_2026_NY3,US,2024-01-02T13:00:00+00:00,2024-01-02T22:00:00+00:00,2023-12-29,4,2024,0,DOWN,0.6735962598599108,UP,220
2024-01-03,WGC_2026_NY3,US,2024-01-03T13:00:00+00:00,2024-01-03T22:00:00+00:00,2024-01-02,1,2024,0,DOWN,0.45538389896005416,DOWN,220
2024-01-04,WGC_2026_NY3,US,2024-01-04T13:00:00+00:00,2024-01-04T22:00:00+00:00,2024-01-03,1,2024,0,DOWN,0.5724856054306707,UP,220
2024-01-08,WGC_2026_NY3,US,2024-01-08T13:00:00+00:00,2024-01-08T22:00:00+00:00,2024-01-05,3,2024,1,UP,0.5092527752549526,UP,220
2024-01-09,WGC_2026_NY3,US,2024-01-09T13:00:00+00:00,2024-01-09T22:00:00+00:00,2024-01-08,1,2024,0,DOWN,0.6624541923667636,UP,225
2024-01-10,WGC_2026_NY3,US,2024-01-10T13:00:00+00:00,2024-01-10T22:00:00+00:00,2024-01-09,1,2024,0,DOWN,0.6099149184750203,UP,225
2024-01-11,WGC_2026_NY3,US,2024-01-11T13:00:00+00:00,2024-01-11T22:00:00+00:00,2024-01-10,1,2024,0,DOWN,0.6623648655716484,UP,225
2024-01-16,WGC_2026_NY3,US,2024-01-16T13:00:00+00:00,2024-01-16T22:00:00+00:00,2024-01-15,1,2024,0,DOWN,0.4986729419894894,DOWN,225
2024-01-17,WGC_2026_NY3,US,2024-01-17T13:00:00+00:00,2024-01-17T22:00:00+00:00,2024-01-16,1,2024,0,DOWN,0.3874442117027358,DOWN,225
2024-01-18,WGC_2026_NY3,US,2024-01-18T13:00:00+00:00,2024-01-18T22:00:00+00:00,2024-01-17,1,2024,1,UP,0.37087631003451293,DOWN,230
2024-01-22,WGC_2026_NY3,US,2024-01-22T13:00:00+00:00,2024-01-22T22:00:00+00:00,2024-01-19,3,2024,0,DOWN,0.37752840744393595,DOWN,230
2024-01-23,WGC_2026_NY3,US,2024-01-23T13:00:00+00:00,2024-01-23T22:00:00+00:00,2024-01-22,1,2024,1,UP,0.30506806204443726,DOWN,230
2024-01-24,WGC_2026_NY3,US,2024-01-24T13:00:00+00:00,2024-01-24T22:00:00+00:00,2024-01-23,1,2024,0,DOWN,0.2704248433501472,DOWN,230
2024-01-25,WGC_2026_NY3,US,2024-01-25T13:00:00+00:00,2024-01-25T22:00:00+00:00,2024-01-24,1,2024,1,UP,0.22558629861915064,DOWN,230
2024-01-29,WGC_2026_NY3,US,2024-01-29T13:00:00+00:00,2024-01-29T22:00:00+00:00,2024-01-26,3,2024,1,UP,0.3335786204984288,DOWN,235
2024-01-30,WGC_2026_NY3,US,2024-01-30T13:00:00+00:00,2024-01-30T22:00:00+00:00,2024-01-29,1,2024,1,UP,0.41135739010087374,DOWN,235
2024-01-31,WGC_2026_NY3,US,2024-01-31T13:00:00+00:00,2024-01-31T22:00:00+00:00,2024-01-30,1,2024,1,UP,0.41790686863426163,DOWN,235
2024-02-01,WGC_2026_NY3,US,2024-02-01T13:00:00+00:00,2024-02-01T22:00:00+00:00,2024-01-31,1,2024,1,UP,0.3025178087081598,DOWN,235
2024-02-05,WGC_2026_NY3,US,2024-02-05T13:00:00+00:00,2024-02-05T22:00:00+00:00,2024-02-02,3,2024,1,UP,0.20735037753222132,DOWN,235
2024-02-06,WGC_2026_NY3,US,2024-02-06T13:00:00+00:00,2024-02-06T22:00:00+00:00,2024-02-05,1,2024,1,UP,0.3400580524188948,DOWN,240
2024-02-07,WGC_2026_NY3,US,2024-02-07T13:00:00+00:00,2024-02-07T22:00:00+00:00,2024-02-06,1,2024,1,UP,0.3521614836206626,DOWN,240
2024-02-08,WGC_2026_NY3,US,2024-02-08T13:00:00+00:00,2024-02-08T22:00:00+00:00,2024-02-07,1,2024,1,UP,0.28512110702217247,DOWN,240
2024-02-09,WGC_2026_NY3,US,2024-02-09T13:00:00+00:00,2024-02-09T22:00:00+00:00,2024-02-08,1,2024,0,DOWN,0.3192097237203488,DOWN,240
2024-02-12,WGC_2026_NY3,US,2024-02-12T13:00:00+00:00,2024-02-12T22:00:00+00:00,2024-02-09,3,2024,0,DOWN,0.3436240439530135,DOWN,240
2024-02-13,WGC_2026_NY3,US,2024-02-13T13:00:00+00:00,2024-02-13T22:00:00+00:00,2024-02-12,1,2024,0,DOWN,0.3869280327947551,DOWN,245
2024-02-14,WGC_2026_NY3,US,2024-02-14T13:00:00+00:00,2024-02-14T22:00:00+00:00,2024-02-13,1,2024,1,UP,0.5674622873662315,UP,245
2024-02-15,WGC_2026_NY3,US,2024-02-15T13:00:00+00:00,2024-02-15T22:00:00+00:00,2024-02-14,1,2024,1,UP,0.5400591804773108,UP,245
2024-02-16,WGC_2026_NY3,US,2024-02-16T13:00:00+00:00,2024-02-16T22:00:00+00:00,2024-02-15,1,2024,1,UP,0.5035508720396163,UP,245
2024-02-20,WGC_2026_NY3,US,2024-02-20T13:00:00+00:00,2024-02-20T22:00:00+00:00,2024-02-19,1,2024,0,DOWN,0.48131298282964946,DOWN,245
2024-02-21,WGC_2026_NY3,US,2024-02-21T13:00:00+00:00,2024-02-21T22:00:00+00:00,2024-02-20,1,2024,0,DOWN,0.4537441287919693,DOWN,250
2024-02-22,WGC_2026_NY3,US,2024-02-22T13:00:00+00:00,2024-02-22T22:00:00+00:00,2024-02-21,1,2024,0,DOWN,0.4580512228801548,DOWN,250
2024-02-23,WGC_2026_NY3,US,2024-02-23T13:00:00+00:00,2024-02-23T22:00:00+00:00,2024-02-22,1,2024,1,UP,0.38497266712500927,DOWN,250
2024-02-26,WGC_2026_NY3,US,2024-02-26T13:00:00+00:00,2024-02-26T22:00:00+00:00,2024-02-23,3,2024,0,DOWN,0.39653989509006815,DOWN,250
2024-02-27,WGC_2026_NY3,US,2024-02-27T13:00:00+00:00,2024-02-27T22:00:00+00:00,2024-02-26,1,2024,0,DOWN,0.3856270088562744,DOWN,250
2024-02-28,WGC_2026_NY3,US,2024-02-28T13:00:00+00:00,2024-02-28T22:00:00+00:00,2024-02-27,1,2024,1,UP,0.31731945572363246,DOWN,255
2024-02-29,WGC_2026_NY3,US,2024-02-29T13:00:00+00:00,2024-02-29T22:00:00+00:00,2024-02-28,1,2024,1,UP,0.35386058638908274,DOWN,255
2024-03-01,WGC_2026_NY3,US,2024-03-01T13:00:00+00:00,2024-03-01T22:00:00+00:00,2024-02-29,1,2024,1,UP,0.33097530245572165,DOWN,255
2024-03-04,WGC_2026_NY3,US,2024-03-04T13:00:00+00:00,2024-03-04T22:00:00+00:00,2024-03-01,3,2024,1,UP,0.2782320243321257,DOWN,255
2024-03-05,WGC_2026_NY3,US,2024-03-05T13:00:00+00:00,2024-03-05T22:00:00+00:00,2024-03-04,1,2024,1,UP,0.41814755533684755,DOWN,255
2024-03-06,WGC_2026_NY3,US,2024-03-06T13:00:00+00:00,2024-03-06T22:00:00+00:00,2024-03-05,1,2024,1,UP,0.38484761828119934,DOWN,260
2024-03-07,WGC_2026_NY3,US,2024-03-07T13:00:00+00:00,2024-03-07T22:00:00+00:00,2024-03-06,1,2024,1,UP,0.500896071952254,UP,260
2024-03-08,WGC_2026_NY3,US,2024-03-08T13:00:00+00:00,2024-03-08T22:00:00+00:00,2024-03-07,1,2024,1,UP,0.569166244089199,UP,260
2024-03-11,WGC_2026_NY3,US,2024-03-11T12:00:00+00:00,2024-03-11T21:00:00+00:00,2024-03-08,3,2024,1,UP,0.49737678750168296,DOWN,260
2024-03-12,WGC_2026_NY3,US,2024-03-12T12:00:00+00:00,2024-03-12T21:00:00+00:00,2024-03-11,1,2024,0,DOWN,0.5301193265128906,UP,260
2024-03-13,WGC_2026_NY3,US,2024-03-13T12:00:00+00:00,2024-03-13T21:00:00+00:00,2024-03-12,1,2024,1,UP,0.48941215806662625,DOWN,265
2024-03-14,WGC_2026_NY3,US,2024-03-14T12:00:00+00:00,2024-03-14T21:00:00+00:00,2024-03-13,1,2024,0,DOWN,0.4813275931346202,DOWN,265
2024-03-15,WGC_2026_NY3,US,2024-03-15T12:00:00+00:00,2024-03-15T21:00:00+00:00,2024-03-14,1,2024,0,DOWN,0.485490889539786,DOWN,265
2024-03-18,WGC_2026_NY3,US,2024-03-18T12:00:00+00:00,2024-03-18T21:00:00+00:00,2024-03-15,3,2024,0,DOWN,0.5387483367685919,UP,265
2024-03-19,WGC_2026_NY3,US,2024-03-19T12:00:00+00:00,2024-03-19T21:00:00+00:00,2024-03-18,1,2024,1,UP,0.5641075455064382,UP,265
2024-03-20,WGC_2026_NY3,US,2024-03-20T12:00:00+00:00,2024-03-20T21:00:00+00:00,2024-03-19,1,2024,1,UP,0.5382285368504086,UP,270
2024-03-21,WGC_2026_NY3,US,2024-03-21T12:00:00+00:00,2024-03-21T21:00:00+00:00,2024-03-20,1,2024,0,DOWN,0.5625578823749624,UP,270
2024-03-22,WGC_2026_NY3,US,2024-03-22T12:00:00+00:00,2024-03-22T21:00:00+00:00,2024-03-21,1,2024,0,DOWN,0.5420022011651874,UP,270
2024-03-25,WGC_2026_NY3,US,2024-03-25T12:00:00+00:00,2024-03-25T21:00:00+00:00,2024-03-22,3,2024,1,UP,0.6175695913297131,UP,270
2024-03-26,WGC_2026_NY3,US,2024-03-26T12:00:00+00:00,2024-03-26T21:00:00+00:00,2024-03-25,1,2024,0,DOWN,0.46181636092233175,DOWN,270
2024-03-27,WGC_2026_NY3,US,2024-03-27T12:00:00+00:00,2024-03-27T21:00:00+00:00,2024-03-26,1,2024,1,UP,0.419350876022487,DOWN,275
2024-03-28,WGC_2026_NY3,US,2024-03-28T12:00:00+00:00,2024-03-28T21:00:00+00:00,2024-03-27,1,2024,1,UP,0.44219896914244816,DOWN,275
2024-04-01,WGC_2026_NY3,US,2024-04-01T12:00:00+00:00,2024-04-01T21:00:00+00:00,2024-03-28,4,2024,1,UP,0.42718540813130923,DOWN,275
2024-04-02,WGC_2026_NY3,US,2024-04-02T12:00:00+00:00,2024-04-02T21:00:00+00:00,2024-03-28,5,2024,1,UP,0.42718540813130923,DOWN,275
2024-04-03,WGC_2026_NY3,US,2024-04-03T12:00:00+00:00,2024-04-03T21:00:00+00:00,2024-04-02,1,2024,1,UP,0.46094035957048085,DOWN,275
2024-04-04,WGC_2026_NY3,US,2024-04-04T12:00:00+00:00,2024-04-04T21:00:00+00:00,2024-04-03,1,2024,1,UP,0.6579601938747209,UP,280
2024-04-05,WGC_2026_NY3,US,2024-04-05T12:00:00+00:00,2024-04-05T21:00:00+00:00,2024-04-04,1,2024,1,UP,0.6894793493542998,UP,280
2024-04-08,WGC_2026_NY3,US,2024-04-08T12:00:00+00:00,2024-04-08T21:00:00+00:00,2024-04-05,3,2024,1,UP,0.6718136748920043,UP,280
2024-04-09,WGC_2026_NY3,US,2024-04-09T12:00:00+00:00,2024-04-09T21:00:00+00:00,2024-04-08,1,2024,0,DOWN,0.7086377348248699,UP,280
2024-04-10,WGC_2026_NY3,US,2024-04-10T12:00:00+00:00,2024-04-10T21:00:00+00:00,2024-04-09,1,2024,0,DOWN,0.7984806492698042,UP,280
2024-04-11,WGC_2026_NY3,US,2024-04-11T12:00:00+00:00,2024-04-11T21:00:00+00:00,2024-04-10,1,2024,1,UP,0.6738009692684993,UP,285
2024-04-12,WGC_2026_NY3,US,2024-04-12T12:00:00+00:00,2024-04-12T21:00:00+00:00,2024-04-11,1,2024,0,DOWN,0.6111485734741111,UP,285
2024-04-15,WGC_2026_NY3,US,2024-04-15T12:00:00+00:00,2024-04-15T21:00:00+00:00,2024-04-12,3,2024,1,UP,0.6258028293291854,UP,285
2024-04-16,WGC_2026_NY3,US,2024-04-16T12:00:00+00:00,2024-04-16T21:00:00+00:00,2024-04-15,1,2024,1,UP,0.6761444016117809,UP,285
2024-04-17,WGC_2026_NY3,US,2024-04-17T12:00:00+00:00,2024-04-17T21:00:00+00:00,2024-04-16,1,2024,0,DOWN,0.7083977018301882,UP,285
2024-04-18,WGC_2026_NY3,US,2024-04-18T12:00:00+00:00,2024-04-18T21:00:00+00:00,2024-04-17,1,2024,0,DOWN,0.6090229004035447,UP,290
2024-04-19,WGC_2026_NY3,US,2024-04-19T12:00:00+00:00,2024-04-19T21:00:00+00:00,2024-04-18,1,2024,1,UP,0.6811880792963223,UP,290
2024-04-22,WGC_2026_NY3,US,2024-04-22T12:00:00+00:00,2024-04-22T21:00:00+00:00,2024-04-19,3,2024,0,DOWN,0.6655931829853992,UP,290
2024-04-23,WGC_2026_NY3,US,2024-04-23T12:00:00+00:00,2024-04-23T21:00:00+00:00,2024-04-22,1,2024,1,UP,0.6334844632881751,UP,290
2024-04-24,WGC_2026_NY3,US,2024-04-24T12:00:00+00:00,2024-04-24T21:00:00+00:00,2024-04-23,1,2024,0,DOWN,0.67104868776801,UP,290
2024-04-25,WGC_2026_NY3,US,2024-04-25T12:00:00+00:00,2024-04-25T21:00:00+00:00,2024-04-24,1,2024,1,UP,0.5018362123182014,UP,295
2024-04-26,WGC_2026_NY3,US,2024-04-26T12:00:00+00:00,2024-04-26T21:00:00+00:00,2024-04-25,1,2024,0,DOWN,0.48875207738308385,DOWN,295
2024-04-29,WGC_2026_NY3,US,2024-04-29T12:00:00+00:00,2024-04-29T21:00:00+00:00,2024-04-26,3,2024,0,DOWN,0.6162129191630873,UP,295
2024-04-30,WGC_2026_NY3,US,2024-04-30T12:00:00+00:00,2024-04-30T21:00:00+00:00,2024-04-29,1,2024,0,DOWN,0.6628063888543554,UP,295
2024-05-01,WGC_2026_NY3,US,2024-05-01T12:00:00+00:00,2024-05-01T21:00:00+00:00,2024-04-30,1,2024,1,UP,0.6981932395537311,UP,295
2024-05-02,WGC_2026_NY3,US,2024-05-02T12:00:00+00:00,2024-05-02T21:00:00+00:00,2024-05-01,1,2024,1,UP,0.5655741183105736,UP,300
2024-05-03,WGC_2026_NY3,US,2024-05-03T12:00:00+00:00,2024-05-03T21:00:00+00:00,2024-05-02,1,2024,1,UP,0.5117527883920282,UP,300
2024-05-06,WGC_2026_NY3,US,2024-05-06T12:00:00+00:00,2024-05-06T21:00:00+00:00,2024-05-03,3,2024,1,UP,0.4554714779721932,DOWN,300
2024-05-07,WGC_2026_NY3,US,2024-05-07T12:00:00+00:00,2024-05-07T21:00:00+00:00,2024-05-03,4,2024,1,UP,0.4554714779721932,DOWN,300
2024-05-08,WGC_2026_NY3,US,2024-05-08T12:00:00+00:00,2024-05-08T21:00:00+00:00,2024-05-07,1,2024,0,DOWN,0.3922119292741908,DOWN,300
2024-05-09,WGC_2026_NY3,US,2024-05-09T12:00:00+00:00,2024-05-09T21:00:00+00:00,2024-05-08,1,2024,1,UP,0.6294403315580542,UP,305
2024-05-10,WGC_2026_NY3,US,2024-05-10T12:00:00+00:00,2024-05-10T21:00:00+00:00,2024-05-09,1,2024,0,DOWN,0.641490891071825,UP,305
2024-05-13,WGC_2026_NY3,US,2024-05-13T12:00:00+00:00,2024-05-13T21:00:00+00:00,2024-05-10,3,2024,0,DOWN,0.6075697765074137,UP,305
2024-05-14,WGC_2026_NY3,US,2024-05-14T12:00:00+00:00,2024-05-14T21:00:00+00:00,2024-05-13,1,2024,1,UP,0.7441676998698679,UP,305
2024-05-15,WGC_2026_NY3,US,2024-05-15T12:00:00+00:00,2024-05-15T21:00:00+00:00,2024-05-14,1,2024,1,UP,0.5879703800292108,UP,305
2024-05-16,WGC_2026_NY3,US,2024-05-16T12:00:00+00:00,2024-05-16T21:00:00+00:00,2024-05-15,1,2024,0,DOWN,0.67914508011248,UP,310
2024-05-17,WGC_2026_NY3,US,2024-05-17T12:00:00+00:00,2024-05-17T21:00:00+00:00,2024-05-16,1,2024,1,UP,0.61525247182628,UP,310
2024-05-20,WGC_2026_NY3,US,2024-05-20T12:00:00+00:00,2024-05-20T21:00:00+00:00,2024-05-17,3,2024,0,DOWN,0.5195173319590598,UP,310
2024-05-21,WGC_2026_NY3,US,2024-05-21T12:00:00+00:00,2024-05-21T21:00:00+00:00,2024-05-20,1,2024,0,DOWN,0.5658512939043054,UP,310
2024-05-22,WGC_2026_NY3,US,2024-05-22T12:00:00+00:00,2024-05-22T21:00:00+00:00,2024-05-21,1,2024,0,DOWN,0.6372537746107569,UP,310
2024-05-23,WGC_2026_NY3,US,2024-05-23T12:00:00+00:00,2024-05-23T21:00:00+00:00,2024-05-22,1,2024,0,DOWN,0.6250123145356471,UP,315
2024-05-24,WGC_2026_NY3,US,2024-05-24T12:00:00+00:00,2024-05-24T21:00:00+00:00,2024-05-23,1,2024,0,DOWN,0.5946956381063006,UP,315
2024-05-28,WGC_2026_NY3,US,2024-05-28T12:00:00+00:00,2024-05-28T21:00:00+00:00,2024-05-24,4,2024,1,UP,0.5361089650254229,UP,315
2024-05-29,WGC_2026_NY3,US,2024-05-29T12:00:00+00:00,2024-05-29T21:00:00+00:00,2024-05-28,1,2024,0,DOWN,0.4318903961966954,DOWN,315
2024-05-30,WGC_2026_NY3,US,2024-05-30T12:00:00+00:00,2024-05-30T21:00:00+00:00,2024-05-29,1,2024,1,UP,0.43331609124423426,DOWN,315
2024-05-31,WGC_2026_NY3,US,2024-05-31T12:00:00+00:00,2024-05-31T21:00:00+00:00,2024-05-30,1,2024,0,DOWN,0.3999360108914353,DOWN,320
2024-06-03,WGC_2026_NY3,US,2024-06-03T12:00:00+00:00,2024-06-03T21:00:00+00:00,2024-05-31,3,2024,1,UP,0.4997641851956118,DOWN,320
2024-06-04,WGC_2026_NY3,US,2024-06-04T12:00:00+00:00,2024-06-04T21:00:00+00:00,2024-06-03,1,2024,0,DOWN,0.6225144857195659,UP,320
2024-06-05,WGC_2026_NY3,US,2024-06-05T12:00:00+00:00,2024-06-05T21:00:00+00:00,2024-06-04,1,2024,1,UP,0.5108932400128394,UP,320
2024-06-06,WGC_2026_NY3,US,2024-06-06T12:00:00+00:00,2024-06-06T21:00:00+00:00,2024-06-05,1,2024,1,UP,0.5349161179374393,UP,320
2024-06-07,WGC_2026_NY3,US,2024-06-07T12:00:00+00:00,2024-06-07T21:00:00+00:00,2024-06-06,1,2024,0,DOWN,0.5484293813681786,UP,325
2024-06-10,WGC_2026_NY3,US,2024-06-10T12:00:00+00:00,2024-06-10T21:00:00+00:00,2024-06-07,3,2024,1,UP,0.6250537338296491,UP,325
2024-06-11,WGC_2026_NY3,US,2024-06-11T12:00:00+00:00,2024-06-11T21:00:00+00:00,2024-06-10,1,2024,1,UP,0.5504378047308127,UP,325
2024-06-12,WGC_2026_NY3,US,2024-06-12T12:00:00+00:00,2024-06-12T21:00:00+00:00,2024-06-11,1,2024,1,UP,0.4430672096808707,DOWN,325
2024-06-13,WGC_2026_NY3,US,2024-06-13T12:00:00+00:00,2024-06-13T21:00:00+00:00,2024-06-12,1,2024,0,DOWN,0.47113148836735164,DOWN,325
2024-06-14,WGC_2026_NY3,US,2024-06-14T12:00:00+00:00,2024-06-14T21:00:00+00:00,2024-06-13,1,2024,1,UP,0.45620934143460556,DOWN,330
2024-06-17,WGC_2026_NY3,US,2024-06-17T12:00:00+00:00,2024-06-17T21:00:00+00:00,2024-06-14,3,2024,1,UP,0.5357996313118006,UP,330
2024-06-18,WGC_2026_NY3,US,2024-06-18T12:00:00+00:00,2024-06-18T21:00:00+00:00,2024-06-17,1,2024,1,UP,0.5592531839084851,UP,330
2024-06-20,WGC_2026_NY3,US,2024-06-20T12:00:00+00:00,2024-06-20T21:00:00+00:00,2024-06-19,1,2024,1,UP,0.4531404934702777,DOWN,330
2024-06-21,WGC_2026_NY3,US,2024-06-21T12:00:00+00:00,2024-06-21T21:00:00+00:00,2024-06-20,1,2024,0,DOWN,0.4502425220381025,DOWN,330
2024-06-24,WGC_2026_NY3,US,2024-06-24T12:00:00+00:00,2024-06-24T21:00:00+00:00,2024-06-21,3,2024,1,UP,0.46276292346647135,DOWN,335
2024-06-25,WGC_2026_NY3,US,2024-06-25T12:00:00+00:00,2024-06-25T21:00:00+00:00,2024-06-24,1,2024,0,DOWN,0.6180993721256369,UP,335
2024-06-26,WGC_2026_NY3,US,2024-06-26T12:00:00+00:00,2024-06-26T21:00:00+00:00,2024-06-25,1,2024,0,DOWN,0.4233696741125036,DOWN,335
2024-06-27,WGC_2026_NY3,US,2024-06-27T12:00:00+00:00,2024-06-27T21:00:00+00:00,2024-06-26,1,2024,1,UP,0.46816944932432614,DOWN,335
2024-06-28,WGC_2026_NY3,US,2024-06-28T12:00:00+00:00,2024-06-28T21:00:00+00:00,2024-06-27,1,2024,0,DOWN,0.4354550544050704,DOWN,335
2024-07-01,WGC_2026_NY3,US,2024-07-01T12:00:00+00:00,2024-07-01T21:00:00+00:00,2024-06-28,3,2024,0,DOWN,0.3132629089923563,DOWN,340
2024-07-02,WGC_2026_NY3,US,2024-07-02T12:00:00+00:00,2024-07-02T21:00:00+00:00,2024-07-01,1,2024,1,UP,0.4074579422865216,DOWN,340
2024-07-03,WGC_2026_NY3,US,2024-07-03T12:00:00+00:00,2024-07-03T21:00:00+00:00,2024-07-02,1,2024,1,UP,0.42409576508184155,DOWN,340
2024-07-05,WGC_2026_NY3,US,2024-07-05T12:00:00+00:00,2024-07-05T21:00:00+00:00,2024-07-04,1,2024,1,UP,0.5126662756321494,UP,340
2024-07-08,WGC_2026_NY3,US,2024-07-08T12:00:00+00:00,2024-07-08T21:00:00+00:00,2024-07-05,3,2024,0,DOWN,0.46873030856172776,DOWN,340
2024-07-09,WGC_2026_NY3,US,2024-07-09T12:00:00+00:00,2024-07-09T21:00:00+00:00,2024-07-08,1,2024,1,UP,0.4400143067556811,DOWN,345
2024-07-10,WGC_2026_NY3,US,2024-07-10T12:00:00+00:00,2024-07-10T21:00:00+00:00,2024-07-09,1,2024,0,DOWN,0.4358677554320892,DOWN,345
2024-07-11,WGC_2026_NY3,US,2024-07-11T12:00:00+00:00,2024-07-11T21:00:00+00:00,2024-07-10,1,2024,1,UP,0.399853117695719,DOWN,345
2024-07-12,WGC_2026_NY3,US,2024-07-12T12:00:00+00:00,2024-07-12T21:00:00+00:00,2024-07-11,1,2024,1,UP,0.3985410428139697,DOWN,345
2024-07-15,WGC_2026_NY3,US,2024-07-15T12:00:00+00:00,2024-07-15T21:00:00+00:00,2024-07-12,3,2024,1,UP,0.4786127712405023,DOWN,345
2024-07-16,WGC_2026_NY3,US,2024-07-16T12:00:00+00:00,2024-07-16T21:00:00+00:00,2024-07-15,1,2024,1,UP,0.46644796378378567,DOWN,350
2024-07-17,WGC_2026_NY3,US,2024-07-17T12:00:00+00:00,2024-07-17T21:00:00+00:00,2024-07-16,1,2024,0,DOWN,0.4494444953246292,DOWN,350
2024-07-18,WGC_2026_NY3,US,2024-07-18T12:00:00+00:00,2024-07-18T21:00:00+00:00,2024-07-17,1,2024,0,DOWN,0.5905501078082018,UP,350
2024-07-19,WGC_2026_NY3,US,2024-07-19T12:00:00+00:00,2024-07-19T21:00:00+00:00,2024-07-18,1,2024,0,DOWN,0.534094138269371,UP,350
2024-07-22,WGC_2026_NY3,US,2024-07-22T12:00:00+00:00,2024-07-22T21:00:00+00:00,2024-07-19,3,2024,0,DOWN,0.4919377257309688,DOWN,350
2024-07-23,WGC_2026_NY3,US,2024-07-23T12:00:00+00:00,2024-07-23T21:00:00+00:00,2024-07-22,1,2024,1,UP,0.3901727635664379,DOWN,355
2024-07-24,WGC_2026_NY3,US,2024-07-24T12:00:00+00:00,2024-07-24T21:00:00+00:00,2024-07-23,1,2024,0,DOWN,0.34516553435108727,DOWN,355
2024-07-25,WGC_2026_NY3,US,2024-07-25T12:00:00+00:00,2024-07-25T21:00:00+00:00,2024-07-24,1,2024,0,DOWN,0.3991080431390306,DOWN,355
2024-07-26,WGC_2026_NY3,US,2024-07-26T12:00:00+00:00,2024-07-26T21:00:00+00:00,2024-07-25,1,2024,1,UP,0.4758783788570488,DOWN,355
2024-07-29,WGC_2026_NY3,US,2024-07-29T12:00:00+00:00,2024-07-29T21:00:00+00:00,2024-07-26,3,2024,0,DOWN,0.4289787637099524,DOWN,355
2024-07-30,WGC_2026_NY3,US,2024-07-30T12:00:00+00:00,2024-07-30T21:00:00+00:00,2024-07-29,1,2024,1,UP,0.4540203904447247,DOWN,360
2024-07-31,WGC_2026_NY3,US,2024-07-31T12:00:00+00:00,2024-07-31T21:00:00+00:00,2024-07-30,1,2024,1,UP,0.5283471438628563,UP,360
2024-08-01,WGC_2026_NY3,US,2024-08-01T12:00:00+00:00,2024-08-01T21:00:00+00:00,2024-07-31,1,2024,1,UP,0.4465451006855332,DOWN,360
2024-08-02,WGC_2026_NY3,US,2024-08-02T12:00:00+00:00,2024-08-02T21:00:00+00:00,2024-08-01,1,2024,0,DOWN,0.53076096443308,UP,360
2024-08-05,WGC_2026_NY3,US,2024-08-05T12:00:00+00:00,2024-08-05T21:00:00+00:00,2024-08-02,3,2024,1,UP,0.553829799285397,UP,360
2024-08-06,WGC_2026_NY3,US,2024-08-06T12:00:00+00:00,2024-08-06T21:00:00+00:00,2024-08-05,1,2024,0,DOWN,0.5495682633740893,UP,365
2024-08-07,WGC_2026_NY3,US,2024-08-07T12:00:00+00:00,2024-08-07T21:00:00+00:00,2024-08-06,1,2024,0,DOWN,0.48366765582692467,DOWN,365
2024-08-08,WGC_2026_NY3,US,2024-08-08T12:00:00+00:00,2024-08-08T21:00:00+00:00,2024-08-07,1,2024,1,UP,0.48552961298474706,DOWN,365
2024-08-09,WGC_2026_NY3,US,2024-08-09T12:00:00+00:00,2024-08-09T21:00:00+00:00,2024-08-08,1,2024,1,UP,0.437994644387715,DOWN,365
2024-08-12,WGC_2026_NY3,US,2024-08-12T12:00:00+00:00,2024-08-12T21:00:00+00:00,2024-08-09,3,2024,1,UP,0.3579424288709391,DOWN,365
2024-08-13,WGC_2026_NY3,US,2024-08-13T12:00:00+00:00,2024-08-13T21:00:00+00:00,2024-08-12,1,2024,0,DOWN,0.5123431419555222,UP,370
2024-08-14,WGC_2026_NY3,US,2024-08-14T12:00:00+00:00,2024-08-14T21:00:00+00:00,2024-08-13,1,2024,0,DOWN,0.5029682189175578,UP,370
2024-08-15,WGC_2026_NY3,US,2024-08-15T12:00:00+00:00,2024-08-15T21:00:00+00:00,2024-08-14,1,2024,0,DOWN,0.5342494262690566,UP,370
2024-08-16,WGC_2026_NY3,US,2024-08-16T12:00:00+00:00,2024-08-16T21:00:00+00:00,2024-08-15,1,2024,1,UP,0.5765135393448133,UP,370
2024-08-19,WGC_2026_NY3,US,2024-08-19T12:00:00+00:00,2024-08-19T21:00:00+00:00,2024-08-16,3,2024,1,UP,0.5599935057318478,UP,370
2024-08-20,WGC_2026_NY3,US,2024-08-20T12:00:00+00:00,2024-08-20T21:00:00+00:00,2024-08-19,1,2024,0,DOWN,0.4036956982580338,DOWN,375
2024-08-21,WGC_2026_NY3,US,2024-08-21T12:00:00+00:00,2024-08-21T21:00:00+00:00,2024-08-20,1,2024,1,UP,0.4907718613433477,DOWN,375
2024-08-22,WGC_2026_NY3,US,2024-08-22T12:00:00+00:00,2024-08-22T21:00:00+00:00,2024-08-21,1,2024,0,DOWN,0.4659722535416122,DOWN,375
2024-08-23,WGC_2026_NY3,US,2024-08-23T12:00:00+00:00,2024-08-23T21:00:00+00:00,2024-08-22,1,2024,1,UP,0.49996901579459624,DOWN,375
2024-08-26,WGC_2026_NY3,US,2024-08-26T12:00:00+00:00,2024-08-26T21:00:00+00:00,2024-08-23,3,2024,0,DOWN,0.49122672850582444,DOWN,375
2024-08-27,WGC_2026_NY3,US,2024-08-27T12:00:00+00:00,2024-08-27T21:00:00+00:00,2024-08-23,4,2024,1,UP,0.48399857568269433,DOWN,380
2024-08-28,WGC_2026_NY3,US,2024-08-28T12:00:00+00:00,2024-08-28T21:00:00+00:00,2024-08-27,1,2024,1,UP,0.4786677160488369,DOWN,380
2024-08-29,WGC_2026_NY3,US,2024-08-29T12:00:00+00:00,2024-08-29T21:00:00+00:00,2024-08-28,1,2024,1,UP,0.40553001731416266,DOWN,380
2024-08-30,WGC_2026_NY3,US,2024-08-30T12:00:00+00:00,2024-08-30T21:00:00+00:00,2024-08-29,1,2024,0,DOWN,0.47455330398464096,DOWN,380
2024-09-03,WGC_2026_NY3,US,2024-09-03T12:00:00+00:00,2024-09-03T21:00:00+00:00,2024-09-02,1,2024,1,UP,0.4837896546225344,DOWN,380
2024-09-04,WGC_2026_NY3,US,2024-09-04T12:00:00+00:00,2024-09-04T21:00:00+00:00,2024-09-03,1,2024,1,UP,0.45215760974786945,DOWN,385
2024-09-05,WGC_2026_NY3,US,2024-09-05T12:00:00+00:00,2024-09-05T21:00:00+00:00,2024-09-04,1,2024,1,UP,0.46570918685675344,DOWN,385
2024-09-06,WGC_2026_NY3,US,2024-09-06T12:00:00+00:00,2024-09-06T21:00:00+00:00,2024-09-05,1,2024,0,DOWN,0.5123355452884087,UP,385
2024-09-09,WGC_2026_NY3,US,2024-09-09T12:00:00+00:00,2024-09-09T21:00:00+00:00,2024-09-06,3,2024,1,UP,0.5072022164591061,UP,385
2024-09-10,WGC_2026_NY3,US,2024-09-10T12:00:00+00:00,2024-09-10T21:00:00+00:00,2024-09-09,1,2024,1,UP,0.5886458796251218,UP,385
2024-09-11,WGC_2026_NY3,US,2024-09-11T12:00:00+00:00,2024-09-11T21:00:00+00:00,2024-09-10,1,2024,0,DOWN,0.48022627567551984,DOWN,390
2024-09-12,WGC_2026_NY3,US,2024-09-12T12:00:00+00:00,2024-09-12T21:00:00+00:00,2024-09-11,1,2024,1,UP,0.4515737763141542,DOWN,390
2024-09-13,WGC_2026_NY3,US,2024-09-13T12:00:00+00:00,2024-09-13T21:00:00+00:00,2024-09-12,1,2024,1,UP,0.5494139691925651,UP,390
2024-09-16,WGC_2026_NY3,US,2024-09-16T12:00:00+00:00,2024-09-16T21:00:00+00:00,2024-09-13,3,2024,0,DOWN,0.4918497453948966,DOWN,390
2024-09-17,WGC_2026_NY3,US,2024-09-17T12:00:00+00:00,2024-09-17T21:00:00+00:00,2024-09-16,1,2024,0,DOWN,0.5156540484681916,UP,390
2024-09-18,WGC_2026_NY3,US,2024-09-18T12:00:00+00:00,2024-09-18T21:00:00+00:00,2024-09-17,1,2024,0,DOWN,0.5243029945702549,UP,395
2024-09-19,WGC_2026_NY3,US,2024-09-19T12:00:00+00:00,2024-09-19T21:00:00+00:00,2024-09-18,1,2024,0,DOWN,0.49241238529611225,DOWN,395
2024-09-20,WGC_2026_NY3,US,2024-09-20T12:00:00+00:00,2024-09-20T21:00:00+00:00,2024-09-19,1,2024,1,UP,0.4924840909913707,DOWN,395
2024-09-23,WGC_2026_NY3,US,2024-09-23T12:00:00+00:00,2024-09-23T21:00:00+00:00,2024-09-20,3,2024,1,UP,0.4414799060732222,DOWN,395
2024-09-24,WGC_2026_NY3,US,2024-09-24T12:00:00+00:00,2024-09-24T21:00:00+00:00,2024-09-23,1,2024,1,UP,0.3734774764473702,DOWN,395
2024-09-25,WGC_2026_NY3,US,2024-09-25T12:00:00+00:00,2024-09-25T21:00:00+00:00,2024-09-24,1,2024,0,DOWN,0.5456688489915096,UP,400
2024-09-26,WGC_2026_NY3,US,2024-09-26T12:00:00+00:00,2024-09-26T21:00:00+00:00,2024-09-25,1,2024,0,DOWN,0.5213495637232517,UP,400
2024-09-27,WGC_2026_NY3,US,2024-09-27T12:00:00+00:00,2024-09-27T21:00:00+00:00,2024-09-26,1,2024,0,DOWN,0.5518591323369468,UP,400
2024-09-30,WGC_2026_NY3,US,2024-09-30T12:00:00+00:00,2024-09-30T21:00:00+00:00,2024-09-27,3,2024,0,DOWN,0.5633355525582623,UP,400
2024-10-01,WGC_2026_NY3,US,2024-10-01T12:00:00+00:00,2024-10-01T21:00:00+00:00,2024-09-30,1,2024,1,UP,0.453877829198885,DOWN,400
2024-10-02,WGC_2026_NY3,US,2024-10-02T12:00:00+00:00,2024-10-02T21:00:00+00:00,2024-10-01,1,2024,1,UP,0.43628471847684636,DOWN,405
2024-10-03,WGC_2026_NY3,US,2024-10-03T12:00:00+00:00,2024-10-03T21:00:00+00:00,2024-10-02,1,2024,1,UP,0.4657267538010862,DOWN,405
2024-10-04,WGC_2026_NY3,US,2024-10-04T12:00:00+00:00,2024-10-04T21:00:00+00:00,2024-10-03,1,2024,0,DOWN,0.4152863607263225,DOWN,405
2024-10-07,WGC_2026_NY3,US,2024-10-07T12:00:00+00:00,2024-10-07T21:00:00+00:00,2024-10-04,3,2024,0,DOWN,0.441179518859035,DOWN,405
2024-10-08,WGC_2026_NY3,US,2024-10-08T12:00:00+00:00,2024-10-08T21:00:00+00:00,2024-10-07,1,2024,0,DOWN,0.4223372010953043,DOWN,405
2024-10-09,WGC_2026_NY3,US,2024-10-09T12:00:00+00:00,2024-10-09T21:00:00+00:00,2024-10-08,1,2024,0,DOWN,0.4729147788173459,DOWN,410
2024-10-10,WGC_2026_NY3,US,2024-10-10T12:00:00+00:00,2024-10-10T21:00:00+00:00,2024-10-09,1,2024,1,UP,0.5328562471468575,UP,410
2024-10-11,WGC_2026_NY3,US,2024-10-11T12:00:00+00:00,2024-10-11T21:00:00+00:00,2024-10-10,1,2024,1,UP,0.5212318713046853,UP,410
2024-10-14,WGC_2026_NY3,US,2024-10-14T12:00:00+00:00,2024-10-14T21:00:00+00:00,2024-10-11,3,2024,0,DOWN,0.48200288518859835,DOWN,410
2024-10-15,WGC_2026_NY3,US,2024-10-15T12:00:00+00:00,2024-10-15T21:00:00+00:00,2024-10-14,1,2024,1,UP,0.4698747410107722,DOWN,410
2024-10-16,WGC_2026_NY3,US,2024-10-16T12:00:00+00:00,2024-10-16T21:00:00+00:00,2024-10-15,1,2024,0,DOWN,0.4423639102655662,DOWN,415
2024-10-17,WGC_2026_NY3,US,2024-10-17T12:00:00+00:00,2024-10-17T21:00:00+00:00,2024-10-16,1,2024,1,UP,0.45358154766144765,DOWN,415
2024-10-18,WGC_2026_NY3,US,2024-10-18T12:00:00+00:00,2024-10-18T21:00:00+00:00,2024-10-17,1,2024,1,UP,0.4810019255533041,DOWN,415
2024-10-21,WGC_2026_NY3,US,2024-10-21T12:00:00+00:00,2024-10-21T21:00:00+00:00,2024-10-18,3,2024,0,DOWN,0.46568753471658486,DOWN,415
2024-10-22,WGC_2026_NY3,US,2024-10-22T12:00:00+00:00,2024-10-22T21:00:00+00:00,2024-10-21,1,2024,1,UP,0.35921834285402043,DOWN,415
2024-10-23,WGC_2026_NY3,US,2024-10-23T12:00:00+00:00,2024-10-23T21:00:00+00:00,2024-10-22,1,2024,0,DOWN,0.4941948466350457,DOWN,420
2024-10-24,WGC_2026_NY3,US,2024-10-24T12:00:00+00:00,2024-10-24T21:00:00+00:00,2024-10-23,1,2024,0,DOWN,0.4815407426048138,DOWN,420
2024-10-25,WGC_2026_NY3,US,2024-10-25T12:00:00+00:00,2024-10-25T21:00:00+00:00,2024-10-24,1,2024,1,UP,0.4837703026532405,DOWN,420
2024-10-28,WGC_2026_NY3,US,2024-10-28T12:00:00+00:00,2024-10-28T21:00:00+00:00,2024-10-25,3,2024,1,UP,0.3893163479031054,DOWN,420
2024-10-29,WGC_2026_NY3,US,2024-10-29T12:00:00+00:00,2024-10-29T21:00:00+00:00,2024-10-28,1,2024,1,UP,0.4503699453604329,DOWN,420
2024-10-30,WGC_2026_NY3,US,2024-10-30T12:00:00+00:00,2024-10-30T21:00:00+00:00,2024-10-29,1,2024,1,UP,0.4687976885093703,DOWN,425
2024-10-31,WGC_2026_NY3,US,2024-10-31T12:00:00+00:00,2024-10-31T21:00:00+00:00,2024-10-30,1,2024,0,DOWN,0.3572745357397626,DOWN,425
2024-11-01,WGC_2026_NY3,US,2024-11-01T12:00:00+00:00,2024-11-01T21:00:00+00:00,2024-10-31,1,2024,0,DOWN,0.3945047487159645,DOWN,425
2024-11-04,WGC_2026_NY3,US,2024-11-04T13:00:00+00:00,2024-11-04T22:00:00+00:00,2024-11-01,3,2024,0,DOWN,0.5597253518724558,UP,425
2024-11-05,WGC_2026_NY3,US,2024-11-05T13:00:00+00:00,2024-11-05T22:00:00+00:00,2024-11-04,1,2024,1,UP,0.5418487191873657,UP,425
2024-11-06,WGC_2026_NY3,US,2024-11-06T13:00:00+00:00,2024-11-06T22:00:00+00:00,2024-11-05,1,2024,0,DOWN,0.5021298378923088,UP,430
2024-11-07,WGC_2026_NY3,US,2024-11-07T13:00:00+00:00,2024-11-07T22:00:00+00:00,2024-11-06,1,2024,1,UP,0.46070412952081014,DOWN,430
2024-11-08,WGC_2026_NY3,US,2024-11-08T13:00:00+00:00,2024-11-08T22:00:00+00:00,2024-11-07,1,2024,0,DOWN,0.5223058565158273,UP,430
2024-11-11,WGC_2026_NY3,US,2024-11-11T13:00:00+00:00,2024-11-11T22:00:00+00:00,2024-11-08,3,2024,0,DOWN,0.45161882601144826,DOWN,430
2024-11-12,WGC_2026_NY3,US,2024-11-12T13:00:00+00:00,2024-11-12T22:00:00+00:00,2024-11-11,1,2024,0,DOWN,0.4681164601756441,DOWN,430
2024-11-13,WGC_2026_NY3,US,2024-11-13T13:00:00+00:00,2024-11-13T22:00:00+00:00,2024-11-12,1,2024,0,DOWN,0.5191468817357923,UP,435
2024-11-14,WGC_2026_NY3,US,2024-11-14T13:00:00+00:00,2024-11-14T22:00:00+00:00,2024-11-13,1,2024,1,UP,0.4742100909420009,DOWN,435
2024-11-15,WGC_2026_NY3,US,2024-11-15T13:00:00+00:00,2024-11-15T22:00:00+00:00,2024-11-14,1,2024,0,DOWN,0.646437232961195,UP,435
2024-11-18,WGC_2026_NY3,US,2024-11-18T13:00:00+00:00,2024-11-18T22:00:00+00:00,2024-11-15,3,2024,1,UP,0.5194598158975481,UP,435
2024-11-19,WGC_2026_NY3,US,2024-11-19T13:00:00+00:00,2024-11-19T22:00:00+00:00,2024-11-18,1,2024,0,DOWN,0.5421944536490411,UP,435
2024-11-20,WGC_2026_NY3,US,2024-11-20T13:00:00+00:00,2024-11-20T22:00:00+00:00,2024-11-19,1,2024,1,UP,0.5415313805919925,UP,440
2024-11-21,WGC_2026_NY3,US,2024-11-21T13:00:00+00:00,2024-11-21T22:00:00+00:00,2024-11-20,1,2024,1,UP,0.5729886649677379,UP,440
2024-11-22,WGC_2026_NY3,US,2024-11-22T13:00:00+00:00,2024-11-22T22:00:00+00:00,2024-11-21,1,2024,1,UP,0.5445507653849062,UP,440
2024-11-25,WGC_2026_NY3,US,2024-11-25T13:00:00+00:00,2024-11-25T22:00:00+00:00,2024-11-22,3,2024,0,DOWN,0.6464592594464617,UP,440
2024-11-26,WGC_2026_NY3,US,2024-11-26T13:00:00+00:00,2024-11-26T22:00:00+00:00,2024-11-25,1,2024,1,UP,0.6278027229282442,UP,440
2024-11-27,WGC_2026_NY3,US,2024-11-27T13:00:00+00:00,2024-11-27T22:00:00+00:00,2024-11-26,1,2024,0,DOWN,0.5384918180696887,UP,445
2024-12-02,WGC_2026_NY3,US,2024-12-02T13:00:00+00:00,2024-12-02T22:00:00+00:00,2024-11-29,3,2024,0,DOWN,0.43305398786821775,DOWN,445
2024-12-03,WGC_2026_NY3,US,2024-12-03T13:00:00+00:00,2024-12-03T22:00:00+00:00,2024-12-02,1,2024,1,UP,0.5333504941618549,UP,445
2024-12-04,WGC_2026_NY3,US,2024-12-04T13:00:00+00:00,2024-12-04T22:00:00+00:00,2024-12-03,1,2024,1,UP,0.5869496787402426,UP,445
2024-12-05,WGC_2026_NY3,US,2024-12-05T13:00:00+00:00,2024-12-05T22:00:00+00:00,2024-12-04,1,2024,0,DOWN,0.5200539549318615,UP,445
2024-12-06,WGC_2026_NY3,US,2024-12-06T13:00:00+00:00,2024-12-06T22:00:00+00:00,2024-12-05,1,2024,0,DOWN,0.5569063079228999,UP,450
2024-12-09,WGC_2026_NY3,US,2024-12-09T13:00:00+00:00,2024-12-09T22:00:00+00:00,2024-12-06,3,2024,1,UP,0.5778160028167155,UP,450
2024-12-10,WGC_2026_NY3,US,2024-12-10T13:00:00+00:00,2024-12-10T22:00:00+00:00,2024-12-09,1,2024,1,UP,0.6203788741998908,UP,450
2024-12-11,WGC_2026_NY3,US,2024-12-11T13:00:00+00:00,2024-12-11T22:00:00+00:00,2024-12-10,1,2024,1,UP,0.4913937224983785,DOWN,450
2024-12-12,WGC_2026_NY3,US,2024-12-12T13:00:00+00:00,2024-12-12T22:00:00+00:00,2024-12-11,1,2024,0,DOWN,0.5766661660437444,UP,450
2024-12-13,WGC_2026_NY3,US,2024-12-13T13:00:00+00:00,2024-12-13T22:00:00+00:00,2024-12-12,1,2024,0,DOWN,0.578064836278557,UP,455
2024-12-16,WGC_2026_NY3,US,2024-12-16T13:00:00+00:00,2024-12-16T22:00:00+00:00,2024-12-13,3,2024,0,DOWN,0.6290194299748476,UP,455
2024-12-17,WGC_2026_NY3,US,2024-12-17T13:00:00+00:00,2024-12-17T22:00:00+00:00,2024-12-16,1,2024,1,UP,0.5316631994596805,UP,455
2024-12-18,WGC_2026_NY3,US,2024-12-18T13:00:00+00:00,2024-12-18T22:00:00+00:00,2024-12-17,1,2024,0,DOWN,0.5565095102881655,UP,455
2024-12-19,WGC_2026_NY3,US,2024-12-19T13:00:00+00:00,2024-12-19T22:00:00+00:00,2024-12-18,1,2024,0,DOWN,0.4470920591646905,DOWN,455
2024-12-20,WGC_2026_NY3,US,2024-12-20T13:00:00+00:00,2024-12-20T22:00:00+00:00,2024-12-19,1,2024,1,UP,0.4464564212126702,DOWN,460
2024-12-23,WGC_2026_NY3,US,2024-12-23T13:00:00+00:00,2024-12-23T22:00:00+00:00,2024-12-20,3,2024,0,DOWN,0.4209255413788976,DOWN,460
2024-12-26,WGC_2026_NY3,US,2024-12-26T13:00:00+00:00,2024-12-26T22:00:00+00:00,2024-12-24,2,2024,1,UP,0.44510480866201996,DOWN,460
2024-12-27,WGC_2026_NY3,US,2024-12-27T13:00:00+00:00,2024-12-27T22:00:00+00:00,2024-12-24,3,2024,0,DOWN,0.44510480866201996,DOWN,460
2024-12-30,WGC_2026_NY3,US,2024-12-30T13:00:00+00:00,2024-12-30T22:00:00+00:00,2024-12-27,3,2024,0,DOWN,0.40828490653694316,DOWN,460
2024-12-31,WGC_2026_NY3,US,2024-12-31T13:00:00+00:00,2024-12-31T22:00:00+00:00,2024-12-30,1,2024,1,UP,0.4423384971851715,DOWN,465
