origin_date,target_date,dr_d,dr_w,dr_m,sd_d,sd_w,sd_m,qt_d,qt_w,qt_m,rqminus,m_intraday_returns,me_sd,me_interaction,target_dr,target_sd,target_qt,target_close_return,evaluation_year,high_risk_threshold,extreme_return_threshold,raw_forecast_dr,sqrt_forecast_dr,quartic_forecast_dr,me_forecast_dr
2021-12-30,2022-01-03,1.1498991431962766e-05,1.3367004267236647e-05,2.9565341080504934e-05,0.0033910162830577454,0.003612993704375072,0.005155963406294818,0.05823243325722999,0.05992846561805296,0.07091201807121132,8.113583409405846e-10,275,0.00028316211096307,9.602073290207745e-07,3.0800347928470875e-05,0.005549806116295494,0.07449702085516906,-0.0077489513852337785,2022,6.32933221220843e-05,-0.01691557255196796,2.4277108285498598e-05,1.9195438354966016e-05,1.7717387637066797e-05,1.9026939809753752e-05
2022-01-03,2022-01-04,3.0800347928470875e-05,1.7439070245114047e-05,2.6828570182888143e-05,0.005549806116295494,0.004076734592482642,0.004974596418104691,0.07449702085516906,0.06345931372288796,0.06985859590349904,7.2587364020194765e-09,275,0.0005175012050726587,2.87203135310253e-06,1.5936533571323366e-05,0.003992058813610261,0.06318274142208663,0.006361584956956199,2022,6.32933221220843e-05,-0.01691557255196796,2.9809907009465732e-05,2.5884989432355852e-05,2.438085650485326e-05,2.6080679416295204e-05
2022-01-04,2022-01-05,1.5936533571323366e-05,1.8940560121414587e-05,2.49334671407452e-05,0.003992058813610261,0.004294488652601149,0.004810991657508798,0.06318274142208663,0.06531942750786583,0.06877015545295848,3.490075811152893e-09,275,0.0004988605524624845,1.9914806652203454e-06,3.467216310774287e-05,0.005888307321101954,0.0767353068743584,-0.005314261368923972,2022,6.32933221220843e-05,-0.01691557255196796,2.6562247697813074e-05,2.2391839389583536e-05,2.116606633462646e-05,2.2270481527821786e-05
2022-01-05,2022-01-06,3.467216310774287e-05,2.214404195491162e-05,2.535354628887777e-05,0.005888307321101954,0.004608327127077513,0.004849421149386965,0.0767353068743584,0.06752249413422953,0.06903025636449543,1.4006731977620934e-08,275,0.0006775425972755259,3.989579035895912e-06,3.189637904808235e-05,0.005647687938270169,0.07515110071229941,-0.007075877029866646,2022,6.32933221220843e-05,-0.01691557255196796,3.2145106348288436e-05,2.8631277813001903e-05,2.723471987145841e-05,2.8814451447699264e-05
2022-01-06,2022-01-10,3.189637904808235e-05,2.4960883017516445e-05,2.5775523807149266e-05,0.005647687938270169,0.004893775294467125,0.004889984258729093,0.07515110071229941,0.06955972062422869,0.06931173003804784,5.83842125475789e-09,275,0.0004560743896457578,2.5757658293562756e-06,1.646193864191027e-05,0.004057331468084691,0.06369718571557688,0.007845487334240278,2022,6.32933221220843e-05,-0.01691557255196796,3.2551446958434735e-05,2.914953687439688e-05,2.7850357595041255e-05,2.9390991023300852e-05
2022-01-10,2022-01-11,1.646193864191027e-05,2.5953472459505946e-05,2.266092012827203e-05,0.004057331468084691,0.005027038331472514,0.004655379581543201,0.06369718571557688,0.07065267111589807,0.06784279667617425,1.625859786627175e-09,275,0.0003350115030686066,1.3592527135706086e-06,1.3598882482559646e-05,0.003687666265073298,0.06072615799697275,0.006339063906939684,2022,6.32933221220843e-05,-0.01691557255196796,2.8802290820862732e-05,2.4920918253856204e-05,2.3753209407485785e-05,2.4852864339733103e-05
2022-01-11,2022-01-12,1.3598882482559646e-05,2.25131793703237e-05,2.1283214181819462e-05,0.003687666265073298,0.004654610361228074,0.004521803394612439,0.06072615799697275,0.0678984985442588,0.06690296982501097,1.027474760393799e-09,275,0.000293016876621959,1.0805484510159428e-06,1.1029974368982089e-05,0.0033211405223179113,0.05762933734061074,0.004269561673231806,2022,6.32933221220843e-05,-0.01691557255196796,2.670731497994584e-05,2.243522116467533e-05,2.1171993478805645e-05,2.232346627020155e-05
2022-01-12,2022-01-13,1.1029974368982089e-05,2.1531867529855446e-05,1.981386884246173e-05,0.0033211405223179113,0.004520426702969605,0.004373469109043642,0.05762933734061074,0.06678781772796363,0.06583408061074981,1.0199861027181508e-09,275,0.0003241668042324489,1.0766035095266835e-06,1.8447384858927704e-05,0.004295041892569583,0.06553656912418884,-1.0963315265393591e-05,2022,6.32933221220843e-05,-0.01691557255196796,2.5532630184172443e-05,2.0855873093450093e-05,1.9460513133384094e-05,2.067502898546885e-05
2022-01-13,2022-01-17,1.8447384858927704e-05,1.8286911880092412e-05,1.9765889079344862e-05,0.004295041892569583,0.00420177361726313,0.004367961319153367,0.06553656912418884,0.06454807017792971,0.0657923521366983,1.7545755816027238e-09,275,0.00032875873466496803,1.4120325379342055e-06,8.600771854569096e-06,0.002932707256882128,0.05415447587117918,-0.0044290669370887405,2022,6.32933221220843e-05,-0.01691557255196796,2.6121114803241162e-05,2.213293609375887e-05,2.0918196413197473e-05,2.216501187776471e-05
2022-01-17,2022-01-18,8.600771854569096e-06,1.3627790441389764e-05,1.917435247717521e-05,0.002932707256882128,0.003658777480985523,0.004289941285490663,0.05415447587117918,0.06034874520970568,0.06515461644843243,6.93418231637016e-10,245,0.0003206792674888846,9.40458414896297e-07,3.700224098383458e-05,0.006082946735245557,0.07799324801061665,-0.003377521528492215,2022,6.32933221220843e-05,-0.01691557255196796,2.2082300900874922e-05,1.7100473575263378e-05,1.5716046353558555e-05,1.689141066757214e-05
2022-01-18,2022-01-19,3.700224098383458e-05,1.7735850909774623e-05,1.996953315383876e-05,0.006082946735245557,0.004063900534417695,0.004365674487765313,0.07799324801061665,0.06320795766871364,0.06567889442873522,1.215290117405637e-08,275,0.0006109204084520325,3.7161963040881734e-06,1.2540428473289449e-05,0.0035412467399617113,0.05950837537659478,0.01537338990173968,2022,6.32933221220843e-05,-0.01691557255196796,3.0306563928090095e-05,2.624153929297602e-05,2.4497516885926204e-05,2.65448403193328e-05
2022-01-19,2022-01-20,1.2540428473289449e-05,1.7524160107920584e-05,1.9407297223235362e-05,0.0035412467399617113,0.004034616629395378,0.00429977871634893,0.05950837537659478,0.06296440114463803,0.06517260775325372,7.50458880371619e-10,275,0.0002607749835908371,9.234685605046206e-07,1.922689095929426e-05,0.004384847883255959,0.06621818393202851,0.0008366509381835173,2022,6.32933221220843e-05,-0.01691557255196796,2.4412996295112517e-05,1.9663189521581013e-05,1.8238045268091437e-05,1.956810000015548e-05
2022-01-20,2022-01-24,1.922689095929426e-05,1.9163543425983018e-05,1.9675646770231912e-05,0.004384847883255959,0.004247358101582987,0.004333176528500967,0.06621818393202851,0.06468217046292159,0.0654363422730695,2.882839610771576e-09,275,0.0004127759376705966,1.809959696553909e-06,2.785041968373205e-05,0.005277349683670019,0.07264536932021214,0.0003040873715968794,2022,6.32933221220843e-05,-0.01691557255196796,2.6598381098204973e-05,2.2459170315504372e-05,2.112427546402647e-05,2.248058802243995e-05
2022-01-24,2022-01-25,2.785041968373205e-05,2.1044150390943887e-05,1.9972310721636234e-05,0.005277349683670019,0.004443819659803075,0.004363157359329912,0.07264536932021214,0.06610393050212625,0.0656495778750184,9.056973976796806e-09,275,0.0006079030912979811,3.2081171865634274e-06,2.5022083469002975e-05,0.005002207859435968,0.0707262883193793,0.0029813556625708513,2022,6.32933221220843e-05,-0.01691557255196796,2.932696280864713e-05,2.550450519256547e-05,2.407205048722653e-05,2.5626064368448256e-05
2022-01-25,2022-01-26,2.5022083469002975e-05,2.4328412713830662e-05,1.9673017566764012e-05,0.005002207859435968,0.004857719780313843,0.004334986408747304,0.0707262883193793,0.06941829299176627,0.06545623693081669,1.4227588782077254e-08,274,0.0008052924870230072,4.0282404077312245e-06,6.482065265025404e-05,0.008051127414856508,0.0897280748420276,-0.017224183957231014,2022,6.32933221220843e-05,-0.01691557255196796,2.9773937906295642e-05,2.6266998795844926e-05,2.5071611581643785e-05,2.6230471195496413e-05
2022-01-26,2022-01-27,6.482065265025404e-05,2.9892095047114552e-05,2.1837791397304153e-05,0.008051127414856508,0.005251355916236033,0.004512457600723313,0.0897280748420276,0.07176525835804845,0.06660772439195618,6.927285932557221e-08,275,0.00110200488897394,8.872381772923991e-06,4.58338745777114e-05,0.006770071977291778,0.08228044711407308,-0.009577691371179942,2022,6.32933221220843e-05,-0.01691557255196796,4.1393096162494066e-05,3.719131162187874e-05,3.4799750405420084e-05,3.7552835880672115e-05
2022-01-27,2022-01-31,4.58338745777114e-05,3.655078426799894e-05,2.264890251681437e-05,0.006770071977291778,0.005897120963702046,0.004579710701879123,0.08228044711407308,0.07631967270554413,0.06704156975386812,1.3582756401143789e-08,275,0.0005803090371766553,3.9287339507588465e-06,1.5688387453779878e-05,0.003960856909026111,0.06293533911107584,0.0004168832342773318,2022,6.32933221220843e-05,-0.01691557255196796,3.9413250064027154e-05,3.6123041111054644e-05,3.453196207267227e-05,3.65823943827089e-05
2022-01-31,2022-02-01,1.5688387453779878e-05,3.584308356689607e-05,2.2557471611347733e-05,0.003960856909026111,0.005812322768856076,0.004568516878128385,0.06293533911107584,0.07566310374135359,0.06695397954675975,1.2660688372800533e-09,275,0.00030282949360813636,1.1994642920146655e-06,1.7110965850155518e-05,0.004136540323767619,0.0643159414435303,-0.0010007729465262496,2022,6.32933221220843e-05,-0.01691557255196796,3.2086082229173046e-05,2.7461686112881584e-05,2.5913584102191508e-05,2.735874496797902e-05
2022-02-01,2022-02-02,1.7110965850155518e-05,3.3695192800180763e-05,2.2860696511850987e-05,0.004136540323767619,0.005584160896875597,0.004609673180310656,0.0643159414435303,0.07399721816601723,0.06729366868823866,1.8387408422772936e-09,275,0.0003494472789094209,1.4455027602396894e-06,1.688450751366334e-05,0.004109076236049088,0.0641020766906119,0.0049165725098852696,2022,6.32933221220843e-05,-0.01691557255196796,3.171030067625072e-05,2.7139920969216378e-05,2.561150114069634e-05,2.7066757444859253e-05
2022-02-02,2022-02-03,1.688450751366334e-05,3.206767760911284e-05,2.324503393566202e-05,0.004109076236049088,0.00540553457219822,0.004664481713175718,0.0641020766906119,0.07267237584026374,0.06775820978793934,2.6005456528171864e-09,269,0.0004229966355987395,1.7381254232674963e-06,2.6281898295518778e-05,0.0051265873927515155,0.07160019128990869,4.9802247254071325e-05,2022,6.32933221220843e-05,-0.01691557255196796,3.1143820098094716e-05,2.6480555285369417e-05,2.493541561758982e-05,2.6376275292272908e-05
2022-02-03,2022-02-07,2.6281898295518778e-05,2.4359926738165786e-05,2.3591722315446613e-05,0.0051265873927515155,0.004820626567777221,0.004701185006086235,0.07160019128990869,0.06904679912983996,0.06802549240372885,2.288281853732746e-08,275,0.0009946838280140583,5.099333572470688e-06,1.0992977489220404e-05,0.0033155659379991835,0.05758095117310223,0.008180860460686359,2022,6.32933221220843e-05,-0.01691557255196796,3.0686457217973853e-05,2.7086185641868158e-05,2.584363105112792e-05,2.6959063513025772e-05
2022-02-07,2022-02-08,1.0992977489220404e-05,1.7391747320467584e-05,2.328175884972672e-05,0.0033155659379991835,0.004129725359918704,0.0046600540441170115,0.05758095117310223,0.06410689994164578,0.06768985526331059,7.149740071856433e-10,273,0.0002728545150634987,9.046671361738213e-07,1.0260061712861089e-05,0.003203133108826589,0.05659622875092111,0.0032448846714284566,2022,6.32933221220843e-05,-0.01691557255196796,2.460315062378148e-05,1.997455194945124e-05,1.8654535889321912e-05,1.9804214676769863e-05
2022-02-08,2022-02-09,1.0260061712861089e-05,1.6306082172283825e-05,2.3225443862494813e-05,0.003203133108826589,0.003978180599878799,0.004651513899833776,0.05659622875092111,0.06283907786961485,0.06761548233120565,5.463853705774477e-10,275,0.0002459989246997903,7.879673004416373e-07,8.929427014420104e-06,0.0029882146868021554,0.054664565184424134,0.003697983461301637,2022,6.32933221220843e-05,-0.01691557255196796,2.4040551497547608e-05,1.9209193508171606e-05,1.7819293989100645e-05,1.9030617684082938e-05
2022-02-09,2022-02-10,8.929427014420104e-06,1.4669774405136742e-05,2.2231311093674334e-05,0.0029882146868021554,0.0037485154724857064,0.004535077925765897,0.054664565184424134,0.06090880261779361,0.06671400707344452,7.046185656845215e-10,275,0.00029944971839348725,8.948200464621882e-07,4.0983309963685026e-05,0.006401820831895018,0.08001137939002813,-0.005379397358580923,2022,6.32933221220843e-05,-0.01691557255196796,2.299898992569022e-05,1.7834433298848257e-05,1.6342196555738533e-05,1.7620336316573438e-05
2022-02-10,2022-02-14,4.0983309963685026e-05,1.9489534895141078e-05,2.336980092969077e-05,0.006401820831895018,0.004207064391654892,0.004644612562960659,0.08001137939002813,0.06409066315767686,0.0674789451628964,3.8230030434702505e-08,275,0.0010295737717592127,6.591146820020855e-06,2.847650691233446e-05,0.00533633834312766,0.07305024533242623,0.02872904142356626,2022,6.32933221220843e-05,-0.01691557255196796,3.238273597104763e-05,2.8139838938022916e-05,2.617606630106959e-05,2.8243570909578293e-05
2022-02-14,2022-02-15,2.847650691233446e-05,1.9928456618504217e-05,2.3088180193535836e-05,0.00533633834312766,0.004249014581730121,0.004619523063961828,0.07305024533242623,0.06438067396618037,0.06731144236553584,7.09429476194397e-09,275,0.0005320714068227403,2.8393130495100653e-06,6.580740182331106e-05,0.008112176145974091,0.09006761985294211,-0.013146249515775877,2022,6.32933221220843e-05,-0.01691557255196796,2.956297754895879e-05,2.5365821170432835e-05,2.3726054903818423e-05,2.5524894475498266e-05
2022-02-15,2022-02-16,6.580740182331106e-05,3.0891341485322346e-05,2.4629590319682602e-05,0.008112176145974091,0.005208336623325103,0.004731545255221097,0.09006761985294211,0.07087800770214833,0.06798946596283778,4.978628632547605e-08,275,0.0009272058389768608,7.521657089355984e-06,1.9164877319238302e-05,0.004377770816207526,0.06616472486308339,0.011216246311254235,2022,6.32933221220843e-05,-0.01691557255196796,4.2407931741826125e-05,3.7635433036567076e-05,3.47928672502007e-05,3.815132490024765e-05
2022-02-16,2022-02-17,1.9164877319238302e-05,3.26723046065978e-05,2.4752451168652056e-05,0.004377770816207526,0.00544326416480129,0.004746110680135771,0.06616472486308339,0.07279170692458078,0.068101626833179,2.166233299223283e-09,275,0.00035839195799512805,1.568957854474545e-06,3.46923272676123e-05,0.005890019292634983,0.07674646110821647,0.008846311195025604,2022,6.32933221220843e-05,-0.01691557255196796,3.212419220634612e-05,2.749618032374104e-05,2.5855968148744048e-05,2.747161315833825e-05
2022-02-17,2022-02-21,3.46923272676123e-05,3.7824884657236236e-05,2.5711244113427177e-05,0.005890019292634983,0.006023625085967855,0.00484621763593403,0.07674646110821647,0.07720808610933927,0.06882982242914461,8.135732560492097e-09,275,0.0005162264806257376,3.0405839302546538e-06,2.0602662883371736e-05,0.0045390156293376805,0.06737221704336054,0.009140941841207983,2022,6.32933221220843e-05,-0.01691557255196796,3.772469007287995e-05,3.4452604802461356e-05,3.312217732694002e-05,3.470069446594391e-05
2022-02-21,2022-02-22,2.0602662883371736e-05,3.374875524117357e-05,2.6146366318626708e-05,0.0045390156293376805,0.005651064045456388,0.00490157559534402,0.06737221704336054,0.07468025364000574,0.06927268059745142,2.1983799848386525e-09,245,0.0003689195508067729,1.6745316070801787e-06,4.413530558767496e-05,0.006643440794322996,0.08150730515924935,-0.005661134166795703,2022,6.32933221220843e-05,-0.01691557255196796,3.305564291373975e-05,2.9027892669720378e-05,2.769129357594682e-05,2.9019133862401013e-05
2022-02-22,2022-02-23,4.413530558767496e-05,3.688051497624167e-05,2.7313999079024315e-05,0.006643440794322996,0.005912484535695455,0.0050083209999691744,0.08150730515924935,0.07637166560537037,0.06999862314449963,1.8382612039456064e-08,275,0.0006879695330060387,4.5704848608236585e-06,3.73790339377072e-05,0.006113839541377186,0.0781910451482597,0.02022042132033331,2022,6.32933221220843e-05,-0.01691557255196796,3.9852973806815165e-05,3.664134000148058e-05,3.514270800851525e-05,3.695913402804059e-05
2022-02-23,2022-02-24,3.73790339377072e-05,3.1194841399120895e-05,2.8622101900985135e-05,0.006113839541377186,0.005512817214776074,0.005152917921991677,0.0781910451482597,0.0739963506644339,0.07109119447527602,2.7628779162101355e-08,275,0.0009164852400300853,5.603243699584497e-06,0.0002619721626481917,0.016185554134727415,0.12722245923863998,-0.012266128413530631,2022,6.32933221220843e-05,-0.01691557255196796,3.647084562266384e-05,3.354208355868779e-05,3.236330503674996e-05,3.35836842994744e-05
2022-02-24,2022-02-28,0.0002619721626481917,7.975629846491159e-05,3.884800743118319e-05,0.016185554134727415,0.007874373878480051,0.005612127349240853,0.12722245923863998,0.0862078975395452,0.07332888589473162,7.995048088867666e-07,275,0.001862265644644733,3.0141801404640374e-05,7.036338984093433e-05,0.00838828885059011,0.09158760205721138,-0.0034837048998737244,2022,6.32933221220843e-05,-0.01691557255196796,0.00010777436094473627,8.789071520430104e-05,7.55016671703479e-05,8.853315452037387e-05
2022-02-28,2022-03-01,7.036338984093433e-05,8.689051097957598e-05,4.147632385698522e-05,0.00838828885059011,0.008374027790071075,0.005832447445178507,0.09158760205721138,0.08917612572934419,0.07478703256203237,6.076527709075389e-08,275,0.0009906335409387767,8.309720286477342e-06,5.4221239437845325e-05,0.007363507278318215,0.0858108808853412,0.01605977794821718,2022,6.32933221220843e-05,-0.01691557255196796,6.579291978607946e-05,5.698821476761636e-05,5.2930576884746634e-05,5.735951366598722e-05
2022-03-01,2022-03-02,5.4221239437845325e-05,9.36142262904707e-05,4.306697606055572e-05,0.007363507278318215,0.008938926119867184,0.005967841054044973,0.0858108808853412,0.09286385849774033,0.07567760969627386,1.4339078835893306e-08,275,0.0005481943684329824,4.0366332218893225e-06,0.00012666153964271466,0.011254400901101518,0.1060867611962092,-0.006096784712776314,2022,6.32933221220843e-05,-0.01691557255196796,6.462313077584894e-05,5.639446781012863e-05,5.303192236860549e-05,5.689905421438643e-05
2022-03-02,2022-03-03,0.00012666153964271466,0.00011011947310147864,4.755839060414585e-05,0.011254400901101518,0.009861118141222888,0.00623952520029186,0.1060867611962092,0.09777974970513229,0.07719767296336463,2.520204927717057e-07,275,0.0015036758014642076,1.6922970294963325e-05,6.355099900305961e-05,0.007971888045065587,0.08928543019477246,0.007515923685044293,2022,6.32933221220843e-05,-0.01691557255196796,8.810241211393477e-05,7.944372501556709e-05,7.399553774272055e-05,7.969793636755719e-05
2022-03-03,2022-03-07,6.355099900305961e-05,0.00011535386611454912,4.930970494660296e-05,0.007971888045065587,0.01023272784196057,0.006374510663275026,0.08928543019477246,0.09999862671443484,0.07804127032133705,4.032622673506608e-08,267,0.0008617910570031451,6.870101824667808e-06,0.00014970059992931744,0.0122352196518623,0.11061292714625312,0.026517596004144838,2022,6.32933221220843e-05,-0.01691557255196796,7.542725935053818e-05,6.741237114603892e-05,6.373411512568528e-05,6.76933346953449e-05
2022-03-07,2022-03-08,0.00014970059992931744,9.289955357077428e-05,5.316788436837857e-05,0.0122352196518623,0.009442660945387545,0.006564696674048015,0.11061292714625312,0.09667672029595746,0.07899058178971093,1.8594519106341349e-07,275,0.0011880627216728074,1.4536208359856144e-05,0.00034612067849463195,0.018604318812970068,0.13639764958741066,0.0299544537546003,2022,6.32933221220843e-05,-0.01691557255196796,8.830761352154363e-05,8.227427794382219e-05,7.749970022547619e-05,8.336874653962244e-05
2022-03-08,2022-03-09,0.00034612067849463195,0.0001480510113015138,6.681728454642042e-05,0.018604318812970068,0.011485866937863538,0.0071026169847606645,0.13639764958741066,0.10563872980199733,0.0814504546294081,2.644356367381767e-06,275,0.0029464893929295527,5.481742804509603e-05,0.00026890180593074,0.016398225694590863,0.12805555706251434,-0.036706552842854345,2022,6.32933221220843e-05,-0.01691557255196796,0.00015585863957703737,0.00013407151191008516,0.00011864138088154045,0.00013073013337457678
2022-03-09,2022-03-10,0.00026890180593074,0.00019098712460009274,7.832698538628222e-05,0.016398225694590863,0.013292810621118067,0.007667951929559062,0.12805555706251434,0.11408766503743195,0.08441046453629167,4.6202349071483144e-07,275,0.0013973134291986927,2.2913460978082873e-05,0.00012280800359547133,0.011081877259538265,0.10527049567442089,0.005184038963086115,2022,6.32933221220843e-05,-0.01691557255196796,0.00015465780745465985,0.00013819770943550178,0.00012575872377105723,0.00013992617275510706
2022-03-10,2022-03-14,0.00012280800359547133,0.00019021641739064407,8.31313961928875e-05,0.011081877259538265,0.013258305892805416,0.007983649063003183,0.10527049567442089,0.1139244119330743,0.08627203518315034,9.582183132474738e-08,275,0.0009416240918697042,1.0434962610724245e-05,7.89959545088811e-05,0.008887966837746477,0.09427601411677562,-0.023367661963858494,2022,6.32933221220843e-05,-0.01691557255196796,0.00012089595277678264,0.00010816964609217313,0.00010087625868095051,0.00010911410020358534
2022-03-14,2022-03-15,7.89959545088811e-05,0.00019330540849180837,8.595464378357922e-05,0.008887966837746477,0.013441521651341593,0.008200871363080337,0.09427601411677562,0.11492252871747492,0.08764357779343047,3.7421286804429374e-08,275,0.0007336950636931455,6.521057395122966e-06,8.533799114786873e-05,0.009237856415200916,0.09611376808345887,-0.012480750723600907,2022,6.32933221220843e-05,-0.01691557255196796,0.00011215363188931075,9.856275318023245e-05,9.211454318172159e-05,9.899026726084972e-05
2022-03-15,2022-03-16,8.533799114786873e-05,0.00018043288673551863,8.863901164050421e-05,0.009237856415200916,0.012842049004009318,0.008387747227737129,0.09611376808345887,0.11202269690491606,0.0887578312840464,3.880734093711339e-08,275,0.0007188601336260041,6.64072669704917e-06,0.00011423404222090856,0.010688032663727622,0.10338294184113558,0.009536536916007364,2022,6.32933221220843e-05,-0.01691557255196796,0.00010952399502682041,9.664141610009519e-05,9.05476034711895e-05,9.723554710247608e-05
2022-03-16,2022-03-17,0.00011423404222090856,0.00013405555948077394,9.33317873101264e-05,0.010688032663727622,0.01125879177416083,0.008722859351633876,0.10338294184113558,0.10541975535566106,0.0908397399507752,3.965283612234938e-07,275,0.001986085858536428,2.122735052900486e-05,4.307346981555387e-05,0.00656303815435762,0.08101258022281244,-0.0006353481511125854,2022,6.32933221220843e-05,-0.01691557255196796,0.00010069667625106669,9.381356967300157e-05,8.969672905867114e-05,9.26586140049528e-05
2022-03-17,2022-03-21,4.307346981555387e-05,8.888989225773673e-05,9.48233058602488e-05,0.00656303815435762,0.00929175426611418,0.008875582308248923,0.08101258022281244,0.09601115998772067,0.09194957410858845,1.0848041064135608e-08,275,0.0005349699590487854,3.511028252672312e-06,2.4961550849863564e-05,0.0049961536055113,0.07068347476964683,0.0007644367066242676,2022,6.32933221220843e-05,-0.01691557255196796,6.835459597003778e-05,6.253045180575557e-05,6.031665046660336e-05,6.248473290817819e-05
2022-03-21,2022-03-22,2.4961550849863564e-05,6.932060170861516e-05,9.555203876185986e-05,0.0049961536055113,0.008074609535308785,0.008966852259099338,0.07068347476964683,0.08909375580676587,0.0926777063624622,3.650786629041919e-09,275,0.00040767690323128294,2.0368164299626554e-06,4.761332919836804e-05,0.006900241242041328,0.08306769072293588,-0.007691754406002027,2022,6.32933221220843e-05,-0.01691557255196796,5.7334983623509104e-05,4.991944947547228e-05,4.734433420772882e-05,4.953940792188282e-05
2022-03-22,2022-03-23,4.761332919836804e-05,6.304407664651256e-05,9.585340327252726e-05,0.006900241242041328,0.007677064416167757,0.008989507732287806,0.08306769072293588,0.08685209112799792,0.0928166296048671,5.184946402617048e-08,275,0.0011124142027443718,7.675926360009236e-06,3.0031137775696357e-05,0.005480067314887324,0.07402747675618374,0.008821827415384962,2022,6.32933221220843e-05,-0.01691557255196796,6.048025707820423e-05,5.5098451372324235e-05,5.308876198917424e-05,5.469889799657195e-05
2022-03-23,2022-03-24,3.0031137775696357e-05,5.1982705972078077e-05,9.5924068311771e-05,0.005480067314887324,0.006925506596105038,0.00899604086736779,0.07402747675618374,0.0824348328625429,0.0928610492150379,7.138023586738857e-09,275,0.0005197108217353977,2.8480502873853852e-06,4.1989158562499455e-05,0.006479904209361389,0.08049785220340595,0.011292553886716922,2022,6.32933221220843e-05,-0.01691557255196796,5.247768799577334e-05,4.591172806517936e-05,4.3778310081264275e-05,4.566559682861637e-05
2022-03-24,2022-03-28,4.1989158562499455e-05,3.753372924039626e-05,9.484142089082504e-05,0.006479904209361389,0.006083880905231792,0.00892184668843085,0.08049785220340595,0.07785781493499697,0.09242605977642261,1.374368949782701e-08,275,0.0006098762840493932,3.951939900201345e-06,5.513863621481717e-05,0.007425539456148433,0.08617156988327666,-0.01849747578039393,2022,6.32933221220843e-05,-0.01691557255196796,5.002638116673395e-05,4.512240662270874e-05,4.3530240829422524e-05,4.513584745721005e-05
2022-03-28,2022-03-29,5.513863621481717e-05,3.9946762520248915e-05,9.647659174971497e-05,0.007425539456148433,0.006256381165589954,0.009060381626609982,0.08617156988327666,0.07888961286708981,0.09333546182279505,1.628562736395026e-08,275,0.0005793391802934031,4.301905941761356e-06,8.015455245794771e-05,0.008952907486283308,0.09461980493682762,-0.0006703573460545584,2022,6.32933221220843e-05,-0.01691557255196796,5.4209991921347965e-05,4.972267316620998e-05,4.804531953239834e-05,5.001729413125026e-05
2022-03-29,2022-03-30,8.015455245794771e-05,5.098536284186575e-05,9.854305653109386e-05,0.008952907486283308,0.007047731941744356,0.00919960381723036,0.09461980493682762,0.08367687890052597,0.09414788654227735,8.998756140052818e-08,275,0.001129498890327644,1.0112299070963052e-05,3.509285967252167e-05,0.005923922659228568,0.07696702319323885,0.000727487215736052,2022,6.32933221220843e-05,-0.01691557255196796,6.427708329219794e-05,6.029747256167679e-05,5.837272868182003e-05,6.0374889769640984e-05
2022-03-30,2022-03-31,3.509285967252167e-05,4.848126893669647e-05,9.920170183969156e-05,0.005923922659228568,0.006852468225181804,0.009262554136770853,0.07696702319323885,0.08245674539458657,0.09458401409454455,6.486222174500408e-09,275,0.0004582950793898083,2.714904605410241e-06,3.1003060711036677e-05,0.005568039216011025,0.074619295199104,0.00681766022229457,2022,6.32933221220843e-05,-0.01691557255196796,5.2938357539767094e-05,4.773902559602427e-05,4.6144182957254575e-05,4.764166256512465e-05
2022-03-31,2022-04-04,3.1003060711036677e-05,4.867565352376453e-05,9.860478161802618e-05,0.005568039216011025,0.006870062605406546,0.009213672246847583,0.074619295199104,0.0825751090831706,0.09427092273271977,6.429256007560621e-09,275,0.0004854413179807734,2.7029562955890243e-06,2.9571259568750962e-05,0.00543794626387122,0.07374243190912014,-0.005006470304384936,2022,6.32933221220843e-05,-0.01691557255196796,5.195608398521566e-05,4.643593062656523e-05,4.4765358346295856e-05,4.621976125747961e-05
2022-04-04,2022-04-05,2.9571259568750962e-05,4.6192073725014836e-05,9.824988278307364e-05,0.00543794626387122,0.006661671016308511,0.009182949825142768,0.07374243190912014,0.08122402502431345,0.0940687130400316,7.18691798430986e-09,275,0.0005255270761552848,2.857788000341797e-06,4.499840030707067e-05,0.006708084697368592,0.08190289797906172,-0.0024347454537217046,2022,6.32933221220843e-05,-0.01691557255196796,5.069147222313082e-05,4.487399179630567e-05,4.3094823684676744e-05,4.460969809568277e-05
2022-04-05,2022-04-06,4.499840030707067e-05,4.416402654346554e-05,8.838743904029542e-05,0.006708084697368592,0.006518180064552542,0.008752155759808275,0.08190289797906172,0.08037029064347045,0.09200873298277806,2.826717882928115e-08,275,0.000844892314687635,5.6676092070804535e-06,6.147423033063612e-05,0.007840550384420478,0.08854688240937948,-0.0008527773005415506,2022,6.32933221220843e-05,-0.01691557255196796,5.206691727403801e-05,4.772702090577802e-05,4.625289530861097e-05,4.760693324525642e-05
2022-04-06,2022-04-07,6.147423033063612e-05,4.0427962118003225e-05,8.798338633528187e-05,0.007840550384420478,0.006295708644179977,0.008727258556800564,0.08854688240937948,0.07915570613798084,0.09187051845333115,6.413402836897845e-08,275,0.001088820712261452,8.536953654086505e-06,2.3900180233373614e-05,0.004888781058032116,0.06991981877859893,0.004510423359895582,2022,6.32933221220843e-05,-0.01691557255196796,5.4550089377766565e-05,5.0692743970110576e-05,4.912310272551232e-05,5.063341810369706e-05
2022-04-07,2022-04-11,2.3900180233373614e-05,3.8189426230173616e-05,8.660515637144223e-05,0.004888781058032116,0.006088680323940686,0.008614771001333014,0.06991981877859893,0.07774626525505286,0.09114819744847923,4.708890594324337e-09,275,0.00047317019002250156,2.3132254622074625e-06,4.721502805526748e-05,0.006871319236890939,0.08289342095058533,0.014452205553563222,2022,6.32933221220843e-05,-0.01691557255196796,4.4744297658170183e-05,3.907684059314648e-05,3.739762689128565e-05,3.8783713958653324e-05
2022-04-11,2022-04-12,4.721502805526748e-05,4.143181969901977e-05,8.299395129928554e-05,0.006871319236890939,0.006349336328116668,0.00841554001659617,0.08289342095058533,0.07940109040534912,0.0900939547100418,4.34465343713344e-08,275,0.0010225772057286143,7.026454424929211e-06,4.366973080257661e-05,0.006608307710948137,0.08129149839280943,0.005543231126188811,2022,6.32933221220843e-05,-0.01691557255196796,5.079025685599501e-05,4.670333689593321e-05,4.5266476777019696e-05,4.651430383792178e-05
2022-04-12,2022-04-13,4.366973080257661e-05,4.42515139457849e-05,8.209025729017268e-05,0.006608307710948137,0.006583408617532052,0.008353559092318105,0.08129149839280943,0.08091090370208698,0.08973059417358892,1.4013776872176927e-08,275,0.0006038735472730047,3.990582218881801e-06,2.6172491721608014e-05,0.005115905757694136,0.07152556017043234,0.001927091555175631,2022,6.32933221220843e-05,-0.01691557255196796,5.081220435905663e-05,4.679388909295435e-05,4.546119524990201e-05,4.687794223382871e-05
2022-04-13,2022-04-18,2.6172491721608014e-05,4.048633222869236e-05,7.647534328073133e-05,0.005115905757694136,0.006264972829597161,0.00802995391531046,0.07152556017043234,0.07883543614036109,0.08795389567468798,4.380113529052061e-09,275,0.00043609269512318846,2.2310091298690735e-06,2.957519895044714e-05,0.005438308464076596,0.07374488771485516,0.002484440339855793,2022,6.32933221220843e-05,-0.01691557255196796,4.4518188607080335e-05,3.942709322097179e-05,3.791572903665076e-05,3.9256864999825895e-05
2022-04-18,2022-04-19,2.957519895044714e-05,3.410652595265457e-05,6.208691239235931e-05,0.005438308464076596,0.005784524445528385,0.007431498899451664,0.07374488771485516,0.07587503720145623,0.0851060428622991,7.810981856531284e-09,275,0.0005478323082271983,2.979281078726591e-06,6.436525021011785e-05,0.008022795660498768,0.08957006006751791,-0.017635579619923597,2022,6.32933221220843e-05,-0.01691557255196796,4.084403215083636e-05,3.70761592289946e-05,3.5949469120320136e-05,3.699814324958066e-05
2022-04-19,2022-04-20,6.436525021011785e-05,4.219953994800342e-05,5.2789796223240104e-05,0.008022795660498768,0.006411327366021716,0.007050797534265662,0.08957006006751791,0.07980508545924003,0.08335670208979927,6.614744102345134e-08,275,0.001080660946233369,8.669921949911566e-06,2.2230570075030143e-05,0.004714930548272174,0.06866535187612581,0.0037427569586779394,2022,6.32933221220843e-05,-0.01691557255196796,5.0406723950448524e-05,4.808218850419098e-05,4.685911945217152e-05,4.822235466860436e-05
2022-04-20,2022-04-21,2.2230570075030143e-05,3.7202648351955945e-05,4.821809469958372e-05,0.004714930548272174,0.005980049628297962,0.006761390865571748,0.06866535187612581,0.07695947164434813,0.08169283191714947,2.4841110891610702e-09,275,0.000356343524196888,1.680134967914872e-06,3.5028955952774877e-05,0.005918526501822466,0.07693196021045133,-0.0004664512202108885,2022,6.32933221220843e-05,-0.01691557255196796,3.8067308176659505e-05,3.4347164481150036e-05,3.32180093565616e-05,3.423361015854148e-05
2022-04-21,2022-04-25,3.5028955952774877e-05,3.547449338199561e-05,4.621959476521524e-05,0.005918526501822466,0.005842093386472827,0.006626416304847931,0.07693196021045133,0.0760875640078765,0.08090446583049837,6.164279856135514e-09,275,0.00044718398416262865,2.6466702614570755e-06,7.206922690978902e-05,0.008489359628958418,0.09213772098852033,-0.025021913255688245,2022,6.32933221220843e-05,-0.01691557255196796,4.014886236537154e-05,3.7253696526865946e-05,3.627455097798729e-05,3.7426443250609926e-05
2022-04-25,2022-04-26,7.206922690978902e-05,4.465384041963181e-05,4.5616469118029794e-05,0.008489359628958418,0.006516784160725685,0.00659239372365509,0.09213772098852033,0.08020999617149412,0.08072373641709207,4.495520701170446e-08,275,0.0008419256350389488,7.147409496684831e-06,3.905373436846758e-05,0.006249298710132808,0.07905250603322331,-0.0016415208210551534,2022,6.32933221220843e-05,-0.01691557255196796,5.196616897015805e-05,4.9276644042426155e-05,4.768155992109419e-05,4.981825287820611e-05
2022-04-26,2022-04-27,3.905373436846758e-05,4.6549547503235895e-05,4.21991823974643e-05,0.006249298710132808,0.006678982209936927,0.006390633089400779,0.07905250603322331,0.08127151983516774,0.07961780751673242,1.0491511421112702e-08,275,0.0005525179716423097,3.4528498475094813e-06,7.119420268124432e-05,0.008437665712816804,0.09185676737626251,-0.010650503033858212,2022,6.32933221220843e-05,-0.01691557255196796,4.436835262788423e-05,4.171052956877052e-05,4.073612440320103e-05,4.1896285679948664e-05
2022-04-27,2022-04-28,7.119420268124432e-05,4.791533799746119e-05,4.3477397527722956e-05,0.008437665712816804,0.006761956220400533,0.006475843432967105,0.09185676737626251,0.08172886129691667,0.0801107251146165,7.950964807705288e-08,275,0.0011265390853838137,9.505360214891008e-06,3.863133701858587e-05,0.006215411250962069,0.07883787954379588,0.013400576423994844,2022,6.32933221220843e-05,-0.01691557255196796,5.257823518984656e-05,5.008216345245201e-05,4.85883222509167e-05,5.030960621370484e-05
2022-04-28,2022-05-02,3.863133701858587e-05,5.1195491386172326e-05,4.4098751444483065e-05,0.006215411250962069,0.007062052360938513,0.00653126423503305,0.07883787954379588,0.08376336683045067,0.08048137987707782,1.4465469624469338e-08,275,0.0006523115422458694,4.054384498807396e-06,5.633037721859877e-05,0.007505356568384927,0.08663346102046787,-0.0221558740023288,2022,6.32933221220843e-05,-0.01691557255196796,4.619856632078595e-05,4.3732734139899074e-05,4.289013566563412e-05,4.381149987506433e-05
2022-05-02,2022-05-03,5.633037721859877e-05,5.545577563933711e-05,4.44949808999481e-05,0.007505356568384927,0.007379418374251006,0.006558769477139578,0.08663346102046787,0.08570366699245399,0.08064346034514745,2.5345664023105454e-08,275,0.0007150545442721934,5.366739320606798e-06,4.048700619822745e-05,0.006362940059298646,0.07976803908395044,0.0011107165706243712,2022,6.32933221220843e-05,-0.01691557255196796,5.1906819468530326e-05,5.00179835703278e-05,4.9127612344416776e-05,5.039194805346919e-05
2022-05-03,2022-05-04,4.048700619822745e-05,4.91393314970248e-05,4.497024764642678e-05,0.006362940059298646,0.006954134460319052,0.006598900056431001,0.07976803908395044,0.08322973061154,0.08090439499640958,8.617216388455326e-09,275,0.0004917952516050525,3.1292637074106454e-06,3.637473381399201e-05,0.006031146973336996,0.07766045952308676,0.019442315119894273,2022,6.32933221220843e-05,-0.01691557255196796,4.6044469022974466e-05,4.386863461571443e-05,4.31355225025101e-05,4.410650701700057e-05
2022-05-04,2022-05-05,3.637473381399201e-05,4.860353138612968e-05,4.4715046521494625e-05,0.006031146973336996,0.006910504112959889,0.006578502000248074,0.07766045952308676,0.0829513213095127,0.08077542260184961,1.2517936906454614e-08,272,0.0006287920266283503,3.792337128258011e-06,7.030718153399034e-05,0.00838493777758609,0.09156930587039573,-0.012883923092316243,2022,6.32933221220843e-05,-0.01691557255196796,4.4852773906039036e-05,4.2470628005572456e-05,4.1711123202315775e-05,4.25188835988378e-05
2022-05-05,2022-05-09,7.030718153399034e-05,4.842612715667889e-05,4.540452585418431e-05,0.00838493777758609,0.006899958525913745,0.006622111014858877,0.09156930587039573,0.08289382900833933,0.08102077423762775,3.0443319832350944e-08,275,0.0007014630914828936,5.881724375357241e-06,4.538338538899004e-05,0.006736719185849299,0.08207751936949179,-0.006746090629290115,2022,6.32933221220843e-05,-0.01691557255196796,5.284829875270123e-05,5.094697953323208e-05,4.982026164924627e-05,5.160081322846334e-05
2022-05-09,2022-05-10,4.538338538899004e-05,4.977653683075973e-05,4.382401826014078e-05,0.006736719185849299,0.0070042201128911906,0.0065213751830209684,0.08207751936949179,0.08354175697347851,0.0804506703482034,1.2012360534391914e-08,275,0.0005484340349833525,3.694646085645096e-06,6.0599217706993106e-05,0.0077845499360588025,0.08823009654340634,-0.015061276867485806,2022,6.32933221220843e-05,-0.01691557255196796,4.7238796732725134e-05,4.525243961558069e-05,4.451565432261461e-05,4.5561081423192786e-05
2022-05-10,2022-05-11,6.0599217706993106e-05,5.0630304928438587e-05,4.498339817079857e-05,0.0077845499360588025,0.007060058786425967,0.006605949150149616,0.08823009654340634,0.08386108407806622,0.08096262822775648,6.40460666973329e-08,275,0.0010959011601468858,8.531097306148208e-06,5.643788880449144e-05,0.007512515477820425,0.08667476840361574,0.00894956827111656,2022,6.32933221220843e-05,-0.01691557255196796,5.1284159182439195e-05,4.9508912534093226e-05,4.860681592479728e-05,4.959403191853888e-05
2022-05-11,2022-05-12,5.643788880449144e-05,5.382048144969138e-05,4.6139526720501064e-05,0.007512515477820425,0.007289973870130323,0.006694334434777315,0.08667476840361574,0.08524242994199926,0.08151060428250702,3.561358389058301e-08,275,0.0008468005359068705,6.361602132626995e-06,7.07814456243802e-05,0.008413170961318937,0.0917233392399063,-0.015280394651586473,2022,6.32933221220843e-05,-0.01691557255196796,5.161081131246913e-05,4.98963996279842e-05,4.910149039653933e-05,5.0137887648392375e-05
2022-05-12,2022-05-16,7.07814456243802e-05,6.0701823811769026e-05,4.801271699575694e-05,0.008413170961318937,0.00776637866772671,0.006829571921024937,0.0917233392399063,0.08805500588536316,0.0823279182520882,3.465202015435181e-08,275,0.0007458701535203577,6.275133116511971e-06,7.015732043335193e-05,0.00837599668298358,0.0915204713874638,-0.001178754162940692,2022,6.32933221220843e-05,-0.01691557255196796,5.768385580618485e-05,5.620390476085605e-05,5.5290822862922854e-05,5.678590801878279e-05
2022-05-16,2022-05-17,7.015732043335193e-05,6.067185159164134e-05,4.915630427422427e-05,0.00837599668298358,0.0077645904488062075,0.006905386102189256,0.0915204713874638,0.08804523898877678,0.08276508067974285,1.1247236008117801e-07,275,0.0013497243141379392,1.1305286378161666e-05,5.130499484231912e-05,0.007162750508172062,0.0846330343788527,-0.007831822968736966,2022,6.32933221220843e-05,-0.01691557255196796,5.770396719700952e-05,5.623497389317463e-05,5.534236715401189e-05,5.611969143634014e-05
2022-05-17,2022-05-18,5.130499484231912e-05,6.185617348230716e-05,4.8694066297482585e-05,0.007162750508172062,0.007849796713270761,0.006874577016905235,0.0846330343788527,0.08855634199064896,0.08258717849653709,2.1314670521986797e-08,275,0.0006870971571803771,4.921505511757325e-06,2.8382829862534007e-05,0.005327553834785155,0.07299009408669888,0.004165878650856792,2022,6.32933221220843e-05,-0.01691557255196796,5.363171117900287e-05,5.1939457391084885e-05,5.126370469099191e-05,5.219785038302089e-05
2022-05-18,2022-05-19,2.8382829862534007e-05,5.541289591341534e-05,4.8897823098808054e-05,0.005327553834785155,0.007358397493016032,0.006894521234030373,0.07299009408669888,0.08550834149930749,0.08272673646508709,3.367843074024872e-09,275,0.00036720343958302756,1.9562960926968574e-06,3.3005190310132894e-05,0.00574501438728685,0.07579587315472294,0.01397036215759147,2022,6.32933221220843e-05,-0.01691557255196796,4.602395765143572e-05,4.2884283048578165e-05,4.189589538203151e-05,4.2863047344635434e-05
2022-05-19,2022-05-23,3.3005190310132894e-05,5.072635621454363e-05,4.825192138312011e-05,0.00574501438728685,0.007004897274909316,0.006843325559048369,0.07579587315472294,0.08333256244952891,0.08240412065618426,1.0477482256019622e-08,275,0.0006006147732706051,3.4505405136566552e-06,2.9430858207785976e-05,0.00542502149376258,0.07365474522230445,0.007659181908614014,2022,6.32933221220843e-05,-0.01691557255196796,4.535756206491515e-05,4.2511545847760946e-05,4.15933039678727e-05,4.247630155171661e-05
2022-05-23,2022-05-24,2.9430858207785976e-05,4.2456238731224786e-05,4.760469990153873e-05,0.00542502149376258,0.006407267381398045,0.006789539821903573,0.07365474522230445,0.07971884364600854,0.0820569955120704,4.434139940237228e-09,275,0.000413772761986658,2.244726127311128e-06,2.580859325359312e-05,0.0050802158668301805,0.07127563305106578,0.0036628080925541298,2022,6.32933221220843e-05,-0.01691557255196796,4.1508862260039895e-05,3.854154153263895e-05,3.7634733404605695e-05,3.856722786687633e-05
2022-05-24,2022-05-25,2.580859325359312e-05,3.3586493295273024e-05,4.758815906208351e-05,0.0050802158668301805,0.0057481112181673654,0.00678791755413703,0.07127563305106578,0.07566987597872894,0.0820456351884628,5.308286381232858e-09,275,0.0004834523435465272,2.456042266541303e-06,3.082700161166895e-05,0.005552206913621731,0.07451313249100276,-0.006295813871914639,2022,6.32933221220843e-05,-0.01691557255196796,3.753543179541941e-05,3.4525011423194204e-05,3.36687290793231e-05,3.4447338899604625e-05
2022-05-25,2022-05-26,3.082700161166895e-05,2.949089464914299e-05,4.764505918304814e-05,0.005552206913621731,0.0054260024992573,0.006793094756389081,0.07451313249100276,0.07364589560115896,0.08208055540556043,7.1780981403543764e-09,275,0.0005143961592501896,2.8560339117293675e-06,2.460948690243023e-05,0.004960794986938104,0.07043291124849309,0.001970024168875384,2022,6.32933221220843e-05,-0.01691557255196796,3.727856969466939e-05,3.460227913959781e-05,3.3822745505425183e-05,3.463780706097904e-05
2022-05-26,2022-05-30,2.460948690243023e-05,2.8736226057122237e-05,4.5837979032698704e-05,0.004960794986938104,0.005352650729687889,0.006653912907590869,0.07043291124849309,0.07313445903351781,0.08121068500469565,3.6309380494054516e-09,275,0.0004094650176142892,2.0312720067074883e-06,1.6182494856549478e-05,0.004022747177806415,0.06342513049104759,-0.0011977233695104701,2022,6.32933221220843e-05,-0.01691557255196796,3.527644522143492e-05,3.2233171338495286e-05,3.1389872819634006e-05,3.2190607350448324e-05
2022-05-30,2022-05-31,1.6182494856549478e-05,2.5371686966405553e-05,4.5563066522767754e-05,0.004022747177806415,0.005008197287791802,0.0066224500271151515,0.06342513049104759,0.07066031050078274,0.08097249312355574,1.5082188266034005e-09,245,0.0003447874176082917,1.386992611126917e-06,3.701515652451517e-05,0.0060840082613779515,0.078000052957533,-0.008495346752072433,2022,6.32933221220843e-05,-0.01691557255196796,3.207495088461407e-05,2.808881828594155e-05,2.6944837934520383e-05,2.7867282124115142e-05
2022-05-31,2022-06-01,3.701515652451517e-05,2.688854662975139e-05,4.565334836693778e-05,0.0060840082613779515,0.005139994641314876,0.006629971925276764,0.078000052957533,0.07152937204782844,0.08102104279387765,1.5744615733557382e-08,275,0.0006952402413030669,4.22984737173026e-06,2.5883906407329983e-05,0.005087622864101661,0.07132757436014252,0.00440032880040945,2022,6.32933221220843e-05,-0.01691557255196796,3.750450620913475e-05,3.469403761446856e-05,3.36900660297732e-05,3.4770608639001124e-05
2022-06-01,2022-06-02,2.5883906407329983e-05,2.6903609260498758e-05,4.3554015616826005e-05,0.005087622864101661,0.0051414760407691735,0.006475347526874184,0.07132757436014252,0.07153976030964379,0.08007512703804229,3.450564759150197e-09,275,0.00038921435074244266,1.9801758298737344e-06,2.2203797519660765e-05,0.004712090567854227,0.06864466889609291,0.013016487999256207,2022,6.32933221220843e-05,-0.01691557255196796,3.4576685866184345e-05,3.140348289673035e-05,3.04485683305983e-05,3.1424198956068264e-05
2022-06-02,2022-06-06,2.2203797519660765e-05,2.517896844209712e-05,4.27881093964257e-05,0.004712090567854227,0.004973452771615672,0.0064054744294978865,0.06864466889609291,0.07036606759066182,0.07960204353180908,9.952992327948725e-09,275,0.0007137101439837947,3.3630668376479212e-06,2.1580865726777907e-05,0.004645521039321414,0.06815805923969237,-0.015464104359742258,2022,6.32933221220843e-05,-0.01691557255196796,3.298879149207223e-05,2.9509518468807852e-05,2.848803419035942e-05,2.930107103490283e-05
2022-06-06,2022-06-07,2.1580865726777907e-05,2.457324420696666e-05,4.053295771667723e-05,0.004645521039321414,0.004910397982092333,0.006233104217066279,0.06815805923969237,0.06991109718890168,0.07852482952560136,2.724283534090428e-09,275,0.0003787480323966005,1.7594819530999962e-06,2.3084496449406833e-05,0.004804632811090441,0.06931545867330346,0.0035149502296455168,2022,6.32933221220843e-05,-0.01691557255196796,3.228074329136571e-05,2.8765130962916327e-05,2.7735069197716247e-05,2.870865327138498e-05
2022-06-07,2022-06-08,2.3084496449406833e-05,2.595364452553813e-05,3.98262831453509e-05,0.004804632811090441,0.005066775108749139,0.00616897792434484,0.06931545867330346,0.07108916282535285,0.07809199221330623,4.351397999252763e-09,275,0.00046282079606432065,2.2236839824256325e-06,1.8080270958633704e-05,0.004252090187029633,0.06520805308418304,0.004543461484169067,2022,6.32933221220843e-05,-0.01691557255196796,3.300965321017606e-05,2.9722445617862114e-05,2.877439994142039e-05,2.9663846434491603e-05
2022-06-08,2022-06-09,1.8080270958633704e-05,2.2166667412361838e-05,3.8087641951716126e-05,0.004252090187029633,0.0047003914938794755,0.006021102179737781,0.06520805308418304,0.06853076285068285,0.0771181100343842,3.0486715517721216e-09,275,0.0004377352446989153,1.861289738501273e-06,2.4303270440100867e-05,0.004929834727463068,0.07021278179550408,-0.005599943404675298,2022,6.32933221220843e-05,-0.01691557255196796,3.0235076415219873e-05,2.650413404822397e-05,2.545871171460368e-05,2.63573603657316e-05
2022-06-09,2022-06-13,2.4303270440100867e-05,2.1850540218916017e-05,3.735201759907401e-05,0.004929834727463068,0.004668833866551756,0.005955961028290709,0.07021278179550408,0.06830780433775516,0.07668378015763663,5.02521319787223e-09,275,0.00048473407486873736,2.3896588758725843e-06,6.918146174208242e-05,0.008317539404299953,0.09120054497808636,-0.010555064912582431,2022,6.32933221220843e-05,-0.01691557255196796,3.1468222827647126e-05,2.8129365740835364e-05,2.714069339517778e-05,2.8119464862124752e-05
2022-06-13,2022-06-14,6.918146174208242e-05,3.124607306340035e-05,3.88432325048963e-05,0.008317539404299953,0.005389923633840902,0.006059887956970844,0.09120054497808636,0.07281897955415387,0.07729923858740935,3.064719142294536e-08,275,0.0007095110071935512,5.90138576011691e-06,4.0132972428691466e-05,0.006335058991729396,0.07959308381844113,-0.005377390954468121,2022,6.32933221220843e-05,-0.01691557255196796,4.5522256987078836e-05,4.1910950958430054e-05,3.9871790249928997e-05,4.259093306901614e-05
2022-06-14,2022-06-15,4.0132972428691466e-05,3.495649440378306e-05,3.747167754556453e-05,0.006335058991729396,0.005727831224322498,0.005966711648522812,0.07959308381844113,0.07510598446990362,0.07675486485777504,1.0488167900726089e-08,275,0.0005449514545967421,3.4522996124991047e-06,7.020989499194203e-05,0.008379134501363612,0.0915376124954306,0.009439342171148554,2022,6.32933221220843e-05,-0.01691557255196796,3.9809254300931615e-05,3.675228557586528e-05,3.552471806800086e-05,3.702497358529498e-05
2022-06-15,2022-06-16,7.020989499194203e-05,4.43815741122901e-05,3.860015525478962e-05,0.008379134501363612,0.006442731562377133,0.006041366890137098,0.0915376124954306,0.07955041523432904,0.07718486909077225,7.272588503429456e-08,275,0.0010849357243525328,9.09082235968423e-06,6.016296052574573e-05,0.00775647861634039,0.08807087268978542,0.0051261969105948395,2022,6.32933221220843e-05,-0.01691557255196796,5.0349228392579346e-05,4.723768891571225e-05,4.536926920550695e-05,4.754258747019676e-05
2022-06-16,2022-06-20,6.016296052574573e-05,5.279811202571251e-05,3.8580325382914744e-05,0.00775647861634039,0.007143609248239284,0.006040090921058988,0.08807087268978542,0.08412297915544951,0.0771776316428804,4.1699014382299466e-08,275,0.0008874766990319048,6.883694038541326e-06,1.4730463340735401e-05,0.003838028574767963,0.061951824628238054,-0.0010807381870798177,2022,6.32933221220843e-05,-0.01691557255196796,5.095443677496082e-05,4.853050958945313e-05,4.720927334303187e-05,4.885881197680359e-05
2022-06-20,2022-06-21,1.4730463340735401e-05,5.088355060583941e-05,3.668453331638037e-05,0.003838028574767963,0.006925248017700262,0.005873068789102059,0.061951824628238054,0.08247078772199631,0.07605386147127233,1.0371098307622761e-09,245,0.00029967198206374987,1.1501496302180244e-06,2.9992668300201227e-05,0.005476556244593971,0.07400375831398005,-0.0068974512702639846,2022,6.32933221220843e-05,-0.01691557255196796,3.9341164422834236e-05,3.399978338732784e-05,3.207607295190524e-05,3.3711370324515136e-05
2022-06-21,2022-06-22,2.9992668300201227e-05,4.304579191746317e-05,3.4830497983463145e-05,0.005476556244593971,0.006357051385759066,0.005739586301978197,0.07400375831398005,0.07903143038917505,0.07524842597463932,3.857670400944515e-09,275,0.0003823082509795181,2.093732639261679e-06,2.4763167728444364e-05,0.004976260416059871,0.07054261418504329,0.0028629150686800145,2022,6.32933221220843e-05,-0.01691557255196796,3.987187919871409e-05,3.6366537522239776e-05,3.508292297320346e-05,3.650985625027422e-05
2022-06-22,2022-06-23,2.4763167728444364e-05,3.9971830977413745e-05,3.276712740596735e-05,0.004976260416059871,0.006085291670625161,0.005585052835299847,0.07054261418504329,0.07722133646249549,0.07429488701089293,4.392717788855523e-09,275,0.00044897505848508565,2.234216811337497e-06,3.585806126311469e-05,0.005988160089970432,0.07738320289294333,-0.0041878973099968245,2022,6.32933221220843e-05,-0.01691557255196796,3.724525476549391e-05,3.3340879748401755e-05,3.199372709198573e-05,3.33359360665733e-05
2022-06-23,2022-06-27,3.585806126311469e-05,3.310146423164828e-05,3.206499406145805e-05,0.005988160089970432,0.005607096788346526,0.005531662361745227,0.07738320289294333,0.07439045454199802,0.07396534921607888,9.121016687219725e-09,275,0.0005376341992018782,3.2194396546639007e-06,2.5505040866119662e-05,0.005050251564637119,0.07106512199832712,0.0004108159661924745,2022,6.32933221220843e-05,-0.01691557255196796,3.731816466891114e-05,3.428678508308309e-05,3.312899655288104e-05,3.450763426069851e-05
2022-06-27,2022-06-28,2.5505040866119662e-05,2.616988029972307e-05,3.1934185470711946e-05,0.005050251564637119,0.005065851378005871,0.005519057713102135,0.07106512199832712,0.07098930440370636,0.07387785048478925,5.162731400530068e-09,275,0.00047960689433430555,2.4221354685225757e-06,1.6805547365685247e-05,0.004099456959852762,0.06402700180277662,-0.0028737645611238965,2022,6.32933221220843e-05,-0.01691557255196796,3.2432071932541714e-05,2.925668085158387e-05,2.827389054118193e-05,2.929470185736811e-05
2022-06-28,2022-06-29,1.6805547365685247e-05,2.6584897104713034e-05,3.119783806414614e-05,0.004099456959852762,0.005118137055022831,0.005444259648218767,0.06402700180277662,0.07140433983861409,0.0733429017869735,1.967709518667168e-09,275,0.0003647647193924809,1.4953372676222457e-06,2.6935459951029377e-05,0.005189938337883156,0.07204122665448692,-0.0018140919313126987,2022,6.32933221220843e-05,-0.01691557255196796,3.0425711327790318e-05,2.669155039069492e-05,2.5622353673181412e-05,2.6562871173496407e-05
2022-06-29,2022-06-30,2.6935459951029377e-05,2.5973455434878667e-05,3.10844108706572e-05,0.005189938337883156,0.005060813473680668,0.005433574050224248,0.07204122665448692,0.07101183350671546,0.0732695600338909,1.123383614540619e-08,275,0.0006884311428488646,3.5729151812640376e-06,4.87987308879011e-05,0.006985608841604367,0.08357995478345491,-0.008786928387014585,2022,6.32933221220843e-05,-0.01691557255196796,3.2566659932344055e-05,2.948131438281452e-05,2.851726361379253e-05,2.945337014117834e-05
2022-06-30,2022-07-04,4.87987308879011e-05,3.0780568066770015e-05,3.212941712676211e-05,0.006985608841604367,0.005462683158789567,0.005520182821804893,0.08357995478345491,0.07361930162639778,0.07382884738536312,2.7542836618391032e-08,275,0.000800863928527565,5.594522140044166e-06,1.5033452810148165e-05,0.0038772996802089164,0.06226796672614994,0.0052151723470246665,2022,6.32933221220843e-05,-0.01691557255196796,3.954355084893556e-05,3.675160116840125e-05,3.546166044683077e-05,3.704246907869726e-05
2022-07-04,2022-07-05,1.5033452810148165e-05,2.6615646376176713e-05,3.141152854487481e-05,0.0038772996802089164,0.005040511076837265,0.005444050674831583,0.06226796672614994,0.0705962543930391,0.07327224894150618,1.3494515961089375e-09,246,0.0003376810920259704,1.3092907901248926e-06,9.103151306997486e-05,0.009541043604867072,0.09767826577528428,-0.023300950429554514,2022,6.32933221220843e-05,-0.01691557255196796,3.005434175660383e-05,2.580248925131864e-05,2.4522392323606124e-05,2.56371421716509e-05
2022-07-05,2022-07-06,9.103151306997486e-05,3.972094081694775e-05,3.4430711552490466e-05,0.009541043604867072,0.005938669484883255,0.005652243793828355,0.09767826577528428,0.07591888314843052,0.0745106741472694,1.8118542188943966e-07,275,0.0015039188716425885,1.4348955532524423e-05,6.952515900682936e-05,0.00833817480068806,0.09131360687590902,-0.013268176385975295,2022,6.32933221220843e-05,-0.01691557255196796,5.294279820087766e-05,4.8009777120815094e-05,4.4846211226896756e-05,4.814023914905239e-05
2022-07-06,2022-07-07,6.952515900682936e-05,5.0264863145176574e-05,3.685537810477592e-05,0.00833817480068806,0.006786413053050315,0.005848399594868429,0.09131360687590902,0.081376204163057,0.07577833216476311,3.92812650124588e-08,275,0.0008012728014198824,6.681152681275991e-06,2.961727200195221e-05,0.005442175300553282,0.07377110071398747,-0.001966427374067524,2022,6.32933221220843e-05,-0.01691557255196796,5.19897294290732e-05,4.839240320814178e-05,4.62237513811159e-05,4.8989638307485076e-05
2022-07-07,2022-07-11,2.961727200195221e-05,5.080122555536114e-05,3.65191106264776e-05,0.005442175300553282,0.00683686044558434,0.005819225369376399,0.07377110071398747,0.08172217897495712,0.07558610706278378,9.23834744111433e-09,275,0.0005953649762897196,3.2400805687784025e-06,2.5041956123030812e-05,0.005004193853462395,0.07074032692504605,-0.005218709266314532,2022,6.32933221220843e-05,-0.01691557255196796,4.27749859000773e-05,3.856993871319226e-05,3.696845218363026e-05,3.855344159517339e-05
2022-07-11,2022-07-12,2.5041956123030812e-05,4.604987060238708e-05,3.648084015900946e-05,0.005004193853462395,0.006440577447955944,0.005815433141620069,0.07074032692504605,0.07915425340327535,0.0755594139975521,4.444192014241954e-09,275,0.00044907713792171304,2.247269053318321e-06,3.364593974283931e-05,0.0058005120241957355,0.07616109258798573,-0.003542547541154755,2022,6.32933221220843e-05,-0.01691557255196796,4.002450624874168e-05,3.539849596277375e-05,3.373450034456754e-05,3.536888695234753e-05
2022-07-12,2022-07-13,3.364593974283931e-05,4.977236798892531e-05,3.7000937532790305e-05,0.0058005120241957355,0.00682521991675331,0.005864906844181047,0.07616109258798573,0.0819328785756425,0.07590106961991086,8.423915995962193e-09,275,0.0005333954984941493,3.0939670026671912e-06,0.00010835078661926805,0.010409168392300513,0.10202533211070922,0.0027288658180445284,2022,6.32933221220843e-05,-0.01691557255196796,4.34314025737093e-05,3.9787352206350284e-05,3.842748283386756e-05,3.9900720260642714e-05
2022-07-13,2022-07-14,0.00010835078661926805,5.323622269878395e-05,4.094502484608532e-05,0.010409168392300513,0.006998844874239997,0.006126890814771005,0.10202533211070922,0.0828022918427275,0.077440491114048,7.10622897992197e-07,275,0.002729997367879988,2.8417002312799965e-05,6.605030701277591e-05,0.008127133997466507,0.09015061839758232,-0.013631396344122129,2022,6.32933221220843e-05,-0.01691557255196796,6.276619977143482e-05,5.811712640818966e-05,5.4901891913970016e-05,5.659650868769643e-05
2022-07-14,2022-07-18,6.605030701277591e-05,5.2541252299973256e-05,4.289801623532936e-05,0.008127133997466507,0.006956636713595686,0.006277913595969919,0.09015061839758232,0.08256969414706215,0.07838754382878795,3.2794966089222804e-08,275,0.0007511468264110131,6.1046709100140175e-06,3.676987965953807e-05,0.006063817251495799,0.07787051593187115,0.0005500418462676811,2022,6.32933221220843e-05,-0.01691557255196796,5.291153176732577e-05,4.948013674699794e-05,4.759476659502179e-05,5.003166836519753e-05
2022-07-18,2022-07-19,3.676987965953807e-05,5.397177383149043e-05,4.3747543903552297e-05,0.006063817251495799,0.007080965103784189,0.006360264826172925,0.07787051593187115,0.0833895771906389,0.07896311032186468,1.2301241689723311e-08,275,0.0006165765954546901,3.738807796386696e-06,1.8234745399806995e-05,0.0042702160835029175,0.06534689038893066,0.0015897893115511014,2022,6.32933221220843e-05,-0.01691557255196796,4.668527212550053e-05,4.2929929921308036e-05,4.150847011776408e-05,4.300760017050571e-05
2022-07-19,2022-07-20,1.8234745399806995e-05,5.261033168684567e-05,4.3471701856266205e-05,0.0042702160835029175,0.006934169549792295,0.006330282160538373,0.06534689038893066,0.08231088988341581,0.07874193343974771,2.0921862099529556e-09,275,0.0003610846109050583,1.541909312992173e-06,3.107605534333403e-05,0.005574590150256253,0.07466317800801311,-0.01213932639463978,2022,6.32933221220843e-05,-0.01691557255196796,4.182009061715443e-05,3.6274543168107326e-05,3.434500347859791e-05,3.6032041990083275e-05
2022-07-20,2022-07-21,3.107605534333403e-05,5.209635480694461e-05,4.173963792905037e-05,0.005574590150256253,0.0068889851750043975,0.0062056026489909315,0.07466317800801311,0.08201130696742129,0.07799023494110802,1.0150297065636334e-08,275,0.0006092353535270399,3.396237400959722e-06,4.467202192971676e-05,0.006683713184279885,0.08175397962350142,0.012991613971857774,2022,6.32933221220843e-05,-0.01691557255196796,4.4380300691480353e-05,4.0042501248981063e-05,3.843795950982266e-05,4.001685049702382e-05
2022-07-21,2022-07-25,4.467202192971676e-05,3.936060186903436e-05,4.194595836091515e-05,0.006683713184279885,0.006143894133400272,0.006221450566834135,0.08175397962350142,0.07795703646997973,0.07808845747770167,2.0518065606623417e-08,275,0.0007224521137927687,4.8286627179676e-06,2.3253967507394922e-05,0.004822236774298305,0.06944232696488724,0.006067758252162757,2022,6.32933221220843e-05,-0.01691557255196796,4.311525119891237e-05,4.030089304168109e-05,3.910058524732358e-05,4.050613518126613e-05
2022-07-25,2022-07-26,2.3253967507394922e-05,3.080133396795815e-05,3.981159802070847e-05,0.004822236774298305,0.005482914688766631,0.006059773397422075,0.06944232696488724,0.07381537818344072,0.07708412631722242,2.924097987031253e-09,275,0.00037801244167845417,1.822865497404135e-06,3.084152557455636e-05,0.005553514704631325,0.07452190754825944,-0.004237151816228546,2022,6.32933221220843e-05,-0.01691557255196796,3.475343869296384e-05,3.125974964473044e-05,3.019053803308246e-05,3.123793957731159e-05
2022-07-26,2022-07-27,3.084152557455636e-05,2.9615663150961814e-05,3.8478805522927135e-05,0.005553514704631325,0.005380854179393737,0.005959638674162574,0.07452190754825944,0.07314565650671837,0.07646826426533487,1.3264381002656617e-08,275,0.0006990918380956746,3.8824168027520704e-06,3.643248357211073e-05,0.0060359327010919145,0.07769126528183148,0.01165668923205882,2022,6.32933221220843e-05,-0.01691557255196796,3.590788589859693e-05,3.282112350059979e-05,3.179251777383644e-05,3.2815975898422325e-05
2022-07-27,2022-07-28,3.643248357211073e-05,3.325521078542256e-05,3.946526098798965e-05,0.0060359327010919145,0.0057339975029115356,0.006059543407177298,0.07769126528183148,0.07561453148529854,0.07718369338595277,2.3704709777831883e-08,275,0.0008598676225063002,5.190103101295935e-06,3.4764364234492097e-05,0.0058961312938648255,0.07678627021717375,0.01486317898281195,2022,6.32933221220843e-05,-0.01691557255196796,3.865169446116956e-05,3.601727650467731e-05,3.5105104590836565e-05,3.5999852626487593e-05
2022-07-28,2022-08-01,3.4764364234492097e-05,3.399287256365418e-05,3.968215625773014e-05,0.0058961312938648255,0.005798305731633251,0.0060786150003259735,0.07678627021717375,0.07603914992713068,0.0773101711997343,9.480389263793762e-09,275,0.0005566786983470296,3.282250693951859e-06,3.974091399789172e-05,0.006304039498440005,0.0793979817025597,0.006659585071527089,2022,6.32933221220843e-05,-0.01691557255196796,3.855401212419513e-05,3.589786816149809e-05,3.500729808975853e-05,3.603757863426193e-05
2022-08-01,2022-08-02,3.974091399789172e-05,3.3006650977289166e-05,4.036296290634139e-05,0.006304039498440005,0.005722370994465275,0.006138968594979615,0.0793979817025597,0.07556795034294231,0.07771268790507595,1.3508793708994802e-08,275,0.0006215098603329369,3.918022708208765e-06,6.047840873972671e-05,0.007776786530420307,0.08818609034547516,-0.0032733905019722022,2022,6.32933221220843e-05,-0.01691557255196796,3.9478333043505016e-05,3.697346623088901e-05,3.606422803753607e-05,3.717269631539626e-05
2022-08-02,2022-08-03,6.047840873972671e-05,4.045153922375553e-05,4.148206960982375e-05,0.007776786530420307,0.006313280945689675,0.0062202697968182456,0.08818609034547516,0.0793167030190599,0.07820372824382739,3.997400489683006e-08,275,0.0008666571347114021,6.739807531716289e-06,3.0410703382897142e-05,0.005514590046675922,0.07426028579716026,0.0010395899215195588,2022,6.32933221220843e-05,-0.01691557255196796,4.713136138011242e-05,4.4849074511222764e-05,4.366092350247894e-05,4.5208794397744436e-05
2022-08-03,2022-08-04,3.0410703382897142e-05,4.036537478542368e-05,4.1705054269677275e-05,0.005514590046675922,0.006305496014098594,0.006241376091456374,0.07426028579716026,0.07926437866884006,0.07834896296195618,1.2310915665420753e-08,275,0.0006782512602866692,3.740277649122266e-06,2.3195001891469753e-05,0.004816118965668285,0.06939826341968713,0.012001199662501988,2022,6.32933221220843e-05,-0.01691557255196796,4.0089835022599347e-05,3.726050310712941e-05,3.6374544489018015e-05,3.719925524102302e-05
2022-08-04,2022-08-08,2.3195001891469753e-05,3.771787844929549e-05,4.1995484020849293e-05,0.004816118965668285,0.006061533267013869,0.00627395163717526,0.06939826341968713,0.0776057782964112,0.07859311121727029,4.886559274991378e-09,275,0.0004892862861442455,2.3564609623407002e-06,1.6993067297662297e-05,0.0041222648262408245,0.06420486606356893,-0.0035773654696749065,2022,6.32933221220843e-05,-0.01691557255196796,3.751202995972389e-05,3.4068591810964593e-05,3.302807146877167e-05,3.395017725422691e-05
2022-08-08,2022-08-09,1.6993067297662297e-05,3.4163619061929524e-05,4.154355708205988e-05,0.0041222648262408245,0.0057067599734890685,0.0062254210230097,0.06420486606356893,0.07508949746569023,0.0782369130085922,1.6097542732625415e-09,275,0.000328097233591294,1.3525036856203107e-06,2.4366551406663463e-05,0.004936248718071595,0.07025844232596959,0.0031141681405206156,2022,6.32933221220843e-05,-0.01691557255196796,3.473776416797856e-05,3.0434612401881512e-05,2.9092692605294225e-05,3.023998360266971e-05
2022-08-09,2022-08-10,2.4366551406663463e-05,3.108874654368387e-05,4.043300346927635e-05,0.004936248718071595,0.0054332018174153875,0.006132268290121848,0.07025844232596959,0.07326158959037221,0.07763138971507014,3.436466886892124e-09,275,0.0004003296083756099,1.9761265161502082e-06,3.6371853324116054e-05,0.006030908167441787,0.07765892200798172,-0.003063794228726432,2022,6.32933221220843e-05,-0.01691557255196796,3.521144498639181e-05,3.152436648635405e-05,3.0353697047342652e-05,3.1516590426805484e-05
2022-08-10,2022-08-11,3.6371853324116054e-05,2.6267435460561745e-05,4.1402930765365796e-05,0.006030908167441787,0.0050840261448196825,0.00623015958499607,0.07765892200798172,0.07115615592287353,0.07833097859151704,9.582857853053212e-09,275,0.0005471715035706946,3.299941089875905e-06,2.2911226392794405e-05,0.004786567286980766,0.06918502212893167,0.0029744507936081163,2022,6.32933221220843e-05,-0.01691557255196796,3.647760394518805e-05,3.3523006346700276e-05,3.246580275883411e-05,3.371158168438836e-05
2022-08-11,2022-08-15,2.2911226392794405e-05,2.4767540062541195e-05,3.8306554098221233e-05,0.004786567286980766,0.004938421592880651,0.006014047025092146,0.06918502212893167,0.07014110318922781,0.07703583115304646,5.453003843904076e-09,275,0.0005200587376434965,2.489296140912873e-06,3.2268597088156624e-05,0.005680545492129838,0.07536939360330451,-0.00551423490466038,2022,6.32933221220843e-05,-0.01691557255196796,3.231645293651845e-05,2.888557607631864e-05,2.7878215011552355e-05,2.8812754057525518e-05
2022-08-15,2022-08-16,3.2268597088156624e-05,2.658225910187857e-05,3.661307401100884e-05,0.005680545492129838,0.005111306898172963,0.005893245692884954,0.07536939360330451,0.07133532922595129,0.07631109418610989,8.166905175336597e-09,275,0.0005362871343598582,3.046403463575121e-06,1.984026081033963e-05,0.004454240766992691,0.06674009864386395,-0.003086668207715178,2022,6.32933221220843e-05,-0.01691557255196796,3.488593000500637e-05,3.195123851881143e-05,3.097143244441858e-05,3.208264041814462e-05
2022-08-16,2022-08-17,1.984026081033963e-05,2.7151697804414032e-05,3.616866441139008e-05,0.004454240766992691,0.005177702086323335,0.005848339577723108,0.06674009864386395,0.07184237574201029,0.07599150318292246,2.550873201457002e-09,275,0.00038223408437802514,1.7025626411707236e-06,3.599785112635107e-05,0.0059998209245235865,0.07745851098829351,-0.00759126516473959,2022,6.32933221220843e-05,-0.01691557255196796,3.210531620606271e-05,2.8599020904505417e-05,2.7604420212921397e-05,2.8513376515717926e-05
2022-08-17,2022-08-18,3.599785112635107e-05,2.9477957748351556e-05,3.666665963881372e-05,0.0059998209245235865,0.005390416527613733,0.0058935953536804345,0.07745851098829351,0.07328238947447507,0.07629687518579734,1.178148126780403e-08,275,0.0006098462030155476,3.6589680095939415e-06,2.38692343594199e-05,0.00488561504412903,0.06989717479361401,-0.004646351158328163,2022,6.32933221220843e-05,-0.01691557255196796,3.6787348007768746e-05,3.409022896122212e-05,3.314748520659199e-05,3.4248032132975386e-05
2022-08-18,2022-08-22,2.38692343594199e-05,2.6977433955412324e-05,3.622226393956739e-05,0.00488561504412903,0.005161357902951182,0.005852009127313767,0.06989717479361401,0.07173004003160152,0.07601215164968954,4.500937784143415e-09,275,0.000462903990339539,2.2615706991902108e-06,2.7712935639307993e-05,0.005264307707506087,0.07255554911587457,-0.009024397083174707,2022,6.32933221220843e-05,-0.01691557255196796,3.299636818551819e-05,2.9763315012625366e-05,2.881950211792335e-05,2.974342470472638e-05
2022-08-22,2022-08-23,2.7712935639307993e-05,2.7937775804715043e-05,3.2556907076841934e-05,0.005264307707506087,0.005256905987056247,0.005618151823459475,0.07255554911587457,0.07240414542899012,0.07467261605901522,4.883870404814439e-09,275,0.0004475066186912155,2.3558125419361535e-06,2.5089728589566937e-05,0.00500896482215307,0.07077404059507321,0.004047025163522758,2022,6.32933221220843e-05,-0.01691557255196796,3.366806079290148e-05,3.081864178963549e-05,2.9957510011364963e-05,3.091167649773451e-05
2022-08-23,2022-08-24,2.5089728589566937e-05,2.6502002104997103e-05,3.06950626030597e-05,0.00500896482215307,0.005122589853060892,0.005476416860945228,0.07077404059507321,0.07148507482734386,0.07379186252253754,3.94393590580257e-09,275,0.00042264487443258685,2.117013308296129e-06,1.6152679425863424e-05,0.004019039614866146,0.0633958958834572,0.0062591348746630845,2022,6.32933221220843e-05,-0.01691557255196796,3.225996656368698e-05,2.928863321572002e-05,2.842315721530668e-05,2.9345732856219087e-05
2022-08-24,2022-08-25,1.6152679425863424e-05,2.5764485828101865e-05,2.9757917137892676e-05,0.004019039614866146,0.005035549622635584,0.005383472422916608,0.0633958958834572,0.07081623427526249,0.07313392524760964,1.5092510918215589e-09,275,0.00032584955055572066,1.3096022521697704e-06,1.5777035190267626e-05,0.003972031619998464,0.063024055883436,0.0005748410030828157,2022,6.32933221220843e-05,-0.01691557255196796,2.9761195126175304e-05,2.6061090960835123e-05,2.501812209022707e-05,2.5936463651465607e-05
2022-08-25,2022-08-29,1.5777035190267626e-05,2.1720322640885175e-05,2.964620303745908e-05,0.003972031619998464,0.004629991761730559,0.005369918583666406,0.063024055883436,0.067929343254291,0.07302834186099626,1.3456612052846442e-09,275,0.0003113248825070415,1.2365922774102754e-06,2.0663069459395082e-05,0.00454566490839295,0.06742154632157994,-0.01285593484085049,2022,6.32933221220843e-05,-0.01691557255196796,2.823237824268037e-05,2.4420933741187038e-05,2.335635704742302e-05,2.4308452114399916e-05
2022-08-29,2022-08-30,2.0663069459395082e-05,2.107908966088021e-05,2.917288549728003e-05,0.00454566490839295,0.004562001734583343,0.005323149254490801,0.06742154632157994,0.06743421755988419,0.0726991767843402,2.070299621608993e-09,275,0.0003374254591369038,1.533823068797003e-06,3.274644066785977e-05,0.005722450582386865,0.07564688085034878,-0.006354141152140237,2022,6.32933221220843e-05,-0.01691557255196796,2.907838079929289e-05,2.559961238467494e-05,2.4593154598244125e-05,2.5612920259190623e-05
2022-08-30,2022-08-31,3.274644066785977e-05,2.208579066659057e-05,2.863081362174107e-05,0.005722450582386865,0.0046536303095594984,0.0052794554998593,0.07564688085034878,0.06805248390677902,0.07242158138556053,7.732396070861664e-09,275,0.0005180046505221458,2.9642560140595575e-06,3.164627793745772e-05,0.005625502460888069,0.07500334966445212,-0.011327788254267489,2022,6.32933221220843e-05,-0.01691557255196796,3.218034046940508e-05,2.9102853811724738e-05,2.801357236991416e-05,2.9307841296506183e-05
2022-08-31,2022-09-01,3.164627793745772e-05,2.3397100536168725e-05,2.9012282277653027e-05,0.005625502460888069,0.004776937837306499,0.005315967576522471,0.07500334966445212,0.0688983457206548,0.07267435514463166,4.223216543968933e-09,275,0.0003894206883116748,2.1906870404180523e-06,5.0579676917410076e-05,0.007111939040614035,0.08433231314634998,-0.002966870416445809,2022,6.32933221220843e-05,-0.01691557255196796,3.2443124520581604e-05,2.938174047202036e-05,2.831612753467412e-05,2.9628705804254422e-05
2022-09-01,2022-09-05,5.0579676917410076e-05,3.0282500034478053e-05,2.9909470975055465e-05,0.007111939040614035,0.005395517722456077,0.005386805046339867,0.08433231314634998,0.07308562917323336,0.07312028267181761,3.451688456622048e-08,275,0.0008806157193780143,6.262885314422913e-06,1.9510650832467202e-05,0.00441708623783453,0.06646116338008634,0.010668800617265703,2022,6.32933221220843e-05,-0.01691557255196796,3.9442137823398994e-05,3.6588829753719505e-05,3.522436579748512e-05,3.6859558428497976e-05
2022-09-05,2022-09-06,1.9510650832467202e-05,3.102922316291797e-05,2.9140296759617123e-05,0.00441708623783453,0.005484528646023289,0.0053132211161918035,0.06646116338008634,0.07377305067256343,0.07260982349446556,1.1547889531097236e-08,245,0.0008688751982992646,3.837896680803429e-06,4.720676789717232e-05,0.0068707181500315025,0.08288979521045702,-0.014276104005559606,2022,6.32933221220843e-05,-0.01691557255196796,3.2305658380314036e-05,2.8756079207850816e-05,2.769968317900591e-05,2.848332516127086e-05
2022-09-06,2022-09-07,4.720676789717232e-05,3.633796285047341e-05,2.970586056246622e-05,0.0068707181500315025,0.005949539294351,0.005357520518744835,0.08288979521045702,0.07686670045033886,0.0728872564487057,2.898684112780206e-08,275,0.0008353278780936543,5.739302413245373e-06,2.045622266931368e-05,0.00452285558793487,0.0672521790571493,0.012341614802343396,2022,6.32933221220843e-05,-0.01691557255196796,4.0751745493659524e-05,3.824053803786846e-05,3.7107335514086216e-05,3.8478293636820926e-05
2022-09-07,2022-09-08,2.045622266931368e-05,3.38799192507642e-05,2.8829283683894495e-05,0.00452285558793487,0.005709620295460601,0.005276557613721874,0.0672521790571493,0.07518776009169895,0.07233517451027795,2.7949120748216976e-09,275,0.0003940306614367609,1.782143778896927e-06,3.547418751826005e-05,0.0059560211146586816,0.07717526232322558,0.002789826657899094,2022,6.32933221220843e-05,-0.01691557255196796,3.34825395267904e-05,2.9884874166188913e-05,2.8771745928984128e-05,2.9831697662420446e-05
2022-09-08,2022-09-12,3.547418751826005e-05,3.464550116692466e-05,2.7692728173827827e-05,0.0059560211146586816,0.005775724026214723,0.005193795549369072,0.07717526232322558,0.07562214262345365,0.07183468232744843,1.1269704605870434e-08,275,0.0006008398120626769,3.5786146071728575e-06,3.0419042666325356e-05,0.005515346105760304,0.07426537622445809,0.0012322802729891904,2022,6.32933221220843e-05,-0.01691557255196796,3.7095317889219176e-05,3.4260788669506466e-05,3.319315411338721e-05,3.445405411179442e-05
2022-09-12,2022-09-13,3.0419042666325356e-05,3.061337431670772e-05,2.7693107232165476e-05,0.005515346105760304,0.005456405439243977,0.00519382991569109,0.07426537622445809,0.07360875523907526,0.07183491371050742,7.284917381740066e-09,275,0.0005216728181364785,2.8772061459900302e-06,0.00012607547511252074,0.011228333585733937,0.10596383149798773,-0.012232903057163892,2022,6.32933221220843e-05,-0.01691557255196796,3.449154227860886e-05,3.1591210289304595e-05,3.061515521466475e-05,3.173052606842615e-05
2022-09-13,2022-09-14,0.00012607547511252074,5.1926339172718425e-05,3.2369492378576884e-05,0.011228333585733937,0.006818654908823859,0.005485294216603165,0.10596383149798773,0.08150928886265554,0.07349698498679381,1.3392028300850888e-06,275,0.0034742937606993592,3.901052931996648e-05,2.5868530803103173e-05,0.0050861115602297965,0.07131697946653234,-0.004550133030134255,2022,6.32933221220843e-05,-0.01691557255196796,6.513189422207595e-05,5.877789093514494e-05,5.4514294539419764e-05,5.6214557681329116e-05
2022-09-14,2022-09-15,2.5868530803103173e-05,4.7658691753904596e-05,3.27729225379151e-05,0.0050861115602297965,0.006461733590863518,0.005529105431784482,0.07131697946653234,0.07919472571387061,0.07382026286874668,3.763592659414454e-09,275,0.00040660628603653815,2.06804493187254e-06,7.077488826413028e-05,0.008412781244281244,0.09172121479941947,-0.016883370430581118,2022,6.32933221220843e-05,-0.01691557255196796,4.021087801279431e-05,3.5186001409777106e-05,3.348832303744331e-05,3.522233121409012e-05
2022-09-15,2022-09-19,7.077488826413028e-05,5.772242487286793e-05,3.488239239507268e-05,0.008412781244281244,0.007239718722132793,0.005687129637521285,0.09172121479941947,0.08408853286232464,0.07479584343572168,6.313306390993879e-08,275,0.0010068099549088527,8.470071905212841e-06,2.778181043749908e-05,0.0052708453247557055,0.0726005876336804,0.007547587065932525,2022,6.32933221220843e-05,-0.01691557255196796,5.460235614156128e-05,5.06329938034063e-05,4.84083227490625e-05,5.103731930379572e-05
2022-09-19,2022-09-20,2.778181043749908e-05,5.6183949456715716e-05,3.449193590022646e-05,0.0052708453247557055,0.0071026835641521974,0.005652581326490098,0.0726005876336804,0.0831735979244156,0.07456591914598071,4.4138096272615705e-09,275,0.0004248984931152593,2.2395742359323088e-06,2.85044150531683e-05,0.005338952617617832,0.07306813681501556,-0.007890071143012028,2022,6.32933221220843e-05,-0.01691557255196796,4.392595907607238e-05,3.888215051239557e-05,3.708871421322901e-05,3.8924971351362614e-05
2022-09-20,2022-09-21,2.85044150531683e-05,5.580102393408432e-05,3.474617174842527e-05,0.005338952617617832,0.007067404866523704,0.0056776897506099645,0.07306813681501556,0.0829341500425271,0.07474242435898452,3.968685704032585e-09,275,0.0003977644363166946,2.1236454784682977e-06,9.489207444987747e-05,0.009741256307575398,0.09869780295211944,-0.0019732536120086585,2022,6.32933221220843e-05,-0.01691557255196796,4.39998286087815e-05,3.899528024895577e-05,3.7207829363905425e-05,3.9072462558239515e-05
2022-09-21,2022-09-22,9.489207444987747e-05,4.956434380155566e-05,3.759269344668531e-05,0.009741256307575398,0.0067699894108919955,0.005862267514948399,0.09869780295211944,0.08148094433335344,0.07580280660211249,2.648494418417065e-07,275,0.001780915133861572,1.7348350780985524e-05,6.350282292132619e-05,0.007968865849123461,0.08926850423930863,0.005189456230800329,2022,6.32933221220843e-05,-0.01691557255196796,5.780138191933848e-05,5.359392405765434e-05,5.0802341620260616e-05,5.335591210839518e-05
2022-09-22,2022-09-26,6.350282292132619e-05,5.709120222520027e-05,3.957735536082106e-05,0.007968865849123461,0.007346540268670728,0.006022023200499799,0.08926850423930863,0.0850712492879087,0.07682682503826906,2.9792943612140407e-08,275,0.0007301613751208708,5.818558046549732e-06,6.642401262125227e-05,0.008150092798321518,0.09027786438724344,-0.022978954637207057,2022,6.32933221220843e-05,-0.01691557255196796,5.3402428848631785e-05,5.031809974826993e-05,4.8611305079959456e-05,5.085870335680066e-05
2022-09-26,2022-09-27,6.642401262125227e-05,5.622102709662467e-05,4.096036270149839e-05,0.008150092798321518,0.0072940025794787835,0.006119762831126976,0.09027786438724344,0.08478257920547348,0.07740952292003951,2.9160711005648855e-08,275,0.0007063096903002038,5.7564895203003926e-06,4.4481283534648976e-05,0.006669429026134769,0.08166657226879777,-0.004084729539449105,2022,6.32933221220843e-05,-0.01691557255196796,5.3994598900854635e-05,5.094949378369539e-05,4.921163957940757e-05,5.1561844223215874e-05
2022-09-27,2022-09-28,4.4481283534648976e-05,5.9560921716054635e-05,4.189727402764517e-05,0.006669429026134769,0.007573719319754596,0.006200845284854511,0.08166657226879777,0.08659577613249696,0.07794449553254787,1.4426183355845503e-08,275,0.0006070797302795109,4.048875174304237e-06,5.549755822665122e-05,0.007449668329976256,0.08631146117391511,0.01814577555531639,2022,6.32933221220843e-05,-0.01691557255196796,5.017336554058776e-05,4.7133413522476025e-05,4.5850345815133056e-05,4.738493743058855e-05
2022-09-28,2022-09-29,5.549755822665122e-05,6.495955035075123e-05,4.316021141797895e-05,0.007449668329976256,0.00799586246222628,0.006300179858603155,0.08631146117391511,0.08924444100427689,0.07856976426245878,1.9913555885614513e-08,275,0.0006385518019338928,4.756999135916192e-06,7.830919153435023e-05,0.008849248077342517,0.09407044210240811,0.004781733470816506,2022,6.32933221220843e-05,-0.01691557255196796,5.485042830049153e-05,5.24346042027356e-05,5.1245930183892444e-05,5.287192920787828e-05
2022-09-29,2022-10-03,7.830919153435023e-05,6.164297376764577e-05,4.5579277915469106e-05,0.008849248077342517,0.007817460816179704,0.006474738188384494,0.09407044210240811,0.08831896883433461,0.0796286916037013,1.3649594399731164e-07,275,0.0014073825662860825,1.2454277468792493e-05,4.579201136329891e-05,0.006766979485952274,0.0822616525846173,0.022254818626199192,2022,6.32933221220843e-05,-0.01691557255196796,5.9402641973841896e-05,5.732975730263268e-05,5.590461089562482e-05,5.728384862457718e-05
2022-10-03,2022-10-04,4.579201136329891e-05,5.810081145604032e-05,4.692652027626162e-05,0.006766979485952274,0.007577083543545468,0.006599644546161135,0.0822616525846173,0.08691759850339634,0.08048622599920857,1.3331941552245817e-08,275,0.0005751889106972766,3.892291559235706e-06,4.611980099712319e-05,0.0067911560869356544,0.0824084709658883,0.011476690217486388,2022,6.32933221220843e-05,-0.01691557255196796,5.074457506882299e-05,4.841159410039242e-05,4.748219570182663e-05,4.868419524913894e-05
2022-10-04,2022-10-05,4.611980099712319e-05,5.403996913121451e-05,4.8305736903845974e-05,0.0067911560869356544,0.007305296201268294,0.006727786567385554,0.0824084709658883,0.08534371981912532,0.08136733577568367,1.1526209666892054e-08,275,0.000532915324824607,3.6191111520039213e-06,5.824005654764249e-05,0.007631517316211926,0.08735855605612954,0.0017316768572490215,2022,6.32933221220843e-05,-0.01691557255196796,4.960536579739823e-05,4.741194020066339e-05,4.657134267736663e-05,4.772438190173559e-05
2022-10-05,2022-10-06,5.824005654764249e-05,5.67917237338132e-05,5.001378177149358e-05,0.007631517316211926,0.007497713859283726,0.006868052585922779,0.08735855605612954,0.08648211657659166,0.08227356349089048,5.9353330024714266e-08,275,0.0010761438175129372,8.212610178084388e-06,4.346769451393938e-05,0.006593003451685687,0.0811973118501203,-0.007231336502790211,2022,6.32933221220843e-05,-0.01691557255196796,5.367830194926575e-05,5.1835874691003256e-05,5.095735389530859e-05,5.186169364328419e-05
2022-10-06,2022-10-10,4.346769451393938e-05,5.438575099127084e-05,5.050111149176992e-05,0.006593003451685687,0.007326380883625612,0.006907623170890906,0.0811973118501203,0.0854592867118327,0.08252585580906191,1.220003327015791e-08,275,0.0005647495172060498,3.723395516277312e-06,6.192433020586203e-05,0.007869201370270177,0.0887085191527295,-0.02709554432113326,2022,6.32933221220843e-05,-0.01691557255196796,4.944523728353661e-05,4.721042819357073e-05,4.6415738774068595e-05,4.742138330579983e-05
2022-10-10,2022-10-11,6.192433020586203e-05,5.11087787255732e-05,5.1877386594879215e-05,0.007869201370270177,0.007130371542211143,0.007009609484953729,0.0887085191527295,0.08438690212189698,0.08314881805852907,2.728905888567733e-08,275,0.0007076561482506499,5.56868873149413e-06,4.1319565115552635e-05,0.006428029644887509,0.08017499388766743,0.0007267704050892836,2022,6.32933221220843e-05,-0.01691557255196796,5.2829577154651794e-05,5.113229612124642e-05,5.027355422501099e-05,5.158817367339778e-05
2022-10-11,2022-10-12,4.1319565115552635e-05,5.021428947602395e-05,5.1456472422067506e-05,0.006428029644887509,0.00706258157399819,0.006978522694238887,0.08017499388766743,0.083969570382507,0.08295984900131623,1.5669353773794286e-08,275,0.0006564570789066623,4.219725563808284e-06,3.7273869272089105e-05,0.006105232941672996,0.07813599005370699,0.0023569728461811192,2022,6.32933221220843e-05,-0.01691557255196796,4.762134509576323e-05,4.546348029314753e-05,4.4745732566149736e-05,4.5558035985037575e-05
2022-10-12,2022-10-13,3.7273869272089105e-05,4.844510313101713e-05,5.226389144205033e-05,0.006105232941672996,0.006925396944945659,0.007055256635322455,0.07813599005370699,0.08311507420007073,0.08349052294102625,1.3981669689069402e-08,275,0.0006528838773069909,3.986008154821831e-06,0.0001491554867617628,0.01221292294095737,0.11051209409362113,-0.00014377029324046716,2022,6.32933221220843e-05,-0.01691557255196796,4.617549483844535e-05,4.3828617177512494e-05,4.310296871450533e-05,4.383760725803987e-05
2022-10-13,2022-10-17,0.0001491554867617628,6.66281891738412e-05,5.689792411771353e-05,0.01221292294095737,0.007841678069894747,0.007298084125819085,0.11051209409362113,0.08774578180756906,0.08474608198117008,1.7496797409629601e-06,275,0.0036510546084411477,4.459004858611902e-05,2.938800263963362e-05,0.00542107024854259,0.07362791758933965,-0.009995007312493575,2022,6.32933221220843e-05,-0.01691557255196796,7.950961248197084e-05,7.393273827569535e-05,6.99105739220956e-05,7.038688262495458e-05
2022-10-17,2022-10-18,2.938800263963362e-05,6.381225079898003e-05,5.730391411636444e-05,0.00542107024854259,0.007607291429266127,0.00733891206493762,0.07362791758933965,0.08623190295541294,0.08503588827808782,4.922637199797592e-09,275,0.00043628727217040095,2.365143950980764e-06,2.7265198582686818e-05,0.005221608811725254,0.07226070032683916,-0.0019444018155542755,2022,6.32933221220843e-05,-0.01691557255196796,5.051640760832386e-05,4.539445122840718e-05,4.3682951594615666e-05,4.530555780314099e-05
2022-10-18,2022-10-19,2.7265198582686818e-05,5.6880424474344994e-05,5.6930778255656573e-05,0.005221608811725254,0.007077772917557143,0.007305529687531556,0.07226070032683916,0.08294233919023489,0.08481249909643389,5.248738649558981e-09,275,0.00046771554631182434,2.442227618002713e-06,4.181578675035001e-05,0.006466512719414538,0.08041463000856584,-0.014061593892323981,2022,6.32933221220843e-05,-0.01691557255196796,4.7521308576767614e-05,4.206280480281314e-05,4.026918187732835e-05,4.192635130819965e-05
2022-10-19,2022-10-20,4.181578675035001e-05,5.697966880130447e-05,5.7448812077657686e-05,0.006466512719414538,0.0070854695324625485,0.007348764533606747,0.08041463000856584,0.08299026641441457,0.08509201063207515,1.0551216123547738e-08,275,0.0005354757246398715,3.462660584321446e-06,3.7682774469653606e-05,0.006138629689894448,0.07834940771884909,-0.0028387483397863083,2022,6.32933221220843e-05,-0.01691557255196796,5.1045984815430346e-05,4.654091273920477e-05,4.489266509258315e-05,4.670807926273324e-05
2022-10-20,2022-10-24,3.7682774469653606e-05,5.706144984081737e-05,5.343096204843644e-05,0.006138629689894448,0.007092148882106841,0.007117414356523133,0.07834940771884909,0.08303294994744298,0.0838368095512052,7.605733348444613e-09,275,0.0004789142681271188,2.9398773452392016e-06,4.108574680953337e-05,0.00640981644117313,0.0800613292493519,0.0183181431360754,2022,6.32933221220843e-05,-0.01691557255196796,4.9484737388671536e-05,4.489598918155119e-05,4.328505666985503e-05,4.502934516044724e-05
2022-10-24,2022-10-25,4.108574680953337e-05,3.544750185037149e-05,5.4122653685092365e-05,0.00640981644117313,0.005931527582149992,0.007177582760202376,0.0800613292493519,0.07694279697858912,0.08423427999587883,1.2568276865489738e-08,275,0.0005895911293677606,3.779170914591306e-06,3.32442764483223e-05,0.005765784981103813,0.07593276618893725,0.003300268913028973,2022,6.32933221220843e-05,-0.01691557255196796,4.278122513858682e-05,4.039835036179998e-05,3.960533779222224e-05,4.0560995910101726e-05
2022-10-25,2022-10-26,3.32442764483223e-05,3.621875661210922e-05,5.241671678437383e-05,0.005765784981103813,0.0060004705286622355,0.007057264748239766,0.07593276618893725,0.07740376669850865,0.0835166232408569,6.965479275909488e-09,275,0.00048795045082180205,2.813417380871181e-06,3.368373403502384e-05,0.005803768950864933,0.07618247141478762,0.004569732695120553,2022,6.32933221220843e-05,-0.01691557255196796,4.095132182633428e-05,3.834702246834725e-05,3.759012871034754e-05,3.8413068810697415e-05
2022-10-26,2022-10-27,3.368373403502384e-05,3.7502463702576615e-05,5.268498603880676e-05,0.005803768950864933,0.006116902556490172,0.007081488549426548,0.07618247141478762,0.07818812091609834,0.08367943613999815,9.903041144510648e-09,275,0.0005780066577776144,3.3546170938029314e-06,3.630863916226909e-05,0.006025665039003503,0.07762515725590192,6.606898971483653e-05,2022,6.32933221220843e-05,-0.01691557255196796,4.154765366943614e-05,3.9051703444956835e-05,3.834400556934455e-05,3.9063488676352614e-05
2022-10-27,2022-10-31,3.630863916226909e-05,3.640103418496044e-05,5.303972349831134e-05,0.006025665039003503,0.006028733020407966,0.007112702750398625,0.07762515725590192,0.07763022636556556,0.0838865734327657,8.138515280925963e-09,275,0.0005046918243888299,3.041103881690668e-06,2.2867863366268743e-05,0.004782035483585284,0.0691522630402309,-0.01647902380606225,2022,6.32933221220843e-05,-0.01691557255196796,4.1829924807480056e-05,3.9440371453126736e-05,3.873958805426579e-05,3.9560532795677695e-05
2022-10-31,2022-11-01,2.2867863366268743e-05,3.343805196428346e-05,4.976589572178365e-05,0.004782035483585284,0.005757414179146133,0.006887283622035436,0.0691522630402309,0.07579079742984192,0.08254359434586167,2.6527654972764267e-09,275,0.00036307412530093967,1.7362333503607832e-06,3.52376540557989e-05,0.005936131236402957,0.0770462928141449,0.008064510789157084,2022,6.32933221220843e-05,-0.01691557255196796,3.7130979934244994e-05,3.384151085065772e-05,3.2930682499973574e-05,3.3741736022245255e-05
2022-11-01,2022-11-02,3.52376540557989e-05,3.226843341353657e-05,4.848111531880514e-05,0.005936131236402957,0.005662677138192098,0.0067948865941845045,0.0770462928141449,0.0751877901428005,0.0819880392810815,1.9520901032771147e-08,275,0.0007934235739862062,4.7098664612379915e-06,8.451665067685693e-05,0.009193293788238084,0.09588166554789337,-0.007979018419015207,2022,6.32933221220843e-05,-0.01691557255196796,3.9419113782641576e-05,3.684671727174768e-05,3.605148387477883e-05,3.679347343784329e-05
2022-11-02,2022-11-03,8.451665067685693e-05,4.25229082592435e-05,4.930350795769628e-05,0.009193293788238084,0.0063481788996189534,0.0068423048209988934,0.09588166554789337,0.07917757001459173,0.08224275751565649,1.408376396865502e-07,275,0.0013760901745899776,1.2650801254113501e-05,3.962697779789444e-05,0.006294996250824495,0.07934101241365965,0.0009032530366935403,2022,6.32933221220843e-05,-0.01691557255196796,5.4703252559270014e-05,5.160569915000311e-05,4.9671150509423365e-05,5.169749341413619e-05
2022-11-03,2022-11-07,3.962697779789444e-05,4.371155701181761e-05,4.908285769693471e-05,0.006294996250824495,0.0064464243596108655,0.006825285149393881,0.07934101241365965,0.07980927821436615,0.08213705024951384,1.13189797311545e-08,275,0.0005697270362180146,3.586429556985753e-06,2.4234581226010506e-05,0.004922863112662235,0.07016311789439117,0.018680741037484048,2022,6.32933221220843e-05,-0.01691557255196796,4.456862426034808e-05,4.1688174271201085e-05,4.066578254020659e-05,4.18461001138031e-05
2022-11-07,2022-11-08,2.4234581226010506e-05,4.129674542456591e-05,4.766181328781469e-05,0.004922863112662235,0.00622586397434261,0.0067104303667887,0.07016311789439117,0.078316870342064,0.08140303464589914,2.952274995159166e-09,275,0.0003720654199875593,1.831627131553938e-06,2.5292927352149527e-05,0.005029207427830903,0.07091690509202234,0.022719914511201908,2022,6.32933221220843e-05,-0.01691557255196796,3.9891934813894846e-05,3.596312060448056e-05,3.473460145711976e-05,3.5889730264183815e-05
2022-11-08,2022-11-09,2.5292927352149527e-05,4.1781758221742064e-05,4.525198309771465e-05,0.005029207427830903,0.006275298363191735,0.006536792155447261,0.07091690509202234,0.07866979875242228,0.08035060114542704,2.3509759567805732e-09,275,0.00032499988660128997,1.6344918437394084e-06,4.19955863681188e-05,0.006480400170369018,0.08050093272980766,0.0007605577332198457,2022,6.32933221220843e-05,-0.01691557255196796,3.993785805076649e-05,3.617259326730869e-05,3.49980743024533e-05,3.616516448879847e-05
2022-11-09,2022-11-10,4.19955863681188e-05,4.313334468420604e-05,4.5079418325206465e-05,0.006480400170369018,0.006384152149984948,0.00652376582292075,0.08050093272980766,0.07936072673555483,0.0802705684247539,1.797121902390686e-08,275,0.0006973416544032088,4.519052975999967e-06,4.06318342216718e-05,0.006374310489901775,0.07983927911687189,0.024957518978346315,2022,6.32933221220843e-05,-0.01691557255196796,4.430080314734398e-05,4.13810739752976e-05,4.0271789160254635e-05,4.15211466537332e-05
2022-11-10,2022-11-14,4.06318342216718e-05,3.4356381393169014e-05,4.482996528995867e-05,0.006374310489901775,0.005820355490317686,0.006504818295782847,0.07983927911687189,0.07615224944935053,0.08015378697707132,1.1576358283037603e-08,275,0.0005689989038452255,3.626975681523232e-06,2.9489549535137144e-05,0.005430428117113525,0.07369143856048357,0.010158999230079334,2022,6.32933221220843e-05,-0.01691557255196796,4.085323190586752e-05,3.837998748187419e-05,3.75073457565908e-05,3.860382738419471e-05
2022-11-14,2022-11-15,2.9489549535137144e-05,3.2328895740617556e-05,4.352312406211753e-05,0.005430428117113525,0.005647441863575491,0.00640476878673292,0.07369143856048357,0.07502233467871533,0.07953255436363288,5.833268290963567e-09,274,0.00047497596732390206,2.5793228479089125e-06,7.244737425862018e-05,0.008511602332030096,0.09225834559556169,0.0005758108086445411,2022,6.32933221220843e-05,-0.01691557255196796,3.732646337018451e-05,3.442981212704825e-05,3.357152906442055e-05,3.4479186056665544e-05
2022-11-15,2022-11-16,7.244737425862018e-05,4.197145434713949e-05,4.484038223233029e-05,0.008511602332030096,0.006365189707449063,0.0064919778267485745,0.09225834559556169,0.07944138021894942,0.0800353286247893,1.0370127565041547e-07,275,0.001275379371995678,1.0855522036901493e-05,2.8614221732594336e-05,0.005349226274200255,0.07313840491971543,-0.005381397852843599,2022,6.32933221220843e-05,-0.01691557255196796,5.099054282461926e-05,4.835059790326247e-05,4.6816851282733155e-05,4.84488919320015e-05
2022-11-16,2022-11-21,2.8614221732594336e-05,4.263571322322846e-05,4.33262863926363e-05,0.005349226274200255,0.006429193476722933,0.006377433504199942,0.07313840491971543,0.07988568018448805,0.07932759615965229,6.343107373268664e-09,253,0.000523268766304672,2.7990830331853043e-06,2.373858032299302e-05,0.004872225397392143,0.06980132804891424,-0.009870070745200464,2022,6.32933221220843e-05,-0.01691557255196796,4.07188116602412e-05,3.755858588131174e-05,3.658760058632828e-05,3.753181763718587e-05
2022-11-21,2022-11-22,2.373858032299302e-05,3.898431201420329e-05,4.252715072024723e-05,0.004872225397392143,0.006107558522127558,0.00630671512931379,0.06980132804891424,0.07774575924830937,0.07885606589425442,3.657965543014214e-09,275,0.0004184572510640938,2.038818046357378e-06,1.777763278872018e-05,0.004216353019935615,0.06493345070097241,-0.005856221672274161,2022,6.32933221220843e-05,-0.01691557255196796,3.81674272126132e-05,3.4501712789637746e-05,3.338519375907636e-05,3.4428589633561794e-05
2022-11-22,2022-11-23,1.777763278872018e-05,3.441347172761297e-05,4.164095815282137e-05,0.004216353019935615,0.005675967028134327,0.006220856951052998,0.06493345070097241,0.07476459356512946,0.07825595046913013,2.251308620222407e-09,269,0.00038355656655370576,1.6172098877048529e-06,2.3444439814705737e-05,0.004841945870691425,0.06958409208067189,0.011906147736969677,2022,6.32933221220843e-05,-0.01691557255196796,3.502462330335698e-05,3.057424273354815e-05,2.920504852781686e-05,3.0381341138221366e-05
2022-11-23,2022-11-24,2.3444439814705737e-05,3.320444978352669e-05,3.592681965522787e-05,0.004841945870691425,0.005558270578849907,0.0058858125387681835,0.06958409208067189,0.07394312426916713,0.0763955867412688,3.778792513662237e-09,275,0.00042797190216958917,2.0722167844819966e-06,9.189785134642216e-06,0.0030314658392669074,0.05505874898022028,0.0016674590301930916,2022,6.32933221220843e-05,-0.01691557255196796,3.504297903220343e-05,3.130632608456682e-05,3.0132558657469303e-05,3.127547319050032e-05
2022-11-24,2022-11-28,9.189785134642216e-06,2.0552931958731096e-05,3.5008718859546434e-05,0.0030314658392669074,0.004462243280297268,0.005777194156528379,0.05505874898022028,0.06650320494609885,0.07555153362267247,4.383937335050832e-10,245,0.0002466729109054766,7.477805028824818e-07,2.299407922684324e-05,0.004795214200308808,0.06924748515512176,-0.0027159885996716044,2022,6.32933221220843e-05,-0.01691557255196796,2.7107464810757036e-05,2.2095247353825283e-05,2.0569760413521313e-05,2.178129397193357e-05
2022-11-28,2022-11-29,2.299407922684324e-05,1.942890345758088e-05,3.481457707064445e-05,0.004795214200308808,0.004351440865518979,0.005757812583282177,0.06924748515512176,0.06572502099318012,0.07541456929668532,2.8159824157632372e-09,275,0.00037304877782367673,1.78884879682794e-06,2.5267579666280535e-05,0.005026686748374175,0.07089913080126001,0.00025081095602243366,2022,6.32933221220843e-05,-0.01691557255196796,2.991650970676331e-05,2.6208427291794467e-05,2.502592853760612e-05,2.6242069821596916e-05
2022-11-29,2022-11-30,2.5267579666280535e-05,1.9734703326238383e-05,3.406238583955038e-05,0.005026686748374175,0.0043823331357153855,0.005692365948234887,0.07089913080126001,0.06594458154364927,0.07498204660544415,4.753994744726617e-09,275,0.0004623876125568673,2.3242776846519772e-06,5.655428653581432e-05,0.007520258408845691,0.0867194234808194,0.014312863523157934,2022,6.32933221220843e-05,-0.01691557255196796,3.0440529747852877e-05,2.6839557007904334e-05,2.5651364410103586e-05,2.6889541803526163e-05
2022-11-30,2022-12-01,5.655428653581432e-05,2.7490034075657212e-05,3.4920181842557685e-05,0.007520258408845691,0.005043114213497401,0.005755167253641762,0.0867194234808194,0.07030177609961867,0.07536250186735188,5.999524573888858e-08,275,0.0010979544373673304,8.256901090141106e-06,2.39070015528154e-05,0.004889478658590852,0.069924807175929,0.01000808987512318,2022,6.32933221220843e-05,-0.01691557255196796,4.063437819384705e-05,3.705659442382313e-05,3.5161592543212716e-05,3.72244151651935e-05
2022-12-01,2022-12-05,2.39070015528154e-05,2.7582546423279143e-05,3.413932978543414e-05,0.004889478658590852,0.005052620771077287,0.0056860609907971125,0.069924807175929,0.07036991911867008,0.07490175086401449,2.9146820985307915e-09,275,0.00037221314443216505,1.8199282261480654e-06,4.978226527536166e-05,0.007055654843837081,0.08399794547390478,-0.013977505562967302,2022,6.32933221220843e-05,-0.01691557255196796,3.289598598476695e-05,2.90457217747063e-05,2.7732582737326114e-05,2.9085313357732977e-05
2022-12-05,2022-12-06,4.978226527536166e-05,3.570104245142303e-05,3.489105655029957e-05,0.007055654843837081,0.005857458571991321,0.00574469143910317,0.08399794547390478,0.07615775841740699,0.0752683499224221,4.10540400201961e-08,275,0.0009680533389458376,6.830250230025859e-06,2.4000484000391947e-05,0.004899028883400459,0.06999306310914288,-0.0009030405441175211,2022,6.32933221220843e-05,-0.01691557255196796,4.1933206418112895e-05,3.9217352564421845e-05,3.7949887571010746e-05,3.9367263967875774e-05
2022-12-06,2022-12-07,2.4000484000391947e-05,3.590232340613277e-05,3.445090882145266e-05,0.004899028883400459,0.005878221508609652,0.005703566890582059,0.06999306310914288,0.0763068740082112,0.07498701318125643,2.448584409952297e-09,275,0.00034049144456518843,1.6680774214756045e-06,2.45060181147518e-05,0.004950355352371363,0.07035876173136764,0.007117604849641564,2022,6.32933221220843e-05,-0.01691557255196796,3.5894583099149076e-05,3.2461344800745186e-05,3.1373812295901196e-05,3.24899730160089e-05
2022-12-07,2022-12-08,2.45060181147518e-05,3.5750011095827024e-05,3.3914426046565514e-05,0.004950355352371363,0.005862955229409089,0.0056546891775533245,0.07035876173136764,0.07619880019423274,0.07465672247559578,3.4478020605689556e-09,275,0.00039984664033862905,1.9793829561280397e-06,1.8325520077611316e-05,0.0042808317039579255,0.06542806510938502,0.0072287517004718475,2022,6.32933221220843e-05,-0.01691557255196796,3.587643802690105e-05,3.2459312993617226e-05,3.136823161101186e-05,3.2475615313205915e-05
2022-12-08,2022-12-12,1.8325520077611316e-05,2.8104257804186423e-05,3.370795589708109e-05,0.0042808317039579255,0.005215069888431537,0.0056319071875702625,0.06542806510938502,0.07194052851994587,0.0744874407514664,2.9183859964068886e-09,275,0.0004254043004558244,1.821084216391336e-06,2.38516515108603e-05,0.004883815261745708,0.06988429910749415,-0.0077895664668416595,2022,6.32933221220843e-05,-0.01691557255196796,3.170499608052411e-05,2.7882529924110877e-05,2.674764140689566e-05,2.7753385316321727e-05
2022-12-12,2022-12-13,2.38516515108603e-05,2.8093187795795404e-05,3.3190410326856605e-05,0.004883815261745708,0.005213937209062507,0.00558407464326766,0.06988429910749415,0.0719324269062589,0.07416189558298229,5.183398601076308e-09,275,0.0004969431857928207,2.426978714995511e-06,4.04013183698335e-05,0.006356203141013784,0.07972579972012689,0.014750813894169603,2022,6.32933221220843e-05,-0.01691557255196796,3.29159610637239e-05,2.948793153163004e-05,2.8425674956308387e-05,2.9469031980738457e-05
2022-12-13,2022-12-14,4.04013183698335e-05,2.6216998414689775e-05,3.118516794926463e-05,0.006356203141013784,0.005074046868497848,0.005455115977484738,0.07972579972012689,0.07107799775550332,0.07342753804535652,1.6548068463263067e-08,275,0.0006822358703359069,4.3364297819413645e-06,5.260036402551714e-05,0.007252610842001461,0.0851622618417422,-0.009993883603530736,2022,6.32933221220843e-05,-0.01691557255196796,3.582339393898247e-05,3.29936036612817e-05,3.186684780722914e-05,3.323048632914752e-05
2022-12-14,2022-12-15,5.260036402551714e-05,3.193697441971481e-05,3.177486732324749e-05,0.007252610842001461,0.005544763260218048,0.005498643913447327,0.0851622618417422,0.07411183750202319,0.07369214029208755,5.974298865658477e-08,275,0.0011360769835470131,8.239524248221383e-06,4.477277397089123e-05,0.006691246070119618,0.08180003710341223,-0.006795340597841535,2022,6.32933221220843e-05,-0.01691557255196796,4.0786575266758016e-05,3.793203081972906e-05,3.652978339401297e-05,3.8019448978417314e-05
2022-12-15,2022-12-19,4.477277397089123e-05,3.5990325590942695e-05,3.270842153892388e-05,0.006691246070119618,0.0058929414037677,0.005579024956968117,0.08180003710341223,0.0764000925764321,0.07422109116522488,1.2936898740407908e-08,275,0.0005730160044003006,3.834191087559157e-06,2.0485679587728327e-05,0.004526110867812269,0.06727637674408654,0.006398878748658432,2022,6.32933221220843e-05,-0.01691557255196796,4.05235195557231e-05,3.7853541345077264e-05,3.667876536727754e-05,3.822716606234519e-05
2022-12-19,2022-12-20,2.0485679587728327e-05,3.6422357492966095e-05,3.2489910276904736e-05,0.004526110867812269,0.005941997236538569,0.005556156931512725,0.06727637674408654,0.0767697549033724,0.07405561260395506,1.9424054030612907e-09,275,0.0003282490023325295,1.4856913768057965e-06,2.5606947833036838e-05,0.005060330802727904,0.07113600215592597,0.013150323152963016,2022,6.32933221220843e-05,-0.01691557255196796,3.495065177228687e-05,3.134632607114272e-05,3.0220581293638362e-05,3.1293370409007374e-05
2022-12-20,2022-12-21,2.5606947833036838e-05,3.677341675740141e-05,3.1744972161673746e-05,0.005060330802727904,0.0059773003447350075,0.005491608323892674,0.07113600215592597,0.07702009551305876,0.0736299339415059,5.135224057225321e-09,275,0.00047737476125644306,2.415674208830858e-06,1.5443088974897563e-05,0.003929769582926913,0.06268787428942628,0.0033568732594248187,2022,6.32933221220843e-05,-0.01691557255196796,3.615903531428209e-05,3.2961787798596227e-05,3.192945336333907e-05,3.2974312021695495e-05
2022-12-21,2022-12-22,1.5443088974897563e-05,3.1781770878414216e-05,3.060002919591127e-05,0.003929769582926913,0.005492013633117633,0.00538049282812109,0.06268787428942628,0.07361251042691865,0.07285032463116746,1.5203172834885311e-09,275,0.00033447117316623046,1.3143946426745327e-06,4.165667491263474e-05,0.0064541982393349785,0.08033802486578183,-0.013980295301880103,2022,6.32933221220843e-05,-0.01691557255196796,3.18432251117323e-05,2.7546250925466996e-05,2.6199733796688388e-05,2.7378378480396564e-05
2022-12-22,2022-12-27,4.165667491263474e-05,2.9593033055837746e-05,3.1153080349433885e-05,0.0064541982393349785,0.005332331112584336,0.0054270278336766105,0.08033802486578183,0.07264766303172657,0.0731524421904992,2.396932484148862e-08,275,0.0008086196001019506,5.218991199269763e-06,3.129702165283653e-05,0.005594374107336452,0.0747955487133857,0.00939341849181255,2022,6.32933221220843e-05,-0.01691557255196796,3.730093021354619e-05,3.433706778317879e-05,3.3077640658594435e-05,3.450825886931426e-05
2022-12-27,2022-12-28,3.129702165283653e-05,2.6897882592226798e-05,2.928260977644372e-05,0.005594374107336452,0.005112956720027703,0.00529442655073599,0.0747955487133857,0.07124676535372128,0.07235867869585486,9.84419152676946e-09,275,0.0005978568176569028,3.344634700594348e-06,2.743713318485671e-05,0.005238046695559015,0.07237435108903578,-0.001568640871244713,2022,6.32933221220843e-05,-0.01691557255196796,3.363534891457044e-05,3.060276052317158e-05,2.9541257791488e-05,3.072105514592848e-05
2022-12-28,2022-12-29,2.743713318485671e-05,2.8288173311652475e-05,2.9229105751546555e-05,0.005238046695559015,0.0052553438855770535,0.005289372933525024,0.07237435108903578,0.07226636022271112,0.07232394897627849,5.719391336625543e-09,275,0.0004867032035222886,2.54937410692791e-06,1.7198642024604765e-05,0.00414712454896218,0.06439817193804635,0.003801421323772567,2022,6.32933221220843e-05,-0.01691557255196796,3.321196413575716e-05,3.0138726470189762e-05,2.9137870139002334e-05,3.0228260854690075e-05
2022-12-29,2023-01-03,1.7198642024604765e-05,2.660651214996606e-05,2.8931835828892543e-05,0.00414712454896218,0.005072702634823908,0.005256413804050935,0.06439817193804635,0.07091879417913519,0.07207835097123906,1.2356450393289113e-09,275,0.00028573171662268806,1.1849650164230547e-06,4.7657320068976464e-05,0.006903428138901459,0.08308687103809759,0.016780857507039514,2023,6.185718147697382e-05,-0.01691557255196796,3.013522669860994e-05,2.678910919579313e-05,2.578645189406418e-05,2.6597256555412206e-05
2023-01-03,2023-01-04,4.7657320068976464e-05,3.304935836878184e-05,3.0290003432540554e-05,0.006903428138901459,0.005667434346018817,0.005378553582185747,0.08308687103809759,0.07499859352886945,0.07290350644110838,1.839103310069828e-08,275,0.0006622118050447453,4.571531608858622e-06,3.316340397605729e-05,0.005758767574408373,0.07588654409319463,0.002919946742020148,2023,6.185718147697382e-05,-0.01691557255196796,4.074253042338696e-05,3.789991135145761e-05,3.6612350525395576e-05,3.8653805443051845e-05
2023-01-04,2023-01-05,3.316340397605729e-05,3.1350704181466355e-05,3.073177453078381e-05,0.005758767574408373,0.005528348213033496,0.005420227295991064,0.07588654409319463,0.07410829737435201,0.0731899815325867,5.131827411191826e-09,275,0.0004193388833452088,2.4148751640970036e-06,4.395833957827347e-05,0.006630108564591794,0.08142547859602542,-0.007506314692604031,2023,6.185718147697382e-05,-0.01691557255196796,3.627667613660701e-05,3.364652161588986e-05,3.269125606279356e-05,3.410948013687622e-05
2023-01-05,2023-01-09,4.395833957827347e-05,3.3882967766553735e-05,3.231216336913069e-05,0.006630108564591794,0.005735495104484564,0.005583801965324013,0.08142547859602542,0.07543428335087995,0.074388469242396,1.669837838345303e-08,275,0.000657014830890673,4.356079657352081e-06,2.5930534745614563e-05,0.005092203329170445,0.07135967579221787,0.01788387634527822,2023,6.185718147697382e-05,-0.01691557255196796,4.0202907401857475e-05,3.753738037166892e-05,3.6398189640236924e-05,3.812127133276776e-05
2023-01-09,2023-01-10,2.5930534745614563e-05,3.358164807870531e-05,3.2445638619983926e-05,0.005092203329170445,0.00570632643120685,0.005597301471181359,0.07135967579221787,0.07523134829151637,0.07448447790771856,3.1522077112225963e-09,275,0.00037167242477148684,1.8926315587822172e-06,1.7883246530316867e-05,0.004228858773985822,0.06502967610242129,0.003488676053335052,2023,6.185718147697382e-05,-0.01691557255196796,3.5293136067773106e-05,3.263113642986797e-05,3.175288967953876e-05,3.2743895514176995e-05
2023-01-10,2023-01-11,1.7883246530316867e-05,3.3718568979847725e-05,3.2109987113803756e-05,0.004228858773985822,0.005722673276211579,0.005561036563254616,0.06502967610242129,0.07535764912439136,0.07421768451231679,1.7292684333176318e-09,275,0.0003314871433260286,1.4018123145177718e-06,2.5680459109800736e-05,0.005067589082571784,0.07118700079770031,0.0034924192873265654,2023,6.185718147697382e-05,-0.01691557255196796,3.3175598382874426e-05,3.014676723618503e-05,2.920456551173576e-05,2.9844465102667772e-05
2023-01-11,2023-01-12,2.5680459109800736e-05,2.9323196788012586e-05,3.0706631321712234e-05,0.005067589082571784,0.005355505464945644,0.00544955159387853,0.07118700079770031,0.0729776750763119,0.07351166529944775,4.424361580931776e-09,275,0.00044246872440091697,2.2422496771535506e-06,4.4311881950992174e-05,0.006656717055049897,0.08158870666366698,0.006094461397593419,2023,6.185718147697382e-05,-0.01691557255196796,3.352638758535257e-05,3.0787705474736485e-05,2.9935761892988376e-05,3.086578284653469e-05
2023-01-12,2023-01-16,4.4311881950992174e-05,3.155289238299956e-05,3.163412588526573e-05,0.006656717055049897,0.005535095361073949,0.005529880611899396,0.08158870666366698,0.07411810759040637,0.07404184254889037,5.337570091432397e-08,275,0.0011699582437678698,7.788080994985804e-06,2.236630196664933e-05,0.004729302482042075,0.06876992425502644,0.008089521944008927,2023,6.185718147697382e-05,-0.01691557255196796,3.938547160087054e-05,3.655322251780496e-05,3.5363532425062284e-05,3.64105929734843e-05
2023-01-16,2023-01-17,2.236630196664933e-05,2.7234484860674736e-05,3.0387945734869716e-05,0.004729302482042075,0.005154934144564005,0.005424137322726895,0.06876992425502644,0.07158699672220657,0.07334965976621409,4.247540796300454e-09,246,0.0004911669598501897,2.3228771223165625e-06,2.8917942867039226e-05,0.005377540596503129,0.0733317161704479,-0.006187339129039534,2023,6.185718147697382e-05,-0.01691557255196796,3.184502827229459e-05,2.8879801565646095e-05,2.800340990424855e-05,2.8767190618107556e-05
2023-01-17,2023-01-18,2.8917942867039226e-05,2.783196648495967e-05,3.061146659244459e-05,0.005377540596503129,0.005212001598030541,0.005445887855140653,0.0733317161704479,0.07198140479785257,0.07350141672354614,7.070740839422767e-09,275,0.0005271174893614098,2.8345956981677877e-06,3.5409225884750885e-05,0.005950565173557121,0.0771399064917577,0.005365587038309033,2023,6.185718147697382e-05,-0.01691557255196796,3.38290677782007e-05,3.101712567483703e-05,3.0104514984956736e-05,3.117722846604869e-05
2023-01-18,2023-01-19,3.5409225884750885e-05,3.133716235584647e-05,3.110706694562637e-05,0.005950565173557121,0.005556342877944801,0.005491351937921823,0.0771399064917577,0.07440345087571987,0.07380965057629113,8.563383889380156e-09,275,0.0005242315497992949,3.119474003115559e-06,2.2900540983499335e-05,0.0047854509697101,0.06917695403608126,0.0073089230224548715,2023,6.185718147697382e-05,-0.01691557255196796,3.689586774430827e-05,3.4424892582933415e-05,3.354718993369469e-05,3.48509294964981e-05
2023-01-19,2023-01-23,2.2900540983499335e-05,3.078117873058619e-05,3.131502244134855e-05,0.0047854509697101,0.005499915255372465,0.005514289177274195,0.06917695403608126,0.07400144152339605,0.07398005461841368,2.4401958055440815e-09,275,0.0003479750702025156,1.6652176371355683e-06,3.3548034166644995e-05,0.005792066484998683,0.07610562715725219,0.004641378397072225,2023,6.185718147697382e-05,-0.01691557255196796,3.3368103259721896e-05,3.06884493176361e-05,2.989805646148876e-05,3.069215937967095e-05
2023-01-23,2023-01-24,3.3548034166644995e-05,2.8628409173716754e-05,3.175576710752058e-05,0.005792066484998683,0.005326985141362222,0.005555573323785693,0.07610562715725219,0.07290482562211312,0.07426284225703907,8.582755682318318e-09,275,0.0005391858676845363,3.123000393400537e-06,2.8499896014978782e-05,0.005338529386917223,0.07306524062040187,-0.0021806042106341655,2023,6.185718147697382e-05,-0.01691557255196796,3.543702339629972e-05,3.2873018443525104e-05,3.202783826053568e-05,3.3209279575639074e-05
2023-01-24,2023-01-25,2.8499896014978782e-05,2.9855127983382645e-05,3.121479336411809e-05,0.005338529386917223,0.005448830522337251,0.005509315425872213,0.07306524062040187,0.07376388889518819,0.07396008957068792,7.391601906675758e-09,275,0.0005428830854684431,2.898197305433578e-06,2.6786443752118453e-05,0.005175562167737767,0.07194138007946307,0.009377306947981145,2023,6.185718147697382e-05,-0.01691557255196796,3.451020480241975e-05,3.2067831185911057e-05,3.133141293815571e-05,3.2159453581499056e-05
2023-01-25,2023-01-26,2.6786443752118453e-05,2.942882816039849e-05,3.0041433351690882e-05,0.005175562167737767,0.005408434836584179,0.005414904122496591,0.07194138007946307,0.07348582167699122,0.07335914039967523,5.3108148683202226e-09,275,0.0004746589952001666,2.4566271381344045e-06,6.389061747363509e-05,0.007993160668573796,0.08940447790001234,-0.01296148137059172,2023,6.185718147697382e-05,-0.01691557255196796,3.381549581511607e-05,3.1325797776454675e-05,3.058635160846786e-05,3.1423476469186555e-05
2023-01-26,2023-01-30,6.389061747363509e-05,3.512510647817533e-05,3.091042623817924e-05,0.007993160668573796,0.005816953935587513,0.005474082058789963,0.08940447790001234,0.07593873595864215,0.07370479679952067,5.61514614899145e-08,275,0.000999356987554616,7.98802096678595e-06,2.1804101889655936e-05,0.004669486255430669,0.06833363926669404,-0.000780867764256711,2023,6.185718147697382e-05,-0.01691557255196796,4.588419731728714e-05,4.2393497199835427e-05,4.063777945134716e-05,4.310590727503323e-05
2023-01-30,2023-01-31,2.1804101889655936e-05,3.4905818659406655e-05,3.097035452463049e-05,0.004669486255430669,0.005793760992731628,0.005480599121863525,0.06833363926669404,0.07577007300476471,0.07375285418691194,2.325992027145468e-09,275,0.00034817186466427197,1.625783736577485e-06,3.265043324272608e-05,0.005714055761254529,0.07559137359020889,0.0029329146440185048,2023,6.185718147697382e-05,-0.01691557255196796,3.458503126102674e-05,3.170466274731272e-05,3.078154029245918e-05,3.161641372104443e-05
2023-01-31,2023-02-01,3.265043324272608e-05,3.4726298474622865e-05,3.129051295234363e-05,0.005714055761254529,0.005778158847982796,0.005510313892705645,0.07559137359020889,0.07566722229135606,0.07395537107028845,6.9675409167864104e-09,275,0.0004924407154802959,2.813833707366487e-06,2.9140257806818396e-05,0.005398171709645627,0.07347225129016824,0.014209306984155234,2023,6.185718147697382e-05,-0.01691557255196796,3.743201429335427e-05,3.480792695910594e-05,3.385193965492668e-05,3.512279697166673e-05
2023-02-01,2023-02-02,2.9140257806818396e-05,3.485437083299078e-05,3.191311153561277e-05,0.005398171709645627,0.005790087312528477,0.005577059443920132,0.07347225129016824,0.07574862442530932,0.07444557002486761,4.302502047700937e-09,275,0.0004096118497257598,2.2111550991252126e-06,6.694537597050819e-05,0.00818201539784106,0.09045449351934408,-0.019258802924405388,2023,6.185718147697382e-05,-0.01691557255196796,3.6585818754181955e-05,3.394747043652058e-05,3.30446531440378e-05,3.417963105458359e-05
2023-02-02,2023-02-06,6.694537597050819e-05,4.2886157276668735e-05,3.306259794733428e-05,0.00818201539784106,0.006391377958549137,0.00565559658748859,0.09045449351934408,0.07945124711328552,0.07490540950912045,5.660003280251128e-08,275,0.0009801819774429375,8.019864032124413e-06,3.199141156971523e-05,0.005656095081389211,0.07520701484163038,-0.022675322755413403,2023,6.185718147697382e-05,-0.01691557255196796,4.972822290754402e-05,4.643095754154733e-05,4.460883348373932e-05,4.72053701179032e-05
2023-02-06,2023-02-07,3.199141156971523e-05,3.6506316095884763e-05,3.309416112537423e-05,0.005656095081389211,0.005923964841112219,0.005658402086309171,0.07520701484163038,0.07661175450160913,0.07492411251494975,4.892225258818269e-09,259,0.0004295479493487283,2.4295640435321642e-06,4.5363194260735006e-05,0.006735220431488119,0.08206838874675267,0.0021118104842088093,2023,6.185718147697382e-05,-0.01691557255196796,3.80398184418257e-05,3.5470204910230904e-05,3.454658421288077e-05,3.580075309298998e-05
2023-02-07,2023-02-08,4.5363194260735006e-05,4.121813457010058e-05,3.39089820833687e-05,0.006735220431488119,0.006337111676323709,0.005726455437942313,0.08206838874675267,0.07935870439762086,0.07536475059030052,1.2213594141444939e-08,275,0.0005531317553804461,3.725464300143269e-06,4.2341644016480105e-05,0.006507045721099561,0.08066626135565948,0.0012830726707274219,2023,6.185718147697382e-05,-0.01691557255196796,4.341116381604804e-05,4.117415847311101e-05,4.017864260339591e-05,4.191350640377638e-05
2023-02-08,2023-02-09,4.2341644016480105e-05,4.3156376724851386e-05,3.5051845810272116e-05,0.006507045721099561,0.006495709668292715,0.005833724582130375,0.08066626135565948,0.08037368195071096,0.07610420920019202,1.5544943297711603e-08,275,0.0006459060861525472,4.202940434131097e-06,5.749795537669362e-05,0.00758274062438467,0.0870789332983855,-0.01363309601641355,2023,6.185718147697382e-05,-0.01691557255196796,4.3403089989467935e-05,4.13534128146821e-05,4.0474375409934786e-05,4.178660416024946e-05
2023-02-09,2023-02-13,5.749795537669362e-05,4.8827916238826426e-05,3.5499147415168356e-05,0.00758274062438467,0.006932623451240525,0.005864602422379611,0.0870789332983855,0.08309501835235442,0.07628566657565966,3.0947121099779013e-08,275,0.0007820645320924017,5.930192498387442e-06,2.2805682614939453e-05,0.004775529563822158,0.06910520648852847,0.002246580080462435,2023,6.185718147697382e-05,-0.01691557255196796,4.958197922816936e-05,4.758706087480064e-05,4.64786264944363e-05,4.8352313267200016e-05
2023-02-13,2023-02-14,2.2805682614939453e-05,3.999997756771268e-05,3.502834189875391e-05,0.004775529563822158,0.006251326284436744,0.005819909785534785,0.06910520648852847,0.0788251609461913,0.07597742395726574,3.0036232096400404e-09,275,0.0003868653662904081,1.8474869939387321e-06,8.670906915799545e-05,0.009311770463128666,0.09649751532101056,-0.005601535351217553,2023,6.185718147697382e-05,-0.01691557255196796,3.7019687632520205e-05,3.44945991905998e-05,3.3675553355900115e-05,3.4329809558961496e-05
2023-02-14,2023-02-15,8.670906915799545e-05,5.094350908536873e-05,3.6971556879650366e-05,0.009311770463128666,0.006982461360784634,0.005941803508195551,0.09649751532101056,0.08308326104206734,0.07666251653567416,6.414323573114624e-08,275,0.0009168574834548178,8.537566433333052e-06,4.059781768573904e-05,0.00637164167901327,0.07982256372112631,-0.00459415170952675,2023,6.185718147697382e-05,-0.01691557255196796,5.825647479118321e-05,5.442730767769199e-05,5.209055315038573e-05,5.590468800370996e-05
2023-02-15,2023-02-16,4.059781768573904e-05,4.999043377036953e-05,3.763825155874693e-05,0.00637164167901327,0.0069097456102896635,0.005999959796824769,0.07982256372112631,0.08263409603694205,0.07704719325971544,1.5160790907090298e-08,274,0.0006526183997811725,4.1582505965366636e-06,4.374715185724051e-05,0.006614162974801914,0.08132750441764407,-0.006862681879679447,2023,6.185718147697382e-05,-0.01691557255196796,4.565259603489331e-05,4.329938907239808e-05,4.221371755538015e-05,4.3580668540325034e-05
2023-02-16,2023-02-20,4.374715185724051e-05,5.027153533852162e-05,3.8813883619061644e-05,0.006614162974801914,0.006931169061030136,0.006108382715043683,0.08132750441764407,0.08276634464933898,0.07778800363768011,1.5288255253764493e-08,275,0.0006301772702603919,4.1680951685180235e-06,1.2900287672716403e-05,0.0035916970463440263,0.05993076877818294,0.006748464824122836,2023,6.185718147697382e-05,-0.01691557255196796,4.667636332634491e-05,4.43545148197738e-05,4.325315646440048e-05,4.479539511418247e-05
2023-02-20,2023-02-21,1.2900287672716403e-05,4.1352001797726166e-05,3.823296673555781e-05,0.0035916970463440263,0.006132960345422007,0.006041296713396967,0.05993076877818294,0.07733671174529846,0.07727635672770206,8.028746328928318e-10,245,0.00028175143675702704,1.0119658032033997e-06,3.4466203044538016e-05,0.005870792369394273,0.0766210961119343,-0.0014091916997209413,2023,6.185718147697382e-05,-0.01691557255196796,3.509790332750562e-05,3.0555925897344866e-05,2.8911542147233758e-05,2.9856860626560265e-05
2023-02-21,2023-02-22,3.4466203044538016e-05,4.368410588364588e-05,3.778543587617353e-05,0.005870792369394273,0.006352012906536431,0.006005572864048985,0.0766210961119343,0.07883988966997964,0.07705055624807784,2.5908870502988197e-08,275,0.0009242430276579778,5.426038914240316e-06,2.8335310444699064e-05,0.005323092188258537,0.07295952431491406,-0.003627388748837674,2023,6.185718147697382e-05,-0.01691557255196796,4.168438479166553e-05,3.86235518129118e-05,3.730437812386825e-05,3.8331343805029974e-05
2023-02-22,2023-02-23,2.8335310444699064e-05,3.200935414098661e-05,3.80567544433576e-05,0.005323092188258537,0.0055542772515624035,0.006032563305240642,0.07295952431491406,0.07413229146876033,0.07724099261443639,4.049329255853965e-09,275,0.00040298253261680984,2.1451131713771817e-06,2.5998779987742974e-05,0.005098899880145028,0.07140658149039925,-0.0023799145483090985,2023,6.185718147697382e-05,-0.01691557255196796,3.572999934222333e-05,3.291931449890204e-05,3.197989557566586e-05,3.309227491376178e-05
2023-02-23,2023-02-27,2.5998779987742974e-05,2.908954660138739e-05,3.792406522157141e-05,0.005098899880145028,0.005299728891788756,0.0060198978181334566,0.07140658149039925,0.07244909502261491,0.07715348649261598,4.295665482549654e-09,275,0.0004333086976303425,2.2093976664131515e-06,1.4568042723046208e-05,0.003816810543247622,0.0617803410742254,-0.006076641637363079,2023,6.185718147697382e-05,-0.01691557255196796,3.401308796621681e-05,3.1034918035974986e-05,3.0103161195577878e-05,3.108424989590061e-05
2023-02-27,2023-02-28,1.4568042723046208e-05,2.3253724774548533e-05,3.6976738714221195e-05,0.003816810543247622,0.004740258405477897,0.0059229089713012046,0.0617803410742254,0.06853966235393119,0.07645532442818269,1.0233565112200821e-09,275,0.0002825345342455875,1.0783807891401147e-06,2.0240619447308517e-05,0.004498957595633517,0.0670742692515805,0.008544007827084865,2023,6.185718147697382e-05,-0.01691557255196796,2.8732671030288737e-05,2.4932530807316698e-05,2.3876961425446596e-05,2.455936314550211e-05
2023-02-28,2023-03-01,2.0240619447308517e-05,2.4721791129466953e-05,3.685583318984889e-05,0.004498957595633517,0.004921710515335795,0.005909886545206816,0.0670742692515805,0.0699683624486107,0.07635974784706902,3.049490418312736e-09,275,0.00041377133510003475,1.8615396909037226e-06,3.279069782170342e-05,0.005726316252330412,0.07567242729244525,0.002384969796692948,2023,6.185718147697382e-05,-0.01691557255196796,3.078248976388211e-05,2.7535930627136784e-05,2.6643536346676645e-05,2.7360406313914997e-05
2023-03-01,2023-03-02,3.279069782170342e-05,2.4386690084900038e-05,3.682140881053336e-05,0.005726316252330412,0.004892815291923024,0.005906897898267347,0.07567242729244525,0.06977862868471289,0.07634005694412326,1.105995230849381e-08,275,0.0006190987990299007,3.54515551468316e-06,2.1963454017583633e-05,0.004686518325749259,0.06845815017767613,0.0022052918752684552,2023,6.185718147697382e-05,-0.01691557255196796,3.4001935206023884e-05,3.0877654281687236e-05,2.9854792969566667e-05,3.1088220585885425e-05
2023-03-02,2023-03-06,2.1963454017583633e-05,2.311231879947695e-05,3.652429781065176e-05,0.004686518325749259,0.004765500519421167,0.005877261031850622,0.06845815017767613,0.0688783538572653,0.07613064374218119,2.8296241440639423e-09,275,0.000382624451975186,1.7931765060614763e-06,1.3302561716655205e-05,0.0036472677056469554,0.06039261300562309,0.004791205859952062,2023,6.185718147697382e-05,-0.01691557255196796,3.0621372538078555e-05,2.734017033728056e-05,2.6430048728885066e-05,2.7303944721323766e-05
2023-03-06,2023-03-07,1.3302561716655205e-05,2.0573075145259394e-05,3.5911394081767065e-05,0.0036472677056469554,0.004475174084521553,0.005807793101755585,0.06039261300562309,0.06667556016031008,0.07560569978427936,6.547876705733062e-10,275,0.00023650551331567428,8.625989209237148e-07,4.1906400617337076e-05,0.006473515321472336,0.08045815882477261,-0.019502927817174505,2023,6.185718147697382e-05,-0.01691557255196796,2.73270603075177e-05,2.332667522302275e-05,2.224825021351595e-05,2.29521333361467e-05
2023-03-07,2023-03-08,4.1906400617337076e-05,2.604074672411757e-05,3.491211149738989e-05,0.006473515321472336,0.005006515040166496,0.005738718313250974,0.08045815882477261,0.07041112371041951,0.07519904891722301,3.5094841343425164e-08,275,0.0009755288674818711,6.315101070182448e-06,1.5936438382566496e-05,0.003992046891328619,0.06318264707440342,0.0014947673855290706,2023,6.185718147697382e-05,-0.01691557255196796,3.6917841595801863e-05,3.351650506994701e-05,3.21624704142008e-05,3.361783432813507e-05
2023-03-08,2023-03-09,1.5936438382566496e-05,2.5179910511169164e-05,3.464539951979491e-05,0.003992046891328619,0.004905132899305516,0.005707925614882698,0.06318264707440342,0.0696327992749841,0.07496491290848252,1.5058920005981203e-09,275,0.00032768755135757365,1.308144070724089e-06,1.563691314931194e-05,0.003954353695524964,0.06288365205301744,0.008479139776637865,2023,6.185718147697382e-05,-0.01691557255196796,2.9655416268309647e-05,2.5952720276587558e-05,2.4866887844969367e-05,2.5629080456162452e-05
2023-03-09,2023-03-13,1.563691314931194e-05,2.174915357669087e-05,3.3872057697367e-05,0.003954353695524964,0.004550740387944427,0.005627939157349536,0.06288365205301744,0.06707504422709853,0.07438728920224656,1.4850960790801783e-09,275,0.00032851895119199325,1.2990801286960437e-06,7.265134457271869e-05,0.00852357580905565,0.09232321381459623,0.03922390266985912,2023,6.185718147697382e-05,-0.01691557255196796,2.824841179742632e-05,2.4306923557019934e-05,2.3176967746445045e-05,2.4017843932346092e-05
2023-03-13,2023-03-14,7.265134457271869e-05,3.188673168771788e-05,3.584983436854428e-05,0.00852357580905565,0.005318151884605705,0.005770002980049992,0.09232321381459623,0.07184805695448257,0.0752441511351751,7.982168655613466e-08,275,0.0011173707172016586,9.52399401488722e-06,4.811446984630307e-05,0.006936459460438233,0.08328540964921907,-6.831845601004185e-05,2023,6.185718147697382e-05,-0.01691557255196796,4.7351229799817875e-05,4.17278073280622e-05,3.87784436402536e-05,4.246797881287456e-05
2023-03-14,2023-03-15,4.811446984630307e-05,3.884911331364745e-05,3.499388409017132e-05,0.006936459460438233,0.00597599023556396,0.005713386801077136,0.08328540964921907,0.07642661628320176,0.07491828368653304,2.787793226467827e-08,275,0.0008114300569432686,5.62845169496807e-06,0.00010786600200523056,0.010385855862914262,0.10191101933998238,0.005429492825571413,2023,6.185718147697382e-05,-0.01691557255196796,4.333793315303142e-05,3.990091074577868e-05,3.8189925706873985e-05,4.036877699776333e-05
2023-03-15,2023-03-16,0.00010786600200523056,5.2041033591226153e-05,3.844272910996748e-05,0.010385855862914262,0.006758458343852346,0.0059283759275100935,0.10191101933998238,0.08071718838624371,0.07613210207282177,8.092951365452681e-08,275,0.0009233574085764893,9.589856955429452e-06,5.90241287356664e-05,0.007682716234227736,0.0876511051512058,0.007555227453053557,2023,6.185718147697382e-05,-0.01691557255196796,6.440507085069073e-05,5.721224034963682e-05,5.2802234066175066e-05,5.935790595095616e-05
2023-03-16,2023-03-20,5.90241287356664e-05,6.065857166184614e-05,3.906368067700981e-05,0.007682716234227736,0.007496592212432168,0.005971443918543712,0.0876511051512058,0.08561088000160419,0.07638586190938784,3.967996377295948e-08,275,0.0008740363703764095,6.714973411996327e-06,0.0001072696915723723,0.010357108263041972,0.10176987895758731,0.02872053736408438,2023,6.185718147697382e-05,-0.01691557255196796,5.462621431322148e-05,5.1390813108082026e-05,4.9347078993340976e-05,5.1958620815838224e-05
2023-03-20,2023-03-21,0.0001072696915723723,7.89851273464582e-05,4.2014955565913995e-05,0.010357108263041972,0.008777143125935572,0.0061464467613592776,0.10176987895758731,0.09338812538251816,0.07734511725493,1.0166152486901101e-07,275,0.0010377636578397886,1.0748230555697138e-05,8.018974670390623e-05,0.00895487279105104,0.09463018963867208,-0.022540888887635533,2023,6.185718147697382e-05,-0.01691557255196796,7.449967095521842e-05,7.089036375136263e-05,6.801059712425492e-05,7.250318579686918e-05
2023-03-21,2023-03-23,8.018974670390623e-05,8.049280777269571e-05,4.304640062624185e-05,0.00895487279105104,0.008863402522334649,0.006208816405298656,0.09463018963867208,0.09384952054733334,0.0776883561794885,4.400775758162929e-08,275,0.0007897031364591037,7.071691129685294e-06,5.196722501293763e-05,0.0072088296562575005,0.08490482704921729,0.027026890360552586,2023,6.185718147697382e-05,-0.01691557255196796,6.790925579864242e-05,6.548924368454267e-05,6.344353100010636e-05,6.688357581280342e-05
2023-03-23,2023-03-27,5.196722501293763e-05,8.126335880602262e-05,4.437192528069631e-05,0.0072088296562575005,0.008917876561498502,0.00631942095495481,0.08490482704921729,0.09417340402733299,0.07840652075042888,2.1392351766404758e-08,261,0.0007020519654258612,5.0609730285958135e-06,4.52591704371505e-05,0.006727493622230385,0.0820212998082229,-0.016743483624910006,2023,6.185718147697382e-05,-0.01691557255196796,6.0760201000880424e-05,5.875447146554493e-05,5.7298114363341204e-05,5.916480650978745e-05
2023-03-27,2023-03-28,4.52591704371505e-05,6.87419924924066e-05,4.248783897520336e-05,0.006727493622230385,0.008186204113361727,0.006201953825823069,0.0820212998082229,0.09019546012098108,0.07774851095439309,1.8498893198994325e-08,275,0.0006815194295716906,4.5849176158696385e-06,2.5162088938460465e-05,0.0050161827058491865,0.07082501469007392,0.0034332385033625634,2023,6.185718147697382e-05,-0.01691557255196796,5.419141546896696e-05,5.218007944518893e-05,5.098137043181462e-05,5.2439682689605636e-05
2023-03-28,2023-03-29,2.5162088938460465e-05,6.196958453296542e-05,4.178621494123615e-05,0.0050161827058491865,0.007652897407686017,0.006140342054315612,0.07082501469007392,0.0868302420287547,0.07733953145298161,3.951448144140387e-09,275,0.0004224384698523128,2.1190285467585645e-06,3.3557014323470094e-05,0.005792841644950265,0.07611071964546298,-0.0035200066640662525,2023,6.185718147697382e-05,-0.01691557255196796,4.626887016146962e-05,4.2860227625779004e-05,4.136103519710905e-05,4.255697701957646e-05
2023-03-29,2023-03-30,3.3557014323470094e-05,4.7227049083184986e-05,4.132302687151931e-05,0.005792841644950265,0.006740044084067675,0.00610300926659508,0.07611071964546298,0.08169841016632981,0.07710240487242792,8.45193503457267e-09,275,0.0005349892831745122,3.0991081991754043e-06,2.124916926966089e-05,0.004609682122409407,0.06789463986508365,0.01095211959999184,2023,6.185718147697382e-05,-0.01691557255196796,4.2997937827469635e-05,4.049984190147988e-05,3.948763283626634e-05,4.063073385547939e-05
2023-03-30,2023-04-03,2.124916926966089e-05,3.5438933596335915e-05,4.170252148956224e-05,0.004609682122409407,0.005871005950339349,0.006149281315507144,0.06789463986508365,0.07635130021161216,0.07746439901274159,4.0563779485828326e-09,275,0.00046575432069756705,2.146979365554512e-06,2.9652804819484572e-05,0.005445438900537272,0.07379321717161592,-0.0014951410281539407,2023,6.185718147697382e-05,-0.01691557255196796,3.536176090385894e-05,3.23925937547214e-05,3.149174714724035e-05,3.207619144663666e-05
2023-04-03,2023-04-04,2.9652804819484572e-05,3.09760495576453e-05,4.148373066115072e-05,0.005445438900537272,0.005518327799195304,0.006129947066922736,0.07379321717161592,0.07412897823609188,0.07733585906090894,1.1164799286841679e-08,275,0.0006541106714286897,3.561919695454341e-06,2.4904694889554112e-05,0.004990460388536724,0.07064319067353006,0.022438261652914574,2023,6.185718147697382e-05,-0.01691557255196796,3.592935688583506e-05,3.318773475247996e-05,3.2347161815692655e-05,3.3130020929272194e-05
2023-04-04,2023-04-05,2.4904694889554112e-05,2.690515444812603e-05,4.132779359046232e-05,0.004990460388536724,0.005170921152456572,0.006114827439662653,0.07064319067353006,0.07185335640915332,0.07723057116811877,5.780341394813966e-09,275,0.0005135642636792129,2.5629221148591413e-06,4.5771899565429626e-05,0.006765493298010843,0.08225261879120228,-0.005804856931160843,2023,6.185718147697382e-05,-0.01691557255196796,3.314014473147061e-05,3.019007366873207e-05,2.9386619426874142e-05,3.0106974341648277e-05
2023-04-05,2023-04-10,4.5771899565429626e-05,3.102711657351985e-05,4.222657175308444e-05,0.006765493298010843,0.005520783270888903,0.006190581685929281,0.08225261879120228,0.07413887722937898,0.07772357286360981,3.816326592709893e-08,275,0.000973378977934969,6.585388951643676e-06,3.34267755309718e-05,0.005781589360285958,0.07603676321547333,-0.006879482296032201,2023,6.185718147697382e-05,-0.01691557255196796,4.029654098448538e-05,3.7354532931460825e-05,3.6208667975232245e-05,3.747750376461038e-05
2023-04-10,2023-04-11,3.34267755309718e-05,3.1001068815020194e-05,4.308378688071742e-05,0.005781589360285958,0.005518532813956041,0.006279889813976478,0.07603676321547333,0.07412408594338105,0.07837159205184835,1.6827177924351666e-08,275,0.0007563399923875596,4.372847252746677e-06,1.5836522263809774e-05,0.003979512817394834,0.0630833798824606,0.009778682042900317,2023,6.185718147697382e-05,-0.01691557255196796,3.7053255334494595e-05,3.432686286993416e-05,3.3459011197310887e-05,3.428919269414576e-05
2023-04-11,2023-04-12,1.5836522263809774e-05,2.9918539413849976e-05,4.288360064510385e-05,0.003979512817394834,0.005392498952953126,0.0062562786876929006,0.0630833798824606,0.07316183394685644,0.07819018798961562,2.1288440433424285e-09,275,0.00039084150724655553,1.5553587876575837e-06,5.108303604617129e-05,0.007147239750153292,0.08454134935138717,0.00014376884967890223,2023,6.185718147697382e-05,-0.01691557255196796,3.19472828051019e-05,2.843127675873643e-05,2.7434469108727045e-05,2.7929593827813927e-05
2023-04-12,2023-04-13,5.108303604617129e-05,3.420458565918732e-05,4.3715070564397835e-05,0.007147239750153292,0.00573285912287633,0.006320866119412124,0.08454134935138717,0.0753114603828107,0.07859332081047662,3.771131352256654e-08,275,0.0009159170492009924,6.546278741892441e-06,2.5879529252996606e-05,0.005087192669144408,0.07132455866771563,0.013518755563448559,2023,6.185718147697382e-05,-0.01691557255196796,4.2994119872059356e-05,3.981141965412921e-05,3.8405359258062985e-05,4.0165989599257675e-05
2023-04-13,2023-04-18,2.5879529252996606e-05,3.439955253187582e-05,4.3893073984189334e-05,0.005087192669144408,0.005752205578997866,0.006339078589566447,0.07132455866771563,0.07544773398164781,0.07872361210547842,1.3317449892970352e-08,275,0.0007646998649613675,3.890175547127188e-06,2.284597772223432e-05,0.004779746616948886,0.0691357115892278,-0.02051202952328104,2023,6.185718147697382e-05,-0.01691557255196796,3.635847693033577e-05,3.339798557193384e-05,3.2450417094605154e-05,3.299709362070578e-05
2023-04-18,2023-04-19,2.284597772223432e-05,2.9814368163236757e-05,4.432686562080656e-05,0.004779746616948886,0.005355056242785475,0.006390554903716534,0.0691357115892278,0.0728243525412529,0.07912102567746043,4.073864790332107e-09,275,0.00045014983457089503,2.151602148910336e-06,4.641752537538105e-05,0.006813040831771159,0.08254114629547593,-0.0053248898846609,2023,6.185718147697382e-05,-0.01691557255196796,3.3875255790715706e-05,3.063499572406051e-05,2.9688554854718914e-05,3.0459503781497205e-05
2023-04-19,2023-04-20,4.641752537538105e-05,3.2412518132118604e-05,4.4531916746172204e-05,0.006813040831771159,0.005561346537082516,0.00640598788145739,0.08254114629547593,0.07412522915725343,0.07921570692612877,2.1252358854603515e-08,275,0.0007213088196093369,4.91430644031507e-06,2.5898341311758524e-05,0.005089041295937628,0.07133751674916661,0.004690785041705689,2023,6.185718147697382e-05,-0.01691557255196796,4.113954701984228e-05,3.789032504362146e-05,3.654659657866086e-05,3.839608674733846e-05
2023-04-20,2023-04-24,2.5898341311758524e-05,3.442488194170836e-05,4.498473051568093e-05,0.005089041295937628,0.005783252232791075,0.0064558512634850735,0.07133751674916661,0.07577605653059463,0.07958638282043619,2.9705858054655596e-09,275,0.00036103037264685514,1.8372984754875963e-06,2.672444868438552e-05,0.005169569487335045,0.07189971827020636,-0.0046556299777376995,2023,6.185718147697382e-05,-0.01691557255196796,3.644681329867194e-05,3.3643650906803225e-05,3.281640083002201e-05,3.366348972488513e-05
2023-04-24,2023-04-25,2.672444868438552e-05,2.9553164469351204e-05,4.548870940363881e-05,0.005169569487335045,0.005387718180227425,0.006511088344930986,0.07189971827020636,0.07324773031435847,0.07999620401212659,7.073875552804727e-09,275,0.0005484448897594146,2.8352239675851026e-06,3.468453906696417e-05,0.0058893581201149734,0.07674215347587643,0.0006169844123671893,2023,6.185718147697382e-05,-0.01691557255196796,3.489099605153128e-05,3.20209427042853e-05,3.12374239698977e-05,3.192056199993641e-05
2023-04-25,2023-04-26,3.468453906696417e-05,3.131416643214472e-05,4.3762945517013614e-05,0.0058893581201149734,0.005548151270421539,0.006391351177251864,0.07674215347587643,0.07433124927599062,0.07928797399673025,1.2524816459728e-08,275,0.0006405844401565691,3.7726311742553943e-06,4.2394100271512286e-05,0.006511075200879827,0.08069123373006405,0.0028692743431693044,2023,6.185718147697382e-05,-0.01691557255196796,3.7550939617724737e-05,3.489190374735981e-05,3.40560729607928e-05,3.5037450010982346e-05
2023-04-26,2023-04-27,4.2394100271512286e-05,3.522379094200031e-05,4.350292871815948e-05,0.006511075200879827,0.005894416987207727,0.006372015529090117,0.08069123373006405,0.07664235370415787,0.07917005690949593,2.0663220608755226e-08,275,0.0007442262064851883,4.845712796890579e-06,5.193421545369195e-05,0.007206539769798815,0.08489134095889177,-0.005485375422380328,2023,6.185718147697382e-05,-0.01691557255196796,4.1041693078154833e-05,3.8616517645355993e-05,3.774011202200367e-05,3.8901107095145305e-05
2023-04-27,2023-05-01,5.193421545369195e-05,3.6327128957662494e-05,4.0960574783998644e-05,0.007206539769798815,0.005973116774813258,0.006227501161221233,0.08489134095889177,0.07711239263684104,0.0783964351649009,4.327796780800623e-08,275,0.0009731175521925556,7.012810340564926e-06,4.0820341662432035e-05,0.0063890798760409965,0.07993172008684035,-0.0033995395289047937,2023,6.185718147697382e-05,-0.01691557255196796,4.382326957745762e-05,4.121735992547289e-05,4.010341614732339e-05,4.1489030696823964e-05
2023-05-01,2023-05-02,4.0820341662432035e-05,3.9311529027797186e-05,4.013312991703344e-05,0.0063890798760409965,0.006233124490833931,0.006168699508576384,0.07993172008684035,0.07883123330437579,0.07804555402561154,3.631446854139681e-08,275,0.001005449338148987,6.423896132746431e-06,1.621618602954246e-05,0.004026932583188159,0.06345811676364309,0.018201928106176834,2023,6.185718147697382e-05,-0.01691557255196796,4.191282810748551e-05,3.983290009102247e-05,3.9058322103487164e-05,3.965282793483165e-05
2023-05-02,2023-05-03,1.621618602954246e-05,3.720987649682858e-05,3.599433421054118e-05,0.004026932583188159,0.006004597110004554,0.00588096425040121,0.06345811676364309,0.07714291300306314,0.07630411028952318,1.7155122071864741e-09,275,0.000346721850093993,1.3962255154467809e-06,8.79319052984738e-05,0.009377201357466619,0.09683595074901996,0.011069961781383036,2023,6.185718147697382e-05,-0.01691557255196796,3.4291366194139235e-05,3.1106051453507074e-05,3.0074513835910995e-05,3.061369197726475e-05
2023-05-03,2023-05-04,8.79319052984738e-05,4.7859349743130504e-05,3.6346250510294245e-05,0.009377201357466619,0.006702165757474883,0.005900161003420099,0.09683595074901996,0.08116167245769185,0.07640437215817536,2.482437698887783e-07,275,0.0017911196610063621,1.679568971657401e-05,4.630221931156511e-05,0.006804573411431837,0.08248983823133511,0.004297398101390391,2023,6.185718147697382e-05,-0.01691557255196796,5.739419467602186e-05,5.291132844134606e-05,5.0226192486190097e-05,5.2244709621069435e-05
2023-05-04,2023-05-08,4.630221931156511e-05,4.8640973551141066e-05,3.6088750251140955e-05,0.006804573411431837,0.006760865399585285,0.005881785719564387,0.08248983823133511,0.08152139335794606,0.07629459993918071,1.6202352551835048e-08,275,0.0006305895929654683,4.29089317781845e-06,1.7156734824154527e-05,0.004142068906253797,0.06435890696907304,-0.012206794461130212,2023,6.185718147697382e-05,-0.01691557255196796,4.656725802442034e-05,4.386815642132068e-05,4.248213816538772e-05,4.446541966065468e-05
2023-05-08,2023-05-09,1.7156734824154527e-05,4.168547742523358e-05,3.481136681418659e-05,0.004142068906253797,0.006147971226876282,0.005764266414292724,0.06435890696907304,0.07741490655998232,0.07549176390103754,3.505097426191092e-09,275,0.00048182728701375455,1.9957618237242967e-06,1.3086780127232797e-05,0.0036175654972968765,0.06014620102131868,0.00339179395529873,2023,6.185718147697382e-05,-0.01691557255196796,3.6125079333110845e-05,3.203650566546459e-05,3.053574056228019e-05,3.147903999164831e-05
2023-05-09,2023-05-10,1.3086780127232797e-05,3.6138765118193735e-05,3.426248914094896e-05,0.0036175654972968765,0.005593668351127458,0.005700692904813074,0.06014620102131868,0.07345780274687798,0.07500636327973048,1.2875945013910228e-09,275,0.00033437347426632934,1.209617943717158e-06,3.194224682231042e-05,0.00565174723623681,0.07517810343601926,0.0002903110770777226,2023,6.185718147697382e-05,-0.01691557255196796,3.2941707340073777e-05,2.793475904805133e-05,2.6166288289103584e-05,2.733386335059386e-05
2023-05-10,2023-05-11,3.194224682231042e-05,3.928397727674733e-05,3.418909061816898e-05,0.00565174723623681,0.005918631281737188,0.005694279522598825,0.07517810343601926,0.0758018000813532,0.07496397163384669,1.0954363379057623e-08,275,0.0006242657452638792,3.5281922004724415e-06,5.478927903782654e-05,0.007401978048996534,0.0860347490784772,-0.010236896569691909,2023,6.185718147697382e-05,-0.01691557255196796,3.913294852276953e-05,3.5458002133946365e-05,3.390848399375436e-05,3.554040919463831e-05
2023-05-11,2023-05-15,5.478927903782654e-05,3.2655452024617876e-05,3.5713641062176516e-05,0.007401978048996534,0.005523586620043171,0.005821202064716422,0.0860347490784772,0.07364155974724465,0.0757885220526373,4.685259434536527e-08,275,0.0009857747573529126,7.296683115181144e-06,1.6226829778212382e-05,0.004028253936659453,0.06346852713478904,0.0025864046139575173,2023,6.185718147697382e-05,-0.01691557255196796,4.286499285907179e-05,3.91317533556858e-05,3.731325339854694e-05,3.956928913399722e-05
2023-05-15,2023-05-16,1.6226829778212382e-05,2.6640374117947334e-05,3.510336946939141e-05,0.004028253936659453,0.004968322725088695,0.00575678456635834,0.06346852713478904,0.06983729752793544,0.07531921796005427,2.137987445259535e-09,275,0.0003869406875740105,1.5586953479737232e-06,3.985194452621737e-05,0.0063128396563050275,0.07945338039570769,-0.012773526333226197,2023,6.185718147697382e-05,-0.01691557255196796,3.030652230513168e-05,2.6354419812728792e-05,2.513236111083101e-05,2.598989710320034e-05
2023-05-16,2023-05-17,3.985194452621737e-05,3.1179416058359905e-05,3.5782789907421554e-05,0.0063128396563050275,0.00540247687509894,0.005816892714893262,0.07945338039570769,0.07285619221326238,0.07571968112924415,1.1609576506405581e-08,275,0.000575363217428576,3.6321757357623664e-06,1.9005816244598772e-05,0.004359566061501853,0.06602701009058226,-0.004524701019250473,2023,6.185718147697382e-05,-0.01691557255196796,3.833839926639544e-05,3.50333526360332e-05,3.364127183986556e-05,3.5565282273876456e-05
2023-05-17,2023-05-18,1.9005816244598772e-05,3.23632232818331e-05,3.4566149756474705e-05,0.004359566061501853,0.005550876987939936,0.005707532385961036,0.06602701009058226,0.07403235402711508,0.07498215346103415,2.4804254695982005e-09,275,0.00038510441002827917,1.6788881160939796e-06,3.450362587533871e-05,0.005873978709132227,0.07664188612718392,-0.009630665247498792,2023,6.185718147697382e-05,-0.01691557255196796,3.3137592623124644e-05,2.983605559269698e-05,2.8781274380939536e-05,2.9560176235846156e-05
2023-05-18,2023-05-22,3.450362587533871e-05,3.2875499092438757e-05,3.461509749940047e-05,0.005873978709132227,0.005595323282519019,0.005711731901817684,0.07664188612718392,0.07432511056534803,0.0750096590479301,1.855242475764878e-08,275,0.0007816757433966881,4.591546674157252e-06,2.6391859623574693e-05,0.005137300811085009,0.07167496641844354,-0.00028018878725399914,2023,6.185718147697382e-05,-0.01691557255196796,3.746351507688833e-05,3.455181858837804e-05,3.34284576812831e-05,3.458029777538296e-05
2023-05-22,2023-05-23,2.6391859623574693e-05,2.7196015209588385e-05,3.509488556120797e-05,0.005137300811085009,0.0051423878349367135,0.005764358628803601,0.07167496641844354,0.07145315403334129,0.07540018570865657,3.9461907364377045e-09,252,0.000430604714631575,2.212145949733819e-06,2.220760755633363e-05,0.004712494833560418,0.06864761345859315,0.006985833551120304,2023,6.185718147697382e-05,-0.01691557255196796,3.322276371832621e-05,3.0227981249682776e-05,2.9299057950813295e-05,3.0343359053210575e-05
2023-05-23,2023-05-24,2.220760755633363e-05,2.8392170765212638e-05,3.378236608439716e-05,0.004712494833560418,0.005279236014316907,0.005653688405322106,0.06864761345859315,0.07248897129810213,0.07467774316807503,4.408133224700768e-09,274,0.0004758019286365262,2.2422141304977124e-06,3.817452657594124e-05,0.006178553760868416,0.07860377701401133,-0.009796957490272502,2023,6.185718147697382e-05,-0.01691557255196796,3.246269481012758e-05,2.9560430030301907e-05,2.8723178210511112e-05,2.9415336807792904e-05
2023-05-24,2023-05-25,3.817452657594124e-05,2.8056687175157414e-05,3.434122959907647e-05,0.006178553760868416,0.0052523788352295845,0.0057032957276731975,0.07860377701401133,0.07231905062176283,0.07500861672927028,1.0631518632252139e-08,275,0.0005625608254909078,3.4758123040540885e-06,6.0452466574912945e-05,0.0077751184283529045,0.08817663198576427,-0.0045214565883289395,2023,6.185718147697382e-05,-0.01691557255196796,3.6633215186621654e-05,3.3792322450171664e-05,3.276460983517176e-05,3.429390217130491e-05
2023-05-25,2023-05-29,6.0452466574912945e-05,3.6346017241220245e-05,3.60506154560164e-05,0.0077751184283529045,0.005935489308599795,0.005839448991827926,0.08817663198576427,0.07674897500079923,0.07587411311093105,1.1979915598678735e-07,275,0.0015006469514611172,1.1667707766756939e-05,9.819527084427735e-06,0.0031336124655783034,0.055978678669456855,-0.004619339489772604,2023,6.185718147697382e-05,-0.01691557255196796,4.5769132610063645e-05,4.261153126256824e-05,4.106685863674788e-05,4.222319232107436e-05
2023-05-29,2023-05-30,9.819527084427735e-06,3.1409197483038044e-05,3.438707007915489e-05,0.0031336124655783034,0.00538741605988901,0.0056722022479100695,0.055978678669456855,0.07261633350925382,0.07466672821883927,5.929060532587607e-10,245,0.00027751702080158704,8.696307957940065e-07,1.9087188883086088e-05,0.004368888746933948,0.06609756990188027,0.009544348190042433,2023,6.185718147697382e-05,-0.01691557255196796,3.0321589440738972e-05,2.5703837427733238e-05,2.4125089543664676e-05,2.4951844800718217e-05
2023-05-30,2023-05-31,1.9087188883086088e-05,2.9948263334940332e-05,3.4077472241487965e-05,0.004368888746933948,0.005233733647058798,0.005639468041137174,0.06609756990188027,0.07150085420594118,0.0744285488166899,1.4633627979871563e-09,275,0.0002951642012942162,1.289539557532048e-06,3.788541392924961e-05,0.006155112828311891,0.0784545271371378,0.0031816744143741576,2023,6.185718147697382e-05,-0.01691557255196796,3.222886613428707e-05,2.837514998997447e-05,2.705241628014059e-05,2.82284125072804e-05
2023-05-31,2023-06-01,3.788541392924961e-05,3.308382460952352e-05,3.458478884352724e-05,0.006155112828311891,0.0055222572460090925,0.005684265465727032,0.0784545271371378,0.0734622369416501,0.07472649467427767,5.152806753488289e-08,275,0.0012432102246605736,7.652099202096804e-06,2.034767361827893e-05,0.0045108395691133745,0.06716278410781804,0.009257810716337881,2023,6.185718147697382e-05,-0.01691557255196796,3.844057493356427e-05,3.503717916384133e-05,3.353037550801068e-05,3.459138751880626e-05
2023-06-01,2023-06-05,2.034767361827893e-05,2.951845401799106e-05,3.393311314131428e-05,0.0045108395691133745,0.005188714407658084,0.005621605531590596,0.06716278410781804,0.07117403836041145,0.07429106879391138,4.530738909336818e-09,275,0.0005030206343056568,2.2690453813064654e-06,1.9613506553053975e-05,0.00442871387121069,0.0665485827888971,-0.011831910215419766,2023,6.185718147697382e-05,-0.01691557255196796,3.239547570214136e-05,2.8557547079540755e-05,2.722482140114399e-05,2.830649476047231e-05
2023-06-05,2023-06-06,1.9613506553053975e-05,2.1350662013619268e-05,3.2897631608657086e-05,0.00442871387121069,0.004519433496229642,0.0055269527438783625,0.0665485827888971,0.066848428521038,0.07364822102385835,2.540349953958276e-09,275,0.0003836434745827213,1.6990471774839636e-06,2.1071806161110176e-05,0.004590403703500398,0.06775251806021972,0.0021209105572396274,2023,6.185718147697382e-05,-0.01691557255196796,2.909466991966315e-05,2.534835059592786e-05,2.4215567848012147e-05,2.5249356196346112e-05
2023-06-06,2023-06-07,2.1071806161110176e-05,2.3601117828955753e-05,3.149479482263064e-05,0.004590403703500398,0.004810791743814061,0.005408037468137525,0.06775251806021972,0.06920319639919058,0.07286918361937325,4.650856678120425e-09,275,0.0005008114630206577,2.29892679460548e-06,2.6164221187047657e-05,0.005115097378061112,0.07151990896289726,-0.008747246293309393,2023,6.185718147697382e-05,-0.01691557255196796,3.0224739880198172e-05,2.695483074595847e-05,2.6012726212495698e-05,2.6810253481672026e-05
2023-06-07,2023-06-08,2.6164221187047657e-05,2.5016524289748066e-05,3.082860752829499e-05,0.005115097378061112,0.004960033470039494,0.005350129172774803,0.07151990896289726,0.07028766421139399,0.07248682856828494,4.4810042812566526e-09,275,0.000441156251014699,2.2565571828805564e-06,1.6281575192459874e-05,0.004035043394123522,0.06352199142126704,0.008966248931222552,2023,6.185718147697382e-05,-0.01691557255196796,3.206338273972781e-05,2.9033407112586055e-05,2.8094360337402338e-05,2.9187354429196868e-05
2023-06-08,2023-06-12,1.6281575192459874e-05,2.0695756542390123e-05,3.083157976297305e-05,0.004035043394123522,0.00453601958320182,0.005350497845999138,0.06352199142126704,0.06730115706821982,0.07248973196181328,2.2184860408793095e-09,275,0.0003934946250717049,1.587767887518695e-06,2.1908055364045126e-05,0.004680604166562809,0.06841494110618535,-0.0009271944445634592,2023,6.185718147697382e-05,-0.01691557255196796,2.7823035430546095e-05,2.4274603511921158e-05,2.3329208692012293e-05,2.400384065928075e-05
2023-06-12,2023-06-13,2.1908055364045126e-05,2.1007832891543363e-05,2.7830495675044476e-05,0.004680604166562809,0.004569972502691706,0.00513701615550351,0.06841494110618535,0.06755158846789329,0.07119786788713899,8.982603774582169e-09,275,0.0006825867765985845,3.194918510588012e-06,3.793795692219267e-05,0.006159379589065174,0.0784817149982413,-0.0065143075927769105,2023,6.185718147697382e-05,-0.01691557255196796,2.923602913991527e-05,2.5972814787045116e-05,2.5036432139979815e-05,2.576370480228072e-05
2023-06-13,2023-06-14,3.793795692219267e-05,2.46727229653711e-05,2.7450301930072998e-05,0.006159379589065174,0.004916105646262603,0.005107689163577753,0.0784817149982413,0.06993821490976213,0.07101568046745292,1.8706341597443733e-08,270,0.0007554410661673168,4.6530482836926045e-06,4.118057804754557e-05,0.006417209521867396,0.08010748730217042,-0.007383549929964949,2023,6.185718147697382e-05,-0.01691557255196796,3.4846203726232286e-05,3.1669054738788586e-05,3.0453522739911248e-05,3.200014954181642e-05
2023-06-14,2023-06-15,4.118057804754557e-05,2.869447734265818e-05,2.85422948038635e-05,0.006417209521867396,0.005281466809936003,0.005211104646105643,0.08010748730217042,0.07240920875815228,0.07173152502804825,5.075500339383568e-08,275,0.0011834553444725355,7.594480905254014e-06,2.2190498704439445e-05,0.004710679219012842,0.06863438802096834,0.011167433367098783,2023,6.185718147697382e-05,-0.01691557255196796,3.7279114266413165e-05,3.428740787589813e-05,3.305372467964193e-05,3.4105119153908047e-05
2023-06-15,2023-06-19,2.2190498704439445e-05,2.7899732846136536e-05,2.8956100193736525e-05,0.004710679219012842,0.005200583178126349,0.005260791633456369,0.06863438802096834,0.07183210456976649,0.07211735170985051,2.711803824789468e-09,275,0.00037265269563109776,1.75544730921853e-06,9.318065327904019e-06,0.003052550626591477,0.05524989254823467,-0.0032863541753712956,2023,6.185718147697382e-05,-0.01691557255196796,3.194840181274685e-05,2.8918315044602426e-05,2.797036859622897e-05,2.891904537143123e-05
2023-06-19,2023-06-20,9.318065327904019e-06,2.650703087322537e-05,2.7927728307627147e-05,0.003052550626591477,0.00500408462461994,0.005142646333017945,0.05524989254823467,0.07017768479516001,0.07121152394222392,5.82282902354482e-10,245,0.00028232290377818315,8.618049568292182e-07,2.3617647694113882e-05,0.004859799141334329,0.06971225962005771,-0.006796403136608753,2023,6.185718147697382e-05,-0.01691557255196796,2.7929042448692063e-05,2.35480878634942e-05,2.2115657759231475e-05,2.2873395761319847e-05
2023-06-20,2023-06-21,2.3617647694113882e-05,2.684894933923912e-05,2.6510835973822022e-05,0.004859799141334329,0.0050399236195742434,0.005027092746306027,0.06971225962005771,0.07043714849793449,0.07046959260320486,5.052008655423091e-09,275,0.0004930289110856496,2.3960214787470392e-06,4.0858945131014366e-05,0.006392100212841971,0.07995061108485645,-0.0022740455545422855,2023,6.185718147697382e-05,-0.01691557255196796,3.177293291313267e-05,2.844866605853643e-05,2.726625396620423e-05,2.8450611870477615e-05
2023-06-21,2023-06-22,4.0858945131014366e-05,2.743314698100346e-05,2.7630477580767567e-05,0.006392100212841971,0.005086467744329604,0.005134540304314323,0.07995061108485645,0.07073092771525752,0.07121877823729884,6.163865580467454e-08,275,0.001309307538734645,8.369224997021322e-06,3.264807526430636e-05,0.005713849426114269,0.0755900087717568,-0.01050673112439735,2023,6.185718147697382e-05,-0.01691557255196796,3.666294412574294e-05,3.319978284829805e-05,3.166638595172491e-05,3.287186314612942e-05
2023-06-22,2023-06-26,3.264807526430636e-05,2.5726646424355617e-05,2.7303028977953432e-05,0.005713849426114269,0.004945795725178978,0.005107313475669287,0.0755900087717568,0.0698274320091748,0.07104317043621017,8.78012153557404e-09,275,0.0005528154042661766,3.158703980413421e-06,1.3319291232124018e-05,0.0036495604162863253,0.06041159173773131,0.008310492798369713,2023,6.185718147697382e-05,-0.01691557255196796,3.3817376239271446e-05,3.0506079486103838e-05,2.9207772658519604e-05,3.086604093837567e-05
2023-06-26,2023-06-27,1.3319291232124018e-05,2.3952404929892528e-05,2.7044550568295484e-05,0.0036495604162863253,0.004733571964633674,0.005075040491795855,0.06041159173773131,0.0681828727525274,0.0707879241474442,1.4559432551735168e-09,275,0.0003524441698307721,1.286266291165281e-06,2.728894888060604e-05,0.005223882548507962,0.07227643148708963,-0.006863156643422907,2023,6.185718147697382e-05,-0.01691557255196796,2.798688106672249e-05,2.3920740319478207e-05,2.262981681809976e-05,2.3509806227293556e-05
2023-06-27,2023-06-28,2.728894888060604e-05,2.754658164043293e-05,2.6716610704898547e-05,0.005223882548507962,0.005167838349016972,0.005045490666312934,0.07227643148708963,0.07158818054029838,0.07058949439107629,1.5819335470415327e-08,275,0.0008116324046036829,4.2398723542127325e-06,2.1131036552676062e-05,0.004596850721165096,0.06780007906459325,-0.005066985682070092,2023,6.185718147697382e-05,-0.01691557255196796,3.302498479905666e-05,3.007586039478883e-05,2.9048842205701606e-05,2.9905325995342218e-05
2023-06-28,2023-06-29,2.1131036552676062e-05,2.7049259412145368e-05,2.6477482383494064e-05,0.004596850721165096,0.005115248664983125,0.005020924753134757,0.06780007906459325,0.07120574442920549,0.07041336314771944,3.023822476241801e-09,275,0.0004032518873585652,1.8536887292154064e-06,4.9413478916665334e-05,0.007029472164868805,0.08384194752550066,0.0014525806874468644,2023,6.185718147697382e-05,-0.01691557255196796,3.118208717578569e-05,2.8048598729429252e-05,2.7040892435378264e-05,2.7998398194423112e-05
2023-06-29,2023-07-03,4.9413478916665334e-05,2.876016616927556e-05,2.771411289987278e-05,0.007029472164868805,0.005242723055388491,0.005126241904557865,0.08384194752550066,0.07198401171733433,0.07110401469621525,1.4344031887094644e-07,275,0.0018162330294804472,1.2767159525648147e-05,1.2250823653697688e-05,0.0035001176628361636,0.05916179225510468,0.007678714169961127,2023,6.185718147697382e-05,-0.01691557255196796,3.944263221649117e-05,3.592954236790421e-05,3.429880941159075e-05,3.501715847252396e-05
2023-07-03,2023-07-04,1.2250823653697688e-05,2.468071584715383e-05,2.6535762767043527e-05,0.0035001176628361636,0.004799976702732871,0.005004494809192762,0.05916179225510468,0.0686983684140039,0.07022028811626493,8.037540810561454e-10,275,0.00027304712952057455,9.556970808216766e-07,4.829765889174319e-06,0.0021976728348810973,0.04687934337083975,0.0006913415530389545,2023,6.185718147697382e-05,-0.01691557255196796,2.7938165544545024e-05,2.376572561794159e-05,2.2456155470535497e-05,2.3336981121799504e-05
2023-07-04,2023-07-05,4.829765889174319e-06,2.2982810778563886e-05,2.4007458190419036e-05,0.0021976728348810973,0.004509599186451825,0.004750974554944044,0.04687934337083975,0.0659919187406256,0.06834313863376837,9.600607272346544e-11,245,0.00015923124140498584,3.499381737001316e-07,2.1791660395027395e-05,0.004668153852973078,0.06832388932849973,-0.0032374122208138727,2023,6.185718147697382e-05,-0.01691557255196796,2.515737814255206e-05,1.9315197816250682e-05,1.723979868075497e-05,1.846258880817043e-05
2023-07-05,2023-07-06,2.1791660395027395e-05,2.1883353081448163e-05,2.455164606817357e-05,0.004668153852973078,0.004398453447344848,0.004820726436189261,0.06832388932849973,0.06520141030890761,0.06890428457281578,4.795493152596205e-09,275,0.000500069239047724,2.334400145013948e-06,5.807684944867238e-05,0.007620816849175184,0.08729729004485297,-0.003619386543090686,2023,6.185718147697382e-05,-0.01691557255196796,2.9308326777452338e-05,2.50017033617205e-05,2.335321273354053e-05,2.4995531210081487e-05
2023-07-06,2023-07-10,5.807684944867238e-05,2.9272515660647422e-05,2.632390336660931e-05,0.007620816849175184,0.005003246672946866,0.0049685413499274975,0.08729729004485297,0.06910085250495956,0.06986790821567816,1.7046089086110376e-07,275,0.001826289055346619,1.3917814404449744e-05,1.4379075434488495e-05,0.0037919751363225595,0.06157901538935614,0.0081135760149169,2023,6.185718147697382e-05,-0.01691557255196796,4.184884525703542e-05,3.645766758523222e-05,3.344389679908978e-05,3.571396501604898e-05
2023-07-10,2023-07-11,1.4379075434488495e-05,2.2265634964212056e-05,2.5255433435029267e-05,0.0037919751363225595,0.004355747267237617,0.0048611260002916195,0.06157901538935614,0.06464826607773065,0.0691008394998699,2.328274853669425e-09,275,0.0004289535898200854,1.6265813472340695e-06,1.6537946142184992e-05,0.004066687367155852,0.06377058387027558,0.006110562894297311,2023,6.185718147697382e-05,-0.01691557255196796,2.7521566545220066e-05,2.2612408964793796e-05,2.0880691226338114e-05,2.2281590528441866e-05
2023-07-11,2023-07-12,1.6537946142184992e-05,2.3123059461909516e-05,2.5082264004297723e-05,0.004066687367155852,0.004469061208101555,0.004840937263839004,0.06377058387027558,0.06557002440076483,0.06894664857998162,2.2644685223690488e-09,275,0.0003944582297224946,1.6041382996831297e-06,1.5824544555209386e-05,0.003978007611255839,0.06307144846327725,0.01118237665803587,2023,6.185718147697382e-05,-0.01691557255196796,2.8404070425220967e-05,2.3751689849441934e-05,2.2065329609312466e-05,2.3551424865566223e-05
2023-07-12,2023-07-13,1.5824544555209386e-05,2.5322015195116533e-05,2.4910038458941154e-05,0.003978007611255839,0.004825128163376503,0.004820450615659238,0.06307144846327725,0.06880844541925232,0.06878859701972617,4.316837473375577e-09,275,0.0005567700983365419,2.2148356889024253e-06,2.281844908978794e-05,0.004776866032221119,0.06911487562183063,0.001121558897272848,2023,6.185718147697382e-05,-0.01691557255196796,2.901926884715596e-05,2.4987299589915938e-05,2.3680299017266673e-05,2.4588766871933295e-05
2023-07-13,2023-07-17,2.281844908978794e-05,2.552737293406864e-05,2.4989431319335588e-05,0.004776866032221119,0.004846870599226111,0.004828926176055635,0.06911487562183063,0.0689666426779185,0.06885052236343575,6.170569103279118e-09,275,0.0005543425463981448,2.6480200801042578e-06,1.8783514390650527e-05,0.00433399519965707,0.0658330859041035,-0.0013970684235364223,2023,6.185718147697382e-05,-0.01691557255196796,3.09657700730122e-05,2.7225252882259865e-05,2.591404761780458e-05,2.7171995367462455e-05
2023-07-17,2023-07-18,1.8783514390650527e-05,1.766870592246427e-05,2.465394464677208e-05,0.00433399519965707,0.004189506269322488,0.004793421531582724,0.0658330859041035,0.06467380184976863,0.06859203040621786,4.072776166196889e-09,275,0.0004963814110198207,2.1513146525589056e-06,2.5064337245747004e-05,0.005006429590611158,0.0707561275834903,0.007953485090318997,2023,6.185718147697382e-05,-0.01691557255196796,2.694711878996992e-05,2.3260667647203057e-05,2.219519647917434e-05,2.3135913541259138e-05
2023-07-18,2023-07-19,2.5064337245747004e-05,1.980575828471597e-05,2.5053161103739682e-05,0.005006429590611158,0.004432397160180207,0.004837575449604891,0.0707561275834903,0.06650922428859546,0.06892085477722801,1.0000873243943698e-08,275,0.0006733634086579231,3.3711464943398196e-06,1.728070050811649e-05,0.004157006195342568,0.06447484932392294,0.004882907576115807,2023,6.185718147697382e-05,-0.01691557255196796,2.94429095458466e-05,2.605288398042371e-05,2.498018610259671e-05,2.6033164155502196e-05
2023-07-19,2023-07-20,1.728070050811649e-05,1.9954309157902267e-05,2.484282679210657e-05,0.004157006195342568,0.004450460925817551,0.004813775541822152,0.06447484932392294,0.06665007737932492,0.06874175969621608,2.5922855457123095e-09,275,0.0004128757839465553,1.71632719177275e-06,2.27119593616913e-05,0.004765706596265794,0.06903409734519453,-0.007538879205517078,2023,6.185718147697382e-05,-0.01691557255196796,2.740847637442855e-05,2.388894942431199e-05,2.288898590908026e-05,2.3719889223084924e-05
2023-07-20,2023-07-24,2.27119593616913e-05,2.1331792119198653e-05,2.4150735993901963e-05,0.004765706596265794,0.004608000722819541,0.004750426769422181,0.06903409734519453,0.06784260715570838,0.06831232253016851,4.055063935515596e-09,275,0.000450433015635117,2.1466315937881706e-06,1.8528207182526502e-05,0.0043044404029474615,0.0656082342617713,-0.004364238870004174,2023,6.185718147697382e-05,-0.01691557255196796,2.9321621719124756e-05,2.610434485559985e-05,2.5123842125111276e-05,2.6172695804970925e-05
2023-07-24,2023-07-25,1.8528207182526502e-05,2.0473743737746366e-05,2.3121082772764728e-05,0.0043044404029474615,0.004513515596964811,0.004654391809471275,0.0656082342617713,0.06714127888369652,0.06765326557378673,2.947314838420455e-09,275,0.0004251627721087781,1.8300878140941686e-06,1.7659456991826103e-05,0.004202315670178301,0.0648252703054781,0.0011615917086936394,2023,6.185718147697382e-05,-0.01691557255196796,2.781754663542818e-05,2.442645212031194e-05,2.344318033762024e-05,2.4322222733309168e-05
2023-07-25,2023-07-26,1.7659456991826103e-05,2.0248932257981478e-05,2.29151263312823e-05,0.004202315670178301,0.004487179691069057,0.00463128437543334,0.0648252703054781,0.06693971576397144,0.06748012385944625,1.907517097780487e-09,275,0.00035035168529945574,1.4722883772072795e-06,1.5857537433906688e-05,0.003982152361965409,0.06310429749205207,0.007143481379158466,2023,6.185718147697382e-05,-0.01691557255196796,2.748842916542403e-05,2.4038967094948373e-05,2.3045037848576372e-05,2.3950807338446942e-05
2023-07-26,2023-07-27,1.5857537433906688e-05,1.8407572295613414e-05,2.3212375063373324e-05,0.003982152361965409,0.004282324245339907,0.004673538999768519,0.06310429749205207,0.06540934974568377,0.06783714226598342,1.7510082964012703e-09,275,0.00035422963626750804,1.410596382740805e-06,4.817722719062715e-05,0.006940981716632536,0.08331255437587144,-0.012084373893265115,2023,6.185718147697382e-05,-0.01691557255196796,2.6343895928550483e-05,2.2675523964656712e-05,2.1653886009901725e-05,2.2503353570312847e-05
2023-07-27,2023-07-31,4.817722719062715e-05,2.4586877632115546e-05,2.4328719585942117e-05,0.006940981716632536,0.0048391193495979,0.004768138207736619,0.08331255437587144,0.06917689075607349,0.06845533748215676,2.7344135910213605e-08,275,0.000803100443048848,5.574305491821543e-06,1.0203053405507898e-05,0.0031942218779395866,0.0565174475532962,0.004059654634727649,2023,6.185718147697382e-05,-0.01691557255196796,3.733311331795267e-05,3.338139380205288e-05,3.15932924252928e-05,3.4062656548115564e-05
2023-07-31,2023-08-01,1.0203053405507898e-05,2.208509644087887e-05,2.2935269962055457e-05,0.0031942218779395866,0.0045248224059326585,0.0046227801016046925,0.0565174475532962,0.06667356079769382,0.06739019368526768,5.260836807331179e-10,275,0.0002420588685933484,7.731897338101769e-07,2.438423033512843e-05,0.00493803911842833,0.07027118270264368,-0.006590631846576817,2023,6.185718147697382e-05,-0.01691557255196796,2.6183926503145858e-05,2.166010853866859e-05,2.024594907927675e-05,2.1188660016287844e-05
2023-08-01,2023-08-02,2.438423033512843e-05,2.3256301071399256e-05,2.255964064709283e-05,0.00493803911842833,0.0046515421490288325,0.0045875159967098764,0.07027118270264368,0.0676061504858683,0.06714842886394434,4.189770975593834e-09,275,0.00044187484605778495,2.1819952752828382e-06,2.069520157643103e-05,0.00454919790473343,0.06744774202842843,-0.006185193881872394,2023,6.185718147697382e-05,-0.01691557255196796,3.037488460484743e-05,2.6646326830337837e-05,2.5292762834680614e-05,2.681668935689548e-05
2023-08-02,2023-08-03,2.069520157643103e-05,2.386344998832024e-05,2.2894909299106783e-05,0.00454919790473343,0.004720918595939859,0.004628408609821109,0.06744774202842843,0.06813064483045836,0.06746825387715785,2.859477686912473e-09,275,0.00039624809697295064,1.802611012503956e-06,2.2806551965311217e-05,0.0047756205843127045,0.06910586505002816,-0.0010793600224661042,2023,6.185718147697382e-05,-0.01691557255196796,2.963956011449437e-05,2.5928168339197043e-05,2.4648631708493974e-05,2.5941913272370985e-05
2023-08-03,2023-08-07,2.2806551965311217e-05,2.5253252894601148e-05,2.26911639847752e-05,0.0047756205843127045,0.004879612240409318,0.0046080330659940515,0.06910586505002816,0.06933095834205358,0.0673241372209278,2.9013387426148453e-09,275,0.0003802139675961857,1.815757650095548e-06,1.556070058208507e-05,0.003944705385968016,0.06280688963774608,-0.0010805262994702787,2023,6.185718147697382e-05,-0.01691557255196796,3.0705141725159886e-05,2.7214044939412896e-05,2.597174251162848e-05,2.733887615004961e-05
2023-08-07,2023-08-08,1.556070058208507e-05,1.8729947572892733e-05,2.243796689520288e-05,0.003944705385968016,0.004280356974276413,0.004578390096212367,0.06280688963774608,0.06522982539442852,0.06709717406516201,2.182270649195139e-09,275,0.00039920722862685394,1.5747549048817158e-06,1.7708134653105578e-05,0.004208103450855929,0.06486989633763822,-0.0015738050868448414,2023,6.185718147697382e-05,-0.01691557255196796,2.633210542581376e-05,2.251491361088205e-05,2.138948884425655e-05,2.2304435227840745e-05
2023-08-08,2023-08-09,1.7708134653105578e-05,2.0230963822412266e-05,2.0996814883222894e-05,0.004208103450855929,0.004483133288859681,0.004450146063757236,0.06486989633763822,0.06690031515129692,0.06623480810207735,3.54012562049812e-09,268,0.0004828147646822036,2.0317344773833743e-06,1.4489180721350817e-05,0.003806465646942163,0.06169656106252732,-0.005939510838727162,2023,6.185718147697382e-05,-0.01691557255196796,2.7364855891556028e-05,2.3920563751643154e-05,2.2910955682366996e-05,2.3752429610803792e-05
2023-08-09,2023-08-10,1.4489180721350817e-05,1.8251953899656738e-05,2.1098558386298036e-05,0.003806465646942163,0.004256818594562449,0.0044640709721256895,0.06169656106252732,0.06518539082327364,0.06635002486605111,1.499143473199087e-09,266,0.000348645349808537,1.3271065470123293e-06,2.1665049526186805e-05,0.00465457296926225,0.06822443088265559,-0.0020869210393344743,2023,6.185718147697382e-05,-0.01691557255196796,2.5778107990706102e-05,2.200874896846507e-05,2.0946412965806532e-05,2.1785904538327495e-05
2023-08-10,2023-08-14,2.1665049526186805e-05,1.84459234896079e-05,2.1863798551616783e-05,0.00465457296926225,0.0042778936074682125,0.004575748250961197,0.06822443088265559,0.06534072859411907,0.06732025611658819,3.3356159786920566e-09,274,0.0004190423427783442,1.9504631616724072e-06,1.5380192709429728e-05,0.003921758879562808,0.06262394813138826,-0.003945686038483475,2023,6.185718147697382e-05,-0.01691557255196796,2.7815329784566863e-05,2.430301760199696e-05,2.323883273859957e-05,2.4394633527887655e-05
2023-08-14,2023-08-15,1.5380192709429728e-05,1.6960651638431603e-05,2.1572368202271437e-05,0.003921758879562808,0.004107121266518234,0.004541821206715276,0.06262394813138826,0.0640443452103911,0.06706116788035585,1.9267178533536453e-09,271,0.0003800743292070215,1.4905598754615146e-06,2.2153907593919737e-05,0.0047067937700646855,0.0686060767721394,-0.0015847719152887324,2023,6.185718147697382e-05,-0.01691557255196796,2.5567946109900592e-05,2.1750251513108815e-05,2.0688377502774377e-05,2.156570173935322e-05
2023-08-15,2023-08-16,2.2153907593919737e-05,1.8279293040798535e-05,1.993950720887359e-05,0.0047067937700646855,0.004259538943337567,0.004409365612210252,0.0686060767721394,0.06520418263726975,0.06621156727705069,9.057531111007144e-09,275,0.0006816138574272918,3.208215857728536e-06,1.5461475204538534e-05,0.0039321082391687205,0.06270652469375672,-0.005957425810413948,2023,6.185718147697382e-05,-0.01691557255196796,2.775348013412967e-05,2.4254051514484517e-05,2.3174284114127036e-05,2.4162616904635567e-05
2023-08-16,2023-08-17,1.5461475204538534e-05,1.7829961151085128e-05,1.9988707198421313e-05,0.0039321082391687205,0.004204339901000125,0.00441573529870326,0.06270652469375672,0.06477150830849346,0.066262817699978,1.4537902556646297e-09,275,0.00032687678406829,1.2853148958278978e-06,1.5758465365872886e-05,0.003969693359174344,0.06300550261028273,-1.580186120759594e-05,2023,6.185718147697382e-05,-0.01691557255196796,2.5805413460433928e-05,2.2080862726032305e-05,2.102918728322e-05,2.1937723223550892e-05
2023-08-17,2023-08-21,1.5758465365872886e-05,1.808381807998954e-05,1.995327625404349e-05,0.003969693359174344,0.004236985443446561,0.004411326480158646,0.06300550261028273,0.06503329661804454,0.06622804127906921,3.9231989050774905e-09,275,0.0005318900508454552,2.1114404026521074e-06,1.2453698189158478e-05,0.0035289797660454894,0.059405216656834854,0.0017630053852589927,2023,6.185718147697382e-05,-0.01691557255196796,2.597652950555795e-05,2.2300277856719353e-05,2.126146405812282e-05,2.202973161086402e-05
2023-08-21,2023-08-22,1.2453698189158478e-05,1.6241547812583872e-05,1.9800055964677544e-05,0.0035289797660454894,0.0040118668028032095,0.004390916123558176,0.059405216656834854,0.06326945377288037,0.06606139437877638,2.8738350260469875e-09,275,0.0005120830636551249,1.80713077017352e-06,1.2108205608934189e-05,0.00347968469964366,0.05898885233367115,0.0029069586755817163,2023,6.185718147697382e-05,-0.01691557255196796,2.440044792770659e-05,2.0347371512379332e-05,1.923041722087129e-05,1.9947905813183718e-05
2023-08-22,2023-08-23,1.2108205608934189e-05,1.5587150392484766e-05,1.931322671554783e-05,0.00347968469964366,0.0039234519668193794,0.004331953335713746,0.05898885233367115,0.06254243461333697,0.06560112059295096,1.318098428612753e-09,275,0.0003517164585078814,1.2238623792827293e-06,1.3256190829978411e-05,0.003640905221229799,0.060339913997533995,0.010066631903797665,2023,6.185718147697382e-05,-0.01691557255196796,2.4032209996091066e-05,1.9863327578569267e-05,1.87063873753519e-05,1.9552916036738903e-05
2023-08-23,2023-08-24,1.3256190829978411e-05,1.38076070396965e-05,1.9061984735517276e-05,0.003640905221229799,0.0037102742570524023,0.004300449245785234,0.060339913997533995,0.060889202058415894,0.06535143096083416,2.320970755941893e-09,275,0.00044605059646662867,1.6240279456080145e-06,1.2382858619760377e-05,0.003518928618167805,0.0593205581410678,-0.0038545795009451342,2023,6.185718147697382e-05,-0.01691557255196796,2.3660059780661047e-05,1.9424787878157263e-05,1.8256387734171992e-05,1.915099196957808e-05
2023-08-24,2023-08-28,1.2382858619760377e-05,1.3191883722740867e-05,1.848555388888152e-05,0.003518928618167805,0.0036276383328522196,0.004232835565219626,0.0593205581410678,0.06021200874787811,0.06483163234981497,1.2527699120300737e-09,275,0.0003390657040948631,1.1931480095786303e-06,7.609558268187929e-06,0.002758542779836472,0.05252183145927484,0.006251615787444965,2023,6.185718147697382e-05,-0.01691557255196796,2.315938529261521e-05,1.8802578072157895e-05,1.7606140334455723e-05,1.8557532519591075e-05
2023-08-28,2023-08-29,7.609558268187929e-06,1.1562102303203878e-05,1.8045956514339313e-05,0.002758542779836472,0.003385408216984645,0.004169269046332986,0.05252183145927484,0.05811527451767653,0.06428831335596731,4.874582299669718e-10,275,0.00026980354028946,7.442646080398085e-07,8.446929265541463e-06,0.0029063601403717092,0.053910668149928447,0.005882395169632605,2023,6.185718147697382e-05,-0.01691557255196796,2.1251308105263498e-05,1.624796149355207e-05,1.4888176556700067e-05,1.5782543359613738e-05
2023-08-29,2023-08-30,8.446929265541463e-06,1.0760748518480475e-05,1.739754605542341e-05,0.0029063601403717092,0.003260884291849889,0.004084753298337801,0.053910668149928447,0.05701636481629524,0.06360088475618249,5.010413779614466e-10,275,0.0002596247143762895,7.545629213186376e-07,7.26022934958627e-06,0.002694481276532882,0.05190839312223874,0.004337818696979653,2023,6.185718147697382e-05,-0.01691557255196796,2.1132918254587236e-05,1.6093657028297714e-05,1.4714485508148269e-05,1.5708578328874298e-05
2023-08-30,2023-08-31,7.26022934958627e-06,9.79115326661089e-06,1.6885365244835216e-05,0.002694481276532882,0.0031038436072277336,0.004011573338046228,0.05190839312223874,0.055600272974008755,0.06297816470438557,4.0708777884725653e-10,275,0.0002524221875661584,6.80146858178485e-07,8.785289256008419e-06,0.00296399886234938,0.05444261990710385,-0.0031974756767806944,2023,6.185718147697382e-05,-0.01691557255196796,2.04215489825745e-05,1.509563960077843e-05,1.3637453940601856e-05,1.4662922554971511e-05
2023-08-31,2023-09-04,8.785289256008419e-06,8.896972951816892e-06,1.6481993984116234e-05,0.00296399886234938,0.00296846233545165,0.0039552862104176405,0.05444261990710385,0.05442081415592274,0.062506226049914,7.308468419768918e-10,275,0.00030746367841184754,9.113219930264718e-07,5.438899736283413e-06,0.002332144878922279,0.048292285915270974,-0.0010267817019782742,2023,6.185718147697382e-05,-0.01691557255196796,2.0468619060289933e-05,1.5173417292426581e-05,1.3715569793881853e-05,1.4833524513568146e-05
2023-09-04,2023-09-05,5.438899736283413e-06,7.508181175121499e-06,1.6008419543315175e-05,0.002332144878922279,0.002731105587602545,0.0038802858702793167,0.048292285915270974,0.05221515971076337,0.06183295279642396,1.8097833064504848e-10,245,0.00020601542151971528,4.804578102762187e-07,1.1046998545858893e-05,0.00332370253570606,0.05765156143337368,-0.005430048436464016,2023,6.185718147697382e-05,-0.01691557255196796,1.90282516825377e-05,1.3140412793004043e-05,1.1554119932583321e-05,1.2659162674346484e-05
2023-09-05,2023-09-06,1.1046998545858893e-05,8.195669230655691e-06,1.4320681877643891e-05,0.00332370253570606,0.0028441375387764623,0.0037158640893281136,0.05765156143337368,0.05324110570558314,0.060666544026310415,1.0877607359452472e-09,275,0.0003345054551564907,1.1117966295111378e-06,2.3112691350909967e-05,0.004807566052682996,0.06933661408435658,-0.0033170337747591492,2023,6.185718147697382e-05,-0.01691557255196796,2.066475556386213e-05,1.5378569300141125e-05,1.3852761229358374e-05,1.518643921955755e-05
2023-09-06,2023-09-07,2.3112691350909967e-05,1.1128821647729393e-05,1.490748360243489e-05,0.004807566052682996,0.0032243787212387193,0.0037891979154528136,0.06933661408435658,0.056326294892468765,0.061249233414085884,3.293172991214418e-08,275,0.0012724498548545612,6.117386725940194e-06,1.639133904152129e-05,0.004048621869416962,0.06362878176907806,0.002491420540582645,2023,6.185718147697382e-05,-0.01691557255196796,2.501150643866636e-05,2.002696757452704e-05,1.821129546784382e-05,1.966080192390964e-05
2023-09-07,2023-09-11,1.639133904152129e-05,1.2955043586116398e-05,1.4544170361816386e-05,0.004048621869416962,0.003495206839815535,0.0037487698586795696,0.06362878176907806,0.05867037262183663,0.06094730609892382,1.0398597772586273e-08,275,0.0008490608908679169,3.4375264912344966e-06,1.2559647638789988e-05,0.0035439593167515323,0.0595311625684526,-0.0006599649476307179,2023,6.185718147697382e-05,-0.01691557255196796,2.3873338688760807e-05,1.9250149821725772e-05,1.7730337395700992e-05,1.8943436979557412e-05
2023-09-11,2023-09-12,1.2559647638789988e-05,1.370991526267271e-05,1.4174372455559975e-05,0.0035439593167515323,0.0036111989306959664,0.003703077195589483,0.0595311625684526,0.05968808115410638,0.060587461578015825,2.627537860416595e-09,275,0.00048757836586487774,1.7279578923533207e-06,1.0848923541462003e-05,0.0032937704142004197,0.05739137926727689,-0.007325067301488867,2023,6.185718147697382e-05,-0.01691557255196796,2.3107130123277036e-05,1.849880371590526e-05,1.706984821800993e-05,1.822790028186722e-05
2023-09-12,2023-09-13,1.0848923541462003e-05,1.4791920023708428e-05,1.3630843890839554e-05,0.0032937704142004197,0.0038035240377515935,0.0036357203696752885,0.05739137926727689,0.061507899824507564,0.06005498495152714,7.733840049969736e-10,275,0.0002846183735768952,9.3746757822542e-07,1.5446952592605048e-05,0.003930261135421545,0.06269179480140559,3.144947224677531e-05,2023,6.185718147697382e-05,-0.01691557255196796,2.301623813891289e-05,1.8592606633149835e-05,1.7298291460836253e-05,1.831886409088788e-05
2023-09-13,2023-09-14,1.5446952592605048e-05,1.5671910833057658e-05,1.3625673527681374e-05,0.003930261135421545,0.003924835757694691,0.003635063812832267,0.06269179480140559,0.06251594649811394,0.06004975336805711,4.12858941253278e-09,275,0.0005511097625569232,2.166005281128871e-06,2.009522056191288e-05,0.004482769296083937,0.06695348606371394,0.0030898668253296823,2023,6.185718147697382e-05,-0.01691557255196796,2.4568866353286415e-05,2.0518096065965864e-05,1.9274593463153154e-05,2.0325642070658254e-05
2023-09-14,2023-09-18,2.009522056191288e-05,1.5068416675258242e-05,1.373417743262716e-05,0.004482769296083937,0.003859876406374879,0.0036475486239789944,0.06695348606371394,0.062039320893985415,0.06014446199196965,1.0658524168919293e-08,275,0.0007763558188736961,3.4802240276831073e-06,7.4935624269114595e-06,0.0027374372005420436,0.05232052370286486,0.00862285570580714,2023,6.185718147697382e-05,-0.01691557255196796,2.5591360509591722e-05,2.160375860675575e-05,2.030608442248514e-05,2.1463615998822278e-05
2023-09-18,2023-09-19,7.4935624269114595e-06,1.3288861352336276e-05,1.3416194782879921e-05,0.0027374372005420436,0.0035976394725998955,0.003598956421869899,0.05232052370286486,0.059777669280742775,0.05971827847562135,3.852876501054666e-10,275,0.0002417169153189971,6.616848759944937e-07,6.942354239158756e-06,0.0026348347650580967,0.0513306415804254,-0.000849112628034376,2023,6.185718147697382e-05,-0.01691557255196796,2.154854999505776e-05,1.6622891833852147e-05,1.5200933139759505e-05,1.618193527971528e-05
2023-09-19,2023-09-20,6.942354239158756e-06,1.2165402672410028e-05,1.274698136074228e-05,0.0026348347650580967,0.003415814562261208,0.0035071501398606197,0.0513306415804254,0.05813756508313733,0.058950378961883605,3.013999480826018e-10,275,0.00022211447673778478,5.852349451314032e-07,2.0673093930942272e-05,0.00454676741553186,0.06742972204845472,-0.0011609226491724317,2023,6.185718147697382e-05,-0.01691557255196796,2.0938821729584874e-05,1.574287261569352e-05,1.4231430216062614e-05,1.5302625395368434e-05
2023-09-20,2023-09-21,2.0673093930942272e-05,1.413023675030608e-05,1.2987567779901938e-05,0.00454676741553186,0.0036664139625274964,0.003535559618768304,0.06742972204845472,0.060145233639372894,0.05916882323084117,9.822755640387257e-09,275,0.0007348058329457226,3.340991217980359e-06,1.6702304244233103e-05,0.004086845267958294,0.06392843864789985,-0.002336291967233434,2023,6.185718147697382e-05,-0.01691557255196796,2.5346289941890708e-05,2.0940091455933446e-05,1.9380013850266875e-05,2.088471365542002e-05
2023-09-21,2023-09-25,1.6702304244233103e-05,1.4381307080631694e-05,1.2739767627643456e-05,0.004086845267958294,0.0036977307890348463,0.003507380141399832,0.06392843864789985,0.060392562408671746,0.05895620331610301,3.4257989531325205e-09,275,0.00048278237279280093,1.9730568557019354e-06,1.420681499224625e-05,0.0037691928833964244,0.061393752804307575,-0.005326325761602441,2023,6.185718147697382e-05,-0.01691557255196796,2.4364052648731656e-05,1.9952517193170985e-05,1.8476567739951484e-05,1.9901066231491582e-05
2023-09-25,2023-09-26,1.420681499224625e-05,1.3203625966698369e-05,1.268273761799381e-05,0.0037691928833964244,0.0035550155064973435,0.003499974897955637,0.061393752804307575,0.05928061575679048,0.05889653186658259,4.826152425045668e-09,275,0.0006213135406561495,2.3418505757989934e-06,1.8121521877479198e-05,0.004256938087108996,0.06524521505144264,-0.007200584769245805,2023,6.185718147697382e-05,-0.01691557255196796,2.325720992826902e-05,1.8688958239190963e-05,1.72415573110011e-05,1.844566846315574e-05
2023-09-26,2023-09-27,1.8121521877479198e-05,1.5329217856811914e-05,1.2790149277612274e-05,0.004256938087108996,0.0038589156838107347,0.003513031476498121,0.06524521505144264,0.061865554026506044,0.05899833697754441,5.445464231467428e-09,275,0.0005843577186890881,2.487574629183704e-06,1.9837084394734992e-05,0.004453884191886335,0.066737427219562,-0.01334709189867989,2023,6.185718147697382e-05,-0.01691557255196796,2.509809661479695e-05,2.0972347452615502e-05,1.9599560080901247e-05,2.0901685459818736e-05
2023-09-27,2023-09-28,1.9837084394734992e-05,1.7908163887927164e-05,1.3125757741502118e-05,0.004453884191886335,0.0042227255691763815,0.0035550725867636137,0.066737427219562,0.06494691115433336,0.059331619275850185,2.2569460196231094e-09,275,0.00035956741628831446,1.6014716313239369e-06,2.9437290814515555e-05,0.0054256143260017625,0.07365876951186302,-0.006056447295444001,2023,6.185718147697382e-05,-0.01691557255196796,2.6536518888905545e-05,2.291474349316044e-05,2.1731671209204993e-05,2.3060462759357543e-05
2023-09-28,2023-10-02,2.9437290814515555e-05,1.966100326464182e-05,1.3913443432664904e-05,0.0054256143260017625,0.004398494951270362,0.003643523933416254,0.07365876951186302,0.06619272064701501,0.05999843369304074,5.43861648718804e-09,275,0.00045819881557446657,2.4860100579378653e-06,4.298781101985201e-05,0.006556509057406389,0.0809722733866747,-0.023258420842820374,2023,6.185718147697382e-05,-0.01691557255196796,2.98009105046919e-05,2.622795313112075e-05,2.4852580962735153e-05,2.6730482404969388e-05
2023-10-02,2023-10-03,4.298781101985201e-05,2.49181046197656e-05,1.5264880714022796e-05,0.006556509057406389,0.004892427709159981,0.00377605138051519,0.0809722733866747,0.06960148759476999,0.06093626821072895,1.2608566539677751e-08,275,0.0005773229947578515,3.7852234441788346e-06,4.441269059767071e-05,0.006664284702627185,0.08163507029841516,9.889216696600023e-05,2023,6.185718147697382e-05,-0.01691557255196796,3.5458857591151486e-05,3.174336401048199e-05,2.9979191644509234e-05,3.2649012349989736e-05
2023-10-03,2023-10-04,4.441269059767071e-05,3.095927974085049e-05,1.6720782167564173e-05,0.006664284702627185,0.005471446073006134,0.00391902211162698,0.08163507029841516,0.0736497510935915,0.0619505642178811,3.9044002519974424e-08,275,0.0009994988248774523,6.660944728924653e-06,2.0232950316527214e-05,0.004498105191803234,0.06706791477154508,0.004181801831819983,2023,6.185718147697382e-05,-0.01691557255196796,3.818209809611872e-05,3.499046347036842e-05,3.336207377474771e-05,3.529217424258437e-05
2023-10-04,2023-10-05,2.0232950316527214e-05,3.1381565428660094e-05,1.729457271521596e-05,0.004498105191803234,0.005519679493944982,0.003998093130352742,0.06706791477154508,0.07401429103761199,0.0626117498229843,4.805837538659865e-09,275,0.0005195335509266452,2.336916562739113e-06,2.6045571879039084e-05,0.005103486247560493,0.07143868873069055,-0.0023491021134867305,2023,6.185718147697382e-05,-0.01691557255196796,3.193068922208396e-05,2.8869971882238124e-05,2.7710473647275823e-05,2.8727726991578548e-05
2023-10-05,2023-10-09,2.6045571879039084e-05,3.262326292552092e-05,1.8094511015829485e-05,0.005103486247560493,0.005649599905079813,0.004097962498861323,0.07143868873069055,0.0749545433398377,0.06340847803120077,1.2891047854747114e-08,275,0.0007499560714717031,3.827390497030331e-06,1.8633639692810393e-05,0.004316669977286936,0.06570136967588222,0.02085446747351797,2023,6.185718147697382e-05,-0.01691557255196796,3.399607993571735e-05,3.128085302089848e-05,3.018217630070029e-05,3.11663519492738e-05
2023-10-09,2023-10-10,1.8633639692810393e-05,3.046253270117988e-05,1.8611484213248763e-05,0.004316669977286936,0.005427811035336847,0.004171698348895598,0.06570136967588222,0.07336306337264153,0.06403543151091183,1.8264121022812094e-09,275,0.0003337407251710024,1.4406485685436366e-06,1.7511457090369785e-05,0.004184669292831847,0.0646890198784295,-0.001300167254010208,2023,6.185718147697382e-05,-0.01691557255196796,3.125192662650654e-05,2.8072033502739304e-05,2.692837427192341e-05,2.7994860299692623e-05
2023-10-10,2023-10-11,1.7511457090369785e-05,2.5367261915283434e-05,1.9008128205719737e-05,0.004184669292831847,0.00495344308242194,0.004227183368462983,0.0646890198784295,0.0701064126709925,0.0645011769641539,1.95780355750173e-09,275,0.00035643642444870775,1.4915685602372858e-06,1.3281043111046685e-05,0.0036443165492375503,0.06036817497024032,0.009427918948619432,2023,6.185718147697382e-05,-0.01691557255196796,2.9086293226962628e-05,2.5683219126894677e-05,2.4565715109298416e-05,2.5570578409177404e-05
2023-10-11,2023-10-12,1.3281043111046685e-05,1.9140932417958632e-05,1.936458926820898e-05,0.0036443165492375503,0.004349449451744012,0.004286827535295495,0.06036817497024032,0.06585303360535753,0.06505008101210706,1.167020605319388e-09,275,0.000315996180155724,1.1515901088373554e-06,1.9920168875503993e-05,0.00446320163957489,0.0668071975132537,-0.002121808073132744,2023,6.185718147697382e-05,-0.01691557255196796,2.5668902870845008e-05,2.1866496325892854e-05,2.0770918235051467e-05,2.1600037829182064e-05
2023-10-12,2023-10-16,1.9920168875503993e-05,1.9078376129753987e-05,1.976791519228376e-05,0.00446320163957489,0.0043424687412983425,0.0043386229491077155,0.0668071975132537,0.06580089015369926,0.06546624628846522,6.354724594380128e-09,275,0.0006020887641929999,2.6872435595158164e-06,2.5138957607543628e-05,0.005013876505015219,0.07080873184159718,0.0227152646072188,2023,6.185718147697382e-05,-0.01691557255196796,2.744318883501898e-05,2.392413871847989e-05,2.2843777467325966e-05,2.379693744925246e-05
2023-10-16,2023-10-17,2.5138957607543628e-05,1.8897053275454898e-05,1.986001820394892e-05,0.005013876505015219,0.0043245467927892885,0.004348000696940998,0.07080873184159718,0.06567489877588059,0.06553316073197615,5.096648957480704e-09,275,0.0004799846977183679,2.406583998656957e-06,3.0447526632390577e-05,0.005517927748021949,0.07428275538792263,0.01074127142786018,2023,6.185718147697382e-05,-0.01691557255196796,2.877356166626387e-05,2.5287037031896667e-05,2.4131482562273716e-05,2.550899418742885e-05
2023-10-17,2023-10-18,3.0447526632390577e-05,2.1259830663370934e-05,2.049893582171571e-05,0.005517927748021949,0.0045647983469362914,0.00441478732778668,0.07428275538792263,0.06739117591828866,0.06601743226010547,2.041053100305262e-08,275,0.0008727900894342251,4.815992652687669e-06,3.10947432402717e-05,0.005576266066129889,0.07467440033994172,0.004577874078924036,2023,6.185718147697382e-05,-0.01691557255196796,3.1110217708843946e-05,2.7732265305642616e-05,2.6492934184983127e-05,2.7751461948821158e-05
2023-10-18,2023-10-19,3.10947432402717e-05,2.3976487893351315e-05,2.1341440167237607e-05,0.005576266066129889,0.0048431177015958995,0.004507164907303878,0.07467440033994172,0.06938825201059111,0.0667057612497186,7.250379550081325e-09,275,0.0005147490424720996,2.870377618110022e-06,3.512767227126368e-05,0.00592686023719673,0.07698610418248691,0.016038985325639164,2023,6.185718147697382e-05,-0.01691557255196796,3.234926996847423e-05,2.9209173100913914e-05,2.8031122825499096e-05,2.9612075972698927e-05
2023-10-19,2023-10-23,3.512767227126368e-05,2.8345813725394714e-05,2.2445019654955868e-05,0.00592686023719673,0.005299626439187736,0.004626850808349165,0.07698610418248691,0.07271183785304043,0.06759643056404634,5.6951173673134586e-09,275,0.0004292253041944025,2.5439583882284752e-06,3.3460476406827326e-05,0.005784503125319177,0.07605592104050267,-0.0004450271396453204,2023,6.185718147697382e-05,-0.01691557255196796,3.5122837566714654e-05,3.2447624047607876e-05,3.139918414515619e-05,3.309315480879042e-05
2023-10-23,2023-10-24,3.3460476406827326e-05,3.105387523165939e-05,2.326381619196597e-05,0.005784503125319177,0.005563886736336593,0.004711134535162693,0.07605592104050267,0.07456158255849023,0.06820389084764165,1.2453986958151787e-08,275,0.0006503494947255449,3.7619486847896616e-06,4.18376384139198e-05,0.006468202100577857,0.08042513351296258,-0.0018530301816658823,2023,6.185718147697382e-05,-0.01691557255196796,3.573998721636689e-05,3.3358132352914694e-05,3.2448163230608736e-05,3.3621729447975956e-05
2023-10-24,2023-10-25,4.18376384139198e-05,3.439361139293462e-05,2.425210791251174e-05,0.006468202100577857,0.005854751855449121,0.004801381480821508,0.08042513351296258,0.07648486289276331,0.06881623845897113,3.571555331798878e-08,275,0.0009849263904052675,6.370702947333918e-06,5.193843573607919e-05,0.007206832573057265,0.08489306551808141,0.007034359803101109,2023,6.185718147697382e-05,-0.01691557255196796,3.928150480796632e-05,3.7003840102129516e-05,3.598866082964675e-05,3.709981428086463e-05
2023-10-25,2023-10-26,5.193843573607919e-05,3.869179321367234e-05,2.627232942656482e-05,0.007206832573057265,0.0061925328204561845,0.0050045358159358354,0.08489306551808141,0.07860692491879506,0.07029680854148099,1.0417157777199222e-07,275,0.0015096937327217037,1.0880109968319182e-05,2.945587210939974e-05,0.005427326423700691,0.07367039041365732,0.0003371109286509765,2023,6.185718147697382e-05,-0.01691557255196796,4.370860324920562e-05,4.137130588430315e-05,4.016833244040146e-05,4.085046588831977e-05
2023-10-26,2023-10-30,2.945587210939974e-05,3.836401898749794e-05,2.7295671147939408e-05,0.005427326423700691,0.006162744891970344,0.0051314672549650445,0.07367039041365732,0.07840612293353819,0.07131225167026425,1.0588896302103437e-08,275,0.0006391430470230121,3.468837947632567e-06,2.1935587092779918e-05,0.004683544287479293,0.06843642515122551,0.002145609132410043,2023,6.185718147697382e-05,-0.01691557255196796,3.7661453905407554e-05,3.5539767793838985e-05,3.4761911732174704e-05,3.55255913440259e-05
2023-10-30,2023-10-31,2.1935587092779918e-05,3.57256019518012e-05,2.7353057200750213e-05,0.004683544287479293,0.005914081702026857,0.005137684385508109,0.06843642515122551,0.0766961871272859,0.07135801090220838,5.149721173045312e-09,275,0.0005165066177074991,2.4190816188092086e-06,2.4987292874017186e-05,0.0049987291258896185,0.07070169111053581,-0.007588169526774556,2023,6.185718147697382e-05,-0.01691557255196796,3.4679798028007145e-05,3.2063204618413916e-05,3.118984650172144e-05,3.1841340308788875e-05
2023-10-31,2023-11-01,2.4987292874017186e-05,3.403096524523916e-05,2.7729647593013118e-05,0.0049987291258896185,0.005756926902140945,0.005179133651777715,0.07070169111053581,0.07562534114129252,0.07166588601414638,3.8908508472684084e-09,275,0.00042065044407825383,2.10271762663237e-06,3.312479811875504e-05,0.005755414678262118,0.07586444937032179,0.004184179443742592,2023,6.185718147697382e-05,-0.01691557255196796,3.4889301933882394e-05,3.228135714971827e-05,3.1400927506932576e-05,3.233174810152306e-05
2023-11-01,2023-11-02,3.312479811875504e-05,3.228839718620622e-05,2.8589555916945337e-05,0.005755414678262118,0.005614369417677797,0.005269416460635247,0.07586444937032179,0.07471320431276438,0.0723236449489652,2.38723742899614e-08,275,0.0009049609750919025,5.208425679298335e-06,1.6170440281541337e-05,0.004021248597331597,0.06341331561534688,0.0002266002887008752,2023,6.185718147697382e-05,-0.01691557255196796,3.646977048974943e-05,3.394167708635685e-05,3.302355694039081e-05,3.381001160818955e-05
2023-11-02,2023-11-06,1.6170440281541337e-05,2.5134798095298643e-05,2.8500870389857256e-05,0.004021248597331597,0.004977252622532663,0.005258703302009001,0.06341331561534688,0.07041725433221746,0.07224037679277903,2.6107841338252334e-09,275,0.0004283346657233641,1.7224401737285766e-06,1.4297176795002389e-05,0.0037811607734930274,0.06149114386229148,-0.007272543866330025,2023,6.185718147697382e-05,-0.01691557255196796,2.9285042447673477e-05,2.6038983672559704e-05,2.5137148899794794e-05,2.5689694666313558e-05
2023-11-06,2023-11-07,1.4297176795002389e-05,2.2103059032419176e-05,2.8249056408051227e-05,0.0037811607734930274,0.004648019492491131,0.005228124964809305,0.06149114386229148,0.0679814050219443,0.07200190936744855,1.2914915016503239e-09,275,0.0003203902538284848,1.211447059985741e-06,1.5242799755411407e-05,0.0039042028322580024,0.06248362051176294,-0.0019445622468876463,2023,6.185718147697382e-05,-0.01691557255196796,2.764199823768565e-05,2.4004634892750145e-05,2.299410609330031e-05,2.366967740458209e-05
2023-11-07,2023-11-08,1.5242799755411407e-05,2.076450156494547e-05,2.7603852269001032e-05,0.0039042028322580024,0.004492151201446872,0.005158969896911861,0.06248362051176294,0.06679084409405177,0.07149394804926218,1.2012118830302357e-09,275,0.00029925133853896086,1.1683379234808093e-06,2.442783494506034e-05,0.004942452320969858,0.07030257691557158,-0.009231090479063966,2023,6.185718147697382e-05,-0.01691557255196796,2.7353077885941586e-05,2.3635167733596533e-05,2.2588281376311456e-05,2.3396341657433404e-05
2023-11-08,2023-11-09,2.442783494506034e-05,2.0652609979154103e-05,2.6760216992874134e-05,0.004942452320969858,0.004480895840462921,0.005085603681619292,0.07030257691557158,0.06671102125505893,0.07100896184603021,4.598420102060169e-09,275,0.00046250932997959714,2.285930311427874e-06,1.8287044850250124e-05,0.004276335446413216,0.06539369576964753,0.004222752374671295,2023,6.185718147697382e-05,-0.01691557255196796,2.970343760058837e-05,2.625674418450193e-05,2.5169216981461582e-05,2.637721981923211e-05
2023-11-09,2023-11-13,1.8287044850250124e-05,1.7685059325453117e-05,2.5572687640718657e-05,0.004276335446413216,0.004185079994093141,0.0049770605336095656,0.06539369576964753,0.06461687053492408,0.07027071754926806,1.999767996303127e-09,275,0.00035251427292356895,1.5074692806696407e-06,1.1421307030350711e-05,0.0033795424291389966,0.05813383205276422,-0.006672379844299051,2023,6.185718147697382e-05,-0.01691557255196796,2.6883020948294924e-05,2.3213397764214733e-05,2.2186316987219785e-05,2.3156395052612225e-05
2023-11-13,2023-11-14,1.1421307030350711e-05,1.6735232675214993e-05,2.5172158400437907e-05,0.0033795424291389966,0.004056738760454621,0.004926216771670284,0.05813383205276422,0.06356097382240755,0.06986462288023255,7.02760784074994e-10,275,0.00026442622198945406,8.936396365902871e-07,1.5759249203087398e-05,0.00396979208562456,0.06300628608023616,0.01164002411542369,2023,6.185718147697382e-05,-0.01691557255196796,2.4672325617775754e-05,2.048192159249664e-05,1.9344638075891043e-05,2.0109571726445124e-05
2023-11-14,2023-11-15,1.5759249203087398e-05,1.7027647156831997e-05,2.470459827880374e-05,0.00396979208562456,0.004094465022880927,0.004874685218855014,0.06300628608023616,0.06386400226599649,0.06948133185066645,2.2244909838674013e-09,275,0.0004005034184244479,1.5899153007269548e-06,2.067160417438824e-05,0.0045466035866774486,0.06742850722563454,-0.0025240255883588374,2023,6.185718147697382e-05,-0.01691557255196796,2.5905971722639677e-05,2.202291473491293e-05,2.0937646154549672e-05,2.1815760440356606e-05
2023-11-15,2023-11-16,2.067160417438824e-05,1.8113408040627366e-05,2.4797233027966372e-05,0.0045466035866774486,0.0042229451737648156,0.004885136746554583,0.06742850722563454,0.06485297960877082,0.06955983810292792,6.5417058184951485e-09,275,0.0005996765670587343,2.726491630635661e-06,1.3417624801881042e-05,0.0036630076169564597,0.06052278593188238,0.011912746325634355,2023,6.185718147697382e-05,-0.01691557255196796,2.7625490948073726e-05,2.3997642327576972e-05,2.2918001184739355e-05,2.3867826156759527e-05
2023-11-16,2023-11-20,1.3417624801881042e-05,1.5911366011991505e-05,2.461114974212597e-05,0.0036630076169564597,0.003967056232962137,0.00486142485219661,0.06052278593188238,0.06289702141203296,0.06937046383263033,1.8778346909248453e-09,275,0.00039879483153712307,1.46078850552335e-06,2.2323272720474323e-05,0.004724751074974672,0.06873682473736092,0.003066567185772131,2023,6.185718147697382e-05,-0.01691557255196796,2.486050379965268e-05,2.0775428225418172e-05,1.9665023788228e-05,2.04582659629391e-05
2023-11-20,2023-11-21,2.2323272720474323e-05,1.6718611586036343e-05,2.5022160178918142e-05,0.004724751074974672,0.004056739358674428,0.004910535512457389,0.06873682473736092,0.06356564720557564,0.06975085700386309,1.073260708983196e-08,275,0.0007391496008255554,3.492297871067643e-06,1.7429989072747497e-05,0.004174923840352959,0.06461365057287012,0.0035624889194715535,2023,6.185718147697382e-05,-0.01691557255196796,2.7562840804044124e-05,2.3787036219266482e-05,2.2631752195696498e-05,2.3628127564110687e-05
2023-11-21,2023-11-22,1.7429989072747497e-05,1.79203479945157e-05,2.4908970187883755e-05,0.004174923840352959,0.00421581564091722,0.004897431976129119,0.06461365057287012,0.06486161090959683,0.06965115032475475,2.1183023401739446e-09,275,0.00037162427889531215,1.5515030616140155e-06,2.3676349862029215e-05,0.004865834960418326,0.06975553713088536,-0.0020477450561786114,2023,6.185718147697382e-05,-0.01691557255196796,2.669699135292526e-05,2.3031791170040052e-05,2.2010252300927415e-05,2.2919045304910243e-05
2023-11-22,2023-11-23,2.3676349862029215e-05,1.950376812630406e-05,2.48424880176331e-05,0.004865834960418326,0.0043950242158759725,0.004890702815011079,0.06975553713088536,0.06621146111972667,0.0696032778379042,1.09982778106061e-08,275,0.0007265468634960035,3.5352571287811352e-06,7.546158229040718e-06,0.002747027162050044,0.052412089846237235,-0.0007169806005960087,2023,6.185718147697382e-05,-0.01691557255196796,2.8946348239973652e-05,2.555436059457063e-05,2.4519154501716556e-05,2.54261969558822e-05
2023-11-23,2023-11-27,7.546158229040718e-06,1.687867893723456e-05,2.3801516726571743e-05,0.002747027162050044,0.004035108930950492,0.004764752788375991,0.052412089846237235,0.0632081776438472,0.06860915667691851,2.611265993649135e-10,245,0.00021008960836970458,5.771218606560347e-07,1.7500576894638893e-05,0.004183369084199826,0.06467896941201078,0.010685865105599287,2023,6.185718147697382e-05,-0.01691557255196796,2.359957918165861e-05,1.883758236094427e-05,1.7452403854495173e-05,1.8252504283411755e-05
2023-11-27,2023-11-28,1.7500576894638893e-05,1.7695269355786132e-05,2.318360007449752e-05,0.004183369084199826,0.0041391812243991655,0.004701439289197352,0.06467896941201078,0.06403941433987288,0.0681548189074671,2.146194818058355e-09,275,0.00037330778970888224,1.561684266359108e-06,1.3015771028522143e-05,0.003607737660712339,0.060064445895324295,0.01528515983172044,2023,6.185718147697382e-05,-0.01691557255196796,2.651536591071914e-05,2.2621897267110393e-05,2.1430651106008834e-05,2.2537855122995994e-05
2023-11-28,2023-11-29,1.3015771028522143e-05,1.583376901739569e-05,2.2178513654372905e-05,0.003607737660712339,0.003915778541546699,0.0045960246266298806,0.060064445895324295,0.06230493857146556,0.06738565262168697,1.0502257245225756e-09,275,0.0003028063929213256,1.0924460276467246e-06,2.7550945705240568e-05,0.005248899475627302,0.07244928899324894,-0.0008066772442011357,2023,6.185718147697382e-05,-0.01691557255196796,2.4559825144406856e-05,2.0290658396930532e-05,1.9053290555792132e-05,2.0038581211573827e-05
2023-11-29,2023-11-30,2.7550945705240568e-05,1.7857960343894304e-05,2.1909898622482598e-05,0.005248899475627302,0.004130573668601568,0.00457167900618934,0.07244928899324894,0.06387206625554132,0.06722171480135725,1.0687451690572408e-08,275,0.0006639379463610958,3.4849435385038233e-06,2.5020987907197478e-05,0.0050020983504123024,0.07072551414031787,-0.002144484152425526,2023,6.185718147697382e-05,-0.01691557255196796,2.9169365034290197e-05,2.5233914347001572e-05,2.3797733729737713e-05,2.5381475506007216e-05
2023-11-30,2023-12-04,2.5020987907197478e-05,1.8126887952927958e-05,2.114550541763158e-05,0.0050020983504123024,0.004157826346600363,0.0045050379266363605,0.07072551414031787,0.06406606165742781,0.06678082301169158,5.060680429471409e-09,275,0.0004794142007575506,2.3980769827735762e-06,0.00015137901601906088,0.012303618005247922,0.11092167509214744,-0.003879581158417146,2023,6.185718147697382e-05,-0.01691557255196796,2.854296438174834e-05,2.4658582504776294e-05,2.328164717876845e-05,2.4874696165596384e-05
2023-12-04,2023-12-05,0.00015137901601906088,4.6893459510932e-05,2.5665531794130747e-05,0.012303618005247922,0.006069144515239939,0.004736709991735935,0.11092167509214744,0.07576797870660987,0.06796394162869458,4.458096799096894e-07,275,0.0018293658687712636,2.2507818841200127e-05,4.793189532212557e-05,0.006923286453854526,0.08320628854752822,-0.005056158702420642,2023,6.185718147697382e-05,-0.01691557255196796,7.322940096427498e-05,5.9262921352639286e-05,5.153701651488341e-05,5.964130827121936e-05
2023-12-05,2023-12-06,4.793189532212557e-05,5.297972319642933e-05,2.6505351031072836e-05,0.006923286453854526,0.006617127989170879,0.004804708174924747,0.08320628854752822,0.07947344253371336,0.06839739154387053,2.9603951729136055e-08,275,0.0008377630594037382,5.8000736407096246e-06,2.6745522817700346e-05,0.005171607372732422,0.07191388859415421,0.0019959347132980265,2023,6.185718147697382e-05,-0.01691557255196796,4.796513003145206e-05,4.2551853739773477e-05,3.978356645161261e-05,4.3013766235600485e-05
2023-12-06,2023-12-07,2.6745522817700346e-05,5.572567355426496e-05,2.6723984473114667e-05,0.005171607372732422,0.006929901931574894,0.00482689286061807,0.07191388859415421,0.08184333107347933,0.06855545806400366,4.688030792488611e-09,275,0.00044630149929995064,2.3080961242411586e-06,2.36275151644555e-05,0.004860814249120769,0.06971953993767291,0.0026763452806889392,2023,6.185718147697382e-05,-0.01691557255196796,4.3351227981082965e-05,3.8404337021930885e-05,3.6315357580662184e-05,3.8423867284210196e-05
2023-12-07,2023-12-11,2.36275151644555e-05,5.494098744610795e-05,2.6662176395407324e-05,0.004860814249120769,0.006852284886273589,0.004820624002583123,0.06971953993767291,0.08129738126236412,0.06851081482887351,3.540869390881627e-09,275,0.00041267161008359094,2.0059200425019286e-06,2.3849858881339376e-05,0.00488363173072452,0.06988298598889804,-0.022832242082652672,2023,6.185718147697382e-05,-0.01691557255196796,4.222410356486028e-05,3.699828523006136e-05,3.48568703162656e-05,3.689103869473681e-05
2023-12-11,2023-12-12,2.3849858881339376e-05,5.4706761640936336e-05,2.6240588248252063e-05,0.00488363173072452,0.006828591562336032,0.004780997504967777,0.06988298598889804,0.08112887563208017,0.0682389301297179,2.89857245820654e-09,275,0.0003716274948105566,1.8148918256664962e-06,2.423603325306172e-05,0.004923010588355638,0.07016416883535098,-0.003708280325767412,2023,6.185718147697382e-05,-0.01691557255196796,4.216781292612262e-05,3.6918171922246656e-05,3.476073383404139e-05,3.687625840448332e-05
2023-12-12,2023-12-13,2.423603325306172e-05,2.92781650877365e-05,2.6607206110593902e-05,0.004923010588355638,0.0053524700789575755,0.004821986686377961,0.07016416883535098,0.07297737438072087,0.06854578709426354,4.165006895193059e-09,275,0.00044191196089076406,2.175537262586234e-06,2.8356927313381787e-05,0.00532512228154263,0.0729734354511464,0.026402733450954508,2023,6.185718147697382e-05,-0.01691557255196796,3.284697611763177e-05,2.990183858247954e-05,2.8919637763240987e-05,2.9972813120853615e-05
2023-12-13,2023-12-14,2.8356927313381787e-05,2.536317148598775e-05,2.724628567961115e-05,0.00532512228154263,0.005032837244495196,0.00489216675492567,0.0729734354511464,0.07093080376144452,0.0690677094392115,6.421166186868575e-09,275,0.0005072663266896989,2.7012552189315984e-06,4.311997435776665e-05,0.00656658011127304,0.08103443781055707,0.002708881136645281,2023,6.185718147697382e-05,-0.01691557255196796,3.2534305820120716e-05,2.9635237460564124e-05,2.8690906322430667e-05,2.9865249840886386e-05
2023-12-14,2023-12-18,4.311997435776665e-05,2.8638061794001007e-05,2.8513429979718205e-05,0.00656658011127304,0.00531183179220332,0.005013183903971808,0.08103443781055707,0.07275491360472508,0.0699109284073385,1.7370117736991053e-08,275,0.0006765825585803872,4.442833572808198e-06,1.3308670571491276e-05,0.003648105065851486,0.060399545245403016,-0.006205406706032947,2023,6.185718147697382e-05,-0.01691557255196796,3.777330852493145e-05,3.4744566299026076e-05,3.348119089865027e-05,3.536220728878091e-05
2023-12-18,2023-12-19,1.3308670571491276e-05,2.6574292875408164e-05,2.8008013417283252e-05,0.003648105065851486,0.005069289955549463,0.004954349937830064,0.060399545245403016,0.0708909146662711,0.06946079060414902,1.3123455805698181e-09,275,0.00033474602829974647,1.2211886816139701e-06,1.1825215962397648e-05,0.0034387811739623165,0.05864112186821051,0.008049674866712653,2023,6.185718147697382e-05,-0.01691557255196796,2.9023506232056508e-05,2.523814059353611e-05,2.407195296347309e-05,2.4805042818934393e-05
2023-12-19,2023-12-20,1.1825215962397648e-05,2.4169364291619818e-05,2.7714293922380862e-05,0.0034387811739623165,0.004780319844197021,0.004916279289082295,0.05864112186821051,0.0686425418421336,0.06915385542681098,1.5922784270189952e-09,275,0.00039116827872379644,1.3451421127266354e-06,1.933506978372383e-05,0.004397166108270624,0.06631113110383975,-0.0020554343450525873,2023,6.185718147697382e-05,-0.01691557255196796,2.771446858457186e-05,2.3472783315055345e-05,2.2149365614089325e-05,2.295605116628664e-05
2023-12-20,2023-12-21,1.933506978372383e-05,2.318917159775224e-05,2.8074010411170548e-05,0.004397166108270624,0.004675150948180019,0.004962534910861006,0.06631113110383975,0.06787193429583135,0.06952555083822351,2.6339165457274786e-09,275,0.0003934475064421981,1.7300540407112215e-06,2.591122092390269e-05,0.005090306564825216,0.07134638438509142,0.006500160082195472,2023,6.185718147697382e-05,-0.01691557255196796,2.937699813504693e-05,2.5551411445211533e-05,2.4313593502265386e-05,2.546781066437055e-05
2023-12-21,2023-12-26,2.591122092390269e-05,2.2700030319856417e-05,2.8535463671207603e-05,0.005090306564825216,0.004628187804836537,0.005013467387188309,0.07134638438509142,0.06754652408262034,0.06990464621571692,1.0535249612581442e-08,275,0.00067973109909462,3.460039676037204e-06,1.3151306474858832e-05,0.003626473007601026,0.060220204313843256,0.007887191225745261,2023,6.185718147697382e-05,-0.01691557255196796,3.097992003015212e-05,2.724927757743687e-05,2.594704199372693e-05,2.7221213941122755e-05
2023-12-26,2023-12-27,1.3151306474858832e-05,1.6706296743274856e-05,2.8193631957592636e-05,0.003626473007601026,0.004040166384102134,0.004971643269957562,0.060220204313843256,0.06338367738327759,0.06957699608336278,3.6018068105692132e-09,275,0.0005578718172115773,2.023107086819119e-06,1.9691628470926717e-05,0.004437525038907016,0.06661475091079315,0.00997971919015225,2023,6.185718147697382e-05,-0.01691557255196796,2.5327415735618213e-05,2.1035276986049214e-05,1.9844606367524173e-05,2.0587709259663155e-05
2023-12-27,2023-12-28,1.9691628470926717e-05,1.7982888323161945e-05,2.8478813942549253e-05,0.004437525038907016,0.0041980503787132405,0.005006848607318951,0.06661475091079315,0.06462671851635562,0.06985390358240418,3.594824718688283e-09,275,0.0004554667803152763,2.0211452420393998e-06,2.621440957085982e-05,0.005120000934654194,0.0715541818110877,-0.007958336262949877,2023,6.185718147697382e-05,-0.01691557255196796,2.7564952025421888e-05,2.3694335697703482e-05,2.2549080809107758e-05,2.362541715827287e-05
2023-12-28,2024-01-02,2.621440957085982e-05,2.0860727044854378e-05,2.8655683799384956e-05,0.005120000934654194,0.0045342943308516155,0.005024814510031656,0.0715541818110877,0.06720933050493105,0.06998196526757358,3.6692722279165834e-09,275,0.0003988215257069357,2.0419665843797223e-06,3.343251602159611e-05,0.005782085784697085,0.07604002751641457,-0.0024861623458702848,2024,5.513863621481717e-05,-0.016492754977755916,2.8274849513916258e-05,2.5385616097609563e-05,2.4422780008039316e-05,2.5742119304086635e-05
2024-01-02,2024-01-03,3.343251602159611e-05,2.368021629242883e-05,2.938307138796899e-05,0.005782085784697085,0.004811278266136908,0.005097867325683662,0.07604002751641457,0.06915510978744602,0.07050134603773468,2.3704244662883336e-08,275,0.0008976089902965619,5.190052183010055e-06,3.538343398665794e-05,0.00594839759823248,0.07712585557536772,-0.010584010999057068,2024,5.513863621481717e-05,-0.016492754977755916,3.1287667168469e-05,2.8391281636396082e-05,2.7274181757952524e-05,2.841797252677395e-05
2024-01-03,2024-01-04,3.538343398665794e-05,2.5574658904979883e-05,2.9915211575452112e-05,0.00594839759823248,0.00498289647281836,0.005147074718311579,0.07712585557536772,0.07031100402550128,0.07083636051248389,7.479412691276243e-09,275,0.0004901087123908602,2.9153614876586065e-06,1.7671354367827245e-05,0.004203731005645728,0.06483618592765716,0.0007290398518761071,2024,5.513863621481717e-05,-0.016492754977755916,3.256071154856399e-05,2.9680477328530045e-05,2.851093899748713e-05,3.0342559888735535e-05
2024-01-04,2024-01-08,1.7671354367827245e-05,2.6478668483573563e-05,3.037544776357878e-05,0.004203731005645728,0.005098348072427301,0.005213288529384109,0.06483618592765716,0.07123420034826407,0.07140109215254843,3.14361651573584e-09,275,0.00044961265525230343,1.8900506594148117e-06,3.0466990074112487e-05,0.005519691121259639,0.0742946237709004,-0.005753406933518417,2024,5.513863621481717e-05,-0.016492754977755916,2.832782523647788e-05,2.5726389858405034e-05,2.4985686979268026e-05,2.545294806000779e-05
2024-01-08,2024-01-09,3.0466990074112487e-05,2.8633740804210715e-05,3.0964830180827576e-05,0.005519691121259639,0.005314781288897825,0.005274030440159556,0.0742946237709004,0.07277017492028551,0.07183816735067977,7.2622429027033326e-09,275,0.0005204503126818866,2.872724969967012e-06,2.2062060054349897e-05,0.004697026724892024,0.06853485773598735,-0.0015112375472532513,2024,5.513863621481717e-05,-0.016492754977755916,3.253432037418381e-05,3.0221448323716053e-05,2.939816584514607e-05,3.0545600571185305e-05
2024-01-09,2024-01-10,2.2062060054349897e-05,2.7803270900908732e-05,3.137602513654702e-05,0.004697026724892024,0.005230186446945392,0.0053235435794404505,0.06853485773598735,0.07216631010526545,0.0722231860707099,3.2915021314689646e-09,275,0.00041174914216846606,1.9339967247166504e-06,1.955265009846605e-05,0.0044218378643349245,0.06649690116339953,0.001152098804119989,2024,5.513863621481717e-05,-0.016492754977755916,3.0084557751697274e-05,2.7716112150776388e-05,2.7009079213194145e-05,2.7712986998157166e-05
2024-01-10,2024-01-11,1.955265009846605e-05,2.5027297716282728e-05,3.101246624533e-05,0.0044218378643349245,0.004958136862872959,0.005285949869836251,0.06649690116339953,0.07025768483466242,0.07195262298753494,2.5267097598537826e-09,275,0.0003832070837702309,1.6944795928965724e-06,4.224118214824826e-05,0.006499321668316491,0.08061837053870843,0.0012491039261325425,2024,5.513863621481717e-05,-0.016492754977755916,2.8361101567587228e-05,2.578198606288408e-05,2.5049790569939415e-05,2.5697541341265398e-05
2024-01-11,2024-01-15,4.224118214824826e-05,2.6398847348600784e-05,3.179520234719594e-05,0.006499321668316491,0.005068321676889762,0.005354005475195532,0.08061837053870843,0.07095618782733057,0.07240229827837089,3.621317855314914e-08,275,0.0009870154595752586,6.414930963380839e-06,8.613350304068193e-06,0.002934850984985131,0.05417426496949572,0.007213096096054488,2024,5.513863621481717e-05,-0.016492754977755916,3.488402200542039e-05,3.190603483869034e-05,3.0643636007760425e-05,3.206275928022639e-05
2024-01-15,2024-01-16,8.613350304068193e-06,2.4587246535848977e-05,2.5305853905605363e-05,0.002934850984985131,0.004814545672757642,0.004928152428819951,0.05417426496949572,0.06882380363569829,0.06982287054552307,2.8615133435237056e-10,246,0.00020543256553399414,6.029139673054652e-07,5.264962558934297e-05,0.0072560061734636755,0.0851821939930152,-0.01176945119422155,2024,5.513863621481717e-05,-0.016492754977755916,2.4647222836197174e-05,2.1158845136489518e-05,2.00719955022917e-05,2.0515269514275432e-05
2024-01-16,2024-01-17,5.264962558934297e-05,2.9023773638895073e-05,2.552029619047888e-05,0.0072560061734636755,0.00516180868319845,0.004943276052438549,0.0851821939930152,0.07100131768012125,0.06991268442940884,4.339215707706485e-08,275,0.0009677577108611022,7.0220559244252316e-06,3.6470518591364094e-05,0.00603908259517653,0.0777115345053521,-0.008592661493670196,2024,5.513863621481717e-05,-0.016492754977755916,3.780300520882442e-05,3.386714023909637e-05,3.182058605653106e-05,3.4460123914000065e-05
2024-01-17,2024-01-18,3.6470518591364094e-05,3.190546534629791e-05,2.5962341452918142e-05,0.00603908259517653,0.005430219857255351,0.004982706744367827,0.0777115345053521,0.0728366530339942,0.07017621378900875,1.7922728919400068e-08,275,0.0007472910184845834,4.51295218326199e-06,1.2732149418738275e-05,0.003568213757433581,0.05973452734753646,0.006442754714760577,2024,5.513863621481717e-05,-0.016492754977755916,3.469762405852918e-05,3.1752225630435915e-05,3.032252740567147e-05,3.205908433775885e-05
2024-01-18,2024-01-22,1.2732149418738275e-05,3.054136521035236e-05,2.5467097555385538e-05,0.003568213757433581,0.005259495035875082,0.004923952176563863,0.05973452734753646,0.07148417827082158,0.06972234958036619,9.633538775897182e-10,275,0.00029322481806417984,1.0462888298375653e-06,2.1004825294435152e-05,0.00458310214750175,0.06769861259657949,0.00322068815122066,2024,5.513863621481717e-05,-0.016492754977755916,2.7938550966220807e-05,2.4426368403210762e-05,2.3155267567668503e-05,2.3969537248184966e-05
2024-01-22,2024-01-23,2.1004825294435152e-05,2.6294093839589737e-05,2.5337777846889887e-05,0.00458310214750175,0.004876251131712134,0.004910291740962829,0.06769861259657949,0.0689002266823958,0.06962305988071535,4.3911095005108175e-09,275,0.0004874008258011456,2.233807771423357e-06,1.656837264405319e-05,0.004070426592392152,0.06379989492461687,-0.001549772992943199,2024,5.513863621481717e-05,-0.016492754977755916,2.8514828737510662e-05,2.5324525523597048e-05,2.412378069396557e-05,2.52735066814259e-05
2024-01-23,2024-01-24,1.656837264405319e-05,2.7885098307586736e-05,2.4989247819207688e-05,0.004070426592392152,0.005103366253193537,0.004871537922964488,0.06379989492461687,0.07082535267342002,0.0693337747029547,1.4690526746596464e-09,275,0.00031742229046716425,1.2920441321355713e-06,3.2165353705356394e-05,0.005671450758435305,0.07530903503853509,-0.0043561653403204744,2024,5.513863621481717e-05,-0.016492754977755916,2.7901423431741116e-05,2.494650801054672e-05,2.39674078658046e-05,2.4763956549020758e-05
2024-01-24,2024-01-25,3.2165353705356394e-05,2.3788243930789416e-05,2.516235810975199e-05,0.005671450758435305,0.004786455170187864,0.004887280126459609,0.07530903503853509,0.068850720882524,0.06943993832056326,1.2998070138126489e-08,275,0.0006776476494682051,3.843245275528354e-06,1.565620954081039e-05,0.003956792835215206,0.06290304313159424,0.0027643699307489393,2024,5.513863621481717e-05,-0.016492754977755916,3.048164273802287e-05,2.7687391066683628e-05,2.6581956940555146e-05,2.7983551881904864e-05
2024-01-25,2024-01-29,1.565620954081039e-05,1.962538212067868e-05,2.3914005163526702e-05,0.003956792835215206,0.004369997218195599,0.004768653432093344,0.06290304313159424,0.06588902260777244,0.06861578401697405,1.2443391387765177e-09,275,0.00030052785526999,1.1891264645148887e-06,1.7854473492649906e-05,0.004225455418372073,0.06500350312384766,0.005210734246477836,2024,5.513863621481717e-05,-0.016492754977755916,2.4484795104331643e-05,2.1587534653697974e-05,2.0766927900290144e-05,2.146653322309301e-05
2024-01-29,2024-01-30,1.7854473492649906e-05,2.0649846935461008e-05,2.4120632569033917e-05,0.004225455418372073,0.004501445550383297,0.00479489662993519,0.06500350312384766,0.06694281776303466,0.06882505482963062,3.5321767262746947e-09,275,0.0004741397346201448,2.0034563107161876e-06,2.16821744136092e-05,0.004656412182529506,0.06823790869106047,0.0013525113275076283,2024,5.513863621481717e-05,-0.016492754977755916,2.5461693598496704e-05,2.2766081407892294e-05,2.1997111064923442e-05,2.2610896548306537e-05
2024-01-30,2024-01-31,2.16821744136092e-05,2.0785316759295814e-05,2.4568676134998073e-05,0.004656412182529506,0.004516107557388849,0.004850243493960971,0.06823790869106047,0.06705067698193086,0.06926127241248743,8.735028706260807e-09,275,0.0006766115629688445,3.1505823246484577e-06,4.376467492383023e-05,0.006615487504623543,0.0813356471949633,0.005484678497793681,2024,5.513863621481717e-05,-0.016492754977755916,2.656533284960844e-05,2.3931711609800174e-05,2.312996281950242e-05,2.3777760634737615e-05
2024-01-31,2024-02-01,4.376467492383023e-05,2.6224577215251228e-05,2.5679112732275635e-05,0.006615487504623543,0.005025119739835127,0.004951076284704286,0.0813356471949633,0.07055782743600017,0.06994420496208396,1.0906325554291571e-07,275,0.0016828137002667754,1.113263300672416e-05,3.384342526743473e-05,0.005817510229250545,0.07627260471001725,0.004554997326314869,2024,5.513863621481717e-05,-0.016492754977755916,3.4470821043463415e-05,3.1410900237323366e-05,3.002508113410838e-05,3.054080220458463e-05
2024-02-01,2024-02-05,3.384342526743473e-05,2.656019152766689e-05,2.603966747516346e-05,0.005817510229250545,0.005054331633998174,0.004984130996723618,0.07627260471001725,0.07075054137029659,0.07016812406776242,1.1276390233733631e-08,275,0.0006153278284926135,3.5796759365983044e-06,1.998517514036809e-05,0.004470478178044054,0.06686163457502407,-0.014097770237733127,2024,5.513863621481717e-05,-0.016492754977755916,3.204935405884507e-05,2.941063120188622e-05,2.8341899338455813e-05,2.98308498010758e-05
2024-02-05,2024-02-06,1.998517514036809e-05,2.7425984647578434e-05,2.6350297869050243e-05,0.004470478178044054,0.005157068702563944,0.005022494868107393,0.06686163457502407,0.07154225965898256,0.07047000726145246,6.859798642097216e-09,275,0.0006245401577245834,2.791993146419942e-06,8.808998090655777e-06,0.002967995635215082,0.05447931382841639,0.004392281156575914,2024,5.513863621481717e-05,-0.016492754977755916,2.878989903924659e-05,2.638777604655492e-05,2.564821106391219e-05,2.6090396027972825e-05
2024-02-06,2024-02-07,8.808998090655777e-06,2.5616889567179603e-05,2.5855632851765203e-05,0.002967995635215082,0.004905576745932546,0.004955698077030487,0.05447931382841639,0.06943742179989629,0.06991839648498079,3.8747667663018203e-10,275,0.00022357240009382022,6.635619076330184e-07,1.6412617081157885e-05,0.004051248829824932,0.06364942128428924,-0.0014750642663030867,2024,5.513863621481717e-05,-0.016492754977755916,2.514526340649347e-05,2.1621169900689287e-05,2.04977072545263e-05,2.0964151015239896e-05
2024-02-07,2024-02-08,1.6412617081157885e-05,2.4562978100689342e-05,2.541009682950602e-05,0.004051248829824932,0.004784544075391631,0.004907118435901883,0.06364942128428924,0.06851972431854206,0.06955908918830812,3.884141990005797e-09,275,0.0005185818279102343,2.100904023489811e-06,1.3490858512562566e-05,0.0036729904046379656,0.06060520113519932,0.00024599519215269305,2024,5.513863621481717e-05,-0.016492754977755916,2.6686483801912393e-05,2.3635207937449238e-05,2.2622348450825348e-05,2.3306694983498458e-05
2024-02-08,2024-02-12,1.3490858512562566e-05,1.8508214818435812e-05,2.450365785182268e-05,0.0036729904046379656,0.004196044655394516,0.004811250464081014,0.06060520113519932,0.06437363510658925,0.06885750617098017,8.739751755641e-10,275,0.0002713241297232314,9.965709250201755e-07,1.4116665182288647e-05,0.003757215083314854,0.06129612616890936,-0.00680684676917145,2024,5.513863621481717e-05,-0.016492754977755916,2.3579476845178136e-05,2.0330654691677953e-05,1.9379939852297254e-05,2.01083520816632e-05
2024-02-12,2024-02-13,1.4116665182288647e-05,1.4562862801406593e-05,2.3536986542533168e-05,0.003757215083314854,0.0037839856262073777,0.004711651258857486,0.06129612616890936,0.061378339398367676,0.06813797301614115,2.447879858405788e-09,275,0.0004439025667508821,1.667837419318593e-06,6.979429867576991e-05,0.008354298215635464,0.09140185017621616,-0.013257230665397187,2024,5.513863621481717e-05,-0.016492754977755916,2.2169221772650764e-05,1.8872624958287288e-05,1.7960153290202323e-05,1.8628079941285178e-05
2024-02-13,2024-02-14,6.979429867576991e-05,2.4524687508486953e-05,2.5906211283803288e-05,0.008354298215635464,0.00456074963372566,0.00490031340476611,0.09140185017621616,0.06628638251860611,0.06934550320925746,3.4661767850270475e-07,275,0.002375603982805752,1.9846504114610596e-05,1.485177406364915e-05,0.0038537999511714604,0.06207898155713784,-0.00016567775802974095,2024,5.513863621481717e-05,-0.016492754977755916,4.066472447212033e-05,3.4051468161416456e-05,3.066969938058901e-05,3.224491193854322e-05
2024-02-14,2024-02-15,1.485177406364915e-05,2.5733242703085628e-05,2.5196428737873133e-05,0.0038537999511714604,0.004737910496916934,0.004824591078853011,0.06207898155713784,0.06780631606435039,0.06879024674499552,1.5038258915980183e-09,275,0.00033920971028529763,1.3072463649343652e-06,1.4064394590849752e-05,0.0037502526036054893,0.06123930603464975,0.005816091271744602,2024,5.513863621481717e-05,-0.016492754977755916,2.668480303826748e-05,2.2866557141022696e-05,2.160129779791575e-05,2.260809149220889e-05
2024-02-15,2024-02-19,1.4064394590849752e-05,2.5263598205024004e-05,2.483289848953222e-05,0.0037502526036054893,0.004677711251673046,0.004781555891521806,0.06123930603464975,0.06732429301442248,0.06845863075857109,2.5276709164139625e-09,275,0.00045191671871835356,1.694801850986355e-06,6.13154176307899e-06,0.002476195017174332,0.04976138078042381,0.007879154778173011,2024,5.513863621481717e-05,-0.016492754977755916,2.6261667418993324e-05,2.2327587295378377e-05,2.1030367931015574e-05,2.1943073613958448e-05
2024-02-19,2024-02-20,6.13154176307899e-06,2.379173485512729e-05,2.4222848110650993e-05,0.002476195017174332,0.00443835217418032,0.0046931175802872325,0.04976138078042381,0.06515552894346739,0.06769792528661765,1.6459930760810413e-10,245,0.00018504234577241846,4.582009345679124e-07,8.913821424474663e-06,0.002985602355384029,0.05464066576629561,0.005599390533930464,2024,5.513863621481717e-05,-0.016492754977755916,2.357382451692342e-05,1.8464079801760623e-05,1.676853235637237e-05,1.7711306844847823e-05
2024-02-20,2024-02-21,8.913821424474663e-06,2.2751166103564493e-05,2.2707968077752186e-05,0.002985602355384029,0.004284029628594155,0.00453340306606303,0.05464066576629561,0.06382443686294463,0.06651712052423525,5.025436592072722e-10,275,0.00025311250273666485,7.556932843477331e-07,1.203072143535992e-05,0.0034685330379513354,0.058894253012932725,-0.0009951328374785476,2024,5.513863621481717e-05,-0.016492754977755916,2.3731149307304463e-05,1.8811968203052843e-05,1.7167863717730347e-05,1.8295953004365344e-05
2024-02-21,2024-02-22,1.203072143535992e-05,1.1198450655482495e-05,2.2863303129174537e-05,0.0034685330379513354,0.003306876593057329,0.004557661341197858,0.058894253012932725,0.057322917430287945,0.06673166543530057,8.897245490221924e-10,275,0.0002898949268090468,1.005510131171663e-06,1.3548592137021217e-05,0.0036808412268150357,0.06066993676290619,-0.0013464595432928104,2024,5.513863621481717e-05,-0.016492754977755916,2.0301333149295112e-05,1.6422362104005932e-05,1.532266050070936e-05,1.6228632968214316e-05
2024-02-22,2024-02-26,1.3548592137021217e-05,1.0937814270156907e-05,2.1085983426796278e-05,0.0036808412268150357,0.0032722848481860447,0.0043951538436229195,0.06066993676290619,0.057041108471441615,0.06561747192484108,1.3172452656794123e-09,275,0.0003323876680088391,1.2234662316918443e-06,1.0171557900279719e-05,0.0031892879926842164,0.05647378146258861,0.0037733826898126563,2024,5.513863621481717e-05,-0.016492754977755916,2.0384380520443863e-05,1.655357030942199e-05,1.5442422534955533e-05,1.6444578258483113e-05
2024-02-26,2024-02-27,1.0171557900279719e-05,1.0159246932042902e-05,1.9890576122656076e-05,0.0031892879926842164,0.0031600919260017894,0.004265617725327814,0.05647378146258861,0.056088003557029385,0.06465211951380635,8.656046179277044e-10,275,0.000310974450060671,9.917870796100755e-07,7.861723030444432e-06,0.0028038764292394255,0.052951642365836264,-0.001727253244350952,2024,5.513863621481717e-05,-0.016492754977755916,1.9069873778961207e-05,1.5070937330337518e-05,1.3983294661917767e-05,1.4793384234736371e-05
2024-02-27,2024-02-28,7.861723030444432e-06,1.050528318551599e-05,1.9669193105006358e-05,0.0028038764292394255,0.0032256282084148088,0.004230875119500806,0.052951642365836264,0.05672605587411188,0.06434380656009273,2.491706818148086e-10,275,0.00018977904832100372,5.321170003507523e-07,6.008924408262262e-06,0.002451310753099709,0.04951071351838619,0.0024350594680069555,2024,5.513863621481717e-05,-0.016492754977755916,1.8567686333988422e-05,1.4509247926256225e-05,1.3452674651459858e-05,1.4130726518510934e-05
2024-02-28,2024-02-29,6.008924408262262e-06,9.92430378227351e-06,1.8987561246543956e-05,0.002451310753099709,0.0031187698879579446,0.00413397551066435,0.04951071351838619,0.05570006542453,0.0635170838747203,1.873469573788363e-10,275,0.00018822773476940942,4.6140467027185325e-07,9.645961845132553e-06,0.0031057948813681424,0.05572965890231289,0.00506266200137751,2024,5.513863621481717e-05,-0.016492754977755916,1.778658999467579e-05,1.3423352550341414e-05,1.2274925821048861e-05,1.2930448529173483e-05
2024-02-29,2024-03-04,9.645961845132553e-06,9.447351864228038e-06,1.867290621022938e-05,0.0031057948813681424,0.0030462222566413058,0.004090128614708713,0.05572965890231289,0.05506714660240604,0.06315025496461557,8.646474284177303e-10,275,0.00031915776941792654,9.9123856660707e-07,2.0190772768193967e-05,0.004493414377530073,0.06703293502100346,0.03383654158510907,2024,5.513863621481717e-05,-0.016492754977755916,1.8521429996723318e-05,1.4364058470117969e-05,1.3227063468538875e-05,1.407948677137567e-05
2024-03-04,2024-03-05,2.0190772768193967e-05,1.0775787990462587e-05,1.8128607076722e-05,0.004493414377530073,0.0032087368867843137,0.0040365815064857475,0.06703293502100346,0.05633974625402549,0.06277406860018231,5.505777614788149e-09,275,0.0005566619366590984,2.5013127496077276e-06,4.7363071565855496e-05,0.006882083373939573,0.0829583231143179,0.004846496960422573,2024,5.513863621481717e-05,-0.016492754977755916,2.1697141705823087e-05,1.7598118481864683e-05,1.618951335775684e-05,1.771082389174409e-05
2024-03-05,2024-03-06,4.7363071565855496e-05,1.821409072357774e-05,1.956982807786041e-05,0.006882083373939573,0.003947295963035384,0.004169549258245947,0.0829583231143179,0.06163665458437134,0.06368567223576065,5.969855309026706e-08,275,0.0011967973997298125,8.236459486654656e-06,2.8572884570721694e-05,0.005345361032776149,0.07311197598735893,0.014974806905618972,2024,5.513863621481717e-05,-0.016492754977755916,3.1708888502716024e-05,2.6157090507470364e-05,2.3434076297888966e-05,2.6404153894668964e-05
2024-03-06,2024-03-07,2.8572884570721694e-05,2.2356323031633195e-05,2.005702858140913e-05,0.005345361032776149,0.004455592883742729,0.004220454058900678,0.07311197598735893,0.06566872130867588,0.06405423918410207,1.0944941015304748e-08,275,0.0006597635726178972,3.5266744919168843e-06,2.1414091627396617e-05,0.004627536237286167,0.06802599677539585,-0.00025487992023542666,2024,5.513863621481717e-05,-0.016492754977755916,2.8392628199999437e-05,2.452332916797813e-05,2.2791568878609058e-05,2.4784836866792253e-05
2024-03-07,2024-03-11,2.1414091627396617e-05,2.543735647546007e-05,2.0044843000217646e-05,0.004627536237286167,0.00489083798058002,0.004219141515935072,0.06802599677539585,0.0693717779600778,0.06404460682429913,3.0819492530161167e-09,275,0.00040440971254303553,1.871420599503379e-06,2.122288630152569e-05,0.004606830396435893,0.06787363550330786,0.009111207248143382,2024,5.513863621481717e-05,-0.016492754977755916,2.765951537553103e-05,2.4556728482693585e-05,2.3357660918958464e-05,2.468800246089878e-05
2024-03-11,2024-03-12,2.122288630152569e-05,2.775274136673869e-05,1.902021624465835e-05,0.004606830396435893,0.005191045083593571,0.00412783892010836,0.06787363550330786,0.07180057328027681,0.06343269720195116,7.206396303058183e-09,275,0.0006211772061315508,2.8616580347799527e-06,5.7020605501706405e-05,0.007551198944651532,0.08689763486224197,-0.008462654990061883,2024,5.513863621481717e-05,-0.016492754977755916,2.833878457582231e-05,2.5636666794132736e-05,2.46295078605171e-05,2.550976029263989e-05
2024-03-12,2024-03-13,5.7020605501706405e-05,3.5118707913441176e-05,2.0073724437125247e-05,0.007551198944651532,0.005802601997017863,0.004206642952626587,0.08689763486224197,0.07577351324852451,0.06391565311796137,3.985619960599731e-08,275,0.0008912318410396457,6.7298689374984145e-06,1.3563326227284475e-05,0.0036828421398811644,0.0606864246753849,0.006053385541320251,2024,5.513863621481717e-05,-0.016492754977755916,4.0527625036511806e-05,3.672602307675656e-05,3.4557904243466916e-05,3.765197828602754e-05
2024-03-13,2024-03-14,1.3563326227284475e-05,2.8358758845726974e-05,1.9781822213803263e-05,0.0036828421398811644,0.005162753750206181,0.004170841314528274,0.0606864246753849,0.0713191335607379,0.06363496175888686,1.2118439805928771e-09,275,0.00031863898876175357,1.1734970952209068e-06,2.2234638151199175e-05,0.004715361932153159,0.06866849300918988,-0.00353250573503974,2024,5.513863621481717e-05,-0.016492754977755916,2.6656297840971985e-05,2.330904687462915e-05,2.2142042984673955e-05,2.2995625401083062e-05
2024-03-14,2024-03-18,2.2234638151199175e-05,2.7091109561822473e-05,2.03920785801916e-05,0.004715361932153159,0.005036753930081583,0.0042502670552981864,0.06866849300918988,0.07043043696510409,0.06427992444892203,3.5151215825903746e-09,275,0.0004238515800478726,1.998613605440706e-06,1.5075094123992509e-05,0.003882665852734756,0.06231104117838793,-0.0014006432706753474,2024,5.513863621481717e-05,-0.016492754977755916,2.85261812808991e-05,2.5426138478479606e-05,2.4236918509737178e-05,2.556487956778836e-05
2024-03-18,2024-03-19,1.5075094123992509e-05,2.582331006114165e-05,2.0331282082138632e-05,0.003882665852734756,0.004887779853171301,0.004242604192703178,0.06231104117838793,0.06928744584570251,0.06421908898956287,2.523916611673073e-09,275,0.00043618040232319195,1.693542753732365e-06,1.4691811095127115e-05,0.0038329898375976832,0.061911144696231254,-0.0007822147454616069,2024,5.513863621481717e-05,-0.016492754977755916,2.6182487841017556e-05,2.2776686723356928e-05,2.1608797934403285e-05,2.2499153644704055e-05
2024-03-19,2024-03-20,1.4691811095127115e-05,2.4517095019861936e-05,2.0385870835891562e-05,0.0038329898375976832,0.004733011741403659,0.004249876894201347,0.061911144696231254,0.06809494768428719,0.06427845006051887,1.5180884724524014e-09,275,0.00034266483410692926,1.3134308268339558e-06,6.268495946591392e-05,0.007917383372422603,0.08897967954776306,0.01967624057311986,2024,5.513863621481717e-05,-0.016492754977755916,2.560720689686871e-05,2.2057385831127497e-05,2.0855236142715627e-05,2.1850766152017787e-05
2024-03-20,2024-03-21,6.268495946591392e-05,2.564996581270344e-05,2.2593520576056344e-05,0.007917383372422603,0.004806248626957873,0.004438975452797154,0.08897967954776306,0.0685113566213914,0.06553679339592132,7.107920899511678e-08,275,0.0011351370064891669,8.9873148605989e-06,5.7636955483788174e-05,0.007591900650284366,0.08713151353146785,-0.01324758212565139,2024,5.513863621481717e-05,-0.016492754977755916,3.8820113821747435e-05,3.325454797037575e-05,3.038593133904776e-05,3.3928846897851555e-05
2024-03-21,2024-03-25,5.7636955483788174e-05,3.4464691664004175e-05,2.2040914067329903e-05,0.007591900650284366,0.005588060329038513,0.004404321018008468,0.08713151353146785,0.073800374392608,0.06534268718479641,3.104902981293901e-08,275,0.0007824059868428127,5.93994852029833e-06,1.813491574929227e-05,0.004258510977946666,0.0652572676255041,-0.0015930035144174346,2024,5.513863621481717e-05,-0.016492754977755916,4.068730165816636e-05,3.609134077928435e-05,3.351126600099821e-05,3.725746685936577e-05
2024-03-25,2024-03-26,1.813491574929227e-05,3.36447471836228e-05,2.219014778031368e-05,0.004258510977946666,0.005496690138197214,0.004422716973770977,0.0652572676255041,0.07311812931587083,0.06548715473335849,1.4649881887442905e-09,275,0.0003029827857908077,1.2902555194190177e-06,3.1419445068791905e-05,0.00560530508257953,0.07486858541858213,0.0034083759716458015,2024,5.513863621481717e-05,-0.016492754977755916,3.0093571738950486e-05,2.6466144924064435e-05,2.501642313077855e-05,2.6400566905088697e-05
2024-03-26,2024-03-27,3.1419445068791905e-05,3.691361737258267e-05,2.297901371112923e-05,0.00560530508257953,0.0058412179841661705,0.004507037540997069,0.07486858541858213,0.07562963816390969,0.06610666743262815,2.2379295285997044e-08,275,0.0008996687015568194,5.042917545474166e-06,2.3972739600264194e-05,0.004896196442164488,0.06997282645544975,0.007807508396351846,2024,5.513863621481717e-05,-0.016492754977755916,3.4862931941185626e-05,3.174370905549849e-05,3.0219360800291187e-05,3.161925750806565e-05
2024-03-27,2024-04-01,2.3972739600264194e-05,3.8769803073610095e-05,2.3789977249183108e-05,0.004896196442164488,0.006053859305079531,0.00461703760576935,0.06997282645544975,0.07724197451575339,0.0670253695087657,6.752303092437956e-09,275,0.000565751604249604,2.7700309918757626e-06,7.152205077998496e-05,0.008457071052083279,0.09196233496428458,0.025535915724155697,2024,5.513863621481717e-05,-0.016492754977755916,3.3703256512463653e-05,3.0934536165342734e-05,2.9735024514039425e-05,3.083979474569483e-05
2024-04-01,2024-04-02,7.152205077998496e-05,4.05372213364243e-05,2.6635805856251756e-05,0.008457071052083279,0.0061617968410116655,0.004865740728346588,0.09196233496428458,0.07783850559905768,0.0687218090177652,1.1097773547770372e-07,275,0.0013278732249736554,1.1229918211761167e-05,4.971110464544452e-05,0.007050610232132004,0.08396791191956607,0.01477276801175607,2024,5.513863621481717e-05,-0.016492754977755916,4.7112332050035483e-05,4.257135864802108e-05,3.989526261694189e-05,4.28438075014492e-05
2024-04-02,2024-04-03,4.971110464544452e-05,3.895205116875557e-05,2.8348550547619243e-05,0.007050610232132004,0.006053538757381193,0.005028562418991164,0.08396791191956607,0.07720578527667732,0.06986152078624853,1.5173765172414104e-08,275,0.0005889502850963125,4.152458906317122e-06,3.0286985087785812e-05,0.005503361253614541,0.07418464297692981,0.0061339175426509225,2024,5.513863621481717e-05,-0.016492754977755916,4.10442276399973e-05,3.785319092757943e-05,3.6099237441184364e-05,3.896463522686875e-05
2024-04-03,2024-04-04,3.0286985087785812e-05,4.138246503645428e-05,2.9109386590835812e-05,0.005503361253614541,0.006302508812514767,0.005111404238391142,0.07418464297692981,0.07899126034696247,0.07047582561415869,5.287148210240055e-09,275,0.0004453909461037545,2.451147275498125e-06,6.940636365571157e-05,0.008331048172691811,0.09127457571904572,-0.00977257284049148,2024,5.513863621481717e-05,-0.016492754977755916,3.696436430265795e-05,3.46173257486309e-05,3.354956074467116e-05,3.4942472961140276e-05
2024-04-04,2024-04-08,6.940636365571157e-05,4.8979848753838214e-05,3.180187776153726e-05,0.008331048172691811,0.006847657430537224,0.005345120610209669,0.09127457571904572,0.08227245840705519,0.0720576798985431,4.9874013604050185e-08,275,0.0009036415210586918,7.5282810427844635e-06,7.314567277309994e-05,0.008552524350921192,0.09247985916361028,0.02908714473259366,2024,5.513863621481717e-05,-0.016492754977755916,5.0305536558287574e-05,4.6853457151007255e-05,4.46569222514987e-05,4.797135024927648e-05
2024-04-08,2024-04-09,7.314567277309994e-05,5.8814435388405365e-05,3.476933002256706e-05,0.008552524350921192,0.0075789230122885656,0.0056064227884679305,0.09247985916361028,0.0867738649486873,0.07385441702571463,5.822034017649581e-08,275,0.000951046417276784,8.133847642616052e-06,6.508295173368623e-05,0.00806740055616964,0.08981870938824295,0.003173185424440286,2024,5.513863621481717e-05,-0.016492754977755916,5.527199581109345e-05,5.242922530122675e-05,5.0396519371956395e-05,5.344392684836497e-05
2024-04-09,2024-04-10,6.508295173368623e-05,5.752661557914562e-05,3.7454513082813606e-05,0.00806740055616964,0.0075009889131058384,0.005861699597698383,0.08981870938824295,0.08634513983347897,0.07568659865616269,6.693573475478036e-08,275,0.0010810706098340187,8.721429639033616e-06,0.0001756035311139489,0.013251548253466418,0.11511536931907233,-0.003203078023398376,2024,5.513863621481717e-05,-0.016492754977755916,5.3020367960674826e-05,5.073084305828031e-05,4.914504134543197e-05,5.1085009957194184e-05
2024-04-10,2024-04-11,0.0001756035311139489,8.270510087284648e-05,4.499803895866889e-05,0.013251548253466418,0.00874117651737272,0.006322870205521031,0.11511536931907233,0.09257463131338022,0.07838594912965174,1.1314412100542913e-06,275,0.002705876918167347,3.58570585490356e-05,4.581570720376207e-05,0.00676873010274173,0.08227229243640735,0.017042603325443696,2024,5.513863621481717e-05,-0.016492754977755916,9.207462361975699e-05,8.081903791578238e-05,7.393341983946467e-05,7.596636144295961e-05
2024-04-11,2024-04-15,4.581570720376207e-05,8.581084529604175e-05,4.616280870574016e-05,0.00676873010274173,0.00899425028719816,0.006426293647576107,0.08227229243640735,0.09419216120527574,0.07907864719398829,1.3319461281085127e-08,275,0.0005747709321284775,3.89046931047895e-06,0.000110840128342875,0.010528063845877598,0.10260635382800423,0.0016217612012929998,2024,5.513863621481717e-05,-0.016492754977755916,5.948995798207774e-05,5.6257104751626305e-05,5.443836635995306e-05,5.665992084789092e-05
2024-04-15,2024-04-16,0.000110840128342875,9.409759823347443e-05,4.9048129468331965e-05,0.010528063845877598,0.009433653421835317,0.006592020032664198,0.10260635382800423,0.09645851682706744,0.07997173949915584,2.748811120116066e-07,275,0.0016787367716074952,1.767384791190615e-05,8.355488319820676e-05,0.009140836022936126,0.0956077194735662,-0.002675048601014471,2024,5.513863621481717e-05,-0.016492754977755916,7.986982632991006e-05,7.464342017066799e-05,7.08528386403041e-05,7.374325482258427e-05
2024-04-16,2024-04-17,8.355488319820676e-05,9.617944031849578e-05,5.1547311224126744e-05,0.009140836022936126,0.009551315756238302,0.006764541623126016,0.0956077194735662,0.09708408888905859,0.08099427329398345,4.645031348843931e-08,275,0.0007948168588995458,7.265290575465909e-06,6.929742885626753e-05,0.008324507724560505,0.09123874026180165,-0.002888627923596108,2024,5.513863621481717e-05,-0.016492754977755916,7.382190452774322e-05,7.002154862025102e-05,6.721455279003428e-05,7.151084923883634e-05
2024-04-17,2024-04-18,6.929742885626753e-05,9.702233574301204e-05,5.372382655271179e-05,0.008324507724560505,0.009602737189916475,0.006932585781638486,0.09123874026180165,0.09736809506377035,0.08204939799791099,6.374209103276702e-08,275,0.0010223821452037358,8.510828065201238e-06,8.7474318813164e-05,0.00935277064901968,0.09670972365289687,0.00695293785680566,2024,5.513863621481717e-05,-0.016492754977755916,7.067756065704104e-05,6.739717481619359e-05,6.506413946712444e-05,6.752827395256602e-05
2024-04-18,2024-04-22,8.7474318813164e-05,7.939649328285507e-05,5.67352553032408e-05,0.00935277064901968,0.008822981669027128,0.007148310338574113,0.09670972365289687,0.09368696593053527,0.08336012927743776,9.450291734388716e-08,275,0.0011080031296837522,1.0362899150328144e-05,0.0001383585439742606,0.011762590869968257,0.10845547874574275,-0.037847636909805686,2024,5.513863621481717e-05,-0.016492754977755916,6.928617272040306e-05,6.672567075904345e-05,6.469083300164045e-05,6.734343286741766e-05
2024-04-22,2024-04-23,0.0001383585439742606,9.790506063695479e-05,6.043243432472052e-05,0.011762590869968257,0.009821753822472435,0.007339737244270328,0.10845547874574275,0.09892360319240233,0.08434003127214235,2.9849960793906687e-07,275,0.0015657685115825937,1.8417494398825204e-05,4.3249223964477625e-05,0.00657641421783008,0.08109509367298419,0.010940339998898728,2024,5.513863621481717e-05,-0.016492754977755916,8.984597615409995e-05,8.482073153534062e-05,8.090156528736538e-05,8.472256521391589e-05
2024-04-23,2024-04-24,4.3249223964477625e-05,8.43868797612753e-05,6.178179331277476e-05,0.00657641421783008,0.00903142389686293,0.0074712632478134595,0.08109509367298419,0.09462135116139833,0.08526769804476049,1.0546455979637492e-08,275,0.0005264083584135971,3.461879412655773e-06,6.655119229855232e-05,0.008157891412525195,0.09032104634317073,-0.006325832036825193,2024,5.513863621481717e-05,-0.016492754977755916,6.0201203399448084e-05,5.7917715208526295e-05,5.662386969369446e-05,5.810434789663399e-05
2024-04-24,2024-04-25,6.655119229855232e-05,8.098614158134441e-05,6.379618213765444e-05,0.008157891412525195,0.008834834974780744,0.007627741860557644,0.09032104634317073,0.09356401653531923,0.08625190501448689,8.297182209553786e-08,275,0.0011902715616599199,9.710106151438414e-06,5.077955704735827e-05,0.007125977620464316,0.0844155058058904,0.009225433462530247,2024,5.513863621481717e-05,-0.016492754977755916,6.527387389768215e-05,6.30774082589102e-05,6.157006044750236e-05,6.264456639225744e-05
2024-04-25,2024-04-29,5.077955704735827e-05,7.728256721956256e-05,6.54191122705347e-05,0.007125977620464316,0.008595128953961504,0.007775165122727168,0.0844155058058904,0.09219936964413698,0.0872566534066461,3.679371023185786e-08,275,0.0009074046525714164,6.466145246929111e-06,3.9286306877253375e-05,0.006267878977553203,0.0791699373345287,-0.002349906741737631,2024,5.513863621481717e-05,-0.016492754977755916,5.998941536208095e-05,5.7850378336310214e-05,5.667772758871661e-05,5.7573418446082843e-05
2024-04-29,2024-04-30,3.9286306877253375e-05,6.764496483238043e-05,6.653704389699498e-05,0.006267878977553203,0.00797815061966821,0.007885841901816057,0.0791699373345287,0.08869141238046337,0.08804114398111416,1.5948005293431043e-08,275,0.0006791899439313953,4.257080371333131e-06,5.178891860959791e-05,0.00719645180693916,0.08483190323775107,-0.019521646366309493,2024,5.513863621481717e-05,-0.016492754977755916,5.357062135823931e-05,5.112794048189606e-05,5.012137448129154e-05,5.089521642498787e-05
2024-04-30,2024-05-01,5.178891860959791e-05,5.03310397594479e-05,6.6041769312617e-05,0.00719645180693916,0.00706492280706239,0.007853072285203173,0.08483190323775107,0.08396669727886502,0.08785260869429544,1.665764558648389e-08,275,0.0006045706383960714,4.35076346310777e-06,4.860842523469246e-05,0.006971974270943092,0.08349834891147903,0.015365821637514173,2024,5.513863621481717e-05,-0.016492754977755916,5.038539128979592e-05,4.8931573876485486e-05,4.8322864114593474e-05,4.964100486675287e-05
2024-05-01,2024-05-02,4.860842523469246e-05,5.1402880013490864e-05,6.563138157402174e-05,0.006971974270943092,0.007144034817684994,0.007824893813414934,0.08349834891147903,0.084447348326564,0.08768746484793231,2.819983898682736e-08,275,0.0008119442348801911,5.660854315025268e-06,5.0951412723583615e-05,0.00713802582816731,0.0844868381948769,-0.007390616124653137,2024,5.513863621481717e-05,-0.016492754977755916,4.990068260671581e-05,4.8561245129678205e-05,4.8030824967169975e-05,4.865947750250527e-05
2024-05-02,2024-05-06,5.0951412723583615e-05,4.828292409849712e-05,6.71230405273986e-05,0.00713802582816731,0.006940061700813416,0.007955780852061323,0.0844868381948769,0.08328050669690523,0.08856153623744926,1.619227633228197e-08,275,0.0006009446902339376,4.2895587201898495e-06,3.381739021386709e-05,0.005815272153035238,0.07625793173850992,0.00972446574855971,2024,5.513863621481717e-05,-0.016492754977755916,4.9543163743837645e-05,4.8197492545799786e-05,4.769715586666813e-05,4.887504441719328e-05
2024-05-06,2024-05-07,3.381739021386709e-05,4.489049073179889e-05,6.723203803399294e-05,0.005815272153035238,0.006677920607327602,0.007965324809809311,0.07625793173850992,0.08164899188342914,0.08862468834290052,1.4073806344143394e-08,275,0.0006876926852818404,3.9991201225655126e-06,2.8497094530578283e-05,0.005338266996936204,0.07306344501141597,-0.0034035627481909,2024,5.513863621481717e-05,-0.016492754977755916,4.383314770702666e-05,4.232730602714311e-05,4.197416076116799e-05,4.2018829811280904e-05
2024-05-07,2024-05-08,2.8497094530578283e-05,4.2732648262463875e-05,6.743769053082539e-05,0.005338266996936204,0.0064919982112042005,0.007985418925935298,0.07306344501141597,0.08042769341880658,0.08876517100453536,8.994728238423325e-09,275,0.0005988973557370815,3.1970739886836237e-06,2.4342516331843443e-05,0.004933813568817071,0.0702411102476112,-0.0020348551990155804,2024,5.513863621481717e-05,-0.016492754977755916,4.167362143175396e-05,3.984944698644809e-05,3.942172699358952e-05,3.942732318773311e-05
2024-05-08,2024-05-09,2.4342516331843443e-05,3.724336780691298e-05,6.529316623772806e-05,0.004933813568817071,0.0060394705635797834,0.007825270858514106,0.0702411102476112,0.0775095348207786,0.08777784260832293,6.058701624525551e-09,275,0.0005318212806191983,2.6239070505046715e-06,3.335047034209505e-05,0.005774986609689675,0.0759933326660285,0.017621856494862018,2024,5.513863621481717e-05,-0.016492754977755916,3.830237786012692e-05,3.601822504263136e-05,3.545315402262196e-05,3.555611688170186e-05
2024-05-09,2024-05-13,3.335047034209505e-05,3.4191776828393494e-05,6.454950104212127e-05,0.005774986609689675,0.0058000730313291,0.00776728796658491,0.0759933326660285,0.07600853157168849,0.08741536173316213,3.3518033941990294e-08,275,0.0010686782006397192,6.171602298761634e-06,3.302981201987588e-05,0.0057471568640394596,0.07581000503917316,-0.004381777383950818,2024,5.513863621481717e-05,-0.016492754977755916,3.943669900245199e-05,3.7240210952047886e-05,3.6626480262969955e-05,3.649452383639124e-05
2024-05-13,2024-05-14,3.302981201987588e-05,3.060745668765195e-05,6.467417499357989e-05,0.0057471568640394596,0.0055218992385035305,0.007778369585240588,0.07581000503917316,0.07427316494054775,0.08748924182690046,1.5816558256850707e-08,275,0.0007376691233696584,4.239500165763903e-06,2.246375631120081e-05,0.004739594530252647,0.06884471316123444,0.007313465256073139,2024,5.513863621481717e-05,-0.016492754977755916,3.804583624104423e-05,3.5771479068148765e-05,3.5169024550142364e-05,3.5566093798388556e-05
2024-05-14,2024-05-15,2.246375631120081e-05,2.8336729907118688e-05,6.254042011428394e-05,0.004739594530252647,0.005306763713947012,0.007615121692402443,0.06884471316123444,0.07279052122509266,0.08646970261972724,4.390776663317807e-09,275,0.000471289916576687,2.233723110770092e-06,4.0165729023190976e-05,0.006337643806904185,0.07960931984952632,0.011939011747183894,2024,5.513863621481717e-05,-0.016492754977755916,3.4190056208685814e-05,3.157085729084206e-05,3.095430264181139e-05,3.1225630607072244e-05
2024-05-15,2024-05-16,4.0165729023190976e-05,3.0670456805641236e-05,6.104133176201536e-05,0.006337643806904185,0.005506639075940607,0.007514445304038034,0.07960931984952632,0.07409969619271473,0.08588467810545068,1.7182118452826182e-08,275,0.0006972189641719027,4.41872545034021e-06,3.648998491172664e-05,0.006040694075329973,0.07772190215975143,-0.004552456025199511,2024,5.513863621481717e-05,-0.016492754977755916,3.948803023219475e-05,3.7030095387686935e-05,3.621340203627392e-05,3.7255853992630045e-05
2024-05-16,2024-05-20,3.648998491172664e-05,3.309995052161787e-05,5.97416514519263e-05,0.006040694075329973,0.005728015177243188,0.007422322282181687,0.07772190215975143,0.07559585457514277,0.08533482323142834,1.5970030035619843e-08,275,0.000705220110632725,4.26001894410265e-06,8.819357139333362e-05,0.009391143242083662,0.09690791114291784,0.015034057340839012,2024,5.513863621481717e-05,-0.016492754977755916,3.926641418327344e-05,3.7105522693263114e-05,3.645316024908481e-05,3.712988661192959e-05
2024-05-20,2024-05-21,8.819357139333362e-05,4.406857073186559e-05,5.57684714646256e-05,0.009391143242083662,0.006451246503721986,0.007246849327118834,0.09690791114291784,0.07977877027052063,0.08450721149614858,5.061884102590749e-08,275,0.0008075999766666118,7.584287063179574e-06,3.5694676473908886e-05,0.005974502194652613,0.07729490406652054,0.0001325830233325996,2024,5.513863621481717e-05,-0.016492754977755916,5.632205798040435e-05,5.1857442578139666e-05,4.9450536554509443e-05,5.373354731977814e-05
2024-05-21,2024-05-22,3.5694676473908886e-05,4.460154362267219e-05,5.530842461326864e-05,0.005974502194652613,0.006496715569844616,0.00721074805856933,0.07729490406652054,0.08007575007599013,0.08428096657024464,8.15651639317372e-09,275,0.0005095763874390052,3.044465245097487e-06,7.359932337165409e-05,0.00857900480077113,0.09262291725470069,-0.01742740601085159,2024,5.513863621481717e-05,-0.016492754977755916,4.27611209003025e-05,4.0541099341027094e-05,3.9726227818749724e-05,4.076831744643856e-05
2024-05-22,2024-05-23,7.359932337165409e-05,5.4828657034762843e-05,5.361566075094042e-05,0.00857900480077113,0.0072645976239483125,0.007122154465609944,0.09262291725470069,0.08483139089468336,0.08382717399873084,7.001726084647911e-08,275,0.0010397389449320934,8.919925400121138e-06,9.425511672033628e-05,0.009708507440401757,0.09853175853704102,-0.017805230916809474,2024,5.513863621481717e-05,-0.016492754977755916,5.6220221381401547e-05,5.3615578261357934e-05,5.208817519125312e-05,5.421591482749333e-05
2024-05-23,2024-05-27,9.425511672033628e-05,6.56465345741919e-05,5.41020350019463e-05,0.009708507440401757,0.007938770350647826,0.007147957711858382,0.09853175853704102,0.0886158786321863,0.08396008486525242,9.711009810190602e-08,275,0.0010820277340803475,1.0504874307040106e-05,1.0502313430677466e-05,0.00324072729964702,0.05692738620072961,0.008680691978313807,2024,5.513863621481717e-05,-0.016492754977755916,6.566156718183929e-05,6.221486676540547e-05,5.9952028049391346e-05,6.328127984785307e-05
2024-05-27,2024-05-28,1.0502313430677466e-05,6.044900027798207e-05,5.142952975532857e-05,0.00324072729964702,0.007378776995511237,0.006916876783453224,0.05692738620072961,0.08445697544038194,0.08240047786247641,5.021905154274412e-10,245,0.0002469640474727564,8.003431306762842e-07,2.6407974606046704e-05,0.005138869000669963,0.07168590517437834,0.003053567646301138,2024,5.513863621481717e-05,-0.016492754977755916,4.155958078704431e-05,3.62034084595934e-05,3.384408398178431e-05,3.4901458492161714e-05
2024-05-28,2024-05-29,2.6407974606046704e-05,4.809188092052469e-05,4.865378683682323e-05,0.005138869000669963,0.006528322147228496,0.006725335799437327,0.07168590517437834,0.07941257424667404,0.0812630315679983,6.1820064869094424e-09,275,0.0005157697241149935,2.650473046738639e-06,3.456032351093796e-05,0.005878802897779272,0.07667335194041847,-0.010130874971931622,2024,5.513863621481717e-05,-0.016492754977755916,4.0812902714334817e-05,3.7294798603381e-05,3.5779953429155156e-05,3.704905144300249e-05
2024-05-29,2024-05-30,3.456032351093796e-05,4.78650103279305e-05,4.393568590667222e-05,0.005878802897779272,0.006509182287853828,0.006457890891610557,0.07667335194041847,0.07928826382145363,0.07981838944048357,1.4023456165451699e-08,275,0.0006790430287907439,3.991960125371839e-06,3.146982688406688e-05,0.00560979740133874,0.07489858076985664,0.003993032580877077,2024,5.513863621481717e-05,-0.016492754977755916,4.228096181752455e-05,3.901569100535102e-05,3.7450521720038884e-05,3.900591875924058e-05
2024-05-30,2024-06-03,3.146982688406688e-05,3.943911103041305e-05,4.340025876665355e-05,0.00560979740133874,0.005915340807967349,0.006413953763588223,0.07489858076985664,0.07574339652448481,0.07953672976306866,6.411975705336199e-09,275,0.0004811798374201508,2.6993214015361593e-06,2.6694648223415258e-05,0.005166686387174594,0.07187966602019373,0.000852962168655346,2024,5.513863621481717e-05,-0.016492754977755916,3.8300398536636224e-05,3.511217381215644e-05,3.377178550935223e-05,3.5335448249339515e-05
2024-06-03,2024-06-04,2.6694648223415258e-05,2.5927017331028855e-05,4.158859767232914e-05,0.005166686387174594,0.005006976597321917,0.006277989898799559,0.07187966602019373,0.07041297802111536,0.07869848520293335,8.831590185430154e-09,275,0.000613148989580358,3.1679485377746925e-06,3.779418767782772e-05,0.006147697754267667,0.07840725575013875,-0.0036258417956893502,2024,5.513863621481717e-05,-0.016492754977755916,3.1847892555365726e-05,2.9352478171069617e-05,2.8532788920748865e-05,2.9282604712828926e-05
2024-06-04,2024-06-05,3.779418767782772e-05,3.13853921804589e-05,4.099835361007774e-05,0.006147697754267667,0.0055883706882460474,0.006233522632154256,0.07840725575013875,0.07470895193099718,0.07842538292767191,1.3234440144046073e-08,275,0.0006308105430419495,3.87803255882736e-06,2.853591123943197e-05,0.005341901462909249,0.07308831276551161,0.01324783870082258,2024,5.513863621481717e-05,-0.016492754977755916,3.6686464906551605e-05,3.4786550055808636e-05,3.412451758079417e-05,3.516539367330451e-05
2024-06-05,2024-06-06,2.853591123943197e-05,3.181097950713596e-05,4.0509699262904045e-05,0.005341901462909249,0.005628977180693904,0.006191432745124985,0.07308831276551161,0.07498943344922385,0.07814894544726203,1.0406596948074256e-08,275,0.0006437498760536134,3.438848404638445e-06,2.7806814408118083e-05,0.0052732167040733385,0.0726169174784591,0.004957196141704722,2024,5.513863621481717e-05,-0.016492754977755916,3.436756607617086e-05,3.259523823893195e-05,3.21045316063861e-05,3.2502160352923046e-05
2024-06-06,2024-06-10,2.7806814408118083e-05,3.0460277686571982e-05,3.941960361738224e-05,0.0052732167040733385,0.005507859941952718,0.006104012967721993,0.0726169174784591,0.07417814655683197,0.07759371882183969,4.3875817397736885e-09,275,0.00042344367968584517,2.232910284953679e-06,3.0331802646157063e-05,0.005507431583429527,0.07421207168264154,-0.03262860758302937,2024,5.513863621481717e-05,-0.016492754977755916,3.3545902748560114e-05,3.169368757938773e-05,3.118263128581059e-05,3.188176973618716e-05
2024-06-10,2024-06-11,3.0331802646157063e-05,3.0232672838990017e-05,3.858884804517608e-05,0.005507431583429527,0.005487386778370875,0.006037442845562286,0.07421207168264154,0.07404084473938895,0.07717161531143797,5.1259738585697514e-09,275,0.00043822560235231916,2.4134975230625914e-06,1.949388775044776e-05,0.004415188302943348,0.06644688332001245,0.004456586063599283,2024,5.513863621481717e-05,-0.016492754977755916,3.4019514450891284e-05,3.21517485215026e-05,3.1597736039143746e-05,3.2472072105321026e-05
2024-06-11,2024-06-12,1.949388775044776e-05,2.879252074439652e-05,3.7158960546397175e-05,0.004415188302943348,0.005337087161524626,0.005913677503506651,0.06644688332001245,0.07295428819935271,0.0763516173625805,2.4201779654244116e-09,275,0.0003756064874122422,1.6583733697321695e-06,6.510756945706825e-05,0.008068926165052464,0.08982720169888664,0.00011235269980781835,2024,5.513863621481717e-05,-0.016492754977755916,3.0485126428524263e-05,2.8297516050320393e-05,2.7738180842571625e-05,2.8090071477915164e-05
2024-06-12,2024-06-13,6.510756945706825e-05,3.425519710024463e-05,3.858124142108814e-05,0.008068926165052464,0.0057213328436815855,0.006016116322234708,0.08982720169888664,0.07523827738910226,0.07696840236077944,6.240711095633882e-08,275,0.0010436622174816248,8.421233374114156e-06,4.504677059103864e-05,0.006711689101190447,0.08192489915276337,-0.0037922493268627714,2024,5.513863621481717e-05,-0.016492754977755916,4.4578599645728694e-05,4.0971019499515044e-05,3.914025531049546e-05,4.1631230822322276e-05
2024-06-13,2024-06-17,4.504677059103864e-05,3.755736897056596e-05,3.933349942383634e-05,0.006711689101190447,0.005995290371337825,0.006078544599700809,0.08192489915276337,0.07700559466655262,0.0773711957308407,1.8206416596128138e-08,275,0.000677702473905528,4.548528307961536e-06,2.918477574328067e-05,0.005402293563226703,0.07350029634788355,0.008172585080497664,2024,5.513863621481717e-05,-0.016492754977755916,4.0653150568224574e-05,3.827696524784628e-05,3.718114365161171e-05,3.888472248480329e-05
2024-06-17,2024-06-18,2.918477574328067e-05,3.7832961237598476e-05,3.955360212435621e-05,0.005402293563226703,0.006021105743168499,0.006099839144901246,0.07350029634788355,0.0771822704404375,0.07751934055358034,7.92646655309098e-09,275,0.0005555463509986195,3.0012244760739244e-06,2.0379971240555316e-05,0.004514418150831325,0.06718941993224324,0.0016334328158313133,2024,5.513863621481717e-05,-0.016492754977755916,3.6641951109705646e-05,3.4521354740678256e-05,3.3762653861437514e-05,3.4539281987016246e-05
2024-06-18,2024-06-19,2.0379971240555316e-05,3.584259495647813e-05,3.896403398337713e-05,0.004514418150831325,0.005822503056648857,0.006042540578589503,0.06718941993224324,0.07577774009035784,0.07711916270204465,3.056080140202818e-09,275,0.00041279958293905195,1.863549929875657e-06,1.3235225083856568e-05,0.003638024887745625,0.06031604171151838,0.0024279487461987305,2024,5.513863621481717e-05,-0.016492754977755916,3.3537746376552876e-05,3.096229670874484e-05,3.0129707797502895e-05,3.068202132003778e-05
2024-06-19,2024-06-20,1.3235225083856568e-05,3.459086242315989e-05,3.8064280031739896e-05,0.003638024887745625,0.0056670703736093125,0.00594667094330342,0.06031604171151838,0.07455157176865904,0.0764148916416967,1.8505204583622766e-09,245,0.0004223021070367243,1.5363455755470199e-06,2.5520813652257843e-05,0.005051812907487553,0.07107610644574977,0.012018410750595274,2024,5.513863621481717e-05,-0.016492754977755916,3.110144162399009e-05,2.77612774221102e-05,2.665046430642798e-05,2.7035830652801975e-05
2024-06-20,2024-06-24,2.5520813652257843e-05,2.6673511262197807e-05,3.820323718360612e-05,0.005051812907487553,0.00506364772209633,0.005960862687723189,0.07107610644574977,0.07080135271803167,0.07651631860917468,1.0341164002249123e-08,275,0.0006785722863301669,3.428020234746077e-06,1.9794033481520152e-05,0.004449048604086064,0.0667011889255811,-0.016251842627961727,2024,5.513863621481717e-05,-0.016492754977755916,3.14037410380779e-05,2.883488793596907e-05,2.7992669930404976e-05,2.8658468594617945e-05
2024-06-24,2024-06-25,1.9794033481520152e-05,2.162296384029411e-05,3.727725102262109e-05,0.004449048604086064,0.004611119622675454,0.0058750174512314565,0.0667011889255811,0.0677566106725952,0.07592958538535897,2.6318218532930047e-09,275,0.0003887046696831892,1.7293659680557275e-06,2.7582277391838657e-05,0.0052518832233627065,0.07246987804158847,-0.0029560668608680342,2024,5.513863621481717e-05,-0.016492754977755916,2.7932773653571314e-05,2.5196065421735646e-05,2.4435635545057996e-05,2.5097907564166113e-05
2024-06-25,2024-06-26,2.7582277391838657e-05,2.130246417000571e-05,3.687235522626254e-05,0.0052518832233627065,0.004581037554702654,0.005839162412505671,0.07246987804158847,0.0675505270113362,0.07569085701635157,5.925879732182241e-09,275,0.0004941058770545831,2.5949863662678814e-06,2.9151475487744002e-05,0.0053992106356155435,0.07347932114285993,-0.00785896432011982,2024,5.513863621481717e-05,-0.016492754977755916,2.9797722551155073e-05,2.7054725109839355e-05,2.6170565015147027e-05,2.7279237267260853e-05
2024-06-26,2024-06-27,2.9151475487744002e-05,2.305676501944345e-05,3.418862359419028e-05,0.0053992106356155435,0.004757996051659498,0.005657710930393484,0.07347932114285993,0.06880850725345952,0.07462592110725802,4.87017141544721e-09,275,0.00043571299916299344,2.3525062591567806e-06,1.8827689252389383e-05,0.004339088527835009,0.06587175819602062,0.009833520328555823,2024,5.513863621481717e-05,-0.016492754977755916,3.052691884428607e-05,2.7954447954066944e-05,2.7090449544550927e-05,2.833532450466423e-05
2024-06-27,2024-07-01,1.8827689252389383e-05,2.4175257853150007e-05,3.342194235684848e-05,0.004339088527835009,0.004898208779677375,0.005583373945538138,0.06587175819602062,0.06991965055035998,0.0741066872040535,2.5761232913491944e-09,275,0.00039431516063291946,1.7109683898537196e-06,2.7996926730662212e-05,0.005291212217503869,0.07274071911593856,0.0018201639119657,2024,5.513863621481717e-05,-0.016492754977755916,2.8151642190143567e-05,2.5730074613927483e-05,2.5097526024720547e-05,2.556392567353826e-05
2024-07-01,2024-07-02,2.7996926730662212e-05,2.4670480468830882e-05,3.134910614589431e-05,0.005291212217503869,0.004946088641680639,0.005433928828116898,0.07274071911593856,0.07025257308439772,0.07320295092501886,8.487928704021643e-09,275,0.0005869543763005725,3.1057001669989527e-06,2.4779986059429016e-05,0.004977949985629527,0.0705545886929371,0.002481809373416149,2024,5.513863621481717e-05,-0.016492754977755916,3.047437615236031e-05,2.8180079698536505e-05,2.7453498537588286e-05,2.8316072288122196e-05
2024-07-02,2024-07-03,2.4779986059429016e-05,2.5667670984412658e-05,2.8191145661307616e-05,0.004977949985629527,0.005051868917989331,0.005218903489263616,0.0705545886929371,0.07102325303786894,0.0719312613866505,8.975108003902741e-09,275,0.0006415462589172066,3.1935851903575856e-06,2.0363027034213895e-05,0.0045125410839364,0.06717545000918415,0.011215384083482691,2024,5.513863621481717e-05,-0.016492754977755916,2.961725224806706e-05,2.751691203224611e-05,2.6902487591442822e-05,2.7439179943435806e-05
2024-07-03,2024-07-04,2.0363027034213895e-05,2.42238209128877e-05,2.8639359916013816e-05,0.0045125410839364,0.00490400049010407,0.005276713206731314,0.06717545000918415,0.06996436743138808,0.07239708246885299,2.1071398663385668e-09,275,0.00034291317939517284,1.5474098102439703e-06,8.512681204504244e-06,0.002917649945504814,0.054015275112738376,0.0015889666202270484,2024,5.513863621481717e-05,-0.016492754977755916,2.7986508866584327e-05,2.5768325397491143e-05,2.5188315561349597e-05,2.5781517311650378e-05
2024-07-04,2024-07-08,8.512681204504244e-06,2.0096062056239747e-05,2.7825937488670978e-05,0.002917649945504814,0.004407688352081924,0.005175748704223808,0.054015275112738376,0.06607155822536377,0.0715938720115057,2.4979615607859434e-10,245,0.00019346466665587277,5.644621741256142e-07,4.371224494868661e-05,0.006611523648047144,0.08131127626625438,0.002494937574448774,2024,5.513863621481717e-05,-0.016492754977755916,2.3271574629041332e-05,1.9886228895605743e-05,1.893903263993291e-05,1.9279537268950198e-05
2024-07-08,2024-07-09,4.371224494868661e-05,2.5072973195499194e-05,2.824193391765955e-05,0.006611523648047144,0.004862175376124351,0.005209054192872347,0.08131127626625438,0.06915946183941052,0.07180468675358916,5.183658304402635e-08,275,0.0011608478230873732,7.674972834126215e-06,2.824656359052975e-05,0.005314749626325755,0.07290232936145288,0.000194237402236904,2024,5.513863621481717e-05,-0.016492754977755916,3.4345078281250254e-05,3.103166367717889e-05,2.949021912187222e-05,3.0999069716852245e-05
2024-07-09,2024-07-10,2.824656359052975e-05,2.51229005674727e-05,2.8095421949771504e-05,0.005314749626325755,0.004866882857888728,0.0051956429303717565,0.07290232936145288,0.06919178388851337,0.07171394805320717,1.7521175798092096e-08,275,0.0008395710935820032,4.462110155888857e-06,1.3964953151412339e-05,0.003736971119959631,0.0611307706475195,0.004432251311709475,2024,5.513863621481717e-05,-0.016492754977755916,3.0309306154020535e-05,2.7550493819692273e-05,2.6482321285924238e-05,2.7423622332219566e-05
2024-07-10,2024-07-11,1.3964953151412339e-05,2.295989398586937e-05,2.751679944649864e-05,0.003736971119959631,0.004618687084754749,0.005130655872771076,0.0611307706475195,0.06730702027942985,0.07122536189990379,1.2478977268691073e-09,275,0.000318660636434357,1.1908255954231479e-06,2.994787468307104e-05,0.005472465137675254,0.0739761119394312,0.012565888382147837,2024,5.513863621481717e-05,-0.016492754977755916,2.571338011842323e-05,2.251257739982707e-05,2.151395378852993e-05,2.219358648891361e-05
2024-07-11,2024-07-15,2.994787468307104e-05,2.4876863515640795e-05,2.716014885582788e-05,0.005472465137675254,0.004810671895502519,0.0050999634811077854,0.0739761119394312,0.06866715266547926,0.07102394627214435,6.8514972039480314e-09,275,0.0005098804997029725,2.7903032590049546e-06,2.11391828042082e-05,0.004597736704532808,0.0678066125428251,0.008202461980752205,2024,5.513863621481717e-05,-0.016492754977755916,3.0548393060548844e-05,2.7578495245257797e-05,2.636040794043363e-05,2.796158938073907e-05
2024-07-15,2024-07-16,2.11391828042082e-05,2.7402163835581586e-05,2.6823933926954073e-05,0.004597736704532808,0.00514668924730812,0.005066137810272492,0.0678066125428251,0.07142542015149661,0.07078386898929497,3.2773933910841852e-09,275,0.00041973854577823756,1.929847318231827e-06,4.025031076985148e-05,0.006344313262272874,0.07965119749428048,0.01759863554060482,2024,5.513863621481717e-05,-0.016492754977755916,2.9140100043161515e-05,2.6729867731712863e-05,2.59617700841812e-05,2.6704391911374336e-05
2024-07-16,2024-07-17,4.025031076985148e-05,2.6709776999814564e-05,2.738954739794196e-05,0.006344313262272874,0.005093247170153264,0.005114824017463381,0.07965119749428048,0.07109340439710184,0.07110360899001412,1.906250756103269e-08,275,0.0007336080013369188,4.654238972191311e-06,5.033923456894336e-05,0.007095014768761469,0.08423191063226257,-0.0015020296086457135,2024,5.513863621481717e-05,-0.016492754977755916,3.394140525041282e-05,3.1225133421836954e-05,3.0051806037789076e-05,3.1736100718992265e-05
2024-07-17,2024-07-18,5.033923456894336e-05,3.1128311195497286e-05,2.829897612170497e-05,0.007095014768761469,0.005449300198640407,0.005186986889523924,0.08423191063226257,0.07335932065126376,0.0715590562149969,2.0344060031592293e-08,275,0.0006776792287336713,4.808144136348279e-06,6.005234085681435e-05,0.007749344543689766,0.0880303614878967,-0.01603478464406607,2024,5.513863621481717e-05,-0.016492754977755916,3.831563139231796e-05,3.519774398747711e-05,3.364305208639013e-05,3.619521642760922e-05
2024-07-18,2024-07-22,6.005234085681435e-05,4.0345788736577686e-05,3.014254217199436e-05,0.007749344543689766,0.006251774883386433,0.00533853944592149,0.0880303614878967,0.07873923881933922,0.0725401234044462,6.405016896037058e-08,275,0.0011009151121822269,8.531370517654947e-06,3.829549553021515e-05,0.006188335440990182,0.07866597384505059,-0.012603608035685554,2024,5.513863621481717e-05,-0.016492754977755916,4.447630756583264e-05,4.161366391249536e-05,4.0005486402345404e-05,4.200550859045167e-05
2024-07-22,2024-07-23,3.829549553021515e-05,4.201531290600651e-05,2.8923811538955588e-05,0.006188335440990182,0.0063949489440494195,0.005253058049373204,0.07866597384505059,0.07967721120046309,0.07203279486563546,1.8537448978190652e-08,275,0.0007416684443030989,4.58969311934492e-06,2.5023508890754993e-05,0.005002350336667254,0.07072729555601044,0.007547307550421073,2024,5.513863621481717e-05,-0.016492754977755916,3.926529565469783e-05,3.735090660768673e-05,3.641624939194835e-05,3.7595841474736585e-05
2024-07-23,2024-07-24,2.5023508890754993e-05,4.279217812331587e-05,2.8013663279851783e-05,0.005002350336667254,0.006475871670476309,0.005175360832803968,0.07072729555601044,0.08026134780310015,0.07152381288396487,2.7207847205364967e-09,275,0.00035150511563266284,1.758351733525313e-06,6.431779579319885e-05,0.008019837641324096,0.08955354622416745,-0.017431530298034622,2024,5.513863621481717e-05,-0.016492754977755916,3.5977032444031055e-05,3.410991006408033e-05,3.3384982648174606e-05,3.421575845047035e-05
2024-07-24,2024-07-25,6.431779579319885e-05,4.760567512798534e-05,2.9610618736666245e-05,0.008019837641324096,0.006810976546286554,0.005294340109081121,0.08955354622416745,0.08224181754907754,0.0722535060601596,3.585540286548825e-08,275,0.0007959217833595247,6.383163477736519e-06,6.928754987728634e-05,0.008323914336253487,0.09123548835981253,-0.0012935844137033537,2024,5.513863621481717e-05,-0.016492754977755916,4.8203052197774754e-05,4.550158782173894e-05,4.3823769267917735e-05,4.669967100407261e-05
2024-07-25,2024-07-29,6.928754987728634e-05,5.139533818965394e-05,3.1833690492881295e-05,0.008323914336253487,0.0070567564597849575,0.00546749902660031,0.09123548835981253,0.08364253309458755,0.07334650917050366,4.154672692014232e-08,275,0.0008254665315494216,6.871112696061672e-06,3.9803626070443025e-05,0.006309011497092316,0.07942928614240667,0.005923172171715543,2024,5.513863621481717e-05,-0.016492754977755916,5.116957763393991e-05,4.826272327318271e-05,4.6389168672841345e-05,4.9540413751926055e-05
2024-07-29,2024-07-30,3.9803626070443025e-05,4.7345595232379677e-05,3.3041345083180676e-05,0.006309011497092316,0.006768689850465468,0.005588907508843341,0.07942928614240667,0.08192231802548954,0.0742152930082713,2.304304333295894e-08,275,0.0008110866689074426,5.117155119275364e-06,2.8727764052594296e-05,0.005359828733513254,0.07321085120057856,0.012710810360264396,2024,5.513863621481717e-05,-0.016492754977755916,4.212801641772848e-05,4.023643232645985e-05,3.927907266464917e-05,4.033220475401469e-05
2024-07-30,2024-07-31,2.8727764052594296e-05,4.5432048936855505e-05,3.3187115555923235e-05,0.005359828733513254,0.006602988508970081,0.005602908228208147,0.07321085120057856,0.08083129349659514,0.07431232686076351,6.964785403003963e-09,275,0.0005248819293709769,2.8132772467444366e-06,3.2390661252011134e-05,0.005691279403790604,0.07544056868681866,0.010858048862704235,2024,5.513863621481717e-05,-0.016492754977755916,3.8549195392923154e-05,3.6485528861902616e-05,3.563098391794602e-05,3.650432638019765e-05
2024-07-31,2024-08-01,3.2390661252011134e-05,4.690547940910673e-05,3.375968954549101e-05,0.005691279403790604,0.006740774322394752,0.005659373264558353,0.07544056868681866,0.08177394812275678,0.07470957139536522,7.176719017051e-09,275,0.0005017781296563095,2.8557595345855253e-06,8.034649405092962e-05,0.008963620588296318,0.09467639932050816,0.004835304246637501,2024,5.513863621481717e-05,-0.016492754977755916,4.011864823225412e-05,3.8288989632374946e-05,3.74897124728345e-05,3.852239259518122e-05
2024-08-01,2024-08-05,8.034649405092962e-05,5.011121906065288e-05,3.6158063029995145e-05,0.008963620588296318,0.006929530911789196,0.005828088599328062,0.09467639932050816,0.0827985187420249,0.0757189587262252,1.1011763849677159e-07,274,0.0012502437972861406,1.1206711041743819e-05,0.00015864045247790656,0.012595255157316448,0.11222858440395854,-0.018706425570382035,2024,5.513863621481717e-05,-0.016492754977755916,5.410985644460927e-05,5.043621919112692e-05,4.8196958721900964e-05,5.0901250909635814e-05
2024-08-05,2024-08-06,0.00015864045247790656,6.798179958077693e-05,4.204392562045708e-05,0.012595255157316448,0.007783799076001787,0.00615518153213265,0.11222858440395854,0.08699713795085412,0.07748028887445696,3.197817012693449e-07,275,0.0015134863146767895,1.9062746310460698e-05,7.211798975163196e-05,0.008492231140968313,0.0921533023877512,-0.00965169267205657,2024,5.513863621481717e-05,-0.016492754977755916,8.185495392751271e-05,7.063535843559393e-05,6.415004062771987e-05,7.181425174908532e-05
2024-08-06,2024-08-07,7.211798975163196e-05,7.44446723170147e-05,4.446621200678629e-05,0.008492231140968313,0.008220443004776987,0.006343960741820528,0.0921533023877512,0.08954194119992302,0.07867490451953563,3.4066126331470637e-08,275,0.0007326528342194587,6.221857214277182e-06,3.090007820402627e-05,0.00555878387815413,0.07455725235115716,0.003510280032930067,2024,5.513863621481717e-05,-0.016492754977755916,6.19539571609963e-05,5.766881355585661e-05,5.498787828033043e-05,5.907831440093069e-05
2024-08-07,2024-08-08,3.090007820402627e-05,7.48791351473011e-05,4.459817343739375e-05,0.00555878387815413,0.008260234033705164,0.006356123090031901,0.07455725235115716,0.08981122143003875,0.07875747421204556,3.788774660532594e-09,275,0.0003732744486967158,2.0749519875421744e-06,3.300179174914465e-05,0.0057447185961668,0.07579392189461369,0.011114274874712497,2024,5.513863621481717e-05,-0.016492754977755916,5.137310135762023e-05,4.7390977087463454e-05,4.5542619377354423e-05,4.741448898877097e-05
2024-08-08,2024-08-12,3.300179174914465e-05,7.500136124672781e-05,4.497189187783537e-05,0.0057447185961668,0.008270921872180401,0.006390976208692686,0.07579392189461369,0.08988189207159776,0.07899562572121267,7.272199083432026e-09,275,0.0005004063176092707,2.8746934784093274e-06,2.3691580850704012e-05,0.004867399803869003,0.06976675285455819,0.017360937031626517,2024,5.513863621481717e-05,-0.016492754977755916,5.201232590187491e-05,4.815619795267952e-05,4.633362260122631e-05,4.808718335467077e-05
2024-08-12,2024-08-13,2.3691580850704012e-05,6.36703786066827e-05,4.512318977858492e-05,0.004867399803869003,0.007451677715294938,0.006407106150507804,0.06976675285455819,0.08489996277840775,0.07911341221418423,4.874443856364354e-09,275,0.00048353084108469237,2.353537921060246e-06,2.992509875571112e-05,0.005470383785047547,0.07396204286691618,-0.0010356606402322037,2024,5.513863621481717e-05,-0.016492754977755916,4.542053436897768e-05,4.0727634707993335e-05,3.886020249337908e-05,4.02438417123906e-05
2024-08-13,2024-08-14,2.992509875571112e-05,3.79273078622436e-05,4.6096481485457956e-05,0.005470383785047547,0.006026703440841158,0.006523139506850656,0.07396204286691618,0.07724665447099928,0.08002008347573776,4.55172938435892e-09,275,0.0004157469623349132,2.2742954414396824e-06,5.475243974997974e-05,0.007399489154663296,0.08602028339097295,-0.002950340854656178,2024,5.513863621481717e-05,-0.016492754977755916,3.766857986180163e-05,3.542980036774018e-05,3.468230375682289e-05,3.5632533238212416e-05
2024-08-14,2024-08-15,5.475243974997974e-05,3.445419786191315e-05,4.6598308521880376e-05,0.007399489154663296,0.005808155043580155,0.006558956120787754,0.08602028339097295,0.07602005067164364,0.08023412925413408,4.17793237990971e-08,275,0.000931188554398281,6.890319609216672e-06,5.962941699517086e-05,0.007722008611441122,0.08787496009353929,-0.0004769081267053545,2024,5.513863621481717e-05,-0.016492754977755916,4.292802933826288e-05,4.025604509056785e-05,3.903858808106533e-05,4.072243315336278e-05
2024-08-15,2024-08-19,5.962941699517086e-05,4.020006562014207e-05,4.802480185845498e-05,0.007722008611441122,0.006240799990237553,0.0066683769837475445,0.08787496009353929,0.07868359222012006,0.08091470337831981,7.287542231998609e-08,275,0.00117847106727023,9.100163729794926e-06,2.9565252218372217e-05,0.005437393881113655,0.07373868646181361,0.01990217818323338,2024,5.513863621481717e-05,-0.016492754977755916,4.649483198526747e-05,4.38290320930402e-05,4.249021192574384e-05,4.384653481866424e-05
2024-08-19,2024-08-20,2.9565252218372217e-05,3.9512757713987586e-05,4.87339063614986e-05,0.005437393881113655,0.006179335047226925,0.006745668927436364,0.07373868646181361,0.07827254513356004,0.08148779046078775,1.0394198225683274e-08,275,0.0006320673648468947,3.436799222070137e-06,4.8064359331025126e-05,0.006932846409017376,0.08326371604136688,0.006211990145428531,2024,5.513863621481717e-05,-0.016492754977755916,3.848151610705237e-05,3.64586222854369e-05,3.5809514359913164e-05,3.627704490059341e-05
2024-08-20,2024-08-21,4.8064359331025126e-05,4.438731341005181e-05,4.95573829364056e-05,0.006932846409017376,0.006592424368256598,0.006812049894315552,0.08326371604136688,0.08097193777092179,0.081909954283603,5.296438843686116e-08,275,0.0011190231367230546,7.758015535037789e-06,3.556937421546063e-05,0.005964006557295241,0.07722698075993416,-0.005972256317768535,2024,5.513863621481717e-05,-0.016492754977755916,4.520842585021996e-05,4.3438850856403075e-05,4.264347134473795e-05,4.312669028799385e-05
2024-08-21,2024-08-22,3.556937421546063e-05,4.551616850200171e-05,5.021330072782616e-05,0.005964006557295241,0.006691148922706137,0.006874153069441116,0.07722698075993416,0.08162492534952538,0.08233815283892612,8.662360962290686e-09,275,0.0005260641299087964,3.1374499203338776e-06,4.0841345628711934e-05,0.006390723404178273,0.0799420002512964,-0.0036911814197701145,2024,5.513863621481717e-05,-0.016492754977755916,4.2443960988025606e-05,4.095989843872513e-05,4.045882320652394e-05,4.117161886447977e-05
2024-08-22,2024-08-26,4.0841345628711934e-05,4.273394967774815e-05,5.0240165948683465e-05,0.006390723404178273,0.006489395772609134,0.0068762626213459055,0.0799420002512964,0.08040926872159007,0.08235137114606322,2.1491522004664847e-08,275,0.0007732897061695198,4.94188062342769e-06,2.015621837299908e-05,0.004489567726741527,0.06700423663277963,0.006345112374037276,2024,5.513863621481717e-05,-0.016492754977755916,4.2796677810605076e-05,4.1241583788391455e-05,4.067254163251477e-05,4.131196969014454e-05
2024-08-26,2024-08-27,2.015621837299908e-05,3.48393099533138e-05,4.886821066704963e-05,0.004489567726741527,0.005842907595669215,0.006757833210344999,0.06700423663277963,0.07623512402943813,0.08156829505517763,4.868728141280963e-09,275,0.0005239162864112026,2.3521576509860057e-06,2.207694298002756e-05,0.004698610750001277,0.06854641310820922,0.0027581110200932046,2024,5.513863621481717e-05,-0.016492754977755916,3.431807903839801e-05,3.2080958435244565e-05,3.150118836594794e-05,3.156410421551145e-05
2024-08-27,2024-08-28,2.207694298002756e-05,3.334164810564487e-05,4.714205621810478e-05,0.004698610750001277,0.0056951509694467385,0.006619163492450068,0.06854641310820922,0.07519666935871724,0.08068266103791912,3.229993677050693e-09,275,0.0004077463030093024,1.9158411625927862e-06,3.056604396142016e-05,0.005528656614533061,0.07435493671931313,0.0002662256893385183,2024,5.513863621481717e-05,-0.016492754977755916,3.4056124163127514e-05,3.1757086091146095e-05,3.112162696646997e-05,3.1533235714611286e-05
2024-08-28,2024-08-29,3.056604396142016e-05,2.9841985031723873e-05,4.679071751043228e-05,0.005528656614533061,0.005414313010549876,0.0065891780912474725,0.07435493671931313,0.07341491349430651,0.08048670480493103,9.818873573002477e-09,275,0.0006041849198311129,3.340330953425409e-06,3.081785295577092e-05,0.005551382976859994,0.07450760348353712,-0.0012086770945647254,2024,5.513863621481717e-05,-0.016492754977755916,3.493760790881154e-05,3.2718884064881964e-05,3.204325930739861e-05,3.276161232665791e-05
2024-08-29,2024-09-02,3.081785295577092e-05,2.8891680779785933e-05,4.705409678611482e-05,0.005551382976859994,0.005331788294462826,0.006614134120347143,0.07450760348353712,0.0728710380390271,0.08065853698345497,8.152987753756855e-09,275,0.0005482969999317695,3.0438066316846305e-06,1.3048556200845263e-05,0.0036122785331207867,0.06010223401106474,-0.007507163081037384,2024,5.513863621481717e-05,-0.016492754977755916,3.4684869986282784e-05,3.242869884833971e-05,3.1746377017973946e-05,3.2570219022409626e-05
2024-09-02,2024-09-03,1.3048556200845263e-05,2.3333122894212596e-05,4.472367680464421e-05,0.0036122785331207867,0.004776099320251329,0.006413790524519721,0.06010223401106474,0.06890308479098077,0.07931984097376849,1.2009449494542599e-09,245,0.0003426275560678885,1.2376661656396723e-06,3.803443236102576e-05,0.0061672062038678225,0.0785315618326022,0.00010020099887861625,2024,5.513863621481717e-05,-0.016492754977755916,2.7712141334509503e-05,2.4542284754551166e-05,2.3716007720854353e-05,2.3963901905579833e-05
2024-09-03,2024-09-04,3.803443236102576e-05,2.6908765691817934e-05,4.330308055390508e-05,0.0061672062038678225,0.005111627015676588,0.006315758336684007,0.0785315618326022,0.07120854983094528,0.07874238976798618,1.5536567028809162e-08,275,0.0006813146475340327,4.201807921057905e-06,2.2670891473383802e-05,0.004761395958475183,0.06900286920465831,-7.221585343373813e-05,2024,5.513863621481717e-05,-0.016492754977755916,3.537887515730451e-05,3.266098836111427e-05,3.1616903083178954e-05,3.3015538930318736e-05
2024-09-04,2024-09-05,2.2670891473383802e-05,2.7027555390489184e-05,4.252431989040239e-05,0.004761395958475183,0.005124184057371369,0.0062454121758377746,0.06900286920465831,0.0712998410502351,0.07826846172536127,2.4950129075286048e-09,275,0.00035363949628893843,1.683817668387351e-06,2.1211078709923386e-05,0.0046055486871732654,0.0678641929678182,0.009355145368763883,2024,5.513863621481717e-05,-0.016492754977755916,3.131799540577758e-05,2.874780143922339e-05,2.7992093116505597e-05,2.8749967749793813e-05
2024-09-05,2024-09-09,2.1211078709923386e-05,2.515656234018983e-05,4.2182652374826445e-05,0.0046055486871732654,0.00493956247189941,0.006211126719185957,0.0678641929678182,0.07000169229993611,0.07802543180569033,4.368367864794349e-09,275,0.00048376772201635444,2.2280157970292223e-06,1.9523027381921853e-05,0.004418487001443125,0.0664717007563604,-0.006249660582669485,2024,5.513863621481717e-05,-0.016492754977755916,3.0205022131652203e-05,2.7470836608742725e-05,2.668283496123039e-05,2.727360480749862e-05
2024-09-09,2024-09-10,1.9523027381921853e-05,2.2897597225420012e-05,4.159775992618602e-05,0.004418487001443125,0.004712983276816037,0.006153272519079253,0.0664717007563604,0.06839451175450076,0.0776177559906695,2.6137092302274264e-09,275,0.00039004410455713105,1.7234048059752067e-06,1.5116374281240345e-05,0.0038879781739665597,0.062353654054646705,0.006702285701110116,2024,5.513863621481717e-05,-0.016492754977755916,2.8859656834369416e-05,2.593208674355382e-05,2.5108920926050863e-05,2.5770529101481695e-05
2024-09-10,2024-09-11,1.5116374281240345e-05,2.331116084149903e-05,3.8632754482109234e-05,0.0038879781739665597,0.004768123204985191,0.005922561500246081,0.062353654054646705,0.06884479576321716,0.07614854029676672,1.3355370507589965e-09,275,0.00031685664256429953,1.2319317105663201e-06,3.4545326443233314e-05,0.005877527238833804,0.07666503269962,-0.0014576567610124415,2024,5.513863621481717e-05,-0.016492754977755916,2.7500265209402963e-05,2.4525446153764083e-05,2.3740984089021836e-05,2.4170654623300646e-05
2024-09-11,2024-09-12,3.4545326443233314e-05,2.2613339657940542e-05,3.299206693507863e-05,0.005877527238833804,0.004710187411978387,0.005617210231224143,0.07666503269962,0.06847148993662072,0.0745320152192968,2.5954143752872395e-08,275,0.0009239902026736434,5.430777584629906e-06,3.1548046641868214e-05,0.005616764784274682,0.07494507845265547,0.020524423380512465,2024,5.513863621481717e-05,-0.016492754977755916,3.162498717423305e-05,2.894931817726726e-05,2.7972606332219858e-05,2.893334473247596e-05
2024-09-12,2024-09-16,3.1548046641868214e-05,2.4388770691637422e-05,3.114797861190756e-05,0.005616764784274682,0.004881261177138287,0.005486507215010796,0.07494507845265547,0.06965993178622015,0.073749823222247,1.152741891083075e-08,275,0.0006443746767232596,3.6193009920975875e-06,1.7695779779429876e-05,0.004206635208742241,0.06485857852853577,0.003607176982648398,2024,5.513863621481717e-05,-0.016492754977755916,3.127268217495658e-05,2.883028613295881e-05,2.7969715321403066e-05,2.90647673567261e-05
2024-09-16,2024-09-17,1.7695779779429876e-05,2.3685710905538722e-05,3.054778322897136e-05,0.004206635208742241,0.004801478481452082,0.0054250459118557115,0.06485857852853577,0.06905880889836366,0.07330897441212784,2.2411370496820354e-09,275,0.0003793656625158589,1.5958529529270387e-06,2.9039137680988403e-05,0.005388797424378504,0.07340842883741965,-0.0005511820100385849,2024,5.513863621481717e-05,-0.016492754977755916,2.732480556668815e-05,2.477732934584083e-05,2.4077280339867165e-05,2.458736331425661e-05
2024-09-17,2024-09-18,2.9039137680988403e-05,2.5588932965352028e-05,3.0367662589509707e-05,0.005388797424378504,0.004995540566039158,0.005408867676774425,0.07340842883741965,0.07044615451457552,0.0732005429095281,5.367855848137189e-09,275,0.0004583183315632502,2.469784644673496e-06,8.817081073507452e-05,0.009389931348794544,0.09690165813232787,-0.0045641760320493125,2024,5.513863621481717e-05,-0.016492754977755916,3.0965437276832344e-05,2.8622011393901954e-05,2.781800286429607e-05,2.897151108061895e-05
2024-09-18,2024-09-19,8.817081073507452e-05,4.0199820256118866e-05,3.3298536675162906e-05,0.009389931348794544,0.006095931201004756,0.00561443729245286,0.09690165813232787,0.07735575533011176,0.07443394769488129,1.2129369291348834e-07,275,0.0012503032389761953,1.1740261579161934e-05,2.9607141057989897e-05,0.00544124444019839,0.07376479133162643,0.010613720579943234,2024,5.513863621481717e-05,-0.016492754977755916,5.2146163172698835e-05,4.66564257700453e-05,4.364180955064942e-05,4.747607047548406e-05
2024-09-19,2024-09-23,2.9607141057989897e-05,3.921218317907018e-05,3.328408405253922e-05,0.00544124444019839,0.006008674641277673,0.005613112776777896,0.07376479133162643,0.07677570705651304,0.07442498171600447,7.532569570284728e-09,275,0.0005376900541597065,2.9257030177464745e-06,1.7845978408605456e-05,0.004224450071737795,0.06499576964493761,0.01630088436821196,2024,5.513863621481717e-05,-0.016492754977755916,3.649578821678822e-05,3.379995611220516e-05,3.274066354668255e-05,3.393020606343352e-05
2024-09-23,2024-09-24,1.7845978408605456e-05,3.647176953241764e-05,3.16065176279313e-05,0.004224450071737795,0.005730211698770295,0.005468792818463102,0.06499576964493761,0.07478584529496948,0.0734693220002756,1.4177821794626102e-09,275,0.0003004645495717727,1.2692974879931393e-06,3.1499134415746794e-05,0.005612408967257,0.07491601275599898,0.010352029024413652,2024,5.513863621481717e-05,-0.016492754977755916,3.221049903996943e-05,2.8899627734771853e-05,2.7772346674085368e-05,2.865787468830757e-05
2024-09-24,2024-09-25,3.1499134415746794e-05,3.9232440459681016e-05,3.032786841977566e-05,0.005612408967257,0.006011366450473246,0.005372901925545641,0.07491601275599898,0.07679733214046211,0.0728802789394783,8.753050436124921e-09,275,0.0005619388644651362,3.1538307219743464e-06,2.0775892492332564e-05,0.0045580579737792455,0.06751339107006288,0.0004094919123423658,2024,5.513863621481717e-05,-0.016492754977755916,3.6636215303589694e-05,3.3927323697580705e-05,3.281583417571164e-05,3.415362601017309e-05
2024-09-25,2024-09-26,2.0775892492332564e-05,3.757979142194985e-05,2.9928352068592042e-05,0.0045580579737792455,0.005845218560353395,0.005332932111575895,0.06751339107006288,0.07561832458699076,0.072597310967126,2.2209004121209986e-09,275,0.000348532564321822,1.5886316339288085e-06,5.015523473405039e-05,0.007082036058511026,0.08415483383924555,0.004186342424525504,2024,5.513863621481717e-05,-0.016492754977755916,3.317912145552652e-05,3.0120238179571517e-05,2.9041379330185988e-05,3.0023539950142185e-05
2024-09-26,2024-09-30,5.015523473405039e-05,2.997667622174502e-05,3.0023391859638644e-05,0.007082036058511026,0.005383639502296691,0.005339713459280152,0.08415483383924555,0.07306895972837428,0.07263781632157502,3.51716676275649e-08,275,0.0008926824783290941,6.3220095003276314e-06,3.61836056282243e-05,0.00601528100991336,0.07755824269485069,-0.013445648092677846,2024,5.513863621481717e-05,-0.016492754977755916,3.8053205785283667e-05,3.50807593983087e-05,3.367687451559577e-05,3.565541665345705e-05
2024-09-30,2024-10-01,3.61836056282243e-05,3.12919691357919e-05,3.005131146930972e-05,0.00601528100991336,0.005498446816239686,0.005342044116217339,0.07755824269485069,0.07382765000101914,0.07265287368225305,1.2671257202627735e-08,275,0.0006308303745027493,3.794621972222921e-06,3.7013400210768984e-05,0.0060838639211252075,0.07799912769464289,0.0065929095033380155,2024,5.513863621481717e-05,-0.016492754977755916,3.489549130469826e-05,3.2562533146232394e-05,3.160066706282425e-05,3.2982982050846686e-05
2024-10-01,2024-10-02,3.7013400210768984e-05,3.512545349622461e-05,2.9877313950312306e-05,0.0060838639211252075,0.0058703295861171675,0.005328095957896745,0.07799912769464289,0.07642832161096019,0.07256456129331425,1.5208574882145974e-08,275,0.0006833188992238272,4.157219197610833e-06,2.9264347663606772e-05,0.005409653192544488,0.0735503446120036,0.00018827002424697377,2024,5.513863621481717e-05,-0.016492754977755916,3.65051368694954e-05,3.4536330144556695e-05,3.370742886702824e-05,3.4873403959179044e-05
2024-10-02,2024-10-03,2.9264347663606772e-05,3.4678496145796596e-05,3.0291319827158113e-05,0.005409653192544488,0.005829778431174664,0.005369918024524153,0.0735503446120036,0.07615518798216112,0.07286211165600624,6.963577979581174e-09,275,0.0005200025361179569,2.8130333796417355e-06,1.9482238207965605e-05,0.004413868848070319,0.06643695393431519,0.0019483681965522823,2024,5.513863621481717e-05,-0.016492754977755916,3.4368383950082686e-05,3.246904454034484e-05,3.1788411260314955e-05,3.2658581173739015e-05
2024-10-03,2024-10-07,1.9482238207965605e-05,3.4419765288923206e-05,3.0173378701155295e-05,0.004413868848070319,0.00580094060603288,0.005356975210800019,0.06643695393431519,0.07593990055501158,0.07276622714810198,1.853292979496418e-09,275,0.00032878445790269345,1.451211476466386e-06,3.4754645306150766e-05,0.0058953070578342875,0.0767809029501105,-0.006847371361152581,2024,5.513863621481717e-05,-0.016492754977755916,3.17055497170388e-05,2.9562940977642697e-05,2.890705094337846e-05,2.9406161860722134e-05
2024-10-07,2024-10-08,3.4754645306150766e-05,3.133964740334329e-05,3.0363769671370326e-05,0.0058953070578342875,0.005563594805897533,0.005373641140040983,0.0767809029501105,0.07446511437718457,0.07287649834041095,9.307210231578676e-09,275,0.0005516479334133021,3.252133955291139e-06,5.267998726288799e-05,0.007258098047208235,0.08519447192868933,-0.009828621784430504,2024,5.513863621481717e-05,-0.016492754977755916,3.457828244248359e-05,3.2582146887109315e-05,3.1820595794029994e-05,3.304202604720193e-05
2024-10-08,2024-10-09,5.267998726288799e-05,3.463892373027602e-05,3.1357503048966555e-05,0.007258098047208235,0.005812158213356507,0.005451219097784085,0.08519447192868933,0.07599236022395231,0.07336226508791786,1.7314976233051195e-08,275,0.0006111485464324115,4.435776071415238e-06,2.3387940178034555e-05,0.004836107957648853,0.0695421308103861,-0.002038554689947528,2024,5.513863621481717e-05,-0.016492754977755916,4.059504828525027e-05,3.7954127361074496e-05,3.6638182422531925e-05,3.9126852611162097e-05
2024-10-09,2024-10-10,2.3387940178034555e-05,3.191383172372913e-05,3.18274750479297e-05,0.004836107957648853,0.005562607020661236,0.005506847707989906,0.0695421308103861,0.07430096084710094,0.07379135130606883,3.0831307475055493e-09,275,0.00038704249262931563,1.8717792785528807e-06,2.5148559115966366e-05,0.005014833907116602,0.07081549199939659,0.012823965013641268,2024,5.513863621481717e-05,-0.016492754977755916,3.2002238840826114e-05,2.984284178880243e-05,2.9168175242330768e-05,2.9882338909838357e-05
2024-10-10,2024-10-14,2.5148559115966366e-05,3.1090674014201055e-05,3.124175353679064e-05,0.005014833907116602,0.005483643163575659,0.005454467149046668,0.07081549199939659,0.07375399032457954,0.07344062085910494,4.126123142047084e-09,275,0.00043179061916179837,2.165358237747458e-06,2.318720605460641e-05,0.0048153095491989305,0.06939243149795898,6.422630351915026e-05,2024,5.513863621481717e-05,-0.016492754977755916,3.20865476486436e-05,2.9889515814034854e-05,2.9176677189404717e-05,2.999599095606952e-05
2024-10-14,2024-10-15,2.318720605460641e-05,3.183166758352922e-05,3.126522238139167e-05,0.0048153095491989305,0.005563931303801382,0.00545691776680684,0.06939243149795898,0.0743450858373083,0.07345832823607316,3.129717846209293e-09,275,0.0003916400040364589,1.8858678512850683e-06,2.0674775173802652e-05,0.004546952295087629,0.06743109294003492,0.008093461092602203,2024,5.513863621481717e-05,-0.016492754977755916,3.1850909604364596e-05,2.9718418312396202e-05,2.9063467909570315e-05,2.9746303789610495e-05
2024-10-15,2024-10-16,2.0674775173802652e-05,2.9015693557059595e-05,3.124084494793164e-05,0.004546952295087629,0.005294260351252049,0.00545425429443931,0.06743109294003492,0.07247512383529317,0.07343864187117392,3.0120907804778484e-09,275,0.0004068855760564902,1.8500893038881102e-06,2.361133642178246e-05,0.004859149763259254,0.06970760190437807,0.0036114192039124818,2024,5.513863621481717e-05,-0.016492754977755916,3.015330680235807e-05,2.7792788351693894e-05,2.710128910652818e-05,2.768780695360119e-05
2024-10-16,2024-10-17,2.361133642178246e-05,2.320196338883849e-05,3.1426677177016204e-05,0.004859149763259254,0.004814470694462254,0.005474284419976407,0.06970760190437807,0.06937774983043093,0.07358572828699289,4.290443855308098e-09,275,0.0004544116853806291,2.2080544334395223e-06,2.025938259140973e-05,0.004501042389426001,0.06708980838716117,0.012318904231572612,2024,5.513863621481717e-05,-0.016492754977755916,2.8797479139515904e-05,2.654078434736022e-05,2.592715466172571e-05,2.6613271247442097e-05
2024-10-17,2024-10-21,2.025938259140973e-05,2.257625187151352e-05,3.166045028202391e-05,0.004501042389426001,0.004747457580817684,0.005502150975224563,0.06708980838716117,0.06888728534578595,0.07380100802937993,2.5792709932461905e-09,275,0.00038035930741984016,1.7120133659094163e-06,2.471422543628354e-05,0.00497134040639781,0.07050773295460441,0.007719037189277216,2024,5.513863621481717e-05,-0.016492754977755916,2.772035457594956e-05,2.538842322495566e-05,2.4798651773144576e-05,2.5351432158328568e-05
2024-10-21,2024-10-22,2.471422543628354e-05,2.248938513557696e-05,3.1213582054435283e-05,0.00497134040639781,0.0047387588806739244,0.005460960664659291,0.07050773295460441,0.0688257335368275,0.07352113076824286,6.7529256111425915e-09,275,0.0005572257081500869,2.7701586784101605e-06,1.6381584679931997e-05,0.00404741703805427,0.06361931340445502,0.0055137056169348,2024,5.513863621481717e-05,-0.016492754977755916,2.8796409216415277e-05,2.6483362148987187e-05,2.5834838618698563e-05,2.6510326958216935e-05
2024-10-22,2024-10-23,1.6381584679931997e-05,2.1128260860642076e-05,3.0524197419801814e-05,0.00404741703805427,0.004585180378444993,0.005389626676194727,0.06361931340445502,0.06767110991812672,0.07300632326605193,1.626375184150171e-09,275,0.0003358853622595662,1.359468138042399e-06,5.0182867769652686e-05,0.007083986714389905,0.08416642272539511,-0.008461973595182663,2024,5.513863621481717e-05,-0.016492754977755916,2.6035400250829866e-05,2.3454951768293246e-05,2.281435773701866e-05,2.325453961960552e-05
2024-10-23,2024-10-24,5.0182867769652686e-05,2.7029879379812087e-05,3.2000883237539223e-05,0.007083986714389905,0.005092587262305448,0.005520415380996894,0.08416642272539511,0.07101817587519875,0.07388395254772734,3.809054910853584e-08,275,0.0009287301458212482,6.5791120142511215e-06,1.8573632269216875e-05,0.00430971371081849,0.06564840981180343,0.0011487549076804671,2024,5.513863621481717e-05,-0.016492754977755916,3.7214598879861934e-05,3.394733767104698e-05,3.245588659974386e-05,3.446504928500601e-05
2024-10-24,2024-10-28,1.8573632269216875e-05,2.6022338549298966e-05,3.152517844609506e-05,0.00430971371081849,0.004982700051817295,0.00547136612128962,0.06564840981180343,0.07020633745668382,0.07353122441019934,2.1164749336941246e-09,275,0.00035984610575723975,1.5508336957666165e-06,1.6687221924308e-05,0.004084999623538294,0.06391400178003481,0.009357665159779779,2024,5.513863621481717e-05,-0.016492754977755916,2.8535281792364047e-05,2.5859628799293275e-05,2.5077057196128527e-05,2.5712816965819685e-05
2024-10-28,2024-10-29,1.6687221924308e-05,2.5307906415878617e-05,2.8275924409242027e-05,0.004084999623538294,0.004899491498639753,0.0052302328610507,0.06391400178003481,0.06957117613525855,0.0720317854850951,1.2049294172722807e-09,275,0.00028644908992179617,1.1701444244934242e-06,1.776739784608648e-05,0.004215139125353573,0.06492410280745951,0.00986477634052954,2024,5.513863621481717e-05,-0.016492754977755916,2.7382779912181332e-05,2.4620656132328446e-05,2.3816702891891427e-05,2.4459648184239844e-05
2024-10-29,2024-10-30,1.776739784608648e-05,2.391854089783921e-05,2.773775426324642e-05,0.004215139125353573,0.004748251242430906,0.0051745008012850265,0.06492410280745951,0.06845445010582958,0.07162993600672386,1.7550699848333128e-09,275,0.0003350379246697689,1.412231464752806e-06,2.182408668338156e-05,0.0046716257002655465,0.06834929187830366,0.001998699663553858,2024,5.513863621481717e-05,-0.016492754977755916,2.7086411589106897e-05,2.424081725919587e-05,2.3395067515342325e-05,2.4131712253546273e-05
2024-10-30,2024-10-31,2.182408668338156e-05,2.5007041298529124e-05,2.7918577366645334e-05,0.0046716257002655465,0.004873092974873161,0.005194826966218106,0.06834929187830366,0.0694004458005993,0.07178236883551324,6.250163582981607e-09,275,0.0005704746058902586,2.665043830225791e-06,3.8178107540625886e-05,0.006178843543951076,0.07860562030765406,-0.011841650369794315,2024,5.513863621481717e-05,-0.016492754977755916,2.8568806498456605e-05,2.592539541073656e-05,2.5095838987845925e-05,2.580068841159022e-05
2024-10-31,2024-11-04,3.8178107540625886e-05,2.260608925272376e-05,2.8222167054139837e-05,0.006178843543951076,0.004692064340785396,0.005220573992431473,0.07860562030765406,0.06828828531705108,0.07195007826967938,9.465370737290837e-09,275,0.0005307870028420995,3.2796498457240478e-06,2.440551816389411e-05,0.004940194142328226,0.07028651465486267,-0.006299244192004169,2024,5.513863621481717e-05,-0.016492754977755916,3.198821116675668e-05,2.909246853128573e-05,2.794334282864636e-05,2.9845298552921744e-05
2024-11-04,2024-11-05,2.440551816389411e-05,2.3772466431659205e-05,2.8387150039210817e-05,0.004940194142328226,0.004818160427087342,0.005237943818274609,0.07028651465486267,0.06921590628566295,0.07207612934171576,2.738049277598951e-09,275,0.0003570551302851945,1.7639216631231593e-06,4.692151919492742e-05,0.006849928408014745,0.08276429428210419,0.002680506914470614,2024,5.513863621481717e-05,-0.016492754977755916,2.884423193831451e-05,2.6432877445391604e-05,2.5689383466805057e-05,2.6684925754803447e-05
2024-11-05,2024-11-06,4.692151919492742e-05,2.9819325885783095e-05,2.8240162969250685e-05,0.006849928408014745,0.005371146183982633,0.0052273934705247774,0.08276429428210419,0.07298596478607682,0.0720129229982093,3.1456104799867473e-08,275,0.0008728208315231474,5.978760208957459e-06,0.0001603132084448359,0.012661485238503257,0.11252326532101375,-0.032338292681653745,2024,5.513863621481717e-05,-0.016492754977755916,3.693354580185813e-05,3.4161625332204814e-05,3.2881071814804516e-05,3.4665415191168434e-05
2024-11-06,2024-11-07,0.0001603132084448359,5.832848800553297e-05,3.388241764273303e-05,0.012661485238503257,0.0070604154066125704,0.00552949366273341,0.11252326532101375,0.08250579728878767,0.07360224220848945,1.8829801247722157e-07,275,0.001155305601204178,1.462788481560683e-05,3.679526093146176e-05,0.006065909736507935,0.07788395044235966,0.014588048634881133,2024,5.513863621481717e-05,-0.016492754977755916,7.773386779897519e-05,6.454181753620326e-05,5.735448034926174e-05,6.75925546913707e-05
2024-11-07,2024-11-11,3.679526093146176e-05,6.132272285514902e-05,3.387250222094634e-05,0.006065909736507935,0.007339272213861048,0.005528677563432624,0.07788395044235966,0.08441272900159887,0.0735970068788402,8.705341867903012e-09,275,0.0005185082082645201,3.1452239889710366e-06,5.997087889461182e-05,0.007744086705003491,0.08800049264068634,-0.028547421827124234,2024,5.513863621481717e-05,-0.016492754977755916,4.660102595080537e-05,4.2418191681502464e-05,4.054325883446559e-05,4.280770660752335e-05
2024-11-11,2024-11-12,5.997087889461182e-05,6.56812771259462e-05,3.5268253640537476e-05,0.007744086705003491,0.007652320846071531,0.005634788177635307,0.08800049264068634,0.08629170346820532,0.07425383178923488,4.2195880122416084e-08,275,0.0008941769737859217,6.924584014615811e-06,6.752180661294455e-05,0.008217165363611988,0.09064858169663764,-0.004417957496235804,2024,5.513863621481717e-05,-0.016492754977755916,5.442791215297049e-05,5.0050418516989155e-05,4.7606867699597196e-05,5.069220119093285e-05
2024-11-12,2024-11-13,6.752180661294455e-05,7.43045348157563e-05,3.745187038621834e-05,0.008217165363611988,0.008307715090328283,0.005807665291978109,0.09064858169663764,0.0903641168765603,0.0753543603238859,3.546468285392648e-08,275,0.0007725643741018925,6.348289216030645e-06,6.276871910312739e-05,0.007922671210086116,0.08900938832553629,-0.015899022102855088,2024,5.513863621481717e-05,-0.016492754977755916,5.984656760612749e-05,5.608850244659383e-05,5.373393261713983e-05,5.7253215722219516e-05
2024-11-13,2024-11-14,6.276871910312739e-05,7.747397479739628e-05,3.8725237376990005e-05,0.007922671210086116,0.008522263650742556,0.005899818207989555,0.08900938832553629,0.09161313568524673,0.07591020056822344,3.979430597153572e-08,275,0.0008487846135014317,6.724641420951864e-06,5.189396547413205e-05,0.007203746627563469,0.08487488808571984,0.0007637656550748166,2024,5.513863621481717e-05,-0.016492754977755916,5.993083548583331e-05,5.6523928286793734e-05,5.435350701354589e-05,5.723575901845454e-05
2024-11-14,2024-11-18,5.189396547413205e-05,5.5790126203255514e-05,3.8689509113864736e-05,0.007203746627563469,0.0074307159285546005,0.005897347688914794,0.08487488808571984,0.08608346023818796,0.07589567402990663,1.997702163893256e-08,275,0.0006614021535649274,4.764573533206561e-06,2.0209003841134654e-05,0.004495442563434067,0.06704806159341273,0.02151469018052128,2024,5.513863621481717e-05,-0.016492754977755916,4.9088324651504446e-05,4.7385106367848965e-05,4.631572187875668e-05,4.820431933744687e-05
2024-11-18,2024-11-19,2.0209003841134654e-05,5.2472874785190095e-05,3.854501200764201e-05,0.004495442563434067,0.007116622493939827,0.0058818628982686685,0.06704806159341273,0.08391628246839858,0.07578230724731694,2.0306617751104272e-09,275,0.00033791308369846094,1.5190688591993198e-06,2.925943986456383e-05,0.005409199558582011,0.0735472607143326,0.005224620828869759,2024,5.513863621481717e-05,-0.016492754977755916,3.957752974896866e-05,3.694404944962403e-05,3.587127915371096e-05,3.6547885689157344e-05
2024-11-19,2024-11-20,2.925943986456383e-05,4.63305869791805e-05,3.873187022348736e-05,0.005409199558582011,0.006649645064655529,0.005899788609698913,0.0735472607143326,0.08102563608312782,0.0759064785525413,5.640311600489673e-09,275,0.0004680337903313065,2.531688172061569e-06,2.0865732556060467e-05,0.00456790242409582,0.06758625913671965,0.007665696097610421,2024,5.513863621481717e-05,-0.016492754977755916,3.969623882281196e-05,3.736187121528854e-05,3.638209105279356e-05,3.7446912677175196e-05
2024-11-20,2024-11-21,2.0865732556060467e-05,3.6999372167803685e-05,3.8626348700826175e-05,0.00456790242409582,0.005919792476752296,0.005888542831285135,0.06758625913671965,0.07641317157114422,0.07582437980884861,2.0620344427649795e-09,275,0.00033511186379932745,1.530758294992216e-06,3.0640868779233576e-05,0.005535419476357106,0.0744003997056273,0.011912151313593562,2024,5.513863621481717e-05,-0.016492754977755916,3.405008520344017e-05,3.133013393535229e-05,3.0411343637706446e-05,3.117319320647035e-05
2024-11-21,2024-11-25,3.0640868779233576e-05,3.0573802103024916e-05,3.9079352955618484e-05,0.005535419476357106,0.0054423421300064945,0.005933473157706476,0.0744003997056273,0.07349137384716242,0.0761411664800119,5.2356613700560016e-09,275,0.00044065012868103187,2.439183304560249e-06,0.00013354466871143763,0.011556152850816643,0.10749954814238358,-0.023469002627496443,2024,5.513863621481717e-05,-0.016492754977755916,3.428590152078348e-05,3.1857570808978396e-05,3.1010207004796906e-05,3.220900919704753e-05
2024-11-25,2024-11-26,0.00013354466871143763,4.690394275048603e-05,4.4076322605148266e-05,0.011556152850816643,0.0063128233746571295,0.006237882388959085,0.10749954814238358,0.07801630585849517,0.07785898221810306,1.9645047664831594e-07,275,0.0012929208225152197,1.4941190648989456e-05,4.1934771661655685e-05,0.00647570626740093,0.0804717731095875,0.004789637587219778,2024,5.513863621481717e-05,-0.016492754977755916,6.77769727205835e-05,5.69060414926973e-05,5.110146601805243e-05,5.8631116985127675e-05
2024-11-26,2024-11-27,4.1934771661655685e-05,5.124909631459023e-05,4.506156756288672e-05,0.00647570626740093,0.0067088761154505015,0.006327639837957946,0.0804717731095875,0.08070104816173014,0.0784672533418497,1.2066808117260257e-08,275,0.0005718310401049154,3.7030098503017935e-06,5.306042308234183e-05,0.007284258581512729,0.08534786805487721,-0.0029409273560146417,2024,5.513863621481717e-05,-0.016492754977755916,4.559152287883926e-05,4.173272714515089e-05,3.9988718405754174e-05,4.22716807756657e-05
2024-11-27,2024-11-28,5.306042308234183e-05,5.6009292958145846e-05,4.635003109225301e-05,0.007284258581512729,0.0070838879200366455,0.006432772482281349,0.08534786805487721,0.08306116962983905,0.07914180493731665,4.616537931938218e-08,275,0.000994332223278086,7.242973030288029e-06,1.2824371270085792e-05,0.003581113132824177,0.059842402465343725,0.01081777277590517,2024,5.513863621481717e-05,-0.016492754977755916,5.040863570338714e-05,4.667172003747633e-05,4.473663007279191e-05,4.67768523611186e-05
2024-11-28,2024-12-02,1.2824371270085792e-05,5.4401020700950905e-05,4.6188339573623634e-05,0.003581113132824177,0.006886530061782317,0.006411576850225435,0.059842402465343725,0.08151239829556386,0.07897012716735705,6.999692775991877e-10,245,0.00026385383861885663,9.448904466240584e-07,3.738870319694513e-05,0.00611463025840035,0.07819610129923582,-0.007573833483493786,2024,5.513863621481717e-05,-0.016492754977755916,3.929454460230334e-05,3.395588745573283e-05,3.189785004109594e-05,3.303331055072733e-05
2024-12-02,2024-12-03,3.738870319694513e-05,5.575058758449322e-05,4.560678663850056e-05,0.00611463025840035,0.007002372218190965,0.006367515193135001,0.07819610129923582,0.08227153861428557,0.07869874892071343,1.0168406399115197e-08,275,0.0005559233432452899,3.3992656959587333e-06,2.1979131591848564e-05,0.004688190652250457,0.06847036331326464,0.0032600011968300776,2024,5.513863621481717e-05,-0.016492754977755916,4.613238849521336e-05,4.222956720992794e-05,4.036890359328723e-05,4.2515290995575694e-05
2024-12-03,2024-12-04,2.1979131591848564e-05,3.34374801605754e-05,4.576158206225655e-05,0.004688190652250457,0.005628779778477728,0.006384718690472818,0.06847036331326464,0.07446570164846178,0.07882701953441622,4.5291868188011945e-09,275,0.00048390879638472034,2.2686566957526156e-06,2.656057654505079e-05,0.005153695426104533,0.07178924310859207,-0.0008196311041821293,2024,5.513863621481717e-05,-0.016492754977755916,3.389745575611241e-05,3.106011170443584e-05,3.0107173070629722e-05,3.078302286262939e-05
2024-12-04,2024-12-05,2.656057654505079e-05,3.036264113725442e-05,4.621037090865395e-05,0.005153695426104533,0.00536437761021845,0.006433295772407647,0.07178924310859207,0.07272919564826269,0.07918498504935065,4.251874763730804e-09,275,0.0004265109122526722,2.1981073376602685e-06,4.4718888496334524e-05,0.00668721829285799,0.08177541374311713,-0.00152402424446479,2024,5.513863621481717e-05,-0.016492754977755916,3.401349572757692e-05,3.1191309461313834e-05,3.0223355379170887e-05,3.12819758654373e-05
2024-12-05,2024-12-09,4.4718888496334524e-05,2.869433422005296e-05,4.74354386654834e-05,0.00668721829285799,0.0052449695524875006,0.006545663007294211,0.08177541374311713,0.07201470478591068,0.07995095372824416,3.6512001244932745e-08,275,0.0009632321783219078,6.4413438431437105e-06,2.057918244178517e-05,0.004536428379439619,0.06735301314298878,0.010570890856973238,2024,5.513863621481717e-05,-0.016492754977755916,3.8286567335822234e-05,3.517677773536106e-05,3.3845443527535695e-05,3.528900487966597e-05
2024-12-09,2024-12-10,2.057918244178517e-05,3.024529645439284e-05,4.737885210904721e-05,0.004536428379439619,0.00543603260181059,0.006539517674529397,0.06735301314298878,0.07351682692143968,0.07990566833118441,2.6089763259503196e-09,275,0.0003795593326632597,1.7218437283747744e-06,2.4702706648064352e-05,0.004970181752015147,0.07049951597007703,0.005325820518268833,2024,5.513863621481717e-05,-0.016492754977755916,3.255177110825091e-05,2.9987245651700962e-05,2.928803736728885e-05,2.9750919724512005e-05
2024-12-10,2024-12-11,2.4702706648064352e-05,2.770809714461668e-05,4.6766333886658046e-05,0.004970181752015147,0.00520714290053355,0.006484578502168673,0.07049951597007703,0.07197750985560793,0.07953720904311272,5.323643600389955e-09,275,0.0004948697188000044,2.459592446004649e-06,3.183511389876827e-05,0.005642261417088743,0.0751149879657099,0.010360944760915878,2024,5.513863621481717e-05,-0.016492754977755916,3.261711609493456e-05,3.003793883129303e-05,2.9299236439525014e-05,2.9953673554348214e-05
2024-12-11,2024-12-12,3.183511389876827e-05,2.9679293606000618e-05,4.710404278369779e-05,0.005642261417088743,0.005397957053501207,0.006516490651021422,0.0751149879657099,0.07330643478609697,0.07975668510269668,5.372938411070375e-09,275,0.0004379367500273967,2.470953627804818e-06,3.905499739460028e-05,0.006249399762745242,0.07905314517933643,-0.009325956459957756,2024,5.513863621481717e-05,-0.016492754977755916,3.524703659906618e-05,3.285040716703934e-05,3.207589068556047e-05,3.32065294029021e-05
2024-12-12,2024-12-16,3.905499739460028e-05,3.217817777591052e-05,4.674647361095564e-05,0.006249399762745242,0.005617097920829348,0.006489193894418265,0.07905314517933643,0.07475921520024585,0.07958799650711633,1.1204244884495308e-08,275,0.0005709678484236753,3.5682063364740777e-06,1.449042134661663e-05,0.003806628606341395,0.061697881700601316,-0.013327723233519044,2024,5.513863621481717e-05,-0.016492754977755916,3.8009607410223174e-05,3.564116747784348e-05,3.475033309307633e-05,3.61440017177756e-05
2024-12-16,2024-12-17,1.449042134661663e-05,2.6132484345966942e-05,4.0118165106491126e-05,0.003806628606341395,0.00504097998352603,0.0060867004111381795,0.061697881700601316,0.07074370879174269,0.07727775179709759,9.163054325240395e-10,275,0.0002680638727919893,1.0204196064966472e-06,2.6231511558935166e-05,0.005121670778069903,0.07156584924438404,-0.002503311572843838,2024,5.513863621481717e-05,-0.016492754977755916,2.8559100906971545e-05,2.5688424128583066e-05,2.4909821015758595e-05,2.5269986521302076e-05
2024-12-17,2024-12-18,2.6231511558935166e-05,2.726295016939694e-05,3.9637994680467184e-05,0.005121670778069903,0.005158028463252086,0.006043780458481906,0.07156584924438404,0.07158627601202175,0.07699056537900778,5.15926816032952e-09,275,0.00047276036163908404,2.4213229292366564e-06,8.782301176622032e-05,0.009371393267077224,0.0968059567747627,-0.013656823994140236,2024,5.513863621481717e-05,-0.016492754977755916,3.1981812004004506e-05,2.9570074677346118e-05,2.8812543120555953e-05,2.965764057653419e-05
2024-12-18,2024-12-19,8.782301176622032e-05,3.988701119302813e-05,4.0904000720085755e-05,0.009371393267077224,0.006038270766264501,0.006117748938576167,0.0968059567747627,0.07684756417295888,0.07739081374873855,1.3096407354958722e-07,275,0.001301758997696763,1.219929550637264e-05,3.833326379120006e-05,0.006191386257632458,0.07868536241025048,-0.004320739352239489,2024,5.513863621481717e-05,-0.016492754977755916,5.286828960075403e-05,4.7201325564977305e-05,4.40824007348587e-05,4.780127329053728e-05
2024-12-19,2024-12-23,3.833326379120006e-05,4.118664117151449e-05,3.957724877364281e-05,0.006191386257632458,0.006148095734373244,0.006025668070122552,0.07868536241025048,0.077561639061867,0.07684703105390277,8.017433739504784e-09,275,0.00048751552983167094,3.018396951782214e-06,1.578806430450232e-05,0.003973419724179956,0.06303506741631959,0.0085274876557079,2024,5.513863621481717e-05,-0.016492754977755916,4.026975578883003e-05,3.738462675372501e-05,3.6067978944406345e-05,3.7989583937104615e-05
2024-12-23,2024-12-26,1.578806430450232e-05,3.65332545534949e-05,3.744176446461441e-05,0.003973419724179956,0.005692899726660187,0.005846156638944999,0.06303506741631959,0.07435802350926363,0.07566638010348382,1.0737678865035895e-09,275,0.00027800296397636093,1.1046224604441624e-06,1.2507309515709345e-05,0.0035365674764818705,0.05946904637272966,0.00508174783338584,2024,5.513863621481717e-05,-0.016492754977755916,3.2408334380241675e-05,2.861464637820765e-05,2.730177469983685e-05,2.8207502131413058e-05
2024-12-26,2024-12-30,1.2507309515709345e-05,3.6136632187313445e-05,3.5651461921049745e-05,0.0035365674764818705,0.005638887500688282,0.005679466677532199,0.05946904637272966,0.07391225644368929,0.07451156911652973,9.943644519863874e-10,275,0.00030057268459933147,1.0629955806728388e-06,2.757909455364123e-05,0.005251580195868785,0.07246778729800425,-0.010339113910655324,2024,5.513863621481717e-05,-0.016492754977755916,3.1187257841405566e-05,2.699432918176331e-05,2.5536408103153072e-05,2.6356043828503452e-05
2024-12-30,2025-01-02,2.757909455364123e-05,3.6406148786254655e-05,3.5986466044345494e-05,0.005251580195868785,0.005664869384248058,0.0057138365699155955,0.07246778729800425,0.07409264405441333,0.07475792028492025,8.210147104410852e-09,275,0.0005816264273533415,3.0544578272827232e-06,1.6829959819416845e-05,0.004102433402191539,0.06405024123445234,0.02138018434360125,2025,5.308574220289716e-05,-0.016492754977755916,3.5218783706554555e-05,3.1800370566179176e-05,3.0366458653387697e-05,3.179939555368351e-05
2025-01-02,2025-01-06,1.6829959819416845e-05,2.2207538396893958e-05,3.5421489678656996e-05,0.004102433402191539,0.004611077411270923,0.005654438108261483,0.06405024123445234,0.06754150094635127,0.07432623758128931,1.8976730945673005e-09,275,0.00035795449831226586,1.4684844903409543e-06,4.6747144765616e-05,0.006837188366983609,0.0826872926572373,-0.009261912118326178,2025,5.308574220289716e-05,-0.016492754977755916,2.7037211284994423e-05,2.40166177120419e-05,2.3081522445190877e-05,2.3797165984804995e-05
2025-01-06,2025-01-07,4.6747144765616e-05,2.3890314591777145e-05,3.659791750636407e-05,0.006837188366983609,0.004740237833141152,0.005757587469301837,0.0826872926572373,0.06834188699574863,0.0750126481958583,4.371357854258771e-08,275,0.0010308353406644974,7.048015399466888e-06,3.697052962732699e-05,0.0060803395980263296,0.07797653235446117,0.00329589797780521,2025,5.308574220289716e-05,-0.016492754977755916,3.52097549620041e-05,3.147473979070239e-05,2.9799998219459742e-05,3.166380641804856e-05
2025-01-07,2025-01-08,3.697052962732699e-05,2.812680765634208e-05,3.6885629363095585e-05,0.0060803395980263296,0.005161621807910426,0.005782356565741346,0.07797653235446117,0.07133017998337694,0.07517519967989622,6.00550171276723e-08,275,0.001358643374983977,8.26101311251121e-06,3.242326160733847e-05,0.005694142745606091,0.07545954376754534,0.004530547192439914,2025,5.308574220289716e-05,-0.016492754977755916,3.445399188409755e-05,3.158882231753754e-05,3.0366988778921872e-05,3.084016318478434e-05
2025-01-08,2025-01-09,3.242326160733847e-05,3.21099980746679e-05,3.2289201767454715e-05,0.005694142745606091,0.005593136861735271,0.0055159015609590484,0.07545954376754534,0.07452827946234007,0.0737188358446763,2.8377214839177873e-08,275,0.0009972756100210263,5.678629680171115e-06,1.5227079880032663e-05,0.0039021891138222224,0.06246750446289833,0.004772121208334085,2025,5.308574220289716e-05,-0.016492754977755916,3.435881717313595e-05,3.236906518378578e-05,3.159176630904606e-05,3.200581888404313e-05
2025-01-09,2025-01-13,1.5227079880032663e-05,2.9639595139946194e-05,3.1075215777380945e-05,0.0039021891138222224,0.0053232586453259585,0.005398923508523652,0.06246750446289833,0.07252822289531889,0.0729004599970995,1.4085634489392083e-09,275,0.00032421907188032216,1.2651641327849377e-06,2.817222124720718e-05,0.005307751053620279,0.07285431389849388,0.000688367105825586,2025,5.308574220289716e-05,-0.016492754977755916,2.9024145871517453e-05,2.6395375276734066e-05,2.5529097565481917e-05,2.6020662815042653e-05
2025-01-13,2025-01-14,2.817222124720718e-05,3.1908047425504265e-05,2.9943933875783922e-05,0.005307751053620279,0.005564322175611706,0.0053090822572558136,0.07285431389849388,0.0742890374281272,0.07233257117180937,6.5330848904003906e-09,264,0.0005239280531693829,2.7808796762310133e-06,1.813881688080071e-05,0.004258968992702425,0.06526077683189517,0.0007477530566392112,2025,5.308574220289716e-05,-0.016492754977755916,3.297334776189458e-05,3.0947093274654175e-05,3.01810658987165e-05,3.112154144382789e-05
2025-01-14,2025-01-15,1.813881688080071e-05,2.6186381848541203e-05,3.018549958536187e-05,0.004258968992702425,0.005048678300755469,0.005339893887250279,0.06526077683189517,0.07080373426305878,0.07257886091574352,1.7571624480296966e-09,275,0.00033178759348558836,1.4130730728184778e-06,2.6272927519715846e-05,0.00512571239143554,0.07159408070109945,0.008066319144786747,2025,5.308574220289716e-05,-0.016492754977755916,2.831813021733228e-05,2.5951317901847126e-05,2.5225896151769467e-05,2.5818289193302432e-05
2025-01-15,2025-01-16,2.6272927519715846e-05,2.4046861427018977e-05,2.9680237054578716e-05,0.00512571239143554,0.004857752859437311,0.005294943075115515,0.07159408070109945,0.06952724393238643,0.07227876907037369,1.3097629389133036e-08,275,0.000752663366764298,3.8579359456033545e-06,2.1124431427921515e-05,0.004596132224808324,0.06779478021801033,0.006452144820385519,2025,5.308574220289716e-05,-0.016492754977755916,2.9450707013781055e-05,2.7130769236683086e-05,2.6353703789743108e-05,2.6992069272285884e-05
2025-01-16,2025-01-20,2.1124431427921515e-05,2.1787095391135583e-05,2.9641387047127485e-05,0.004596132224808324,0.0046381507552777585,0.005290758601140874,0.06779478021801033,0.06799429122247944,0.07224806074786212,3.5596227707338567e-09,275,0.00043759075470467513,2.0112249689763523e-06,2.0648662040059722e-05,0.004544079889269083,0.06740979075230158,0.004626746322366484,2025,5.308574220289716e-05,-0.016492754977755916,2.7304266695107663e-05,2.4877154132958007e-05,2.4149523572723173e-05,2.4875703224018098e-05
2025-01-20,2025-01-21,2.0648662040059722e-05,2.2871411823140993e-05,2.9372663660536987e-05,0.004544079889269083,0.0047665289103671305,0.005263048804011989,0.06740979075230158,0.06898274848036008,0.07204899473166711,2.9998609337143233e-09,245,0.0004304736490333012,1.9561066514325013e-06,1.565584457882085e-05,0.003956746716536307,0.06290267654509073,0.00904092457440985,2025,5.308574220289716e-05,-0.016492754977755916,2.757435634870089e-05,2.528806986422836e-05,2.4628134863908617e-05,2.525312850063431e-05
2025-01-21,2025-01-22,1.565584457882085e-05,2.0368136489463726e-05,2.8051616209740914e-05,0.003956746716536307,0.004496328042950336,0.0051389364596337314,0.06290267654509073,0.06699242100967946,0.07119114304084773,1.517812301300302e-09,275,0.00033191696249552444,1.3133113515168711e-06,1.842712757800349e-05,0.004292683027897994,0.0655185700996137,-0.0001453140859322384,2025,5.308574220289716e-05,-0.016492754977755916,2.523232710446725e-05,2.264387526363443e-05,2.1931932504591144e-05,2.244165679606341e-05
2025-01-22,2025-01-23,1.842712757800349e-05,2.0425798628904285e-05,2.7953795534114477e-05,0.004292683027897994,0.00450307084998945,0.005127857125472749,0.0655185700996137,0.06704397966322316,0.07110775926614886,1.9627268354222347e-09,275,0.0003479042809924374,1.4934428023492908e-06,2.5158650087199508e-05,0.005015839918418401,0.07082259468854837,0.007414916586070595,2025,5.308574220289716e-05,-0.016492754977755916,2.5928936847791293e-05,2.3416534682382914e-05,2.2701156845561646e-05,2.337902479970259e-05
2025-01-23,2025-01-27,2.5158650087199508e-05,2.0202943142401014e-05,2.7974520235893342e-05,0.005015839918418401,0.004481096355386022,0.0051299324966728975,0.07082259468854837,0.06688968246071295,0.07112244466244301,6.009146121281056e-09,275,0.0005209803927511918,2.613154250674724e-06,3.992663744586106e-05,0.006318752839434461,0.07949058333811912,-0.010803951608202843,2025,5.308574220289716e-05,-0.016492754977755916,2.7509693040998007e-05,2.499250635393346e-05,2.418883287493744e-05,2.5153493114639174e-05
2025-01-27,2025-01-28,3.992663744586106e-05,2.3963384345988928e-05,2.83423167607612e-05,0.006318752839434461,0.004825620478311249,0.005160682106779521,0.07949058333811912,0.06922884308473469,0.07132133536118888,2.0236314650340248e-08,275,0.0007589147742934829,4.7953948849557085e-06,7.3157252236177215e-06,0.0027047597349150482,0.05200730463035984,0.007273506515802378,2025,5.308574220289716e-05,-0.016492754977755916,3.2647670003927855e-05,2.980521236103369e-05,2.8623764836823253e-05,3.0276636932952987e-05
2025-01-28,2025-01-29,7.3157252236177215e-06,2.1296796982700525e-05,2.6899622571171077e-05,0.0027047597349150482,0.004457756447440442,0.004999562105514512,0.05200730463035984,0.06614834586034636,0.07009197897259903,2.9712741133207354e-10,275,0.00021483316712998075,5.81072100177447e-07,2.319222522015546e-05,0.004815830688485161,0.06939618641168376,-0.0007169970168253862,2025,5.308574220289716e-05,-0.016492754977755916,2.3401532845176438e-05,1.9646531221740575e-05,1.8412135194700706e-05,1.8920449527723498e-05
2025-01-29,2025-01-30,2.319222522015546e-05,2.280407311096745e-05,2.729515911087739e-05,0.004815830688485161,0.004629573241830213,0.005045434927430138,0.06939618641168376,0.06744704783366497,0.07044190191401187,5.53016861945641e-09,275,0.0005205430360714479,2.506847127790117e-06,1.832139846713666e-05,0.004280350273883746,0.06542438592668445,0.012781581737642097,2025,5.308574220289716e-05,-0.016492754977755916,2.7949807039667536e-05,2.5080551276801247e-05,2.3995116296760684e-05,2.5128187852027235e-05
2025-01-30,2025-02-03,1.832139846713666e-05,2.2782927288794083e-05,2.6935608515795633e-05,0.004280350273883746,0.0046271066910273636,0.005007193086330767,0.06542438592668445,0.06742821099907911,0.07016274449048007,3.70689833759459e-09,275,0.00047949567212518404,2.0524094315071026e-06,3.219390277409671e-05,0.00567396711076974,0.07532574002802588,0.008217213776050654,2025,5.308574220289716e-05,-0.016492754977755916,2.6698098074986518e-05,2.378620969744754e-05,2.2757559747807566e-05,2.3606329050726317e-05
2025-02-03,2025-02-04,3.219390277409671e-05,2.4189977826173522e-05,2.440701265251729e-05,0.00567396711076974,0.004758732129497631,0.004839128261044063,0.07532574002802588,0.06832884006697461,0.06918637100199204,1.110265648516401e-08,275,0.0006260158098822441,3.5519931160937357e-06,2.5837271667581663e-05,0.005083037641763207,0.07129542511103505,0.012776832880486354,2025,5.308574220289716e-05,-0.016492754977755916,3.03921837877239e-05,2.748820167157526e-05,2.6216592568610707e-05,2.786241856513456e-05
2025-02-04,2025-02-05,2.5837271667581663e-05,2.1372104670517643e-05,2.3839013010534632e-05,0.005083037641763207,0.00451158908996338,0.004788748778504551,0.07129542511103505,0.06668980842155779,0.0688504647611186,1.4097393809937333e-08,275,0.0007874169406444536,4.002469949057782e-06,3.678862534709784e-05,0.006065362754782095,0.07788043884559263,0.004636689602044377,2025,5.308574220289716e-05,-0.016492754977755916,2.76744132867491e-05,2.490274782152796e-05,2.383476086120742e-05,2.4802908724185358e-05
2025-02-05,2025-02-06,3.678862534709784e-05,2.726668469521367e-05,2.479358396701625e-05,0.006065362754782095,0.00518370969393679,0.0048838370980773755,0.07788043884559263,0.07186443526460436,0.0695252543715401,2.1382602125373035e-08,275,0.0008127035584025312,4.929341893813588e-06,3.849794509925749e-05,0.006204671232165125,0.0787697355090464,-0.0006904634879605152,2025,5.308574220289716e-05,-0.016492754977755916,3.275406900365162e-05,3.053857579224063e-05,2.9637748549491998e-05,3.078042946732801e-05
2025-02-06,2025-02-10,3.849794509925749e-05,3.032782867103407e-05,2.5974976493541164e-05,0.006204671232165125,0.0054614778026727834,0.005005114541517524,0.0787697355090464,0.07373914508407689,0.07040255842319088,2.1279240963491618e-08,275,0.0007925340968475951,4.917413511220242e-06,7.553999379606375e-05,0.008691374678154415,0.09322754248694114,0.01721626741106323,2025,5.308574220289716e-05,-0.016492754977755916,3.4483647019592196e-05,3.242470674015785e-05,3.15488889168758e-05,3.272657861645641e-05
2025-02-10,2025-02-11,7.553999379606375e-05,4.1771547736819494e-05,2.8155017368196735e-05,0.008691374678154415,0.006343682683526916,0.005161468836166871,0.09322754248694114,0.07929977639612823,0.07134618365905164,2.414541796242496e-07,275,0.00190584490420332,1.656441214088236e-05,4.4563178156500396e-05,0.0066755657555371585,0.08170413548613778,-0.010637873310737499,2025,5.308574220289716e-05,-0.016492754977755916,4.828259629961401e-05,4.4649273985242763e-05,4.264012917420701e-05,4.322935933239595e-05
2025-02-11,2025-02-12,4.4563178156500396e-05,4.4245402813300226e-05,2.9415618201700536e-05,0.0066755657555371585,0.0065440024124804015,0.005278429397682579,0.08170413548613778,0.08057545548775061,0.07214863339776462,9.180574848750189e-09,275,0.0004838441824704937,3.2299336555159002e-06,4.814034048871853e-05,0.006938324040337012,0.0832966028139024,0.011371433593440021,2025,5.308574220289716e-05,-0.016492754977755916,4.171399464161817e-05,3.981888011140671e-05,3.883275300338379e-05,4.0854771454490044e-05
2025-02-12,2025-02-13,4.814034048871853e-05,4.87060165775276e-05,2.947894528002337e-05,0.006938324040337012,0.006915059692195161,0.005283026473744098,0.0832966028139024,0.08297569102832407,0.07217632931397668,4.879258031623072e-08,275,0.0010732007757923258,7.446214742788226e-06,2.3969363564690703e-05,0.004895851668983722,0.06997036279013939,0.003458026908026731,2025,5.308574220289716e-05,-0.016492754977755916,4.4321306613596015e-05,4.270836984065263e-05,4.1780360364206625e-05,4.260189588116272e-05
2025-02-13,2025-02-17,2.3969363564690703e-05,4.614216422104617e-05,2.8887983186267175e-05,0.004895851668983722,0.006681157475035486,0.00522918611333307,0.06997036279013939,0.08139367581723342,0.0718124125155984,2.84479695258309e-09,275,0.000367245133549738,1.7979777000156347e-06,1.68710492962926e-05,0.004107438288799066,0.06408929933147238,-0.006089485054011317,2025,5.308574220289716e-05,-0.016492754977755916,3.729454194672659e-05,3.537290987818767e-05,3.457334219338677e-05,3.537097316391238e-05
2025-02-17,2025-02-18,1.68710492962926e-05,4.1816785060453204e-05,2.8181064444856003e-05,0.004107438288799066,0.006261710886362275,0.005157063183478206,0.06408929933147238,0.07845758858171861,0.07129558322304962,1.3428422680738273e-09,245,0.00031862762242557255,1.3087432962198086e-06,1.9257003788921944e-05,0.004388280276933316,0.06624409616662692,0.006355794161174689,2025,5.308574220289716e-05,-0.016492754977755916,3.379825585425486e-05,3.1030625974392675e-05,2.9938940258574346e-05,3.065941269249315e-05
2025-02-18,2025-02-19,1.9257003788921944e-05,3.056018705902483e-05,2.836424280435097e-05,0.004388280276933316,0.005401092006118055,0.005179158236346891,0.06624409616662692,0.07306089931765578,0.07146724648231001,3.9264793504774334e-09,275,0.00048135552931769887,2.1123229754976544e-06,3.015482819823166e-05,0.005491341202131922,0.07410358427317751,0.003608549892033968,2025,5.308574220289716e-05,-0.016492754977755916,3.0077760604282858e-05,2.768061042935121e-05,2.6860090969344515e-05,2.742550523411404e-05
2025-02-19,2025-02-20,3.015482819823166e-05,2.767851706737109e-05,2.845436130212481e-05,0.005491341202131922,0.005164247095437008,0.005187503243097421,0.07410358427317751,0.07154078907506371,0.07152403149934108,1.2527433905401803e-08,275,0.0006870863088718962,3.7730253573289835e-06,4.7201921587397776e-05,0.006870365462433405,0.08288766773431018,-0.0038986996201877656,2025,5.308574220289716e-05,-0.016492754977755916,3.167329179380247e-05,2.9343268809272456e-05,2.845782148263174e-05,2.9448828273629974e-05
2025-02-20,2025-02-24,4.7201921587397776e-05,2.749083328710694e-05,2.9775411516061037e-05,0.006870365462433405,0.005150655379856286,0.005306203082630647,0.08288766773431018,0.07145900205914527,0.07232525381308721,1.8222992387887324e-08,275,0.0006623517243103065,4.550598410684742e-06,2.841741678202982e-05,0.005330798887786878,0.07301232010960122,0.002860736214081901,2025,5.308574220289716e-05,-0.016492754977755916,3.596025839522995e-05,3.303554491275499e-05,3.1706740412063845e-05,3.395111066530615e-05
2025-02-24,2025-02-25,2.841741678202982e-05,2.838044393057476e-05,2.9872888300711672e-05,0.005330798887786878,0.005237644823616917,0.005315525196101164,0.07301232010960122,0.07206739352303765,0.07238971924074639,5.709983832845435e-09,275,0.0004778414337003109,2.547276583308105e-06,6.63324063698616e-05,0.008144470907914252,0.09024672242200407,-0.007488004424369507,2025,5.308574220289716e-05,-0.016492754977755916,3.166911405790591e-05,2.9439321658937896e-05,2.861954323896232e-05,2.973055387283327e-05
2025-02-25,2025-02-26,6.63324063698616e-05,3.827271534528856e-05,3.192779625261804e-05,0.008144470907914252,0.0060450513474399545,0.005476813318060523,0.09024672242200407,0.07729887814114397,0.07341026206820064,7.129595332566251e-08,275,0.0011051678125959393,9.001007098050857e-06,3.0413264383904267e-05,0.0055148222440894925,0.07426184918307309,-0.0060628552177797775,2025,5.308574220289716e-05,-0.016492754977755916,4.507333289496587e-05,4.1705209256513784e-05,3.989838511458648e-05,4.2236389730824036e-05
2025-02-26,2025-02-27,3.0413264383904267e-05,4.050396746428503e-05,3.237164181370188e-05,0.0055148222440894925,0.00627035974087119,0.00552093797055236,0.07426184918307309,0.07890242874443323,0.07372171926959935,4.712384327728107e-09,275,0.0004196116107855286,2.314083445038256e-06,6.736141736253499e-05,0.008207400158548076,0.09059470270688058,-0.01168163144774008,2025,5.308574220289716e-05,-0.016492754977755916,3.710008752498498e-05,3.534340629406393e-05,3.463374796935875e-05,3.5694138309833456e-05
2025-02-27,2025-03-03,6.736141736253499e-05,4.794528529714569e-05,3.4721895122052525e-05,0.008207400158548076,0.00681357153215442,0.005714149490643804,0.09059470270688058,0.08220065243117383,0.0749804477314989,4.141940239855824e-08,275,0.0008359012407949175,6.8605759762307395e-06,2.6009043419018616e-05,0.005099906216688559,0.07141362766789375,0.009567233107015578,2025,5.308574220289716e-05,-0.016492754977755916,4.9354732412270286e-05,4.673685410064052e-05,4.519111919726175e-05,4.790511082040275e-05
2025-03-03,2025-03-04,2.6009043419018616e-05,4.370670966346986e-05,3.5066527660280486e-05,0.005099906216688559,0.0064594796830054505,0.005750841453770649,0.07141362766789375,0.07990584441789055,0.07524840489369344,6.016145990973092e-09,275,0.0005126909570800392,2.6146757992524994e-06,4.578562778006973e-05,0.006766507797975979,0.0822587855367193,0.006656341906710871,2025,5.308574220289716e-05,-0.016492754977755916,3.753842642535202e-05,3.547862352379812e-05,3.4656493049030695e-05,3.536605244064686e-05
2025-03-04,2025-03-05,4.578562778006973e-05,4.7180351863077844e-05,3.600411755541095e-05,0.006766507797975979,0.006746621465043272,0.00583041726647781,0.0822587855367193,0.08175513750331416,0.07576823175042849,1.6345912642863025e-08,275,0.0006369402060919132,4.3098608713653576e-06,3.8497968446686635e-05,0.006204673113604506,0.07876974745169942,0.002316400725524094,2025,5.308574220289716e-05,-0.016492754977755916,4.386672749800701e-05,4.2018005741348874e-05,4.103407383098712e-05,4.2708002371722696e-05
2025-03-05,2025-03-06,3.8497968446686635e-05,4.161346427844285e-05,3.593917805544848e-05,0.006204673113604506,0.006358661906181322,0.005825231824394631,0.07876974745169942,0.07945974250925322,0.07573546648286397,3.188388927365718e-08,275,0.0009701198790220436,6.01927673034133e-06,4.758369595040736e-05,0.006898093646103057,0.08305476293448232,-0.003664068457200766,2025,5.308574220289716e-05,-0.016492754977755916,3.991631594996182e-05,3.81870078682336e-05,3.740958293767937e-05,3.794137088417789e-05
2025-03-06,2025-03-10,4.758369595040736e-05,4.504755059174347e-05,3.7769540361211645e-05,0.006898093646103057,0.006635316186584035,0.006015837911266813,0.08305476293448232,0.08121832525953507,0.07714671458759681,1.3052195203506344e-08,275,0.0005583047954766813,3.8512387622665616e-06,4.060300903334932e-05,0.00637204904511487,0.07982511537802417,-0.0033772230208620165,2025,5.308574220289716e-05,-0.016492754977755916,4.368407978884748e-05,4.205355927125472e-05,4.122728161523973e-05,4.29933471832087e-05
2025-03-10,2025-03-11,4.060300903334932e-05,3.969586892590633e-05,3.856093962544773e-05,0.00637204904511487,0.006268245963897394,0.006086575109295437,0.07982511537802417,0.0790644077937638,0.07762075681333956,7.579154344715e-09,275,0.00046056393784272914,2.9347360003451064e-06,1.585121558422458e-05,0.003981358509883854,0.06309800717838761,0.006232067086992434,2025,5.308574220289716e-05,-0.016492754977755916,3.998611815012627e-05,3.854358853491461e-05,3.794198630409366e-05,3.934220302660832e-05
2025-03-11,2025-03-12,1.585121558422458e-05,3.7664303358947524e-05,3.844865858531536e-05,0.003981358509883854,0.006044536422536453,0.006072984574568168,0.06309800717838761,0.07740128369586255,0.0775150123247806,1.1652665878691246e-09,275,0.0002890280711362372,1.1507243706135739e-06,1.8718113876160145e-05,0.004326443559802918,0.06577570645612951,0.010466377004482491,2025,5.308574220289716e-05,-0.016492754977755916,3.3072945724516655e-05,3.0780322304578615e-05,2.999974080815342e-05,3.0286624704835182e-05
2025-03-12,2025-03-13,1.8718113876160145e-05,3.22508005781656e-05,3.783612272631825e-05,0.004326443559802918,0.00555652357490184,0.006011733504069677,0.06577570645612951,0.0741046678797446,0.0770809198896944,4.878712748768454e-09,275,0.0005442272023426406,2.354568274644877e-06,2.4225718012251325e-05,0.004921962821096003,0.07015670189722435,0.01584628768605405,2025,5.308574220289716e-05,-0.016492754977755916,3.163206970190469e-05,2.924607954486762e-05,2.8453666103633755e-05,2.876338952218831e-05
2025-03-13,2025-03-17,2.4225718012251325e-05,2.9396350491278545e-05,3.7762870287439596e-05,0.004921962821096003,0.00529998151640014,0.0060044119213120755,0.07015670189722435,0.0723820587688496,0.07702915974361209,3.6961188903852264e-09,275,0.0004163832985143819,2.049423114613106e-06,1.4468506703597422e-05,0.003803749032677816,0.06167454120362644,0.00625226502713239,2025,5.308574220289716e-05,-0.016492754977755916,3.188757112943972e-05,2.9531044872083187e-05,2.872298586002156e-05,2.9578560411078187e-05
2025-03-17,2025-03-18,1.4468506703597422e-05,2.277331264191656e-05,3.674831944000776e-05,0.003803749032677816,0.004681112593715092,0.005901611297580064,0.06167454120362644,0.06810601442267841,0.07629252803261362,1.3777765341518751e-09,275,0.00032895477954825414,1.251261424501416e-06,2.260924356731421e-05,0.004754917829712119,0.06895591221724298,0.008217848385295554,2025,5.308574220289716e-05,-0.016492754977755916,2.6816334286812365e-05,2.390207700556702e-05,2.3039037609350466e-05,2.351282561930058e-05
2025-03-18,2025-03-19,2.260924356731421e-05,1.9174559548709538e-05,3.602610573401034e-05,0.004754917829712119,0.004357686350634543,0.0058357134156503815,0.06895591221724298,0.06593217379052216,0.07584644515571348,5.593539209584847e-09,275,0.0005302235230653123,2.5211692835560286e-06,2.494919477531816e-05,0.004994916893734886,0.07067472598981113,0.004478842840357156,2025,5.308574220289716e-05,-0.016492754977755916,2.7365424809540013e-05,2.4629127599242896e-05,2.3792484792475185e-05,2.458486581684515e-05
2025-03-19,2025-03-20,2.494919477531816e-05,2.099415538692825e-05,3.372652396034008e-05,0.004994916893734886,0.004560398027404748,0.005667692607267675,0.07067472598981113,0.06744751755280688,0.07482131713311665,3.2489762333208936e-09,275,0.00038468359354891377,1.9214625801601137e-06,2.5581508292467216e-05,0.0050578165538567345,0.0711183278336656,-0.0063645266033366035,2025,5.308574220289716e-05,-0.016492754977755916,2.839212591836787e-05,2.590023972600833e-05,2.5118536652041425e-05,2.615381915237954e-05
2025-03-20,2025-03-24,2.5581508292467216e-05,2.2366834270189663e-05,3.286372078470221e-05,0.0050578165538567345,0.004706672626215512,0.005594158552645837,0.0711183278336656,0.0685160418283141,0.07434014405800428,3.1951186677494733e-09,275,0.0003767377040515419,1.905470196013868e-06,2.2010296165439843e-05,0.004691513206358887,0.06849462173308855,-0.005084397002087347,2025,5.308574220289716e-05,-0.016492754977755916,2.898204705259821e-05,2.662501010575691e-05,2.5880903639471416e-05,2.6917615438640276e-05
2025-03-24,2025-03-25,2.2010296165439843e-05,2.192374990082737e-05,3.167599149728046e-05,0.004691513206358887,0.004660582703268088,0.0054920307874650135,0.06849462173308855,0.06818362579548695,0.07366732673614912,4.592555405495528e-09,275,0.00048693716505345897,2.28447214051526e-06,1.5876438543970847e-05,0.003984524883090937,0.06312309310459158,0.0007691443435031694,2025,5.308574220289716e-05,-0.016492754977755916,2.7798634379705275e-05,2.5425816313165143e-05,2.472076076421408e-05,2.539584016980192e-05
2025-03-25,2025-03-26,1.5876438543970847e-05,2.220533626890205e-05,3.130813126906592e-05,0.003984524883090937,0.004696737873350712,0.0054506068426517056,0.06312309310459158,0.06847333617567998,0.07335608720498785,1.1181294245192562e-09,275,0.0002828968807057844,1.1272096605210062e-06,1.4821649256672606e-05,0.0038498895122681905,0.0620474778880511,0.005331049984584944,2025,5.308574220289716e-05,-0.016492754977755916,2.635022060342814e-05,2.3890899307429164e-05,2.3224286232055632e-05,2.368865339305291e-05
2025-03-26,2025-03-27,1.4821649256672606e-05,2.0647817406773735e-05,3.121497672181046e-05,0.0038498895122681905,0.004515732209861927,0.005438900080082121,0.0620474778880511,0.0670916493098416,0.07326327713937779,1.3249105644374306e-09,275,0.0003187158630018061,1.2270208583641587e-06,2.4120330678330888e-05,0.0049112453286647055,0.07008027774391812,0.013603129416015611,2025,5.308574220289716e-05,-0.016492754977755916,2.5480067606803094e-05,2.2805681489201784e-05,2.206486717765548e-05,2.2524728758595834e-05
2025-03-27,2025-03-31,2.4120330678330888e-05,2.048204458737628e-05,3.143603703496541e-05,0.0049112453286647055,0.0044989978968478905,0.005462671218797183,0.07008027774391812,0.06697275966066299,0.07343764902925468,3.719297843377531e-09,275,0.00041859835211299415,2.055839201401686e-06,3.7772401990642146e-05,0.006145925641483319,0.07839595424180587,0.0227709135263155,2025,5.308574220289716e-05,-0.016492754977755916,2.773939312901693e-05,2.5197945688057095e-05,2.4396447832859993e-05,2.5389960887755557e-05
2025-03-31,2025-04-01,3.7772401990642146e-05,2.2920223327011266e-05,3.178229038916589e-05,0.006145925641483319,0.004716619714373207,0.00549242505694952,0.07839595424180587,0.06842828494229106,0.0736327567551014,1.1917337980298892e-08,275,0.0005987713203760649,3.68000401128408e-06,4.8983454697638e-05,0.006998818092909545,0.08365893910939551,-0.006527797834161955,2025,5.308574220289716e-05,-0.016492754977755916,3.2090449628096514e-05,2.924782895723481e-05,2.8104619531962014e-05,2.9864248227673365e-05
2025-04-01,2025-04-02,4.8983454697638e-05,2.8314855033450896e-05,3.186326916690408e-05,0.006998818092909545,0.005178080691683339,0.005498263812880253,0.08365893910939551,0.07146114841755243,0.07366781454487802,2.1138932383399203e-08,275,0.0007002860625070942,4.901174764487036e-06,7.243087012468907e-05,0.008510632768759857,0.09225309083580809,0.007118786809927224,2025,5.308574220289716e-05,-0.016492754977755916,3.694632240274571e-05,3.377091536454051e-05,3.227102280138992e-05,3.4666813537139994e-05
2025-04-02,2025-04-03,7.243087012468907e-05,3.962574134959454e-05,3.3863880682479496e-05,0.008510632768759857,0.006083302268817123,0.005642801716560844,0.09225309083580809,0.07728714796379574,0.07454239503243287,3.854194152409982e-08,275,0.0007776131688852617,6.617980116534101e-06,0.00014412155563120135,0.012005063749568402,0.1095676218121412,-0.015852640975164686,2025,5.308574220289716e-05,-0.016492754977755916,4.731355192867876e-05,4.3285361649703595e-05,4.1062294244260285e-05,4.4881237107120294e-05
2025-04-03,2025-04-07,0.00014412155563120135,6.548572262450029e-05,3.7399751103449475e-05,0.012005063749568402,0.007714337116277166,0.005818283209363304,0.1095676218121412,0.08679117674861375,0.07542061773198457,1.4274867917577443e-07,275,0.0010609141517083276,1.2736342024077755e-05,0.00018034057712180493,0.013429094426721593,0.11588396967105326,-0.03404121468301403,2025,5.308574220289716e-05,-0.016492754977755916,7.537302365076765e-05,6.616092047837418e-05,6.091913510639189e-05,6.90596685113085e-05
2025-04-07,2025-04-08,0.00018034057712180493,9.672977191319511e-05,4.4214628955172246e-05,0.013429094426721593,0.009417906935888542,0.006178022854028401,0.11588396967105326,0.09595191513404078,0.07731253229962003,1.776201196418759e-07,275,0.0010579326375902073,1.4207077287309529e-05,9.802448607826128e-05,0.009900731593082466,0.099502420036311,0.0032737305747365447,2025,5.308574220289716e-05,-0.016492754977755916,9.709321716872624e-05,8.56655741316173e-05,7.865266778875564e-05,8.956003252592799e-05
2025-04-08,2025-04-09,9.802448607826128e-05,0.00010878018873071893,4.560840480588709e-05,0.009900731593082466,0.010168868126208373,0.006254992464689055,0.099502420036311,0.10017320829294181,0.07771742854186686,4.2771147108523354e-08,275,0.0007041526627703839,6.971626514643884e-06,0.00019657838203314653,0.014020641284661217,0.11840878888267212,0.03945978418569006,2025,5.308574220289716e-05,-0.016492754977755916,8.1530815976856e-05,7.684598848523481e-05,7.332283091122142e-05,7.94046312216245e-05
2025-04-09,2025-04-10,0.00019657838203314653,0.00013829917419782062,5.3361556561074706e-05,0.014020641284661217,0.011573232764558707,0.006660480422324175,0.11840878888267212,0.10712317824759714,0.0798535722334477,4.389656134866192e-07,275,0.0015929642757397352,2.2334380689426986e-05,0.00011608852200047437,0.010774438361254584,0.10379999210623565,0.029078754505882178,2025,5.308574220289716e-05,-0.016492754977755916,0.0001181010301583328,0.0001080330420775383,0.00010064987163448401,0.00010840527819434933
2025-04-10,2025-04-21,0.00011608852200047437,0.00014703070457297769,5.655714266200219e-05,0.010774438361254584,0.012025993883057653,0.006842659084291384,0.10379999210623565,0.10943255850168265,0.08083271798660753,8.815471398638415e-08,275,0.0009289381377955815,1.000878670709711e-05,8.12484810916071e-05,0.009013793934387844,0.09494100238773469,0.08064114618599068,2025,5.308574220289716e-05,-0.016492754977755916,0.00010191063981562529,9.705398251808538e-05,9.264230242720596e-05,9.900793510742882e-05
2025-04-21,2025-04-22,8.12484810916071e-05,0.00013445608966505885,5.850034778222585e-05,0.009013793934387844,0.01142773992002154,0.00697034639432699,0.09494100238773469,0.10650723461680134,0.08156777502915459,1.1009890392886459e-07,275,0.0012409164343286378,1.1185365028833668e-05,0.0003483535981786625,0.018664233125919277,0.1366171040752924,-0.034757573216021714,2025,5.308574220289716e-05,-0.016492754977755916,8.867252028801045e-05,8.446456787151473e-05,8.108461533150631e-05,8.377234471386311e-05
2025-04-22,2025-04-23,0.0003483535981786625,0.00016805869387643036,7.217170697441927e-05,0.018664233125919277,0.012474767659861077,0.0075051709161368186,0.1366171040752924,0.11065386149764918,0.08400242689919139,5.583263294948317e-07,287,0.001321046079286556,2.4656311993885922e-05,0.00022341930120836084,0.014947217172716827,0.12225881224973857,-0.008406166291870833,2025,5.308574220289716e-05,-0.016492754977755916,0.00016913229391813522,0.0001433496639937211,0.00012770511677753565,0.0001492101418244589
2025-04-23,2025-04-24,0.00022341930120836084,0.00019313765690245026,8.048153843691978e-05,0.014947217172716827,0.013484064775787948,0.00789495128557327,0.12225881224973857,0.11520513994033468,0.08593123130245116,3.551422458089175e-07,287,0.0013156030942663415,1.9664605163097256e-05,0.00011498206245260041,0.01072296891968826,0.10355176927357765,-0.002517685060878891,2025,5.308574220289716e-05,-0.016492754977755916,0.00014880288213378053,0.0001342712092134761,0.00012363677807080022,0.0001367385152325451
2025-04-24,2025-04-25,0.00011498206245260041,0.00017681839298634103,8.498748602184596e-05,0.01072296891968826,0.012824530302793357,0.008201388122382563,0.10355176927357765,0.11223373601851579,0.08777003867041433,8.091128633657261e-08,287,0.0008753335370777906,9.38617431244594e-06,9.387590301071524e-05,0.009688957787642345,0.09843250371519738,-0.00481319742769609,2025,5.308574220289716e-05,-0.016492754977755916,0.00011620953288504106,0.00010695121531633717,0.00010066347171932267,0.0001087439973820706
2025-04-25,2025-04-28,9.387590301071524e-05,0.0001723758691883892,8.840374916432574e-05,0.009688957787642345,0.01260743418807091,0.008445138769102536,0.09843250371519738,0.11116023834030815,0.0892544385458265,5.013485452162308e-08,281,0.0007706632801608844,7.466923989964795e-06,6.847382181439755e-05,0.008274891045469877,0.09096642812307118,0.00042208086489934607,2025,5.308574220289716e-05,-0.016492754977755916,0.00010965653422613911,0.00010062507360238938,9.496769558210045e-05,0.00010195305348304023
2025-04-28,2025-04-29,6.847382181439755e-05,0.0001698209373329473,9.041502660987783e-05,0.008274891045469877,0.012459653610287318,0.008597544597483167,0.09096642812307118,0.11036532348737545,0.0902003351924559,2.0778810275824076e-08,273,0.0005893750433048294,4.877014268266554e-06,5.1289031991672105e-05,0.007161636125332821,0.08462645050652202,-0.003321158814926869,2025,5.308574220289716e-05,-0.016492754977755916,0.00010261377935626888,9.315652051578152e-05,8.785234529972463e-05,9.387930177454372e-05
2025-04-29,2025-04-30,5.1289031991672105e-05,0.00011040802409554925,9.208868685024488e-05,0.007161636125332821,0.010159134210170026,0.008750175828967487,0.08462645050652202,0.09996719277362137,0.09124360379713298,2.625686844243422e-08,266,0.000775520719659895,5.553997201860411e-06,0.00014897006726618856,0.012205329461599492,0.11047773287680868,-0.02372630105569833,2025,5.308574220289716e-05,-0.016492754977755916,7.569226237610025e-05,7.0532186482657e-05,6.786565480962827e-05,7.012498126190609e-05
2025-04-30,2025-05-01,0.00014897006726618856,9.551817730711477e-05,9.783236065473915e-05,0.012205329461599492,0.00961075666794656,0.009088830903144185,0.11047773287680868,0.09761097689903538,0.0931309592816587,2.0623608063005357e-07,277,0.0012497350284070418,1.5253427761409345e-05,8.970056949885022e-05,0.009471038459369184,0.09731926047483706,0.00797045542927618,2025,5.308574220289716e-05,-0.016492754977755916,9.474251296848259e-05,8.795510559266061e-05,8.361621426900812e-05,8.928439955957586e-05
2025-05-01,2025-05-02,8.970056949885022e-05,9.046187871636474e-05,0.00010077560496035426,0.009471038459369184,0.009360370575882742,0.009292290974309381,0.09731926047483706,0.09636447513928727,0.09434207448552351,4.3740183901107215e-08,287,0.0007286630790583285,6.901196045683798e-06,7.426791966282883e-05,0.008617883711377686,0.09283255738897687,-0.0003103485915571044,2025,5.308574220289716e-05,-0.016492754977755916,7.846656048490265e-05,7.482350243297568e-05,7.253785305288312e-05,7.650723593184693e-05
2025-05-02,2025-05-05,7.426791966282883e-05,8.654028204678745e-05,0.00010298862365900706,0.008617883711377686,0.009146155760629812,0.009454112208742151,0.09283255738897687,0.09524448587404317,0.09532908491985582,3.6214369605546876e-08,279,0.0007390311506502727,6.3688845153896936e-06,6.716067918042307e-05,0.008195161937413016,0.09052713370814862,0.032244422713877584,2025,5.308574220289716e-05,-0.016492754977755916,7.338485912312107e-05,7.012496927710272e-05,6.826924506374719e-05,7.105575721292736e-05
2025-05-05,2025-05-06,6.716067918042307e-05,8.627765351999256e-05,0.00010504091379605172,0.008195161937413016,0.00913020993901844,0.009613368969244614,0.09052713370814862,0.09515662699105866,0.09633056273690403,4.321057968724102e-08,287,0.0008369925050364471,6.859289119174664e-06,0.00019593651544361549,0.013997732510789578,0.11831201338321302,0.00475874012392456,2025,5.308574220289716e-05,-0.016492754977755916,7.175144067879139e-05,6.865325800139113e-05,6.698411520723569e-05,6.889677371984645e-05
2025-05-06,2025-05-07,0.00019593651544361549,0.00011520715021038123,0.0001132254627460356,0.013997732510789578,0.01049742921610979,0.01006851477050364,0.11831201338321302,0.10189373956639687,0.09883915002229592,6.285573333913297e-07,287,0.001868954898727693,2.6161130747120073e-05,7.235617291605944e-05,0.008506243172873641,0.09222929671678974,0.006020530445602043,2025,5.308574220289716e-05,-0.016492754977755916,0.00011561381963507767,0.00010603458459099284,0.00010001735137513942,0.00010401207726322576
2025-05-07,2025-05-08,7.235617291605944e-05,9.988437134035542e-05,0.00011584066836691681,0.008506243172873641,0.00975761195836462,0.010280167209622071,0.09222929671678974,0.09824405233439307,0.10021105087814766,2.252252510879672e-08,287,0.0005821766843758247,4.9521364468780715e-06,0.00017456292619588245,0.013212226390577874,0.11494444915078707,-0.02629238430861402,2025,5.308574220289716e-05,-0.016492754977755916,7.945298946589329e-05,7.583749284704398e-05,7.392045170827933e-05,7.69959208625779e-05
2025-05-08,2025-05-09,0.00017456292619588245,0.00011685684267976186,0.00012267896816316916,0.013212226390577874,0.01050584954460636,0.010657484530618124,0.11494444915078707,0.10176909006958308,0.10225033139664172,2.5778356160408005e-07,284,0.0012747277610504263,1.6841991765352687e-05,4.477139336507046e-05,0.006691142904248157,0.08179940650303129,0.0060563331990222975,2025,5.308574220289716e-05,-0.016492754977755916,0.00011199945701740237,0.00010368526820086509,9.844523088142621e-05,0.00010511223353223419
2025-05-09,2025-05-12,4.477139336507046e-05,0.00011095753742021018,0.00012299710413473408,0.006691142904248157,0.010120501383180453,0.01068226713347107,0.08179940650303129,0.09956245989239396,0.10240503377215196,1.6435770173109733e-08,282,0.0006378156646641451,4.267715758835817e-06,0.00020124775110866546,0.0141861816958851,0.11910575844972862,-0.027973319419265355,2025,5.308574220289716e-05,-0.016492754977755916,7.767674422721107e-05,7.202821567612546e-05,6.943374679294055e-05,7.129403109933601e-05
2025-05-12,2025-05-13,0.00020124775110866546,0.00013777495180585867,0.00012991820851705353,0.0141861816958851,0.011318705334874871,0.011008965479060868,0.11910575844972862,0.10527818484070994,0.10401625283307618,6.455538660032879e-07,285,0.0018754405677598644,2.660534065407535e-05,5.6239247896841226e-05,0.007499283158865334,0.08659840159532585,-0.002765577460270764,2025,5.308574220289716e-05,-0.016492754977755916,0.00012743659682303373,0.00011678993302740758,0.00010973891596496522,0.00011426982965648774
2025-05-13,2025-05-14,5.6239247896841226e-05,0.00010983549829650381,0.00012918222568851498,0.007499283158865334,0.01001901546449002,0.01096299504224748,0.08659840159532585,0.09893546248313252,0.10375922150396337,1.4917879145301113e-08,287,0.0005374249845590516,4.0303021358571575e-06,0.00010506254563061512,0.010250002225883422,0.10124229464943701,-0.02416411804345197,2025,5.308574220289716e-05,-0.016492754977755916,8.075752854589439e-05,7.505296241507087e-05,7.232303358349866e-05,7.52785391050856e-05
2025-05-14,2025-05-15,0.00010506254563061512,0.00011637677283941493,0.00012740681614303382,0.010250002225883422,0.010367767275091979,0.01088321951844362,0.10124229464943701,0.10073806206966196,0.10338079754202227,8.173691899164134e-08,286,0.0009219920285882111,9.450420345275935e-06,8.339161232951348e-05,0.009131900805939225,0.09556097951538182,0.019298094613999204,2025,5.308574220289716e-05,-0.016492754977755916,9.515003798740314e-05,8.935021870489481e-05,8.578692150115633e-05,9.04191541274256e-05
2025-05-15,2025-05-16,8.339161232951348e-05,9.814251006614115e-05,0.00012300004501611145,0.009131900805939225,0.009551702158164248,0.010687892535680784,0.09556097951538182,0.09686136814258092,0.10245702526221902,3.923079297828773e-08,287,0.0007157089043507306,6.535782720458317e-06,0.00013897381639451078,0.011788715638037538,0.10857585200235612,-0.0010153138845878503,2025,5.308574220289716e-05,-0.016492754977755916,8.229510184035274e-05,7.762344070402632e-05,7.510777284308116e-05,7.880297849806728e-05
2025-05-16,2025-05-19,0.00013897381639451078,0.00011698299467202923,0.00012486137821230458,0.011788715638037538,0.010571216704922124,0.01077370999226965,0.10857585200235612,0.10221665724244589,0.10286945398794835,3.989483700690411e-07,281,0.001786749653081702,2.1063483576542407e-05,6.957541206397284e-05,0.008341187689050813,0.09133010286346344,0.0007320017458810427,2025,5.308574220289716e-05,-0.016492754977755916,0.00010348834031746198,9.782037276238382e-05,9.405582839124939e-05,9.533299420698164e-05
2025-05-19,2025-05-20,6.957541206397284e-05,9.064852686309069e-05,0.00011908851594097852,0.008341187689050813,0.009402217903555266,0.010515553010650996,0.09133010286346344,0.09666152612519285,0.10163860462343885,3.187047313243959e-08,278,0.0007175777676605566,5.985450841546799e-06,4.805148035865413e-05,0.006931917509510202,0.08325813779751624,0.029423813091489014,2025,5.308574220289716e-05,-0.016492754977755916,7.556810148848807e-05,7.293382698367378e-05,7.154214531551429e-05,7.348961069239692e-05
2025-05-20,2025-05-21,4.805148035865413e-05,8.901097335545327e-05,0.0001159959231390776,0.006931917509510202,0.00928874477368424,0.010340892971935344,0.08325813779751624,0.09599347336563094,0.1007048839730425,1.576120810294607e-08,285,0.0005997136675102386,4.1571656725068024e-06,4.876860566904087e-05,0.006983452274415633,0.08356705256508472,0.008379134129565235,2025,5.308574220289716e-05,-0.016492754977755916,6.927818359132974e-05,6.626480099333449e-05,6.492876101931053e-05,6.608172562366334e-05
2025-05-21,2025-05-22,4.876860566904087e-05,7.775218536313842e-05,0.0001145195651653246,0.006983452274415633,0.008635434783390681,0.01024860471466388,0.08356705256508472,0.09245842494876047,0.10018788625383114,1.4527234600119664e-08,286,0.000570510050684812,3.9841297110318285e-06,9.150391843683899e-05,0.009565768052636389,0.09780474453029561,-0.00939251231975847,2025,5.308574220289716e-05,-0.016492754977755916,6.496254812253718e-05,6.170798686084648e-05,6.0378597429086484e-05,6.179140018190215e-05
2025-05-22,2025-05-23,9.150391843683899e-05,7.937464658460353e-05,0.00010284457972251443,0.009565768052636389,0.008722208232730115,0.009835038120423746,0.09780474453029561,0.09290717795174323,0.09842368809269496,4.8441223176086905e-08,285,0.0007618865121403269,7.288029657566506e-06,4.540851106129031e-05,0.006738583757830002,0.0820888771870465,0.015019356558107922,2025,5.308574220289716e-05,-0.016492754977755916,7.487367605106375e-05,7.145180412189143e-05,6.946675323477219e-05,7.307956678757096e-05
2025-05-23,2025-05-26,4.540851106129031e-05,6.0661585517959435e-05,9.475318017037485e-05,0.006738583757830002,0.0077121818566886075,0.009461918419747074,0.0820888771870465,0.0876097829886813,0.09659778195348165,1.6746609540619763e-08,241,0.0006915304467063672,4.659935836220452e-06,2.7664619982139356e-05,0.005259716720712186,0.07252390447784914,-0.001969679519458176,2025,5.308574220289716e-05,-0.016492754977755916,5.539267480669647e-05,5.3363312190917564e-05,5.261776744505395e-05,5.3257283893827224e-05
2025-05-26,2025-05-27,2.7664619982139356e-05,5.227942710159273e-05,9.078420551262661e-05,0.005259716720712186,0.007095887663020882,0.00921358877433907,0.07252390447784914,0.08384854331155843,0.09518742446276672,4.601422842953839e-09,271,0.00043794954859487046,2.3034905635727944e-06,6.375963298030037e-05,0.007984962929175086,0.08935861978105462,-0.014291330110755953,2025,5.308574220289716e-05,-0.016492754977755916,4.7346667685697506e-05,4.4356054341816556e-05,4.338625077698273e-05,4.388143469398229e-05
2025-05-27,2025-05-28,6.375963298030037e-05,5.5421057625921975e-05,8.941528414760777e-05,0.007984962929175086,0.007306496746953858,0.009136134462590558,0.08935861978105462,0.08506863970826611,0.09477497519303296,3.010873290355184e-08,262,0.0007504948224675144,5.99267333594094e-06,8.795843908422623e-05,0.009378616053780335,0.09684325507633629,-0.006688988150796652,2025,5.308574220289716e-05,-0.016492754977755916,5.7329053536979645e-05,5.4507513238955945e-05,5.3174259637118774e-05,5.524204578505395e-05
2025-05-28,2025-05-29,8.795843908422623e-05,6.325902430895905e-05,9.030094856896362e-05,0.009378616053780335,0.007785529502826799,0.009186303781150125,0.09684325507633629,0.08772388021051644,0.09504210369090864,4.0345967694077454e-08,256,0.0007482837939411828,7.017866402640434e-06,3.9811785219565654e-05,0.006309658090543865,0.07943335628401878,0.005961450832419483,2025,5.308574220289716e-05,-0.016492754977755916,6.642392619271356e-05,6.281439408072526e-05,6.0790381416527355e-05,6.454654964005709e-05
2025-05-29,2025-06-02,3.9811785219565654e-05,5.2920597665504376e-05,8.977925553386788e-05,0.006309658090543865,0.007134307510408296,0.009147577506841536,0.07943335628401878,0.08404960256126107,0.09480605395352212,9.099290271348458e-09,248,0.0005366573773621308,3.3861245629230203e-06,3.8902306175854446e-05,0.006237171328082503,0.07897576418169376,0.019370847589897443,2025,5.308574220289716e-05,-0.016492754977755916,5.048640351476832e-05,4.782760822368427e-05,4.685356179957741e-05,4.7914018950872124e-05
2025-06-02,2025-06-03,3.8902306175854446e-05,5.161935668841721e-05,8.477617548430722e-05,0.006237171328082503,0.007034025024458795,0.008876297591681672,0.07897576418169376,0.08342697996019052,0.09337414628556238,8.692997131939961e-09,272,0.0005066845399212087,3.1602782847792373e-06,4.289682591499106e-05,0.006549566849417682,0.08092939422371628,-0.0008599633688392569,2025,5.308574220289716e-05,-0.016492754977755916,4.9213136251994304e-05,4.657294828672413e-05,4.560292238765054e-05,4.6724599166003964e-05
2025-06-03,2025-06-04,4.289682591499106e-05,5.466579787498755e-05,8.26487325941318e-05,0.006549566849417682,0.007291995050199895,0.008743503427592968,0.08092939422371628,0.08510807790936395,0.09262915236505688,2.0638289165254175e-08,287,0.0007237829191795467,4.7404646136331165e-06,3.471392327660379e-05,0.005891852278919066,0.07675840200863399,0.003153535872373095,2025,5.308574220289716e-05,-0.016492754977755916,5.1139710624990384e-05,4.894473722532625e-05,4.8128413463559374e-05,4.8822684197736046e-05
2025-06-04,2025-06-05,3.471392327660379e-05,4.8856655934248236e-05,8.085082366748522e-05,0.005891852278919066,0.006873372920148691,0.008619592907935757,0.07675840200863399,0.08258803435487981,0.09189850893867767,5.377965549863885e-09,285,0.0004121542088536735,2.4283517147006007e-06,6.949058586452497e-05,0.008336101358820259,0.09130225275873678,2.0718992483735774e-05,2025,5.308574220289716e-05,-0.016492754977755916,4.6685016935807714e-05,4.414644988591565e-05,4.3313396804046174e-05,4.4294652501592735e-05
2025-06-05,2025-06-06,6.949058586452497e-05,4.516308529030798e-05,8.095672851676258e-05,0.008336101358820259,0.006664869981156675,0.00862599924527245,0.09130225275873678,0.08147983389135992,0.0919337416227953,4.763803470470423e-08,287,0.0008639686702648955,7.202130406173327e-06,5.759198667296703e-05,0.007588938441769509,0.08711451338192454,-0.015608298472685586,2025,5.308574220289716e-05,-0.016492754977755916,5.387345068438898e-05,5.0790479911979975e-05,4.940320726368121e-05,5.159606513069254e-05
2025-06-06,2025-06-09,5.759198667296703e-05,4.871912558098826e-05,7.466834084536948e-05,0.007588938441769509,0.006920726051401803,0.008334690423953356,0.08711451338192454,0.08301606531094106,0.09051567344091856,2.6751215751916714e-08,269,0.0007345808506909391,5.574688856396216e-06,3.48065908359388e-05,0.005899711080717326,0.07680957675132266,-0.0030035718269035947,2025,5.308574220289716e-05,-0.016492754977755916,5.161123011236459e-05,4.9438155581770106e-05,4.848971154394789e-05,5.010449819241575e-05
2025-06-09,2025-06-10,3.48065908359388e-05,4.789998251300512e-05,7.296154165990945e-05,0.005899711080717326,0.006853234001928768,0.008216211692491704,0.07680957675132266,0.08258282782486685,0.08981477707885187,8.948000971933468e-09,287,0.0005290738903855946,3.1213830936261164e-06,2.8797255467044e-05,0.0053663074331465575,0.07325508469141619,0.009451078411562286,2025,5.308574220289716e-05,-0.016492754977755916,4.547602901197562e-05,4.345726541471368e-05,4.280410980092861e-05,4.344868009369721e-05
2025-06-10,2025-06-11,2.8797255467044e-05,4.508006842341572e-05,6.633582935405316e-05,0.0053663074331465575,0.0066165821186745435,0.007859579012608463,0.07325508469141619,0.08104796591840682,0.08791980596706228,4.984587294577581e-09,287,0.00043413331649694265,2.3296928432941105e-06,5.746597394398816e-05,0.00758063150034271,0.08706682204113522,0.00925281143235946,2025,5.308574220289716e-05,-0.016492754977755916,4.2180024145781626e-05,3.998579431652604e-05,3.9284518185477375e-05,3.9867601445427854e-05
2025-06-11,2025-06-12,5.746597394398816e-05,4.963047855689259e-05,6.691285574400398e-05,0.00758063150034271,0.006954337962959273,0.007900010312430943,0.08706682204113522,0.08310964992490708,0.088159233946067,1.8132470151691283e-08,287,0.0005861478310519343,4.44337071192985e-06,8.117495785142949e-05,0.00900971463762474,0.09491951663185363,0.01667230021650591,2025,5.308574220289716e-05,-0.016492754977755916,5.108146098875557e-05,4.8936399402202555e-05,4.7914523423894555e-05,5.003688927040191e-05
2025-06-12,2025-06-13,8.117495785142949e-05,5.19673529542735e-05,6.14550015050387e-05,0.00900971463762474,0.007089060618720168,0.0076647163552372895,0.09491951663185363,0.08383310269953044,0.08705985931798178,6.67430618181496e-08,285,0.0009494992103430636,8.554716933841032e-06,6.58461804929131e-05,0.008114565946057318,0.09008088557545002,0.001964883453431402,2025,5.308574220289716e-05,-0.016492754977755916,5.724435317341184e-05,5.4220078691297266e-05,5.253695430574742e-05,5.528545091897486e-05
2025-06-13,2025-06-16,6.58461804929131e-05,5.361819171826271e-05,6.189168025940559e-05,0.008114565946057318,0.0071941861195777305,0.007692683754655107,0.09008088557545002,0.08442637713823554,0.08721815404435106,4.4619445324201725e-08,266,0.0008922385471885468,7.240128530775838e-06,7.485818131159991e-05,0.008652062257727917,0.09301646229419779,-0.013679462054114508,2025,5.308574220289716e-05,-0.016492754977755916,5.413754832284062e-05,5.1879550794369196e-05,5.06401947314497e-05,5.251939465637314e-05
2025-06-16,2025-06-17,7.485818131159991e-05,6.162850981339494e-05,6.051875460854127e-05,0.008652062257727917,0.007744656354979848,0.007620050119738948,0.09301646229419779,0.08766775424681057,0.08684425257365837,1.778798049825525e-07,284,0.0016169981658959488,1.3990368801963605e-05,4.665388480230179e-05,0.006830364909893306,0.08264602174269071,0.0011567142346879684,2025,5.308574220289716e-05,-0.016492754977755916,5.929681177566882e-05,5.7187062192182204e-05,5.585453149860258e-05,5.582802878479461e-05
2025-06-17,2025-06-18,4.665388480230179e-05,6.51998356804465e-05,5.884885790275892e-05,0.006830364909893306,0.008037467850329199,0.0075154348517368595,0.08264602174269071,0.08954594165706548,0.08625720903853605,1.5181446995450334e-08,286,0.0005962860809252848,4.072851523409866e-06,4.405195100494768e-05,0.006637164379834786,0.08146879390192778,-0.005058673264315867,2025,5.308574220289716e-05,-0.016492754977755916,5.351496731949194e-05,5.2588151254825713e-05,5.207344185537737e-05,5.3013650492589185e-05
2025-06-18,2025-06-19,4.405195100494768e-05,6.25170310926384e-05,5.453422765777879e-05,0.006637164379834786,0.007848774426227615,0.007281273430909462,0.08146879390192778,0.08842633602922398,0.08502507003397114,8.128325889222157e-09,282,0.0004521873790691004,3.001241965368283e-06,6.785174386846254e-05,0.00823721699777677,0.09075911523244798,-0.005295942352059408,2025,5.308574220289716e-05,-0.016492754977755916,5.1367173116222513e-05,5.0374526734006946e-05,4.985122370078845e-05,5.105106954918137e-05
2025-06-19,2025-06-23,6.785174386846254e-05,5.9852388296045e-05,5.44558791034374e-05,0.00823721699777677,0.007694274898258019,0.0072765474903970055,0.09075911523244798,0.08759425574934285,0.08499911605074316,3.1234138677519464e-08,250,0.0007585588273469137,6.248413666435612e-06,0.00014705258556075668,0.01212652405105258,0.11012049786961817,-0.0010076590164010653,2025,5.308574220289716e-05,-0.016492754977755916,5.6217473622643966e-05,5.4825633853649294e-05,5.393370727758211e-05,5.5933212535212074e-05
2025-06-23,2025-06-24,0.00014705258556075668,7.609366930961372e-05,5.8955929339896604e-05,0.01212652405105258,0.008496666519257071,0.007512665969558024,0.11012049786961817,0.09160217820817648,0.08622013241765687,4.501688104955161e-07,286,0.001828914330438478,2.217837361537693e-05,8.156526816717648e-05,0.009031349188641555,0.09503341090712021,-0.007214528458464221,2025,5.308574220289716e-05,-0.016492754977755916,8.253891511287133e-05,7.560322146322371e-05,7.152843915389642e-05,7.435827093013326e-05
2025-06-24,2025-06-25,8.156526816717648e-05,7.743508668072903e-05,6.0446686726175495e-05,0.009031349188641555,0.0085725239054398,0.007605752192931929,0.09503341090712021,0.09200556793076096,0.08674133052411305,3.2902772209650164e-08,281,0.0006697850692675598,6.049062841893804e-06,2.0440780262542322e-05,0.0045211481133161655,0.0672394832915614,0.0028740975312599197,2025,5.308574220289716e-05,-0.016492754977755916,6.702790883411549e-05,6.420507082367672e-05,6.238956336962516e-05,6.608329904002939e-05
2025-06-25,2025-06-26,2.0440780262542322e-05,7.219246577277715e-05,5.721654408188928e-05,0.0045211481133161655,0.008110680546124372,0.007376451286599192,0.0672394832915614,0.0889242602405351,0.08535200046780694,1.925112289511735e-09,272,0.00032894240037435393,1.487197312842201e-06,5.8889711329066476e-05,0.007673963208738134,0.08760115985954829,-0.01314763925324624,2025,5.308574220289716e-05,-0.016492754977755916,4.9545696204914385e-05,4.524980582940171e-05,4.336058813385721e-05,4.448551220094399e-05
2025-06-26,2025-06-27,5.8889711329066476e-05,7.51600178376009e-05,5.782932591224274e-05,0.007673963208738134,0.00831804031190504,0.007418968534367745,0.08760115985954829,0.09015073343205922,0.08560255877110248,3.273214621637478e-08,270,0.0008020670167425746,6.155032777424871e-06,9.334746233815525e-05,0.009661649048591821,0.09829368773523467,-0.003935545889948485,2025,5.308574220289716e-05,-0.016492754977755916,6.0260061399976516e-05,5.718291421380771e-05,5.532345963732487e-05,5.765303946554286e-05
2025-06-27,2025-06-30,9.334746233815525e-05,8.025916153153944e-05,6.0814909655698014e-05,0.009661649048591821,0.008602926722068052,0.007619056367453183,0.09829368773523467,0.09165764793261656,0.08677391255552909,5.814232729548014e-08,259,0.0008669021429556436,8.375704264709605e-06,3.795865352565442e-05,0.006161059448313611,0.07849241650193738,0.010910852292585128,2025,5.308574220289716e-05,-0.016492754977755916,7.106754003080145e-05,6.683802878972027e-05,6.39921817198778e-05,6.848827944806339e-05
2025-06-30,2025-07-01,3.795865352565442e-05,5.844037512451899e-05,5.9642137862305016e-05,0.006161059448313611,0.0074098338015202575,0.00753615166377766,0.07849241650193738,0.0853320316590804,0.08627999422466014,1.0346387113203693e-08,277,0.0005545287772774718,3.4164847626071615e-06,5.425863158025581e-05,0.007366045857870816,0.08582567132199326,0.006280163070980403,2025,5.308574220289716e-05,-0.016492754977755916,4.885175424413985e-05,4.653602477157657e-05,4.542903784713452e-05,4.666403893784841e-05
2025-07-01,2025-07-02,5.425863158025581e-05,5.297904780713486e-05,5.811032843030636e-05,0.007366045857870816,0.00707677313536611,0.007444671200327227,0.08582567132199326,0.083490483742055,0.08577919496309909,1.5476833954408435e-08,280,0.0005642254070441119,4.156110222462755e-06,7.358097460753856e-05,0.008577935334772498,0.09261714384914112,0.0027311191215329323,2025,5.308574220289716e-05,-0.016492754977755916,5.061285205858918e-05,4.8274303167539744e-05,4.703712397877604e-05,4.9315726268621216e-05
2025-07-02,2025-07-03,7.358097460753856e-05,6.36070866761341e-05,5.9645291584305125e-05,0.008577935334772498,0.007888130579657376,0.007547774711428529,0.09261714384914112,0.08856601585357095,0.086378458034241,2.2109553699581926e-08,282,0.0005770423352520078,4.949831837217836e-06,9.70711802509128e-05,0.009852470768843356,0.09925961297951627,-0.0039000263265149345,2025,5.308574220289716e-05,-0.016492754977755916,5.964656885661175e-05,5.7755498726103884e-05,5.655143143109647e-05,5.963519031644642e-05
2025-07-03,2025-07-07,9.70711802509128e-05,7.124338046050338e-05,6.228933131498959e-05,0.009852470768843356,0.008323832091678422,0.0077121065041903854,0.09925961297951627,0.09089770647756454,0.08730045116141476,3.420993954184884e-07,286,0.0019623342888977486,1.9333841220064083e-05,2.6902362864812156e-05,0.005186748775949357,0.07201908619212935,-0.0008820623169166179,2025,5.308574220289716e-05,-0.016492754977755916,6.868121138648354e-05,6.574201729680016e-05,6.378535532037641e-05,6.332918473379035e-05
2025-07-07,2025-07-08,2.6902362864812156e-05,5.795436056583475e-05,6.156231026725418e-05,0.005186748775949357,0.007428852037149929,0.007650160228123643,0.07201908619212935,0.08564278616894347,0.086895437159979,5.716710680984412e-09,286,0.00048185890330836744,2.4992810769149746e-06,3.9622391605491715e-05,0.006294631967437947,0.07933871669896071,-0.011529324140379767,2025,5.308574220289716e-05,-0.016492754977755916,4.6141617143903686e-05,4.374919469397635e-05,4.2797212209501284e-05,4.3314821835682684e-05
2025-07-08,2025-07-09,3.9622391605491715e-05,5.828710818180221e-05,6.178542246402182e-05,0.006294631967437947,0.007455566540974795,0.007668468395783592,0.07933871669896071,0.08581204620834813,0.08701272419135747,7.897416909337989e-09,286,0.0004666746215144814,2.9375449909770595e-06,2.7780324396035318e-05,0.0052707043548310805,0.07259961676779761,0.005550296077351108,2025,5.308574220289716e-05,-0.016492754977755916,4.9438801028426e-05,4.744328574205465e-05,4.653431834636395e-05,4.782519628516123e-05
2025-07-09,2025-07-10,2.7780324396035318e-05,5.2991446744958106e-05,5.9889501488181374e-05,0.0052707043548310805,0.007036498240366848,0.007529132168329539,0.07259961676779761,0.08316683529750901,0.0861626043735875,5.059960513307109e-09,279,0.00045167683402847045,2.3806550560901742e-06,3.869458358893231e-05,0.006220497053205018,0.07887012776206856,0.006609146813971153,2025,5.308574220289716e-05,-0.016492754977755916,4.426626447012639e-05,4.158098284594845e-05,4.052555364451222e-05,4.134277143869004e-05
2025-07-10,2025-07-11,3.869458358893231e-05,4.6014168541236865e-05,5.903052862072525e-05,0.006220497053205018,0.006565010584053352,0.007466930287031153,0.07887012776206856,0.08041743208009451,0.08578785957268496,1.3012371645524823e-08,286,0.0006061709715141309,3.7706847420420743e-06,6.342290414088368e-05,0.007963849831638193,0.08924040470346487,0.005008942169831065,2025,5.308574220289716e-05,-0.016492754977755916,4.4186349120236735e-05,4.1696166589364436e-05,4.068908538532765e-05,4.190054263387338e-05
2025-07-11,2025-07-14,6.342290414088368e-05,3.928451331923104e-05,6.0331270134586394e-05,0.007963849831638193,0.0061872863966123196,0.007560754775709374,0.08924040470346487,0.07841359042488423,0.08635289720687324,4.7962674686886505e-08,280,0.0009187019324341146,7.316404229941105e-06,2.7060907750728736e-05,0.005202009972186591,0.07212496081237474,0.002259855061423706,2025,5.308574220289716e-05,-0.016492754977755916,4.785340041719527e-05,4.503570481486698e-05,4.370692064817078e-05,4.566189090777911e-05
2025-07-14,2025-07-15,2.7060907750728736e-05,3.931622229641435e-05,6.025234523839024e-05,0.005202009972186591,0.006190338635859766,0.007553286709302103,0.07212496081237474,0.0784347653489333,0.08630152793964409,4.707292110618336e-09,287,0.0004352095900700469,2.2639646275356225e-06,3.5512777548467806e-05,0.0059592598154861315,0.0771962422368222,-0.007019855619104051,2025,5.308574220289716e-05,-0.016492754977755916,3.886725954252748e-05,3.6767905192972114e-05,3.6124863727415e-05,3.6647660901303245e-05
2025-07-15,2025-07-16,3.5512777548467806e-05,3.849429948500957e-05,5.92544726749575e-05,0.0059592598154861315,0.006123264205469403,0.007479587996354078,0.0771962422368222,0.07800627045650559,0.08585286522126621,1.2607551510839096e-08,287,0.0006217375788149503,3.705095769209575e-06,8.774929863206972e-05,0.009367459561272187,0.09678563716415875,0.0021120374327934116,2025,5.308574220289716e-05,-0.016492754977755916,4.053133663918438e-05,3.8484428228639966e-05,3.7776858094402716e-05,3.855648719893745e-05
2025-07-16,2025-07-17,8.774929863206972e-05,5.048809433221645e-05,5.955330634680477e-05,0.009367459561272187,0.006942615246757625,0.007495849129247143,0.09678563716415875,0.08284347453577783,0.08593768888182553,1.6905123170452295e-07,287,0.0014483429350659381,1.3567293875084445e-05,3.1118978620316425e-05,0.005578438726051979,0.07468894647839115,-0.0020490732641438164,2025,5.308574220289716e-05,-0.016492754977755916,5.8092407741309885e-05,5.423149207733145e-05,5.210569612542075e-05,5.389859648824272e-05
2025-07-17,2025-07-18,3.1118978620316425e-05,4.897297333849327e-05,5.7974797170777656e-05,0.005578438726051979,0.0068142035813270165,0.0073805706192469015,0.07468894647839115,0.08200723827904234,0.08523805528650469,1.4402350725308372e-08,287,0.0007098851424009778,3.960050769418538e-06,3.744560960425913e-05,0.00611928178827051,0.07822583836732279,0.002964399659835479,2025,5.308574220289716e-05,-0.016492754977755916,4.3336103706842674e-05,4.104153818591166e-05,4.016041890324028e-05,4.062599709815733e-05
2025-07-18,2025-07-21,3.744560960425913e-05,4.3777514431168356e-05,5.62742257295349e-05,0.00611928178827051,0.00644528997265348,0.0072654442342715625,0.07822583836732279,0.07980432501181392,0.08456575419891944,1.181095857433796e-08,280,0.0005933188082422612,3.630684977915232e-06,1.3344912701704758e-05,0.0036530689429170042,0.06044062328365753,0.014234746046907965,2025,5.308574220289716e-05,-0.016492754977755916,4.2715313363798845e-05,4.043021986687665e-05,3.9540651974149857e-05,4.0636924601340595e-05
2025-07-21,2025-07-22,1.3344912701704758e-05,4.103431542136356e-05,5.476018154314413e-05,0.0036530689429170042,0.006135501766799561,0.007121021690318094,0.06044062328365753,0.07746745750607048,0.08355641790532703,1.7272818019485313e-09,287,0.0003754116905140545,1.3714047874248626e-06,2.3016956759326432e-05,0.004797599061960725,0.06926470285766571,0.00896475146245979,2025,5.308574220289716e-05,-0.016492754977755916,3.5535852897135016e-05,3.1674725218466757e-05,3.0264852814098945e-05,3.074319979993333e-05
2025-07-22,2025-07-23,2.3016956759326432e-05,3.853515126353529e-05,5.380404544107042e-05,0.004797599061960725,0.005903169616094481,0.007037405084960185,0.06926470285766571,0.07588114963023919,0.08300168649422421,3.0629535433831597e-09,287,0.00038065392868645153,1.8262249311977846e-06,4.009906045138734e-05,0.00633238189399434,0.07957626463961688,-0.010658127052967073,2025,5.308574220289716e-05,-0.016492754977755916,3.686092425404513e-05,3.346814818485709e-05,3.219882730646698e-05,3.327691792767063e-05
2025-07-23,2025-07-24,4.009906045138734e-05,2.900510362739882e-05,5.2542559831203374e-05,0.00633238189399434,0.005296154082638911,0.006950821671151891,0.07957626463961688,0.07243927512533081,0.08249337510364098,1.825810605851172e-08,287,0.0007041169948688862,4.458737709561441e-06,3.123056670729337e-05,0.005588431506898279,0.0747558125291825,-0.008179680183284395,2025,5.308574220289716e-05,-0.016492754977755916,3.7279743538725917e-05,3.444628279685642e-05,3.330787438542166e-05,3.476945339137957e-05
2025-07-24,2025-07-25,3.123056670729337e-05,2.9027421244794202e-05,4.7277922610591415e-05,0.005588431506898279,0.005298152638808172,0.006653635646417605,0.0747558125291825,0.07245264833548908,0.08088588940634846,1.0599215861736262e-08,287,0.000607898397446478,3.39719855728287e-06,9.184557046369335e-05,0.009583609469489737,0.09789591140333562,-0.0013762569594839148,2025,5.308574220289716e-05,-0.016492754977755916,3.451932093236891e-05,3.206154425752302e-05,3.11662895132899e-05,3.2153337026427425e-05
2025-07-25,2025-07-28,9.184557046369335e-05,3.990741341668105e-05,4.77452090786149e-05,0.009583609469489737,0.005991018175052017,0.006678738386456159,0.09789591140333562,0.07638666294269165,0.08101600306526734,1.2654373748606125e-07,287,0.0012248284997410997,1.1738278008619711e-05,3.302312192305945e-05,0.005746574799222529,0.07580616597099822,-0.009759506635940786,2025,5.308574220289716e-05,-0.016492754977755916,5.374175010785738e-05,4.76937103188318e-05,4.445957366902314e-05,4.846968227202633e-05
2025-07-28,2025-07-29,3.302312192305945e-05,4.384305526095199e-05,4.83171336995475e-05,0.005746574799222529,0.006409719346313123,0.006734439599451902,0.07580616597099822,0.07945977148015979,0.08140539773251446,2.4934121718723595e-08,287,0.0009067175798020121,5.2105203941022856e-06,1.8927288373901215e-05,0.004350550352989977,0.06595870187465773,0.004379292796859486,2025,5.308574220289716e-05,-0.016492754977755916,4.077587544675769e-05,3.839198041952477e-05,3.744899156931373e-05,3.7896168953575174e-05
2025-07-29,2025-07-30,1.8927288373901215e-05,4.3025121583866946e-05,4.650065992885817e-05,0.004350550352989977,0.006320309604518973,0.006583375378736076,0.06595870187465773,0.07879857128355819,0.08042164964229216,2.3271499213470465e-09,287,0.0003658912672423194,1.5918283818570227e-06,3.493390133777437e-05,0.005910490786540012,0.07687971635314488,-0.009500722657181708,2025,5.308574220289716e-05,-0.016492754977755916,3.677743196488067e-05,3.3786511066997896e-05,3.271504753950575e-05,3.332069817032971e-05
2025-07-30,2025-07-31,3.493390133777437e-05,4.199208976114435e-05,4.384549806520449e-05,0.005910490786540012,0.006235931383028107,0.006412868185006449,0.07687971635314488,0.07825926162626379,0.07944828730674264,7.751852156441686e-09,287,0.0004915449723883199,2.9052720304712298e-06,2.236481167423852e-05,0.004729144919986965,0.06876877867162515,-0.0017715869417508385,2025,5.308574220289716e-05,-0.016492754977755916,4.004656719115406e-05,3.748358224379483e-05,3.641267553511121e-05,3.787400072821483e-05
2025-07-31,2025-08-01,2.236481167423852e-05,4.021893875453338e-05,4.3136687071958316e-05,0.004729144919986965,0.006064074065645844,0.0063477811609916005,0.06876877867162515,0.07706185485475232,0.07900630376900117,2.964816958909391e-09,287,0.00037992719636562744,1.7967307706573972e-06,2.4257545503911555e-05,0.004925194971157137,0.07017973333632109,0.01811511516656142,2025,5.308574220289716e-05,-0.016492754977755916,3.617939137468652e-05,3.320816933076824e-05,3.212334137755454e-05,3.303519498763585e-05
2025-08-01,2025-08-04,2.4257545503911555e-05,2.6701333762577018e-05,4.1773001341215396e-05,0.004925194971157137,0.005132391165979325,0.006236833393413707,0.07017973333632109,0.07151861924134942,0.07829512476965242,8.316867957238374e-09,287,0.0006109990547117078,3.0092894716478677e-06,1.372240514127162e-05,0.003704376484817873,0.0608635891549116,0.004786843564040249,2025,5.308574220289716e-05,-0.016492754977755916,3.129776675444324e-05,2.9024544880072186e-05,2.834780130981213e-05,2.8819890207653553e-05
2025-08-04,2025-08-05,1.372240514127162e-05,2.2841190406219454e-05,3.9052157274566896e-05,0.003704376484817873,0.004723951503098393,0.006015307991143043,0.0608635891549116,0.06853010387813209,0.07685178137446018,1.279203550272117e-09,287,0.00031859486509692883,1.1801953264487857e-06,1.538052019761368e-05,0.003921800632058402,0.06262428148935843,0.00028435092650082924,2025,5.308574220289716e-05,-0.016492754977755916,2.6910256644984393e-05,2.3982280025874357e-05,2.3148248430736997e-05,2.3529924055597676e-05
2025-08-05,2025-08-06,1.538052019761368e-05,2.213183677096195e-05,3.533894545396239e-05,0.003921800632058402,0.004638201558912078,0.005745732075834636,0.06262428148935843,0.06786321980107222,0.07518653903399845,1.332464712054643e-09,286,0.0003076694252723165,1.206618146498016e-06,1.313323743758186e-05,0.003623980882618155,0.06019950898984272,0.0006513327385805614,2025,5.308574220289716e-05,-0.016492754977755916,2.6640708504859378e-05,2.3818450821931474e-05,2.2994850308192883e-05,2.353539335571274e-05
2025-08-06,2025-08-07,1.313323743758186e-05,1.7771703990923445e-05,3.4713076116361015e-05,0.003623980882618155,0.004180899578127706,0.005674697171592308,0.06019950898984272,0.06452717832841179,0.07464928552480363,7.538823554538164e-10,287,0.0002500057249851976,9.060159678914482e-07,3.5881905568826703e-05,0.005990150713364957,0.0773960639397441,0.003489239645528868,2025,5.308574220289716e-05,-0.016492754977755916,2.433923739701128e-05,2.1178252146461855e-05,2.029171665391709e-05,2.0860118605559364e-05
2025-08-07,2025-08-08,3.5881905568826703e-05,2.0475122769841083e-05,3.4543054023785334e-05,0.005990150713364957,0.004433100736803305,0.005660857114588991,0.0773960639397441,0.06625263538203559,0.0745609831266574,1.0026435383445588e-08,287,0.0005515940751859774,3.3041316429631663e-06,3.94381306951073e-05,0.006279978558491048,0.07924631574080304,-0.0008999506372246239,2025,5.308574220289716e-05,-0.016492754977755916,3.0984732516352764e-05,2.7730919584250226e-05,2.643102672194627e-05,2.8339234782035e-05
2025-08-08,2025-08-11,3.94381306951073e-05,2.3511239808080233e-05,3.507295431010679e-05,0.006279978558491048,0.004704057454270086,0.005706733214755353,0.07924631574080304,0.06806595186293198,0.07486310580724856,2.265049263515545e-08,287,0.0007907964801312017,4.966184939354139e-06,3.1411662972433585e-05,0.005604610867172991,0.07486394904874435,-0.012147100741099358,2025,5.308574220289716e-05,-0.016492754977755916,3.308995161668466e-05,2.9789759462187714e-05,2.8365672502518097e-05,3.014162146056137e-05
2025-08-11,2025-08-12,3.1411662972433585e-05,2.7049091374312628e-05,3.4741912463902306e-05,0.005604610867172991,0.00508410433074111,0.005678738388117534,0.07486394904874435,0.07086602384169853,0.07468100677482473,6.5763642568742885e-09,287,0.00047745399113474554,2.675943827288912e-06,3.091444041140858e-05,0.005560075576051874,0.07456591430440503,-0.001821387898273788,2025,5.308574220289716e-05,-0.016492754977755916,3.243035281960387e-05,2.9846923385115412e-05,2.8825713430888025e-05,3.0279757736828835e-05
2025-08-12,2025-08-13,3.091444041140858e-05,3.0155875417071605e-05,3.326425502165343e-05,0.005560075576051874,0.005411759319539805,0.005569475921954519,0.07456591430440503,0.07325435040470785,0.07401398448395838,6.173870239753967e-09,287,0.0004663179320121599,2.5927629444558285e-06,1.3513892762164758e-05,0.0036761246935005836,0.06063105387093798,0.0032307598563417537,2025,5.308574220289716e-05,-0.016492754977755916,3.334080802017418e-05,3.118489878662136e-05,3.0351110246704965e-05,3.158490541109544e-05
2025-08-13,2025-08-14,1.3513892762164758e-05,3.023200648198818e-05,3.2648481613082344e-05,0.0036761246935005836,0.0054221880817162905,0.005500117500196064,0.06063105387093798,0.0733406593809269,0.07349153416843851,1.3558022436868075e-09,287,0.0003305156303602233,1.215016670355128e-06,2.874695561912983e-05,0.005361618749886067,0.07322307525559185,-0.0047466242940265345,2025,5.308574220289716e-05,-0.016492754977755916,2.9000769966992596e-05,2.6412814978562453e-05,2.558253209284727e-05,2.5877976067321995e-05
2025-08-14,2025-08-15,2.874695561912983e-05,2.880501649204881e-05,3.234094425265789e-05,0.005361618749886067,0.005296481689020513,0.005472951997214242,0.07322307525559185,0.07250606164409645,0.07331093566929169,1.2166126486925039e-08,287,0.0006788351108648972,3.6396550584942195e-06,9.216362379901519e-06,0.003035846237855521,0.05509851393509194,-0.0009658387800177146,2025,5.308574220289716e-05,-0.016492754977755916,3.218416722076884e-05,2.999135035208596e-05,2.918366570461951e-05,2.9990712432174143e-05
2025-08-15,2025-08-18,9.216362379901519e-06,2.2760662829007656e-05,2.8771265332104784e-05,0.003035846237855521,0.004647655224893407,0.005185151391604395,0.05509851393509194,0.06767650128295424,0.07141606643160682,4.913654737789318e-10,287,0.0002409387260925999,7.314529251619212e-07,1.2675217306394506e-05,0.003560227142528199,0.05966763898905502,0.0009208669998021028,2025,5.308574220289716e-05,-0.016492754977755916,2.4639516308890192e-05,2.1290352720191475e-05,2.0209186564771914e-05,2.0656772776306247e-05
2025-08-18,2025-08-19,1.2675217306394506e-05,1.9013373695799835e-05,2.793291254510834e-05,0.003560227142528199,0.004238778479964449,0.005093414501444222,0.05966763898905502,0.06463723927101636,0.07073327972754609,1.1472143876841157e-09,287,0.00031392698435166844,1.1176513704608352e-06,1.699903585905394e-05,0.004122988704696381,0.06421050307150988,-0.008403145134355444,2025,5.308574220289716e-05,-0.016492754977755916,2.3961256299195886e-05,2.067952491381576e-05,1.9653521209002085e-05,2.0330226536033618e-05
2025-08-19,2025-08-20,1.699903585905394e-05,1.6230292785328912e-05,2.7003522829417196e-05,0.004122988704696381,0.003951361105693351,0.005002673906736307,0.06421050307150988,0.06256615702443732,0.07009621903228186,3.0843619631700025e-09,287,0.0004444824181716132,1.832595989557695e-06,9.04448140176599e-06,0.003007404429365294,0.054839806977826734,0.008097283381482098,2025,5.308574220289716e-05,-0.016492754977755916,2.385780306740769e-05,2.064072811210585e-05,1.9627900778721548e-05,2.0505117377092235e-05
2025-08-20,2025-08-21,9.04448140176599e-06,1.5336410513249157e-05,2.6808048679419983e-05,0.003007404429365294,0.0038176170528662922,0.004973325519756684,0.054839806977826734,0.061407907645815094,0.06984163647292592,1.3408101554948275e-09,287,0.0004017684900078708,1.2082803364290766e-06,1.4194527224481605e-05,0.0037675625043894897,0.06138047331513084,-0.001737990222665055,2025,5.308574220289716e-05,-0.016492754977755916,2.1525934134610093e-05,1.7805150072578313e-05,1.6699962768610458e-05,1.7218548238135655e-05
2025-08-21,2025-08-22,1.4194527224481605e-05,1.2425924834319513e-05,2.6407029155108845e-05,0.0037675625043894897,0.0034988058037669773,0.004926505676230719,0.06138047331513084,0.05903938725772288,0.06948326240281069,2.3567036037954296e-09,286,0.00042592586216811995,1.6047023079543745e-06,1.1473126787894433e-05,0.003387200435152079,0.05819966009481566,0.00945779852163299,2025,5.308574220289716e-05,-0.016492754977755916,2.16355902357617e-05,1.8086089503342505e-05,1.7033564626094432e-05,1.7865172080946127e-05
2025-08-22,2025-08-25,1.1473126787894433e-05,1.2877277715918095e-05,2.510585035222281e-05,0.003387200435152079,0.0035690766432262882,0.004792633791737889,0.05819966009481566,0.059659616489667625,0.06851159855986519,1.1115965336375133e-09,287,0.00032480055144545807,1.1001645691936908e-06,3.1559207658214125e-05,0.005617758241346287,0.07495170606027782,0.00016664434861285104,2025,5.308574220289716e-05,-0.016492754977755916,2.0993943236147605e-05,1.7467754505844457e-05,1.6473479438957098e-05,1.7152185398071164e-05
2025-08-25,2025-08-26,3.1559207658214125e-05,1.6654075786282022e-05,2.5120788577264655e-05,0.005617758241346287,0.003980582862989907,0.004793966825121889,0.07495170606027782,0.06271642990391219,0.06852050281127861,3.523861369581123e-08,287,0.001102631573761391,6.194317610666681e-06,1.0979189386743763e-05,0.003313485987105387,0.057562887237397914,0.0037984973466859066,2025,5.308574220289716e-05,-0.016492754977755916,2.7414355935925308e-05,2.384627939151113e-05,2.242845164375484e-05,2.3632241376295223e-05
2025-08-26,2025-08-27,1.0979189386743763e-05,1.5450106491819983e-05,2.144504398285786e-05,0.003313485987105387,0.0038186823194717077,0.004508961212286237,0.057562887237397914,0.0613869067370898,0.06668718353100872,5.45119260421608e-10,287,0.00023251163372125461,7.704240401743575e-07,1.9123814636856727e-05,0.004373078393632651,0.0661292552024643,0.003004209629706441,2025,5.308574220289716e-05,-0.016492754977755916,2.146074585113293e-05,1.7977408668435085e-05,1.6927379805342852e-05,1.768333214551353e-05
2025-08-27,2025-08-28,1.9123814636856727e-05,1.746597313883813e-05,2.0813257288030462e-05,0.004373078393632651,0.004091817112325179,0.004446529557486698,0.0661292552024643,0.0636447963820173,0.06624732395062082,1.5835868238458014e-08,287,0.0009495497843904642,4.152455645796481e-06,9.367723024405177e-06,0.0030606736226532188,0.05532335512831103,0.008944208711581471,2025,5.308574220289716e-05,-0.016492754977755916,2.418065055271099e-05,2.117235139319437e-05,2.0176768932427003e-05,2.0707129952066144e-05
2025-08-28,2025-08-29,9.367723024405177e-06,1.6500612298822845e-05,2.03787315903261e-05,0.0030606736226532188,0.003950439335977924,0.004387898797016845,0.05532335512831103,0.06243337274465335,0.06576389909851416,4.3858903410328485e-10,287,0.00022578543669433398,6.910555304695862e-07,1.5241300013458286e-05,0.0039040107599055468,0.06248208351123982,0.014230137450386125,2025,5.308574220289716e-05,-0.016492754977755916,2.1349717833468422e-05,1.7850372302867528e-05,1.6795660629199133e-05,1.7433512929064464e-05
2025-08-29,2025-09-01,1.5241300013458286e-05,1.7254246943935614e-05,1.948361334831173e-05,0.0039040107599055468,0.004053801400928618,0.004296695159442551,0.06248208351123982,0.06328985742793818,0.06510946124206392,2.4818776654042444e-09,287,0.0004210786694155551,1.6438956561650378e-06,2.2173397518190832e-05,0.004708863718371007,0.06862116086435005,0.015785805732706593,2025,5.308574220289716e-05,-0.016492754977755916,2.299373958063135e-05,1.9872985722293326e-05,1.8878362237088345e-05,1.9709080232401564e-05
2025-09-01,2025-09-02,2.2173397518190832e-05,1.5377084915930955e-05,1.947491270485502e-05,0.004708863718371007,0.0038720224963335616,0.004295773286641825,0.06862116086435005,0.06202374838875262,0.06510275134173324,3.804439061718295e-09,287,0.00043222835800026316,2.0353044330385143e-06,4.181067806511112e-05,0.00646611769650933,0.0804121738078839,0.00759170063858214,2025,5.308574220289716e-05,-0.016492754977755916,2.3984447665663626e-05,2.085573395758962e-05,1.978312434538102e-05,2.1098088568398028e-05
2025-09-02,2025-09-03,4.181067806511112e-05,2.1543382651604427e-05,2.0272782366727727e-05,0.00646611769650933,0.004502548838214351,0.004365815228703288,0.0804121738078839,0.06659360570284982,0.06556786227225882,1.090778440541612e-08,287,0.0005329773213361179,3.4462940893296114e-06,4.8841186695963616e-05,0.006988646986074172,0.0835981278861804,-0.0008240556986100978,2025,5.308574220289716e-05,-0.016492754977755916,3.129887775962442e-05,2.7703424407343208e-05,2.6066202748776732e-05,2.8739616003621607e-05
2025-09-03,2025-09-04,4.8841186695963616e-05,2.7486857063425805e-05,2.1869090619213725e-05,0.006988646986074172,0.005025662556702655,0.004515100251487666,0.0835981278861804,0.07008738023959304,0.06660125039640741,4.942788911108411e-08,287,0.0010497285052646348,7.336181954513836e-06,3.409840444231418e-05,0.005839383909481734,0.07641586163540744,0.00646692259062319,2025,5.308574220289716e-05,-0.016492754977755916,3.5498270487792014e-05,3.1721169393808554e-05,2.97993938878812e-05,3.2050372769016175e-05
2025-09-04,2025-09-05,3.409840444231418e-05,3.2432993347007606e-05,2.2719903539427387e-05,0.005839383909481734,0.005581404614068358,0.0046022631277341805,0.07641586163540744,0.07430588154101232,0.06722814040304599,1.293346558085942e-08,287,0.0006426499668569535,3.7526798758934635e-06,3.0734141853523124e-05,0.005543838187891411,0.07445695526874176,0.009086300800066584,2025,5.308574220289716e-05,-0.016492754977755916,3.384939207631789e-05,3.154177601236851e-05,3.048654653880703e-05,3.192189729543276e-05
2025-09-05,2025-09-08,3.0734141853523124e-05,3.5531561715020576e-05,2.3519944649242896e-05,0.005543838187891411,0.005909370099665532,0.004689529368882964,0.07445695526874176,0.07670085589251271,0.06787620614299596,8.885879612727198e-09,287,0.0005610786318030563,3.110529145399648e-06,1.9681587453518827e-05,0.004436393518785144,0.06660625735458452,0.015982736422250683,2025,5.308574220289716e-05,-0.016492754977755916,3.429727918274135e-05,3.249621865678259e-05,3.1724658656283645e-05,3.2784061437295494e-05
2025-09-08,2025-09-09,1.9681587453518827e-05,3.503319970208617e-05,2.278356655309254e-05,0.004436393518785144,0.005854876059748358,0.0046189040418566085,0.06660625735458452,0.07629787519055961,0.06738576038912504,2.2717091977062393e-09,287,0.0003545115332206256,1.5727526683145675e-06,5.505500983746867e-05,0.007419906322688223,0.08613887811370788,-0.003886661436148119,2025,5.308574220289716e-05,-0.016492754977755916,3.1292427442784175e-05,2.925752357423232e-05,2.8507123783080306e-05,2.917263005508151e-05
2025-09-09,2025-09-10,5.505500983746867e-05,3.768206605655768e-05,2.349342469592715e-05,0.007419906322688223,0.006045633784984137,0.004670718940229209,0.08613887811370788,0.0774432160517244,0.06769905867880255,4.2458029796717464e-08,287,0.0009163588086426177,6.799296518098407e-06,2.281873947862513e-05,0.004776896427454245,0.06911509551070769,-0.002353582737304514,2025,5.308574220289716e-05,-0.016492754977755916,4.113447224014516e-05,3.8417839221546e-05,3.6926275230311834e-05,3.9113176919602994e-05
2025-09-10,2025-09-11,2.281873947862513e-05,3.247757661308999e-05,2.31028372643904e-05,0.004776896427454245,0.005603283673260151,0.004633095556605628,0.06911509551070769,0.07454660957662987,0.06743774715434632,4.088267863264179e-09,287,0.0004416801778047421,2.109860463432828e-06,2.8043220383170642e-05,0.005295584989703276,0.07277077016016303,0.0043371741808722825,2025,5.308574220289716e-05,-0.016492754977755916,3.111982696777674e-05,2.894519402338755e-05,2.8130329392848846e-05,2.8989789064262826e-05
2025-09-11,2025-09-12,2.8043220383170642e-05,3.1266539801261275e-05,2.297232726310685e-05,0.005295584989703276,0.005494523889304459,0.0046210732572261465,0.07277077016016303,0.07381759128158097,0.06735614969324441,8.342544845023013e-09,287,0.0005691403739825298,3.013931221495994e-06,2.7089901372200005e-05,0.005204795997174145,0.07214427210232387,-0.004772203400770707,2025,5.308574220289716e-05,-0.016492754977755916,3.193128598216422e-05,2.9731443711896463e-05,2.8854505346223277e-05,2.992040175898295e-05
2025-09-12,2025-09-15,2.7089901372200005e-05,3.053769170499665e-05,2.3589418563562998e-05,0.005204795997174145,0.005426715451161007,0.004690558316484037,0.07214427210232387,0.07335505464829739,0.06787947779467104,2.1145994327123917e-08,287,0.0009219224828641423,4.7984184485161375e-06,1.6362379969027495e-05,0.004045043877268514,0.06360065940906992,0.016041824566976157,2025,5.308574220289716e-05,-0.016492754977755916,3.148278078895684e-05,2.9261336396992842e-05,2.8402921399870657e-05,2.8919664455860117e-05
2025-09-15,2025-09-16,1.6362379969027495e-05,2.987385020809839e-05,2.3026483306740172e-05,0.004045043877268514,0.005348445522857681,0.004630714004092331,0.06360065940906992,0.07275393505919447,0.06744209525619277,2.9600939363995562e-09,287,0.00044382685027129947,1.7952990832572894e-06,2.1139968940998114e-05,0.004597822195452768,0.06780724294242296,9.213992266761137e-05,2025,5.308574220289716e-05,-0.016492754977755916,2.851361781344462e-05,2.597285605983133e-05,2.5105640887822288e-05,2.564320248430716e-05
2025-09-16,2025-09-17,2.1139968940998114e-05,2.3090842028804278e-05,2.3568465423153646e-05,0.004597822195452768,0.00478402869741059,0.004701712911255841,0.06780724294242296,0.06908760802493749,0.068019764756526,4.515724045797419e-09,287,0.0004822759300989102,2.217418975741397e-06,5.886174546689977e-05,0.00767214086594477,0.08759075787972594,-0.007433643774900783,2025,5.308574220289716e-05,-0.016492754977755916,2.7144685221093682e-05,2.4863017559256657e-05,2.4150044467862753e-05,2.4856473759186836e-05
2025-09-17,2025-09-18,5.886174546689977e-05,3.0299443226459206e-05,2.5667853066812983e-05,0.00767214086594477,0.005363077585108694,0.0048886180805020486,0.08759075787972594,0.07278274049874114,0.06928899743337469,5.868864226156165e-08,287,0.0010419443535135454,7.993943854631676e-06,3.4104746396872806e-05,0.005839926917083193,0.07641941452983786,-0.0014808058069456858,2025,5.308574220289716e-05,-0.016492754977755916,3.947359558159267e-05,3.578711236876721e-05,3.393634859140326e-05,3.6380461085698005e-05
2025-09-18,2025-09-19,3.4104746396872806e-05,3.151174842919964e-05,2.644538536398657e-05,0.005839926917083193,0.005471945970584678,0.00496666072651963,0.07641941452983786,0.07351246937267611,0.06984394795420779,1.0445061836132553e-08,287,0.0005774736309756503,3.372403801440467e-06,1.5662414791724145e-05,0.003957576883867721,0.06290927502258885,0.008838570262447443,2025,5.308574220289716e-05,-0.016492754977755916,3.390449054235641e-05,3.1461160948061156e-05,3.04021830088709e-05,3.1917301861805815e-05
2025-09-19,2025-09-22,1.5662414791724145e-05,2.922625111310446e-05,2.6746200518075574e-05,0.003957576883867721,0.005222502147923394,0.005009850383542469,0.06290927502258885,0.07166546995672911,0.07021074195624243,1.5989089510597043e-09,287,0.0003334007471282361,1.3194590898989346e-06,2.203260585805108e-05,0.004693890269067981,0.06851197172077286,0.017834929228725857,2025,5.308574220289716e-05,-0.016492754977755916,2.8498738179079878e-05,2.5633454043002235e-05,2.465142209001724e-05,2.5340594895105217e-05
2025-09-22,2025-09-23,2.203260585805108e-05,3.036029629090918e-05,2.7102476819601454e-05,0.004693890269067981,0.005352271426283287,0.005051956191027855,0.06851197172077286,0.0726477324190697,0.07053490097468071,2.8124149646051142e-09,287,0.00037281281287389665,1.7499424345326454e-06,5.6195824144158056e-05,0.007496387406221616,0.08658168054630042,0.0056967656573028115,2025,5.308574220289716e-05,-0.016492754977755916,3.0548906963201115e-05,2.8061120350691704e-05,2.7161049115256763e-05,2.812677613871105e-05
2025-09-23,2025-09-24,5.6195824144158056e-05,3.737146733154117e-05,2.913532669943162e-05,0.007496387406221616,0.005931984468437056,0.005238737416985561,0.08658168054630042,0.07640261993984518,0.07182499281338456,2.577559045525248e-08,287,0.0007067020505050702,5.297712351357201e-06,3.991403423652392e-05,0.006317755474575122,0.07948430961249599,-0.008984623953480472,2025,5.308574220289716e-05,-0.016492754977755916,4.1914805304601214e-05,3.880983588666319e-05,3.713954065723372e-05,3.997213138098445e-05
2025-09-24,2025-09-25,3.991403423652392e-05,3.358192508546601e-05,2.951509154390025e-05,0.006317755474575122,0.005661107390163127,0.005270555473041417,0.07948430961249599,0.07478133028639919,0.0720310202475763,1.2173534297752348e-08,287,0.0005762747507446933,3.6407629613767e-06,5.996879412575484e-05,0.007743952099913508,0.08799972783999681,0.0020305225631224643,2025,5.308574220289716e-05,-0.016492754977755916,3.647323586634182e-05,3.4082728651384845e-05,3.297081605254044e-05,3.478015505941384e-05
2025-09-25,2025-09-26,5.996879412575484e-05,3.875473463124241e-05,3.174189175930984e-05,0.007743952099913508,0.006041912426729188,0.005471940296350877,0.08799972783999681,0.07709739294843099,0.07341451300223988,3.082899578000274e-08,287,0.0007481713845465214,5.793803364454231e-06,2.526616394851662e-05,0.005026545926231712,0.07089813767816269,0.006551668785768233,2025,5.308574220289716e-05,-0.016492754977755916,4.3665148055955946e-05,4.0476372565878325e-05,3.872879016481092e-05,4.1665930429142316e-05
2025-09-26,2025-09-29,2.526616394851662e-05,4.067548446260091e-05,3.2021089455294386e-05,0.005026545926231712,0.006255706235201987,0.00550164336601447,0.07089813767816269,0.07869516547954576,0.0736312803874989,4.431306412474757e-09,287,0.00043699885412684956,2.196594809979242e-06,2.9921532684995282e-05,0.005470057831960763,0.07395983931811076,0.02609016360894935,2025,5.308574220289716e-05,-0.016492754977755916,3.585517894077886e-05,3.389492252165839e-05,3.3124252094723524e-05,3.390708573221145e-05
2025-09-29,2025-09-30,2.9921532684995282e-05,4.225326982798975e-05,3.295535353077575e-05,0.005470057831960763,0.006410939747780545,0.005611160830073905,0.07395983931811076,0.07978473899901335,0.07447839330521708,5.394008872868137e-09,287,0.0004430451358173204,2.4234825150896533e-06,8.847054473816278e-05,0.009405878201325104,0.09698390691926731,-0.00137087645244886,2025,5.308574220289716e-05,-0.016492754977755916,3.7715392127247327e-05,3.6075603569392514e-05,3.541383552365815e-05,3.633068366589803e-05
2025-09-30,2025-10-01,8.847054473816278e-05,4.870821394679069e-05,3.628395556371687e-05,0.009405878201325104,0.006792837906801241,0.005861245713774794,0.09698390691926731,0.08186518427360671,0.07604665800558195,5.931814815809161e-08,287,0.0008544339652626725,8.036701808335942e-06,4.560759181231074e-05,0.006753339308246753,0.08217870349577652,0.0002738091257539397,2025,5.308574220289716e-05,-0.016492754977755916,5.5038038879630266e-05,5.076342716947121e-05,4.8326003679262506e-05,5.267250994041067e-05
2025-10-01,2025-10-02,4.560759181231074e-05,4.984692546194805e-05,3.7349146213449596e-05,0.006753339308246753,0.0068799546735355665,0.00595417642240551,0.08217870349577652,0.08240406305026282,0.07666290994337406,1.7292968341198627e-08,287,0.0006425401423024783,4.3392916001377895e-06,5.786081955437758e-05,0.007606629973541343,0.08721599608753743,-0.005955443865617654,2025,5.308574220289716e-05,-0.016492754977755916,4.499582485980001e-05,4.2920479206421495e-05,4.183308410031573e-05,4.355828425736984e-05
2025-10-02,2025-10-03,5.786081955437758e-05,4.94253305476726e-05,3.807869809932534e-05,0.007606629973541343,0.006852490248261134,0.006006017889543328,0.08721599608753743,0.08224731669977095,0.07697217459244922,3.746790013505034e-08,287,0.0008396947716746394,6.387247418846267e-06,2.697650956602529e-05,0.0051938915627903984,0.07206865867206354,0.010760711326964807,2025,5.308574220289716e-05,-0.016492754977755916,4.794286041515146e-05,4.5498140105829537e-05,4.412391113595004e-05,4.6228807523329365e-05
2025-10-03,2025-10-06,2.697650956602529e-05,4.976739967117434e-05,3.708484913887359e-05,0.0051938915627903984,0.006885959375572871,0.005924438097575885,0.07206865867206354,0.08248142089855111,0.07644810780998935,6.072802576929333e-09,287,0.0004950918367245013,2.571453313569789e-06,5.669602253412396e-05,0.00752967612411875,0.08677370640994166,0.023783856004238397,2025,5.308574220289716e-05,-0.016492754977755916,4.033016915765388e-05,3.825370106307352e-05,3.738978160380947e-05,3.8137360589289565e-05
2025-10-06,2025-10-07,5.669602253412396e-05,5.512229764100007e-05,3.811201359759222e-05,0.00752967612411875,0.007297883034004469,0.006001269561877567,0.08677370640994166,0.08504419431691729,0.07691891893610456,6.377929322951135e-08,287,0.0011067451244078012,8.333432338738257e-06,4.894600317452809e-05,0.00699614202075173,0.08364294363992536,0.010494098394929681,2025,5.308574220289716e-05,-0.016492754977755916,4.98501685507675e-05,4.791513678298649e-05,4.673412459364295e-05,4.786522095772105e-05
2025-10-07,2025-10-08,4.894600317452809e-05,4.721738932827314e-05,3.893982547581972e-05,0.00699614202075173,0.006815935797889795,0.006067283372462126,0.08364294363992536,0.08237600166104889,0.07733646386206744,1.772537340037632e-08,287,0.0006279472196012798,4.393207929866727e-06,9.157264211455399e-05,0.009569359545682981,0.09782310333291917,0.0048464640915806155,2025,5.308574220289716e-05,-0.016492754977755916,4.498376416719239e-05,4.346586105982127e-05,4.265320338696518e-05,4.4294076753649484e-05
2025-10-08,2025-10-09,9.157264211455399e-05,5.641039938872178e-05,4.220760068768495e-05,0.009569359545682981,0.007379139845377041,0.006300600010048393,0.09782310333291917,0.08550488162847743,0.0787554114065372,1.1063528985784786e-07,287,0.001146959357687142,1.0975666477993873e-05,0.00011824771700985979,0.010874176612960624,0.10427932015965881,-0.01854337283468851,2025,5.308574220289716e-05,-0.016492754977755916,5.941663422994046e-05,5.579385777827706e-05,5.357963084724448e-05,5.6698583172821826e-05
2025-10-09,2025-10-10,0.00011824771700985979,6.848777887981822e-05,4.507999646824817e-05,0.010874176612960624,0.008032649173260898,0.006457612295969865,0.10427932015965881,0.0889175464429017,0.07957997695408042,1.0368974850432996e-07,287,0.0009771372975350117,1.0625563548506772e-05,0.00279161774419735,0.05283576198179932,0.2298603097139637,0.0004934082272707732,2025,5.308574220289716e-05,-0.016492754977755916,7.097216092253754e-05,6.528349731417254e-05,6.175694143355046e-05,6.762374749456931e-05
2025-10-10,2025-10-13,0.00279161774419735,0.0006214160258060833,0.00017093449668273568,0.05283576198179932,0.01756102325706268,0.008642106184803731,0.2298603097139637,0.12047587665128172,0.08688657759968298,0.0007790952072364608,287,0.017432166035017068,0.0009210417754533681,4.2653479688609566e-05,0.006530963151680582,0.08081437465996122,0.05048634475796919,2025,5.308574220289716e-05,-0.016492754977755916,0.0009583966785191044,0.0004993257540544487,0.0003015794783412762,9.132820996832823e-06
2025-10-13,2025-10-14,4.2653479688609566e-05,0.0006186075172369803,0.00017159859937843747,0.006530963151680582,0.017361280662575047,0.008698259737620883,0.08081437465996122,0.11928401030128563,0.08725219598603742,1.0269572665688521e-08,287,0.0005120153901150225,3.3439536459345704e-06,0.00027862832255494196,0.0166921635073151,0.12919815597490197,0.006235454357882695,2025,5.308574220289716e-05,-0.016492754977755916,0.0002777685098710856,0.00013006699841609334,9.341099308972433e-05,0.00012779636016283015
2025-10-14,2025-10-15,0.00027862832255494196,0.000664543981113063,0.00018303216397765304,0.0166921635073151,0.019300484959887725,0.009220412806263652,0.12919815597490197,0.12839505276828098,0.0898455543438819,2.1766350397884536e-06,287,0.0029165151746898396,4.868294816748846e-05,7.289687144934358e-05,0.008537966470380612,0.09240111725720969,0.013303923723532764,2025,5.308574220289716e-05,-0.016492754977755916,0.0003550318297029448,0.00021599972832774417,0.0001659696558313403,0.00019958801256745267
2025-10-15,2025-10-16,7.289687144934358e-05,0.000660808826980021,0.00018560191359039466,0.008537966470380612,0.01909420634482725,0.00942463656049602,0.09240111725720969,0.12731065555313908,0.09115466606425189,3.647452805563171e-08,287,0.000738115725706318,6.302007317341196e-06,0.00025651277423592204,0.0160160161786857,0.12655440007635332,0.03224194058306666,2025,5.308574220289716e-05,-0.016492754977755916,0.0003030137561910003,0.0001617194024336839,0.00012165469141080472,0.0001599263305834836
2025-10-16,2025-10-17,0.00025651277423592204,0.0006884618384252334,0.00019630067746743667,0.0160160161786857,0.020122574257972266,0.009943645377915698,0.12655440007635332,0.13176567153647797,0.09382499138852146,1.0922172590266251e-06,287,0.0021531985618953014,3.448566300323793e-05,0.0005046135563273216,0.02246360514982672,0.14987863473433002,-0.035796246158451825,2025,5.308574220289716e-05,-0.016492754977755916,0.0003602183626619212,0.00022439667974841863,0.00017453404996825336,0.00021587691199871767
2025-10-17,2025-10-20,0.0005046135563273216,0.00023106100085122774,0.00021656212341563763,0.02246360514982672,0.014048142891577742,0.010615984663546697,0.14987863473433002,0.11576933654055124,0.0966562585182762,2.7483561353888047e-06,287,0.002435236306282893,5.47041868308614e-05,0.0001371664248401304,0.011711807069796291,0.10822110270088867,0.025900126323343226,2025,5.308574220289716e-05,-0.016492754977755916,0.0002478117019521454,0.0001932616481862961,0.00016359326577038044,0.00018524704480578347
2025-10-20,2025-10-21,0.0001371664248401304,0.00024996358988153193,0.00022124674516305843,0.011711807069796291,0.015084311675200884,0.010882888306851838,0.10822110270088867,0.12125068214873673,0.0981017897987785,1.3579328490935665e-07,287,0.001038243689245807,1.2159709779880427e-05,0.0005536872704908353,0.02353056035224906,0.1533967416611222,-0.052897733687568595,2025,5.308574220289716e-05,-0.016492754977755916,0.00016475335629167733,0.0001407728395766105,0.0001289785481879308,0.0001414182589663504
2025-10-21,2025-10-22,0.0005536872704908353,0.00030497537946871055,0.00024570242042210895,0.02353056035224906,0.016451991044187677,0.011772569373596444,0.1533967416611222,0.1260903992859808,0.10221485646416636,2.267523583805989e-06,287,0.0021116780193092717,4.968896707787457e-05,0.00038016172369114364,0.01949773637351638,0.13963429511948838,-0.008562365982744978,2025,5.308574220289716e-05,-0.016492754977755916,0.0002915698619123043,0.00023519432346740917,0.00020237644093622014,0.0002308402895849106
2025-10-22,2025-10-23,0.00038016172369114364,0.0003664283499170706,0.00026198101668724956,0.01949773637351638,0.01864394502481483,0.01244547146925319,0.13963429511948838,0.13553703485843652,0.10544768934592617,8.666311681587346e-07,287,0.0015754949685133108,3.0718585553874024e-05,0.00015012528332038913,0.012252562316527474,0.1106912928668171,0.006545008278445895,2025,5.308574220289716e-05,-0.016492754977755916,0.00027409303510622033,0.0002379985372643903,0.00021400148440398764,0.0002386626322389883
2025-10-23,2025-10-24,0.00015012528332038913,0.000345150851733964,0.0002662505375588963,0.012252562316527474,0.017891254252383186,0.012661661237903458,0.1106912928668171,0.1323644134165293,0.10654358081504056,1.8578663382446176e-07,287,0.00116081864601798,1.4223002798522349e-05,0.00011895566035950993,0.010906679621200484,0.10443504977353381,-0.0036259597933674128,2025,5.308574220289716e-05,-0.016492754977755916,0.00020950365269000614,0.0001801485603907891,0.00016433463794189896,0.00017904731824506452
2025-10-24,2025-10-27,0.00011895566035950993,0.0002680192725404017,0.0002698433387463048,0.010906679621200484,0.015579869146657937,0.012870248699113702,0.10443504977353381,0.12327569642437002,0.10767770536781501,8.808680457255191e-08,287,0.0008979392061139521,9.793535240399983e-06,0.00012391918252615243,0.011131899322494452,0.10550781640473113,-0.02962376674892638,2025,5.308574220289716e-05,-0.016492754977755916,0.0001725184459275099,0.00014678421191090997,0.000135056127392083,0.00014691483952423902
2025-10-27,2025-10-28,0.00012391918252615243,0.00026536982407760607,0.0002727501745826865,0.011131899322494452,0.01546388759719757,0.013024246300140112,0.10550781640473113,0.12273303916513853,0.10847352757530292,8.005391382115698e-08,287,0.0008386989074073154,9.336311799144331e-06,0.0001421040183231147,0.011920739000712778,0.10918213682060257,-0.006512223962592608,2025,5.308574220289716e-05,-0.016492754977755916,0.0001730446146993462,0.0001472483126973944,0.0001354730911789876,0.0001479981563438486
2025-10-28,2025-10-29,0.0001421040183231147,0.00018305317364406196,0.00027806098614516824,0.011920739000712778,0.013141923326890311,0.013337618712616519,0.10918213682060257,0.11389011819703461,0.11021370935450475,1.4443598673513676e-07,287,0.001052006902706761,1.2540699714115538e-05,0.00021138540709919558,0.014539099253364893,0.120578187303363,-0.005844197120322955,2025,5.308574220289716e-05,-0.016492754977755916,0.00014645461946767355,0.0001285005919980541,0.00012084440155140646,0.00012917543560281435
2025-10-29,2025-10-30,0.00021138540709919558,0.00014929791032567238,0.00028630934407308643,0.014539099253364893,0.012150195902860015,0.01374984786813489,0.120578187303363,0.11007889663380951,0.11233272517201622,9.300921224242469e-07,287,0.002188817458910265,3.182343428259427e-05,0.00012376156477023238,0.01112481751626661,0.10547425048923842,0.01344101852934424,2025,5.308574220289716e-05,-0.016492754977755916,0.00015150039706660897,0.00013365214729979907,0.00012563527951204618,0.0001277144577580734
2025-10-30,2025-10-31,0.00012376156477023238,0.000144025166615641,0.0002879134813472714,0.01112481751626661,0.011924646942807843,0.0138279814733595,0.10547425048923842,0.10903548815829378,0.11271864987974217,8.837279205881744e-08,287,0.0008817601240940715,9.809420473667146e-06,0.00010516129690872344,0.010254818228946014,0.10126607639750843,0.0025003576034142686,2025,5.308574220289716e-05,-0.016492754977755916,0.00012798456480450429,0.0001138455291998198,0.0001086581460488654,0.00011500561457134629
2025-10-31,2025-11-03,0.00010516129690872344,0.0001412662939254837,0.0002906204679425629,0.010254818228946014,0.011794274664356948,0.013987139606118559,0.10126607639750843,0.1084016934830887,0.11358625773891182,1.6101805444327797e-07,287,0.0012911996009816378,1.3241017205354318e-05,8.100177536599915e-05,0.00900009863090395,0.09486884963413413,-0.0057024305266604475,2025,5.308574220289716e-05,-0.016492754977755916,0.00012262113024309382,0.00010870957951189406,0.00010397550677528422,0.00010693940348923536
2025-11-03,2025-11-04,8.100177536599915e-05,0.00013268281249345307,0.0002916723295703639,0.00900009863090395,0.01136791452603885,0.014050479090544132,0.09486884963413413,0.10627390012896931,0.11393411471830257,4.0766447578502674e-08,287,0.0007402667241755107,6.6624735307557665e-06,0.00010326341413150142,0.010161860761273076,0.10080605518158657,-0.0053285378453357774,2025,5.308574220289716e-05,-0.016492754977755916,0.00011346132554208223,9.90449567497612e-05,9.462902348894989e-05,9.899358347871778e-05
2025-11-04,2025-11-05,0.00010326341413150142,0.00012491469165513042,0.0002951399161415219,0.010161860761273076,0.01101613887815091,0.014276295872293343,0.10080605518158657,0.1045986838011661,0.11524036001418997,9.266533535011485e-08,287,0.0009884836117954076,1.004483282786524e-05,5.189299369722097e-05,0.007203679177838292,0.08487449073684208,0.00600139752424917,2025,5.308574220289716e-05,-0.016492754977755916,0.000116356311709226,0.00010191869279935281,9.734457990805519e-05,0.00010177152825070457
2025-11-05,2025-11-06,5.189299369722097e-05,9.301620897473547e-05,0.00029492159664893546,0.007203679177838292,0.009549054863045588,0.014261477829280595,0.08487449073684208,0.09745794448786194,0.11515403202904907,2.382350658328033e-08,287,0.0007070213727725902,5.0931551413285535e-06,6.0187221386371907e-05,0.0077580423681732945,0.08807975004604233,0.0025041780699112887,2025,5.308574220289716e-05,-0.016492754977755916,9.136082264693882e-05,7.667375337987398e-05,7.326640539009851e-05,7.561568744566631e-05
2025-11-06,2025-11-07,6.0187221386371907e-05,8.030134029796338e-05,0.00029543256111311017,0.0077580423681732945,0.008875699833426925,0.014296109663254303,0.08807975004604233,0.09397904439922272,0.11535570504750893,5.01201697358867e-08,287,0.0009522219360932308,7.387378124115288e-06,4.3679581330029104e-05,0.006609052982843238,0.08129608221091124,-0.0003104882452560673,2025,5.308574220289716e-05,-0.016492754977755916,8.857591044545972e-05,7.387042372175081e-05,7.056858473830142e-05,7.263223121884757e-05
2025-11-07,2025-11-10,4.3679581330029104e-05,6.800499718222451e-05,0.0002932556038047227,0.006609052982843238,0.008146546784206371,0.014161550274034318,0.08129608221091124,0.08998504556190326,0.11460447681469041,1.1070908253015532e-08,287,0.0005253351434050202,3.471967796513329e-06,4.001618608446151e-05,0.0063258348132449295,0.07953511685566904,0.034801034908982474,2025,5.308574220289716e-05,-0.016492754977755916,7.952597041336636e-05,6.38458995789359e-05,6.0602221686582686e-05,6.318439549448425e-05
2025-11-10,2025-11-11,4.001618608446151e-05,5.980787932591699e-05,0.00028969962512629543,0.0063258348132449295,0.007611694020674567,0.01395480746495633,0.07953511685566904,0.08691829900621026,0.11347974030087267,1.0065723176315002e-08,287,0.0005233457560455751,3.3105988029570873e-06,4.812622325194583e-05,0.006937306628075901,0.08329049542460353,-0.0056948619744557755,2025,5.308574220289716e-05,-0.016492754977755916,7.507746139233948e-05,5.877008837503436e-05,5.546822828587332e-05,5.804928225253072e-05
2025-11-11,2025-11-12,4.812622325194583e-05,4.8780441150005866e-05,0.00016499546508332255,0.006937306628075901,0.006966783194035131,0.011868514039787082,0.08329049542460353,0.08341518705481364,0.10681747601499268,1.958677456900249e-08,287,0.0006656939871757292,4.618123309504459e-06,5.656668073771163e-05,0.007521082417957646,0.08672417435731311,0.023301747866782598,2025,5.308574220289716e-05,-0.016492754977755916,5.918530184092375e-05,5.319488194837131e-05,5.1536836549451146e-05,5.305782043120763e-05
2025-11-12,2025-11-13,5.656668073771163e-05,4.971517855810399e-05,0.00016562788331282716,0.007521082417957646,0.007030263842059001,0.011913519460981492,0.08672417435731311,0.08378512377890786,0.10708610327396323,1.800150704422298e-08,287,0.0005886513536256685,4.4272953460609845e-06,0.0001392818635917911,0.011801773747695348,0.10863596894074884,-0.0012219089890362202,2025,5.308574220289716e-05,-0.016492754977755916,6.170086126006254e-05,5.570044466776146e-05,5.391579434474632e-05,5.617541548661655e-05
2025-11-13,2025-11-14,0.0001392818635917911,6.553410699918784e-05,0.0001592939533599567,0.011801773747695348,0.007839010117963414,0.011691229017362414,0.10863596894074884,0.08789636755784916,0.10615145840877444,4.878557952550576e-07,287,0.0019529112720818493,2.30478169824339e-05,0.00017008573524204771,0.013041692192428393,0.11420022851303054,-0.029524274132828158,2025,5.308574220289716e-05,-0.016492754977755916,8.754236163884885e-05,7.73908190432403e-05,7.26153135224133e-05,7.478049967044347e-05
2025-11-14,2025-11-17,0.00017008573524204771,9.081533778159156e-05,0.00016371162898689775,0.013041692192428393,0.009125537959880444,0.01189594382291004,0.11420022851303054,0.09447719681827302,0.10714232710222085,2.09809902997772e-07,287,0.0011589457523981852,1.5114613770499461e-05,0.0001286537782276429,0.011342564887521821,0.10650147833491243,-0.017246734385962914,2025,5.308574220289716e-05,-0.016492754977755916,0.00010536738568819672,9.36124735318053e-05,8.737044772729721e-05,9.56490242170661e-05
2025-11-17,2025-11-18,0.0001286537782276429,0.00010854285621022784,0.00015789985644106688,0.011342564887521821,0.010128883974735822,0.011683514218766228,0.10650147833491243,0.09987046911412169,0.10623083065942808,1.184362770746021e-07,287,0.0010011869121155958,1.1356027515208752e-05,5.78232987591165e-05,0.0076041632517402265,0.08720185348798629,0.01610459367282304,2025,5.308574220289716e-05,-0.016492754977755916,0.00010130767137166006,9.396135605226786e-05,8.97947805027856e-05,9.543123822434923e-05
2025-11-18,2025-11-19,5.78232987591165e-05,0.00011048227131166197,0.00013759120836978484,0.0076041632517402265,0.010262255299468687,0.011008085041580481,0.08720185348798629,0.10065274072679824,0.10338188605732151,1.495086821645088e-08,287,0.0005305982791679486,4.034755935885517e-06,0.00012170709196129149,0.011032093725186144,0.10503377421185123,0.00028585371795891446,2025,5.308574220289716e-05,-0.016492754977755916,8.231873527912779e-05,7.743422331925392e-05,7.511256842251938e-05,7.771985319419865e-05
2025-11-19,2025-11-20,0.00012170709196129149,0.00012351035355637796,0.00013688851142074673,0.011032093725186144,0.010964457560914386,0.010977188980461837,0.10503377421185123,0.10431466069770585,0.103237007489638,1.019067335893765e-07,287,0.0009548333080347496,1.0533810546168889e-05,0.00012422154147327216,0.011145471792314229,0.10557211654747777,-0.006363973941950235,2025,5.308574220289716e-05,-0.016492754977755916,0.0001030475616752761,9.817342579348204e-05,9.491176262762145e-05,9.961375342865582e-05
2025-11-20,2025-11-21,0.00012422154147327216,0.00012049828913267414,0.00011736734191994839,0.011145471792314229,0.010833197169838164,0.01041423040955571,0.10557211654747777,0.10370189021905166,0.10106316089356328,7.621039379536588e-08,287,0.0008173210951807359,9.109429211600264e-06,7.175984949737722e-05,0.008471118550544386,0.09203867964363888,0.0036176098725911317,2025,5.308574220289716e-05,-0.016492754977755916,0.00010037292003348938,9.632132073465189e-05,9.330136280712251e-05,9.872625514107037e-05
2025-11-21,2025-11-24,7.175984949737722e-05,0.00010083311198374006,0.00010334907491114084,0.008471118550544386,0.009919082441461361,0.009913020508511528,0.09203867964363888,0.09926958044517332,0.09889972382647921,3.076269228354339e-08,287,0.00068321198079227,5.7875696844435725e-06,3.7460794136213044e-05,0.006120522374455717,0.07823376748217943,0.018375053524240022,2025,5.308574220289716e-05,-0.016492754977755916,7.830273282757495e-05,7.621390781887514e-05,7.479215689007515e-05,7.70123839886435e-05
2025-11-24,2025-11-25,3.7460794136213044e-05,8.25945151654541e-05,9.822796176640554e-05,0.006120522374455717,0.008874673938848141,0.009634291420235539,0.07823376748217943,0.09361603827462671,0.09742438176354114,8.566118531696147e-09,287,0.0004989851400180634,3.054049714001476e-06,6.48325466895493e-05,0.008051866037729968,0.08973219064377047,0.005042264671740666,2025,5.308574220289716e-05,-0.016492754977755916,6.224588687305603e-05,5.9126762482693604e-05,5.774373206213068e-05,5.874980344858492e-05
2025-11-25,2025-11-26,6.48325466895493e-05,8.399636475154064e-05,9.57678202359528e-05,0.008051866037729968,0.00896421449604609,0.009504527166441424,0.08973219064377047,0.09412210570578355,0.09675606998491554,2.7471252551144512e-08,287,0.0006792454727794732,5.469193553554876e-06,3.8754123593287306e-05,0.006225281005166538,0.07890044996808661,-0.0026680995507219114,2025,5.308574220289716e-05,-0.016492754977755916,6.928285717302194e-05,6.670192848048214e-05,6.522499449585715e-05,6.739388555789707e-05
2025-11-26,2025-11-27,3.8754123593287306e-05,6.74057710779398e-05,9.189668119354983e-05,0.006225281005166538,0.008002851952042167,0.009281499061108337,0.07890044996808661,0.08889544085703063,0.09554664423779533,7.805084990313887e-09,287,0.00046828896152072727,2.9152303770841472e-06,1.6340190234739832e-05,0.004042300116856717,0.0635790855302018,0.00896332938918993,2025,5.308574220289716e-05,-0.016492754977755916,5.602923938341072e-05,5.3173474301648426e-05,5.202597849462711e-05,5.3174275143522464e-05
2025-11-27,2025-11-28,1.6340190234739832e-05,4.5829500830233335e-05,8.618014355316914e-05,0.004042300116856717,0.0065822176169506655,0.008923388202751242,0.0635790855302018,0.08049683465357543,0.0934737782700498,3.006043686275874e-09,287,0.000447561944678412,1.8091797012741646e-06,0.00010444969286319266,0.010220063251428177,0.10109432848299739,0.00663369099968013,2025,5.308574220289716e-05,-0.016492754977755916,4.156152103767556e-05,3.7414190418672764e-05,3.5960036838783713e-05,3.628291384362283e-05
2025-11-28,2025-12-01,0.00010444969286319266,5.236746950339642e-05,8.131942926971446e-05,0.010220063251428177,0.006932006557127423,0.008727068384481392,0.10109432848299739,0.08230796442144714,0.09258814832366956,8.163632814625287e-07,287,0.002917240338505917,2.9814380779148216e-05,8.894324487423526e-05,0.009430972636702709,0.0971131949670214,0.000488627554139145,2025,5.308574220289716e-05,-0.016492754977755916,6.53275654025757e-05,5.924504466274975e-05,5.588457619318364e-05,5.363351377018394e-05
2025-12-01,2025-12-02,8.894324487423526e-05,6.266395965100087e-05,7.973677836535096e-05,0.009430972636702709,0.007594096609576821,0.008650075435410305,0.0971131949670214,0.08608384991841553,0.09220810034538697,8.12568738748479e-08,287,0.0009973730586205218,9.406198024434628e-06,6.335218386855181e-05,0.0079594085124808,0.08921551721803107,0.0007163822729200606,2025,5.308574220289716e-05,-0.016492754977755916,6.52817147889339e-05,6.0745184292755646e-05,5.8000716775517446e-05,6.171674146615696e-05
2025-12-02,2025-12-03,6.335218386855181e-05,6.236788708680138e-05,7.783636413625224e-05,0.0079594085124808,0.007575605104526989,0.008545738630116432,0.08921551721803107,0.08598051523326765,0.09166034765541074,4.9212258535515154e-08,287,0.0009196867205555464,7.320162312405367e-06,7.164610576699524e-05,0.008464402268736715,0.09200218621715853,-0.005999599472045111,2025,5.308574220289716e-05,-0.016492754977755916,5.8632900519973644e-05,5.51905168918939e-05,5.321284169888894e-05,5.5467941784739214e-05
2025-12-03,2025-12-04,7.164610576699524e-05,6.894628352154295e-05,7.741110642720664e-05,0.008464402268736715,0.008023429357241024,0.008521388795472465,0.09200218621715853,0.08860086248308204,0.09153004477282094,7.721306833005488e-08,287,0.0010832611627917,9.169158243968435e-06,4.120744315979703e-05,0.006419302388873501,0.08012054910491753,0.004913213549353019,2025,5.308574220289716e-05,-0.016492754977755916,6.316754103787031e-05,5.9926701254217504e-05,5.7851721121305436e-05,5.994677434848363e-05
2025-12-04,2025-12-05,4.120744315979703e-05,7.39197341065544e-05,7.459038047394735e-05,0.006419302388873501,0.008498829811644381,0.008351272505817941,0.08012054910491753,0.09190915519802519,0.09058979449660871,1.5898603655278517e-08,287,0.0006481502900404081,4.160672705205445e-06,5.949341881193571e-05,0.007713197703413008,0.08782481257260392,-0.0046125809636648335,2025,5.308574220289716e-05,-0.016492754977755916,5.724668418572122e-05,5.5520255885512036e-05,5.4677476747961304e-05,5.531308349465582e-05
2025-12-05,2025-12-08,5.949341881193571e-05,6.4928479296303e-05,7.4935854342798e-05,0.007713197703413008,0.007997456702041345,0.008374432438798608,0.08782481257260392,0.0892552520159465,0.09072390003459789,1.4268842618938852e-07,287,0.001616009736664067,1.2464602589530342e-05,3.42407329385974e-05,0.0058515581633097865,0.07649547805792044,-0.00238834688960575,2025,5.308574220289716e-05,-0.016492754977755916,5.834636802349789e-05,5.681002101819664e-05,5.596548292785185e-05,5.493747294160969e-05
2025-12-08,2025-12-09,3.42407329385974e-05,5.398797690917543e-05,7.375646850426281e-05,0.0058515581633097865,0.007281573807362762,0.008287774065850267,0.07649547805792044,0.08513170863412631,0.09019734221695598,1.1129137903189508e-08,287,0.0005948990812619837,3.4810865753040523e-06,2.6259639295524064e-05,0.005124415995557354,0.0715850263362203,0.00473106854767555,2025,5.308574220289716e-05,-0.016492754977755916,4.776523554742877e-05,4.5925787855953334e-05,4.5281948462368596e-05,4.567515899424085e-05
2025-12-09,2025-12-10,2.6259639295524064e-05,4.656946799456989e-05,7.296465295723985e-05,0.005124415995557354,0.006714575303978072,0.008220290566428182,0.0715850263362203,0.08160561045776416,0.08975593058628821,3.79898898981468e-09,287,0.0003968932398452934,2.033846066791803e-06,6.012946366649708e-05,0.007754319033061323,0.08805861135097079,0.001587822254777465,2025,5.308574220289716e-05,-0.016492754977755916,4.285147487292897e-05,4.0322563735590785e-05,3.949430916155352e-05,4.0033032201794936e-05
2025-12-10,2025-12-11,6.012946366649708e-05,4.426613957447026e-05,7.387889284733239e-05,0.007754319033061323,0.006572558656842994,0.008285221667328925,0.08805861135097079,0.0808168954845266,0.09014336215425646,8.173843665195028e-08,287,0.0012166161043942745,9.434029414233444e-06,3.7257404102672934e-05,0.006103884345453552,0.07812735977526408,0.012486637339862043,2025,5.308574220289716e-05,-0.016492754977755916,5.043905237250958e-05,4.777188882072911e-05,4.65554765487772e-05,4.7348556613323535e-05
2025-12-11,2025-12-12,3.7257404102672934e-05,4.347613176304544e-05,7.338485561327453e-05,0.006103884345453552,0.006509475048159005,0.00824733883630064,0.07812735977526408,0.08041825761859592,0.08990867417019557,1.1100568287976845e-08,287,0.0005695742838176503,3.4766155545674737e-06,0.00011462927123931903,0.010706506023877212,0.10347224760232675,0.008290499264571077,2025,5.308574220289716e-05,-0.016492754977755916,4.44264295586773e-05,4.2155727989580184e-05,4.1360483309705e-05,4.2258163687028126e-05
2025-12-12,2025-12-15,0.00011462927123931903,5.4503302248522105e-05,7.60240642724385e-05,0.010706506023877212,0.007108136712251846,0.008392130818387892,0.10347224760232675,0.08354774462454047,0.0906699502267871,2.1437049324420113e-07,287,0.0014269830036438766,1.527800212448356e-05,6.195463480154692e-05,0.007871126653888052,0.08871937022932508,-0.0031280969277289856,2025,5.308574220289716e-05,-0.016492754977755916,6.808606346491079e-05,6.163845660748166e-05,5.815806640632215e-05,6.181426516120547e-05
2025-12-15,2025-12-16,6.195463480154692e-05,6.0046082621112006e-05,7.250919023651829e-05,0.007871126653888052,0.007512050410367499,0.008213465041396651,0.08871937022932508,0.08599252305882141,0.08976465028535875,2.625432253909879e-08,287,0.0006792780325230881,5.346683427193114e-06,5.4172326220760273e-05,0.007360185202884522,0.08579152174244563,0.00955221017666155,2025,5.308574220289716e-05,-0.016492754977755916,5.681086892977284e-05,5.3924260976558595e-05,5.2394532752644314e-05,5.488285393261915e-05
2025-12-16,2025-12-17,5.4172326220760273e-05,6.562862000615925e-05,6.724039891736886e-05,0.007360185202884522,0.007959204251832932,0.007955214723690112,0.08579152174244563,0.08883382214006647,0.08847334543215034,1.7049495222368167e-08,287,0.0005853977955959839,4.308636192946778e-06,4.5345406163492474e-05,0.006733899773793227,0.0820603422719722,0.00044674331180769077,2025,5.308574220289716e-05,-0.016492754977755916,5.645755015192509e-05,5.462430118779105e-05,5.364335248617411e-05,5.5428772169465675e-05
2025-12-17,2025-12-18,4.5345406163492474e-05,6.267180850555832e-05,6.345365473263476e-05,0.006733899773793227,0.007755120399979313,0.007745729945793359,0.0820603422719722,0.08763416832426676,0.0873623847020167,1.838831445792672e-08,287,0.0006644898864158403,4.474608295823515e-06,8.086937214186037e-05,0.008992739968544647,0.09483005835991375,-0.002117184784413686,2025,5.308574220289716e-05,-0.016492754977755916,5.2723158072314085e-05,5.085107945214235e-05,4.996038017391253e-05,5.1056366809510995e-05
2025-12-18,2025-12-19,8.086937214186037e-05,7.13942021133958e-05,6.450120352275949e-05,0.008992739968544647,0.00833289152459753,0.0078088470692844695,0.09483005835991375,0.0909747080411967,0.0877091212871043,1.9870189091056034e-07,287,0.0016356599761308953,1.4709064842301085e-05,2.0029897942837664e-05,0.004475477398316035,0.0668990089486835,0.0035942291217601462,2025,5.308574220289716e-05,-0.016492754977755916,6.497589158549203e-05,6.274704483617765e-05,6.126642686468186e-05,6.125122532524108e-05
2025-12-19,2025-12-22,2.0029897942837664e-05,5.247432745409955e-05,5.987951288555704e-05,0.004475477398316035,0.007086685799485295,0.007510819054426737,0.0668990089486835,0.08366006031046805,0.08597572286605125,5.658980092377436e-09,287,0.0005546433078684177,2.4822935884923455e-06,2.9054926111413157e-05,0.005390262156093445,0.07341840475039924,0.03257250370368962,2025,5.308574220289716e-05,-0.016492754977755916,4.215011323692897e-05,3.946109987681373e-05,3.842077154603428e-05,3.85509655416734e-05
2025-12-22,2025-12-23,2.9054926111413157e-05,4.589438571607279e-05,5.555375764183617e-05,0.005390262156093445,0.0065905128999263745,0.007249218616416701,0.07341840475039924,0.08059986721468286,0.08451419051163858,6.039100075566176e-09,287,0.000475729724751672,2.564307931857689e-06,7.832628287275453e-05,0.008850213719043994,0.0940755745081793,0.0037141824156851646,2025,5.308574220289716e-05,-0.016492754977755916,4.137637581723407e-05,3.905512738785681e-05,3.8154412156687436e-05,3.897063776344653e-05
2025-12-23,2025-12-24,7.832628287275453e-05,5.072517704647163e-05,5.585223188617151e-05,0.008850213719043994,0.00688851860315827,0.007266450214984865,0.0940755745081793,0.08225667776782959,0.08460677664184497,1.3567163284557678e-07,287,0.0013733297560316027,1.2154261847602231e-05,4.158527873092091e-05,0.006448664879718972,0.0803035794950572,-0.004264698170593916,2025,5.308574220289716e-05,-0.016492754977755916,5.544872002587817e-05,5.174685354625678e-05,4.963059973517283e-05,5.1476208740688884e-05
2025-12-24,2025-12-25,4.158527873092091e-05,4.9973151559957324e-05,5.603970845865824e-05,0.006448664879718972,0.0068314716243434185,0.007281365783405921,0.0803035794950572,0.0819053252124466,0.08470085900606669,2.292496957068298e-08,287,0.000774762582378191,4.996184255102617e-06,1.9622626641928163e-05,0.004429743405878964,0.06655631755046972,0.006436874655174416,2025,5.308574220289716e-05,-0.016492754977755916,4.609654481927753e-05,4.3651742558828776e-05,4.249188249591176e-05,4.364591650942951e-05
2025-12-25,2025-12-26,1.9622626641928163e-05,3.7723802459970886e-05,5.398471209285727e-05,0.004429743405878964,0.005918872311810282,0.007116723845594511,0.06655631755046972,0.0762505770505578,0.08364741022909847,1.0339624173018617e-08,287,0.0007574567999533284,3.3553392648314382e-06,3.5708032461400177e-05,0.005975619839096207,0.0773021334705337,0.005322043932899233,2025,5.308574220289716e-05,-0.016492754977755916,3.572940723450724e-05,3.2657207347400645e-05,3.160034655661298e-05,3.1767158806195756e-05
2025-12-26,2025-12-29,3.5708032461400177e-05,4.0859429363683384e-05,5.3846253405044214e-05,0.005975619839096207,0.006218900799966317,0.0071053756107731314,0.0773021334705337,0.07833120195492783,0.08357475947920968,9.409245900878124e-09,287,0.0005356467957235768,3.2008216192741194e-06,0.00024408573555646017,0.015623243439070523,0.1249929735587986,-0.03812681615646758,2025,5.308574220289716e-05,-0.016492754977755916,4.089728567124752e-05,3.853387917126608e-05,3.758624465945143e-05,3.880518651946813e-05
2025-12-29,2025-12-30,0.00024408573555646017,8.38655912526928e-05,6.419832364694061e-05,0.015623243439070523,0.008265497056561731,0.0076317821254192125,0.1249929735587986,0.0886461157166077,0.08636629984414593,5.42147690076456e-07,287,0.001555147793122316,2.4296452555683228e-05,0.00012033893646909286,0.010969910504151475,0.10473734054362596,-0.0071581473088157795,2025,5.308574220289716e-05,-0.016492754977755916,0.00011009211188165633,8.886744653209692e-05,7.779165525963252e-05,9.085422540122626e-05
2025-12-30,2025-12-31,0.00012033893646909286,9.226812197196045e-05,6.492056199266333e-05,0.010969910504151475,0.008689436413583228,0.00766586609145209,0.10473734054362596,0.09077846892369704,0.08653189130144723,9.331368269399209e-08,287,0.0009188690906081683,1.0079911689002659e-05,0.00010521229246057165,0.010257304346687372,0.10127835082922397,-0.003916799179978284,2025,5.308574220289716e-05,-0.016492754977755916,8.281000825282315e-05,7.268343824123095e-05,6.688131003797501e-05,7.512796304169399e-05
2025-12-31,2026-01-01,0.00010521229246057165,0.00010499352471789061,6.566006415567863e-05,0.010257304346687372,0.009451164306976909,0.007703426623724121,0.10127835082922397,0.0949734231905304,0.08672121656791097,1.831940169122248e-07,287,0.0013769128833343968,1.4123414503235751e-05,7.525906507533585e-06,0.0027433385696143276,0.052376889651967,0.013161120602658455,2026,5.996879412575484e-05,-0.016743483624910006,7.552885208093586e-05,7.692491028908829e-05,7.32000827666734e-05,8.171389076386798e-05
2026-01-01,2026-01-02,7.525906507533585e-06,0.0001025741806910117,6.312250609381415e-05,0.0027433385696143276,0.00911388333972398,0.00746633253541201,0.052376889651967,0.09213753761082985,0.08504673349672624,1.115247714745543e-09,287,0.0004016893561116874,1.1019699036247368e-06,6.732386226818518e-05,0.008205111959515555,0.09058207305816948,-0.009570508390103231,2026,5.996879412575484e-05,-0.016743483624910006,7.541538928203695e-05,5.905041793457259e-05,4.526796593827174e-05,4.606757440924923e-05
2026-01-02,2026-01-05,6.732386226818518e-05,0.00010889734665236869,6.292604048023189e-05,0.008205111959515555,0.00955978176380785,0.007454546612265594,0.09058207305816948,0.094793525528357,0.08498218289859037,7.892004558226473e-08,287,0.0011297782633499017,9.269957140212993e-06,5.706056300948277e-05,0.0075538442537215955,0.08691285436413647,0.031147033248389185,2026,5.996879412575484e-05,-0.016743483624910006,7.734652911210755e-05,7.363604497953323e-05,6.660927444568541e-05,7.313245083625264e-05
2026-01-05,2026-01-06,5.706056300948277e-05,7.149231214297321e-05,6.364663683703578e-05,0.0075538442537215955,0.007945901926738065,0.007506116697031415,0.08691285436413647,0.08717750168942459,0.08529092404673667,2.709407615948369e-08,287,0.0007190402634445975,5.431518162215435e-06,5.139538557559823e-05,0.0071690575095753155,0.08467028705263326,-0.0006738720801824718,2026,5.996879412575484e-05,-0.016743483624910006,6.1004477413792494e-05,5.6809974544777516e-05,5.323199528021395e-05,5.7807764801363764e-05
2026-01-06,2026-01-07,5.139538557559823e-05,5.770360196427428e-05,6.327854441720225e-05,0.0071690575095753155,0.007185731327822834,0.0074813830518569765,0.08467028705263326,0.08316409099122604,0.08514753652310164,1.4205932282806692e-08,287,0.0005486013453056593,3.932954594326658e-06,6.849675152174397e-05,0.008276276428548286,0.09097404260858306,-0.00730683940737822,2026,5.996879412575484e-05,-0.016743483624910006,5.4902534207260225e-05,4.946117542913403e-05,4.686954569773194e-05,5.073832242648696e-05
2026-01-07,2026-01-08,6.849675152174397e-05,5.036049377650874e-05,6.483563617098164e-05,0.008276276428548286,0.006789525744195016,0.007591597518458726,0.09097404260858306,0.08110322934709785,0.0858056530935863,4.279894431140115e-08,287,0.0008248321932049843,6.8265392381301975e-06,4.374752733270601e-05,0.006614191358942226,0.08132767892262896,0.007500066221817735,2026,5.996879412575484e-05,-0.016743483624910006,5.165762863896037e-05,4.8022350769569866e-05,4.6911479875623144e-05,5.191226265141176e-05
2026-01-08,2026-01-09,4.374752733270601e-05,5.760481794154323e-05,6.563054017267174e-05,0.006614191358942226,0.007563696302060596,0.0076593145804307655,0.08132767892262896,0.08689338720123023,0.08624850093842307,7.040594824009008e-09,287,0.0004186122980014719,2.768781844188284e-06,3.24019113351461e-05,0.005692267679505778,0.07544711843076433,0.009882755398063712,2026,5.996879412575484e-05,-0.016743483624910006,5.535359521654281e-05,5.198704579745217e-05,5.0595011314874906e-05,5.1488700859116517e-05
2026-01-09,2026-01-12,3.24019113351461e-05,5.0620427754935415e-05,6.437019688488305e-05,0.005692267679505778,0.00706112744605864,0.007565584973450968,0.07544711843076433,0.08386639627574921,0.08567525126023187,1.1407732269509665e-08,287,0.0006191536077697349,3.5243880701570596e-06,6.28734747203338e-05,0.007929279583942907,0.08904650236782412,0.019123811240268337,2026,5.996879412575484e-05,-0.016743483624910006,5.2205647730461484e-05,4.615936470310425e-05,4.419321426249431e-05,4.3630967298758284e-05
2026-01-12,2026-01-13,6.28734747203338e-05,5.178301009710562e-05,6.553456373114035e-05,0.007929279583942907,0.007136214512102902,0.007648557484291393,0.08904650236782412,0.08429312587648675,0.08617157592353004,3.127356169084767e-08,287,0.000735934230634638,5.835428270095966e-06,8.47235906786068e-05,0.009204541850554367,0.09594030357755996,0.0069802063791711425,2026,5.996879412575484e-05,-0.016743483624910006,5.2483473820274186e-05,5.045444028943819e-05,5.036976303109463e-05,5.327580251693767e-05
2026-01-13,2026-01-14,8.47235906786068e-05,5.844865111770734e-05,6.417521461474435e-05,0.009204541850554367,0.007543311380298713,0.00758028638550399,0.09594030357755996,0.08654712918147209,0.0858292148314952,9.296419243041208e-08,287,0.001093049264326462,1.0061017698210582e-05,7.888106802344662e-05,0.008881501450962366,0.09424171820888225,-0.0079435912938969,2026,5.996879412575484e-05,-0.016743483624910006,5.491065251261633e-05,5.610311241650878e-05,5.6551467368955875e-05,6.103095979245066e-05
2026-01-14,2026-01-15,7.888106802344662e-05,6.052551441804787e-05,6.494459794301252e-05,0.008881501450962366,0.0076643563847815285,0.0076262125126437316,0.09424171820888225,0.08720066430153192,0.0860802306487478,4.959554106942434e-08,287,0.0008274066130907363,7.348613034701232e-06,3.6174673306631576e-05,0.006014538494899802,0.0775534557250662,0.0019521066202744172,2026,5.996879412575484e-05,-0.016743483624910006,5.604167200417208e-05,5.669230195216896e-05,5.6776156756589805e-05,6.140852958197118e-05
2026-01-15,2026-01-16,3.6174673306631576e-05,5.901094361283298e-05,6.412652281055211e-05,0.006014538494899802,0.007544425811973043,0.007565046753189881,0.0775534557250662,0.08644581966201939,0.08570577310250327,7.731775830904463e-09,287,0.000482415641479733,2.9015074462216357e-06,0.00012314675492459983,0.011097150757045695,0.1053430147520266,-0.0013190533660272382,2026,5.996879412575484e-05,-0.016743483624910006,5.583717288254529e-05,5.072931890712972e-05,4.830367345002269e-05,4.858858048657812e-05
2026-01-16,2026-01-19,0.00012314675492459983,7.715991233072373e-05,6.766294775423882e-05,0.011097150757045695,0.008625402427481027,0.007763376343337721,0.1053430147520266,0.09242499892627185,0.0867640763970512,4.7199630762955564e-07,287,0.002042875391888306,2.2670096201643336e-05,1.802531205487024e-05,0.004245622693418509,0.06515844299412402,0.02162355732912944,2026,5.996879412575484e-05,-0.016743483624910006,6.324908951150444e-05,7.012628082900145e-05,7.098619820364492e-05,7.54245288658281e-05
2026-01-19,2026-01-20,1.802531205487024e-05,6.819027979763102e-05,6.480639956846656e-05,0.004245622693418509,0.007888671049376147,0.007547598285377443,0.06515844299412402,0.08764738705153181,0.08541536660769712,2.21972607983771e-09,287,0.00036617809317115313,1.554654022200165e-06,4.6519906337365327e-05,0.006820550295787381,0.08258662298330996,0.035538630972218474,2026,5.996879412575484e-05,-0.016743483624910006,6.028012338404838e-05,5.076534475800093e-05,4.4787696287852364e-05,4.3835945026664e-05
2026-01-20,2026-01-21,4.6519906337365327e-05,6.054954292938271e-05,6.601049085912688e-05,0.006820550295787381,0.007411872738422751,0.007654192507989776,0.08258662298330996,0.08497665093268181,0.08612843997290741,1.963565367144595e-08,287,0.0006779338642741186,4.6238820184991215e-06,0.0003167350937091684,0.017797052950114196,0.13340559564768711,-0.014165237840450252,2026,5.996879412575484e-05,-0.016743483624910006,5.668427194855048e-05,5.1009048576954185e-05,4.854896486412676e-05,5.068996650599813e-05
2026-01-21,2026-01-22,0.0003167350937091684,0.00010812034806652709,7.908686211357032e-05,0.017797052950114196,0.009194983038253116,0.008218137544081627,0.13340559564768711,0.09280942642044278,0.08885513046823869,1.6359346823293877e-06,287,0.0023714771790517043,4.2205304925570626e-05,6.554896090056309e-05,0.00809623127761078,0.08997906021742381,0.03267643416419582,2026,5.996879412575484e-05,-0.016743483624910006,7.614225258353622e-05,9.068919996881311e-05,8.92323813150373e-05,0.00011360066724551269
2026-01-22,2026-01-23,6.554896090056309e-05,0.0001139952055853134,7.850607475119797e-05,0.00809623127761078,0.009611321594795313,0.008183865614925574,0.08997906021742381,0.09529454731891429,0.08866892527320434,7.085966621671123e-08,287,0.001084927475775605,8.783823763313766e-06,6.550801461205957e-05,0.008093702157360348,0.0899650051817947,0.005191042609914329,2026,5.996879412575484e-05,-0.016743483624910006,8.219838669448371e-05,7.490182220472823e-05,6.80401379827378e-05,7.359234239528351e-05
2026-01-23,2026-01-26,6.550801461205957e-05,0.00010246745752280533,7.959347183670428e-05,0.008093702157360348,0.009010631874858243,0.008258640036636546,0.0899650051817947,0.09221894540486793,0.08910808098623786,4.639797245871552e-08,287,0.0008781856682212469,7.107773237445245e-06,0.00023623152338266386,0.015369825092780459,0.12397509868026103,0.016951261083563905,2026,5.996879412575484e-05,-0.016743483624910006,7.726032093416155e-05,6.885417643532586e-05,6.308656135652039e-05,6.903235665467086e-05
2026-01-26,2026-01-27,0.00023623152338266386,0.00014610869978836405,8.943933077946498e-05,0.015369825092780459,0.011235472354730634,0.008755916476950247,0.12397509868026103,0.10398227654209533,0.09171802558304655,4.977954522180433e-07,287,0.0015147487385546118,2.3281423171094218e-05,8.806595965327058e-05,0.00938434652244207,0.09687283686587314,0.03472813890222509,2026,5.996879412575484e-05,-0.016743483624910006,9.584584190087725e-05,0.00011054581957228206,0.00010843716029961515,0.00012987203673779635
2026-01-27,2026-01-28,8.806595965327058e-05,0.0001544179104515451,9.181923656091364e-05,0.00938434652244207,0.011748231600061571,0.008910858598920515,0.09687283686587314,0.10683951931860795,0.09260760301010745,4.849057118564448e-08,287,0.0007742989608394951,7.266289760484624e-06,0.0003844389692653058,0.019607115271383136,0.14002540937766667,0.058124286755402994,2026,5.996879412575484e-05,-0.016743483624910006,0.00010201647607558403,0.00010293515027962787,9.563480406849615e-05,0.00010292711207361565
2026-01-28,2026-01-29,0.0003844389692653058,0.00016795868556277257,9.81989290022248e-05,0.019607115271383136,0.01211024406431536,0.009091943682207452,0.14002540937766667,0.10816348206460388,0.09329089554732871,2.062340115582639e-06,287,0.0024168544969216344,4.738754471530318e-05,0.0021014308378509016,0.04584136601205184,0.21410596911821922,-0.06417482828870616,2026,5.996879412575484e-05,-0.016743483624910006,0.00010489635810707647,0.00013350685198175097,0.00013305321058274374,0.0001598391489967169
2026-01-29,2026-01-30,0.0021014308378509016,0.0005751350609528403,0.00018824856088321614,0.04584136601205184,0.019659271011203572,0.010677009841657469,0.21410596911821922,0.13298886384476294,0.09826219684617386,0.00010259460175743646,287,0.007291028014256906,0.00033423068380567433,0.0019400751679949167,0.04404628438353134,0.20987206670619923,-0.06939596398415408,2026,5.996879412575484e-05,-0.016743483624910006,0.00027625131186918904,0.0003703559198787485,0.0003325650558101818,0.00033488645434667807
2026-01-30,2026-02-02,0.0019400751679949167,0.0009500484916294117,0.00027165141886205,0.04404628438353134,0.02684978745643777,0.012212872570604922,0.20987206670619923,0.15697027614964387,0.10319827484058183,2.3509891181258703e-05,287,0.0036324537507679785,0.00015999609091635144,0.0015540779469579659,0.03942179532895434,0.19854922646274484,-0.01155578622425725,2026,5.996879412575484e-05,-0.016743483624910006,0.00045868894433886303,0.0005516791886097069,0.00048262265987592575,0.0006490818417703333
2026-02-02,2026-02-03,0.0015540779469579659,0.0012136177763444722,0.0003419492388825242,0.03942179532895434,0.031660181503672544,0.013880075150574921,0.19854922646274484,0.17188510170614063,0.10984247196834449,1.6671585876898435e-05,287,0.0034177171726291473,0.00013473254687163875,0.00042039576225427316,0.020503554868711745,0.1431906242346605,0.054766688351543746,2026,5.996879412575484e-05,-0.016743483624910006,0.0005927097019217544,0.0006749876087760848,0.0005795621098973283,0.000736190518880913
2026-02-03,2026-02-04,0.00042039576225427316,0.0012800837368646726,0.0003579979616091645,0.020503554868711745,0.03388402317292648,0.014439095282811116,0.1431906242346605,0.18114865917989809,0.11223376974909406,1.2877492938525894e-06,287,0.0018262934348209456,3.7445507647219296e-05,0.0007343572123704367,0.027099026040993367,0.1646178181151523,-0.042321668819924434,2026,5.996879412575484e-05,-0.016743483624910006,0.0006408507028862161,0.0006342830843017619,0.0005156794605402028,0.0006031782105973619
2026-02-04,2026-02-05,0.0007343572123704367,0.0013500673854856989,0.0003887841729437534,0.027099026040993367,0.035382405326848526,0.015327512636778012,0.1646178181151523,0.1860671409273952,0.11576581355595844,5.945474281838863e-06,287,0.002969091848154439,8.045949731123827e-05,0.000669676921840151,0.025878116659450914,0.16086676679616246,-0.01141759365282146,2026,5.996879412575484e-05,-0.016743483624910006,0.000672555538197966,0.0007243851758554193,0.00061671666785695,0.0006999643399459039
2026-02-05,2026-02-06,0.000669676921840151,0.0010637166022835487,0.0004168878791375966,0.025878116659450914,0.03138975545632834,0.01617792441631781,0.16086676679616246,0.17541930046298387,0.11922928990793702,2.106141941946086e-06,287,0.0018505260988113932,4.788813026639982e-05,0.00015071861743192895,0.012276751094321695,0.11080050132703234,0.029588768016166157,2026,5.996879412575484e-05,-0.016743483624910006,0.0005509712615542491,0.0005968832637317479,0.0005226669052559949,0.0006142384762856399
2026-02-06,2026-02-09,0.00015071861743192895,0.0007058452921709511,0.00042062523667896873,0.012276751094321695,0.02503584879848641,0.016359764173852962,0.11080050132703234,0.15560498738715048,0.12013049257695743,1.6255902349241365e-07,287,0.0010836927116757386,1.330422568397357e-05,0.00018625736732709634,0.013647613979267451,0.11682300278313107,0.014523575187124512,2026,5.996879412575484e-05,-0.016743483624910006,0.00040003580171686827,0.00036286243851750186,0.00029596401841865854,0.00032453298327969344
2026-02-09,2026-02-10,0.00018625736732709634,0.00043228117624477725,0.0004271029566787137,0.013647613979267451,0.019881012528549034,0.016679465202049566,0.11682300278313107,0.13925974265122773,0.12174391638879847,5.453029685765028e-07,287,0.0017854441241571275,2.4367052188047743e-05,0.00013167486393601035,0.011474966838122469,0.10712127164164206,0.003288927167234798,2026,5.996879412575484e-05,-0.016743483624910006,0.00027915556272692816,0.0002599719023154284,0.0002300491463416972,0.0002416277856961098
2026-02-10,2026-02-11,0.00013167486393601035,0.00037453699658112466,0.0004316153636151166,0.011474966838122469,0.018075294922431175,0.01694231516380487,0.10712127164164206,0.13204587213262403,0.12318365062565655,2.680030628905762e-07,287,0.001488683936060817,1.7082598798743503e-05,0.00018779352838500698,0.013703777887320233,0.11706313632959026,0.004250730890953083,2026,5.996879412575484e-05,-0.016743483624910006,0.0002550334286123083,0.0002191835748452244,0.00019045243779275013,0.0001988902143244196
2026-02-11,2026-02-12,0.00018779352838500698,0.00026522425978403873,0.0004372935478726017,0.013703777887320233,0.01539624529169655,0.01720479235941293,0.11706313632959026,0.12253493577551162,0.124457133987555,6.571010190210207e-07,287,0.001951910147688272,2.6748543119926513e-05,0.0005075213379708977,0.022528234239968692,0.15009408462683896,-0.018772401206803242,2026,5.996879412575484e-05,-0.016743483624910006,0.00020664828479391494,0.00018134275950656715,0.00016886024081866715,0.0001745152950631786
2026-02-12,2026-02-13,0.0005075213379708977,0.00023279314301018805,0.00045651162729497865,0.022528234239968692,0.014726268807800109,0.017810414740749944,0.15009408462683896,0.12038039934164695,0.12691866948979494,1.1345550432606184e-05,287,0.004933665425907143,0.00011114677037647103,9.917477108535005e-05,0.009958653075860713,0.09979305124035798,0.01354208860315858,2026,5.996879412575484e-05,-0.016743483624910006,0.00019090269711128884,0.00019948993652570214,0.00019974575939374036,0.00018867908123799943
2026-02-13,2026-02-16,9.917477108535005e-05,0.00022248437374087232,0.00045743406834324697,0.009958653075860713,0.01426264920410791,0.017859376178245324,0.09979305124035798,0.11817890932431205,0.12717100280940744,8.109272184602734e-08,287,0.0009435705942213415,9.396692200434083e-06,6.174694467197196e-05,0.00785792241447903,0.08864492323014912,-0.01804172719425103,2026,5.996879412575484e-05,-0.016743483624910006,0.00019223886809611616,0.00015378848658794816,0.0001395030218801071,0.00014072676846251712
2026-02-16,2026-02-17,6.174694467197196e-05,0.0001975822892098474,0.00045859644431439883,0.00785792241447903,0.013104710891150229,0.017943166356408018,0.08864492323014912,0.11254329341371568,0.12767516042327487,7.028625842395662e-08,287,0.0011132982809745687,8.748211516071037e-06,0.0002060911125712196,0.014355873800337602,0.11981599976771717,-0.0038574722498553784,2026,5.996879412575484e-05,-0.016743483624910006,0.00018190324040708576,0.0001315062667019638,0.00011498448849626068,0.00011280016655464806
2026-02-17,2026-02-18,0.0002060911125712196,0.00021246553893688926,0.00046236664238924523,0.014355873800337602,0.013680892283593255,0.018091290131103107,0.11981599976771717,0.1150822390389307,0.12833302337853353,1.0652091295460457e-06,287,0.0023723123545438462,3.405661677681321e-05,4.3097898585471546e-05,0.006564898977552629,0.08102406418807087,0.010156943749241518,2026,5.996879412575484e-05,-0.016743483624910006,0.00018709447108412072,0.00015811061285382603,0.00014966086805685055,0.0001535686133585914
2026-02-18,2026-02-19,4.3097898585471546e-05,0.00018352641297698214,0.0004635063054133635,0.006564898977552629,0.012253116501639733,0.018196711780381927,0.08102406418807087,0.10787442461062682,0.1290541879782584,2.130284238767657e-08,287,0.0007336261311273033,4.816181438143524e-06,5.490575195935503e-05,0.007409841561015662,0.0860804365754244,0.003054997738340941,2026,5.996879412575484e-05,-0.016743483624910006,0.0001767343530407936,0.00011717018866126117,9.869979166222784e-05,9.745302769023077e-05
2026-02-19,2026-02-20,5.490575195935503e-05,9.300329577467364e-05,0.000463887480214363,0.007409841561015662,0.009229437965849126,0.01822349774698321,0.0860804365754244,0.09507169500034392,0.12921299768699088,1.491550408337212e-08,287,0.0005438687534056928,4.029981292723281e-06,7.615459855632635e-05,0.008726660217765234,0.09341659498057737,0.019592233720420713,2026,5.996879412575484e-05,-0.016743483624910006,0.00013644408283535034,8.283217465524897e-05,7.60050870477819e-05,7.39046546417111e-05
2026-02-20,2026-02-23,7.615459855632635e-05,8.839926126886889e-05,0.00045295200316196115,0.008726660217765234,0.008983039394230032,0.017811207168240077,0.09341659498057737,0.0937964037483878,0.12739531583848585,1.3901231346407672e-07,287,0.0014098166373808483,1.2302990763775004e-05,0.00011206311298508376,0.010585986632576283,0.10288822397425414,0.013641517531040247,2026,5.996879412575484e-05,-0.016743483624910006,0.00013230098270799366,8.232412745122987e-05,7.744793472156135e-05,7.538213900892329e-05
2026-02-23,2026-02-24,0.00011206311298508376,9.846249493149126e-05,0.00045506628280216657,0.010585986632576283,0.009528652237849482,0.017924377866193057,0.10288822397425414,0.09664506389720878,0.1279820960092509,1.4774367054964613e-07,287,0.0011981388856611161,1.2683482227578419e-05,0.00010169933443529511,0.010084608789402547,0.10042215288173495,0.0028233955498353997,2026,5.996879412575484e-05,-0.016743483624910006,0.00013660972830370884,9.263553481573499e-05,8.910497636713407e-05,9.110313353644064e-05
2026-02-24,2026-02-25,0.00010169933443529511,7.758413930430635e-05,0.00045671134279413184,0.010084608789402547,0.008674399235662471,0.018014873622194973,0.10042215288173495,0.09276629452001234,0.12845742090470272,1.1428263545540452e-07,287,0.0011061528194211655,1.1155118445157093e-05,9.555645949767487e-05,0.009775298435223083,0.09887010890670185,0.0018775655267662715,2026,5.996879412575484e-05,-0.016743483624910006,0.00012775799177247902,8.206369886766844e-05,7.998367971387569e-05,8.070923096339178e-05
2026-02-25,2026-02-26,9.555645949767487e-05,8.807585148674704e-05,0.0004503170217084505,0.009775298435223083,0.009316479127196561,0.017760576955942364,0.09887010890670185,0.09633550346373854,0.12731628500590458,1.9381863820969757e-07,287,0.0014861129078385224,1.4527197182558735e-05,7.082827049563021e-05,0.008415953332548264,0.09173850517938617,-0.0018900253055613363,2026,5.996879412575484e-05,-0.016743483624910006,0.00013145010823668402,8.819415365274801e-05,8.567956279491815e-05,8.340036325369756e-05
2026-02-26,2026-02-27,7.082827049563021e-05,9.126035519400208e-05,0.0004495334903831031,0.008415953332548264,0.00951770148150308,0.017716559083674463,0.09173850517938617,0.0974671171845309,0.12708290629288244,4.287962777151347e-08,287,0.000811906927924138,6.8329708157821716e-06,5.050010656910103e-05,0.007106342699947775,0.08429912632968253,0.018156395206929337,2026,5.996879412575484e-05,-0.016743483624910006,0.0001330837483636455,8.747200450580848e-05,8.337003940843041e-05,8.068082774559469e-05
2026-02-27,2026-03-02,5.050010656910103e-05,8.612945679655699e-05,0.00043435445116963927,0.007106342699947775,0.009193637977939591,0.01714834214860922,0.08429912632968253,0.09564362345435191,0.12454989342706498,1.0495998907425117e-07,287,0.0015043531632899611,1.0690449120088958e-05,0.00022167309215219929,0.014888690075093889,0.12201922010525182,0.016231625614729964,2026,5.996879412575484e-05,-0.016743483624910006,0.00012859502951602004,8.034884070222337e-05,7.476467220748898e-05,6.882032223239141e-05
2026-03-02,2026-03-03,0.00022167309215219929,0.00010805145262998009,0.0003489109172742438,0.014888690075093889,0.010054178666443111,0.01574140233329295,0.12201922010525182,0.09946982268055145,0.12036413210829373,8.333618244038459e-07,287,0.002023225889880116,3.0123183226331083e-05,0.0010641836386608664,0.03262182764133344,0.18061513680014044,-0.03947056984562722,2026,5.996879412575484e-05,-0.016743483624910006,0.00012185237733915149,0.00010552513239389538,0.00010627631688684494,0.00011455860649164176
2026-03-03,2026-03-04,0.0010641836386608664,0.0003005483134750944,0.00030909766594087784,0.03262182764133344,0.014561622436829288,0.015222108845011227,0.18061513680014044,0.11550841946423256,0.11903427165801833,1.6351315345718088e-05,287,0.004090271355840209,0.00013343212717650254,0.00015351155349891502,0.01238997794586072,0.11131027780874828,0.0027970013464284475,2026,5.996879412575484e-05,-0.016743483624910006,0.00018887141551702407,0.00022476258218605543,0.00021387205649362907,0.000263728711468557
2026-03-04,2026-03-05,0.00015351155349891502,0.0003121393322753424,0.0002454355571472846,0.01238997794586072,0.015084558338956815,0.013993389873052431,0.11131027780874828,0.11799645324464184,0.11506886490101849,2.471664564916364e-07,287,0.0013240619180897905,1.6405097964086546e-05,0.0002538920031195928,0.01593398892680652,0.12622990504158085,-0.008307127911395141,2026,5.996879412575484e-05,-0.016743483624910006,0.00019638890672463378,0.00016603462948268363,0.00014443424337903956,0.00016303942110393565
2026-03-05,2026-03-06,0.0002538920031195928,0.0003487520788001349,0.00023786720445934456,0.01593398892680652,0.016588165457808467,0.013785682330238554,0.12622990504158085,0.12489473321708078,0.11429792311951491,1.4408123841205235e-06,287,0.00248578331021859,3.960844373946347e-05,9.160393601572367e-05,0.009570994515499613,0.09783145974327283,0.00829852447659585,2026,5.996879412575484e-05,-0.016743483624910006,0.00020998109279053012,0.00020119075864850894,0.0001817961996715493,0.00019949904708357346
2026-03-06,2026-03-09,9.160393601572367e-05,0.00035697284468945943,0.00020865114644322126,0.009570994515499613,0.017081095820918834,0.012988953624534293,0.09783145974327283,0.12760119989979885,0.11126217955715675,1.0727903345833144e-07,287,0.0011292352359207954,1.0807904249706844e-05,0.00011471270828058573,0.010710401872973101,0.10349107146499693,-0.002513784964620987,2026,5.996879412575484e-05,-0.016743483624910006,0.00021111257563545278,0.00018738124393429464,0.00015915218170749665,0.00016915713380322956
2026-03-09,2026-03-10,0.00011471270828058573,0.00033558076791513673,0.00018342550037233192,0.010710401872973101,0.01624543818049468,0.012299512043330756,0.10349107146499693,0.12389557017174786,0.10865419340574012,1.2648261078434197e-07,287,0.001095705159281775,1.1735442590197814e-05,0.00017207513881365536,0.013117741376229956,0.11453270876142743,0.008728787066529475,2026,5.996879412575484e-05,-0.016743483624910006,0.00019713898043906438,0.00017594141502269236,0.00015193566696312003,0.00016616743705080852
2026-03-10,2026-03-11,0.00017207513881365536,0.0001571590679456945,0.0001843962513442286,0.013117741376229956,0.012344620927473982,0.012337738874326586,0.11453270876142743,0.11067908456400526,0.10882383919821263,1.656743156487695e-06,287,0.0032378191760125477,4.247287457393058e-05,7.305369785763532e-05,0.00854714559707715,0.09245077391280805,-0.009697096094885498,2026,5.996879412575484e-05,-0.016743483624910006,0.00011728176918239003,0.00012528366750557253,0.0001241523052386294,0.0001195758946090165
2026-03-11,2026-03-12,7.305369785763532e-05,0.00014106749681743857,0.0001792506300047076,0.00854714559707715,0.011576054457717267,0.012105899402408844,0.09245077391280805,0.10690718378481723,0.10771601061319794,3.734254716541871e-08,287,0.0007460448375873763,6.376553848807081e-06,6.448739242782702e-05,0.008030404250585833,0.08961252284466627,-0.007188259158782307,2026,5.996879412575484e-05,-0.016743483624910006,0.00011068839857901598,0.00010375595639098701,9.760103678631744e-05,9.832076551373631e-05
2026-03-12,2026-03-13,6.448739242782702e-05,0.0001031865746790854,0.00017619665402706294,0.008030404250585833,0.00999533752247313,0.011949328375702634,0.08961252284466627,0.0995837073454343,0.10692015839515358,2.125208096868985e-08,287,0.0005990283618849911,4.810439903502701e-06,0.00011407100234836919,0.010680402724072216,0.10334603390586508,-0.019051207378294372,2026,5.996879412575484e-05,-0.016743483624910006,9.349003622661284e-05,8.39416782591507e-05,8.040065310748215e-05,8.042398990022153e-05
2026-03-13,2026-03-16,0.00011407100234836919,0.00010767998794561453,0.00017284563011630668,0.010680402724072216,0.010217219164187653,0.011811902231918634,0.10334603390586508,0.10068662217795274,0.1062966537395297,1.117475775783439e-07,287,0.001032798247488888,1.103070121589733e-05,7.706630869612871e-05,0.008778741862939627,0.09369494043404707,0.0015150812477614565,2026,5.996879412575484e-05,-0.016743483624910006,9.42339012947908e-05,9.197709430619884e-05,9.116901131634388e-05,9.547338300104555e-05
2026-03-16,2026-03-17,7.706630869612871e-05,0.00010015070802872313,0.000153279492421999,0.008778741862939627,0.009830887162180956,0.011186925305690038,0.09369494043404707,0.09872739597176278,0.103733056276221,3.456768809187352e-08,287,0.0006988547975883715,6.135065867705236e-06,5.6740060193871753e-05,0.00753259982966517,0.08679055149994826,-0.007172810503218581,2026,5.996879412575484e-05,-0.016743483624910006,8.819382471207419e-05,8.265722689030214e-05,8.033717977197424e-05,8.215879876358463e-05
2026-03-17,2026-03-18,5.6740060193871753e-05,7.70836923047664e-05,0.00015135064192693182,0.00753259982966517,0.008713858852868,0.011076650158135696,0.08679055149994826,0.09317896451946694,0.1031420335607478,2.617500227141385e-08,287,0.0007087327969254737,5.338600545398943e-06,0.00018626283917001034,0.013647814446643475,0.11682386077614228,-0.02838842150475487,2026,5.996879412575484e-05,-0.016743483624910006,7.792292386339665e-05,6.833521530730501e-05,6.638005388438075e-05,6.576667251458737e-05
2026-03-18,2026-03-19,0.00018626283917001034,9.972552056724141e-05,0.00015701045531320626,0.013647814446643475,0.009733992622781264,0.011339827068688628,0.11682386077614228,0.09805358189213378,0.10442289435829298,2.3371104999528083e-07,287,0.0011688548318747848,1.5952313860489718e-05,0.0006169289873549959,0.02483805522489625,0.1576009366244257,-0.026404797174848494,2026,5.996879412575484e-05,-0.016743483624910006,8.707849338254305e-05,9.226173896578715e-05,9.406398460395083e-05,0.00010669430818224968
2026-03-19,2026-03-20,0.0006169289873549959,0.00021021383955267518,0.0001756849041670143,0.02483805522489625,0.013095522817643349,0.01181628986071402,0.1576009366244257,0.11165126464808565,0.10614039148814335,3.353238937279707e-06,287,0.0024327569635086773,6.0424951808379437e-05,0.00035047759551032326,0.018721046859359207,0.1368248766100639,-0.04942215011564469,2026,5.996879412575484e-05,-0.016743483624910006,0.00013312536145649657,0.000167852151675518,0.0001663869608108093,0.00021285143273199193
2026-03-20,2026-03-23,0.00035047759551032326,0.000257495158185066,0.00018965670857268936,0.018721046859359207,0.014703651644700744,0.012368842037159773,0.1368248766100639,0.11834703318892544,0.1086767920527794,8.556348773015254e-07,287,0.0016304150351785472,3.052307627378137e-05,0.0015718589441625034,0.03964667633185036,0.19911473157918366,-0.034015290008994316,2026,5.996879412575484e-05,-0.016743483624910006,0.0001601732764414633,0.00017589252880002623,0.00016800912942316866,0.00020142983508493446
2026-03-23,2026-03-24,0.0015718589441625034,0.000556453685278341,0.0002586091264001052,0.03964667633185036,0.020877238538482893,0.013834152708561349,0.19911473157918366,0.13943099141795276,0.11381471455295027,1.3793779500758962e-05,287,0.0030911417210207058,0.0001225534953091868,0.00038915741650186143,0.019727073186407085,0.14045309959700814,0.049868245639231715,2026,5.996879412575484e-05,-0.016743483624910006,0.00028700685019479176,0.00038037764587747904,0.0003552687189732086,0.0004803435706179478
2026-03-24,2026-03-25,0.00038915741650186143,0.0006229371565399388,0.00027283652721581136,0.019727073186407085,0.023316133209831273,0.014334171479863255,0.14045309959700814,0.15016350103736473,0.11595273749006076,1.375404074089434e-06,287,0.0019617179226358904,3.869895303092468e-05,0.00019251189909634653,0.013874865732552028,0.11779161995894287,-0.01178956159495827,2026,5.996879412575484e-05,-0.016743483624910006,0.0003355474735712388,0.0003503494214667382,0.00031330351670923727,0.0003545673771235236
2026-03-25,2026-03-26,0.00019251189909634653,0.0006241869685252061,0.0002764932902208687,0.013874865732552028,0.023361543467012986,0.014483665984407606,0.11779161995894287,0.15035705287392484,0.11663016458027387,2.1215932124797817e-07,287,0.0010954342915535772,1.5199003714139136e-05,0.000306455969110473,0.017505883842596267,0.1323098025189225,-0.017561452540324797,2026,5.996879412575484e-05,-0.016743483624910006,0.00033947823646432636,0.00032697571508151475,0.00027830809543326796,0.0003080346334432062
2026-03-26,2026-03-27,0.000306455969110473,0.0005620923648763015,0.00028580040997883133,0.017505883842596267,0.021895109190552993,0.014820996668643683,0.1323098025189225,0.1452988260528242,0.11807960320014604,6.603804859519324e-07,287,0.0015317826135665845,2.6815208505205153e-05,0.00010256622092599976,0.010127498256035384,0.10063547215587249,0.01580172294551072,2026,5.996879412575484e-05,-0.016743483624910006,0.00031183625262433976,0.00031123966587573746,0.00027711421994608556,0.0003127229178365349
2026-03-27,2026-03-30,0.00010256622092599976,0.0005125100899594369,0.0002861190354983007,0.010127498256035384,0.020176399469888227,0.014837005751407879,0.10063547215587249,0.13806094516198594,0.11815984698419925,4.900174322241544e-08,287,0.0007212530297592125,7.304488801046662e-06,0.00018512050628209873,0.013605899686610171,0.11664432985194853,0.010821191327899214,2026,5.996879412575484e-05,-0.016743483624910006,0.00029275376312179024,0.00024830520080479607,0.0002025024561833858,0.00022255064046430964
2026-03-30,2026-03-31,0.00018512050628209873,0.00023516240238335588,0.0002913141371249583,0.013605899686610171,0.014968244140840189,0.01507291240386524,0.11664432985194853,0.12156686481653892,0.11929192992386119,2.0969087779310376e-07,287,0.0011105716085264175,1.5110325900407737e-05,0.00015081970944098752,0.012280867617598829,0.11081907605461629,0.027078478206462298,2026,5.996879412575484e-05,-0.016743483624910006,0.00016931952910647193,0.00016995286869799287,0.00016272387621482932,0.00017308647785129115
2026-03-31,2026-04-01,0.00015081970944098752,0.00018749486097118109,0.0002958741190736805,0.012280867617598829,0.013479003027078537,0.015308118081940287,0.11081907605461629,0.11564006010806054,0.12049738218408544,1.738359367948447e-07,287,0.001120275385283104,1.3757953701916324e-05,0.00028616806422191257,0.016916502718408215,0.13006345650646156,-0.0006517191825969101,2026,5.996879412575484e-05,-0.016743483624910006,0.00014939247217667366,0.0001440977873033778,0.00013941493523849418,0.00014420757023388513
2026-04-01,2026-04-02,0.00028616806422191257,0.0002062260939962943,0.00029880570871321287,0.016916502718408215,0.014087330424249773,0.015400291383909121,0.13006345650646156,0.11809442741756426,0.12086302929323134,1.513726039641329e-06,287,0.0023999219647942963,4.05982864414103e-05,0.0002464598929246596,0.015699041146664327,0.1252958145616378,-0.0005064796618713566,2026,5.996879412575484e-05,-0.016743483624910006,0.0001562808752306523,0.00016670452892334977,0.0001660293079206272,0.00017352721154246435
2026-04-02,2026-04-03,0.0002464598929246596,0.00019422687875913163,0.00026163644754338537,0.015699041146664327,0.013725961885063384,0.014631073815969614,0.1252958145616378,0.11669162982610733,0.11834851464602666,6.82375722344469e-07,287,0.0017362918162293994,2.7258116665601878e-05,8.694993079634268e-08,0.00029487273661080074,0.017171858857176783,2.8931876712629846e-06,2026,5.996879412575484e-05,-0.016743483624910006,0.0001453979781738341,0.00015613765881170152,0.00015545917663196515,0.00016597227363902901
2026-04-03,2026-04-06,8.694993079634268e-08,0.00017373102456009093,0.0002546626019266527,0.00029487273661080074,0.01175943678117847,0.014081296306458253,0.017171858857176783,0.0999989071663682,0.11406949560277338,4.416478250260522e-14,287,2.3517301669558568e-05,6.934611101004488e-09,0.00013189496895678224,0.011484553494010214,0.1071660090420942,-0.005827494309625062,2026,5.996879412575484e-05,-0.016743483624910006,0.00013862733924129315,9.015919102955834e-05,4.651244096035301e-05,5.804091455460406e-05
2026-04-06,2026-04-07,0.00013189496895678224,0.00016308591709502765,0.00024911728219197945,0.011484553494010214,0.011335167542658477,0.013879049241331147,0.1071660090420942,0.09810324300439732,0.113202954875524,2.3802802719538214e-07,287,0.0014017933521026326,1.609897073977058e-05,0.00018805690189522563,0.013713384042431892,0.11710415894592255,0.03146539827573529,2026,5.996879412575484e-05,-0.016743483624910006,0.00013112961483914884,0.0001105137597720923,9.042386895105594e-05,0.00011134412643551269
2026-04-07,2026-04-08,0.00018805690189522563,0.00017053335558587528,0.000253501507913775,0.013713384042431892,0.01162167082762509,0.014067339674373524,0.11710415894592255,0.09936025958265857,0.11407898665746265,2.3226076415258296e-07,287,0.001159651113095178,1.5902741069107793e-05,0.00018076587661250814,0.013444920104355702,0.1159522319938504,-0.01803566561035496,2026,5.996879412575484e-05,-0.016743483624910006,0.00013436490850246173,0.00012003473527963848,0.00010028572742066006,0.00013025302105350097
2026-04-08,2026-04-09,0.00018076587661250814,0.00014945291806399438,0.0002565039246561351,0.013444920104355702,0.010927354304814587,0.014191635957618189,0.1159522319938504,0.09653801468013634,0.11464540304513778,3.070911452812164e-07,287,0.001360064433577718,1.828595764622821e-05,7.87150122740001e-05,0.008872148120607552,0.09419208098671326,0.011350563391259248,2026,5.996879412575484e-05,-0.016743483624910006,0.00012560346470551456,0.0001105856027039585,9.345269878762684e-05,0.00011923501808743813
2026-04-09,2026-04-10,7.87150122740001e-05,0.0001159039419338625,0.00025226028254069627,0.008872148120607552,0.009561975699603232,0.013998654445998989,0.09419208098671326,0.09031726796515144,0.11372082905537807,2.999077820653525e-08,287,0.0006440938408782473,5.714495959842841e-06,5.2927932970742115e-05,0.007275158621689435,0.08529454039790257,-0.003272404757996951,2026,5.996879412575484e-05,-0.016743483624910006,0.00011145129386060427,8.375816540866752e-05,6.81259530536548e-05,8.199081689584408e-05
2026-04-10,2026-04-13,5.2927932970742115e-05,0.00012647213854185163,0.0002513454750458374,0.007275158621689435,0.010958032876618957,0.013940836856208637,0.08529454039790257,0.1039418042732966,0.11339554571379146,1.7359672304178428e-08,287,0.0005976024332330023,4.347652494477662e-06,5.9824724827452726e-05,0.007734644453848718,0.08794682742344216,0.003979703600100014,2026,5.996879412575484e-05,-0.016743483624910006,0.00011635615319602036,9.614269178788883e-05,8.822608478011417e-05,8.651370545022524e-05
2026-04-13,2026-04-14,5.9824724827452726e-05,0.00011205808971598574,0.00025113353560945675,0.007734644453848718,0.01020805106858666,0.013927393229084222,0.08794682742344216,0.10009796794956619,0.11331983228555402,2.3465907874504006e-08,287,0.0006535252746578392,5.054785641082216e-06,9.515022112065448e-05,0.009754497481708348,0.09876485954887167,0.011566152580008078,2026,5.996879412575484e-05,-0.016743483624910006,0.00010982507520983738,8.845510989159678e-05,8.219691306567611e-05,8.176705283773746e-05
2026-04-14,2026-04-15,9.515022112065448e-05,9.34767535610715e-05,0.0002502735000991061,0.009754497481708348,0.00941627375644195,0.013885306627158594,0.09876485954887167,0.096430108070156,0.11311159708750887,1.8000750791301514e-07,287,0.0014352398070901023,1.4000043083907977e-05,4.592775570128727e-05,0.006777001969992872,0.08232254836916111,-7.853135700852637e-06,2026,5.996879412575484e-05,-0.016743483624910006,0.0001009362845252121,8.385389037062694e-05,8.166845685030821e-05,8.216938921378531e-05
2026-04-15,2026-04-16,4.592775570128727e-05,6.650912937882734e-05,0.0002488581113266133,0.006777001969992872,0.008082690129569383,0.013794318450206467,0.08232254836916111,0.08970417134521816,0.11259467017546859,9.499634898454593e-09,287,0.0004745695923602804,3.2161590623243346e-06,5.7444411432295454e-05,0.007579209156125423,0.08705865353958459,-0.0065307957771893466,2026,5.996879412575484e-05,-0.016743483624910006,8.942591363952389e-05,6.405872111943458e-05,6.0768143097730624e-05,5.9009443468717224e-05
2026-04-16,2026-04-17,5.7444411432295454e-05,6.22550092104864e-05,0.0002488901272919962,0.007579209156125423,0.007824102336672958,0.013796437055954663,0.08705865353958459,0.08827748585579241,0.11260685663181569,5.3753612997862584e-08,287,0.0010094016273508983,7.650466056225831e-06,5.496587733486628e-05,0.007413897580548728,0.08610399282581922,0.008441065835577417,2026,5.996879412575484e-05,-0.016743483624910006,8.738015461511583e-05,6.304866353654919e-05,6.088498990802968e-05,5.928795772639647e-05
2026-04-17,2026-04-20,5.496587733486628e-05,6.266259808331125e-05,0.0002429220835722169,0.007413897580548728,0.007851850128444818,0.013513077198404898,0.08610399282581922,0.08843937634137575,0.11121049899771009,2.8881551670581104e-08,287,0.0007563934185905793,5.607823336031677e-06,4.588106302101236e-05,0.006773556157662853,0.08230161698085192,-0.007565667498891938,2026,5.996879412575484e-05,-0.016743483624910006,8.661402108729429e-05,6.267379912130331e-05,6.0348325722330895e-05,5.9284860231068565e-05
2026-04-20,2026-04-21,4.588106302101236e-05,5.987386572202317e-05,0.00021696535973885403,0.006773556157662853,0.007659632469207646,0.012691963604439747,0.08230161698085192,0.0873103342528577,0.1077878026502749,1.4368621035170867e-08,287,0.0005839489367637,3.955410916376436e-06,0.00014442441946182116,0.012017671133036598,0.10962513914717098,-0.008042499200762433,2026,5.996879412575484e-05,-0.016743483624910006,8.123298489109726e-05,5.8756386867103305e-05,5.6083518106564356e-05,5.490847292689928e-05
2026-04-21,2026-04-22,0.00014442441946182116,6.972870539025651e-05,0.00020759930628210392,0.012017671133036598,0.008112267199473295,0.012387264707788719,0.10962513914717098,0.08948239017251756,0.10655145094741615,3.888063013021332e-07,287,0.0017121049963085765,2.0575514790865313e-05,6.034780171797555e-05,0.007768384756046494,0.08813844085327635,-0.011591829509762131,2026,5.996879412575484e-05,-0.016743483624910006,8.267649526511282e-05,7.257229918424954e-05,7.333664658410492e-05,7.932910383224665e-05
2026-04-22,2026-04-23,6.034780171797555e-05,7.261271459359417e-05,0.00013889425435280724,0.007768384756046494,0.00831054375668402,0.010938251454343087,0.08813844085327635,0.09064556866934062,0.10150707409623853,3.188404888095121e-08,287,0.0007584729000857352,5.892109314900401e-06,9.532955337754585e-05,0.00976368544032149,0.09881136291096025,-0.006752700285220145,2026,5.996879412575484e-05,-0.016743483624910006,7.383750070924211e-05,6.464369917368039e-05,6.257114117005516e-05,6.334199227135784e-05
2026-04-23,2026-04-24,9.532955337754585e-05,8.018974298264424e-05,0.00012553844239261106,0.00976368544032149,0.008747439013523232,0.010485370193157378,0.09881136291096025,0.09299611054361574,0.09961426788323635,1.355717952982599e-07,287,0.0012443855429250428,1.2149789007603793e-05,3.6758132033670045e-05,0.006062848508223675,0.07786429546476148,0.007643680187607438,2026,5.996879412575484e-05,-0.016743483624910006,7.450999932032959e-05,7.22348439036694e-05,7.168102762341096e-05,7.491711017912692e-05
2026-04-24,2026-04-27,3.6758132033670045e-05,7.654819392240499e-05,0.00011845872570794397,0.006062848508223675,0.00847722919905822,0.010130278501142452,0.07786429546476148,0.09134817107140421,0.09779938949713719,8.247847461354472e-09,287,0.0004942852558131447,2.9967766258436817e-06,3.907514616475383e-05,0.006251011611311711,0.0790633392370428,-0.007931343752383947,2026,5.996879412575484e-05,-0.016743483624910006,7.255472308440767e-05,6.214818031574204e-05,5.779792782516943e-05,5.6963582547813106e-05
2026-04-27,2026-04-28,3.907514616475383e-05,7.518701055115329e-05,0.00010630505193768396,0.006251011611311711,0.008372720289787994,0.009618693399720428,0.0790633392370428,0.09070051552264237,0.09537909571159724,1.3983036596823795e-08,287,0.0006242154360572247,3.901977938753715e-06,0.00013084190665168432,0.011438614717337248,0.10695145963163499,-0.016330648514622625,2026,5.996879412575484e-05,-0.016743483624910006,6.991786831660578e-05,6.089562054554056e-05,5.686957647989829e-05,5.648506619706435e-05
2026-04-28,2026-04-29,0.00013084190665168432,7.247050798912592e-05,0.00010759031037976058,0.011438614717337248,0.008256909006648123,0.009678289602506877,0.10695145963163499,0.09016577961953517,0.09566618605140462,1.5974171261124607e-07,287,0.0011529747556651862,1.3188434008870117e-05,8.461051304912065e-05,0.009198397308722898,0.09590827549655398,-0.00856129003266866,2026,5.996879412575484e-05,-0.016743483624910006,6.762879309057388e-05,6.948066259798823e-05,7.02265966230447e-05,7.886450171105907e-05
2026-04-29,2026-04-30,8.461051304912065e-05,7.732305025535494e-05,0.0001030216743237161,0.009198397308722898,0.008542911517183404,0.009477948585330185,0.09590827549655398,0.0917197465481907,0.0947236381261594,4.152125363159097e-08,287,0.0007309827475475806,6.723869737764535e-06,4.913148059343419e-05,0.00700938517941725,0.08372207104113735,0.015309495898305237,2026,5.996879412575484e-05,-0.016743483624910006,6.968345433818893e-05,6.78135102498624e-05,6.669162934610128e-05,7.162925821944646e-05
2026-04-30,2026-05-01,4.913148059343419e-05,6.80834356985326e-05,9.839948210337277e-05,0.00700938517941725,0.007992051465002557,0.00923833574723102,0.08372207104113735,0.08870188817422613,0.09349195608009218,1.1527239908813733e-08,287,0.000505436734231636,3.542800754056285e-06,5.4376154133421564e-05,0.007374018859036202,0.0858721075730426,-0.0029320788316701896,2026,5.996879412575484e-05,-0.016743483624910006,6.53216058211269e-05,5.8259404516887325e-05,5.5695292570418265e-05,5.706653266441733e-05
2026-05-01,2026-05-04,5.4376154133421564e-05,7.16070401184829e-05,8.786348619025954e-05,0.007374018859036202,0.008254285535165062,0.00880458648089593,0.0858721075730426,0.09030345059588235,0.0914832584013004,1.656840961956349e-08,287,0.0005759970113419869,4.247412824384301e-06,0.0001278815636018513,0.011308473088876822,0.10634130471682592,-0.017203257764074137,2026,5.996879412575484e-05,-0.016743483624910006,6.5078167881993e-05,6.084278686284797e-05,5.864036010916424e-05,6.044159116983717e-05
2026-05-04,2026-05-05,0.0001278815636018513,8.93683236059024e-05,8.247356213013189e-05,0.011308473088876822,0.009265777830678083,0.008605015205541954,0.10634130471682592,0.09575904369183896,0.09062168977199078,2.804155794941709e-07,287,0.0015451874173882149,1.7473710326805707e-05,4.322124273218688e-05,0.006574286480842379,0.08108197383415366,0.023768139143872435,2026,5.996879412575484e-05,-0.016743483624910006,7.103912770120734e-05,7.828427131990635e-05,7.863623722291308e-05,8.51491939825898e-05
2026-05-05,2026-05-06,4.322124273218688e-05,7.184419082200292e-05,8.443421180292237e-05,0.006574286480842379,0.008292912183379112,0.008890443103007024,0.08108197383415366,0.0905851465323427,0.09352669499821699,8.971951086655603e-09,287,0.00047542157463895454,3.125557630849675e-06,8.311678470678982e-05,0.009116840719612787,0.09548214869604049,0.012159428135500115,2026,5.996879412575484e-05,-0.016743483624910006,6.47765291749822e-05,5.987432729200566e-05,5.7241060370771434e-05,5.731541589770663e-05
2026-05-06,2026-05-07,8.311678470678982e-05,7.154544515353675e-05,8.22170216097409e-05,0.009116840719612787,0.008276600865557088,0.008782819795079867,0.09548214869604049,0.09049992117224001,0.09299561043703274,6.43503797143469e-08,287,0.0009181534112757663,8.370658406770293e-06,0.00011038230791327401,0.010506298487729824,0.10250023652523844,0.00425765174034439,2026,5.996879412575484e-05,-0.016743483624910006,6.371623395477077e-05,6.42025093059763e-05,6.405260081197559e-05,6.790224615559051e-05
2026-05-07,2026-05-08,0.00011038230791327401,8.379561061750471e-05,7.868635824692492e-05,0.010506298487729824,0.008975983527219603,0.008637043178957048,0.10250023652523844,0.09425555426906021,0.0923317957815471,7.143506832965142e-08,287,0.0008394407726777445,8.819415320522942e-06,5.042102650942583e-05,0.007100776472289902,0.08426610512115712,-0.0010567078513017338,2026,5.996879412575484e-05,-0.016743483624910006,6.818889153967574e-05,7.367156253905794e-05,7.409006859025142e-05,8.143525709464143e-05
2026-05-08,2026-05-11,5.042102650942583e-05,8.300458509270556e-05,7.276159233314845e-05,0.007100776472289902,0.008921335049870343,0.00834867301386315,0.08426610512115712,0.09393435377868312,0.09089151728733379,2.5660555131687697e-08,287,0.0007444083649445944,5.285877403574371e-06,6.961733802605816e-05,0.008343700499542044,0.09134385857594392,0.000987229261481601,2026,5.996879412575484e-05,-0.016743483624910006,6.770871852727367e-05,6.620223937906597e-05,6.336368974589893e-05,6.390540778333167e-05
2026-05-11,2026-05-12,6.961733802605816e-05,7.135173997754693e-05,7.234806168551473e-05,0.008343700499542044,0.008328380532003387,0.008324652667451079,0.09134385857594392,0.09093486455050673,0.0907620526322988,3.5895360368044233e-08,287,0.0007492806459195375,6.251773299656031e-06,8.48020257705529e-05,0.00920880153823248,0.09596250068767738,-0.005242651500907687,2026,5.996879412575484e-05,-0.016743483624910006,6.219674728232887e-05,6.273195537780221e-05,6.212857570023671e-05,6.491561795741352e-05
2026-05-12,2026-05-13,8.48020257705529e-05,7.966789658522015e-05,7.379688408550613e-05,0.00920880153823248,0.008855283543481408,0.008412545527293945,0.09596250068767738,0.09391096992121147,0.09124695991819766,7.708623270623519e-08,287,0.0009948769292217941,9.161624196169664e-06,7.198592446224945e-05,0.008484451924682552,0.09211108470039071,-0.004185722970755565,2026,5.996879412575484e-05,-0.016743483624910006,6.591276696011323e-05,6.962522446203732e-05,6.955938916612416e-05,7.289525006304561e-05
2026-05-13,2026-05-14,7.198592446224945e-05,7.744172453631208e-05,7.434966588708781e-05,0.008484451924682552,0.00872880578449536,0.008446627685059117,0.09211108470039071,0.0932367571220815,0.09143624433987713,2.704431810042485e-08,287,0.000639585025420347,5.426528399925801e-06,9.07604117618249e-05,0.009526825901727444,0.09760546040938203,-0.01289765288146113,2026,5.996879412575484e-05,-0.016743483624910006,6.519625592868295e-05,6.702868971979939e-05,6.640846184102355e-05,6.940209569984944e-05
2026-05-14,2026-05-15,9.07604117618249e-05,7.351734530602224e-05,7.41501290980501e-05,0.009526825901727444,0.008532911267294885,0.008436278976878169,0.09760546040938203,0.09225780189891022,0.09138354437899125,6.324007055320796e-08,287,0.0008710277805251133,8.298130020630817e-06,0.00011294993545646478,0.010627790713806175,0.10309117670201547,-0.017080209576371477,2026,5.996879412575484e-05,-0.016743483624910006,6.31563875621782e-05,6.704755378714629e-05,6.766760369174816e-05,7.21186622602602e-05
2026-05-15,2026-05-18,0.00011294993545646478,8.602312709543003e-05,7.719659181419453e-05,0.010627790713806175,0.00923831411559814,0.008611314828869683,0.10309117670201547,0.0960228162150819,0.09232757293957553,9.53445843291438e-08,287,0.000958714031809764,1.0189012084463488e-05,9.879366920209704e-05,0.009939500450329335,0.09969704333795128,0.001815939065739669,2026,5.996879412575484e-05,-0.016743483624910006,6.889640025476602e-05,7.662185326822261e-05,7.767233659423597e-05,8.40093809952217e-05
2026-05-18,2026-05-19,9.879366920209704e-05,9.185839333063781e-05,7.907610353100369e-05,0.009939500450329335,0.009557474105755599,0.008718600796788042,0.09969704333795128,0.09769345316748337,0.09290204520313766,4.782516745674708e-08,287,0.0007260186122289178,7.216262323196807e-06,0.00013851575976299365,0.011769271845063043,0.10848627491559955,-0.018125558921063045,2026,5.996879412575484e-05,-0.016743483624910006,7.199586691517927e-05,7.87586136071143e-05,7.894959357790804e-05,8.436093555573471e-05
2026-05-19,2026-05-20,0.00013851575976299365,0.00010260114012912596,8.287382545955493e-05,0.011769271845063043,0.01006956816712171,0.008916572354265963,0.10848627491559955,0.10019820801306781,0.09391942166176405,1.1416643983575036e-07,287,0.0009473352495721885,1.114944608062573e-05,6.0784975481199e-05,0.007796471989380774,0.08829763297722523,0.014452767486098271,2026,5.996879412575484e-05,-0.016743483624910006,7.682948262080787e-05,8.852652364700588e-05,8.973568904063628e-05,9.88478175230747e-05
2026-05-20,2026-05-21,6.0784975481199e-05,0.00010036095033291587,8.355127602592704e-05,0.007796471989380774,0.009931972180061354,0.00896306852843496,0.08829763297722523,0.0994355176684347,0.09419196784341738,1.935167632570898e-08,287,0.0005887694065867998,4.590324186658324e-06,6.642726810954854e-05,0.00815029251680874,0.09027897051256588,-5.6848810442883026e-05,2026,5.996879412575484e-05,-0.016743483624910006,7.704305647396533e-05,7.871265715151001e-05,7.58265002203054e-05,7.692172147899056e-05
2026-05-21,2026-05-22,6.642726810954854e-05,9.54943216024606e-05,8.000595096446012e-05,0.00815029251680874,0.009656665503077613,0.008787278591333695,0.09027897051256588,0.09797021968907148,0.09331259654184441,4.235055710137425e-08,287,0.0008331830578133271,6.790685641227783e-06,5.469233355003446e-05,0.007395426529283789,0.08599666580329605,-0.00516342229621015,2026,5.996879412575484e-05,-0.016743483624910006,7.421960443831915e-05,7.627523083257701e-05,7.406904999175043e-05,7.54119936552749e-05
2026-05-22,2026-05-25,5.469233355003446e-05,8.384280122117453e-05,7.974888422955368e-05,0.007395426529283789,0.009010192666173136,0.008770325944662663,0.08599666580329605,0.0945513175093276,0.09321524313048167,8.913264917570259e-08,287,0.0013321074063928529,9.851502453093125e-06,4.445393080055759e-05,0.006667378105414271,0.08165401463133501,0.008049411767837585,2026,5.996879412575484e-05,-0.016743483624910006,6.917033463492032e-05,6.815667608369852e-05,6.581346705605974e-05,6.467357313359182e-05
2026-05-25,2026-05-26,4.445393080055759e-05,7.297485354086664e-05,7.743635593059969e-05,0.006667378105414271,0.008355768197190121,0.00862958470216688,0.08165401463133501,0.09094271176800435,0.09243536366322598,1.6180709273908556e-08,287,0.0006295464152284145,4.197423985235972e-06,6.216977619784761e-05,0.007884781303108388,0.08879629104364882,-0.009708781640053834,2026,5.996879412575484e-05,-0.016743483624910006,6.410958124623673e-05,6.032344716211131e-05,5.780394678161641e-05,5.7753533710969395e-05
2026-05-26,2026-05-27,6.216977619784761e-05,5.770565682783743e-05,7.859143066533501e-05,0.007884781303108388,0.007578870088799192,0.008712399829207093,0.08879629104364882,0.0870047149936142,0.09293227255317538,2.3931536774192706e-08,287,0.0006474104489219073,5.104689803096463e-06,0.00016636449213398662,0.012898236008617094,0.11357040111145639,-0.02774326765287942,2026,5.996879412575484e-05,-0.016743483624910006,5.727118395833572e-05,5.5426839369573806e-05,5.544489716047307e-05,5.721909751813987e-05
2026-05-27,2026-05-28,0.00016636449213398662,7.882156015839497e-05,8.437731002757289e-05,0.012898236008617094,0.008599222892646457,0.009014546392720974,0.11357040111145639,0.09205926862046043,0.09450077536564873,2.672782623670846e-07,287,0.0013226214532472314,1.705948365404291e-05,6.846367991269613e-05,0.008274278210979863,0.09096305959552957,0.028297663445743363,2026,5.996879412575484e-05,-0.016743483624910006,6.612740507816857e-05,7.499427413863002e-05,7.706956601305369e-05,8.849929642913751e-05
2026-05-28,2026-05-29,6.846367991269613e-05,7.922884251902448e-05,8.154193608489159e-05,0.008274278210979863,0.00862402003148068,0.008870712915159274,0.09096305959552957,0.09219608643705317,0.09377402990946214,3.2602015985248155e-08,287,0.0007200724102467627,5.958079454432542e-06,5.182125859146444e-05,0.007198698395645177,0.08484514361850758,0.009241087389822671,2026,5.996879412575484e-05,-0.016743483624910006,6.722280102959698e-05,6.61241052920673e-05,6.46677418149215e-05,6.743639521734103e-05
2026-05-29,2026-06-01,5.182125859146444e-05,7.865462752731048e-05,8.00515154277254e-05,0.007198698395645177,0.008584674404752959,0.00877981751001938,0.08484514361850758,0.09196578200009548,0.09327116027864184,1.74983717294568e-08,287,0.0006063577089255217,4.364986266429238e-06,0.00011480400507593112,0.010714663087373823,0.10351165677050012,-0.009674035298621894,2026,5.996879412575484e-05,-0.016743483624910006,6.695742308994207e-05,6.363697684785034e-05,6.109725451114828e-05,6.219143054049055e-05
2026-06-01,2026-06-02,0.00011480400507593112,9.272464238238519e-05,8.303663017692981e-05,0.010714663087373823,0.009394131401144869,0.008948239233108314,0.10351165677050012,0.09633731042792851,0.09417068690270378,1.7660294857493365e-07,287,0.0012942093052115057,1.3867016669885442e-05,5.442807583967288e-05,0.007377538603062195,0.08589259923335767,-0.003315063837748337,2026,5.996879412575484e-05,-0.016743483624910006,7.280626282847255e-05,7.890202931700999e-05,7.902355365374326e-05,8.464359099955844e-05
2026-06-02,2026-06-03,5.442807583967288e-05,9.117630231075024e-05,8.303899025448669e-05,0.007377538603062195,0.00929268286113563,0.008948399221473132,0.08589259923335767,0.09575657206587027,0.09417161834180901,2.1375628723022767e-08,287,0.0006539311426824517,4.8244022488843604e-06,8.742385740823728e-05,0.009350072588394022,0.09669577337398993,-0.00451780469294919,2026,5.996879412575484e-05,-0.016743483624910006,7.29710507298745e-05,7.11885485181405e-05,6.80046536410288e-05,6.893596864876271e-05
2026-06-03,2026-06-04,8.742385740823728e-05,7.538817536560038e-05,8.120000360932242e-05,0.009350072588394022,0.008583050177091016,0.008859381016905732,0.09669577337398993,0.09238164651837696,0.09373318509895284,5.83359224206322e-08,287,0.0008523875832163783,7.969885776518888e-06,5.8704909156551264e-05,0.007661912891475031,0.08753235339847222,-0.00483628534010217,2026,5.996879412575484e-05,-0.016743483624910006,6.519404451891007e-05,6.773262626778761e-05,6.79746154056133e-05,7.197051638070891e-05
2026-06-04,2026-06-05,5.8704909156551264e-05,7.34364212143714e-05,8.190380662861169e-05,0.007661912891475031,0.00846057711319005,0.008908818581025397,0.08753235339847222,0.0916955052789655,0.09402638417005821,1.7154145416353747e-08,287,0.0005640679134683459,4.321839217870542e-06,0.00013715805555014108,0.011711449762951685,0.10821945186957696,-0.025533766128476475,2026,5.996879412575484e-05,-0.016743483624910006,6.484855965583699e-05,6.344949747599895e-05,6.21833288136164e-05,6.357279597008725e-05
2026-06-05,2026-06-08,0.00013715805555014108,9.050378060610673e-05,8.436022803058221e-05,0.011711449762951685,0.009363127386651352,0.00902675535572262,0.10821945186957696,0.09637036692917937,0.09460535249612806,2.677579107014185e-07,287,0.0014579564715149103,1.707478397271717e-05,9.873074807024334e-05,0.009936334740247197,0.09968116542380108,0.0013379383499409728,2026,5.996879412575484e-05,-0.016743483624910006,7.172277899922483e-05,8.07242404758476e-05,8.206903093597645e-05,8.88788969225913e-05
2026-06-08,2026-06-09,9.873074807024334e-05,8.728912920496918e-05,8.383061167408081e-05,0.009936334740247197,0.009207461717226025,0.009000847912655228,0.09968116542380108,0.09560426865983956,0.09447721290060818,8.157226555216114e-08,287,0.0009484820381241625,9.424435025913582e-06,0.0002279752262334349,0.01509884850687081,0.1228773718260234,-0.03555854144650406,2026,5.996879412575484e-05,-0.016743483624910006,7.07506521000784e-05,7.54207372797232e-05,7.549059093218732e-05,8.031410869933217e-05
2026-06-09,2026-06-10,0.0002279752262334349,0.00012199855928372158,9.190125711608122e-05,0.01509884850687081,0.01075172369798775,0.009364396641499816,0.1228773718260234,0.10300122317837271,0.0962322704781021,3.4260654246393193e-07,287,0.001279198851520811,1.931442966927585e-05,0.000301102781882068,0.01735231344466979,0.1317281801463521,-0.02659334870632253,2026,5.996879412575484e-05,-0.016743483624910006,8.566408575568554e-05,0.00010479817405176533,0.00010685646165570461,0.0001247998319049258
2026-06-10,2026-06-11,0.000301102781882068,0.00016473434417848772,0.00010242332274589986,0.01735231344466979,0.012352171869242904,0.00977387904809653,0.1317281801463521,0.11000770453284517,0.09806792145857518,4.3859688123187626e-07,287,0.0012593877020110017,2.1853290153657298e-05,0.00018996496132742436,0.013782777707248433,0.11740007541415139,0.029853971592831013,2026,5.996879412575484e-05,-0.016743483624910006,0.00010533576163515178,0.0001320679860452328,0.00013283118704874298,0.0001603412496434807
2026-06-11,2026-06-12,0.00018996496132742436,0.00019098635461266235,0.00010720345618030311,0.013782777707248433,0.013576344832397585,0.009981787055779075,0.11740007541415139,0.11598124893598101,0.09904235667341492,2.708616905906543e-07,287,0.0012460087814479797,1.7173462055977e-05,0.00011026238585596454,0.010500589786100804,0.10247238548067866,0.004088109486262712,2026,5.996879412575484e-05,-0.016743483624910006,0.00011934442245162777,0.00014005932900682043,0.00013729257790091686,0.00015086878865787918
2026-06-12,2026-06-15,0.00011026238585596454,0.00018560722067382704,0.0001089432953345629,0.010500589786100804,0.013334172837027407,0.01007342968584354,0.10247238548067866,0.11483183565820132,0.09951332489070075,2.008084222437473e-07,287,0.0014081902455818664,1.4786828109643728e-05,5.688733345133324e-05,0.007542369220035124,0.08684681467984375,0.02693326783012578,2026,5.996879412575484e-05,-0.016743483624910006,0.00011836714166198275,0.0001280904129026946,0.00012141650928771217,0.00012501290113202707
2026-06-15,2026-06-16,5.688733345133324e-05,0.000177238537750045,0.00010740360995681328,0.007542369220035124,0.012855379732984992,0.009983227109402979,0.08684681467984375,0.11226496550940986,0.0990242955393581,1.8809769577421354e-08,287,0.0006000231570055092,4.5255961907066545e-06,3.9474797577266617e-05,0.006282897227972667,0.07926472877625121,0.00019761965006503916,2026,5.996879412575484e-05,-0.016743483624910006,0.00011515162844567286,0.00011409914528065942,0.00010279843916494774,0.00010471760231185856
2026-06-16,2026-06-17,3.9474797577266617e-05,0.00013953845201881136,0.00010406383096230425,0.006282897227972667,0.011092189477205364,0.009785731950956002,0.07926472877625121,0.10354243689945541,0.09794127517909607,9.792423010482167e-09,287,0.0005197197124732839,3.2653455408211467e-06,0.0003617978730532133,0.01902098507052706,0.1379165873654328,-0.0028000527983039363,2026,5.996879412575484e-05,-0.016743483624910006,9.811131633358981e-05,8.947341054196302e-05,7.917701847524742e-05,8.008208328550478e-05
2026-06-17,2026-06-18,0.0003617978730532133,0.0001516774702530404,0.00011601856750099136,0.01902098507052706,0.011425923802376817,0.010198526706419535,0.1379165873654328,0.10478011834327154,0.09967852718034526,5.061150254332848e-06,287,0.003902794399875131,7.423499401336148e-05,0.0001277665700507877,0.011303387547580049,0.10631739061686968,-0.039435105133079545,2026,5.996879412575484e-05,-0.016743483624910006,0.00010092018925843647,0.00012449770041526214,0.00012457524919166495,0.00013286516993478645
2026-06-18,2026-06-19,0.0001277665700507877,0.00013923779199771308,0.00011552996796861836,0.011303387547580049,0.010930045770443143,0.010177350147443033,0.10631739061686968,0.10256358138381523,0.09957994153040298,7.126666235574139e-08,287,0.0007793250827924334,8.809013436352782e-06,5.153029385910815e-05,0.007178460410081549,0.08472579542312689,0.0010616278182882996,2026,5.996879412575484e-05,-0.016743483624910006,9.861900875909649e-05,9.937714800879098e-05,9.507657505693143e-05,0.00010677997627939418
2026-06-19,2026-06-22,5.153029385910815e-05,0.00012749137359834183,0.00011510930062215968,0.007178460410081549,0.010265619895239289,0.010149258712020345,0.08472579542312689,0.09901426337230487,0.09941758527794396,2.2011498556316176e-08,287,0.0006819892958072863,4.895633160051999e-06,8.435496710908861e-05,0.00918449601824121,0.09583577629591784,-0.0030398737106145666,2026,5.996879412575484e-05,-0.016743483624910006,9.441065216420561e-05,8.26513846765103e-05,7.440320580364389e-05,7.707161984078423e-05
2026-06-22,2026-06-23,8.435496710908861e-05,0.00013298490032989286,0.00011592419603122968,0.00918449601824121,0.010594045254880505,0.010196267962085455,0.09583577629591784,0.1008120556955197,0.09967016735900543,3.5828934195602805e-08,287,0.0006800575663481589,6.245986010299473e-06,0.00015025763658027636,0.012257962170780115,0.1107156816841233,-0.019835976465380194,2026,5.996879412575484e-05,-0.016743483624910006,9.652043510741897e-05,9.070175079326518e-05,8.45590146738248e-05,9.122970953002324e-05
2026-06-23,2026-06-24,0.00015025763658027636,0.00015514146813049484,0.00012026807344169524,0.012257962170780115,0.011789058243441997,0.0104172923094262,0.1107156816841233,0.10710224627709411,0.10079375898995212,1.783325962805001e-07,287,0.0011367923749844456,1.3934757928590617e-05,0.00024429742931350145,0.015630016932604438,0.12502006611982108,-0.0163897457640929,2026,5.996879412575484e-05,-0.016743483624910006,0.00010614157299250269,0.00011266903076933767,0.00010905759130244595,0.00012029891777522978
2026-06-24,2026-06-25,0.00024429742931350145,0.00013164137938255247,0.00012935186882864723,0.015630016932604438,0.01111086461585747,0.010824684983389387,0.12502006611982108,0.10452294202797177,0.10276494314851964,2.781034791466256e-07,287,0.0011133400316164046,1.7401523545910765e-05,0.00012378339876847438,0.011125798792377758,0.1054789021197024,0.0016274932589445945,2026,5.996879412575484e-05,-0.016743483624910006,9.587711305034565e-05,0.00011288369831657003,0.00011455514497467243,0.0001349038940875836
2026-06-25,2026-06-26,0.00012378339876847438,0.00013084474512608979,0.000132152488036403,0.011125798792377758,0.011075346864817013,0.01097200396017436,0.1054789021197024,0.10435524432853831,0.10352324365197664,6.486565307951256e-08,287,0.0007553709146426537,8.404104809928519e-06,6.276721217573727e-05,0.00792257610728589,0.08900885409489268,0.019257252296149656,2026,5.996879412575484e-05,-0.016743483624910006,9.768447114466458e-05,0.00010192463464818944,9.973647748130384e-05,0.00010789506659573454
2026-06-26,2026-06-29,6.276721217573727e-05,0.00013309212878941562,0.00012744352076557347,0.00792257610728589,0.01122417000425788,0.010745837601022941,0.08900885409489268,0.10521185606289145,0.10240680969667827,2.3133866875619473e-08,287,0.0006334929099724513,5.018895792682755e-06,0.00017300407127167916,0.013153101203582339,0.11468697050485874,-0.027380735070854374,2026,5.996879412575484e-05,-0.016743483624910006,9.876809754347213e-05,9.603327512992334e-05,8.993500465049425e-05,9.071712302871336e-05
2026-06-29,2026-06-30,0.00017300407127167916,0.00015082194962193373,0.00013219535673643633,0.013153101203582339,0.012017891041326108,0.010967602282504872,0.11468697050485874,0.10898209490467965,0.10348516928346596,6.468280423331267e-07,287,0.0020176708549508406,2.653862895068691e-05,7.877244192875955e-05,0.008875384044015196,0.09420925667902914,0.0023956956014573386,2026,5.996879412575484e-05,-0.016743483624910006,0.0001058657244429116,0.00011874444119524185,0.0001178171871657262,0.00012316227316764916
2026-06-30,2026-07-01,7.877244192875955e-05,0.00013652491069163038,0.0001334204105244952,0.008875384044015196,0.011341375415973123,0.011043815266521692,0.09420925667902914,0.1056808099036608,0.10391081078621696,2.526863180090541e-08,287,0.0005910003957649066,5.245355482578518e-06,9.90942758339134e-05,0.009954610782643057,0.09977279580448298,0.022473156841434694,2026,5.996879412575484e-05,-0.016743483624910006,0.00010104973314680318,0.00010004877480396631,9.490438540691764e-05,9.780713260760057e-05
2026-07-01,2026-07-02,9.90942758339134e-05,0.00010748427999571276,0.00013270633192258532,0.009954610782643057,0.010206294185980848,0.011009267434488474,0.09977279580448298,0.10063135584059317,0.1037408625604889,7.965332988335553e-08,287,0.0009355386761127556,9.312923392811648e-06,0.00010065768832549801,0.010032830524109236,0.10016401811084276,0.025666282235603802,2026,5.996879412575484e-05,-0.016743483624910006,8.775337554871167e-05,8.91115904173591e-05,8.792239841361021e-05,9.12045781955781e-05
2026-07-02,2026-07-03,0.00010065768832549801,0.00010285913790711747,0.00013480767794466826,0.010032830524109236,0.009987700532327143,0.011129962521808796,0.10016401811084276,0.09956837903882125,0.10438956341855642,5.3513408654314895e-08,287,0.0007608374720579658,7.633353413549268e-06,2.5220431992597184e-05,0.005021994822040061,0.07086603433267634,-0.00035858714197240166,2026,5.996879412575484e-05,-0.016743483624910006,8.602383236711017e-05,8.697843960546495e-05,8.620787135891479e-05,9.033075721125999e-05
2026-07-03,2026-07-06,2.5220431992597184e-05,9.534978187048948e-05,0.00013198024951668462,0.005021994822040061,0.009407584275277978,0.010933231714247251,0.07086603433267634,0.09593981508637799,0.10321548437122398,3.888813507746999e-09,287,0.0004097475449937787,2.0577500493023835e-06,7.524702485049804e-05,0.008674504299987293,0.09313701895587648,-0.010468141221649482,2026,5.996879412575484e-05,-0.016743483624910006,8.328915216222291e-05,7.03052317940307e-05,6.269070530873578e-05,6.0011498791718525e-05
2026-07-06,2026-07-07,7.524702485049804e-05,7.579837258625324e-05,0.0001327321638664095,0.008674504299987293,0.008511864894558968,0.010979258596452353,0.09313701895587648,0.09162982477658155,0.10347024189656052,3.359276631985649e-08,287,0.0006972078692725862,6.047932659990028e-06,0.00010706187906788355,0.010347071038119124,0.10172055366600756,-0.001934209552262084,2026,5.996879412575484e-05,-0.016743483624910006,7.402756051902573e-05,6.837459342845638e-05,6.722904814599563e-05,6.965573778520311e-05
2026-07-07,2026-07-08,0.00010706187906788355,8.145626001407805e-05,0.00013136415584448868,0.010347071038119124,0.008806202293379754,0.010917241381687237,0.10172055366600756,0.09313208417397724,0.10317483743276191,7.982264916921353e-08,287,0.0009010101850399667,9.322816390677391e-06,0.00018895302592128682,0.013746018547975513,0.11724341579796928,-0.014842811980608198,2026,5.996879412575484e-05,-0.016743483624910006,7.586535791126965e-05,7.45495880479294e-05,7.450204848796662e-05,8.00699765571316e-05
2026-07-08,2026-07-09,0.00018895302592128682,9.942801003155273e-05,0.00013546516847408156,0.013746018547975513,0.009564483846446245,0.01109040882749307,0.11724341579796928,0.09662620817267448,0.10397312154067867,1.189239176590082e-06,287,0.0026178318101661795,3.5984764618024616e-05,4.8274445039406646e-05,0.006947981364353725,0.08335455215135959,0.014080652063837972,2026,5.996879412575484e-05,-0.016743483624910006,8.336318397050206e-05,9.016737829196295e-05,9.116657464380411e-05,9.617296885558163e-05
2026-07-09,2026-07-10,4.8274445039406646e-05,8.895136137433445e-05,0.00012729695114708028,0.006947981364353725,0.008947514014495143,0.010719914866469567,0.08335455215135959,0.09326431498077785,0.10217662973728485,1.0826429907903191e-08,287,0.0004941605273798814,3.4334181352346246e-06,8.523912575279384e-05,0.009232503764028144,0.09608591865631584,-0.0021580647830777245,2026,5.996879412575484e-05,-0.016743483624910006,7.935279140776134e-05,6.910907768646093e-05,6.450068729956829e-05,6.525487427701814e-05
2026-07-10,2026-07-13,8.523912575279384e-05,0.00010095510012637378,0.00011748496677756783,0.009232503764028144,0.009789615802892759,0.010350832608258581,0.09608591865631584,0.09830829184550574,0.10055652694228319,3.856235226684019e-07,287,0.0022194549175343315,2.049112588022649e-05,0.00010544860960149114,0.010268817341909006,0.10133517327122407,-0.023763692127562533,2026,5.996879412575484e-05,-0.016743483624910006,8.254562637802638e-05,8.201151462193554e-05,8.008841087357871e-05,7.798263213607203e-05
2026-07-13,2026-07-14,0.00010544860960149114,0.00010699541707657239,0.00011364331442638903,0.010268817341909006,0.010108478411277103,0.01019110713710679,0.10133517327122407,0.09994792270857526,0.09982630411760468,1.054331507275855e-07,287,0.001043403348503347,1.0714518399717097e-05,0.000108477724685072,0.01041526402378125,0.10205520086591006,0.004151153358365188,2026,5.996879412575484e-05,-0.016743483624910006,8.430988352275845e-05,8.752559747889377e-05,8.636475033025065e-05,9.101758379855365e-05
2026-07-14,2026-07-15,0.000108477724685072,0.0001072785862000101,0.00011356219346407574,0.01041526402378125,0.010122117008409526,0.010187228693364993,0.10205520086591006,0.10001485214855577,0.09980734118056976,7.987300143282957e-08,287,0.0008953931777519847,9.325756351379415e-06,6.61469472956976e-05,0.0081330773570462,0.09018357587191916,0.0010893259430084295,2026,5.996879412575484e-05,-0.016743483624910006,8.437951014026023e-05,8.799005472815457e-05,8.695667197950271e-05,9.264320084815992e-05
2026-07-15,2026-07-16,6.61469472956976e-05,8.271737047489225e-05,0.00011398308500245596,0.0081330773570462,0.008999528770223666,0.010214079063229133,0.09018357587191916,0.09460288416334575,0.09995901214384592,2.802109936558079e-08,287,0.0006791594445740762,5.523656300489493e-06,0.00010408353119235567,0.010202133658816457,0.1010056120164442,-0.0110255368976631,2026,5.996879412575484e-05,-0.016743483624910006,7.41423638475133e-05,7.12825739049565e-05,6.98105394627463e-05,7.080143325097497e-05
2026-07-16,2026-07-17,0.00010408353119235567,9.387918770548204e-05,0.00011691984562132365,0.010202133658816457,0.009650359229116211,0.01039222617372203,0.1010056120164442,0.09813309613636267,0.10094723410930923,6.985796223813541e-08,287,0.0008548718373840166,8.721516746149744e-06,6.135360042278723e-05,0.007832853913024755,0.08850341187222534,0.004682534655119045,2026,5.996879412575484e-05,-0.016743483624910006,7.904553765759797e-05,8.257053538424555e-05,8.28749019077288e-05,8.71411292959061e-05
2026-07-17,2026-07-20,6.135360042278723e-05,8.910208263948072e-05,0.00010326328777448608,0.007832853913024755,0.009370429258915533,0.009883674757471926,0.08850341187222534,0.09661659477954457,0.0987011806777998,5.1696625508795836e-08,287,0.0009578447725896611,7.502658175049234e-06,5.3089865051389244e-05,0.007286279232323535,0.08535970496858301,0.008997405618820972,2026,5.996879412575484e-05,-0.016743483624910006,7.528044109580861e-05,7.408095931873157e-05,7.207000922617052e-05,7.149116479549715e-05
2026-07-20,2026-07-21,5.3089865051389244e-05,7.863033372946034e-05,9.986889209269522e-05,0.007286279232323535,0.008773921636998439,0.009701078924960266,0.08535970496858301,0.09342150111901636,0.09774855860287768,2.9019525521535565e-08,287,0.0007714777503912381,5.621202310875358e-06,4.191395941277578e-05,0.006474099119783059,0.08046178670513761,0.020683768386112564,2026,5.996879412575484e-05,-0.016743483624910006,7.018969491191291e-05,6.676187971465177e-05,6.472731705515958e-05,6.419725549737554e-05
2026-07-21,2026-07-22,4.191395941277578e-05,6.53175806750011e-05,9.94317859814983e-05,0.006474099119783059,0.0079856886561988,0.009669062502673971,0.08046178670513761,0.08910281828686187,0.09755474002478724,9.714331385775825e-09,287,0.0005023555162098297,3.2522994053122223e-06,6.289597196327268e-05,0.007930698075407529,0.08905446690316847,-0.0013087543353781218,2026,5.996879412575484e-05,-0.016743483624910006,6.436543309988488e-05,5.775617780590243e-05,5.564773598902918e-05,5.480049790542052e-05
2026-07-22,2026-07-23,6.289597196327268e-05,6.466738560851613e-05,9.845637711123397e-05,0.007930698075407529,0.007945212799871067,0.009612071687090622,0.08905446690316847,0.08887699649311173,0.09724649868875321,2.6584517117670437e-08,287,0.0006784018664801479,5.380200376846984e-06,8.614581584957098e-05,0.009281477029523425,0.09634042261441157,-0.023680443310595305,2026,5.996879412575484e-05,-0.016743483624910006,6.362027790370037e-05,5.9888441390286923e-05,5.929485938846224e-05,6.0691418005339244e-05
2026-07-23,2026-07-24,8.614581584957098e-05,6.107984253995918e-05,9.554220344165644e-05,0.009281477029523425,0.00776108147401246,0.00947677690794259,0.09634042261441157,0.0879439586127052,0.0965930778219481,5.250730006880746e-08,287,0.0008146607861797826,7.561255373781146e-06,2.9744909408315158e-05,0.005453889383578948,0.07385045283259235,0.006580288797039529,2026,5.996879412575484e-05,-0.016743483624910006,6.122011214998361e-05,6.0421169596691986e-05,6.126724732641845e-05,6.507635521288832e-05
2026-07-24,2026-07-27,2.9744909408315158e-05,5.4758104337064765e-05,8.578981617323889e-05,0.005453889383578948,0.007285288568123299,0.009014225655714157,0.07385045283259235,0.0850133668047786,0.09426718630889228,5.363753467962018e-09,287,0.00044311060214163086,2.4166762087715155e-06,5.4351533295548274e-05,0.007372349238577095,0.08586238546987321,-0.001908937339186257,2026,5.996879412575484e-05,-0.016743483624910006,5.760459580981681e-05,4.9151388577672274e-05,4.657232790944631e-05,4.5129123704447e-05
2026-07-27,2026-07-28,5.4351533295548274e-05,5.501043798589657e-05,8.263382228810589e-05,0.007372349238577095,0.007302502569374011,0.008843614312359582,0.08586238546987321,0.08511390290503665,0.09337552646117274,3.025316872196805e-08,287,0.0007785089272213746,5.739439696825972e-06,6.616988975517157e-05,0.008134487676256666,0.09019139469071684,-0.006129394760255746,2026,5.996879412575484e-05,-0.016743483624910006,5.685015451647858e-05,5.22615355946124e-05,5.155927372100575e-05,5.256139759756273e-05
2026-07-28,2026-07-29,6.616988975517157e-05,5.986162405437573e-05,8.278848945080743e-05,0.008134487676256666,0.007634580280668733,0.008853246656403708,0.09019139469071684,0.0870598245021525,0.09342927830643748,2.7346078647076537e-08,287,0.0006708128699001489,5.456719023277128e-06,0.0001368567298306247,0.011698578111489649,0.1081599653822506,0.008302111219309884,2026,5.996879412575484e-05,-0.016743483624910006,5.886248877994707e-05,5.6518133612129265e-05,5.627595461819992e-05,5.880225010450701e-05
2026-07-29,2026-07-30,0.0001368567298306247,7.465377562784613e-05,8.114542847621405e-05,0.011698578111489649,0.008388156287885157,0.008787131970399495,0.1081599653822506,0.09088092419796892,0.09313259625540984,1.8325219206245133e-07,287,0.0012074678399895335,1.4125656843229241e-05,0.0001127148170465295,0.010616723460961461,0.10303748570768534,0.004328867724771154,2026,5.996879412575484e-05,-0.016743483624910006,6.416165653483886e-05,7.018178089392214e-05,7.148834583391828e-05,8.064292413049024e-05
2026-07-30,2026-07-31,0.0001127148170465295,7.996757586723784e-05,8.268826370883994e-05,0.010616723460961461,0.008655205574172764,0.008866283762078871,0.10303748570768534,0.09222033681662367,0.09353387939307602,1.504704974917122e-07,287,0.0012056444066946398,1.2799993258131944e-05,4.9526735808714726e-05,0.007037523414434564,0.08388994823239888,-0.007887959578820034,2026,5.996879412575484e-05,-0.016743483624910006,6.711509981602949e-05,7.089352807305592e-05,7.109653147267777e-05,7.761263588740069e-05
2026-07-31,2026-08-03,4.9526735808714726e-05,8.392394114731776e-05,8.043519370769455e-05,0.007037523414434564,0.008971932380343887,0.008733688881705757,0.08388994823239888,0.09422823589658497,0.09281193177616313,2.7649888388990243e-08,287,0.0007796701384649907,5.4869468549828105e-06,4.830652882862426e-05,0.006950289837742327,0.08336839831580266,0.0026149338896374855,2026,5.996879412575484e-05,-0.016743483624910006,6.939216233568231e-05,6.705445882427644e-05,6.41003140264952e-05,6.412875572723651e-05
2026-08-03,2026-08-04,4.830652882862426e-05,8.271494025393296e-05,7.805559554874576e-05,0.006950289837742327,0.008887520500176934,0.008593573395961807,0.08336839831580266,0.09372943846577086,0.09204849451275221,1.4111363167205903e-08,287,0.0005639825037595921,3.919841864544766e-06,5.681087090307918e-05,0.00753729864759777,0.08681761714996428,0.018483938316978223,2026,5.996879412575484e-05,-0.016743483624910006,6.848109494730987e-05,6.588901853894344e-05,6.285478406269146e-05,6.349400980738238e-05
2026-08-04,2026-08-05,5.681087090307918e-05,8.084313648351447e-05,7.94915245901313e-05,0.00753729864759777,0.008768082694445154,0.008707905388032611,0.08681761714996428,0.09305468295762034,0.09277356645899258,1.8873295500180226e-08,287,0.000601439862158172,4.533231859656178e-06,0.00011961200283003489,0.010936727244931863,0.10457880877563992,0.03251244745431839,2026,5.996879412575484e-05,-0.016743483624910006,6.776644125712249e-05,6.595718022172394e-05,6.369426927245266e-05,6.530829315040469e-05
2026-08-05,2026-08-06,0.00011961200283003489,7.739419108339651e-05,8.150811449829208e-05,0.010936727244931863,0.008615712521133597,0.008810733703711911,0.10457880877563992,0.09233845163629821,0.09329364781443637,1.0333674598825083e-07,287,0.0009698935521014803,1.0607461235952001e-05,8.122688048506012e-05,0.009012595657470722,0.09493469153829237,-0.0001670711260745435,2026,5.996879412575484e-05,-0.016743483624910006,6.56811864516489e-05,7.10427270045353e-05,7.209872222373729e-05,7.989900883487599e-05
2026-08-06,2026-08-07,8.122688048506012e-05,7.109660377110262e-05,8.0333796380891e-05,0.009012595657470722,0.008294886960435451,0.008750075731864258,0.09493469153829237,0.09071789280241963,0.09298519953590385,4.376179085822606e-08,287,0.0007659170163931514,6.902900375927848e-06,6.218156542165726e-05,0.007885528861253203,0.08880050034348458,0.018068153154570644,2026,5.996879412575484e-05,-0.016743483624910006,6.323375437380093e-05,6.414731703261509e-05,6.412212536209316e-05,6.805199456278479e-05
2026-08-07,2026-08-10,6.218156542165726e-05,7.362756969369115e-05,7.457145726727148e-05,0.007885528861253203,0.008464488049799178,0.008483689837013244,0.08880050034348458,0.09170000322463676,0.09169233974251817,2.9200561163833252e-08,287,0.0007150704570911331,5.638708727221651e-06,5.951030449574633e-05,0.0077142922226051515,0.08783104361559842,0.017230833873497362,2026,5.996879412575484e-05,-0.016743483624910006,6.36778300513509e-05,6.33873245608878e-05,6.228137139467082e-05,6.403160110558231e-05
2026-08-10,2026-08-11,5.951030449574633e-05,7.586832482711556e-05,7.508217815165056e-05,0.0077142922226051515,0.008617288526771742,0.008518522148751944,0.08783104361559842,0.09259253228459591,0.09189581662725632,5.064326189616212e-08,287,0.0009626065478568532,7.425828205560916e-06,7.850491690371252e-05,0.008860300045919017,0.09412916681836198,-0.0035165036070080777,2026,5.996879412575484e-05,-0.016743483624910006,6.479430490954429e-05,6.458738034652565e-05,6.326028319451082e-05,6.379394213113845e-05
2026-08-11,2026-08-12,7.850491690371252e-05,8.020713402724224e-05,7.477607774941958e-05,0.008860300045919017,0.008881888806435992,0.008501603797928803,0.09412916681836198,0.09405484221827545,0.09180687336189476,3.8054541216565865e-08,287,0.000726505453371073,6.437056301864134e-06,8.99985989301885e-05,0.009486759137354996,0.09739999557163745,-0.0005712974034222935,2026,5.996879412575484e-05,-0.016743483624910006,6.640211746138786e-05,6.933544896046708e-05,6.895280125782666e-05,7.236751060375746e-05
2026-08-12,2026-08-13,8.99985989301885e-05,7.428445324727295e-05,7.407380453708765e-05,0.009486759137354996,0.008591895184920617,0.0084660556977218,0.09739999557163745,0.09261907957747495,0.0916280016482772,5.84060227905613e-08,287,0.0008406108765787826,7.974672914343759e-06,9.078191930973859e-05,0.009527954623618785,0.09761124230138035,-0.017222537049551217,2026,5.996879412575484e-05,-0.016743483624910006,6.349512205789075e-05,6.759207355103672e-05,6.822840916264429e-05,7.256365023601213e-05
2026-08-13,2026-08-14,9.078191930973859e-05,7.619546101220864e-05,7.326944974729977e-05,0.009527954623618785,0.008694966978150231,0.008425723452259871,0.09761124230138035,0.09315438973009255,0.09142600353170766,4.709900029360006e-08,287,0.000751605980007599,7.161267672352931e-06,2.7948408002314518e-05,0.005286625388876586,0.07270918366256485,0.011705214102814998,2026,5.996879412575484e-05,-0.016743483624910006,6.420007838589385e-05,6.864578853908522e-05,6.920282090703865e-05,7.399263819586934e-05
2026-08-14,2026-08-17,2.7948408002314518e-05,6.934882952834009e-05,7.153315250669143e-05,0.005286625388876586,0.008175186283674907,0.008296339271888524,0.07270918366256485,0.0899361263939086,0.09063171297673701,5.779147304926555e-09,287,0.00047450130079055837,2.5085106238143314e-06,5.412679795950003e-05,0.007357091678068177,0.08577349053214622,0.0037517902242714136,2026,5.996879412575484e-05,-0.016743483624910006,6.17613417011155e-05,5.5859302500245686e-05,5.190535765041271e-05,5.0397154746314e-05
2026-08-17,2026-08-18,5.412679795950003e-05,6.827212822109082e-05,6.9262391905198e-05,0.007357091678068177,0.008103746174767511,0.008167019181854512,0.08577349053214622,0.08952461577721818,0.08993934381835983,1.6096637238060306e-08,287,0.0005690435078811644,4.186505256291238e-06,7.058410235821086e-05,0.008401434541684584,0.09165933963151046,-0.008414914743548954,2026,5.996879412575484e-05,-0.016743483624910006,6.054038622166927e-05,5.866775892318077e-05,5.7087651837399274e-05,5.886409027111468e-05
2026-08-18,2026-08-19,7.058410235821086e-05,6.668796531199049e-05,6.968196017498997e-05,0.008401434541684584,0.008011973073920625,0.008192863755884502,0.09165933963151046,0.08903065033984786,0.09008279508014551,2.4665725505824e-08,287,0.0006168471485880362,5.18240094108717e-06,8.590284749341718e-05,0.009268378903207248,0.09627242026254065,0.03239228895717971,2026,5.996879412575484e-05,-0.016743483624910006,5.967398648184691e-05,5.9696537583598695e-05,5.917685214052905e-05,6.291924024606696e-05
2026-08-19,2026-08-20,8.590284749341718e-05,6.586881502463624e-05,7.117345937690035e-05,0.009268378903207248,0.007968297027091075,0.008282959195470127,0.09627242026254065,0.08880513527802851,0.09057882759350723,8.232358704125855e-08,287,0.0010215095359650426,9.467737432563426e-06,7.670880025157688e-05,0.008758356024481814,0.09358608884060608,0.008072165876387294,2026,5.996879412575484e-05,-0.016743483624910006,5.933965175552969e-05,6.0943366961335155e-05,6.119372348151559e-05,6.541257925506181e-05
2026-08-20,2026-08-21,7.670880025157688e-05,6.30541912130039e-05,7.27550430513913e-05,0.008758356024481814,0.00781437730726368,0.008386789054774614,0.09358608884060608,0.08800010458587365,0.09117538678148307,3.6537624791866325e-08,287,0.00072016435711555,6.3074558357600504e-06,6.364128450384203e-05,0.007977548777904277,0.08931712477405594,0.0160009626058584,2026,5.996879412575484e-05,-0.016743483624910006,5.8480097095035776e-05,5.872066552437692e-05,5.8783431300148044e-05,6.277741068771407e-05
2026-08-21,2026-08-24,6.364128450384203e-05,7.01927665133094e-05,7.278892089414445e-05,0.007977548777904277,0.008352561985069219,0.008388918632160833,0.08931712477405594,0.09132169280817187,0.09118732577561431,3.119252578388046e-08,287,0.0007305330448179183,5.827862998905874e-06,0.0001674064543327982,0.012938564616401551,0.11374781147961288,0.00531232584123421,2026,5.996879412575484e-05,-0.016743483624910006,6.183908954275887e-05,6.237222796493812e-05,6.182543968956061e-05,6.345480933717269e-05
2026-08-24,2026-08-25,0.0001674064543327982,9.284869778796902e-05,7.648258627974569e-05,0.012938564616401551,0.009468856572735895,0.008555149886109838,0.11374781147961288,0.0969165569976652,0.09197857072403255,1.9646817056696213e-07,287,0.0011304310136959774,1.462615471508971e-05,6.605340785117124e-05,0.00812732476594674,0.09015167644557,0.002427576420372237,2026,5.996879412575484e-05,-0.016743483624910006,7.104076911319159e-05,8.379888914930793e-05,8.584689691315367e-05,9.820211141491169e-05
2026-08-25,2026-08-26,6.605340785117124e-05,9.19425588865611e-05,7.813297257260278e-05,0.00812732476594674,0.009414034617588326,0.008676669676217467,0.09015167644557,0.09661502436047711,0.09271953543371336,3.3113432411918394e-08,287,0.0007388198382225607,6.0046287687589816e-06,6.382077844190053e-05,0.007988790799733119,0.08938003580069276,-0.004202043041516922,2026,5.996879412575484e-05,-0.016743483624910006,7.233992669763661e-05,7.355370608882778e-05,7.143449817872193e-05,7.337611916786013e-05
2026-08-26,2026-08-27,6.382077844190053e-05,8.752614507625777e-05,7.856339280652788e-05,0.007988790799733119,0.009158116996893501,0.008704689747179103,0.08938003580069276,0.09523654746810753,0.0928794286305688,1.9894337863980155e-08,287,0.0005825963488254048,4.654240351454501e-06,7.272783642290595e-05,0.0085280617037464,0.09234750513005968,-0.009880026399035059,2026,5.996879412575484e-05,-0.016743483624910006,7.048164739365198e-05,7.069858093509614e-05,6.867267345677396e-05,7.093082305632447e-05
2026-08-27,2026-08-28,7.272783642290595e-05,8.672995231052359e-05,7.886148129142489e-05,0.0085280617037464,0.009112058132746417,0.008722579475701363,0.09234750513005968,0.09498883072599826,0.09297743365053894,3.2978373418279946e-08,287,0.0007026650362743605,5.992370786412948e-06,0.00029274262882435383,0.017109723224656613,0.13080414070149543,-0.02663784030613457,2026,5.996879412575484e-05,-0.016743483624910006,7.00515821569933e-05,7.129972222753689e-05,6.988289987387975e-05,7.290140218686859e-05
2026-08-28,2026-08-31,0.00029274262882435383,0.00013255022117462595,8.594720397295804e-05,0.017109723224656613,0.010938493022096884,0.008968540617208953,0.13080414070149543,0.10328623391148614,0.09400671434686822,1.9068125032759272e-06,287,0.002663146598437024,4.5565701205943206e-05,5.179775544142754e-05,0.00719706575219565,0.08483552175943547,-0.001670202553665637,2026,5.996879412575484e-05,-0.016743483624910006,8.84548848721105e-05,0.00011133188474494039,0.00011282689109300493,0.00012743415604162924
