Index,feature_cutoff_date,forecast_issue_date,target_end_date_h3,year,month,y_up,target_r3,p_aurora,h_ret_12,momentum_up,reversal_target,aurora_pred,aurora_follows_momentum,trend_strength,opposite_semivar_share,deceleration_6h,session_against_trend,path_consistency,trend_close_location,opposite_extreme_recency,jump_concentration,trend_to_range,adverse_excursion,month_key,p_helios_v5_dce,opal_override_check,v5_pred,v5_confidence,abs_h_ret_12,eligible_v5_continuation,rescue_target,cme_trade_date,cme_stale_days,gc_dlog_volume_1,gc_volume_z20,gc_volume_accel_5,opt_vol_imbalance,d_opt_vol_imbalance_1,opt_total_z20,signed_opt_pressure,signed_d_opt_pressure,cf_deceleration_6h_gap,cf_opposite_semivar_share_gap,cf_adverse_excursion_gap,cf_signed_opt_pressure_gap,cf_signed_d_opt_pressure_gap,cf_gc_dlog_volume_1_gap,cf_opt_total_z20_gap,baseline_pred,baseline_correct,fragility_score,flow_score,leadlag_score,fragility_score_lag1,fragility_score_lag2,flow_score_lag1,flow_score_lag2,leadlag_score_lag1,leadlag_score_lag2,leadlag_score_premax,internal_now,internal_lag1,internal_d1,strong_pro_risk,strong_run,dep_shift95,dependence_phase,phase_q95,phase_q99,sellr_score,sellr_baseline_pred,sellr_momentum_up,sellr_fire,handoff_alarm,competence_y
493,2025-01-02,2025-01-03,2025-01-07,2025,2025-01,0,-7.56286632993108e-05,0.7783751030783775,0.0083446382010912,1,1,1,True,1.681924769287621,0.0573794707157591,1.0551238274183776,-1.8379623236482583,0.25,0.9585803832817924,0.2,0.488547855253064,0.6126858640908833,0.1265611792271814,2025-01,0.7783751030783775,False,1,0.5567502061567551,0.0083446382010912,True,1,2024-12-31,2,-0.1165135186528516,-0.9023775262943424,-0.0641693846889996,0.4512009589230557,0.1611051485029638,-1.2077184831531422,-0.4512009589230557,-0.1611051485029638,0.6869282334949581,-0.143949676808521,-0.0893476453986079,-0.0712731914429769,-0.1817667418789674,0.0025677215254873,-1.4397416484015555,1,False,,,,,,,,,,,,,,False,0,True,False,False,False,-3.8559296248879016,1,1,False,False,1
494,2025-01-03,2025-01-06,2025-01-08,2025,2025-01,0,-0.0003202863764369,0.4459175423899855,-0.0053653887654441,0,0,0,True,1.420850488142674,0.2217842937956608,0.5186569146001415,-1.9173483930397068,0.1666666666666666,0.9507165278135716,0.0833333333333333,0.428880210704907,0.5767026388091566,0.0492834721864283,2025-01,0.4459175423899855,False,0,0.108164915220029,0.0053653887654441,True,0,2025-01-02,1,0.3974842770949998,0.2258881464630362,0.3966922749132184,0.2202901045926053,-0.2309108543304503,0.4932574534273178,0.2202901045926053,-0.2309108543304503,-0.9672908257936632,-0.1886078589506845,-0.1397789881733508,0.051944548947509,-0.1852379578038887,0.3074045406619969,0.8709891857022807,0,True,,,,,,,,,,,,,,False,0,True,False,False,False,-3.1382091589072543,0,0,False,False,0
495,2025-01-06,2025-01-07,2025-01-09,2025,2025-01,1,0.0130424732264835,0.6699116411724705,0.0012412790776092,1,0,1,True,0.1213676186250066,0.6565090918292763,-0.002553704688479,-0.0775568306008952,0.0833333333333332,0.5535718658456472,0.1111111111111111,0.7377175099569507,0.1521220447583209,0.9999987744734644,2025-01,0.6699116411724705,False,1,0.3398232823449409,0.0012412790776092,True,0,2025-01-03,3,-0.1283070880379266,-0.1275732252558991,-0.3397593234790694,0.4780422462648119,0.2577521416722066,0.5382655450269223,-0.4780422462648119,-0.2577521416722066,0.672926559748454,0.259009119582954,0.1861794220656872,-0.2649766575309483,-0.2938582012701199,-0.2121956164797449,0.3881231842065087,1,True,,,,,,,,,,,,,,False,0,True,False,False,False,1.5965453798917166,1,1,False,False,0
496,2025-01-07,2025-01-08,2025-01-10,2025,2025-01,1,0.01316735310358,0.6401160248494436,0.0027333450112703,1,0,1,True,0.4092567810469322,0.4220388347384309,0.3063679044100111,-0.2393044154633391,0.25,0.5068987338166641,0.1428571428571428,0.540972366501895,0.2610664962742998,0.5259169188453003,2025-01,0.6401160248494436,False,1,0.2802320496988872,0.0027333450112703,True,0,2025-01-06,1,0.2952160260310528,0.6950730952169837,0.187694085164766,0.3292976588628762,-0.1487445874019357,-0.6214323989602588,-0.3292976588628762,0.1487445874019357,0.555599439442406,0.0600377206262578,0.0451567017621335,-0.1269191282314702,0.1499578857262408,0.4570891650874102,-0.823430378910412,1,True,,,,,,,,,,,,,,False,0,True,False,False,False,0.9099227103030324,1,1,False,False,0
497,2025-01-08,2025-01-09,2025-01-13,2025,2025-01,1,0.009881484801588,0.7170491721684592,0.00304027815113,1,0,1,True,0.4258646341177463,0.5590312131898759,0.8686167348005994,-0.6128396549275363,0.25,0.6543011932184577,0.2,0.7049581495917041,0.3550833280553788,0.7157390961691283,2025-01,0.7170491721684592,False,1,0.4340983443369184,0.00304027815113,True,0,2025-01-07,1,-0.0219267007982733,0.609853315260954,-0.1537926420953187,0.1886203643225197,-0.1406772945403565,-0.7656139559062837,-0.1886203643225197,0.1406772945403565,0.3747241193053441,0.1253510688168542,0.0961972079101253,0.0137581663088862,0.1418905928646616,0.0741242209350065,-0.9787410168121126,1,True,,,,,,,,,,,,,,False,0,True,False,False,False,1.383691676017598,1,1,False,False,0
498,2025-01-09,2025-01-10,2025-01-14,2025,2025-01,1,1.8752051006093896e-05,0.605856994063339,0.0019828700805746,1,0,1,True,0.5809944073226454,0.288886117558261,0.1287973564457566,-1.3119365314585458,-0.0833333333333333,0.7589585251784563,0.0666666666666666,0.6083629356215253,0.3361067002443321,0.5173752103305623,2025-01,0.605856994063339,False,1,0.211713988126678,0.0019828700805746,True,0,2025-01-08,1,0.3292479153710062,1.475194215319532,0.244057316243606,0.3154576933321495,0.1268373290096297,-0.2719773312592397,-0.3154576933321495,-0.1268373290096297,0.3285435873803746,0.0220218987091407,-0.0674051805966429,-0.0114146722788304,0.0986703526162425,0.2464580941270782,0.2568009677568338,1,True,,,,,,,,,,,,,,False,0,True,False,False,False,0.1566578200318855,1,1,False,False,0
499,2025-01-10,2025-01-13,2025-01-15,2025,2025-01,1,0.0026649040659097,0.6741702886998946,0.0042988566143336,1,0,1,True,0.8165734456783867,0.390175895774932,1.190641670355888,-1.0706206422738862,0.25,0.762737529824378,0.25,0.5529930860385054,0.4374243434389266,0.3970045537014567,2025-01,0.6741702886998946,False,1,0.3483405773997892,0.0042988566143336,True,0,2025-01-09,1,-0.1939073570493636,0.8927588388251512,-0.3682502429815354,0.5442210827245088,0.2287633893923592,1.2281900950607596,-0.5442210827245088,-0.2287633893923592,0.6620811454040191,0.179649430974557,0.0491844340273759,-0.22068956495474,-0.227550091068054,-0.0978564353160837,1.2588021818145616,1,True,,,,,,,,,,,,,,False,0,True,False,False,False,0.7641137100858578,1,1,False,False,0
500,2025-01-13,2025-01-14,2025-01-16,2025,2025-01,1,0.0102650676294333,0.2215789699184072,-0.0081151183264909,0,1,0,True,1.3865459192742824,0.1424411625321588,1.541834161837504,-1.5258676489747138,0.25,0.8685173592299872,0.5,0.5428470190723085,0.6760471526806379,0.1314826407700128,2025-01,0.2215789699184072,False,0,0.5568420601631856,0.0081151183264909,True,1,2025-01-10,3,0.6000316769809171,2.385291830253001,0.543967117877618,0.5265123753852131,-0.0177087073392956,2.313960406719256,0.5265123753852131,-0.0177087073392956,1.0198065989286924,-0.0525131745683565,0.0772170733505749,0.2789733863353292,0.0571017462492143,0.6510205653049521,2.229825676195381,0,False,,,,,,,,,,,,,,False,0,True,False,False,False,-3.5559405406600213,0,0,False,False,1
501,2025-01-14,2025-01-15,2025-01-17,2025,2025-01,1,0.0144096321804405,0.5502996425061837,0.0037570403016564,1,0,1,True,0.9663556244422165,0.3828703711010068,-0.110769936279913,-0.8371856698537531,0.25,0.9999981182466928,0.1111111111111111,0.4568007907047123,0.7069823012710388,0.7418662976608585,2025-01,0.5502996425061837,False,1,0.1005992850123673,0.0037570403016564,True,0,2025-01-13,1,-0.2910720627164878,1.517333399071994,-0.4928043748235556,0.5468603561387066,0.0203479807534935,1.1303020230197072,-0.5468603561387066,-0.0203479807534935,-0.7834399724716874,-0.093784956542076,0.1290511736935526,-0.3456951238316058,-0.0031781449099847,-0.1291989236601303,1.6751872531957952,1,True,,,,,,,,,,,,,,False,0,True,False,False,False,0.5664143020803601,1,1,False,False,0
502,2025-01-15,2025-01-16,2025-01-20,2025,2025-01,1,0.0077492462462329,0.5748035382823471,0.0039757161971243,1,0,1,True,0.5461808167808079,0.3928579423796509,-1.310348360230854,-0.8846705324297685,0.25,0.9999989950149276,0.125,0.55336471150698,0.3995535430805967,0.5686925246825,2025-01,0.5748035382823471,False,1,0.1496070765646941,0.0039757161971243,True,0,2025-01-14,1,-0.1323549734095372,1.1463573787837895,-0.2168296677670969,0.3533799167778911,-0.1934804393608155,-0.0408489411208762,-0.3533799167778911,0.1934804393608155,-1.494136315296843,-0.02918089235878,0.0427756058371996,-0.1227351282407984,0.2106502752043242,0.1383127407619397,0.5805834578393826,1,True,,,,,,,,,,,,,,False,0,True,False,False,False,0.5374928866653542,1,1,False,False,0
503,2025-01-16,2025-01-17,2025-01-21,2025,2025-01,1,0.0051392212728168,0.5966054564777374,0.0034058183572538,1,0,1,True,0.6256820578264524,0.2206110457267443,0.9341441701977778,-1.3448334862048972,0.25,0.7430607936061107,0.25,0.6778103592474581,0.331751049271231,0.2569382323224197,2025-01,0.5966054564777374,False,1,0.1932109129554748,0.0034058183572538,True,0,2025-01-15,1,-0.1389162708950184,0.7742828452990136,-0.2013053107303253,0.4098812130864689,0.0565012963085777,0.8856203581482976,-0.4098812130864689,-0.0565012963085777,0.6277762657877668,-0.2014277890116866,-0.2689786865228806,-0.0805835542235926,-0.0393314604650689,0.0549910861543452,0.9813335676167037,1,True,,,,,,,,,,,,,,False,0,True,False,False,False,-0.0108589164786856,1,1,False,False,0
504,2025-01-17,2025-01-20,2025-01-22,2025,2025-01,1,0.0201461458865224,0.4808047202363505,-0.0007988010321708,0,1,0,True,0.1560205797265156,0.338848389644467,-1.501076205870835,-0.6334304282357218,0.0833333333333333,0.871469430537368,0.125,0.4301556783712754,0.1422436015726416,0.1285305694626319,2025-01,0.6,True,1,0.1999999999999999,0.0007988010321708,False,0,2025-01-16,1,-0.0057569572234541,0.6919628130753605,0.0254868401944438,0.4117507324412067,0.0018695193547378,1.8297690844182064,0.4117507324412067,0.0018695193547378,-1.846235609233912,-0.0173761470906889,-0.1160411875719862,0.1875870207310346,-0.0291770841603365,-0.0245143382522385,1.3605543116450924,1,True,,,,,,,,,,,,,,False,0,True,False,False,False,2.053039596020887,1,0,False,False,0
505,2025-01-21,2025-01-22,2025-01-24,2025,2025-01,1,0.0180798559708558,0.7670095586036298,0.0086021519871559,1,0,1,True,1.5910577514687727,0.1709004056907716,0.7909767134572891,-1.2515312058631078,0.0,0.9999993071217173,0.0714285714285714,0.5440947553119505,0.5960244297202958,0.2484367592682334,2025-01,0.7670095586036298,False,1,0.5340191172072597,0.0086021519871559,True,0,2025-01-17,4,-0.1363193488568566,0.3452504470412184,-0.1427056314041404,0.3362895222781916,-0.0754612101630151,1.1855739443862052,-0.3362895222781916,0.0754612101630151,0.1503416183533104,-0.1504064493146729,-0.1783738894794285,-0.0184135789060728,0.1741700294592457,-0.3490757440806487,1.0313860158965225,1,True,,,,,,,,,,,,,,False,0,True,False,False,False,-2.6607736991349547,1,1,False,False,0
506,2025-01-22,2025-01-23,2025-01-27,2025,2025-01,1,0.0025148142974599,0.4883727586511004,-0.000834122131244,0,1,0,True,0.2642567602850663,0.4813734558369924,-0.4502328482372784,-0.2136996154876063,-0.1666666666666667,0.2373678022824833,0.0588235294117647,0.6310444842741953,0.146407066209581,0.7626321977175167,2025-01,0.4883727586511004,False,0,0.0232544826977991,0.000834122131244,True,1,2025-01-21,1,0.617064127150611,1.6803958269514148,0.7579480497708818,0.3902313345808586,0.0539418123026669,2.2272619912105927,0.3902313345808586,0.0539418123026669,-0.5696845483583235,-0.0023852043005167,0.2884116536107932,0.1753081050900403,0.0912426751417356,0.5906051551922236,2.183418694647105,0,False,,,,,,,,,,,,,,False,0,True,False,False,False,2.583127507040873,0,0,True,False,1
507,2025-01-23,2025-01-24,2025-01-28,2025,2025-01,0,-0.0012748367203989,0.5729150605516871,0.0032248882869927,1,1,1,True,0.6419541030464792,0.5080472743895561,-0.5578612264709416,-0.1966369977009812,-0.1666666666666666,0.8207308738315465,0.1,0.4636645340820471,0.545683326091249,0.9079379564689578,2025-01,0.5729150605516871,False,1,0.1458301211033741,0.0032248882869927,True,1,2025-01-22,1,-0.566397934886318,0.3491215410500113,-0.6071412502394669,0.457496763712973,0.0672654291321144,0.9569979459536148,-0.457496763712973,-0.0672654291321144,-0.3581149955363236,0.2191611568312951,0.3170094671189365,-0.1573603380649512,-0.0013197077519114,-0.7051093713383381,1.4857762449696883,1,False,,,,,,,,,,,,,,False,0,True,False,False,False,0.2801797584359052,1,1,False,False,1
508,2025-01-24,2025-01-27,2025-01-29,2025,2025-01,0,-0.0042130449536807,0.4384560250442814,-0.0005844462280935,0,0,0,True,0.1795661332224437,0.7859844547776432,-0.8594785281892592,-0.4520155084505012,-0.1666666666666667,0.4028937106076429,0.05,0.7165610209008189,0.0582249553864466,0.5971062893923571,2025-01,0.4384560250442814,True,0,0.1230879499114372,0.0005844462280935,True,0,2025-01-23,1,0.2285783888434931,0.793883377579984,0.2746436657857004,0.2901242236024844,-0.1673725401104885,0.5906064928963702,0.2901242236024844,-0.1673725401104885,-0.7140197449568036,0.3349125715981315,0.0861249788203667,0.012855654094,-0.1300716772714198,0.2021194168851057,0.5467631963328823,0,True,,,,,,,,,,,,,,False,0,True,False,False,False,2.0475150731746137,0,0,False,False,0
509,2025-01-27,2025-01-28,2025-01-30,2025,2025-01,1,0.0039853981789672,0.2624099443537039,-0.0082519877847033,0,1,0,True,1.2135925348333307,0.282668884447417,1.082694790667871,-0.6713622521080251,0.0833333333333333,0.8160727320485045,0.0714285714285714,0.3925552428424089,0.6047501330188544,0.1839272679514955,2025-01,0.2624099443537039,False,0,0.4751801112925922,0.0082519877847033,True,1,2025-01-24,3,0.1070065338431724,0.937081150727217,0.0795728788376774,0.2930550078864353,0.0029307842839508,0.908691535976594,0.2930550078864353,0.0029307842839508,0.2112231938964373,0.0102404180256372,0.1300220476903162,0.1826378031814368,0.0567048436010116,0.1237199212338708,1.0844393131303247,0,False,,,,,,,,,,,,,,False,0,True,False,False,False,0.5092738136664571,0,0,False,False,1
510,2025-01-28,2025-01-29,2025-01-31,2025,2025-01,1,0.0172717113276029,0.7007633454119825,0.0072562703116441,1,0,1,True,2.3808611097776806,0.1219556853116794,0.45695395437911,-2.580637203569137,0.0833333333333332,0.946914227507588,0.0625,0.4517957192821411,0.7659315378021738,0.1390312885089587,2025-01,0.7007633454119825,False,1,0.4015266908239649,0.0072562703116441,True,0,2025-01-27,1,0.1451046249216716,1.2634887966016752,0.0951182717028512,0.1662839260854562,-0.1267710818009791,0.8831207626873054,-0.1662839260854562,0.1267710818009791,-0.3340227590781791,-0.0771772982205925,-0.2101091792844186,0.1700055961927354,0.0513098716379639,0.3416003186029321,0.8435634818393515,1,True,,,,,,,,,,,,,,False,0,False,False,False,False,-4.828031123839241,1,1,False,False,0
511,2025-01-29,2025-01-30,2025-02-03,2025,2025-01,1,0.0125146810729162,0.437752028976643,-0.0010936871584874,0,1,0,True,0.2904089899376648,0.508000189797474,1.3594680452247825,-0.0884943288661661,0.25,0.3406332178579642,0.0714285714285714,0.4083352964636654,0.2286640822521632,0.6593667821420358,2025-01,0.437752028976643,False,0,0.1244959420467139,0.0010936871584874,True,1,2025-01-28,1,-0.0531682634825454,1.0593174248341526,-0.1594394114570715,0.224076471527125,0.0577925454416687,0.1353890352994806,0.224076471527125,0.0577925454416687,1.5684408791455584,0.1133642134192818,0.4881588600236873,-0.2192695360774376,-0.1195340538459358,-0.190973289470973,-0.2290246699712268,0,False,,,0.8225806451612903,,,,,,,,,,,False,0,False,False,False,False,1.647604619390482,0,0,False,False,1
512,2025-01-30,2025-01-31,2025-02-04,2025,2025-01,1,0.0125373868969427,0.7097045932676324,0.0071151627780716,1,0,1,True,1.5125000514546494,0.125796344975521,1.7224083385062472,-2.5655938456171805,0.3333333333333332,0.9570468881267484,0.1666666666666666,0.4383672449896174,0.551139418287596,0.1303393979216291,2025-01,0.7097045932676324,False,1,0.4194091865352647,0.0071151627780716,True,0,2025-01-29,1,-0.0208784154456189,0.9340687121882636,0.0068969147064862,0.6095913677690079,0.3855148962418828,-0.1742482565096194,-0.6095913677690079,-0.3855148962418828,1.042344294861289,-0.0628047288431594,-0.0987648202783933,-0.3445635853140492,-0.4048209351632052,0.09820282473272,0.0034611551328562,1,True,,,0.0,,,,,0.8225806451612903,,0.8225806451612903,,,,False,0,False,False,False,False,-3.865615747843494,1,1,False,False,0
513,2025-01-31,2025-02-03,2025-02-05,2025,2025-02,1,0.029056110044691,0.6259790956244353,0.0016987678065065,1,0,1,True,0.3045166268727854,0.5016314676408132,1.667549320807819,-0.1820124682230193,0.0,0.2851806773075374,0.25,0.5454735729202818,0.2440364147630602,0.8272769315606048,2025-02,0.6259790956244353,False,1,0.2519581912488706,0.0016987678065065,True,0,2025-01-30,1,-0.2345919366171447,0.1069149711518385,-0.3159205103531793,0.4134223367625003,-0.1961690310065076,1.0153903587311763,-0.4134223367625003,0.1961690310065076,2.061141930808017,0.1041314953944909,0.0134575791528276,-0.2475973771123727,0.1302052437117918,-0.318480465058963,0.636946626523801,1,True,,,1.0,,,,,0.0,0.8225806451612903,0.8225806451612903,,,,False,0,False,False,False,False,2.089319676828953,1,1,False,False,0
514,2025-02-03,2025-02-04,2025-02-06,2025,2025-02,1,0.0237131713873792,0.7038152508902474,0.0065049516740467,1,0,1,True,0.7107763836448212,0.3620576957241687,0.9288420248479808,-1.2301249864805202,0.0,0.7241356676866819,0.1428571428571428,0.6158811362734835,0.3280289923429023,0.433602354681358,2025-02,0.7038152508902474,False,1,0.4076305017804948,0.0065049516740467,True,0,2025-01-31,3,-0.3257705629499803,-1.2835501788878594,-0.3144650715938873,0.4154058237946191,0.0019834870321188,0.7980044917351125,-0.4154058237946191,-0.0019834870321188,-0.018825706128894,0.0271690459480147,0.0133713363174943,-0.1468518834732725,0.0493121308592092,-0.1822403875826257,1.8938886299250952,1,True,,,0.0,,,,,1.0,0.0,1.0,,,,False,0,False,False,False,False,0.97394779598188,1,1,False,False,0
515,2025-02-04,2025-02-05,2025-02-07,2025,2025-02,1,0.0187517048878598,0.8094298832834125,0.0076043136780183,1,0,1,True,1.2773348331265924,0.2078837938056773,0.5554909969490157,-1.553902258377774,0.0833333333333332,0.92564966818986,0.0833333333333333,0.4939074670913165,0.6783106268106879,0.3383699963716847,2025-02,0.8094298832834125,False,1,0.618859766566825,0.0076043136780183,True,0,2025-02-03,1,0.0931168653284952,-0.9573162944665,0.1909777760432188,0.4985631576723154,0.0831573338776962,0.8765170370352723,-0.4985631576723154,-0.0831573338776962,-0.2354857165082734,-0.0321432270711173,0.0899332371034513,-0.1806872143001966,-0.1586185440407113,0.2819331947496053,1.538994905760704,1,True,,,0.0,,,,,0.0,1.0,1.0,,,,False,0,False,False,False,False,-2.575475914369631,1,1,False,False,0
516,2025-02-05,2025-02-06,2025-02-10,2025,2025-02,1,0.0075398798963989,0.4721274141265714,-0.0010178674885219,0,1,0,True,0.1535565045819944,0.6507975415244769,-1.195550281944903,0.4299175436236631,-0.0833333333333332,0.328326047278016,0.125,0.4106984698673511,0.0747405437914899,0.6716739527219839,2025-02,0.4721274141265714,False,0,0.0557451717468572,0.0010178674885219,True,1,2025-02-04,1,-0.1992510955937909,-1.9914603319631492,-0.0909926329604321,0.3853276353276353,-0.1132355223446801,-0.3895960570367315,0.3853276353276353,-0.1132355223446801,-1.6627492451214871,0.1670388813869677,0.2010709411668602,0.0952034117251508,-0.0759346595056114,-0.4278294844372841,-0.8588108298098452,0,False,,,0.9583333333333333,,,,,0.0,0.0,0.0,,,,False,0,False,False,False,False,1.881447437384574,0,0,False,False,1
517,2025-02-06,2025-02-07,2025-02-11,2025,2025-02,1,0.0158289034061394,0.5770617296903839,-0.0011862282673975,0,1,1,False,0.1644002370114978,0.3215051759487531,0.6841250305226623,-0.6008986586625513,-0.0,0.527901327140548,0.1428571428571428,0.6226278755361259,0.1143734676282683,0.4720986728594519,2025-02,0.5770617296903839,False,1,0.1541234593807678,0.0011862282673975,False,0,2025-02-05,1,0.1515551394803527,-1.2085792222265348,0.2890301685359606,0.390998309660166,0.0056706743325307,0.351508033279618,0.390998309660166,0.0056706743325307,0.2129789789333597,-0.1689074407192123,0.0014956613043282,0.1668345979499938,0.0429715371715994,0.0715336445995067,0.30766473671613,1,True,,,,,,,,,,,,,,False,0,False,False,False,False,2.471703387497117,1,0,False,False,0
518,2025-02-07,2025-02-10,2025-02-12,2025,2025-02,1,0.005878482266207,0.3931662476020213,-0.0028516763124768,0,1,0,True,0.3267881764798975,0.4132683835946704,-1.2499888371377224,-0.0576637774618838,-0.0833333333333332,0.8018348676777273,0.125,0.7257637813974659,0.3323612294112422,0.1981651323222727,2025-02,0.3931662476020213,False,0,0.2136675047959574,0.0028516763124768,True,1,2025-02-06,1,-0.0111767795622998,-1.2411078337914072,0.0918115385081137,0.5074542247606249,0.1164559151004588,0.7907038991853167,0.5074542247606249,0.1164559151004588,-1.384929591678277,0.0874701591320519,-0.0770004381497523,0.1881853308601686,0.0219318778682966,-0.0911982744431458,0.7468606026218287,0,False,,,0.0,,,,,0.9583333333333333,0.0,0.9583333333333333,,,,False,0,False,False,False,False,1.5447252011732342,0,0,False,False,1
519,2025-02-10,2025-02-11,2025-02-13,2025,2025-02,1,0.0075348713617664,0.5124011994806379,0.0017070997393187,1,0,1,True,0.402334989359647,0.1723542900536293,0.5822433456080761,-2.3351521912993,0.5833333333333333,0.9771598600374302,0.1666666666666666,0.4543678029093678,0.1021536397898224,0.1647885766901087,2025-02,0.5124011994806379,False,1,0.0248023989612757,0.0017070997393187,True,0,2025-02-07,3,0.1391890782738443,-0.5804462335310089,0.1974943649332889,0.3714301776478524,-0.1360240471127723,-0.2364929729855591,-0.3714301776478524,0.1360240471127723,0.1889243214423747,-0.2205036523260216,-0.4039039479923912,-0.0527203567982313,0.1195452065016984,0.2715440516833816,-0.6306007569123252,1,True,,,0.0,,,,,0.0,0.9583333333333333,0.9583333333333333,,,,False,0,False,False,False,False,-2.462384327036842,1,1,False,False,0
520,2025-02-11,2025-02-12,2025-02-14,2025,2025-02,1,0.0106760753284939,0.397954976292515,-0.0019513976049196,0,1,0,True,0.2901613979472053,0.4188497131069151,-0.4499188326035029,-1.299272591792806,-0.0,0.8175710962050333,0.0476190476190476,0.4661550818593071,0.1274845269536114,0.1824289037949667,2025-02,0.397954976292515,False,0,0.20409004741497,0.0019513976049196,True,1,2025-02-10,1,-0.1240430775670518,-1.0585892538800374,-0.158729719152372,0.3941609589041095,0.0227307812562571,1.4053668253028802,0.3941609589041095,0.0227307812562571,-0.917117795780087,-0.064908947030594,-0.2253182464892084,0.0655899258725731,0.0159326759472709,-0.3083388781883833,0.9361520525297664,0,False,,,0.0,,,,,0.0,0.0,0.0,,,,False,0,False,False,False,False,0.1685100724153518,0,0,False,False,1
521,2025-02-12,2025-02-13,2025-02-17,2025,2025-02,1,0.0051370420238936,0.6432646026499665,0.006019627695128,1,0,1,True,1.1190383013691685,0.3443252593508593,-0.1017024760819947,-1.1441633515317329,-0.0833333333333333,0.9999988152293724,0.0454545454545454,0.4972011745824832,0.7131878083270643,0.7709157661087382,2025-02,0.6432646026499665,False,1,0.2865292052999331,0.006019627695128,True,0,2025-02-11,1,0.2739898838065961,0.1793641836237576,0.2827352308003853,0.1954443938736412,-0.1987165650304683,0.6871180856137632,-0.1954443938736412,0.1987165650304683,-0.6833524294039907,0.0171723293584044,0.248124372540059,0.2006291232525074,0.2646622864106713,0.135278447354576,0.5112702405490956,1,True,,,0.0,,,,,0.0,0.0,0.0,,,,False,0,False,False,False,False,-0.7236227961014411,1,1,False,False,0
522,2025-02-13,2025-02-14,2025-02-18,2025,2025-02,0,-0.0029521329989231,0.6166163242587182,0.0044490910749299,1,1,1,True,0.7957112381988838,0.3730411556983231,-0.1889176348429583,-0.6283191924257199,0.1666666666666667,0.9938605583215928,0.1111111111111111,0.4741316530296077,0.5326465036095692,0.4088503594228314,2025-02,0.6166163242587182,False,1,0.2332326485174363,0.0044490910749299,True,1,2025-02-12,1,-0.1221914349481814,-0.3074017455966628,-0.2080942838344697,-0.113530212202567,-0.3089746060762082,0.1452908928174642,0.113530212202567,0.3089746060762082,-1.101761709836034,0.1294426914437935,0.1519121271004117,0.523411425289036,0.2608832315974412,0.039681704108176,1.1161846176108672,1,False,,,0.0,,,,,0.0,0.0,0.0,,,,False,0,False,False,False,False,1.6517124068729006,1,1,False,False,1
523,2025-02-14,2025-02-17,2025-02-19,2025,2025-02,1,0.0021589652156889,0.0979080850888371,-0.0181241750096035,0,1,0,True,2.0373713488883194,0.1054541061507032,0.5215907807657582,-1.8756426055886937,0.25,0.9674493001587596,0.5,0.701237660028592,0.955064003359501,0.0325506998412402,2025-02,0.0979080850888371,False,0,0.8041838298223258,0.0181241750096035,True,1,2025-02-13,1,-0.1114417159317415,-0.7575093753211665,-0.142595249932323,0.2132615803468061,0.3267917925493731,-0.1210014085284319,0.2132615803468061,0.3267917925493731,-0.5604496811310219,-0.0032896629509339,-0.0136713331389674,0.0931026336651146,0.5200101856046567,0.0673802628225086,0.0529893318919305,0,False,,,0.9761904761904762,,,,,0.0,0.0,0.0,,,,False,0,False,False,False,False,-3.756752601634466,0,0,False,False,1
524,2025-02-18,2025-02-19,2025-02-21,2025,2025-02,1,0.0071422146361465,0.780529081871517,0.0077257741774001,1,0,1,True,1.759325778701442,0.0940044344447671,0.5287656742588337,-1.9055629806298275,0.3333333333333332,0.9863475239493824,0.0476190476190476,0.5491568470363534,0.5628870756084916,0.085238878530577,2025-02,0.780529081871517,False,1,0.5610581637430341,0.0077257741774001,True,0,2025-02-14,4,0.2325004921664017,0.2924584036098556,0.2213999454397086,0.0304204611509397,-0.1828411191958663,1.6659669471317096,-0.0304204611509397,0.1828411191958663,-0.3955241485049675,-0.0317919105307539,-0.0726000425083723,0.2448824215749193,0.1675967019624584,0.0672335272819619,1.6264096662837555,1,True,,,0.0,,,,,0.9761904761904762,0.0,0.9761904761904762,,,,False,0,False,False,False,False,-4.670625873560226,1,1,False,False,0
525,2025-02-19,2025-02-20,2025-02-24,2025,2025-02,0,-0.001291419040994,0.4852256898231089,-0.0041368175817195,0,0,0,True,0.6452346694148534,0.3932737961115308,1.4491776950442006,0.0138259582766343,-0.0833333333333332,0.5628364423157599,0.0476190476190476,0.4897537925604753,0.562835081764876,0.4371635576842401,2025-02,0.4852256898231089,False,0,0.0295486203537822,0.0041368175817195,True,0,2025-02-18,1,-0.0253566232389399,0.1644777319287318,-0.0551194527441445,0.1384952224562405,0.1080747613053008,0.0483121937882259,0.1384952224562405,0.1080747613053008,1.1794161548926918,-0.1397211391277915,0.0294164074000649,-0.1807736714442157,0.0557026834994253,-0.2217719872287862,-0.3521477103907832,0,True,,,0.0,,,,,0.0,0.9761904761904762,0.9761904761904762,,,,False,0,False,False,False,False,1.895184572108929,0,0,False,False,0
526,2025-02-20,2025-02-21,2025-02-25,2025,2025-02,0,-0.0037319172759081,0.4281189041691839,-0.0040975345761147,0,0,0,True,0.817698507732795,0.4452510095137236,0.9724912674425876,-0.4847982098161195,-0.25,0.7023666525997448,0.0588235294117647,0.5911860086380994,0.5684715997371702,0.2976333474002551,2025-02,0.4281189041691839,False,0,0.1437621916616321,0.0040975345761147,True,0,2025-02-19,1,-0.2884406906955536,-1.1365663418276204,-0.3379408110663807,-0.1549165851079387,-0.2934118075641793,0.2550592682674081,-0.1549165851079387,-0.2934118075641793,0.0035918890766581,0.0703757729534959,-0.1132108580689025,-0.5958796966992337,-0.3910789602264274,-0.4700846204488478,0.2148539274300717,0,True,,,0.0,,,,,0.0,0.0,0.0,,,,False,0,False,False,False,False,2.270203578891595,0,0,False,False,0
527,2025-02-21,2025-02-24,2025-02-26,2025,2025-02,0,-0.0055277597650055,0.6120381138049578,0.002274378061827,1,1,1,True,0.4760405313056988,0.5839044991299903,-0.5560448212503132,-0.4131648478441972,0.25,0.6851238301189498,0.0476190476190476,0.4572150373241581,0.3591813729682973,0.9855029204105532,2025-02,0.6120381138049578,False,1,0.2240762276099155,0.002274378061827,True,1,2025-02-20,1,0.0187188041322148,-0.9778859975403136,0.0817047986618177,0.0735315985130111,0.2284481836209499,-0.0242995215856499,-0.0735315985130111,-0.2284481836209499,-0.8624127256603242,0.1618656643915594,0.4168103957280532,0.2557660603498651,-0.3771927710228856,0.1576350750272332,0.0165494195352263,1,False,,,0.8804347826086957,,,,,0.0,0.0,0.0,,,,False,0,False,False,False,False,1.0310707143882658,1,1,False,False,1
528,2025-02-24,2025-02-25,2025-02-27,2025,2025-02,0,-0.0167863687019774,0.6090023513767723,0.0028319331175685,1,1,1,True,0.3710627312955211,0.4529450438866436,-1.057293460893914,-0.7231111487360841,0.1666666666666667,0.9299665322238811,0.125,0.5566993438233104,0.3149128236334521,0.6761396843959647,2025-02,0.6090023513767723,False,1,0.2180047027535445,0.0028319331175685,True,1,2025-02-21,3,-0.0514724364691634,-1.1693874116592984,-0.0166684897556397,0.0168352949273866,-0.0566963035856245,-0.4999226464807562,-0.0168352949273866,0.0566963035856245,-0.381813196456981,0.0286082328835997,-0.193633447675309,0.3124623639354896,0.0813403647654133,0.0155884006062123,-0.4042094370123501,1,False,,,0.8297872340425532,,,,,0.8804347826086957,0.0,0.8804347826086957,,,,False,0,False,False,False,False,-0.1602892920322411,1,1,False,False,1
529,2025-02-25,2025-02-26,2025-02-28,2025,2025-02,0,-0.0277956017260641,0.293825986518533,-0.0082065197797032,0,0,0,True,0.7001640859213419,0.2307143325380749,1.234274350369816,-0.6734546834692189,0.0833333333333333,0.6689945130421597,0.2,0.7280893956918105,0.4273459292248422,0.3310054869578402,2025-02,0.293825986518533,False,0,0.412348026962934,0.0082065197797032,True,0,2025-02-24,1,-0.0026651627625096,-1.0695179042736862,0.0201449280584984,0.1735816874906935,0.1567463925633068,-0.4617359462764905,0.1735816874906935,0.1567463925633068,0.1551735766024864,-0.1137088659940951,0.2187403846488585,-0.1881244557573956,0.184726335046443,0.0856656723378481,-0.5009526557949588,0,True,,,0.0,,,,,0.8297872340425532,0.8804347826086957,0.8804347826086957,,,,False,0,False,False,False,False,1.475468889809162,0,0,False,False,0
530,2025-02-26,2025-02-27,2025-03-03,2025,2025-02,0,-0.0156701812462371,0.5242227834104334,0.0010739098293495,1,1,1,True,0.2059935883532478,0.4560567651801959,-0.1730723687867786,-0.0519715974751669,0.0833333333333332,0.6676520767290481,0.0625,0.5190946643949547,0.1429549261528124,0.9999986688367846,2025-02,0.5242227834104334,False,1,0.0484455668208667,0.0010739098293495,True,1,2025-02-25,1,0.3851207853470857,0.8321098095813724,0.4549640071538761,0.1175414455147107,-0.0560402419759828,-0.2907792430497486,-0.1175414455147107,0.0560402419759828,0.1486869067240979,-0.116696378658585,0.0636556724224374,0.2183283021493636,-0.0623114227315692,0.1907602814418876,-0.3691601838681833,1,False,,,0.0,,,,,0.0,0.8297872340425532,0.8297872340425532,,,,False,0,False,False,False,False,1.4016834058885923,1,1,False,False,1
531,2025-02-27,2025-02-28,2025-03-04,2025,2025-02,1,0.0068754848025235,0.3535014114748026,-0.0036290744479856,0,1,0,True,0.4418762998893214,0.1991639347240386,0.8442607566866752,-0.5876884951365541,0.1666666666666666,0.8983246581055552,0.0769230769230769,0.5480636141282943,0.2233084459767057,0.1016753418944448,2025-02,0.3535014114748026,False,0,0.2929971770503948,0.0036290744479856,True,1,2025-02-26,1,-0.3763099039466588,-0.9647808701861093,-0.3885621638570736,0.0451346760495025,-0.0724067694652081,-4.07891823760925,0.0451346760495025,-0.0724067694652081,0.499101353323598,-0.1299164992605251,-0.1428964151401733,-0.2074188258960227,-0.0792048747741942,-0.3317834794033185,-4.594359998878119,0,False,,,0.0,,,,,0.0,0.0,0.0,,,,False,0,False,False,False,False,-2.406824117686708,0,0,False,False,1
532,2025-02-28,2025-03-03,2025-03-05,2025,2025-03,1,0.0194846191212378,0.4412050872411775,-0.001755276772787,0,1,0,True,0.1999094930081822,0.4565414559012031,0.7913565572864985,-0.2675262120852879,0.1666666666666666,0.4561261245653242,0.1428571428571428,0.571348491608262,0.1166477250294266,0.5438738754346758,2025-03,0.4412050872411775,True,0,0.1175898255176449,0.001755276772787,True,1,2025-02-27,1,0.2321695549555755,0.4549231429264688,0.2374911376953818,0.2847520341997018,0.2396173581501993,-1.2166508940769465,0.2847520341997018,0.2396173581501993,0.6316996622283919,0.0939405215406815,0.2993021184000577,-0.1576023475428615,0.0622907588625946,0.0087110745145668,-1.5810645993476538,0,False,0.7857142857142857,0.5714285714285714,0.9509803921568627,,,,,0.0,0.0,0.0,0.7857142857142857,,,False,0,False,False,False,False,2.6752509238266677,0,0,True,False,1
533,2025-03-03,2025-03-04,2025-03-06,2025,2025-03,1,0.0115774530130439,0.7971405631691273,0.0089086982854826,1,0,1,True,1.393842146394574,0.2177202523137689,0.8320087429647876,-1.5871149657948298,0.1666666666666667,0.999999195052336,0.3333333333333333,0.5295233439110336,0.7171035874471677,0.2746744963085756,2025-03,0.7971405631691273,False,1,0.5942811263382546,0.0089086982854826,True,0,2025-02-28,3,0.0252335769618881,0.8493214706376825,-0.0121349904629777,-0.1699424024701621,-0.454694436669864,-0.5835828422438939,0.1699424024701621,0.454694436669864,0.2765177460157718,0.0098364585080915,0.0785001015204704,0.5498701699502409,0.4463332914039813,0.145313145575729,-0.5467057098494391,1,True,0.20454545454545453,0.25,0.9615384615384615,0.7857142857142857,,0.5714285714285714,,0.9509803921568627,0.0,0.9509803921568627,0.25,0.7857142857142857,-0.5357142857142857,False,0,False,False,False,False,-2.0112493972308245,1,1,False,False,0
534,2025-03-04,2025-03-05,2025-03-07,2025,2025-03,1,0.0023670273997429,0.5902060179101719,-7.195179148045128e-05,0,1,1,False,0.0089070466580437,0.5695620531962619,1.0061809072978225,1.2026052014834454,-0.1666666666666667,0.1742129098960207,0.0714285714285714,0.6058421723030339,0.0053147596615593,0.8257870901039792,2025-03,0.5902060179101719,False,1,0.1804120358203438,7.195179148045128e-05,False,0,2025-03-03,1,-0.1300725520040018,-0.04303901695483,-0.182782322115078,-0.0308041693355849,0.1391382331345771,-1.4923196639956928,-0.0308041693355849,0.1391382331345771,0.676484548207066,0.0791494365282963,0.2286808007116221,-0.3209283929380694,0.1764390959736458,-0.1321977144201387,-1.536162960559181,1,True,,,,,,,,,,,,,,False,0,False,False,False,False,1.6422007788563198,1,0,False,False,0
535,2025-03-05,2025-03-06,2025-03-10,2025,2025-03,0,-0.0053610218092385,0.7116820655517223,-1.7146371172671593e-05,0,0,1,False,0.0020413925587965,0.4351255606010741,0.1448401510717107,0.0044809896043013,-0.0833333333333332,0.209430111438012,0.125,0.579308179111123,0.0021023654730161,0.790569888561988,2025-03,0.7116820655517223,False,1,0.4233641311034446,1.7146371172671593e-05,False,1,2025-03-04,1,0.0492496655243659,0.2842988617699476,0.0220213732615881,0.1889620121196325,0.2197661814552174,-3.1248255715417224,0.1889620121196325,0.2197661814552174,-0.1848562080190458,-0.0159463225784375,0.275433869006691,-0.2053271317136123,0.1390685084827447,0.056125242356428,-2.8918132177953715,1,False,,,,,,,,,,,,,,False,0,False,False,False,False,3.4578462479282384,1,0,False,False,1
536,2025-03-06,2025-03-07,2025-03-11,2025,2025-03,1,0.0040584052539553,0.7923494334522677,0.0057877281592277,1,0,1,True,1.082301672375442,0.5606188514239522,1.525264369708973,0.5624921106037682,-0.0833333333333333,0.5379072654964969,0.0666666666666666,0.4337470122186356,0.5379072654964969,0.9999990706072388,2025-03,0.7923494334522677,False,1,0.5846988669045354,0.0057877281592277,True,0,2025-03-05,1,-0.022215850894522,0.0932846908349176,0.0177300808072441,0.2579559981161273,0.0689939859964947,-2.5510768829464867,-0.2579559981161273,-0.0689939859964947,0.5775966387320981,0.3262659578524028,0.5797680522433751,0.0105979422052193,0.0063193673058682,0.1906162220161853,-1.7725339268054183,1,True,0.9130434782608696,0.32608695652173914,0.9433962264150944,0.20454545454545453,0.7857142857142857,0.25,0.5714285714285714,0.9615384615384615,0.9509803921568627,0.9615384615384615,0.9130434782608696,0.25,0.6630434782608696,False,0,False,False,False,False,0.0591130932761857,1,1,False,True,0
537,2025-03-07,2025-03-10,2025-03-12,2025,2025-03,0,-0.0016803556705022,0.5049735308650436,-0.0041913149160475,0,0,1,False,0.617210633478646,0.5264806664083856,-0.0339757671477687,-0.0111332188953767,-0.0,0.7919400048676686,0.125,0.5796105912241243,0.5547635077148092,0.2080599951323314,2025-03,0.5049735308650436,False,1,0.0099470617300871,0.0041913149160475,False,1,2025-03-06,1,-0.0769906821830517,-0.6248260988066201,-0.1078635610917128,0.2927921813492602,0.0348361832331329,-2.1855277183168504,0.2927921813492602,0.0348361832331329,-0.3037373072992775,0.1332068702968548,-0.0369849156996889,0.0737921813492602,-0.0732385780721678,0.0021126521678418,-2.340001263317521,1,False,,,,,,,,,,,,,,False,0,False,False,False,False,1.4573830869744708,1,0,False,False,1
538,2025-03-10,2025-03-11,2025-03-13,2025,2025-03,1,0.0145553516779191,0.5613746870780143,-0.0029961748737399,0,1,1,False,0.398927570070824,0.3860419846111818,-1.3299515073880768,-0.9934899844095436,0.3333333333333333,0.8712489961453572,0.0833333333333333,0.5092061330622797,0.2812719091244046,0.1287510038546428,2025-03,0.5613746870780143,False,1,0.1227493741560286,0.0029961748737399,False,0,2025-03-07,3,0.4898676569267586,3.375736019390693,0.5208268254458229,0.0379037903790379,-0.2548883909702223,-1.825457277824768,0.0379037903790379,-0.2548883909702223,-1.4896084024461833,-0.0298006735677794,-0.0424569182637057,-0.4044505913635254,-0.3535052126706786,0.352062630938331,-1.9072200002259687,1,True,,,,,,,,,,,,,,False,0,False,False,False,False,1.1845835202518753,1,0,False,False,0
539,2025-03-11,2025-03-12,2025-03-14,2025,2025-03,1,0.0292243414539535,0.666177468830135,0.0019533900068289,1,0,1,True,0.7108056152062191,0.1722455157828856,0.3438048029947664,-2.239558960538236,0.3333333333333332,0.9177464304883602,0.0434782608695652,0.4895669374241121,0.167988394863214,0.1364302473903195,2025-03,0.666177468830135,False,1,0.3323549376602699,0.0019533900068289,True,0,2025-03-10,1,-0.051966750273408,2.24429391289428,-0.1139343977473178,0.1823125159080917,0.1444087255290538,-0.8035507210668771,-0.1823125159080917,-0.1444087255290538,-0.5248119318058331,-0.2497933189555453,-0.3894866714549808,0.1469851429547845,-0.119764664349265,0.0869495206216104,-1.016677781972706,1,True,0.3125,0.2708333333333333,0.0,0.9130434782608696,0.20454545454545453,0.32608695652173914,0.25,0.9433962264150944,0.9615384615384615,0.9615384615384615,0.3125,0.9130434782608696,-0.6005434782608696,False,0,False,False,False,False,-3.3891913045030364,1,1,False,False,0
540,2025-03-12,2025-03-13,2025-03-17,2025,2025-03,1,0.0279387011661427,0.7179402159567945,0.0038458993671985,1,0,1,True,0.7440797623618343,0.3170237598904967,-0.7626042530551581,-1.2253548503383358,0.0,0.8743901240781945,0.0833333333333333,0.4416378226086925,0.4573482176360836,0.3125395777368383,2025-03,0.7179402159567945,False,1,0.4358804319135889,0.0038458993671985,True,0,2025-03-11,1,-0.130581302045325,1.1320744946364725,-0.2081701098653536,0.2426931991633218,0.0603806832552301,-1.1728696095433675,-0.2426931991633218,-0.0603806832552301,-1.691446277903139,0.0734252956359672,-0.0214701770190023,0.04740261125677,-0.1084720577339971,0.0131566880492357,0.1146902796912512,1,True,0.42000000000000004,0.38,0.0,0.3125,0.9130434782608696,0.2708333333333333,0.32608695652173914,0.0,0.9433962264150944,0.9433962264150944,0.42000000000000004,0.3125,0.10750000000000004,False,0,False,False,False,False,1.0083013578270226,1,1,False,False,0
541,2025-03-13,2025-03-14,2025-03-18,2025,2025-03,1,0.0258296223774464,0.893219782772932,0.0159583297403056,1,0,1,True,1.8760002022215685,0.0835534630833361,0.3766799048060963,-1.752975549855373,0.1666666666666667,0.9999994666605644,0.0625,0.6967138540418488,0.8511206574262473,0.1886312347740357,2025-03,0.893219782772932,False,1,0.786439565545864,0.0159583297403056,True,0,2025-03-12,1,0.0927286981999131,1.5754475252584466,0.0511060838938227,0.0859961935289993,-0.1566970056343225,-0.8008480123295031,-0.0859961935289993,0.1566970056343225,-0.4246723400007287,-0.0141604558145727,0.0324167559984545,0.2383385242067336,0.094076920365707,-0.1875505157752268,-2.147828268117776,1,True,0.15384615384615385,0.21153846153846154,0.0,0.42000000000000004,0.3125,0.38,0.2708333333333333,0.0,0.0,0.0,0.21153846153846154,0.42000000000000004,-0.2084615384615385,False,0,False,False,False,False,-3.923457554663153,1,1,False,False,0
542,2025-03-14,2025-03-17,2025-03-19,2025,2025-03,1,0.0113195935082726,0.4546764224424815,-0.0026664131804583,0,1,0,True,0.609129906680872,0.5376178732843603,0.5448612298457124,-0.0344322026878647,-0.0833333333333332,0.9070136418692444,0.0555555555555555,0.4314912366460328,0.5247182396191992,0.0929863581307554,2025-03,0.4546764224424815,False,0,0.0906471551150369,0.0026664131804583,True,1,2025-03-13,1,0.1816142820141202,2.501309264570005,0.1170027578891428,0.2877268329518371,0.2017306394228378,0.9828629012594148,0.2877268329518371,0.2017306394228378,0.353375101599099,0.0046229380450379,-0.2458956008422154,0.1492316104955965,0.0793320178654756,0.3994012908193589,0.8283893562587441,0,False,0.5185185185185185,0.35185185185185186,0.7982456140350878,0.15384615384615385,0.42000000000000004,0.21153846153846154,0.38,0.0,0.0,0.0,0.5185185185185185,0.21153846153846154,0.3069800569800569,False,0,False,False,False,False,0.1588574262230827,0,0,False,False,1
543,2025-03-17,2025-03-18,2025-03-20,2025,2025-03,1,0.0099795758779841,0.6734698771462392,0.0042305259982224,1,0,1,True,0.72854393674095,0.4141507909181213,0.4323245601507427,-1.0642446644943244,0.3333333333333332,0.9999983818484428,0.1111111111111111,0.5200707853767502,0.6845632232439812,0.6455114885730275,2025-03,0.6734698771462392,False,1,0.3469397542924783,0.0042305259982224,True,0,2025-03-14,3,-0.4352865001539641,-0.0875332449751571,-0.5516190171183759,0.2319887527856299,-0.0557380801662072,0.4403835797689384,-0.2319887527856299,0.0557380801662072,-0.0962359648011261,0.0239748951431892,0.2485069348715708,-0.0433683884631101,0.1774613231381872,-0.383319749880556,-0.3614329268816211,1,True,0.4464285714285714,0.625,0.0,0.5185185185185185,0.15384615384615385,0.35185185185185186,0.21153846153846154,0.7982456140350878,0.0,0.7982456140350878,0.625,0.5185185185185185,0.10648148148148151,False,0,False,False,False,False,-0.2557081111591496,1,1,False,True,0
544,2025-03-18,2025-03-19,2025-03-21,2025,2025-03,1,0.003171983495517,0.6280530258674174,0.0024946999465704,1,0,1,True,0.5324758300409019,0.2344303814874553,-0.3294263183500699,-1.3839778640726323,0.25,0.9483129744460658,0.0833333333333333,0.5113456585136396,0.2081486787336777,0.1741370640660001,2025-03,0.6280530258674174,False,1,0.2561060517348348,0.0024946999465704,True,0,2025-03-17,1,-0.2990474425037916,-1.628500719351354,-0.2303491280520589,-0.0142797494780793,-0.2462685022637092,-0.951776579076556,0.0142797494780793,0.2462685022637092,-0.635794222760081,-0.1876084532509756,-0.3945554606164999,0.3435774083409555,0.0975239148617735,-0.1601311716087732,-0.9109276379556795,1,True,0.3275862068965517,0.8620689655172413,0.0,0.4464285714285714,0.5185185185185185,0.625,0.35185185185185186,0.0,0.7982456140350878,0.7982456140350878,0.8620689655172413,0.625,0.23706896551724133,False,0,False,False,False,False,-1.0310951017491128,1,1,False,True,0
545,2025-03-19,2025-03-20,2025-03-24,2025,2025-03,0,-0.0012367565578561,0.7676443058270566,0.0073016442710152,1,1,1,True,1.096618056392091,0.3466350074971199,-0.8544528037306445,-0.5391448224033955,0.0,0.9784537873947484,0.0769230769230769,0.6306668025129655,0.9784537873947484,0.8455979136795271,2025-03,0.7676443058270566,False,1,0.5352886116541131,0.0073016442710152,True,1,2025-03-18,1,0.2678933686201556,-0.1614967760905836,0.3860078215179651,0.2394093297713061,0.2536890792493854,0.7022927431583394,-0.2394093297713061,-0.2536890792493854,-1.8021205347075195,0.1387512136914425,0.5072279173078424,0.0291446105500405,-0.1705317453716892,0.2901092195146777,1.4808356992994076,1,False,0.44999999999999996,0.5166666666666666,0.0,0.3275862068965517,0.4464285714285714,0.8620689655172413,0.625,0.0,0.0,0.0,0.5166666666666666,0.8620689655172413,-0.3454022988505747,False,0,False,False,False,False,-0.3002983407876742,1,1,False,False,1
546,2025-03-20,2025-03-21,2025-03-25,2025,2025-03,0,-0.0016039556646208,0.5400446217127486,0.000903608092118,1,1,1,True,0.1814614021192363,0.5872999265318772,-0.3993593899123404,0.5052423694974161,0.0,0.5788146736035165,0.125,0.4060892233474166,0.1361967961634845,0.9999984927448377,2025-03,0.5400446217127486,False,1,0.0800892434254971,0.000903608092118,True,1,2025-03-19,1,-0.2203871457329942,-1.1938043622103116,-0.1819676269682809,-0.0591258574596398,-0.2985351872309459,-0.1272978064785912,0.0591258574596398,0.2985351872309459,0.1128691398721201,0.0407548502437503,0.0969204804147076,0.2721914461935034,0.1879483899987234,-0.5011009321352766,-0.5057415386859666,1,False,0.9516129032258065,0.8064516129032258,0.7049180327868853,0.44999999999999996,0.3275862068965517,0.5166666666666666,0.8620689655172413,0.0,0.0,0.0,0.9516129032258065,0.5166666666666666,0.4349462365591399,False,0,False,False,False,False,1.8803659192122013,1,1,False,False,1
547,2025-03-21,2025-03-24,2025-03-26,2025,2025-03,0,-0.0031223437969853,0.3512857633517415,-0.0030378430711479,0,0,0,True,0.2982437195396689,0.1559225910201766,0.8210152478132591,-0.1936375155534395,-0.0,0.5656085373336375,0.1428571428571428,0.855541642012557,0.2310620515051654,0.4343914626663624,2025-03,0.3512857633517415,True,0,0.297428473296517,0.0030378430711479,True,0,2025-03-20,1,0.0291217240920289,-1.026396652377958,0.1301644116433237,0.0435184812774001,0.1026443387370399,0.0279583297801826,0.0435184812774001,0.1026443387370399,0.6295291195666457,-0.3038293468114461,0.2585232588934891,-0.2850525517541362,0.0219466657645672,0.1059965773836744,0.1516962582314188,0,True,0.765625,0.765625,0.9112903225806452,0.9516129032258065,0.44999999999999996,0.8064516129032258,0.5166666666666666,0.7049180327868853,0.0,0.7049180327868853,0.765625,0.9516129032258065,-0.1859879032258065,False,0,False,False,False,False,-0.6704733064027594,0,0,False,False,0
548,2025-03-24,2025-03-25,2025-03-27,2025,2025-03,1,0.0070536880231245,0.2546309160320174,-0.0054824605868972,0,1,0,True,1.0593560453896849,0.3721675338167267,1.074766841225479,-0.4651419158720197,0.0833333333333333,0.7303853440005785,0.0769230769230769,0.53927789038971,0.7303840117812216,0.2696146559994214,2025-03,0.2546309160320174,False,0,0.4907381679359652,0.0054824605868972,True,1,2025-03-21,3,0.3347224989603106,0.5683632246516624,0.4662636980960236,0.0867381172587635,0.0432196359813634,0.3886421937995044,0.0867381172587635,0.0432196359813634,0.7265785543934629,0.0406394373754082,0.1911110913342841,-0.0565081495830088,0.0894524334946577,0.4230533340606683,1.1571165921439903,0,False,0.48484848484848486,0.5,0.6904761904761905,0.765625,0.9516129032258065,0.765625,0.8064516129032258,0.9112903225806452,0.7049180327868853,0.9112903225806452,0.5,0.765625,-0.265625,False,0,False,False,False,False,0.4657753649540351,0,0,False,False,1
549,2025-03-25,2025-03-26,2025-03-28,2025,2025-03,1,0.0161040949005859,0.4575364401630692,-0.0004501792761288,0,1,0,True,0.1290040975384387,0.7036235027753144,-0.8361497688066607,0.448214074142053,-0.0833333333333332,0.4501792953475995,0.0769230769230769,0.5239671481203528,0.0690257851394453,0.5498207046524005,2025-03,0.7,True,1,0.3999999999999999,0.0004501792761288,False,0,2025-03-24,1,0.2235004083585465,1.5748303014293463,0.2010398076714047,0.0950784826684107,0.0083403654096471,0.0937065903083963,0.0950784826684107,0.0083403654096471,-1.1630057241957257,0.2132108861073489,0.2109387456794297,-0.0871601095149328,-0.086183671822515,0.4412874171637853,0.5061088311322162,1,True,,,,,,,,,,,,,,False,0,False,False,False,False,1.729093335260496,1,0,False,False,0
550,2025-03-26,2025-03-27,2025-03-31,2025,2025-03,1,0.0320278757150185,0.4651803307080702,-0.0015819165979156,0,1,0,True,0.3441842942753702,0.433045422885922,0.608021351926017,0.2891599144695119,0.0833333333333333,0.7370762286605739,0.0625,0.5029112806827382,0.3129556627954411,0.262923771339426,2025-03,0.4651803307080702,True,0,0.0696393385838596,0.0015819165979156,True,1,2025-03-25,1,-0.1150770211211522,0.8678769532710857,-0.2420471919807617,0.1044833336527956,0.0094048509843849,0.3558769017030741,0.1044833336527956,0.0094048509843849,0.2628619485629398,0.0704444885254004,0.0183520143048079,-0.2878196367117646,-0.0216417525306894,-0.3385355015621609,-0.1133378710700396,0,False,0.661764705882353,0.7794117647058824,0.0,0.48484848484848486,0.765625,0.5,0.765625,0.6904761904761905,0.9112903225806452,0.9112903225806452,0.7794117647058824,0.5,0.27941176470588236,False,0,False,False,False,False,2.860798356096097,0,0,True,True,1
551,2025-03-27,2025-03-28,2025-04-01,2025,2025-03,1,0.0258133105917216,0.7678928947181074,0.006748729008688,1,0,1,True,0.8219715081079139,0.227464387491131,0.8920780729103144,-0.9050391343314496,0.4166666666666667,0.977226532110672,0.125,0.6067713870972907,0.5340010997257978,0.3616570460506336,2025-03,0.7678928947181074,False,1,0.5357857894362148,0.006748729008688,True,0,2025-03-26,1,0.0800090383200533,1.2161503367690778,0.0296329454087054,0.0865772896139557,-0.0179060440388398,0.2711204202098405,-0.0865772896139557,0.0179060440388398,0.3413757322239154,0.0446781936935778,0.1268713534026938,0.1588021136993934,-0.0378320361273673,0.2337024169094803,0.4488298318523162,1,True,0.37142857142857144,0.35714285714285715,0.7692307692307693,0.661764705882353,0.48484848484848486,0.7794117647058824,0.5,0.0,0.6904761904761905,0.6904761904761905,0.37142857142857144,0.7794117647058824,-0.4079831932773109,False,0,False,False,False,False,-0.4425119815314663,1,1,False,False,0
552,2025-03-28,2025-03-31,2025-04-02,2025,2025-03,1,0.0182822218431202,0.7528952335125998,0.0039881415644007,1,0,1,True,0.5766868523562394,0.3592650463878497,-0.8186579776022979,-0.5352899158903615,0.3333333333333332,0.999998980002639,0.1428571428571428,0.480259671877159,0.4067893871289373,0.4772549582739597,2025-03,0.7528952335125998,False,1,0.5057904670251996,0.0039881415644007,True,0,2025-03-27,1,0.0989457302810201,1.569480579470615,-0.0115095994409372,0.3248223932290743,0.2382451036151185,1.98802826940232,-0.3248223932290743,-0.2382451036151185,-1.2509825377530406,-0.074415097985172,-0.1422869299850433,-0.0928336404434444,-0.1661945256873886,0.1509124805544281,2.753642225308604,1,True,0.5833333333333334,0.7777777777777777,0.0,0.37142857142857144,0.661764705882353,0.35714285714285715,0.7794117647058824,0.7692307692307693,0.0,0.7692307692307693,0.7777777777777777,0.37142857142857144,0.40634920634920624,False,0,False,False,False,False,0.0255104475809241,1,1,False,True,0
553,2025-03-31,2025-04-01,2025-04-03,2025,2025-04,1,0.0025446731664924,0.5579079206976728,0.0005314790341053,1,0,1,True,0.0789222584256602,0.3510251424636768,0.011420857129742,-0.5042389125608151,0.4166666666666667,0.986692339952245,0.125,0.4846825204031932,0.036231943700554,0.2446517548042018,2025-04,0.5579079206976728,False,1,0.1158158413953456,0.0005314790341053,True,0,2025-03-28,3,-0.2686994981575203,0.2001647265439839,-0.393119629117276,0.0609178157224167,-0.2639045775066576,1.7477631054063958,-0.0609178157224167,0.2639045775066576,-0.2949470472802691,-0.2209804109314036,-0.5594517976347717,0.2916383827030788,0.2474257368955836,-0.4078885764313646,1.984256078391955,1,True,0.4594594594594595,0.945945945945946,0.0,0.5833333333333334,0.37142857142857144,0.7777777777777777,0.35714285714285715,0.0,0.7692307692307693,0.7692307692307693,0.945945945945946,0.7777777777777777,0.16816816816816837,False,0,False,False,False,False,0.923607036907004,1,1,False,True,0
554,2025-04-01,2025-04-02,2025-04-04,2025,2025-04,0,-0.01324394940771,0.3918417443249725,-0.0053415040805813,0,0,0,True,0.8211235024616309,0.3660282660654599,-0.5991240731162257,-1.4952185500956112,-0.0,0.8035143720344264,0.0526315789473684,0.5177388742754929,0.423409137804467,0.1964856279655736,2025-04,0.3918417443249725,False,0,0.216316511350055,0.0053415040805813,True,0,2025-03-31,1,-0.012534792939931,0.1224335413503006,-0.0162705244761205,0.2633497819830527,0.202431966260636,3.33184238527137,0.2633497819830527,0.202431966260636,-0.1659122562903589,0.0216050675332898,0.0575717705848038,-0.0684922003665625,0.2304119087437721,-0.1368095298385352,3.1979684973076408,0,True,0.3026315789473684,0.631578947368421,0.9264705882352942,0.4594594594594595,0.5833333333333334,0.945945945945946,0.7777777777777777,0.0,0.0,0.0,0.631578947368421,0.945945945945946,-0.31436699857752504,False,0,False,False,False,False,-0.0636501925293196,0,0,False,False,0
555,2025-04-02,2025-04-03,2025-04-07,2025,2025-04,0,-0.033145919326773,0.4624773010665148,0.0005331465641518,1,1,0,False,0.0732665592619119,0.5163792663345546,-0.6355956076186602,-0.7591623678896898,0.1666666666666667,0.9917620059975228,0.0909090909090909,0.5378608420011098,0.0764651427950784,0.8649949657147478,2025-04,0.4624773010665148,False,0,0.0750453978669704,0.0005331465641518,False,0,2025-04-01,1,-0.1460739154596542,-0.5901255393505833,-0.1026026067361481,0.2389524229279268,-0.0243973590551258,1.261326572356818,-0.2389524229279268,0.0243973590551258,-0.2142119156711766,-0.0563738775042264,-0.0713480306995993,0.015973399974252,-0.0939543056524261,-0.2873656766811674,0.4985422272915376,0,True,,,,,,,,,,,,,,False,0,False,False,False,False,0.7686743076734015,0,1,False,False,0
556,2025-04-03,2025-04-04,2025-04-08,2025,2025-04,0,-0.0409298915865586,0.2526773811192771,-0.0048339661748908,0,0,0,True,0.2601826720370631,0.5899645132568894,-0.2426365413062911,-0.4555698200447891,0.0833333333333333,0.5593930427881499,0.1428571428571428,0.6549705762637795,0.1748679211421658,0.44060695721185,2025-04,0.2526773811192771,True,0,0.4946452377614457,0.0048339661748908,True,0,2025-04-02,1,0.15705542012806,0.1217244468793011,0.2067261077192665,0.2763050902585786,0.0373526673306517,1.7352390394296169,0.2763050902585786,0.0373526673306517,-0.7620574431071634,0.282496895064814,0.1703321971787146,0.2268427246671807,0.125251545184175,0.1597205828905696,2.0493884681684937,0,True,0.7692307692307692,0.5512820512820513,0.6231884057971014,0.3026315789473684,0.4594594594594595,0.631578947368421,0.945945945945946,0.9264705882352942,0.0,0.9264705882352942,0.7692307692307692,0.631578947368421,0.13765182186234814,False,0,False,False,False,False,1.876082681604962,0,0,False,True,0
557,2025-04-04,2025-04-07,2025-04-09,2025,2025-04,0,-0.0148657994348753,0.0848031214907592,-0.0150498870848956,0,0,0,True,0.8325114082272642,0.2114175356313202,0.8179411355299349,-1.1180191757668458,0.1666666666666666,0.8250059682862274,0.0909090909090909,0.6465961319070899,0.4944396004864688,0.1749940317137725,2025-04,0.0848031214907592,False,0,0.8303937570184816,0.0150498870848956,True,0,2025-04-03,1,0.5281654843181496,2.532091178994967,0.5624268955477547,-0.0200966272731467,-0.2964017175317253,2.293580554868519,-0.0200966272731467,-0.2964017175317253,-0.2807608543134154,0.0538368191314359,0.1083876702208388,-0.2112177595268373,-0.4257043925964014,0.6151514982997242,1.541932175534967,0,True,0.325,0.3375,0.7071428571428571,0.7692307692307692,0.3026315789473684,0.5512820512820513,0.631578947368421,0.6231884057971014,0.9264705882352942,0.9264705882352942,0.3375,0.7692307692307692,-0.43173076923076914,False,0,False,False,False,False,-0.098558630976795,0,0,False,False,0
558,2025-04-07,2025-04-08,2025-04-10,2025,2025-04,1,0.0266008264204868,0.0895795817891229,-0.0164038114597975,0,1,0,True,1.4286280185305509,0.6081399964590832,0.4210399174471709,-1.5517873198448815,0.3333333333333333,0.7764854628932317,0.05,0.7183212387788559,0.6798083529865132,0.2235145371067682,2025-04,0.0895795817891229,False,0,0.8208408364217542,0.0164038114597975,True,1,2025-04-04,3,-0.1285678933443037,1.5868157096217914,-0.1801504329221245,-0.1737020109689213,-0.1536053836957746,2.8108302606370112,-0.1737020109689213,-0.1536053836957746,-0.8617632631868319,0.5176310256660981,0.1851376176130874,-0.3174933334324274,-0.0926689825422763,-0.0415818793627291,2.797507221922966,0,False,0.2804878048780488,0.524390243902439,0.8873239436619718,0.325,0.7692307692307692,0.3375,0.5512820512820513,0.7071428571428571,0.6231884057971014,0.7071428571428571,0.524390243902439,0.3375,0.18689024390243902,False,0,False,False,False,False,-2.4599838091980715,0,0,False,False,1
559,2025-04-08,2025-04-09,2025-04-11,2025,2025-04,1,0.0679265956870164,0.2474165974926779,-0.0084846270272986,0,1,0,True,0.9984237164495916,0.4538907464860674,-0.8911844285189988,-0.7947939541420168,-0.0833333333333332,0.977175027224117,0.05,0.4426142602198318,0.70436171220138,0.022824972775883,2025-04,0.2474165974926779,False,0,0.5051668050146443,0.0084846270272986,True,1,2025-04-07,1,-0.0433607190138261,1.3059409928633476,-0.1229695795542902,-0.1366096458607471,0.0370923651081742,1.8950264784727209,-0.1366096458607471,0.0370923651081742,-1.8213827814192152,0.1194157207040065,-0.1732995816187425,-0.4043222103888553,0.0221086700150806,-0.3069579492672663,1.3312318937575365,0,False,0.27380952380952384,0.5476190476190477,0.0,0.2804878048780488,0.325,0.524390243902439,0.3375,0.8873239436619718,0.7071428571428571,0.8873239436619718,0.5476190476190477,0.524390243902439,0.023228803716608626,True,1,False,True,True,False,-1.2743187664782871,0,0,False,False,1
560,2025-04-09,2025-04-10,2025-04-14,2025,2025-04,1,0.0561808283979437,0.8519995830099245,0.0127300028035453,1,0,1,True,0.6242885400150936,0.2909702792578424,0.2232817958220979,-1.13780632185274,0.25,0.9097877341493624,0.25,0.4319794230633367,0.3342847767278906,0.2731513867769651,2025-04,0.8519995830099245,False,1,0.703999166019849,0.0127300028035453,True,0,2025-04-08,1,-0.4880468434226639,-0.6803315947819059,-0.561490518748349,-0.2788947920974772,-0.14228514623673,1.0317910542551938,0.2788947920974772,0.14228514623673,0.1235911801969247,0.1643275322196784,0.004232386766542,0.5897793695391083,0.0587243786737682,-0.2267510409256505,0.7260555343376288,1,True,0.4418604651162791,0.43023255813953487,1.0,0.27380952380952384,0.2804878048780488,0.5476190476190477,0.524390243902439,0.0,0.8873239436619718,0.8873239436619718,0.4418604651162791,0.5476190476190477,-0.1057585825027686,True,2,False,True,True,False,0.7332150925823228,1,1,False,False,0
561,2025-04-10,2025-04-11,2025-04-15,2025,2025-04,1,0.0381163918501938,0.9689705482158678,0.022425737850563,1,0,1,True,1.6634666266669602,0.1301344762398634,0.6810048356470433,-1.1798601823195802,0.0833333333333332,0.9999996716417612,0.0714285714285714,0.6886464950187549,0.7363675782837723,0.2154428186426919,2025-04,0.9689705482158678,False,1,0.9379410964317356,0.022425737850563,True,0,2025-04-09,1,0.3965304052900009,0.889481197354094,0.3914813155569178,0.2176550941120119,0.4965498862094891,1.5198510357273864,-0.2176550941120119,-0.4965498862094891,-0.0546611594209642,0.0680966971867046,0.0380327343225488,0.0092335738800357,-0.5591699714781047,0.4333838082519801,1.922871917103524,1,True,0.21590909090909088,0.26136363636363635,0.0,0.4418604651162791,0.27380952380952384,0.43023255813953487,0.5476190476190477,1.0,0.0,1.0,0.26136363636363635,0.4418604651162791,-0.18049682875264272,True,3,False,True,True,False,-2.285094063973217,1,1,False,False,0
562,2025-04-11,2025-04-14,2025-04-16,2025,2025-04,1,0.0278164341082509,0.6904437865725751,0.0068886122110338,1,0,1,True,0.5753689952244398,0.3409454063749704,0.1694075338828053,-0.7659625500702624,0.4166666666666667,0.9620342061739658,0.2,0.3870829961467643,0.3388819963802053,0.3327321406408513,2025-04,0.6904437865725751,False,1,0.3808875731451502,0.0068886122110338,True,0,2025-04-10,1,-0.2278104618584784,-0.0168843044178947,-0.2807545486239498,0.352952829565715,0.1352977354537031,0.9504657334226402,-0.352952829565715,-0.1352977354537031,-0.2239114902828961,0.0726691503077566,-0.0289249054097822,-0.1266795832822941,-0.0403272392759919,-0.1520350576267617,0.5100821536537018,1,True,0.5222222222222223,0.30000000000000004,0.0,0.21590909090909088,0.4418604651162791,0.26136363636363635,0.43023255813953487,0.0,1.0,1.0,0.5222222222222223,0.26136363636363635,0.2608585858585859,True,4,False,True,True,False,0.4000918367380561,1,1,False,False,0
563,2025-04-17,2025-04-22,2025-04-24,2025,2025-04,1,0.002013403330639,0.5765887219613133,0.000628544039074,1,0,1,True,0.0589166300999013,0.0614801512948641,-1.921351689986655,0.4313014851800149,-0.1666666666666666,0.8736290152682975,0.1428571428571428,0.9508294218368208,0.0172624872336877,0.4164785840189617,2025-04,0.5765887219613133,False,1,0.1531774439226265,0.000628544039074,True,0,2025-04-16,1,0.734196335040048,0.2854920658316566,0.8338250932442317,0.3179730733421903,0.0798463588628962,1.4859040212123424,-0.3179730733421903,-0.0798463588628962,-1.4091231602021943,-0.4110300347962822,-0.5835200142594112,-0.1123302437354054,-0.1601632628805434,0.520292250876011,0.9344555032876208,1,True,0.7934782608695652,0.8804347826086956,0.0,0.5222222222222223,0.21590909090909088,0.30000000000000004,0.26136363636363635,0.0,0.0,0.0,0.8804347826086956,0.5222222222222223,0.3582125603864733,True,5,False,True,True,True,0.3979998231763443,1,1,False,False,0
564,2025-04-22,2025-04-23,2025-04-25,2025,2025-04,0,-0.0460101433950713,0.1231076943911697,-0.0145210895564424,0,0,0,True,1.02891395243121,0.388714629369524,-0.4434157093106406,-1.8513866421272769,-0.0,0.9752069052571208,0.05,0.3920398440983266,0.4886444543967227,0.0247930947428791,2025-04,0.1231076943911697,False,0,0.7537846112176606,0.0145210895564424,True,0,2025-04-21,1,0.0061642047641594,-0.0744488792493857,0.0046112339402203,0.4135711084248984,0.0517718847673618,0.7703612469481511,0.4135711084248984,0.0517718847673618,-1.4469018643100535,0.2580493507133542,-0.0135838247508017,0.1964793561890588,0.0833382288725446,-0.0931345257969074,0.7245867040322209,0,True,0.2021276595744681,0.5106382978723404,0.8896103896103895,0.7934782608695652,0.5222222222222223,0.8804347826086956,0.30000000000000004,0.0,0.0,0.0,0.5106382978723404,0.8804347826086956,-0.3697964847363552,False,0,False,False,False,False,-2.902849898484538,0,0,False,False,0
565,2025-04-23,2025-04-24,2025-04-28,2025,2025-04,0,-0.0163960415067259,0.2119485641411844,-0.0114080550940958,0,0,0,True,0.750513315584101,0.3259132375680895,0.7345816028001202,-1.428281813543231,0.1666666666666666,0.8822202024982894,0.0476190476190476,0.4283728398070546,0.3488112761745452,0.1177797975017106,2025-04,0.2119485641411844,False,0,0.5761028717176312,0.0114080550940958,True,0,2025-04-22,1,0.5443141661602624,2.138761731241838,0.5491494106360563,0.1103415495348679,-0.3032295588900305,1.277158295155269,0.1103415495348679,-0.3032295588900305,-0.3445191709672093,0.0951989050300145,0.0055146951927288,-0.0334497729286381,-0.2422931577365322,0.6326450012606202,1.818853828709629,0,True,0.33333333333333337,0.6666666666666667,0.9038461538461539,0.2021276595744681,0.7934782608695652,0.5106382978723404,0.8804347826086956,0.8896103896103895,0.0,0.8896103896103895,0.6666666666666667,0.5106382978723404,0.15602836879432636,False,0,False,False,False,False,-0.1357415960810357,0,0,False,True,0
566,2025-04-24,2025-04-25,2025-04-29,2025,2025-04,0,-0.0048450290384238,0.5319299474624231,0.0029552701399229,1,1,1,True,0.3217907170808212,0.3338176925508989,-0.6214769691328977,-0.4585958171619231,0.0,0.8140761004096287,0.125,0.4309373740240496,0.1513698616346638,0.624440390390434,2025-04,0.5319299474624231,False,1,0.0638598949248461,0.0029552701399229,True,1,2025-04-23,1,-0.129465198189612,1.3919109559005394,-0.2928266583824435,0.0962242727607106,-0.0141172767741572,0.1809922919332509,-0.0962242727607106,0.0141172767741572,-1.542255003002103,-0.0346768914632842,0.2203339440195663,0.2441532013023037,-0.037937899202628,-0.088790697506587,0.1026113511148163,1,False,0.7346938775510203,0.4693877551020408,0.0,0.33333333333333337,0.2021276595744681,0.6666666666666667,0.5106382978723404,0.9038461538461539,0.8896103896103895,0.9038461538461539,0.7346938775510203,0.6666666666666667,0.0680272108843536,True,1,False,True,True,False,0.7248180346864589,1,1,False,True,1
567,2025-04-25,2025-04-28,2025-04-30,2025,2025-04,0,-0.004571939946801,0.6732644634085247,0.0011163240912495,1,1,1,True,0.1204409131814649,0.6612946966528456,-2.2018852315663207,0.5840183266239226,0.0833333333333332,0.3925199562935558,0.0625,0.493912159757646,0.0407138868800694,0.9999996352861396,2025-04,0.6732644634085247,False,1,0.3465289268170495,0.0011163240912495,True,1,2025-04-24,1,-0.4447688020560552,-0.3197570400933948,-0.6638971543174446,0.2764915733792594,0.1802673006185487,-1.039171480045975,-0.2764915733792594,-0.1802673006185487,-1.8082926215661224,0.2512541063062481,0.1727227037255347,0.1369307633832408,-0.216373360216462,-0.3777079649806794,-1.5774370250728973,1,False,0.98,0.9299999999999999,0.7125,0.7346938775510203,0.33333333333333337,0.4693877551020408,0.6666666666666667,0.0,0.9038461538461539,0.9038461538461539,0.98,0.7346938775510203,0.24530612244897965,False,0,False,False,False,False,2.377629118722652,1,1,True,True,1
568,2025-04-28,2025-04-29,2025-05-01,2025,2025-04,0,-0.0162662709558753,0.9596226661977244,0.0185587614048081,1,1,1,True,1.5137919384165788,0.4093793720448289,0.643136441301869,-1.0927069058436791,0.0,0.8936208852779651,0.05,0.6135457239575957,0.8231673998595622,0.5634589728618471,2025-04,0.9596226661977244,False,1,0.9192453323954488,0.0185587614048081,True,1,2025-04-25,3,0.0111920847618236,-0.2528148168597305,0.0278567599196549,0.1678057977845863,-0.108685775594673,-1.4367823859373263,-0.1678057977845863,0.108685775594673,-0.0378683943451743,0.3473415929916701,0.3673573661772137,0.0590828702074613,0.1826815424788012,0.0770499871432264,-1.0337615045611883,1,False,0.4509803921568627,0.4215686274509804,0.0,0.98,0.7346938775510203,0.9299999999999999,0.4693877551020408,0.7125,0.0,0.7125,0.4509803921568627,0.98,-0.5290196078431373,False,0,False,False,False,False,-1.6569817658941193,1,1,False,False,1
569,2025-04-29,2025-04-30,2025-05-02,2025,2025-04,0,-0.0157801997519384,0.768683806304904,0.0013573229646546,1,1,1,True,0.2126084276333443,0.5882866594757191,0.1748347364191732,-0.1984255509450247,-0.25,0.2664693994077492,0.25,0.4875007720858824,0.1479581298235823,0.9999989099268658,2025-04,0.3,True,0,0.4,0.0013573229646546,False,0,2025-04-28,1,-0.1155738588500945,-0.6270052019223346,-0.1130611499382101,0.3525179856115107,0.1847121878269244,-2.673051576048419,-0.3525179856115107,-0.1847121878269244,-0.2449116544484614,0.1157764733845728,6.043882914141818e-07,-0.0953669965692452,-0.0937150880500471,-0.3294779430141314,-2.7237979012584885,0,True,,,,,,,,,,,,,,False,0,False,False,False,False,2.000954847805482,0,1,False,False,0
570,2025-04-30,2025-05-01,2025-05-06,2025,2025-05,1,0.0279378388914074,0.5469998583164579,0.0011549802201837,1,0,1,True,0.1149321762679488,0.4597894327711157,1.191151290488486,0.5516378115789687,-0.3333333333333333,0.4256118193147422,0.0769230769230769,0.6730073119407557,0.0797469950952827,0.9999993095380016,2025-05,0.5469998583164579,False,1,0.0939997166329158,0.0011549802201837,True,0,2025-04-29,1,-0.2458034870093133,-1.4835119943040571,-0.2189431653745782,0.2814607044608663,-0.0710572811506444,-3.0110669036828206,-0.2814607044608663,0.0710572811506444,1.244831737301213,0.0594762389591784,1.3242361132093097e-06,0.0264596001739637,-0.0443623697027683,-0.3566966672684692,-3.123756423544551,1,True,0.9615384615384616,0.6442307692307693,0.975609756097561,0.4509803921568627,0.98,0.4215686274509804,0.9299999999999999,0.0,0.7125,0.7125,0.9615384615384616,0.4509803921568627,0.5105580693815989,False,0,False,False,False,False,2.6986553059785865,1,1,True,True,0
571,2025-05-01,2025-05-02,2025-05-07,2025,2025-05,1,0.0454520405091963,0.5113719727087949,0.0011029225473162,1,0,1,True,0.097072750132655,0.691197676909101,-0.9747542172287668,-0.329721309604812,-0.25,0.3871685504631571,0.0476190476190476,0.5011904055609592,0.0415924771830291,0.999999622888504,2025-05,0.5113719727087949,False,1,0.0227439454175897,0.0011029225473162,True,0,2025-04-30,1,0.2045431981584418,-0.6650798532601953,0.3894270504270921,0.2689895061849022,-0.0124711982759641,-1.6930373781180217,-0.2689895061849022,0.0124711982759641,-0.9210737704160398,0.2908844830971637,1.6375866155327046e-06,0.0389307984499278,-0.1029484525774487,0.0936500178992858,-1.805726897979752,1,True,0.9528301886792453,0.7075471698113207,0.0,0.9615384615384616,0.4509803921568627,0.6442307692307693,0.4215686274509804,0.975609756097561,0.0,0.975609756097561,0.9528301886792453,0.9615384615384616,-0.00870827285921627,False,0,False,False,False,False,2.284852967008689,1,1,False,False,0
572,2025-05-02,2025-05-06,2025-05-08,2025,2025-05,1,0.0236377532691481,0.4426836198676632,-0.000991857941635,0,1,0,True,0.0718293715105052,0.4441013898661712,-0.2739555214925879,0.0703417105562871,-0.0833333333333332,0.2557767470731379,1.0,0.6370136373114236,0.0793730997766561,0.7442232529268621,2025-05,0.4426836198676632,False,0,0.1146327602646736,0.000991857941635,True,1,2025-05-01,1,0.0667065615897612,-0.4457330455260358,0.1847887345888008,0.0717517955246806,-0.1972377106602215,-0.8405013730736609,0.0717517955246806,-0.1972377106602215,-0.741154484669172,-0.0396572702713379,0.2290872333715651,-0.1524119161854915,-0.1599368478211528,-0.1538963780513462,-0.8843446696371489,1,True,0.9259259259259259,0.7962962962962963,0.6011904761904762,0.9528301886792453,0.9615384615384616,0.7075471698113207,0.6442307692307693,0.0,0.975609756097561,0.975609756097561,0.9259259259259259,0.9528301886792453,-0.026904262753319363,False,0,False,False,False,False,2.374133984451421,1,0,False,False,0
573,2025-05-06,2025-05-07,2025-05-09,2025,2025-05,0,-0.0157871314273372,0.884575539762018,0.0169003881572002,1,1,1,True,2.15388523625406,0.166976317253626,-1.4679806023881836,-2.6833128604057195,0.5,0.9999996783783672,0.0526315789473684,0.7929231813006523,0.5435530434778119,0.2024882747991512,2025-05,0.884575539762018,False,1,0.7691510795240359,0.0169003881572002,True,1,2025-05-05,1,-0.1151296355032247,-0.8383244525277509,-0.0933561191361192,0.2270580789640231,0.0070537656238204,-1.6762123679775291,-0.2270580789640231,-0.0070537656238204,-1.657075654544705,0.0583489900628562,0.0664746404714875,0.1487840628384781,-0.0474807502101938,-0.1257133337326639,-1.0418184411433078,1,False,0.01818181818181818,0.11818181818181818,0.0,0.9259259259259259,0.9528301886792453,0.7962962962962963,0.7075471698113207,0.6011904761904762,0.0,0.6011904761904762,0.11818181818181818,0.9259259259259259,-0.8077441077441078,False,0,False,False,False,False,-4.095179873091483,1,1,False,False,1
574,2025-05-07,2025-05-08,2025-05-12,2025,2025-05,0,-0.046429034701683,0.2952284634171968,-0.0047797427918734,0,0,0,True,0.5273695677161312,0.2174151809360846,-0.7275467521104253,-0.5045353476725571,0.0833333333333333,1.0,0.0909090909090909,0.7544820348960847,0.2277523012550072,0.0,2025-05,0.2952284634171968,False,0,0.4095430731656064,0.0047797427918734,True,0,2025-05-06,1,0.3905132482338835,0.7055320991453147,0.4121979199316151,0.1890192948102323,-0.0380387841537908,-0.2605187289800689,0.1890192948102323,-0.0380387841537908,-0.8165561878814526,-0.1425397623769881,-0.2702747600331354,0.0108858817082281,0.0143569479178394,0.3931784109963931,0.2012172172964216,0,True,0.3035714285714286,0.4732142857142857,0.0,0.01818181818181818,0.9259259259259259,0.11818181818181818,0.7962962962962963,0.0,0.6011904761904762,0.6011904761904762,0.4732142857142857,0.11818181818181818,0.35503246753246753,False,0,False,False,False,False,-1.002733609079563,0,0,False,False,0
575,2025-05-08,2025-05-09,2025-05-13,2025,2025-05,0,-0.0263843543528826,0.1928421821251586,-0.0089793267994711,0,0,0,True,0.7972632170517778,0.3167952298291033,-1.7037721643967032,-1.923596211859518,0.0833333333333333,0.9695219290192232,0.05,0.4355642716839863,0.2948768131036497,0.0304780709807767,2025-05,0.1928421821251586,False,0,0.6143156357496828,0.0089793267994711,True,0,2025-05-07,1,0.2428422968135191,1.6945319001687251,0.1372636214626112,0.2066957787481805,0.0176764839379481,-1.425996882734152,0.2066957787481805,0.0176764839379481,-2.419388582620539,-0.0091180077389861,-0.081787031328205,0.0818924149821739,0.1055753617914714,0.3311731319138769,-0.884301349179792,0,True,0.19298245614035087,0.32456140350877194,0.9770114942528736,0.3035714285714286,0.01818181818181818,0.4732142857142857,0.11818181818181818,0.0,0.0,0.0,0.32456140350877194,0.4732142857142857,-0.14865288220551376,False,0,False,False,False,False,-1.4187756507063365,0,0,False,False,0
576,2025-05-09,2025-05-12,2025-05-14,2025,2025-05,0,-0.0285280352541475,0.3149885832255433,-0.001467192874319,0,0,0,True,0.2370010176855375,0.4572155374863045,-1.0599941872292304,-0.035961053126914,-0.0833333333333332,0.3936008861183303,0.0526315789473684,0.6485150746542865,0.0905688031759709,0.6063991138816697,2025-05,0.3149885832255433,False,0,0.3700228335489134,0.001467192874319,True,0,2025-05-08,1,0.0411710254080972,1.6482123088466294,-0.072067469673826,0.0484029611223274,-0.158292817625853,-0.6982450654298406,0.0484029611223274,-0.158292817625853,-1.386850142618295,0.1314173130236861,0.2675171549086989,0.0048844798449273,-0.260937156362893,0.2589580342133359,-0.7262033952100232,0,True,0.8275862068965517,0.853448275862069,0.9147727272727273,0.19298245614035087,0.3035714285714286,0.32456140350877194,0.4732142857142857,0.9770114942528736,0.0,0.9770114942528736,0.853448275862069,0.32456140350877194,0.528886872353297,False,0,False,False,False,False,2.2833081340011816,0,0,False,True,0
577,2025-05-12,2025-05-13,2025-05-15,2025,2025-05,0,-0.0160311224160857,0.4692635861182441,0.00121548599604,1,1,0,False,0.120593107556004,0.8695553876715592,0.2616094760593893,1.3263200272448932,-0.0833333333333333,0.2421416296353408,0.0714285714285714,0.6546061105285842,0.0348083985210556,0.999999713625672,2025-05,0.4692635861182441,False,0,0.0614728277635118,0.00121548599604,False,0,2025-05-09,3,-0.3569860882457778,0.2924877040745959,-0.4651174760913683,0.2637317359196222,0.2153287747972947,-1.809941017609604,-0.2637317359196222,-0.2153287747972947,1.055935126180746,0.4466066916493563,0.0892483636330423,0.0441885687152078,-0.2939083113823469,-0.7403884397223308,-3.2958450388219465,0,True,,,,,,,,,,,,,,False,0,False,False,False,False,1.9766548513212951,0,1,False,False,0
578,2025-05-13,2025-05-14,2025-05-16,2025,2025-05,0,-0.013629226387542,0.347786394918885,-0.0021279482562039,0,0,0,True,0.2708767986872538,0.5729491369091263,0.7383996388221944,-0.1550809619693648,0.0833333333333333,0.3628395278199835,0.0588235294117647,0.4308110582512575,0.1871447520948692,0.6371604721800165,2025-05,0.347786394918885,False,0,0.3044272101622299,0.0021279482562039,True,0,2025-05-12,1,0.2968453448133363,1.307708544241023,0.2563631754720369,0.1883050500920057,-0.0754266858276164,-0.2835818490841291,0.1883050500920057,-0.0754266858276164,0.4223908485618103,0.2461936178412125,0.3668857121468811,0.1172417690852018,-0.0822247911366025,0.0137238683343667,-0.3115401788643118,0,True,0.7796610169491525,0.4915254237288136,0.803370786516854,0.8275862068965517,0.19298245614035087,0.853448275862069,0.32456140350877194,0.9147727272727273,0.9770114942528736,0.9770114942528736,0.7796610169491525,0.853448275862069,-0.07378725891291649,False,0,False,False,False,False,2.0324316373365368,0,0,False,False,0
579,2025-05-14,2025-05-15,2025-05-19,2025,2025-05,1,0.0025038652957668,0.1222525658556593,-0.0159849731631904,0,1,0,True,1.1756138663777325,0.1784204716400768,1.148336429970258,-0.9792296383916084,0.25,0.8840816677178327,0.0714285714285714,0.715387670351757,0.6208672713784998,0.1159183322821673,2025-05,0.1222525658556593,False,0,0.7554948682886814,0.0159849731631904,True,1,2025-05-13,1,-0.3484490082856446,0.0354474279712603,-0.4713261736902563,0.1798594738439272,-0.0084455762480784,-0.9856160068555524,0.1798594738439272,-0.0084455762480784,-0.1344667506637447,-0.0329970639912434,0.0468971056414238,0.0360681513804212,0.0524908249054198,-0.26146299430407,-1.7372643861891044,0,False,0.3,0.625,0.0,0.7796610169491525,0.8275862068965517,0.4915254237288136,0.853448275862069,0.803370786516854,0.9147727272727273,0.9147727272727273,0.625,0.7796610169491525,-0.15466101694915246,False,0,False,False,False,False,-0.1540603459607386,0,0,False,False,1
580,2025-05-15,2025-05-16,2025-05-20,2025,2025-05,1,0.0209374555338376,0.9425794378497664,0.0255984010254479,1,0,1,True,2.718239254993004,0.3360675423578151,0.134042150800967,-3.525811728749682,0.3333333333333332,0.999999724121191,0.0526315789473684,0.4068046618006291,0.7062056386421893,0.5128401111070382,2025-05,0.9425794378497664,False,1,0.8851588756995328,0.0255984010254479,True,0,2025-05-14,1,-0.0016638691759247,-0.0199870042950897,0.0232514167233691,0.0479269897259315,-0.1319324841179957,0.0745333903273696,-0.0479269897259315,0.1319324841179957,-0.4370362675976627,0.2274402151670454,0.3242088763330025,0.2198524859999412,0.1026476647306601,-0.0943925673758379,0.1725336677032532,1,True,0.02459016393442623,0.05737704918032787,0.0,0.3,0.7796610169491525,0.625,0.4915254237288136,0.0,0.803370786516854,0.803370786516854,0.05737704918032787,0.625,-0.5676229508196722,False,0,False,False,False,False,-2.9834038289292883,1,1,False,False,0
581,2025-05-16,2025-05-19,2025-05-21,2025,2025-05,1,0.0307372018931267,0.4773705338209936,0.000748013125106,1,0,0,False,0.0530898714279381,0.7143785221676027,-1.5730557166268049,0.2181360262171155,-0.0833333333333333,0.5339173535666435,0.0909090909090909,0.6236269534164658,0.027249094729371,0.9999996357136818,2025-05,0.4773705338209936,False,0,0.0452589323580128,0.000748013125106,False,1,2025-05-15,1,0.0731291032892684,0.1324356293323353,0.1469456223864512,0.1383112282315504,0.0903842385056189,0.2850599661039014,-0.1383112282315504,-0.0903842385056189,-0.7787300665054482,0.3168785499212804,0.1861802833059046,0.0747543605023131,-0.0658214924754824,-0.3102732481872845,-1.200844055108441,0,False,,,,,,,,,,,,,,False,0,False,False,False,False,1.1582051300944416,0,1,False,False,1
582,2025-05-19,2025-05-20,2025-05-22,2025,2025-05,1,0.0204286739741992,0.3665493443548135,-0.004714570735592,0,1,0,True,0.8177010392491072,0.5345117354503381,0.3164016204717406,0.7158330156263497,-0.0833333333333332,0.4510079202270576,0.0434782608695652,0.5718498185536361,0.3995623239106208,0.5489920797729424,2025-05,0.3665493443548135,False,0,0.266901311290373,0.004714570735592,True,1,2025-05-16,3,-0.0614699325043872,-0.1290382982626014,0.0059549710165612,0.1419062742845558,0.0035950460530054,-0.2411257963629946,0.1419062742845558,0.0035950460530054,0.7496134372976073,0.2302586944854645,0.3864015800373851,-0.1214435076984968,-0.0940721066092427,-0.0489351395644561,0.0167345757907235,0,False,0.7741935483870968,0.6048387096774194,0.0,0.02459016393442623,0.3,0.05737704918032787,0.625,0.0,0.0,0.0,0.7741935483870968,0.05737704918032787,0.7168164992067689,False,0,False,False,False,False,1.2134607094483807,0,0,False,False,1
583,2025-05-20,2025-05-21,2025-05-23,2025,2025-05,1,0.0279075132964067,0.8528412319789943,0.0151270811552723,1,0,1,True,1.5352429812118806,0.2256311122933005,1.3652551162556603,-2.119365689128258,0.25,0.9000870616852763,0.0526315789473684,0.5109709279857163,0.5636864742622822,0.2870792731102916,2025-05,0.8528412319789943,False,1,0.7056824639579886,0.0151270811552723,True,0,2025-05-19,1,-0.2371071803410895,-1.114711465666839,-0.2287855079684192,0.2073556125115087,0.0654493382269528,-1.025896158082516,-0.2073556125115087,-0.0654493382269528,0.3705859698531847,0.1420776492099644,0.1534415168962397,0.2110631926452687,0.0491740549965697,-0.3298358785410027,-1.4699825767278698,1,True,0.2777777777777778,0.0873015873015873,0.0,0.7741935483870968,0.02459016393442623,0.6048387096774194,0.05737704918032787,0.0,0.0,0.0,0.2777777777777778,0.7741935483870968,-0.49641577060931896,False,0,False,False,False,False,-3.8476009879325193,1,1,False,False,0
584,2025-05-21,2025-05-22,2025-05-27,2025,2025-05,0,-0.0043899555817868,0.4947794103547657,0.0021890534974691,1,1,0,False,0.3439178330162227,0.3254315734488174,-0.7202552122626831,-0.6424315503506142,0.0833333333333332,0.872642540750213,0.0714285714285714,0.3971947641393185,0.2097415447673023,0.5058027378093788,2025-05,0.4947794103547657,False,0,0.0104411792904686,0.0021890534974691,False,0,2025-05-20,1,0.1981866613023655,-0.2488355116964028,0.313298838705921,0.209659434833859,0.0023038223223502,0.0954559714874247,-0.209659434833859,-0.0023038223223502,-1.6410332461318884,-0.0532110420609051,0.1016962914385111,0.1307180392291554,-0.1206554870299023,0.2838745775371603,0.3983352917544271,0,True,,,,,,,,,,,,,,False,0,False,False,False,False,0.4677565846433855,0,1,False,False,0
585,2025-05-22,2025-05-23,2025-05-28,2025,2025-05,1,0.0047528965151216,0.2245860075848013,-0.0049652083999109,0,1,0,True,0.4263082924914919,0.4920002074651282,0.3184577060761947,-1.1333519350352956,0.0833333333333333,0.8623134677991727,0.1,0.5393169539594515,0.306951080611049,0.1376865322008273,2025-05,0.2245860075848013,False,0,0.5508279848303974,0.0049652083999109,True,1,2025-05-21,1,0.0947360014532048,0.2699066934541705,0.1005210449391583,0.1977094749616033,-0.0119499598722556,-0.2314010039216479,0.1977094749616033,-0.0119499598722556,0.6234452165138018,0.1752049776360248,-0.0314831867748864,-0.0089863037865771,-0.0296264438102037,-0.0623194186748552,0.0827484248172286,0,False,0.4609375,0.703125,0.0,0.2777777777777778,0.7741935483870968,0.0873015873015873,0.6048387096774194,0.0,0.0,0.0,0.703125,0.2777777777777778,0.4253472222222222,False,0,False,False,False,False,0.3480445167774251,0,0,False,False,1
586,2025-05-23,2025-05-27,2025-05-29,2025,2025-05,0,-0.0154943332768002,0.5971588583401571,0.0088473903422823,1,1,1,True,0.9159249946026866,0.2902559842018506,0.8060747796050486,-1.31006600053847,0.4166666666666667,0.8791012907438924,0.125,0.4372220813454638,0.441515386049426,0.2327410027346431,2025-05,0.5971588583401571,False,1,0.1943177166803142,0.0088473903422823,True,1,2025-05-22,1,0.0247530340482775,0.4928568735203992,0.0112581034084051,0.0712258950678643,-0.126483579893739,0.0474236600728412,-0.0712258950678643,0.126483579893739,0.0732308915695229,0.0535844443475775,-0.0512534511898052,0.1938018873870944,0.2214540760714503,0.1635982040127217,0.6061016865957755,1,False,0.3384615384615385,0.34615384615384615,0.0,0.4609375,0.2777777777777778,0.703125,0.0873015873015873,0.0,0.0,0.0,0.34615384615384615,0.703125,-0.35697115384615385,False,0,False,False,False,False,-0.3929185507757545,1,1,False,False,1
587,2025-05-27,2025-05-28,2025-05-30,2025,2025-05,0,-0.0006677492546236,0.3069313854471461,-0.0011509572387584,0,0,0,True,0.301881790266215,0.1997187232304325,0.0475808430128133,-2.89325582104624,-0.0,0.9117631030938312,0.0526315789473684,0.4529583329049335,0.0727986199974515,0.0882368969061688,2025-05,0.3069313854471461,False,0,0.3861372291057078,0.0011509572387584,True,0,2025-05-23,4,0.1074206252430673,0.9766044649964544,0.1036009084513931,0.0940347777571136,0.0228088826892493,1.7660414670145386,0.0940347777571136,0.0228088826892493,-0.2821155160779432,-0.257496814255872,-0.3461545657601936,-0.0840986353448905,-0.0717151545429128,0.0662495998349701,2.049623316098668,0,True,0.25,0.946969696969697,0.6197916666666666,0.3384615384615385,0.4609375,0.34615384615384615,0.703125,0.0,0.0,0.0,0.946969696969697,0.34615384615384615,0.6008158508158509,False,0,False,False,False,False,-2.8900068198208,0,0,False,False,0
588,2025-05-28,2025-05-29,2025-06-02,2025,2025-05,1,0.0070349410769572,0.1548523180936739,-0.009554983193313,0,1,0,True,1.740496339809467,0.5857112631314214,0.5084336397530412,-0.2599264563046142,0.0833333333333333,1.0,0.0625,0.485007943037191,0.9676979722536366,0.0,2025-05,0.1548523180936739,False,0,0.6902953638126522,0.009554983193313,True,1,2025-05-27,1,0.303707130816452,2.3413725322451286,0.2661093024752869,0.0200638034221835,-0.07397097433493,1.2337413713128291,0.0200638034221835,-0.07397097433493,-0.2071827784707944,0.4242384238770105,-0.1010094004711971,-0.1710573288315071,-0.088942366913691,0.303249222902453,1.1496066407889545,0,False,0.05970149253731343,0.17164179104477612,0.5979381443298969,0.25,0.3384615384615385,0.946969696969697,0.34615384615384615,0.6197916666666666,0.0,0.6197916666666666,0.17164179104477612,0.946969696969697,-0.775327905924921,False,0,False,False,False,False,-2.239993611578546,0,0,False,False,1
589,2025-05-29,2025-05-30,2025-06-03,2025,2025-05,1,0.0238971158485419,0.7519684038751216,0.0109977304029911,1,0,1,True,1.5116831730883034,0.526351193802728,1.225685268935808,-1.858093883546451,0.0833333333333332,0.9266880400019264,0.0454545454545454,0.6983459420812507,0.5756994708664656,0.4583908414635286,2025-05,0.7519684038751216,False,1,0.5039368077502433,0.0109977304029911,True,0,2025-05-28,1,-0.3141734315326427,0.6280912038502433,-0.4599341221053162,0.2344574346853501,0.2143936312631665,-2.945315341253948,-0.2344574346853501,-0.2143936312631665,0.4347085554785188,0.2600518255464255,0.0315801927158667,0.1344161680661546,-0.1732844876758506,-0.4684298335454659,-2.9084382088594927,1,True,0.2647058823529412,0.6176470588235294,0.0,0.05970149253731343,0.25,0.17164179104477612,0.946969696969697,0.5979381443298969,0.6197916666666666,0.6197916666666666,0.6176470588235294,0.17164179104477612,0.4460052677787533,False,0,False,False,False,False,-2.3782087795643845,1,1,False,True,0
590,2025-05-30,2025-06-02,2025-06-04,2025,2025-06,1,0.0208971572700646,0.4261144248745363,-0.001886606719152,0,1,0,True,0.1643464593773608,0.3909206028383614,0.477206700011771,-0.2534032483948026,0.0833333333333333,0.847880217976862,0.1111111111111111,0.5620006301858218,0.1598179911008414,0.152119782023138,2025-06,0.4261144248745363,True,0,0.1477711502509273,0.001886606719152,True,1,2025-05-29,1,-0.2061864700845284,-0.4258054323539415,-0.2494751420902002,0.3284356335698062,0.0939781988844561,-1.2462230668469083,0.3284356335698062,0.0939781988844561,0.0100077368351869,-0.0928380572991477,-0.0237484217497352,-0.0001353994617301,0.0667670637985137,-0.2249438511133128,-1.7154378396200225,1,True,0.6594202898550725,0.6304347826086957,0.0,0.2647058823529412,0.05970149253731343,0.6176470588235294,0.17164179104477612,0.0,0.5979381443298969,0.5979381443298969,0.6594202898550725,0.6176470588235294,0.04177323103154307,False,0,False,False,False,False,2.525415344180624,1,0,False,False,0
591,2025-06-02,2025-06-03,2025-06-05,2025,2025-06,1,0.012034554742236,0.7314483386033028,0.008620256498057,1,0,1,True,1.3508456859582951,0.0838010158173993,1.024380675016998,-3.148367968616851,0.3333333333333332,0.9999996096730452,0.05,0.5400646616644087,0.3364718468180617,0.1122038493162281,2025-06,0.7314483386033028,False,1,0.4628966772066056,0.008620256498057,True,0,2025-05-30,3,-0.3084745577943035,-2.0097121541454226,-0.2915787354924287,0.1616735345435646,-0.1667620990262416,-1.969800466154921,-0.1616735345435646,0.1667620990262416,0.1758928251099605,-0.1023832955775909,-0.1169003688837943,0.1039287313496978,0.1474560601049192,-0.2326991535625868,-1.7920910545124458,1,True,0.12142857142857143,0.09285714285714285,0.0,0.6594202898550725,0.2647058823529412,0.6304347826086957,0.6176470588235294,0.0,0.0,0.0,0.12142857142857143,0.6594202898550725,-0.5379917184265011,False,0,False,False,False,False,-4.226029962953804,1,1,False,False,0
592,2025-06-03,2025-06-04,2025-06-06,2025,2025-06,0,-0.0006404289603409,0.5006241137809152,-0.0020519731002757,0,0,1,False,0.4132959702637229,0.2496467555683202,1.336653047698848,-0.5013641111648518,-0.0,0.7972724571026889,0.0434782608695652,0.5609196525675263,0.1548319300271526,0.2027275428973111,2025-06,0.5006241137809152,False,1,0.0012482275618304,0.0020519731002757,False,1,2025-06-02,1,-0.0039969212491168,-1.851732456279332,0.0795444194212741,0.2106844305120167,0.049010895968452,-0.2504947268754284,0.2106844305120167,0.049010895968452,1.0668915075473393,-0.1664955058258545,0.0319459089226221,-0.0134792811981554,0.0179642924533777,0.0751064131017766,-0.7197094996485421,1,False,,,,,,,,,,,,,,False,0,False,False,False,False,0.7368204757267587,1,0,False,False,1
593,2025-06-04,2025-06-05,2025-06-09,2025,2025-06,0,-0.0135612549953453,0.6551399106234348,0.002871564153521,1,1,1,True,0.2973287228145565,0.2580821443292731,0.601069880410319,-0.4782341225840566,-0.0833333333333333,0.795573550273404,0.0909090909090909,0.5895514927783865,0.2962027404125174,0.741726091161158,2025-06,0.6551399106234348,False,1,0.3102798212468696,0.002871564153521,True,1,2025-06-03,1,-0.0527162227131565,-1.942191972488529,0.0531086272556713,0.2872426322163908,0.076558201704374,-2.5858330506614866,-0.2872426322163908,-0.076558201704374,0.9946624904105174,-0.2144280417618732,-0.2582723950037793,0.012893793431631,-0.1425219889990899,0.0168124730026768,-3.108747832556274,0,True,0.7183098591549295,0.528169014084507,0.5940594059405941,0.12142857142857143,0.6594202898550725,0.09285714285714285,0.6304347826086957,0.0,0.0,0.0,0.7183098591549295,0.12142857142857143,0.5968812877263581,False,0,False,False,False,False,-0.4194984243868531,0,1,False,False,0
594,2025-06-05,2025-06-06,2025-06-10,2025,2025-06,0,-0.0172647940826273,0.4174759959874504,-0.0065872631241141,0,0,0,True,0.6307452913855289,0.3581809363415407,-0.2035890666019775,-0.4421855570416606,0.0833333333333333,0.8477319006964541,0.0833333333333333,0.611817688952785,0.4022718944248104,0.1522680993035459,2025-06,0.4174759959874504,False,0,0.1650480080250992,0.0065872631241141,True,0,2025-06-04,1,-0.0442210190110703,-2.024144640332858,0.1328885016636793,0.278381773292329,-0.0088608589240617,-1.8044097605289788,0.278381773292329,-0.0088608589240617,-0.2022875445600614,0.0291005023569769,-0.0246786705724194,0.0150319913092762,-0.0188326395635669,0.0003054055322699,-1.938283648492708,0,True,0.5555555555555556,0.7291666666666666,0.9019607843137255,0.7183098591549295,0.12142857142857143,0.528169014084507,0.09285714285714285,0.5940594059405941,0.0,0.5940594059405941,0.7291666666666666,0.7183098591549295,0.010856807511737121,False,0,False,False,False,False,1.3580798131468006,0,0,False,False,0
595,2025-06-06,2025-06-09,2025-06-11,2025,2025-06,0,-0.0053629043332633,0.2027882623156972,-0.0165238541290886,0,0,0,True,2.079172542236872,0.2003218224731633,0.865670453808274,-2.393234793457581,0.0833333333333333,1.0,0.1666666666666666,0.5498308937658286,0.8687703583282425,0.0,2025-06,0.2027882623156972,False,0,0.5944234753686056,0.0165238541290886,True,0,2025-06-05,1,0.3025271541564951,-0.5889793697863663,0.4256461923269302,0.4513284246479465,0.1729466513556175,-0.5812687277900921,0.4513284246479465,0.1729466513556175,0.2018877611243263,0.0352933186847685,-0.0302145829951741,0.331169477966255,0.2008183701065947,0.3020692462424961,-0.9622709550940493,0,True,0.0410958904109589,0.363013698630137,0.8543689320388349,0.5555555555555556,0.7183098591549295,0.7291666666666666,0.528169014084507,0.9019607843137255,0.5940594059405941,0.9019607843137255,0.363013698630137,0.7291666666666666,-0.36615296803652964,False,0,False,False,False,False,-3.1059858932907103,0,0,False,False,0
596,2025-06-09,2025-06-10,2025-06-12,2025,2025-06,1,0.0127729809028731,0.6794668241679992,0.0022865404991989,1,0,1,True,0.5067865531238607,0.47719121213981,-0.3879866118574838,-1.0595700628618303,0.0,0.7589707844150918,0.0476190476190476,0.4603593322268112,0.1809563155979969,0.5565580051922888,2025-06,0.6794668241679992,False,1,0.3589336483359984,0.0022865404991989,True,0,2025-06-06,3,-0.1772226844927455,-1.2231857081055684,-0.1558463711705151,0.3106133086998119,-0.1407151159481345,-0.93712866987864,-0.3106133086998119,0.1407151159481345,-0.5568483678368021,0.0183448067110829,-0.0282223857349164,0.0886095329964204,0.2010957992033646,-0.0466413824474205,-0.1086511874804166,1,True,0.6554054054054054,0.32432432432432434,0.0,0.0410958904109589,0.5555555555555556,0.363013698630137,0.7291666666666666,0.8543689320388349,0.9019607843137255,0.9019607843137255,0.6554054054054054,0.363013698630137,0.2923917067752684,False,0,False,False,False,False,0.9971385643535084,1,1,False,True,0
597,2025-06-10,2025-06-11,2025-06-13,2025,2025-06,1,0.0274326797376551,0.5100679109617428,-0.0017256207797053,0,1,1,False,0.2671773441634451,0.4069217539830802,-0.1927497286885976,0.7570190323777386,0.0833333333333333,0.5382311400292725,0.0625,0.5072286363728848,0.1531239594804467,0.4617688599707275,2025-06,0.5100679109617428,False,1,0.0201358219234855,0.0017256207797053,False,0,2025-06-09,1,-0.252542254859275,-2.1763217598035105,-0.2574163161973562,0.1888200443218307,-0.1217932643779811,-1.5757805900228794,0.1888200443218307,-0.1217932643779811,-0.3524066237467042,0.0122857776048881,0.2939699963534601,-0.2034829260427294,-0.1528398678930555,-0.4731451945003826,-1.65754331242408,1,True,,,,,,,,,,,,,,False,0,False,False,False,False,2.5773252492081986,1,0,False,False,0
598,2025-06-11,2025-06-12,2025-06-16,2025,2025-06,1,0.0234489827422115,0.6468123592866593,0.0023623622054014,1,0,1,True,0.2866626280370426,0.2717490831546167,-0.7929806627654553,-0.380672975952088,0.0833333333333332,0.9999988949756498,0.0833333333333333,0.6277229702847676,0.2610467760983163,0.7107547645329308,2025-06,0.6468123592866593,False,1,0.2936247185733185,0.0023623622054014,True,0,2025-06-10,1,0.093627549327083,-1.506387840370717,0.1384625547110335,0.2161702594481926,0.0273502151263618,-1.8909326151341592,-0.2161702594481926,-0.0273502151263618,-0.3993880527652569,-0.1525877278484271,-0.1590183675383428,0.2297677503397356,-0.0634562747242751,0.1616622735990667,-2.4291981601610813,1,True,0.76,0.7933333333333333,0.0,0.6554054054054054,0.0410958904109589,0.32432432432432434,0.363013698630137,0.0,0.8543689320388349,0.8543689320388349,0.7933333333333333,0.6554054054054054,0.13792792792792796,False,0,False,False,False,False,-0.6416084830402314,1,1,False,True,0
599,2025-06-12,2025-06-13,2025-06-17,2025,2025-06,1,0.0059635245717362,0.6359569994868678,0.0074703959275659,1,0,1,True,1.0233416956511394,0.5263445244670233,1.188550325241848,-0.4706739520822219,0.3333333333333332,0.7809513939852539,0.0714285714285714,0.6667616150562602,0.5471212729963562,0.6259467327635593,2025-06,0.6359569994868678,False,1,0.2719139989737356,0.0074703959275659,True,0,2025-06-11,1,0.2328787912189067,-0.4812761229722997,0.2484450421948093,0.4216814402907008,0.2055111808425082,-0.2286866318653158,-0.4216814402907008,-0.2055111808425082,0.4557064372063222,0.3022294332302477,0.3911610401156195,-0.1763020369773517,-0.2612492610087155,0.3086541954506234,0.0876944296342726,1,True,0.6513157894736842,0.4605263157894737,0.0,0.76,0.6554054054054054,0.7933333333333333,0.32432432432432434,0.0,0.0,0.0,0.6513157894736842,0.7933333333333333,-0.14201754385964915,False,0,False,False,False,False,0.2348796997259817,1,1,False,False,0
600,2025-06-13,2025-06-16,2025-06-18,2025,2025-06,0,-0.0114239908601214,0.4265029141314525,0.0022664504519767,1,1,0,False,0.3539886737099603,0.2708700100190127,-0.04216750043723,-0.3161336570661506,0.0833333333333332,0.8455816322532022,0.0555555555555555,0.4896417101621942,0.1339386867271686,0.4535655632608271,2025-06,0.4265029141314525,False,0,0.1469941717370949,0.0022664504519767,False,0,2025-06-12,1,0.1375956534896545,0.0903384435528795,0.0977419424195616,0.4523667462211615,0.0306853059304606,1.431338065357306,-0.4523667462211615,-0.0306853059304606,0.4172597200273129,-0.2458915285435112,-0.4256574440907442,-0.0860696458955296,0.1123282961668963,0.2056303777616381,1.4931672878514402,0,True,,,,,,,,,,,,,,False,0,False,False,False,False,-0.2539033115144987,0,1,False,False,0
601,2025-06-16,2025-06-17,2025-06-19,2025,2025-06,0,-0.0138044989847901,0.1349824049247202,-0.0089533529162491,0,0,0,True,0.8891633574603282,0.3328605309381673,0.1035200954214847,-1.280230159415124,0.4166666666666666,1.0,0.0416666666666666,0.6465485216287838,0.4128995441869262,0.0,2025-06,0.1349824049247202,False,0,0.7300351901505596,0.0089533529162491,True,0,2025-06-13,3,0.1379269840384882,0.6390786400700568,0.1310595731017635,0.4267958922339117,-0.0255708539872498,1.3767556035414508,0.4267958922339117,-0.0255708539872498,-0.6310615073786355,0.031068287846898,-0.0585692659005788,0.3164543426990437,0.1098496869276896,0.2986978822609405,0.6251072242078988,0,True,0.18181818181818182,0.5324675324675324,0.7242990654205608,0.6513157894736842,0.76,0.4605263157894737,0.7933333333333333,0.0,0.0,0.0,0.5324675324675324,0.6513157894736842,-0.11884825700615176,False,0,False,False,False,False,-0.7831539899256748,0,0,False,False,0
602,2025-06-17,2025-06-18,2025-06-20,2025,2025-06,0,-0.0075419393374653,0.4159218617420707,0.0024148639593768,1,1,0,False,0.3640417631353674,0.4604935131143408,0.1556882719007705,0.297442125737679,0.0,0.344502693576402,0.1,0.4069331061448715,0.344502693576402,0.9999985734074492,2025-06,0.4159218617420707,False,0,0.1681562765158586,0.0024148639593768,False,0,2025-06-16,1,-0.3422994331437241,-0.6763799776215204,-0.4121967777866956,0.2283141536001112,-0.1984817386338004,-0.695012182608123,-0.2283141536001112,0.1984817386338004,0.631494887544917,-0.0411379545264724,0.1302254413361755,0.185108183162389,0.1464265626570151,-0.1968708104789485,-0.9216130798554067,0,True,,,,,,,,,,,,,,False,0,False,False,False,False,1.6761533124228782,0,1,False,False,0
603,2025-06-18,2025-06-19,2025-06-23,2025,2025-06,0,-0.0054416052785622,0.3670455473365976,-0.0033720254759526,0,0,0,True,0.5644585816664365,0.423263596835639,-0.9145537012026578,-1.1354023283680503,0.0833333333333333,0.8176878060458609,0.0555555555555555,0.4299401175530967,0.3871760502722965,0.1823121939541391,2025-06,0.3670455473365976,True,0,0.2659089053268048,0.0033720254759526,True,0,2025-06-17,1,0.0910229492197007,-0.2648376642961147,0.039077040233619,0.2329264442807534,0.0046122906806422,-0.0539247496457892,0.2329264442807534,0.0046122906806422,-1.4473036539236943,-0.0364883409959836,-0.0800488048156438,-0.0043483304940213,0.0570080227522724,-0.0572196139606759,0.4233740605362446,0,True,0.4871794871794872,0.532051282051282,0.8657407407407407,0.18181818181818182,0.6513157894736842,0.5324675324675324,0.4605263157894737,0.7242990654205608,0.0,0.7242990654205608,0.532051282051282,0.5324675324675324,-0.0004162504162503744,False,0,False,False,False,False,0.7074984149602973,0,0,False,False,0
604,2025-06-19,2025-06-20,2025-06-24,2025,2025-06,0,-0.0152320974299719,0.5755047291384283,0.002072416882898,1,1,1,True,0.3098841025629361,0.3891105118048586,-1.1521725479630092,-0.2930417826352332,-0.0833333333333333,0.9725837737152092,0.0666666666666666,0.4082808720705482,0.2744615995173424,0.9165621846191132,2025-06,0.5755047291384283,False,1,0.1510094582768566,0.002072416882898,True,1,2025-06-18,1,-0.153471719270783,-0.8612504151636757,-0.2048967082353883,0.3948952064743722,0.1619687621936188,-0.2928680157212713,-0.3948952064743722,-0.1619687621936188,-1.2809699044087657,-0.1125209558359546,-0.0834358745228416,-0.0794375131422227,-0.2279325494883346,-0.0839430235549496,-0.6713117479286467,1,False,,,,,,,,,,,,,,False,0,False,False,False,False,0.1253800246938402,1,1,False,False,1
605,2025-06-20,2025-06-23,2025-06-25,2025,2025-06,0,-0.0098090654787751,0.718690521691482,0.0053068048806661,1,1,1,True,0.6155923670032805,0.4258447468583967,1.0586815126738198,-0.5014110806619517,-0.0833333333333333,0.69952182713185,0.0434782608695652,0.7085996759584781,0.5153310431418102,0.99999902892408,2025-06,0.718690521691482,False,1,0.4373810433829639,0.0053068048806661,True,1,2025-06-18,2,-0.153471719270783,-0.8612504151636757,-0.2048967082353883,0.3948952064743722,0.1619687621936188,-0.2928680157212713,-0.3948952064743722,-0.1619687621936188,-0.0019129761989422,0.0909560970822427,0.4969381691226687,-0.0908521854210531,-0.1106731443022907,-0.022890417225458,0.6992855416848617,1,False,0.6812499999999999,0.5062500000000001,0.6330275229357798,0.4871794871794872,0.18181818181818182,0.532051282051282,0.5324675324675324,0.8657407407407407,0.7242990654205608,0.8657407407407407,0.6812499999999999,0.532051282051282,0.14919871794871786,False,0,False,False,False,False,1.874133976704178,1,1,False,True,1
606,2025-06-23,2025-06-24,2025-06-26,2025,2025-06,0,-0.0068027473227525,0.501506678422067,0.0021750804581799,1,1,1,True,0.1847422077038285,0.68317182493303,1.280362578769286,-0.268916782327524,0.0833333333333332,0.2204519637128542,0.0434782608695652,0.6708388359234898,0.1164851125946003,0.9999994644560748,2025-06,0.501506678422067,False,1,0.0030133568441339,0.0021750804581799,True,1,2025-06-20,3,0.4468065640263621,0.9136111564280928,0.4726516771596948,0.1446351931330472,-0.2502600133413251,0.8261019036282503,-0.1446351931330472,0.2502600133413251,1.6021218542801623,0.110418681094249,0.0668256249812512,0.1957422809299672,0.1396732161091026,0.252446060121164,1.1289812238952526,1,False,0.9320987654320987,0.38271604938271603,0.8045454545454546,0.6812499999999999,0.4871794871794872,0.5062500000000001,0.532051282051282,0.6330275229357798,0.8657407407407407,0.8657407407407407,0.9320987654320987,0.6812499999999999,0.2508487654320988,False,0,False,False,False,False,1.3780248542505775,1,1,False,True,1
607,2025-06-24,2025-06-25,2025-06-27,2025,2025-06,0,-0.0100670721151231,0.3602501032842025,-0.0016227915569935,0,0,0,True,0.2460969043337259,0.2200366596452695,2.098979413054104,-1.097514753026924,0.1666666666666666,0.7304451553145752,0.0416666666666666,0.5836103982979788,0.0716036904801418,0.2695548446854248,2025-06,0.3602501032842025,True,0,0.279499793431595,0.0016227915569935,True,0,2025-06-23,1,-0.3569971001368142,-0.4487335130897376,-0.3929941691108229,0.406756953075818,0.2621217599427707,1.030146024544207,0.406756953075818,0.2621217599427707,1.7829706227937197,-0.1745993167329226,0.0249830876508067,0.1542034511302927,0.2553236546337846,-0.3969516075620305,0.6657323192734992,0,True,0.5670731707317073,0.8109756097560976,0.0,0.9320987654320987,0.6812499999999999,0.38271604938271603,0.5062500000000001,0.8045454545454546,0.6330275229357798,0.8045454545454546,0.8109756097560976,0.9320987654320987,-0.12112315567600107,False,0,False,False,False,False,1.4720386097455993,0,0,False,False,0
608,2025-06-25,2025-06-26,2025-06-30,2025,2025-06,0,-0.0136827572386252,0.4005963621736683,0.0014114856793607,1,1,0,False,0.316224263696082,0.3739685951472006,-0.8362945620313048,-0.3088106822082834,-0.1666666666666666,0.8043481761807034,0.0526315789473684,0.3923748246708712,0.2267810120812355,0.9999983933169468,2025-06,0.4005963621736683,False,0,0.1988072756526634,0.0014114856793607,False,0,2025-06-24,1,0.1822058981034295,0.3164527430910857,0.2451936459644813,0.0602663551995124,-0.3464905978763055,1.504110660618964,-0.0602663551995124,0.3464905978763055,-0.378380104744299,-0.0985415909439457,-2.652515255219257e-07,0.207730416929491,0.3646813466101437,0.0713127178442736,0.9811958787241768,0,True,,,,,,,,,,,,,,False,0,False,False,False,False,0.6818437090204358,0,1,False,False,0
609,2025-06-26,2025-06-27,2025-07-01,2025,2025-06,1,0.0008827908733144,0.291652614417887,-0.0060542034180617,0,1,0,True,1.001650932914577,0.4359799158529155,1.956510273912808,-0.2975132181413337,-0.0833333333333332,0.6772122253824978,0.0526315789473684,0.4255811330114,0.6772111068024633,0.3227877746175022,2025-06,0.291652614417887,False,0,0.416694771164226,0.0060542034180617,True,1,2025-06-25,1,-0.5696042365150422,-1.926959381239528,-0.6115175549034213,0.1699332459536074,0.1096668907540949,-0.3019712921321746,0.1699332459536074,0.1096668907540949,1.2213404800678132,0.1015048900708546,0.1266632202228766,-0.0750445950841436,0.0946831956610013,-0.5836361390886946,0.3398682002561233,0,False,0.6144578313253012,0.4939759036144578,0.0,0.5670731707317073,0.9320987654320987,0.8109756097560976,0.38271604938271603,0.0,0.8045454545454546,0.8045454545454546,0.6144578313253012,0.8109756097560976,-0.19651777843079643,False,0,False,False,False,False,0.952738884336824,0,0,False,False,1
610,2025-06-27,2025-06-30,2025-07-02,2025,2025-06,1,0.0157745072538324,0.3776450627491127,-0.0034626132386623,0,1,0,True,0.6821530832096104,0.1887611571864195,0.7542787609996817,-0.9532677094224444,0.3333333333333333,0.8688541111209693,0.0625,0.6421640799121313,0.2073852712839076,0.1311458888790306,2025-06,0.3776450627491127,True,0,0.2447098745017746,0.0034626132386623,True,1,2025-06-26,1,0.1843686891441969,-1.091879609468545,0.2745808079027664,0.2872237405582216,0.1172904946046141,0.5472395161399823,0.2872237405582216,0.1172904946046141,0.3342434764460343,-0.0924119499017199,-0.0308727437829781,-0.189210329469094,0.0186736729041578,0.2688449876614598,1.5743589119013202,0,False,0.47023809523809523,0.6964285714285714,0.0,0.6144578313253012,0.5670731707317073,0.4939759036144578,0.8109756097560976,0.0,0.0,0.0,0.6964285714285714,0.6144578313253012,0.08197074010327021,False,0,False,False,False,False,0.9184575081211784,0,0,False,False,1
611,2025-06-30,2025-07-01,2025-07-03,2025,2025-07,1,0.0219556897411934,0.6994094419808483,0.0041898997093721,1,0,1,True,0.8535872079423431,0.3076174231194833,-1.017136402010102,-1.0611900341146008,0.3333333333333332,0.9145748726013032,0.0434782608695652,0.4026395554610316,0.3205439852803112,0.3648636031062953,2025-07,0.6994094419808483,False,1,0.3988188839616966,0.0041898997093721,True,0,2025-06-27,3,0.3535162020095495,0.8031532458591739,0.376160239085123,0.1467188237674512,-0.1405049167907703,1.538647621536133,-0.1467188237674512,0.1405049167907703,-1.4494609621608443,-0.0516476232683663,-0.0321409505951614,0.0852699290181786,0.2622281597627503,0.5072095805989765,0.7368311148855736,1,True,0.40588235294117647,0.4764705882352941,0.7850877192982456,0.47023809523809523,0.6144578313253012,0.6964285714285714,0.4939759036144578,0.0,0.0,0.0,0.4764705882352941,0.6964285714285714,-0.2199579831932773,False,0,False,False,False,False,-0.0847743551487899,1,1,False,False,0
612,2025-07-01,2025-07-02,2025-07-04,2025,2025-07,0,-0.0028306780323148,0.4511648204962801,-0.0009676050916649,0,0,0,True,0.2451659694079569,0.7770320193059912,-1.2123475850892538,1.3324884418331635,-0.1666666666666667,0.3410802408382325,0.0714285714285714,0.3747502239756346,0.0606320087956579,0.6589197591617675,2025-07,0.8,True,1,0.6000000000000001,0.0009676050916649,False,1,2025-06-30,1,-0.4508556431393025,-1.5480698965837305,-0.4095535336603664,0.5642887089300294,0.4175698851625781,0.3239863035859203,0.5642887089300294,0.4175698851625781,-1.259928428102067,0.4119101605743236,0.3837541886897425,0.2879836186714507,0.3947610024733288,-0.5582762683823699,-0.8565832759019996,1,False,,,,,,,,,,,,,,False,0,False,False,False,False,2.652400387557821,1,0,False,False,1
613,2025-07-02,2025-07-03,2025-07-07,2025,2025-07,0,-0.0097826049169539,0.680199969951642,0.0065548490483475,1,1,1,True,1.224602290118624,0.3518373258765324,-0.316860214631466,-0.6644215488566633,0.1666666666666667,0.9748758885017242,0.0416666666666666,0.4914582681203993,0.920069784047412,0.4805330859513023,2025-07,0.680199969951642,False,1,0.360399939903284,0.0065548490483475,True,1,2025-07-01,1,0.1986295480261617,-0.4040844181471369,0.2587033661055954,0.3432698730794923,-0.221018835850537,0.3930918541504727,-0.3432698730794923,0.221018835850537,-0.996924258276424,0.1632362520578519,0.2357740968341561,-0.1766391802238912,0.1410341352634737,0.0555557990003094,0.9832032900678742,1,False,0.39534883720930236,0.2558139534883721,0.0,0.40588235294117647,0.47023809523809523,0.4764705882352941,0.6964285714285714,0.7850877192982456,0.0,0.7850877192982456,0.39534883720930236,0.4764705882352941,-0.08112175102599173,False,0,False,False,False,False,-0.543504738208415,1,1,False,False,1
614,2025-07-03,2025-07-04,2025-07-08,2025,2025-07,0,-0.008318081607495,0.2125605904109816,-0.0096944344162412,0,0,0,True,1.0623473511441548,0.2825489803260571,1.0056486079646518,-0.7425612484529984,-0.0,1.0,0.0434782608695652,0.5749152840390026,0.8539369129919776,0.0,2025-07,0.2125605904109816,False,0,0.5748788191780367,0.0096944344162412,True,0,2025-07-02,1,-0.2249879204634162,-1.5257043106050925,-0.1681988323685289,0.5014179369018079,0.1581480638223156,-0.3679830937931966,0.5014179369018079,0.1581480638223156,0.0754502550644354,0.1146662539530455,-0.0679518417307659,0.2947221581536274,0.143164368729222,-0.2926907651993886,0.1737124397611634,0,True,,,,,,,,,,,,,,False,0,False,False,False,False,-2.206850623707155,0,0,False,False,0
615,2025-07-04,2025-07-07,2025-07-09,2025,2025-07,0,-0.0137881143854163,0.4454797513325787,-0.0017935237359427,0,0,0,True,0.6155831109316879,0.603349447685655,1.352460941989322,-0.4214699058604807,-0.0,0.3565136153232746,0.0555555555555555,0.5509568907176203,0.3495160759807699,0.6434863846767254,2025-07,0.4454797513325787,True,0,0.1090404973348425,0.0017935237359427,True,0,2025-07-03,1,0.1236026909776999,-0.8097414052659401,0.111468515862262,0.284435168978053,-0.2169827679237548,-0.7550061039320919,0.284435168978053,-0.2169827679237548,1.082699401837813,0.1872071862914803,0.4727047507020364,0.0602714572678808,-0.2480293714388292,0.2027060253285935,-1.2242208767052056,0,True,,,,,,,,,,,,,,False,0,False,False,False,False,2.1120726142165167,0,0,False,False,0
616,2025-07-07,2025-07-08,2025-07-10,2025,2025-07,1,0.0060464143316681,0.7027096289387501,0.0080398572361417,1,0,1,True,1.7041538804808554,0.5202713897224903,-0.7038231597397457,-1.850200153725996,0.0,0.9915427240266024,0.05,0.4036279908101792,0.7562433729434169,0.928942202920157,2025-07,0.7027096289387501,False,1,0.4054192578775002,0.0080398572361417,True,0,2025-07-03,4,0.1236026909776999,-0.8097414052659401,0.111468515862262,0.284435168978053,-0.2169827679237548,-0.7550061039320919,-0.284435168978053,0.2169827679237548,-1.3444582548437245,0.1989645347170457,0.5021315541724951,0.0518543533001386,0.3156915872199854,-0.0306537110351232,-1.0786327128773776,1,True,0.1781609195402299,0.1839080459770115,0.0,0.39534883720930236,0.40588235294117647,0.2558139534883721,0.4764705882352941,0.0,0.7850877192982456,0.7850877192982456,0.1839080459770115,0.39534883720930236,-0.21144079123229087,False,0,False,False,False,False,-2.138360643708779,1,1,False,False,0
617,2025-07-08,2025-07-09,2025-07-11,2025,2025-07,1,0.0041452081642936,0.3418333213207987,-0.0068170006049541,0,1,0,True,0.9233554043946052,0.1987882977596179,1.2994724531127269,-1.1652154615436292,0.1666666666666666,0.893558280881678,0.0434782608695652,0.624369465482339,0.5226220770152497,0.106441719118322,2025-07,0.3418333213207987,True,0,0.3163333573584026,0.0068170006049541,True,1,2025-07-07,1,0.4175365161073436,1.193445746956505,0.4175555406252051,0.3167842406495408,0.0323490716714877,-0.7821313358983017,0.3167842406495408,0.0323490716714877,0.3908365176337373,-0.1327397986817005,-0.0343659906147045,0.062946376920646,0.0223772910319826,0.6528754712619911,-0.3203953896218112,0,False,0.32386363636363635,0.8181818181818182,0.0,0.1781609195402299,0.39534883720930236,0.1839080459770115,0.2558139534883721,0.0,0.0,0.0,0.8181818181818182,0.1839080459770115,0.6342737722048067,False,0,False,False,False,False,-1.1371025366123813,0,0,False,False,1
618,2025-07-09,2025-07-10,2025-07-14,2025,2025-07,1,0.0227022799495893,0.7861645098178858,0.0081883536946723,1,0,1,True,1.1413450787670578,0.4913988957335057,1.168270800259504,-0.7693102991579377,0.1666666666666667,0.8853749854399884,0.0526315789473684,0.4499685549314575,0.8811137655589354,0.6850564796235667,2025-07,0.7861645098178858,False,1,0.5723290196357715,0.0081883536946723,True,0,2025-07-08,1,0.0571877839394279,1.4240893267395685,0.0444027456377305,0.3230380618864458,0.006253821236905,-0.4038662696709809,-0.3230380618864458,-0.006253821236905,0.6127798033104882,0.2835151019278283,0.4103819833149911,-0.0331957831670484,-0.1621758990714256,0.2116944713043853,0.1862451662464205,1,True,0.4887640449438202,0.47752808988764045,0.6932773109243697,0.32386363636363635,0.1781609195402299,0.8181818181818182,0.1839080459770115,0.0,0.0,0.0,0.4887640449438202,0.8181818181818182,-0.32941777323799804,False,0,False,False,False,False,0.4469898528040559,1,1,False,False,0
619,2025-07-10,2025-07-11,2025-07-15,2025,2025-07,1,0.0100067396475669,0.5314379054293733,-0.0014822010840109,0,1,1,False,0.310863823561591,0.5777483066171631,1.40775387137515,0.0946748092194655,-0.0,0.2630913045509295,0.0588235294117647,0.4402615346609739,0.2630895295587749,0.7369086954490704,2025-07,0.5314379054293733,False,1,0.0628758108587466,0.0014822010840109,False,0,2025-07-09,1,-0.2335091603120176,0.2482712620681097,-0.347902884029461,0.1149109261421415,-0.2081271357443043,-1.0718369790660596,0.1149109261421415,-0.2081271357443043,1.137992331223641,0.2119186341558548,0.4918637846170501,-0.2483275858928694,-0.2391737392593786,-0.4541120999531252,-1.541051751839173,1,True,,,,,,,,,,,,,,False,0,False,False,False,False,2.3042532828569726,1,0,False,False,0
620,2025-07-11,2025-07-14,2025-07-16,2025,2025-07,1,0.0010036777389461,0.6830013836865345,0.0050186921798029,1,0,1,True,1.0545071064223497,0.359595441224311,1.4808074865268723,-1.1295364588995844,0.25,0.7833597370825559,0.0769230769230769,0.4026660792238128,0.407035323010846,0.2167584566702484,2025-07,0.6830013836865345,False,1,0.366002767373069,0.0050186921798029,True,0,2025-07-10,1,0.0138056718690737,0.2467115580656085,-0.0141603101807337,0.2682047136372116,0.15329378749507,-0.6555249881728047,-0.2682047136372116,-0.15329378749507,0.9301051458404732,0.1532150225183985,-0.1802460970312083,0.0701915603548973,-0.1953347287463106,0.1595013463234575,-0.3391439266732161,1,True,0.37222222222222223,0.26111111111111107,0.0,0.4887640449438202,0.32386363636363635,0.47752808988764045,0.8181818181818182,0.6932773109243697,0.0,0.6932773109243697,0.37222222222222223,0.4887640449438202,-0.11654182272159797,False,0,False,False,False,False,-0.4021502645289464,1,1,False,False,0
621,2025-07-14,2025-07-15,2025-07-17,2025,2025-07,0,-0.0102348921556731,0.3794835330960381,-0.0070478790054515,0,0,0,True,1.0334898976558975,0.5207514812807129,0.9747010810367902,-0.7526668152542435,0.0833333333333333,1.0,0.0434782608695652,0.5702047819602345,0.7985501741519253,0.0,2025-07,0.3794835330960381,True,0,0.2410329338079238,0.0070478790054515,True,0,2025-07-11,3,0.2407065056348791,1.3349863666435051,0.1649818051185736,0.4180898898087574,0.1498851761715458,0.4959326547369209,0.4180898898087574,0.1498851761715458,0.1490854955796637,0.154723215215253,-0.1890624603597791,0.2845132651138786,0.1778651186546819,0.1506267692018763,0.4507741455241905,0,True,0.17032967032967034,0.5659340659340659,0.0,0.37222222222222223,0.4887640449438202,0.26111111111111107,0.47752808988764045,0.0,0.6932773109243697,0.6932773109243697,0.5659340659340659,0.37222222222222223,0.1937118437118437,False,0,False,False,False,False,-1.401925147486957,0,0,False,False,0
622,2025-07-15,2025-07-16,2025-07-18,2025,2025-07,0,-0.0023543096210733,0.273666796262337,-0.0108683552720769,0,0,0,True,1.511289657641656,0.2330991456302283,-0.4368077537150291,-1.478186753524702,-0.0,1.0,0.0555555555555555,0.7292427139198736,0.9155721247096312,0.0,2025-07,0.273666796262337,False,0,0.452666407475326,0.0108683552720769,True,0,2025-07-14,1,-0.0805235820591274,0.8576044733970091,-0.1796690455068688,0.2784490367349423,-0.139640853073815,-0.7980181672363376,0.2784490367349423,-0.139640853073815,-1.3082793504864627,-0.0270035237028859,-0.0271485385061424,0.0522359942199869,-0.1224064919902099,-0.1364129874571684,-0.4300350734431409,0,True,0.10869565217391305,0.14130434782608695,0.8719008264462811,0.17032967032967034,0.37222222222222223,0.5659340659340659,0.26111111111111107,0.0,0.0,0.0,0.14130434782608695,0.5659340659340659,-0.424629718107979,False,0,False,False,False,False,-2.8975840835847206,0,0,False,False,0
623,2025-07-16,2025-07-17,2025-07-21,2025,2025-07,1,0.006923334129971,0.5527768089873727,0.0008075732862966,1,0,1,True,0.1289120701089816,0.3674731620438636,-0.5322962757569142,-0.3057386047250311,0.0833333333333332,0.6465507358088902,0.3333333333333333,0.4366031186886702,0.0938330840829206,0.5251264533611045,2025-07,0.5527768089873727,False,1,0.1055536179747453,0.0008075732862966,True,0,2025-07-15,1,-0.1829788540537897,0.0164241743977871,-0.1825122978682369,0.4476674241411576,0.1692183874062153,-0.9923548669149216,-0.4476674241411576,-0.1692183874062153,-0.1109125838094305,-0.2045323913512168,-0.408047386113719,-0.1927416012389786,-0.2875700521137673,-0.4636926404560721,-1.5438033848396433,1,True,0.7795698924731183,0.2956989247311828,0.0,0.10869565217391305,0.17032967032967034,0.14130434782608695,0.5659340659340659,0.8719008264462811,0.0,0.8719008264462811,0.7795698924731183,0.14130434782608695,0.6382655446470313,False,0,False,False,False,False,1.806415109798016,1,1,False,True,0
624,2025-07-17,2025-07-18,2025-07-22,2025,2025-07,1,0.0167690715569092,0.6749276138634425,0.0026611359577213,1,0,1,True,0.4478658635149656,0.4920248753074407,-0.0062660889543997,0.2584820729270267,0.0,0.6753105275469523,0.1111111111111111,0.5465311396702628,0.2446164556047099,0.9999990807818184,2025-07,0.6749276138634425,False,1,0.3498552277268849,0.0026611359577213,True,0,2025-07-16,1,0.2443912105161771,1.2442751797542004,0.2928910943003736,0.4409557296485925,-0.006711694492565,0.6110017617580846,-0.4409557296485925,0.006711694492565,-0.175127844933718,0.0331784698787137,0.4152186898546132,-0.04173288795236,-0.0293943651053482,0.3881292006107379,1.5481304316367246,1,True,0.851063829787234,0.5106382978723404,0.0,0.7795698924731183,0.10869565217391305,0.2956989247311828,0.14130434782608695,0.0,0.8719008264462811,0.8719008264462811,0.851063829787234,0.7795698924731183,0.0714939373141158,False,0,False,False,False,False,1.7401644468281376,1,1,False,True,0
625,2025-07-18,2025-07-21,2025-07-23,2025,2025-07,1,0.0231661482430736,0.5250510427255733,0.0001284469717415,1,0,1,True,0.039020246930903,0.2950502693433551,0.5469458985487665,-0.9961301050337206,-0.1666666666666666,0.5464691600903939,0.125,0.4536645909803828,0.0162276349810265,0.4535295765372774,2025-07,0.5250510427255733,False,1,0.0501020854511466,0.0001284469717415,True,0,2025-07-17,1,-0.3715790604858693,-0.5698702670487262,-0.4186592508673118,0.5042922820293747,0.0633365523807821,0.5744753847782301,-0.5042922820293747,-0.0633365523807821,0.6006263453614935,-0.1647391634277606,-0.5464689096276598,-0.2228315775685084,-0.1343938335314266,-0.4824722407450252,0.4110926155817811,1,True,0.7421052631578948,0.7736842105263158,0.6487603305785123,0.851063829787234,0.7795698924731183,0.5106382978723404,0.2956989247311828,0.0,0.0,0.0,0.7736842105263158,0.851063829787234,-0.0773796192609183,False,0,False,False,False,False,2.5627992921836613,1,1,True,False,0
626,2025-07-21,2025-07-22,2025-07-24,2025,2025-07,0,-0.0003123071342947,0.7076320020670475,0.009306326490428,1,1,1,True,1.5718861001416184,0.0775927317773975,1.887939421454608,-1.9763339048903164,0.3333333333333332,0.9406770897333192,0.0714285714285714,0.4841952029649034,0.5900767693941326,0.1319659096300657,2025-07,0.7076320020670475,False,1,0.4152640041340949,0.009306326490428,True,1,2025-07-18,3,-0.3307240054355045,-2.035353437605428,-0.3007272493459584,0.4207438803403053,-0.0835484016890694,-0.7884080099676816,-0.4207438803403053,0.0835484016890694,0.9636495986908068,-0.0482036131981234,-0.0839429149957237,-0.1557160978853465,0.064242362767747,-0.3098455899898855,-0.6141597534580621,1,False,0.16145833333333334,0.14583333333333331,0.0,0.7421052631578948,0.851063829787234,0.7736842105263158,0.5106382978723404,0.6487603305785123,0.0,0.6487603305785123,0.16145833333333334,0.7736842105263158,-0.6122258771929824,False,0,False,False,False,False,-3.897515703298276,1,1,False,False,1
627,2025-07-22,2025-07-23,2025-07-25,2025,2025-07,0,-0.0115862381634523,0.7791383757159744,0.0112002180215213,1,1,1,True,1.6060259858241532,0.2099897918508732,1.348170413064485,-1.5167751965920508,0.0833333333333332,0.8921315206999051,0.05,0.6052667095107717,0.8030095260652517,0.3052215466817461,2025-07,0.7791383757159744,False,1,0.5582767514319489,0.0112002180215213,True,1,2025-07-21,1,0.595895692086156,0.6928268046189902,0.7401785503897788,0.3053448395852182,-0.1153990407550871,1.0317279636196897,-0.3053448395852182,0.1153990407550871,0.2522627389564771,-0.0357651198943906,-0.1215891020659157,0.0263141799752744,0.1561327820998252,0.715975260699997,1.0686050960141444,1,False,0.34536082474226804,0.16494845360824742,0.8636363636363636,0.16145833333333334,0.7421052631578948,0.14583333333333331,0.7736842105263158,0.0,0.6487603305785123,0.6487603305785123,0.34536082474226804,0.16145833333333334,0.1839024914089347,False,0,False,False,False,False,-2.84584140088766,1,1,False,False,1
628,2025-07-23,2025-07-24,2025-07-28,2025,2025-07,0,-0.0271722524378878,0.181610825144032,-0.0113136455607669,0,0,0,True,1.6758649316734198,0.2052879097268123,-0.3088092595851466,-1.5016007785170564,0.0833333333333333,1.0,0.0769230769230769,0.4435081794869639,0.9235828538463302,0.0,2025-07,0.181610825144032,False,0,0.6367783497119359,0.0113136455607669,True,0,2025-07-22,1,0.2223006725624383,1.739103017962876,0.2312996760370044,0.435759286488575,0.1304144469033568,2.556000257693688,0.435759286488575,0.1304144469033568,-1.407511249428497,0.0377464611068212,-0.0302145829951741,0.3156003398068835,0.1154430543245958,0.2820271781243626,2.228404540475386,0,True,0.0816326530612245,0.3673469387755102,0.8925619834710743,0.34536082474226804,0.16145833333333334,0.16494845360824742,0.14583333333333331,0.8636363636363636,0.0,0.8636363636363636,0.3673469387755102,0.34536082474226804,0.021986114033242188,False,0,True,False,False,False,-3.626474971772129,0,0,False,False,0
629,2025-07-24,2025-07-25,2025-07-29,2025,2025-07,0,-0.0109325030205784,0.4080310945560508,-0.0010022893362826,0,0,0,True,0.2107807312652973,0.4864506446166352,-0.6892023287210418,-0.85925766681225,0.1666666666666666,0.7248834842065608,0.1428571428571428,0.5420547398122241,0.0986322953032108,0.2751165157934392,2025-07,0.4080310945560508,True,0,0.1839378108878984,0.0010022893362826,True,0,2025-07-23,1,0.1574149623079375,2.190042135648584,0.0853580604592579,0.3526727876978539,-0.0830864987907211,1.4614186384672183,0.3526727876978539,-0.0830864987907211,-1.034361732084119,0.1596951255487214,0.0305447587588211,0.0241017546663174,-0.1393889759561592,0.138657581279153,0.9459768771983494,0,True,0.6111111111111112,0.5808080808080808,0.0,0.0816326530612245,0.34536082474226804,0.3673469387755102,0.16494845360824742,0.8925619834710743,0.8636363636363636,0.8925619834710743,0.6111111111111112,0.3673469387755102,0.24376417233560094,False,0,True,False,False,False,2.0803659295893167,0,0,False,True,0
630,2025-07-25,2025-07-28,2025-07-30,2025,2025-07,0,-0.0044622208416309,0.5199852749354626,0.0004691630009094,1,1,1,True,0.0726381987297477,0.5864808548582321,-0.5524417711003891,0.6360902505363876,-0.1666666666666666,0.4374185581782057,0.1666666666666666,0.4892143684179397,0.035470162846067,0.9999992439693076,2025-07,0.5199852749354626,False,1,0.0399705498709253,0.0004691630009094,True,1,2025-07-24,1,-0.1375598659119514,1.4120023081092563,-0.192221518118983,0.3634684749675371,0.0107956872696832,1.441914286255387,-0.3634684749675371,-0.0107956872696832,-0.498761324287662,0.2265370315232844,1.25866741917946e-06,-0.055548170332707,-0.0232668855456473,-0.2484530461711074,1.2785315170589382,1,False,0.965,0.965,0.5371900826446281,0.6111111111111112,0.0816326530612245,0.5808080808080808,0.3673469387755102,0.0,0.8925619834710743,0.8925619834710743,0.965,0.6111111111111112,0.3538888888888888,False,0,True,False,False,False,2.1975444702109743,1,1,False,True,1
631,2025-07-28,2025-07-29,2025-07-31,2025,2025-07,0,-0.0094507851657965,0.3228877406090833,-0.005876720196575,0,0,0,True,0.7602519172306147,0.2009981146067245,1.126568712578763,-0.8689928687684565,0.25,0.7334722673064227,0.1666666666666666,0.7532604755861655,0.5205885831901919,0.2665277326935774,2025-07,0.3228877406090833,True,0,0.3542245187818333,0.005876720196575,True,0,2025-07-25,3,-0.0955377377125081,0.9286307410975,-0.1970032288343233,0.2726960019051147,-0.0907724730624224,1.536732778739003,0.2726960019051147,-0.0907724730624224,0.1311671596643413,-0.1305299818345939,0.0895809628176119,0.0201424999595894,-0.0450995765358608,0.0901446881173324,1.4233794924749654,0,True,0.47029702970297027,0.5643564356435644,0.0,0.965,0.6111111111111112,0.965,0.5808080808080808,0.5371900826446281,0.0,0.5371900826446281,0.5643564356435644,0.965,-0.40064356435643556,False,0,True,False,False,False,1.0282222476860423,0,0,False,False,0
632,2025-07-29,2025-07-30,2025-08-01,2025,2025-07,0,-0.0090938556275445,0.5068553074904201,0.0002429634352001,1,1,1,True,0.044058631332841,0.3651668337377144,-0.1126090846084674,-0.4759644164818281,-0.0833333333333333,0.9126104800264316,0.125,0.4081801795293321,0.0540505454149627,0.6723911046986825,2025-07,0.5068553074904201,False,1,0.0137106149808401,0.0002429634352001,True,1,2025-07-28,1,0.0350162412385728,0.9732703999667196,-0.1134865034278416,0.2184044295406691,-0.0542915723644456,0.9508511072160593,-0.2184044295406691,0.0542915723644456,0.3996194451759931,-0.0323331385086078,-0.1414282477090946,0.050585076644233,0.0418203740884815,-0.3483861102379801,0.3763757224378291,0,True,0.7254901960784313,0.5441176470588236,0.0,0.47029702970297027,0.965,0.5643564356435644,0.965,0.0,0.5371900826446281,0.5371900826446281,0.7254901960784313,0.5643564356435644,0.16113376043486694,False,0,True,False,False,False,0.3660444367564335,0,1,False,False,0
633,2025-07-30,2025-07-31,2025-08-04,2025,2025-07,1,0.0081755116652186,0.1428707700447238,-0.0138077198258415,0,1,0,True,1.4371377862170818,0.1669640920480315,0.0518784065054309,-1.320134519599937,0.0833333333333333,0.8699819862304967,0.2,0.551545490891828,0.8470123419462747,0.1300180137695032,2025-07,0.1428707700447238,False,0,0.7142584599105524,0.0138077198258415,True,1,2025-07-29,1,-0.0117511460450145,0.871337525439792,-0.0480780005419124,0.5076217393318816,0.2892173097912125,-0.0922953993532004,0.5076217393318816,0.2892173097912125,0.3606876660905775,-0.0005773565719595,0.105224919026624,0.1170548731566684,0.1599146347265364,-0.0122090539590136,-0.4732976266571576,1,True,0.22815533980582525,0.11650485436893204,0.8099173553719008,0.7254901960784313,0.47029702970297027,0.5441176470588236,0.5643564356435644,0.0,0.0,0.0,0.22815533980582525,0.7254901960784313,-0.4973348562726061,False,0,True,False,False,False,-1.859630166461161,1,0,False,False,0
634,2025-07-31,2025-08-01,2025-08-05,2025,2025-08,1,0.0169268139871317,0.2359825606550459,-0.0050698534584228,0,1,0,True,0.8370175025333954,0.4510575785772138,0.5759206528412142,-0.328924364148695,-0.25,0.7784321346290759,0.1,0.5159492825227743,0.7683763897690828,0.221567865370924,2025-08,0.2359825606550459,False,0,0.5280348786899083,0.0050698534584228,True,1,2025-07-30,1,-0.1341155585759441,0.2602396851200291,-0.1236320493513513,0.3791137341202361,-0.1285080052116455,-0.2953414975650603,0.3791137341202361,-0.1285080052116455,-0.3542777000590021,0.1616386758058239,0.0226315194464074,0.1114011695921279,-0.1434917003047391,-0.2018184033119165,-0.4852436107172762,0,False,0.5240384615384616,0.4182692307692308,0.0,0.22815533980582525,0.7254901960784313,0.11650485436893204,0.5441176470588236,0.8099173553719008,0.0,0.8099173553719008,0.5240384615384616,0.22815533980582525,0.2958831217326363,False,0,True,False,False,False,1.7098143121967608,0,0,False,False,1
635,2025-08-01,2025-08-04,2025-08-06,2025,2025-08,1,0.0203684042327494,0.8934409767002015,0.0189263615874768,1,0,1,True,1.5825691286183765,0.0918143304508011,0.8602185174565006,-1.5382231184574178,0.3333333333333332,0.9999995387367254,0.0454545454545454,0.8498552080465179,0.8730035519389259,0.1624978844490267,2025-08,0.8934409767002015,False,1,0.786881953400403,0.0189263615874768,True,0,2025-07-31,1,-0.3101452044137005,-1.0458790506440794,-0.2413555910123314,0.2827427027331325,-0.0963710313871035,-0.5944625850912758,-0.2827427027331325,0.0963710313871035,0.0588662726496755,-0.0168129967399685,0.026484250121363,-0.0147514488116571,0.1618203696140563,-0.2732918014517214,0.1253626451608953,1,True,0.15714285714285714,0.0380952380952381,0.0,0.5240384615384616,0.22815533980582525,0.4182692307692308,0.11650485436893204,0.0,0.8099173553719008,0.8099173553719008,0.15714285714285714,0.5240384615384616,-0.3668956043956044,False,0,True,False,False,False,-3.77189701321106,1,1,False,False,0
636,2025-08-04,2025-08-05,2025-08-07,2025,2025-08,1,0.0050185702955709,0.6420473860256194,0.0051717423658761,1,0,1,True,0.9603704924734824,0.4339047627653535,0.6557867536533987,-0.8907793287457318,0.3333333333333332,0.8375992346171048,0.0476190476190476,0.4618158209998083,0.5795936696378313,0.5001168138074606,2025-08,0.6420473860256194,False,1,0.2840947720512388,0.0051717423658761,True,0,2025-08-01,3,0.3768829669428886,0.4616465830176046,0.4801896480446075,0.5080864172510234,0.2253437145178908,1.416299888047418,-0.5080864172510234,-0.2253437145178908,0.1272262287015297,0.0437288669904215,0.1031122601060039,-0.2760976644653935,-0.1303732183401796,0.5305763455323156,0.9759163082784796,1,True,0.5283018867924528,0.5990566037735849,0.5371900826446281,0.15714285714285714,0.5240384615384616,0.0380952380952381,0.4182692307692308,0.0,0.0,0.0,0.5990566037735849,0.15714285714285714,0.4419137466307278,False,0,True,False,False,False,1.4095501386917386,1,1,False,False,0
637,2025-08-05,2025-08-06,2025-08-08,2025,2025-08,1,0.0100143581008314,0.5190357865376034,0.0036431748628551,1,0,1,True,0.5860122734473981,0.3999649281581708,1.0834741721487486,-0.2271898939705442,-0.25,0.7304275555619454,0.0416666666666666,0.4856993757795399,0.3684588515187278,0.7573572195384776,2025-08,0.5190357865376034,False,1,0.0380715730752068,0.0036431748628551,True,0,2025-08-04,1,-0.513722846217604,-1.996083716013184,-0.5049003060469645,0.3636756841774143,-0.1444107330736091,0.2552369694283594,-0.3636756841774143,0.1444107330736091,0.7078266728547773,-0.0598245046129449,-0.2426417999386984,-0.082214979716548,0.0733534519229646,-0.4962902249163061,0.2822924920518195,1,True,0.7663551401869159,0.19626168224299065,0.0,0.5283018867924528,0.15714285714285714,0.5990566037735849,0.0380952380952381,0.5371900826446281,0.0,0.5371900826446281,0.7663551401869159,0.5990566037735849,0.16729853641333092,False,0,False,False,False,False,1.3237368175897828,1,1,False,False,0
638,2025-08-06,2025-08-07,2025-08-11,2025,2025-08,0,-0.0013688848703449,0.5055213083451825,0.0008219231386004,1,1,1,True,0.2374317518856722,0.6144498974687487,1.801546982101533,0.3690459037469007,0.0,0.3656368003088738,0.0769230769230769,0.4754635830131721,0.1377041345729363,0.9999983246105616,2025-08,0.5055213083451825,False,1,0.0110426166903649,0.0008219231386004,True,1,2025-08-05,1,0.0689334041654667,-1.441389495864046,0.1875037618273417,0.2655761299786874,-0.0980995541987268,-0.7744448522386743,-0.2655761299786874,0.0980995541987268,2.27735359774568,0.0976883589062247,0.1368767540744377,0.1007209703469444,0.0647164928190059,0.1546213204002615,-0.4715655319716719,1,False,0.9166666666666667,0.3564814814814815,0.6198347107438017,0.7663551401869159,0.5283018867924528,0.19626168224299065,0.5990566037735849,0.0,0.5371900826446281,0.5371900826446281,0.9166666666666667,0.7663551401869159,0.15031152647975088,False,0,False,False,False,False,1.896216716075383,1,1,False,False,1
639,2025-08-07,2025-08-08,2025-08-12,2025,2025-08,0,-0.0084480312060621,0.7293214105322013,0.0027506676111581,1,1,1,True,0.778186088881307,0.4192280325663903,-0.0838930193017082,-0.9330755353620525,0.0,0.8401302558304028,0.0769230769230769,0.5444950600933893,0.4019507385745444,0.804127513657292,2025-08,0.7293214105322013,False,1,0.4586428210644027,0.0027506676111581,True,1,2025-08-06,1,0.0167018855292155,-1.2247599650039684,0.1191353331489942,0.4755706717247694,0.209994541746082,-1.2555478951235166,-0.4755706717247694,-0.209994541746082,-0.0776269303473085,-0.0396183728623367,0.3010666538558807,-0.1649573630249575,-0.2080110547139631,0.1472831875745406,-1.0655748216289689,0,True,0.5091743119266054,0.6926605504587156,0.6859504132231405,0.9166666666666667,0.7663551401869159,0.3564814814814815,0.19626168224299065,0.6198347107438017,0.0,0.6198347107438017,0.6926605504587156,0.9166666666666667,-0.2240061162079512,False,0,False,False,False,False,1.8848811906138043,0,1,False,False,0
640,2025-08-08,2025-08-11,2025-08-13,2025,2025-08,0,-0.0103712195085708,0.585969107844215,-0.0008852926913007,0,0,1,False,0.1336317596250709,0.381681095408973,0.654584333557074,-0.1509952022347307,0.0833333333333333,0.4987792992476166,0.0555555555555555,0.4845713782527573,0.2026116061047956,0.5012207007523833,2025-08,0.585969107844215,False,1,0.1719382156884299,0.0008852926913007,False,1,2025-08-07,1,0.5682857266880692,1.1012336025686391,0.640555685486816,0.5507942864771058,0.0752236147523363,0.6502107979733268,0.5507942864771058,0.0752236147523363,0.3385755432966899,-0.012954880969219,0.2261041849589441,0.3266305747669337,0.0480124796663939,0.5495283456592848,0.180996025200213,1,False,,,,,,,,,,,,,,False,0,False,False,False,False,2.361821947757655,1,0,False,False,1
641,2025-08-11,2025-08-12,2025-08-14,2025,2025-08,0,-0.0004169893430292,0.453665312484612,-0.0041687677777719,0,0,0,True,0.5766605330256119,0.3041913645427967,0.6006530714445887,-1.1324659845506486,0.1666666666666666,0.931819917604854,0.25,0.4720647660669561,0.3016012944814085,0.0681800823951461,2025-08,0.453665312484612,False,0,0.0926693750307759,0.0041687677777719,True,0,2025-08-08,3,0.2890066644241305,2.1213046049387883,0.1855904370025232,0.4314177417064458,-0.1193765447706599,1.8484272987544728,0.4314177417064458,-0.1193765447706599,0.2554936680815114,-0.0248890694417669,-0.1763916746394719,-0.0195171505243542,-0.1293483254101651,0.3335330889674708,2.1702751261057416,0,True,0.34545454545454546,0.7318181818181818,0.0,0.5091743119266054,0.9166666666666667,0.6926605504587156,0.3564814814814815,0.6859504132231405,0.6198347107438017,0.6859504132231405,0.7318181818181818,0.6926605504587156,0.03915763135946626,False,0,False,False,False,False,-1.448452676140808,0,0,False,True,0
642,2025-08-12,2025-08-13,2025-08-15,2025,2025-08,0,-0.0009563801742137,0.6093402034827949,-0.0019606970340202,0,0,1,False,0.4042298757135207,0.6002300615867409,1.232818948543792,-0.4356231047617823,0.0833333333333333,0.5872487276888084,0.1666666666666666,0.5360503359777042,0.4027241028826056,0.4127512723111916,2025-08,0.6093402034827949,False,1,0.2186804069655898,0.0019606970340202,False,1,2025-08-11,1,-0.4551610117768057,0.2599664313043498,-0.5410019786946613,0.2469476815455273,-0.1844700601609185,0.5121741611991845,0.2469476815455273,-0.1844700601609185,0.8876595451807148,0.2734745425188271,0.1681795152765735,0.0140212372647738,-0.2116811952468609,-0.5461839609965065,-0.0032676000696844,1,False,,,,,,,,,,,,,,False,0,False,False,False,False,1.937612019857505,1,0,False,False,1
643,2025-08-13,2025-08-14,2025-08-18,2025,2025-08,0,-0.0040533547784233,0.6726995202616448,0.0005223997670995,1,1,1,True,0.1281576046276941,0.3671999251046958,0.5087216949077035,-0.621639891065453,-0.0833333333333333,0.7876708919847514,0.25,0.4157898010266479,0.097097159355743,0.4448903124302678,2025-08,0.6726995202616448,False,1,0.3453990405232896,0.0005223997670995,True,1,2025-08-12,1,-0.1771018710209588,-0.368565791024053,-0.2746552048269741,0.3816880280022107,0.1347403464566833,-0.9345019600010842,-0.3816880280022107,-0.1347403464566833,-0.1923327699457871,-0.1053102609864505,-0.382386619130337,-0.168622439268347,-0.1708464060545966,-0.2609903994627771,-1.0846443208214978,1,False,0.6261261261261262,0.8063063063063063,0.0,0.34545454545454546,0.5091743119266054,0.7318181818181818,0.6926605504587156,0.0,0.6859504132231405,0.6859504132231405,0.8063063063063063,0.7318181818181818,0.07448812448812447,False,0,False,False,False,False,1.085710101246626,1,1,False,True,1
644,2025-08-14,2025-08-15,2025-08-19,2025,2025-08,0,-0.0056164817674741,0.4910243714588221,-0.0032287926983567,0,0,0,True,0.8211914930259474,0.2996652265583224,0.1236365345378468,-1.6116627327555642,0.0833333333333333,0.9451097875307258,0.0833333333333333,0.6122031094063713,0.3687949552688253,0.0548902124692742,2025-08,0.4910243714588221,False,0,0.0179512570823557,0.0032287926983567,True,0,2025-08-13,1,-0.3465915949479772,-1.5983803624689703,-0.3949378737167073,0.3031991893456862,-0.0784888386565245,-1.9793257684203496,0.3031991893456862,-0.0784888386565245,-0.189348558029572,-0.0629357078021992,-0.1341722478905049,0.0187640203676331,-0.047099030727666,-0.3547617693640177,-2.13379931342102,0,True,0.23660714285714285,0.4955357142857143,0.5661157024793388,0.6261261261261262,0.34545454545454546,0.8063063063063063,0.7318181818181818,0.0,0.0,0.0,0.4955357142857143,0.8063063063063063,-0.310770592020592,False,0,False,False,False,False,-1.698876557133714,0,0,False,False,0
645,2025-08-15,2025-08-18,2025-08-20,2025,2025-08,0,-0.0051262178326905,0.5696853766122925,-0.0020103766173988,0,0,1,False,0.5628854925420297,0.5073106028415798,-0.4101150257105164,-0.6509964135407238,-0.0,0.784998675750173,0.1,0.3931290069105677,0.5347509079573675,0.215001324249827,2025-08,0.5696853766122925,False,1,0.1393707532245849,0.0020103766173988,False,1,2025-08-14,1,0.1501700547027926,-0.9210592868661812,0.174482472029501,0.4417815194514223,0.1385823301057361,-0.434725638222412,0.4417815194514223,0.1385823301057361,-0.6798765658620253,-0.0295762225752904,-0.1238806347231437,0.2227815194514223,0.1699721380345946,0.2292733890536862,-0.9039404109955258,1,False,,,,,,,,,,,,,,False,0,False,False,False,False,0.9946066507565228,1,0,False,False,1
646,2025-08-18,2025-08-19,2025-08-21,2025,2025-08,0,-0.0026165696021149,0.5479032981861224,-0.0043725081269325,0,0,1,False,1.940759999015596,0.668282188308754,1.9647398881854563,-2.5292849213874664,0.25,0.7017340306403099,0.0588235294117647,0.5146178692369824,0.5384505854434432,0.29826596935969,2025-08,0.5479032981861224,False,1,0.0958065963722447,0.0043725081269325,False,1,2025-08-15,3,-0.3139350403602368,-1.956545662857163,-0.205999488636473,0.4431760095416596,0.0013944900902372,-1.551303280276661,0.4431760095416596,0.0013944900902372,1.2196661633724366,0.4464978945130932,0.2559423234051617,0.1219642197456296,-0.0353357081504807,-0.5054408044523182,-1.31386841650367,1,False,,,,,,,,,,,,,,False,0,False,False,False,False,-1.2696483011435309,1,0,False,False,1
647,2025-08-19,2025-08-20,2025-08-22,2025,2025-08,0,-0.0028501586880361,0.4976278564963349,-0.0060933435648102,0,0,0,True,1.7466453157312871,0.2512472086143482,0.5303725197165258,-1.678737253979397,0.3333333333333333,0.9790325167982364,0.0526315789473684,0.6875266241035559,0.9010175944180356,0.0209674832017636,2025-08,0.4976278564963349,False,0,0.0047442870073302,0.0060933435648102,True,0,2025-08-18,1,-0.0236252249578097,-2.022953506274116,0.2048986677228274,0.2958553224353198,-0.1473206871063397,-1.351299228117031,0.2958553224353198,-0.1473206871063397,-0.2147012050964939,0.0074189862680273,-0.0283159889846646,-0.0253564673607101,-0.2092411371841404,-0.1167189470173806,-1.11386436434404,0,True,0.11504424778761062,0.09292035398230089,0.640495867768595,0.23660714285714285,0.6261261261261262,0.4955357142857143,0.8063063063063063,0.5661157024793388,0.0,0.5661157024793388,0.11504424778761062,0.4955357142857143,-0.38049146649810367,False,0,False,False,False,False,-3.6511780923789807,0,0,False,False,0
648,2025-08-20,2025-08-21,2025-08-26,2025,2025-08,1,0.0136267714571582,0.7434615572987047,0.0060905844573095,1,0,1,True,1.3587584920873097,0.2918121748551177,1.124910154749409,-1.8445025073670664,0.3333333333333332,0.9999989754530798,0.1666666666666666,0.555171640379163,0.6240089548094052,0.2818128749579585,2025-08,0.7434615572987047,False,1,0.4869231145974093,0.0060905844573095,True,0,2025-08-19,1,0.139066738178089,-1.33395167233235,0.281283473494927,0.2795968135262558,-0.0162585089090639,-1.2475155752986955,-0.2795968135262558,0.0162585089090639,0.2764223048423715,0.160027411997176,0.093547180080388,-0.0139945476329934,0.0207388556805939,0.2847624126324728,-0.4810913855571274,1,True,0.17543859649122806,0.05701754385964912,0.9338842975206612,0.11504424778761062,0.23660714285714285,0.09292035398230089,0.4955357142857143,0.640495867768595,0.5661157024793388,0.640495867768595,0.17543859649122806,0.11504424778761062,0.06039434870361744,False,0,False,False,False,False,-2.454534667045817,1,1,False,False,0
649,2025-08-21,2025-08-22,2025-08-27,2025,2025-08,1,0.0125566991412207,0.6137692048026644,-0.0009448918801897,0,1,1,False,0.205113322591888,0.3184631215138767,-0.2597809334652254,-0.0638338049322497,-0.0,0.5418406039354607,0.1111111111111111,0.7099527063677009,0.1761306892800287,0.4581593960645392,2025-08,0.6137692048026644,False,1,0.2275384096053287,0.0009448918801897,False,0,2025-08-20,1,0.0101308614735806,-1.1702909682497604,0.089113874950609,0.0085310084775225,-0.2710658050487333,-0.6170047258144428,0.0085310084775225,-0.2710658050487333,-0.7269798966418095,-0.1719494951540888,-0.0124436154905844,-0.2156327032326496,-0.2778639103577194,-0.0189908626184482,-1.0862194985875564,1,True,,,,,,,,,,,,,,False,0,False,False,False,False,2.1246502918587264,1,0,False,False,0
650,2025-08-22,2025-08-26,2025-08-28,2025,2025-08,1,0.0206511706173538,0.8869052021186338,0.0114675869348381,1,0,1,True,1.086111198266234,0.0935857148369599,0.8781818221373153,-1.0881051014609155,0.0,0.9999992355262416,0.1666666666666666,0.9022878929883756,0.8766669285292364,0.3563376162547458,2025-08,0.8869052021186338,False,1,0.7738104042372675,0.0114675869348381,True,0,2025-08-21,1,-0.1001522764378624,-1.3713192153149736,-0.0925137542451455,0.4313022700119474,0.4227712615344249,-0.784191790134321,-0.4313022700119474,-0.4227712615344249,0.3226908251882996,-0.1506712789951999,-0.0057726374659919,-0.1290722891582477,-0.3396139276567286,-0.0803765150387363,-0.8334981569656741,1,True,0.34347826086956523,0.24347826086956523,0.0,0.17543859649122806,0.11504424778761062,0.05701754385964912,0.09292035398230089,0.9338842975206612,0.640495867768595,0.9338842975206612,0.34347826086956523,0.17543859649122806,0.16803966437833717,False,0,False,False,False,False,-2.0636044234377,1,1,False,False,0
651,2025-08-26,2025-08-27,2025-08-29,2025,2025-08,1,0.0102059761468641,0.75070060522781,0.0041150247364587,1,0,1,True,1.271963746624729,0.1387466369334683,-1.34175761134187,-1.4216810229480896,0.1666666666666667,0.9999990875425387,0.0454545454545454,0.8393680697359319,0.375478502426331,0.1892217443146748,2025-08,0.75070060522781,False,1,0.50140121045562,0.0041150247364587,True,0,2025-08-25,1,-0.6435199774035159,-1.9398760514547213,-0.7309050906776214,0.0249091852620653,-0.1837578654505876,-2.4436152893888043,-0.0249091852620653,0.1837578654505876,-1.7211791128542977,-0.067633781772444,-0.0623026404530919,0.2986223325077033,0.1371701540962581,-0.497824302949132,-1.2562978123927244,1,True,0.2413793103448276,0.43103448275862066,0.0,0.34347826086956523,0.17543859649122806,0.24347826086956523,0.05701754385964912,0.0,0.9338842975206612,0.9338842975206612,0.43103448275862066,0.34347826086956523,0.08755622188905543,False,0,False,False,False,False,-3.6738726748673742,1,1,False,False,0
652,2025-08-27,2025-08-28,2025-09-01,2025,2025-08,1,0.0253710310866771,0.7100956113586213,0.0044391086451636,1,0,1,True,1.3083167787060566,0.4768625962668403,-1.1755494575504504,-2.005373810630214,0.25,0.9999985303254976,0.0588235294117647,0.4840350672104664,0.6524044788911906,0.7043630842781843,2025-08,0.7100956113586213,False,1,0.4201912227172426,0.0044391086451636,True,0,2025-08-26,1,0.5925303483826667,0.0507621850713913,0.6291241855977023,0.4009453741470666,0.3760361888850013,0.7121658436291654,-0.4009453741470666,-0.3760361888850013,-1.855613501195408,0.2109397004037654,0.4533013688447542,-0.1213485606208107,-0.3912806061184092,0.4534636102045777,1.36769083180197,1,True,0.19658119658119658,0.4017094017094017,0.0,0.2413793103448276,0.34347826086956523,0.43103448275862066,0.24347826086956523,0.0,0.0,0.0,0.4017094017094017,0.43103448275862066,-0.029325081049218937,False,0,False,False,False,False,-1.902409465565808,1,1,False,False,0
653,2025-08-28,2025-08-29,2025-09-02,2025,2025-08,1,0.0233145372705996,0.8038195495626214,0.0068748959551143,1,0,1,True,1.5218647909654626,0.1982695451478739,-0.1305588927784343,-2.478780023875293,0.0833333333333332,0.9204658694616163,0.0416666666666666,0.4051038147736705,0.5634897268359484,0.1508645560419506,2025-08,0.8038195495626214,False,1,0.6076390991252427,0.0068748959551143,True,0,2025-08-27,1,-0.1107584515698096,-0.227849871331056,-0.1648573363956895,0.4736991552495208,0.0727537811024541,0.0832040676705983,-0.4736991552495208,-0.0727537811024541,-0.6860498897274501,-0.0417574757289208,-0.123809940266625,-0.1374096329713292,-0.1482149912654692,-0.1359920285316977,-0.793312969364674,1,True,0.1906779661016949,0.3728813559322034,0.0,0.19658119658119658,0.2413793103448276,0.4017094017094017,0.43103448275862066,0.0,0.0,0.0,0.3728813559322034,0.4017094017094017,-0.02882804577719833,False,0,False,False,False,False,-3.362218769007816,1,1,False,False,0
654,2025-08-29,2025-09-01,2025-09-03,2025,2025-09,1,0.0372717526877605,0.8675844396770727,0.0130404780493993,1,0,1,True,1.840766182698108,0.1187853103532288,0.9242594107820242,-1.7944222331899953,0.0,0.899379328705481,1.0,0.5390630028419879,0.8692753543345443,0.220577336458097,2025-09,0.8675844396770727,False,1,0.7351688793541453,0.0130404780493993,True,0,2025-08-28,1,-0.0036483159830744,-0.1858352183511212,-0.0335693382002762,0.5181105273699292,0.0444113721204084,1.2540501192399562,-0.5181105273699292,-0.0444113721204084,0.2826568990257393,-0.0777703406906854,-0.1285631313352803,-0.2541392227910611,-0.0342985685910525,0.1522470704931375,1.1990425523653627,1,True,0.273109243697479,0.07983193277310924,0.0,0.1906779661016949,0.19658119658119658,0.3728813559322034,0.4017094017094017,0.0,0.0,0.0,0.273109243697479,0.3728813559322034,-0.09977211223472437,False,0,False,False,False,False,-4.261851366973756,1,1,False,False,0
655,2025-09-01,2025-09-02,2025-09-04,2025,2025-09,1,0.0201626350201707,0.5041592413371023,-0.000180456555574,0,1,1,False,0.0564560364755567,0.8431405867385648,0.8815115095879507,0.0026886368250773,0.1666666666666666,0.2304473609049532,0.0526315789473684,0.7585396830944267,0.0142390237337601,0.7695526390950468,2025-09,0.5041592413371023,False,1,0.0083184826742046,0.000180456555574,False,0,2025-08-29,3,0.1772914978624769,0.3829973606828415,0.1280696835543175,0.4536756253763205,-0.0644349019936086,2.045510119556458,0.4536756253763205,-0.0644349019936086,0.867530717091332,0.4485046103603727,0.5146962332169506,0.0113212436337571,-0.2417615012812133,-0.0461669825785318,1.285273884884791,1,True,,,,,,,,,,,,,,False,0,False,False,False,False,1.511527266695821,1,0,False,False,0
656,2025-09-02,2025-09-03,2025-09-05,2025,2025-09,1,0.0200957435752506,0.8727719466220869,0.0167231017115963,1,0,1,True,1.8793316252379824,0.2002590480293353,0.1877982266581474,-1.018752837756672,0.25,0.942860054881866,0.0666666666666666,0.5275329387748503,0.942860054881866,0.6350591343315213,2025-09,0.8727719466220869,False,1,0.7455438932441738,0.0167231017115963,True,0,2025-08-29,4,0.1772914978624769,0.3829973606828415,0.1280696835543175,0.4536756253763205,-0.0644349019936086,2.045510119556458,-0.4536756253763205,0.0644349019936086,-0.6724202907983532,0.1087219716957399,0.4973934223639296,-0.0352568202195431,0.1298842402205615,0.0845627996625637,2.6399727046477337,1,True,0.4041666666666667,0.10833333333333334,0.0,0.273109243697479,0.1906779661016949,0.07983193277310924,0.3728813559322034,0.0,0.0,0.0,0.4041666666666667,0.273109243697479,0.13105742296918765,False,0,False,False,False,False,-3.2139010630566887,1,1,False,False,0
657,2025-09-03,2025-09-04,2025-09-08,2025,2025-09,1,0.0205956296327881,0.6281240120082627,0.0050866136751164,1,0,1,True,1.0829044404292687,0.3827895962394255,0.8898269128518713,-1.351945194691938,0.1666666666666667,0.7327869710010336,0.0526315789473684,0.4349175481584982,0.4667912893685166,0.3421109612826433,2025-09,0.6281240120082627,False,1,0.2562480240165254,0.0050866136751164,True,0,2025-09-02,1,0.677149097633702,2.6498173881923166,0.6747700773759533,0.2722292456805731,-0.1814463796957474,3.05311617262642,-0.2722292456805731,0.1814463796957474,-0.1742608396172237,0.0231941550151145,-0.1007250396955186,0.167282531940087,0.1348586683414179,0.728933891704747,3.7086411607992247,1,True,0.42561983471074377,0.45867768595041325,0.0,0.4041666666666667,0.273109243697479,0.10833333333333334,0.07983193277310924,0.0,0.0,0.0,0.45867768595041325,0.4041666666666667,0.054511019283746576,False,0,False,False,False,False,0.6828200442304804,1,1,False,False,0
658,2025-09-04,2025-09-05,2025-09-09,2025,2025-09,1,0.0318784770067785,0.4520473657907063,0.0004926406623884,1,0,0,False,0.1282653456481972,0.7243006388864411,0.3421885801618559,-0.672813456771674,0.0833333333333332,0.4187623310630775,0.05,0.5256845051972163,0.0425883573858949,0.9999991355086854,2025-09,0.4520473657907063,False,0,0.0959052684185873,0.0004926406623884,False,1,2025-09-03,1,-0.5160175914634664,0.7087466834331533,-0.7825304267286587,0.5371934397373187,0.2649641940567456,2.0409719940799818,-0.5371934397373187,-0.2649641940567456,0.7635722721093394,0.1522950854913607,0.0668252960338617,-0.2822676168351397,-0.3755509912889681,-0.7967313778657488,1.48952347615526,0,False,,,,,,,,,,,,,,False,0,False,False,False,False,2.2121828216715422,0,1,False,False,1
659,2025-09-05,2025-09-08,2025-09-10,2025,2025-09,1,0.0271872200019407,0.701685879255449,0.0110496504860986,1,0,1,True,1.3202204977288223,0.172314700212158,1.341519678084304,-0.8393038961951272,-0.0833333333333333,0.8283763131536751,0.0714285714285714,0.7018817341255511,0.8075829426685575,0.2960233115094444,2025-09,0.701685879255449,False,1,0.403371758510898,0.0110496504860986,True,0,2025-09-04,1,0.0456420017511725,0.7823310514992025,0.0008387544552068,0.3862820205889394,-0.1509114191483792,0.6517295153235733,-0.3862820205889394,0.1509114191483792,0.5505429646270148,-0.1489921547932866,-0.1242077068544192,-0.0611768733828509,0.2496202384446098,0.1391097395021052,1.3897588516851402,1,True,0.5165289256198347,0.26859504132231404,0.6776859504132231,0.42561983471074377,0.4041666666666667,0.45867768595041325,0.10833333333333334,0.0,0.0,0.0,0.5165289256198347,0.45867768595041325,0.057851239669421406,False,0,False,False,False,False,-0.7890354342651406,1,1,False,False,0
660,2025-09-08,2025-09-09,2025-09-11,2025,2025-09,1,0.0020613001785707,0.5997762452364164,0.0063587787681793,1,0,1,True,1.4844300336557517,0.2782322675706573,1.9752749873167408,-3.2187461345356683,0.25,0.9171764312920522,0.0555555555555555,0.559526317360655,0.4135470996654968,0.3494002142822308,2025-09,0.5997762452364164,False,1,0.1995524904728327,0.0063587787681793,True,0,2025-09-05,3,0.0308025937314369,0.8070449384544202,-0.0452807442287252,0.2405896347021811,-0.1456923858867583,1.1677347394172923,-0.2405896347021811,0.1456923858867583,1.1267871374097034,0.0367863696010188,0.0072892529995874,0.0978066392899278,0.1501727326582882,-0.1485298197788722,1.5715224393529257,1,True,0.2892561983471075,0.2975206611570248,0.0,0.5165289256198347,0.42561983471074377,0.26859504132231404,0.45867768595041325,0.6776859504132231,0.0,0.6776859504132231,0.2975206611570248,0.5165289256198347,-0.21900826446280985,False,0,False,False,False,False,-2.8010506839876763,1,1,False,False,0
661,2025-09-09,2025-09-10,2025-09-12,2025,2025-09,0,-0.0023974420514015,0.2420020017062934,-0.0046118789432281,0,0,0,True,0.5902199837182089,0.432168712468718,-0.4781648169767926,-0.8563659211828599,-0.0,0.8979624193751019,0.125,0.5544929030660393,0.4365803612984534,0.102037580624898,2025-09,0.2420020017062934,False,0,0.5159959965874132,0.0046118789432281,True,0,2025-09-08,1,-0.0218045460376572,0.7892024705415758,-0.1047780659407216,0.2510115183967218,0.0104218836945406,1.584908325666592,0.2510115183967218,0.0104218836945406,-0.2355282756705015,0.0722137691556453,-0.1682371794082374,0.0619922235864894,0.0482841436231865,-0.1788599661657173,1.845427054646661,0,True,0.5082644628099173,0.33884297520661155,0.0,0.2892561983471075,0.5165289256198347,0.2975206611570248,0.26859504132231404,0.0,0.6776859504132231,0.6776859504132231,0.5082644628099173,0.2975206611570248,0.21074380165289253,False,0,False,False,False,False,-0.1177787692215995,0,0,False,False,0
662,2025-09-10,2025-09-11,2025-09-15,2025,2025-09,0,-0.0022513256633041,0.3436385036702692,-0.0024220226530431,0,0,0,True,0.6149977390412759,0.5477045872265012,-0.4716748715027151,-0.4493804892386089,-0.0,0.6861235308492581,0.0833333333333333,0.4466242319796934,0.3252872997708172,0.3138764691507419,2025-09,0.3436385036702692,False,0,0.3127229926594616,0.0024220226530431,True,0,2025-09-09,1,0.1223719627509503,1.3522590095442333,0.0792176516279127,0.4404893617021276,0.1894778433054058,1.1229196361762712,0.4404893617021276,0.1894778433054058,-0.5606843072737424,0.2242533771597193,0.1315642751966028,0.2075629174213742,0.0949538060732436,0.0313490135312495,1.1768443858220603,0,True,0.6694214876033058,0.41735537190082644,0.0,0.5082644628099173,0.2892561983471075,0.33884297520661155,0.2975206611570248,0.0,0.0,0.0,0.6694214876033058,0.5082644628099173,0.16115702479338845,False,0,False,False,False,False,1.659174975997006,0,0,False,False,0
663,2025-09-11,2025-09-12,2025-09-16,2025,2025-09,1,0.0211812358512454,0.4918960789630419,0.0030508288040511,1,0,0,False,0.7012099821568843,0.420148617100658,-0.1825635466116437,-0.382328134200371,-0.1666666666666666,0.6916948637355128,0.1,0.5986645651297948,0.417315417356217,0.9999986321244352,2025-09,0.4918960789630419,False,0,0.0162078420739162,0.0030508288040511,False,1,2025-09-10,1,-0.3662247299570591,0.163477959571678,-0.2984236141035463,0.4148765734837338,-0.0256127882183938,0.2769627357320792,-0.4148765734837338,0.0256127882183938,-1.2660377187603924,0.108695204928474,0.4826234217938728,-0.0512008893063195,-0.0077702731613271,-0.6954726453280653,0.0217257663037198,0,False,,,,,,,,,,,,,,False,0,False,False,False,False,1.2980523788277838,0,1,False,False,1
664,2025-09-12,2025-09-15,2025-09-17,2025,2025-09,1,0.0066575320573738,0.4783080738526217,0.0002965778236454,1,0,0,False,0.0966684056868118,0.4011517357621589,1.0356841491938231,0.974925631834455,0.0,0.478455227674385,0.0769230769230769,0.3921514360785171,0.051713414265506,0.5732564429201469,2025-09,0.4783080738526217,False,0,0.0433838522947566,0.0002965778236454,False,1,2025-09-11,1,0.16027606855436,0.6831122732266272,0.1981186121065913,0.4008348655767033,-0.0140417079070305,0.7358267956940597,-0.4008348655767033,0.0140417079070305,1.5479126789782836,-0.1453933405259679,-0.3298215694099831,-0.1459090426745243,-0.0965450893251919,-0.1204377178479223,0.3573830634866843,0,False,,,,,,,,,,,,,,False,0,False,False,False,False,2.32019317626746,0,1,False,False,1
665,2025-09-15,2025-09-16,2025-09-18,2025,2025-09,1,0.0093699604233554,0.7424988307043208,0.0087254164371586,1,0,1,True,1.4828024685336765,0.1680476685970604,0.3515123744006787,-1.5084015745537342,0.1666666666666667,0.8330284090456119,0.3333333333333333,0.5940640247402986,0.6269139347826714,0.2293293234525373,2025-09,0.7424988307043208,False,1,0.4849976614086415,0.0087254164371586,True,0,2025-09-12,3,-0.304999772512156,-0.3433712510517958,-0.2900840423205622,0.3108590051036094,-0.0899758604730938,0.2577065790272106,-0.3108590051036094,0.0899758604730938,-0.7908711040471317,-0.0827427917972997,-0.0453451728560383,0.0070169382685093,0.0549009634749209,-0.1029608004429505,0.8478180149446122,1,True,0.3140495867768595,0.23553719008264462,0.0,0.6694214876033058,0.5082644628099173,0.41735537190082644,0.33884297520661155,0.0,0.0,0.0,0.3140495867768595,0.6694214876033058,-0.35537190082644626,False,0,False,False,False,False,-3.260140566595157,1,1,False,False,0
666,2025-09-16,2025-09-17,2025-09-19,2025,2025-09,0,-0.0102132598252266,0.526425329079884,-0.0021536096132628,0,0,1,False,0.5737336882638455,0.6287824047427348,0.3215685561983945,0.3403605064889105,-0.0,0.4827313843725513,0.0666666666666666,0.4639472778247866,0.3189301253644511,0.5172686156274486,2025-09,0.526425329079884,False,1,0.052850658159768,0.0021536096132628,False,1,2025-09-15,1,0.1804287184226076,0.2307461158400526,0.26250492186292,0.3570849172140664,0.046225912110457,0.158268623648836,0.3570849172140664,0.046225912110457,0.0518070160468855,0.1450237446052256,0.3464869816527597,0.0726497482360133,0.0190147770245145,0.2595320527735012,0.0037950786481654,1,False,,,,,,,,,,,,,,False,0,False,False,False,False,0.9375845124270018,1,0,False,False,1
667,2025-09-17,2025-09-18,2025-09-22,2025,2025-09,1,0.0139497184917922,0.4019413896035119,-0.0029239189327014,0,1,0,True,0.2991717078817696,0.1768862599274623,-1.3854265109622552,-0.6698992427302227,-0.0,0.9676944988563853,0.1111111111111111,0.816879044841972,0.2563464740510509,0.0323055011436148,2025-09,0.4019413896035119,True,0,0.1961172207929762,0.0029239189327014,True,1,2025-09-16,1,0.0280044852896228,0.2568830156884926,0.0696340358378822,0.3182766105349771,-0.0388083066790893,0.3156530664227321,0.3182766105349771,-0.0388083066790893,-1.903135987446409,-0.1489119645351561,-0.3754416491405604,0.0941128988248049,-0.119505979651562,-0.1925984543514847,0.2718097698592442,0,False,0.45041322314049587,0.8388429752066116,0.0,0.3140495867768595,0.6694214876033058,0.23553719008264462,0.41735537190082644,0.0,0.0,0.0,0.8388429752066116,0.3140495867768595,0.524793388429752,False,0,False,False,False,False,-0.9123857378337898,0,0,False,False,1
668,2025-09-18,2025-09-19,2025-09-23,2025,2025-09,1,0.0310847521004751,0.3894226066163432,-0.0047288912344729,0,1,0,True,0.896321609822764,0.4456080805658126,1.1676667642072147,-0.6064788513862891,0.0833333333333333,0.7853512619753231,0.0714285714285714,0.5294536766155519,0.5604784555791245,0.2146487380246768,2025-09,0.3894226066163432,False,0,0.2211547867673136,0.0047288912344729,True,1,2025-09-17,1,0.2648035057251388,1.0976101038902746,0.3253065517656637,0.1982729889410695,-0.1200036215939075,0.1105399989980227,0.1982729889410695,-0.1200036215939075,1.6008785810330814,0.0795798145003526,0.1209667048890996,-0.0390017858337052,-0.2691347646977163,0.1405287688265346,-0.3853926557388981,0,False,0.5247933884297521,0.5330578512396694,0.0,0.45041322314049587,0.3140495867768595,0.8388429752066116,0.23553719008264462,0.0,0.0,0.0,0.5330578512396694,0.8388429752066116,-0.30578512396694213,False,0,False,False,False,False,1.640438644037718,0,0,False,False,1
669,2025-09-19,2025-09-22,2025-09-24,2025,2025-09,1,0.0296820831514526,0.7383419811683045,0.0076301766142368,1,0,1,True,1.6847742004433144,0.2540736283475824,-0.5860060658686802,-1.664268227975548,0.4166666666666667,0.9999991745470216,0.1,0.3603627781417663,0.62983520108569,0.2327374762375115,2025-09,0.7383419811683045,False,1,0.476683962336609,0.0076301766142368,True,0,2025-09-18,1,-0.139847040207325,0.5082603692029363,-0.2055496413032397,0.4965940334030941,0.2983210444620245,0.8861262789898378,-0.4965940334030941,-0.2983210444620245,-1.7109162206180892,0.1300134165755663,0.1023980783158824,-0.2309917675098316,-0.3145795533710885,-0.1189686247617061,1.0638356906323134,1,True,0.15702479338842976,0.09090909090909091,0.0,0.5247933884297521,0.45041322314049587,0.5330578512396694,0.8388429752066116,0.0,0.0,0.0,0.15702479338842976,0.5330578512396694,-0.37603305785123964,False,0,False,False,False,False,-2.6617906306886088,1,1,False,False,0
670,2025-09-22,2025-09-23,2025-09-25,2025,2025-09,1,0.0083360019218096,0.8060215069240142,0.0092490841277488,1,0,1,True,1.584915468753516,0.0859099525177135,-0.8837843855270516,-2.993466355511138,0.1666666666666667,0.999999473058248,0.1111111111111111,0.552445824736405,0.4873728594846321,0.1457951183222632,2025-09,0.8060215069240142,False,1,0.6120430138480284,0.0092490841277488,True,0,2025-09-19,3,-0.1563592290212749,-0.1224819419911542,-0.1620372083648526,0.3926162775075906,-0.1039777558955035,0.1961479076345949,-0.3926162775075906,0.1039777558955035,-1.715793128491839,-0.1002743588772767,-0.0835342051302741,-0.0237426747560858,0.0567306159480065,-0.036279660407434,-0.0615586713926157,1,True,0.11983471074380166,0.29338842975206614,0.0,0.15702479338842976,0.5247933884297521,0.09090909090909091,0.5330578512396694,0.0,0.0,0.0,0.29338842975206614,0.15702479338842976,0.13636363636363638,False,0,False,False,False,False,-3.346746836116539,1,1,False,False,0
671,2025-09-23,2025-09-24,2025-09-26,2025,2025-09,0,-0.0105213152887274,0.5473438119828351,-0.0017775948432596,0,0,1,False,0.2573067279228374,0.5694320716131803,0.0374119732411265,0.9219331107152262,-0.0833333333333332,0.4305475886740333,0.0769230769230769,0.5268771010728787,0.1447010311214375,0.5694524113259667,2025-09,0.5473438119828351,False,1,0.0946876239656702,0.0017775948432596,False,1,2025-09-22,1,0.1759692973190567,0.4663341695411884,0.1405632092773029,0.3055286794359154,-0.0870875980716751,1.1934471861378386,0.3055286794359154,-0.0870875980716751,-0.4297869899354576,0.0856734114756711,0.098849399770843,0.0813649677257432,-0.0497867352326064,-0.0446336423220508,0.7242324133647249,1,False,,,,,,,,,,,,,,False,0,False,False,False,False,2.3272921838561014,1,0,False,False,1
672,2025-09-24,2025-09-25,2025-09-29,2025,2025-09,1,0.0118193147334139,0.3520021160654432,-0.0083921110743219,0,1,0,True,1.2379653954204697,0.3847141904277341,0.2295621894248335,-1.2321097440942406,0.25,0.7054206410459911,0.0555555555555555,0.4245870687202695,0.5730863890285001,0.2945793589540088,2025-09,0.3520021160654432,False,0,0.2959957678691136,0.0083921110743219,True,1,2025-09-23,1,0.2878695518522747,1.5394730897104214,0.253355348031231,0.4416150898909519,0.1360864104550365,1.430773805309289,0.4416150898909519,0.1360864104550365,-0.765839363489588,0.0531860939864156,0.2776162291817505,0.0379750906315418,0.0607877929636723,0.5137172414587603,1.3856152960965589,0,False,0.41735537190082644,0.36363636363636365,0.0,0.11983471074380166,0.15702479338842976,0.29338842975206614,0.09090909090909091,0.0,0.0,0.0,0.41735537190082644,0.29338842975206614,0.1239669421487603,False,0,False,False,False,False,0.7495921733460624,0,0,False,False,1
673,2025-09-25,2025-09-26,2025-09-30,2025,2025-09,1,0.0143276318344469,0.50881037975582,-0.0015901382888348,0,1,1,False,0.2361900985679794,0.4373602596829003,1.7007526067777723,0.4402040364605338,-0.1666666666666667,0.2438804421143788,0.3333333333333333,0.5336214511626638,0.243878908418158,0.7561195578856211,2025-09,0.50881037975582,False,1,0.0176207595116399,0.0015901382888348,False,0,2025-09-24,1,-0.2199595070195794,0.5739659144735162,-0.3064467241531535,0.300002230499855,-0.1416128593910969,0.3100997999445748,0.300002230499855,-0.1416128593910969,1.846211390010228,-0.0956346755564219,0.2409835383303241,0.0850790010090367,-0.0180273382855294,-0.2464184789779668,-0.1610388832948389,1,True,,,,,,,,,,,,,,False,0,False,False,False,False,3.275096685217416,1,0,False,False,0
674,2025-09-26,2025-09-29,2025-10-01,2025,2025-09,1,0.035983632945024,0.5862829512936433,0.003290573055775,1,0,1,True,0.4386648751681276,0.3775051931689323,1.6405626953711845,-0.6487717161241381,0.0,0.5887048984785349,0.5,0.4995336880088879,0.2796009953819357,0.4112942518184175,2025-09,0.5862829512936433,False,1,0.1725659025872865,0.003290573055775,True,0,2025-09-25,1,0.1211400596233982,1.0835855846105884,0.1316054450387678,0.1540369934001935,-0.1459652370996615,0.7399861916251902,-0.1540369934001935,0.1459652370996615,2.099989915835727,-0.0834419896632452,-0.4584788802528562,0.2744348293612281,0.2889788391970185,0.1891747838953819,0.5133852943779065,1,True,0.6776859504132231,0.15702479338842976,0.0,0.41735537190082644,0.11983471074380166,0.36363636363636365,0.29338842975206614,0.0,0.0,0.0,0.6776859504132231,0.41735537190082644,0.26033057851239666,False,0,False,False,False,False,1.4543776394849597,1,1,False,False,0
675,2025-09-29,2025-09-30,2025-10-02,2025,2025-09,1,0.0168136750700015,0.6691692738330247,0.0036974306157731,1,0,1,True,0.5344915378452612,0.3563440733028991,0.1369116014157937,-1.1062212237049789,0.3333333333333332,0.9999994742535904,0.1111111111111111,0.4065119988516455,0.194391087052799,0.2295941314498114,2025-09,0.6691692738330247,False,1,0.3383385476660494,0.0036974306157731,True,0,2025-09-26,3,-0.1990799129921328,0.0095115043282749,-0.2408119475429078,0.3349942747851471,0.1809572813849536,-0.3572858306768648,-0.3349942747851471,-0.1809572813849536,-0.1694563029942174,0.0487266501834157,-0.1352694716564839,-0.1526817588770554,-0.3214621981757239,-0.1471131627187247,0.264146568283394,1,True,0.40082644628099173,0.5289256198347108,0.0,0.6776859504132231,0.41735537190082644,0.15702479338842976,0.36363636363636365,0.0,0.0,0.0,0.5289256198347108,0.6776859504132231,-0.14876033057851235,False,0,False,False,False,False,-0.2892271237554608,1,1,False,False,0
676,2025-09-30,2025-10-01,2025-10-03,2025,2025-10,1,0.0141252470814858,0.7786429580609076,0.0101464639912851,1,0,1,True,0.9483982925348008,0.441511311206589,0.6432781783778,0.1824546628508213,0.1666666666666667,0.853886586754237,0.0769230769230769,0.4823192178843311,0.6109717243534436,0.9999993978476394,2025-10,0.7786429580609076,False,1,0.5572859161218151,0.0101464639912851,True,0,2025-09-29,1,0.1370512507075822,0.6502548128908453,0.1038633529509787,0.3602804250191697,0.0252861502340225,0.1357571582769129,-0.3602804250191697,-0.0252861502340225,-0.5249926218817039,0.3094811233374619,0.7886910758082363,-0.0372423631327238,-0.0725332901815195,0.3258675801286923,0.5396234279478938,1,True,0.7396694214876034,0.36363636363636365,0.0,0.40082644628099173,0.6776859504132231,0.5289256198347108,0.15702479338842976,0.0,0.0,0.0,0.7396694214876034,0.5289256198347108,0.21074380165289264,False,0,False,False,False,False,1.2023103209963597,1,1,False,False,0
677,2025-10-01,2025-10-02,2025-10-06,2025,2025-10,1,0.0142694407071876,0.3930115632892257,-0.0074550665460364,0,1,0,True,1.5011637860758793,0.6435105394772305,0.7505553555087083,0.1361752143695022,0.0833333333333333,0.7959435903936568,0.0714285714285714,0.5817067124760086,0.795942522740514,0.2040564096063432,2025-10,0.3930115632892257,False,0,0.2139768734215485,0.0074550665460364,True,1,2025-09-30,1,0.1773558993875834,1.5435865692884776,0.1519516109532748,0.2193958178277581,-0.1408846071914115,0.4173933004518618,0.2193958178277581,-0.1408846071914115,0.2318984409085668,0.2309486276047875,0.1547729374199148,-0.0008942867648472,-0.2161832246827756,-0.0633506062472957,0.4813408132186723,0,False,0.49173553719008267,0.5247933884297521,0.0,0.7396694214876034,0.40082644628099173,0.36363636363636365,0.5289256198347108,0.0,0.0,0.0,0.5247933884297521,0.7396694214876034,-0.2148760330578513,False,0,False,False,False,False,-0.2274976071812025,0,0,False,False,1
678,2025-10-02,2025-10-03,2025-10-07,2025,2025-10,1,0.0216340486749082,0.4160934728722679,-0.004897994281741,0,1,0,True,0.4883522505523429,0.2745549346227468,1.016298124456833,-0.1437146497978859,-0.0833333333333332,0.5572436967215233,0.2,0.7304073867395291,0.3714287727558689,0.4427563032784767,2025-10,0.7,True,1,0.3999999999999999,0.004897994281741,False,0,2025-10-01,1,-0.0731185523698325,1.3560377610749734,-0.0764201103112029,0.3935712167234273,0.1741753988956692,0.5260245889754442,0.3935712167234273,0.1741753988956692,0.9272886886858056,-0.0488962754440349,0.2498687456584328,0.1425596983267055,0.2008457949922239,-0.3562400288488021,1.0489316470224752,1,True,,,,,,,,,,,,,,False,0,False,False,False,False,1.5139221057476029,1,0,False,False,0
679,2025-10-03,2025-10-06,2025-10-08,2025,2025-10,1,0.044095827748203,0.6628948357099593,0.003790706231598,1,0,1,True,0.973007842062306,0.365073389815107,0.2828180489927951,-2.218133278003529,0.1666666666666667,0.920746849627021,0.0416666666666666,0.3949251074362542,0.3706950889264296,0.4188373329992575,2025-10,0.6628948357099593,False,1,0.3257896714199186,0.003790706231598,True,0,2025-10-02,1,-0.025549934976274,1.0770672879875636,-0.0582196838475937,0.4588820416942722,0.0653108249708449,1.1269043554572844,-0.4588820416942722,-0.0653108249708449,-0.9078236213630928,0.005477948590796,0.1625789377982717,-0.1353505239245035,-0.1134021994496119,0.0772789301496068,1.1575164422110864,1,True,0.38016528925619836,0.45041322314049587,0.0,0.49173553719008267,0.7396694214876034,0.5247933884297521,0.36363636363636365,0.0,0.0,0.0,0.45041322314049587,0.5247933884297521,-0.07438016528925623,False,0,False,False,False,False,-1.691653484585717,1,1,False,False,0
680,2025-10-06,2025-10-07,2025-10-09,2025,2025-10,1,0.0247176710640117,0.6904265458048571,0.0049445262418768,1,0,1,True,0.9570573874579388,0.1311527020280289,0.2331713742802049,-1.2653578298336687,0.5,0.9826891193417884,0.2,0.4215927543114147,0.2463829755952798,0.1215643763715812,2025-10,0.6904265458048571,False,1,0.3808530916097141,0.0049445262418768,True,0,2025-10-03,3,-0.2774332314516581,-0.6009547242446759,-0.2807649814030434,0.1746087996544812,-0.284273242039791,0.1212562121405062,-0.1746087996544812,0.284273242039791,-0.3673795993137563,-0.1055188378262442,-0.1132213162763586,-0.0054448879556436,0.2663671980009511,-0.1385880614872139,-0.0577869406794022,1,True,0.2727272727272727,0.5206611570247934,0.0,0.38016528925619836,0.49173553719008267,0.45041322314049587,0.5247933884297521,0.0,0.0,0.0,0.5206611570247934,0.45041322314049587,0.07024793388429756,False,0,False,False,False,False,-1.1584345699491996,1,1,False,False,0
681,2025-10-07,2025-10-08,2025-10-10,2025,2025-10,1,0.0089820775096672,0.7383692508331501,0.0078855985347576,1,0,1,True,1.3767809191998943,0.4748685926323764,1.3409549091763424,-0.4553855991422139,0.25,0.9999989768666652,0.1666666666666666,0.3793857594495546,0.8068018724767215,0.7331402857247319,2025-10,0.7383692508331501,False,1,0.4767385016663001,0.0078855985347576,True,0,2025-10-06,1,0.2459867939709958,0.8464019343041063,0.2583257077115156,0.2560327468392038,0.0814239471847225,1.4492189772906383,-0.2560327468392038,-0.0814239471847225,0.3165742341593445,0.306820924035316,0.5172314610989425,0.023564066687052,-0.0976824560937865,0.3650680341493348,2.03933041320804,0,False,0.48760330578512395,0.78099173553719,0.8512396694214877,0.2727272727272727,0.38016528925619836,0.5206611570247934,0.45041322314049587,0.0,0.0,0.0,0.78099173553719,0.5206611570247934,0.2603305785123966,False,0,False,False,False,False,-0.5930263409890507,0,1,False,False,1
682,2025-10-08,2025-10-09,2025-10-13,2025,2025-10,1,0.0089197632961555,0.591394250070768,0.0017029052216095,1,0,1,True,0.2672209862618248,0.220474226815676,1.0046492617468357,-0.6234479927606538,0.25,0.7959074882695445,0.0909090909090909,0.4024003741201406,0.0941359278298063,0.2040919589344064,2025-10,0.591394250070768,False,1,0.1827885001415359,0.0017029052216095,True,0,2025-10-07,1,0.1214316985065018,1.4757998843912703,0.1119835035943388,0.195445737368284,-0.0605870094709197,0.727966008508614,-0.195445737368284,0.0605870094709197,1.8485844808723195,-0.2015646079227549,-0.3646005657480936,0.1163319755108514,-0.1328934298898957,0.2474217960340006,0.7688149496294903,1,True,0.6487603305785123,0.8305785123966942,0.0,0.48760330578512395,0.2727272727272727,0.78099173553719,0.5206611570247934,0.8512396694214877,0.0,0.8512396694214877,0.8305785123966942,0.78099173553719,0.04958677685950419,False,0,False,False,False,False,1.359742325016688,1,1,False,True,0
683,2025-10-09,2025-10-10,2025-10-14,2025,2025-10,1,0.02522004544694,0.2043341366840181,-0.0154120639228221,0,1,0,True,0.9308007786811784,0.1785648894519674,-0.6059946234360367,-1.0175646947478816,-0.0,0.727963776912673,0.5,0.7207188370552126,0.6127381151430691,0.272036223087327,2025-10,0.2043341366840181,False,0,0.5913317266319638,0.0154120639228221,True,1,2025-10-08,1,0.1395354810463747,2.1346772526065387,0.1412721263104281,0.2304192360961172,0.0349734987278332,3.3672803584285256,0.2304192360961172,0.0349734987278332,-1.6094807784354497,0.0209841729520831,0.2448876845811846,0.0042061935811619,-0.0167983860395286,0.1390775731323756,3.735263452221722,0,False,0.4793388429752066,0.6776859504132231,0.6735537190082646,0.6487603305785123,0.48760330578512395,0.8305785123966942,0.78099173553719,0.0,0.8512396694214877,0.8512396694214877,0.6776859504132231,0.8305785123966942,-0.15289256198347112,False,0,False,False,False,False,-0.372295476369915,0,0,False,False,1
684,2025-10-10,2025-10-13,2025-10-15,2025,2025-10,1,0.0471922765451688,0.7162050579818527,0.0053551389347887,1,0,1,True,0.7852683070336167,0.4638993223647321,-0.8673896393270947,-1.7052859458949745,0.1666666666666667,0.9514842993363511,0.05,0.4699308396972766,0.4035638076224287,0.6516480092399971,2025-10,0.7162050579818527,False,1,0.4324101159637055,0.0053551389347887,True,0,2025-10-09,1,0.2943014290899182,3.3732866370943486,0.2535072676707301,0.0472649782302078,-0.1831542578659094,1.247106109402063,-0.0472649782302078,0.1831542578659094,-1.3959501642789636,0.2483102904833966,0.3176382544841564,0.2762665395395609,0.1843675561902145,0.397130294215799,1.277718196155865,1,True,0.43388429752066116,0.8636363636363636,0.0,0.4793388429752066,0.6487603305785123,0.6776859504132231,0.8305785123966942,0.6735537190082646,0.0,0.6735537190082646,0.8636363636363636,0.6776859504132231,0.18595041322314054,False,0,False,False,False,False,-1.0986508421034484,1,1,False,True,0
685,2025-10-13,2025-10-14,2025-10-16,2025,2025-10,1,0.0372853246216224,0.8322009225299811,0.01072046465252,1,0,1,True,1.9675864526195188,0.0327620913972919,0.531818614388101,-2.855971652082827,0.5,0.9809166938571572,0.0454545454545454,0.8106430466338403,0.3589108888066984,0.065623756185813,2025-10,0.8322009225299811,False,1,0.6644018450599622,0.01072046465252,True,0,2025-10-10,3,-0.2820865469266191,1.4047562013888983,-0.3868509811590456,0.1303125036317361,0.0830475254015282,-0.4018535194723686,-0.1303125036317361,-0.0830475254015282,0.3306716652434782,-0.0756242770316743,-0.0490985835517501,0.2426630467719206,-0.1234745099879016,-0.4985469350569715,-1.0801829660352995,1,True,0.08264462809917356,0.1487603305785124,0.0,0.43388429752066116,0.4793388429752066,0.8636363636363636,0.6776859504132231,0.0,0.6735537190082646,0.6735537190082646,0.1487603305785124,0.8636363636363636,-0.7148760330578512,False,0,False,False,False,False,-5.314695175135712,1,1,False,False,0
686,2025-10-14,2025-10-15,2025-10-17,2025,2025-10,1,0.0458577997442309,0.4890960968691424,-0.0008085475462138,0,1,0,True,0.0925639812754083,0.3392120215656278,0.8168813851307666,-0.8544687258157053,-0.25,0.4603243304780883,0.125,0.7146281853077927,0.0498665361663205,0.5396756695219117,2025-10,0.5109039031308575,True,1,0.021807806261715,0.0008085475462138,False,0,2025-10-13,1,-0.1505540742607021,0.6480499736808395,-0.2543878453981364,0.1879888353832469,0.0576763317515107,1.130011921485535,0.1879888353832469,0.0576763317515107,0.962340168363222,-0.1937829136736945,0.0245396499666147,-0.0892797341252374,0.1812618528570782,-0.1770130462190895,1.086168624922047,1,True,,,,,,,,,,,,,,True,1,False,True,True,False,2.334008470570406,1,0,False,False,0
687,2025-10-15,2025-10-16,2025-10-20,2025,2025-10,1,0.0145668137092539,0.6467971327113472,0.0012294773433438,1,0,1,True,0.1693641509882243,0.2634779805259927,-0.6501609102624974,-1.185348851002008,0.5,0.9999994517353326,0.0833333333333333,0.4391170318160873,0.0674078986685736,0.2187381923646746,2025-10,0.6467971327113472,False,1,0.2935942654226944,0.0012294773433438,True,0,2025-10-14,1,0.251972093785195,1.746921618509438,0.2274464962941003,0.3417972063563875,0.1538083709731405,0.2018841770892255,-0.3417972063563875,-0.1538083709731405,-0.433714083489727,-0.0928660927769063,-0.0259135624395271,-0.0068029315712403,-0.0817577930454106,0.405665472374622,0.505710986501627,1,True,0.3677685950413223,0.756198347107438,0.0,0.08264462809917356,0.43388429752066116,0.1487603305785124,0.8636363636363636,0.0,0.0,0.0,0.756198347107438,0.1487603305785124,0.6074380165289257,True,2,False,True,True,False,-0.6132340451851205,1,1,False,False,0
688,2025-10-16,2025-10-17,2025-10-21,2025,2025-10,1,0.0116580640764322,0.9791731539769064,0.0264523535442791,1,0,1,True,2.3268672639016685,0.255276955525507,-0.9680651165634654,-2.2116144540773486,0.4166666666666667,0.9999996836317596,0.0625,0.4679694239158943,0.836868454421434,0.2663977900556037,2025-10,0.9791731539769064,False,1,0.9583463079538128,0.0264523535442791,True,0,2025-10-15,1,-0.2699037067304655,0.3230452445069326,-0.3205373832772988,0.1167541844437151,-0.2250430219126723,1.5124187047999385,-0.1167541844437151,0.2250430219126723,-1.5391435349620952,0.1466496283347373,0.103899905606577,0.1659885182894174,0.1643641533090066,-0.2682398375545407,1.610418982175822,1,True,0.08677685950413223,0.1322314049586777,0.7685950413223142,0.3677685950413223,0.08264462809917356,0.756198347107438,0.1487603305785124,0.0,0.0,0.0,0.1322314049586777,0.756198347107438,-0.6239669421487604,True,3,False,True,True,False,-3.0505783395701345,1,1,False,False,0
689,2025-10-17,2025-10-20,2025-10-22,2025,2025-10,0,-0.0610064730792025,0.0312345622326918,-0.0340165008108162,0,0,0,True,1.2396732685731948,0.3287517305787837,1.2552354308436988,-1.3691019495195669,0.0833333333333333,0.7657924245418175,0.1111111111111111,0.4476324213834909,0.6501999945286911,0.2342075754581825,2025-10,0.0312345622326918,False,0,0.9375308755346164,0.0340165008108162,True,0,2025-10-16,1,0.2083550558342093,1.254072525319519,0.239609216842744,0.2102991125232825,0.0935449280795674,2.422421442415196,0.2102991125232825,0.0935449280795674,0.6825606775648153,0.2186993179308391,0.173471085973529,0.036007261812094,0.2048267355727573,0.0948639945969684,2.380813122903133,0,True,0.3677685950413223,0.243801652892562,0.0,0.08677685950413223,0.3677685950413223,0.1322314049586777,0.756198347107438,0.7685950413223142,0.0,0.7685950413223142,0.3677685950413223,0.1322314049586777,0.23553719008264462,True,4,False,True,True,False,-0.1875444492228366,0,0,False,False,0
690,2025-10-20,2025-10-21,2025-10-23,2025,2025-10,0,-0.0303301301481159,0.96071286116367,0.028576624453052,1,1,1,True,1.4738973499954424,0.2558458534265201,0.5274089467494583,-1.2180084284353798,0.25,0.8686149620815785,0.0625,0.5850181487922801,0.7827167334819916,0.22178865598813,2025-10,0.96071286116367,False,1,0.92142572232734,0.028576624453052,True,1,2025-10-17,3,0.4153720723211727,3.057701892592443,0.4638155079808491,0.1334857161318461,-0.0768133963914364,0.4553127522452223,-0.1334857161318461,0.0768133963914364,-0.3328095707070423,0.2076770934474281,0.0655741772125488,0.1526163302861599,0.0141933111228209,0.4812299747025754,0.6662167395342908,1,False,0.37603305785123964,0.32644628099173556,0.0,0.3677685950413223,0.08677685950413223,0.243801652892562,0.1322314049586777,0.0,0.7685950413223142,0.7685950413223142,0.37603305785123964,0.3677685950413223,0.008264462809917328,True,5,False,True,True,True,-2.1036182737613816,1,1,False,False,1
691,2025-10-21,2025-10-22,2025-10-24,2025,2025-10,0,-0.0492504932572857,0.0205365345664398,-0.0343636355708873,0,0,0,True,1.9667359766829584,0.0912154401467077,1.514237825406625,-2.92559044326956,0.25,0.929225228438214,0.0666666666666666,0.472622524773835,0.5596589379610901,0.070774771561786,2025-10,0.0205365345664398,False,0,0.9589269308671204,0.0343636355708873,True,0,2025-10-20,1,-0.5071623788818265,0.4160349084665767,-0.5982106670717083,0.0346596801484635,-0.0988260359833826,-0.1388907859016995,0.0346596801484635,-0.0988260359833826,0.7774331470368118,-0.0060834625008813,0.0245527385815784,0.0481870638892851,0.094392357071901,-0.6206534401190673,-0.1804991054137627,0,True,0.09090909090909091,0.2024793388429752,0.0,0.37603305785123964,0.3677685950413223,0.32644628099173556,0.243801652892562,0.0,0.0,0.0,0.2024793388429752,0.37603305785123964,-0.17355371900826444,True,6,False,True,True,True,-5.030073298244732,0,0,False,False,0
692,2025-10-22,2025-10-23,2025-10-27,2025,2025-10,0,-0.0127726364089468,0.622390647410208,0.0055357100838548,1,1,1,True,0.2618940496379346,0.6813017832431804,-1.4450195262646168,0.3666826691577768,0.0833333333333332,0.541945902927539,0.1428571428571428,0.5063317105042443,0.1663029800759909,0.9999996995814854,2025-10,0.622390647410208,False,1,0.244781294820416,0.0055357100838548,True,1,2025-10-21,1,0.4498196773201321,2.3103822847215176,0.4300930500544752,0.0214267474522366,-0.0132329326962268,0.5766183002466252,-0.0214267474522366,0.0132329326962268,-0.985592305800074,0.3037965900742481,0.2892449350485545,0.1947435119959559,0.0405831478225886,0.4904941780031571,0.6384475227407592,1,False,0.9297520661157025,0.4421487603305785,0.9297520661157025,0.09090909090909091,0.37603305785123964,0.2024793388429752,0.32644628099173556,0.0,0.0,0.0,0.9297520661157025,0.2024793388429752,0.7272727272727273,True,7,False,True,True,True,2.0641258927639736,1,1,False,False,1
693,2025-10-23,2025-10-24,2025-10-28,2025,2025-10,0,-0.0536471787751866,0.5397996086595404,0.0004976724810958,1,1,1,True,0.0548705891985918,0.4413629393293553,1.6413390574264255,-0.6266111472172248,0.0,0.5627156766473813,0.0714285714285714,0.4936462575400077,0.0302483353436485,0.4845072226437574,2025-10,0.5397996086595404,False,1,0.0795992173190807,0.0004976724810958,True,1,2025-10-22,1,-0.1300522625166653,1.448964957012174,-0.1893484064893097,-0.2681820337321973,-0.289608781184434,0.4990891003210456,0.2681820337321973,0.289608781184434,2.153567587210886,-0.1051821369587716,-0.4185707896863725,0.5231078566343763,0.1790219839522115,-0.4107660489189477,0.1206453681136702,1,False,0.8016528925619835,0.5330578512396694,0.0,0.9297520661157025,0.09090909090909091,0.4421487603305785,0.2024793388429752,0.9297520661157025,0.0,0.9297520661157025,0.8016528925619835,0.9297520661157025,-0.12809917355371903,True,8,False,True,True,True,3.2783662728984537,1,1,True,False,1
694,2025-10-24,2025-10-27,2025-10-29,2025,2025-10,0,-0.0111563211190676,0.7660226691712477,0.0100127003796277,1,1,1,True,0.9968656217713134,0.5178848448325282,1.205269541687473,0.0588996245868263,-0.0833333333333333,0.6979331368490889,0.25,0.396158245723832,0.5426656415194582,0.9999994580226902,2025-10,0.7660226691712477,False,1,0.5320453383424955,0.0100127003796277,True,1,2025-10-23,1,-0.562703683763397,-0.860517598223865,-0.6499701165788014,0.3563093902706327,0.6244914240028301,-1.7554530257417489,-0.3563093902706327,-0.6244914240028301,0.1012099171144333,0.3207309205147999,0.7039761465132458,-0.087755449949286,-0.5491780707004671,-0.5404878328688749,-0.9769100696006804,1,False,0.859504132231405,0.3512396694214876,0.0,0.8016528925619835,0.9297520661157025,0.5330578512396694,0.4421487603305785,0.0,0.9297520661157025,0.9297520661157025,0.859504132231405,0.8016528925619835,0.05785123966942152,True,9,False,True,True,True,0.6332421655506866,1,1,False,True,1
695,2025-10-27,2025-10-28,2025-10-30,2025,2025-10,0,-0.0108033635152689,0.0999079356782323,-0.0174615590651647,0,0,0,True,1.4885853355095109,0.1907027558394802,0.8867542845147998,-1.9419471844794507,0.5,1.0,0.0476190476190476,0.4888607396369029,0.5633761842171442,0.0,2025-10,0.0999079356782323,False,0,0.8001841286435354,0.0174615590651647,True,0,2025-10-24,3,0.0827428139516754,-0.5324990417902582,0.1496881290557922,0.090549542048293,-0.2657598482223396,-2.1783941341162723,0.090549542048293,-0.2657598482223396,-0.4207682655056404,0.1057999568167968,-0.0078608530407339,-0.0532417804152129,-0.2048234470688413,0.215054968903912,-2.191717172830317,0,True,0.09917355371900827,0.5206611570247934,0.8181818181818182,0.859504132231405,0.8016528925619835,0.3512396694214876,0.5330578512396694,0.0,0.0,0.0,0.5206611570247934,0.859504132231405,-0.33884297520661155,True,10,False,True,True,True,-4.980175794810671,0,0,False,False,0
696,2025-10-28,2025-10-29,2025-10-31,2025,2025-10,1,0.026000404485068,0.7221981947487727,0.0124052355762618,1,0,1,True,1.1479862353930304,0.5890885074882521,1.0286415352361389,0.4005622039960068,0.0833333333333332,0.4929018892273898,0.0526315789473684,0.3885908247636167,0.4929018892273898,0.9999996026662402,2025-10,0.7221981947487727,False,1,0.4443963894975453,0.0124052355762618,True,0,2025-10-27,1,0.12504279159538,-0.1065937472689024,0.2585139583733962,-0.0428027162724842,-0.1333522583207773,-0.1744477716158818,0.0428027162724842,0.1333522583207773,-0.3254677843681983,0.1929529239535282,0.5416087612027116,0.360678659644603,0.1740859996655154,0.2185105293463127,-0.1375706392214269,1,True,0.9380165289256199,0.19834710743801653,0.0,0.09917355371900827,0.859504132231405,0.5206611570247934,0.3512396694214876,0.8181818181818182,0.0,0.8181818181818182,0.9380165289256199,0.5206611570247934,0.4173553719008265,True,11,False,True,True,True,0.4818508072877324,1,1,False,True,0
697,2025-10-29,2025-10-30,2025-11-03,2025,2025-10,0,-0.0075698889287477,0.0825946459894955,-0.0205103546419156,0,0,0,True,1.8321379171464507,0.4671203709831206,-1.5250704505771489,-0.4244808159607318,-0.0833333333333332,1.0,0.0454545454545454,0.4284723442647628,0.9092846474489108,0.0,2025-10,0.0825946459894955,False,0,0.834810708021009,0.0205103546419156,True,0,2025-10-28,1,0.0264685668511059,-0.0484551643626648,0.0334986995336809,0.2439015926992609,0.2867043089717451,0.9708942402884329,0.2439015926992609,0.2867043089717451,-2.528556605576562,0.3591874001736881,-0.0607364894846535,0.0268098404634212,0.4214635759719838,0.02786921718263,1.254833624286494,0,True,0.0743801652892562,0.17355371900826447,0.0,0.9380165289256199,0.09917355371900827,0.19834710743801653,0.5206611570247934,0.0,0.8181818181818182,0.8181818181818182,0.17355371900826447,0.9380165289256199,-0.7644628099173555,False,0,False,False,False,False,-0.9948746394672042,0,0,False,False,0
698,2025-10-30,2025-10-31,2025-11-04,2025,2025-10,1,0.0015791257934252,0.8423299308140604,0.0116958935811055,1,0,1,True,1.0322003957655237,0.2886391584800556,-0.2117565632596903,-1.1298895165759004,0.1666666666666667,0.999999580324518,0.0526315789473684,0.4597599236974365,0.4908479775699912,0.3689587473131459,2025-10,0.8423299308140604,False,1,0.6846598616281208,0.0116958935811055,True,0,2025-10-29,1,-0.1561363531160253,-0.7146274696109222,-0.0644359983396452,0.259775146751567,0.015873554052306,-3.291176858525521,-0.259775146751567,-0.015873554052306,-0.5799521571831098,0.0378486980856954,0.0845012736827502,0.1090984559999377,-0.009619732815401,-0.2133241370554532,-3.261690772111322,1,True,0.40909090909090906,0.2727272727272727,0.0,0.0743801652892562,0.9380165289256199,0.17355371900826447,0.19834710743801653,0.0,0.0,0.0,0.40909090909090906,0.17355371900826447,0.2355371900826446,False,0,False,False,False,False,-1.4572530777152055,1,1,False,False,0
699,2025-10-31,2025-11-03,2025-11-05,2025,2025-11,0,-0.012120904719558,0.4911306451575195,-0.0042101014576907,0,0,0,True,0.3854241436722805,0.325258128245688,-0.7373063918259491,-0.2061728826905686,-0.0,0.6554736589096538,0.25,0.6553883919093032,0.2914362020127794,0.3445263410903462,2025-11,0.4911306451575195,True,0,0.017738709684961,0.0042101014576907,True,0,2025-10-30,1,-0.149245296435156,-1.3346143592109387,-0.0523281235389038,0.4504140263577343,0.1906388796061673,-2.501413339576874,0.4504140263577343,0.1906388796061673,-1.2550158683101031,-0.0680156678658427,0.0994814302583259,0.058111055993174,0.1382668018002918,-0.1238886731962161,-2.6558868845775447,0,True,0.8099173553719008,0.731404958677686,0.0,0.40909090909090906,0.0743801652892562,0.2727272727272727,0.17355371900826447,0.0,0.0,0.0,0.8099173553719008,0.40909090909090906,0.40082644628099173,False,0,False,False,False,False,1.3381119990078798,0,0,False,False,0
700,2025-11-03,2025-11-04,2025-11-06,2025,2025-11,1,0.0025379930982521,0.4940348913699656,-7.75355694813129e-05,0,1,0,True,0.0144649526528021,0.4934559143418473,-0.5189776459080726,-0.6084248745597923,-0.0,0.4536355568108779,0.0476190476190476,0.5754566844356943,0.0063149869454494,0.546364443189122,2025-11,0.7,True,1,0.3999999999999999,7.75355694813129e-05,False,0,2025-10-31,3,-0.0378797159583506,-1.4275318848826204,-0.0236542205277466,0.3847414314417806,-0.0656725949159536,-2.097947734434214,0.3847414314417806,-0.0656725949159536,-0.8486740049988291,0.0030432976738818,-0.051696725082302,0.202502839258437,-0.0724707002249397,-0.0670014400503795,-2.1259060642143965,1,True,,,,,,,,,,,,,,False,0,False,False,False,False,2.338053326760195,1,0,False,False,0
701,2025-11-04,2025-11-05,2025-11-07,2025,2025-11,1,0.0034253887051046,0.1794243973997891,-0.0150617135173369,0,1,0,True,1.812741058321072,0.235102037209907,0.2263408206345643,-1.2655309446401417,0.1666666666666666,1.0,0.0625,0.3701993230336318,0.8299337391655213,0.0,2025-11,0.1794243973997891,False,0,0.6411512052004218,0.0150617135173369,True,1,2025-11-03,1,-0.0444352689381659,-1.6982193951883529,-0.0060852675255567,0.360215361704565,-0.0245260697372156,-1.7849941842757295,0.360215361704565,-0.0245260697372156,-0.4374418720493833,0.0347802147367437,-0.0161821578732647,0.1690942294508743,-0.0394974623159766,0.0152912366237583,-1.83076872719166,0,False,0.08264462809917356,0.243801652892562,0.0,0.8099173553719008,0.40909090909090906,0.731404958677686,0.2727272727272727,0.0,0.0,0.0,0.243801652892562,0.8099173553719008,-0.5661157024793388,False,0,False,False,False,False,-2.474386872040547,0,0,False,False,1
702,2025-11-05,2025-11-06,2025-11-10,2025,2025-11,1,0.0280405566939322,0.6097867753629899,0.003408144578211,1,0,1,True,0.8382808584912861,0.2007996927271687,0.2507726430598337,-1.5605988219009883,0.25,0.9139651727851944,0.0833333333333333,0.5244539051335253,0.2325944909903728,0.2497746113071851,2025-11,0.6097867753629899,False,1,0.2195735507259797,0.003408144578211,True,0,2025-11-04,1,0.1141281435794034,-1.1272041734466416,0.1863737570987219,0.3745691192202544,0.0143537575156894,-0.9621413984977308,-0.3745691192202544,-0.0143537575156894,0.3615425793397467,-0.1820706783738381,-0.1472299423942716,0.0353120938662145,0.0028160783278193,0.3080355006287671,-1.3370001084863947,1,True,0.44628099173553715,0.45041322314049587,0.0,0.08264462809917356,0.8099173553719008,0.243801652892562,0.731404958677686,0.0,0.0,0.0,0.45041322314049587,0.243801652892562,0.20661157024793386,False,0,False,False,False,False,-2.256916748888476,1,1,False,False,0
703,2025-11-06,2025-11-07,2025-11-11,2025,2025-11,1,0.0327229569820253,0.3531721804490824,-0.0085948607035035,0,1,0,True,1.0325031072169484,0.4072800874552151,1.0004688064612228,-0.2134871767658013,0.0833333333333333,0.908542187610919,0.0666666666666666,0.6046538634379978,0.7616683324466706,0.091457812389081,2025-11,0.3531721804490824,False,0,0.2936556391018352,0.0085948607035035,True,1,2025-11-05,1,-0.3217128734553682,-2.322474785513834,-0.2669991752817093,0.2356431660464648,-0.1389259531737895,-2.8223122184627814,0.2356431660464648,-0.1389259531737895,-0.2338055439085931,0.1577322650466632,-0.1020996984251208,-0.1079098071269805,-0.1580055763028675,-0.4117926098883711,-2.86152892798125,0,False,0.4256198347107438,0.7148760330578512,0.5950413223140496,0.44628099173553715,0.08264462809917356,0.45041322314049587,0.243801652892562,0.0,0.0,0.0,0.7148760330578512,0.45041322314049587,0.2644628099173553,False,0,False,False,False,False,-1.4271397228992488,0,0,False,False,1
704,2025-11-07,2025-11-10,2025-11-12,2025,2025-11,1,0.027984352427951,0.4988875387114941,-0.0013772574761112,0,1,0,True,0.2715069430919011,0.7456658154710587,1.8238557325970528,0.4294579653677345,-0.0,0.2298982861906595,0.1666666666666666,0.5120749597535128,0.1946067596963692,0.7701017138093404,2025-11,0.4988875387114941,False,0,0.0022249225770117,0.0013772574761112,True,1,2025-11-06,1,0.097911137419608,-1.620207181162264,0.1857401396611354,0.1949088555711358,-0.040734310475329,-1.0143350313625723,0.1949088555711358,-0.040734310475329,1.809874940100434,0.3830648811105371,0.4255753727189942,-0.1973941147934244,-0.0817648635886455,-0.1226918022214995,-1.4835498041356865,0,False,0.9173553719008265,0.5,0.0,0.4256198347107438,0.44628099173553715,0.7148760330578512,0.45041322314049587,0.5950413223140496,0.0,0.5950413223140496,0.9173553719008265,0.7148760330578512,0.2024793388429753,False,0,False,False,False,False,2.2328633875767467,0,0,False,False,1
705,2025-11-10,2025-11-11,2025-11-13,2025,2025-11,1,0.03770944514235,0.7847680626625765,0.0085665306311124,1,0,1,True,1.3424926349343491,0.1326588178675652,-0.9124840225185354,-1.5608756827532615,0.5833333333333333,0.999999632396908,0.125,0.4695701167389486,0.3149083145952041,0.1617497235705499,2025-11,0.7847680626625765,False,1,0.569536125325153,0.0085665306311124,True,0,2025-11-07,3,0.1772626896767928,-0.8430165184659154,0.2156604051473674,0.3060021083146659,0.1110932527435301,-0.7317819387811495,-0.3060021083146659,-0.1110932527435301,-1.1456553967987404,0.0015061158395363,-0.0175398670868286,-0.1313933086601847,-0.2753021476383312,0.3171097298841179,-0.910825091601058,1,True,0.2603305785123967,0.2975206611570248,0.0,0.9173553719008265,0.4256198347107438,0.5,0.7148760330578512,0.0,0.5950413223140496,0.5950413223140496,0.2975206611570248,0.9173553719008265,-0.6198347107438017,False,0,False,False,False,False,-3.894957105968288,1,1,False,False,0
706,2025-11-11,2025-11-12,2025-11-14,2025,2025-11,1,0.0057117535114216,0.5925419634877216,-0.0015403045447435,0,1,1,False,0.2076054708323643,0.3876896114233344,1.4674614807765087,0.3878596130802725,-0.4166666666666667,0.3912420613569272,0.0434782608695652,0.4677345534968908,0.1430693046997624,0.6087579386430728,2025-11,0.5925419634877216,False,1,0.1850839269754431,0.0015403045447435,False,0,2025-11-10,1,0.1758766738664778,-0.1662876351672877,0.1712459082100238,0.1608730609156261,-0.1451290473990397,0.0122464164989471,0.1608730609156261,-0.1451290473990397,1.3325207262359544,-0.0575613980903891,0.1449001278594485,-0.1583958329848301,-0.1210387056494656,0.211783214605802,-0.2428128517684609,1,True,,,,,,,,,,,,,,False,0,False,False,False,False,3.0693626082313017,1,0,False,False,0
707,2025-11-12,2025-11-13,2025-11-17,2025,2025-11,0,-0.0089964401832599,0.892103965331945,0.017117136530615,1,1,1,True,1.401766495464567,0.1437632576646289,0.8621135097382601,-1.7891302835504366,-0.1666666666666666,0.8742948089355715,0.3333333333333333,0.7404434696135337,0.6850016354831491,0.3774638363141518,2025-11,0.892103965331945,False,1,0.78420793066389,0.017117136530615,True,1,2025-11-11,1,0.032184582221383,-0.0465693963776984,-0.0165085719959996,0.1742392960373624,0.0133662351217362,-0.3413220828225898,-0.1742392960373624,-0.0133662351217362,0.1039993568468822,0.0563630859247191,0.174907618154128,0.0885166391466597,0.0606295317623919,0.0980424846027858,0.1654673918885391,1,False,0.40909090909090906,0.10330578512396695,0.0,0.2603305785123967,0.9173553719008265,0.2975206611570248,0.5,0.0,0.0,0.0,0.40909090909090906,0.2975206611570248,0.11157024793388426,False,0,False,False,False,False,-3.200270279222749,1,1,False,False,1
708,2025-11-13,2025-11-14,2025-11-18,2025,2025-11,0,-0.0467134659912986,0.2811957189215622,-0.0146656577050503,0,0,0,True,1.017830270483989,0.2729997982903931,0.0844593287042117,-0.6760370587091303,-0.0,0.8221969477918167,0.0526315789473684,0.6541833673119106,0.7150374434734874,0.1778030522081832,2025-11,0.2811957189215622,False,0,0.4376085621568756,0.0146656577050503,True,0,2025-11-12,1,0.1561643477384642,0.5472407261017032,0.1238599057926855,0.2988807098921044,0.124641413854742,-0.0343747165866374,0.2988807098921044,0.124641413854742,-0.92118927926044,0.1079712945019983,0.1506545137020408,0.0204316731571621,0.105561790725664,0.1557064398244652,0.3336083772065591,0,True,0.5371900826446281,0.5826446280991735,0.0,0.40909090909090906,0.2603305785123967,0.10330578512396695,0.2975206611570248,0.0,0.0,0.0,0.5826446280991735,0.40909090909090906,0.17355371900826444,False,0,False,False,False,False,-0.4855336719976475,0,0,False,False,0
709,2025-11-14,2025-11-17,2025-11-19,2025,2025-11,0,-0.0122223273594059,0.0702724437664471,-0.0216740575636471,0,0,0,True,1.1396883769695387,0.1974804312791347,0.882878357216885,-1.3784770050721036,0.4166666666666666,0.8297742100087099,0.125,0.6978847165048123,0.5819920443925551,0.1702257899912901,2025-11,0.0702724437664471,False,0,0.8594551124671058,0.0216740575636471,True,0,2025-11-13,1,0.0691322703844594,0.7573271797045042,-0.0587476158000857,0.2588105857161447,-0.0400701241759597,0.1772431664316831,0.2588105857161447,-0.0400701241759597,0.1460736788470716,0.0874280186311901,0.1623649369505562,0.2330289787714283,0.1531482688793238,-0.013610543567216,0.4766847851055835,0,True,0.3429752066115702,0.5785123966942148,0.0,0.5371900826446281,0.40909090909090906,0.5826446280991735,0.10330578512396695,0.0,0.0,0.0,0.5785123966942148,0.5826446280991735,-0.004132231404958664,False,0,False,False,False,False,-1.0313274595784343,0,0,False,False,0
710,2025-11-17,2025-11-18,2025-11-20,2025,2025-11,0,-0.0050701394558543,0.4051701732346119,-0.0092951905965232,0,0,0,True,0.5748842179269988,0.3352434148722807,-0.0170202436710587,-0.1889241792522469,-0.0,0.6028814713487793,0.5,0.6702306368943388,0.4415188666574537,0.3971185286512206,2025-11,0.4051701732346119,False,0,0.1896596535307761,0.0092951905965232,True,0,2025-11-14,3,-0.012015348064196,0.7121685375618311,-0.1341394608417115,0.1775618698441796,-0.081248715871965,0.2121639007654234,0.1775618698441796,-0.081248715871965,-0.7360573380545106,-0.0091797836598893,0.1144675129348304,-0.1659911033292657,-0.0723878569479032,0.000519444875735,0.005048785701938,0,True,0.7851239669421488,0.78099173553719,0.0,0.3429752066115702,0.5371900826446281,0.5785123966942148,0.5826446280991735,0.0,0.0,0.0,0.7851239669421488,0.5785123966942148,0.20661157024793397,False,0,False,False,False,False,2.1636824286667014,0,0,False,False,0
711,2025-11-18,2025-11-19,2025-11-21,2025,2025-11,0,-0.0016717545548005,0.6750284325883644,0.0066904870698127,1,1,1,True,0.5767204435776461,0.2449096597311927,0.0493052815160769,-1.0696948102002009,-0.0833333333333333,0.8091698887022322,0.1428571428571428,0.6855005593173178,0.3849356077133897,0.5009335052377497,2025-11,0.6750284325883644,False,1,0.3500568651767288,0.0066904870698127,True,1,2025-11-17,1,-0.3928117079147331,-0.6524370086382996,-0.4770802131440508,0.4510478801755946,0.273486010331415,-0.1891941750211523,-0.4510478801755946,-0.273486010331415,-0.8795367433319039,-0.072114100159304,-0.0125105666239658,-0.1470048591222755,-0.2131053270761849,-0.262230405869408,0.8688939342534092,1,False,0.6694214876033058,0.4421487603305785,0.0,0.7851239669421488,0.3429752066115702,0.78099173553719,0.5785123966942148,0.0,0.0,0.0,0.6694214876033058,0.7851239669421488,-0.11570247933884303,False,0,False,False,False,False,-0.5346885837749696,1,1,False,False,1
712,2025-11-19,2025-11-20,2025-11-24,2025,2025-11,0,-0.0104419797965332,0.367270454975747,-0.0089449112611266,0,0,0,True,0.837673335173021,0.532940902347717,0.1099055696517515,-0.3909167594080952,-0.0833333333333332,0.6937849401640899,0.0769230769230769,0.4765359919790564,0.5554030540513851,0.3062150598359101,2025-11,0.367270454975747,False,0,0.265459090048506,0.0089449112611266,True,0,2025-11-18,1,0.0444179729177953,-0.4192523831411907,0.0738871440447198,0.2639569049951028,-0.1870909751804918,0.204044922107693,0.2639569049951028,-0.1870909751804918,-0.6091315247317004,0.1885177038155469,0.0320089091111321,0.00060712301205,-0.2374143593446075,-0.1644897240451772,0.0701710341439639,0,True,0.6611570247933884,0.7851239669421488,0.0,0.6694214876033058,0.7851239669421488,0.4421487603305785,0.78099173553719,0.0,0.0,0.0,0.7851239669421488,0.6694214876033058,0.11570247933884303,False,0,False,False,False,False,1.9007799552133031,0,0,False,False,0
713,2025-11-20,2025-11-21,2025-11-25,2025,2025-11,1,0.0165028706535662,0.6079252971597958,0.0028681922283837,1,0,1,True,0.2166504317655202,0.4319463190355151,0.2626904273940307,-0.1295430217193337,-0.1666666666666666,0.4798235996920001,0.1666666666666666,0.4021539702983382,0.2198324153519934,0.9999992335506206,2025-11,0.6079252971597958,False,1,0.2158505943195916,0.0028681922283837,True,0,2025-11-19,1,0.0133094957374861,-0.2711692415382478,0.0403319887251282,0.4980082752949037,0.2340513702998009,0.3009681845312989,-0.4980082752949037,-0.2340513702998009,0.7206048846810365,0.0089976230133123,6.352722475844175e-07,-0.2300115031659002,-0.3000151575945168,-0.0975836845216697,-0.2219465973634884,1,True,0.8966942148760331,0.8553719008264462,0.0,0.6611570247933884,0.6694214876033058,0.7851239669421488,0.4421487603305785,0.0,0.0,0.0,0.8966942148760331,0.7851239669421488,0.11157024793388426,False,0,False,False,False,False,2.721067468964034,1,1,True,False,0
714,2025-11-21,2025-11-24,2025-11-26,2025,2025-11,1,0.0297082377258194,0.5614904089460204,0.0037065349391536,1,0,1,True,0.2846972129643116,0.4368267217046176,0.4321153943566251,-0.2623166490023672,-0.1666666666666666,0.5226733142213469,0.5,0.4720959947221539,0.2249252845200109,0.7068411962852897,2025-11,0.5614904089460204,False,1,0.1229808178920408,0.0037065349391536,True,0,2025-11-20,1,0.1941611029157961,0.887463605502491,0.2497545663036337,0.4306745351862427,-0.067333740108661,1.013688843628283,-0.4306745351862427,0.067333740108661,0.5621202089855581,0.0368617935464468,-0.2931567890165987,-0.1127014618440524,-0.0112457964763912,0.0832679226566401,0.7584518741999235,1,True,0.8181818181818182,0.7644628099173554,0.0,0.8966942148760331,0.6611570247933884,0.8553719008264462,0.7851239669421488,0.0,0.0,0.0,0.8181818181818182,0.8966942148760331,-0.07851239669421484,False,0,False,False,False,False,1.2184242383198756,1,1,False,False,0
715,2025-11-24,2025-11-25,2025-11-27,2025,2025-11,1,0.0209325383952566,0.894906503958523,0.0155284046471955,1,0,1,True,1.91171978706334,0.3327333728202941,-0.6499914654218405,-2.633157734668897,0.25,0.9999995556419832,0.0476190476190476,0.5760333097594236,0.6900171092984448,0.3588291200995454,2025-11,0.894906503958523,False,1,0.789813007917046,0.0155284046471955,True,0,2025-11-21,3,0.027057433317859,0.964785060149059,0.0576451301994293,0.0682663214463127,-0.36240821373993,-0.1233350624396607,-0.0682663214463127,0.36240821373993,-1.4513437102286657,0.2350194539223852,0.2211634081319536,0.3501524837104647,0.4278575519668828,-0.0656712648820541,-0.0416233098158163,1,True,0.10743801652892562,0.11983471074380166,0.0,0.8181818181818182,0.8966942148760331,0.7644628099173554,0.8553719008264462,0.0,0.0,0.0,0.11983471074380166,0.8181818181818182,-0.6983471074380165,False,0,False,False,False,False,-1.8491056032353668,1,1,False,False,0
716,2025-11-25,2025-11-26,2025-11-28,2025,2025-11,1,0.0070571071756924,0.5365251243287875,0.0004309993145792,1,0,1,True,0.0501403188224381,0.5026939569578163,-0.4210140274015928,0.568081533348726,-0.0833333333333333,0.4210702596100746,0.125,0.4286695274063385,0.051097704484952,0.9999988144365256,2025-11,0.5365251243287875,False,1,0.073050248657575,0.0004309993145792,True,0,2025-11-24,1,-0.0327040337940616,0.7375328268661162,-0.0099308931889023,0.0161915132906082,-0.0520748081557045,-0.6456567749905591,-0.0161915132906082,0.0520748081557045,0.0912145023828677,0.1051939847114939,0.1861794620287484,0.2917287913442218,0.1154113605364866,-0.4161063852706146,-2.1315607962029013,1,True,0.9545454545454546,0.04132231404958678,0.0,0.10743801652892562,0.8181818181818182,0.11983471074380166,0.7644628099173554,0.0,0.0,0.0,0.9545454545454546,0.11983471074380166,0.8347107438016529,False,0,False,False,False,False,2.103187408143991,1,1,False,False,0
717,2025-11-26,2025-11-27,2025-12-01,2025,2025-11,1,0.0233421814232475,0.5705264751744952,0.0006833231843259,1,0,1,True,0.0936951278448606,0.3655365143031753,0.1136246475015803,-0.0390622158562695,0.25,0.7969278537528187,0.1,0.4852073542441033,0.0683443347346272,0.6531112932634425,2025-11,0.5705264751744952,False,1,0.1410529503489903,0.0006833231843259,True,0,2025-11-25,1,0.0865451186090737,1.1996532791997545,0.0372967243900987,0.3102549334626693,0.2940634201720611,-2.2671859720635377,-0.3102549334626693,-0.2940634201720611,0.3963913969741307,-0.2064690390919051,-0.1509922591755309,0.0015227794164661,-0.310542260783135,-0.034886579897428,-2.995151980572152,1,True,0.834710743801653,0.5619834710743802,0.0,0.9545454545454546,0.10743801652892562,0.04132231404958678,0.11983471074380166,0.0,0.0,0.0,0.834710743801653,0.9545454545454546,-0.11983471074380159,False,0,False,False,False,False,1.9923022399943155,1,1,False,False,0
718,2025-11-27,2025-11-28,2025-12-02,2025,2025-11,1,0.0076022285386803,0.5513731539499367,-0.0005907171227867,0,1,1,False,0.3903389431080952,0.4234562887182149,0.4719571935810535,1.786808180912186,-0.0833333333333332,0.4045537536276404,0.0625,0.5292028803385412,0.1204661261214232,0.5954462463723595,2025-11,0.5513731539499367,False,1,0.1027463078998733,0.0005907171227867,False,0,2025-11-26,1,-0.5035173858071964,-1.4373706138635798,-0.5611912091644271,0.3556410651069724,0.0453861316443031,-2.1947129709238373,0.3556410651069724,0.0453861316443031,0.2804710653344401,-0.0603023714192942,0.1876990960881843,0.1314773533968003,0.1022822702221423,-0.724120325448304,-2.6639277436969517,1,True,,,,,,,,,,,,,,False,0,False,False,False,False,1.8010927761296998,1,0,False,False,0
719,2025-11-28,2025-12-01,2025-12-03,2025,2025-12,1,0.0099279549460205,0.7946191623304549,0.0115589628550001,1,0,1,True,1.9061330816036464,0.2607936804203556,0.8731452317324301,-1.284813265326201,0.3333333333333332,0.9304057060882984,0.0666666666666666,0.4899763752057008,0.7849173102472402,0.4459646665924784,2025-12,0.7946191623304549,False,1,0.5892383246609099,0.0115589628550001,True,0,2025-11-26,2,-0.5035173858071964,-1.4373706138635798,-0.5611912091644271,0.3556410651069724,0.0453861316443031,-2.1947129709238373,-0.3556410651069724,-0.0453861316443031,0.4962094334886432,0.1524073119913894,0.3312423268549153,-0.0803381823811134,-0.2095950265391041,-0.7360178779735982,-2.86967663789936,1,True,,,,,,,,,,,,,,False,0,False,False,False,False,-3.1979007217102478,1,1,False,False,0
720,2025-12-01,2025-12-02,2025-12-04,2025,2025-12,0,-0.0129177532054679,0.4526816174485464,-0.0040499188848261,0,0,0,True,0.7289688610378918,0.5517203027251497,0.7291636519447494,0.1153991031283917,-0.0833333333333332,0.6092104547106301,0.0476190476190476,0.5129284850840327,0.4228668806129227,0.3907895452893699,2025-12,0.4526816174485464,False,0,0.0946367651029072,0.0040499188848261,True,0,2025-11-28,3,-0.3198657381977785,-2.88256957668938,-0.2741741852460727,0.432104526364909,0.0764634612579365,-2.647286611473588,0.432104526364909,0.0764634612579365,-0.4178288575422705,0.135578041330975,-0.0293852571293035,0.1476693573868559,-0.0316113000473642,-0.2945091149588386,-2.6955988052618136,0,True,0.731404958677686,0.6652892561983471,0.0,0.834710743801653,0.9545454545454546,0.5619834710743802,0.04132231404958678,0.0,0.0,0.0,0.731404958677686,0.834710743801653,-0.10330578512396704,False,0,False,False,False,False,1.2719076483111142,0,0,False,False,0
721,2025-12-02,2025-12-03,2025-12-05,2025,2025-12,1,0.0091204294625134,0.5927146337259278,0.0030073359473412,1,0,1,True,0.2044035060233511,0.7507688046342373,-1.0020553459025494,0.3005798188857932,0.0833333333333332,0.5887723350529798,0.1428571428571428,0.7728959109261475,0.1995047395810825,0.9999993366064084,2025-12,0.5927146337259278,False,1,0.1854292674518556,0.0030073359473412,True,0,2025-12-01,1,0.4028312189633496,-0.6517331674647819,0.5513281401377703,0.2453579826481796,-0.1867465437167293,-0.4658523315352257,-0.2453579826481796,0.1867465437167293,-0.5262487302584029,0.3264319936311934,0.1302262045351346,0.1209391176774522,0.2140967588430911,0.4698920560387254,-0.4040231090410917,1,True,0.9173553719008265,0.5413223140495868,0.0,0.731404958677686,0.834710743801653,0.6652892561983471,0.5619834710743802,0.0,0.0,0.0,0.9173553719008265,0.731404958677686,0.18595041322314054,False,0,False,False,False,False,1.8105900921622131,1,1,False,False,0
722,2025-12-03,2025-12-04,2025-12-08,2025,2025-12,1,0.0007733446349457,0.5369026358312103,0.0004316208977126,1,0,1,True,0.0400164838129247,0.5491911247701222,0.7497235117873032,0.1093424076606031,-0.0833333333333333,0.1574831418263351,0.125,0.4606781638924445,0.0478262308998342,0.999998891938941,2025-12,0.5369026358312103,False,1,0.0738052716624206,0.0004316208977126,True,0,2025-12-02,1,-0.0518809280350129,-0.8586844186349017,0.0214612360103096,0.1743550729649353,-0.0710029096832443,-1.8838151883116516,-0.1743550729649353,0.0710029096832443,1.170737539188896,0.1516911525237999,0.1861795395311638,-0.0122582037344682,0.0189281015275398,-0.435283279511566,-3.3697192095239936,1,True,0.9545454545454546,0.884297520661157,0.0,0.9173553719008265,0.731404958677686,0.5413223140495868,0.6652892561983471,0.0,0.0,0.0,0.9545454545454546,0.9173553719008265,0.037190082644628086,False,0,False,False,False,False,2.064867361873848,1,1,False,False,0
723,2025-12-04,2025-12-05,2025-12-09,2025,2025-12,1,0.0012731503858495,0.5964423206302769,0.0017814671271274,1,0,1,True,0.3529498399876472,0.4875207239612472,0.2379563731070601,-1.3653179424830677,-0.0833333333333333,0.706976646793779,0.0588235294117647,0.5174833630909199,0.1827613089937564,0.7614390322613518,2025-12,0.5964423206302769,False,1,0.1928846412605538,0.0017814671271274,True,0,2025-12-03,1,-0.2017573961395058,-1.6830252527717076,-0.1245798532459929,0.1446525072263416,-0.0297025657385937,-2.144211774168234,-0.1446525072263416,0.0297025657385937,0.1091590166613035,-0.014110743679566,-0.238559026880603,0.1708051861058079,-0.0362612215561221,-0.1322287004236724,-2.5226555063756093,1,True,0.768595041322314,0.49173553719008267,0.0,0.9545454545454546,0.9173553719008265,0.884297520661157,0.5413223140495868,0.0,0.0,0.0,0.768595041322314,0.9545454545454546,-0.18595041322314054,False,0,False,False,False,False,0.8221498757102846,1,1,False,False,0
724,2025-12-05,2025-12-08,2025-12-10,2025,2025-12,0,-0.0077595764514089,0.3704582080719846,-0.0062985256947012,0,0,0,True,0.8835718480820431,0.2235466252103426,-2.070551333594418,-0.7701221307253704,-0.1666666666666667,1.0,0.1111111111111111,0.7828255836881719,0.5981951019514373,0.0,2025-12,0.3704582080719846,False,0,0.2590835838560308,0.0062985256947012,True,0,2025-12-04,1,-0.0664310443794082,-1.7695566562125478,0.0684070014638205,0.3962801608579088,0.2516276536315672,-0.9249404452594808,0.3962801608579088,0.2516276536315672,-2.7895884279778698,-0.06882403366001,-0.3062150598359101,0.132323255862806,0.3972822490986157,-0.1680371716429292,-0.9651457860968172,0,True,0.30991735537190085,0.8636363636363636,0.0,0.768595041322314,0.9545454545454546,0.49173553719008267,0.884297520661157,0.0,0.0,0.0,0.8636363636363636,0.768595041322314,0.0950413223140496,False,0,False,False,False,False,-0.6225476063645483,0,0,False,False,0
725,2025-12-08,2025-12-09,2025-12-11,2025,2025-12,1,0.0022333900964138,0.4360669747113659,-0.0042298116921539,0,1,0,True,0.7097039433725058,0.3671361918765077,1.3077570783279848,-1.047697347655588,-0.0833333333333332,0.7797037680833783,0.0454545454545454,0.4429805342638568,0.5228468688253569,0.2202962319166216,2025-12,0.4360669747113659,False,0,0.1278660505772682,0.0042298116921539,True,1,2025-12-05,3,0.2167748954507029,-0.8752288003367272,0.2641956730083741,0.2265174878672691,-0.1697626729906397,-0.6104549770202999,0.2265174878672691,-0.1697626729906397,0.5785934263832354,-0.049006069517667,-0.1704933133727482,-0.0955174842564004,-0.2778374342959405,0.5366406336484815,-0.3525946048665817,0,False,0.5578512396694215,0.5537190082644627,0.8719008264462811,0.30991735537190085,0.768595041322314,0.8636363636363636,0.49173553719008267,0.0,0.0,0.0,0.5578512396694215,0.8636363636363636,-0.30578512396694213,False,0,False,False,False,False,0.9435887628881507,0,0,False,False,1
726,2025-12-09,2025-12-10,2025-12-12,2025,2025-12,1,0.0269010338474075,0.587948273802756,0.0012597025429084,1,0,1,True,0.3118788896672942,0.4131711633923332,0.923679714138021,-1.664050386958864,0.0,0.8447156630921168,0.2,0.404696499851286,0.1583179122185163,0.5054540581922363,2025-12,0.587948273802756,False,1,0.1758965476055121,0.0012597025429084,True,0,2025-12-08,1,-0.2909341704747472,-1.9850842261222443,-0.3508415196467723,0.2484903986492287,0.0219729107819596,-0.9833976040639144,-0.2484903986492287,-0.0219729107819596,1.4359082439224815,0.0156711911460109,-0.2559849740691154,-0.0944534052490352,-0.0516754765205533,-0.3748226989165655,-1.534846121988636,1,True,0.6239669421487604,0.12809917355371903,0.0,0.5578512396694215,0.30991735537190085,0.5537190082644627,0.8636363636363636,0.8719008264462811,0.0,0.8719008264462811,0.6239669421487604,0.5578512396694215,0.06611570247933884,False,0,False,False,False,False,-0.498851905449621,1,1,False,True,0
727,2025-12-10,2025-12-11,2025-12-15,2025,2025-12,1,0.0342633382692721,0.7705554052553907,0.0081727013439447,1,0,1,True,1.1207902645326857,0.2505825629361977,-1.2123209113846125,-0.57496399226661,-0.0833333333333333,0.9410519907083332,0.0526315789473684,0.5997912703680381,0.9041334339246164,0.642088124006306,2025-12,0.7705554052553907,False,1,0.5411108105107814,0.0081727013439447,True,0,2025-12-09,1,0.1859921771729364,-1.095084920357967,0.2648379058885307,0.2064927780114991,-0.0419976206377296,-1.356617542536286,-0.2064927780114991,0.0419976206377296,-2.159988642361488,0.0162296693646483,0.2218571056424423,0.0620611623098475,0.1173109739400926,0.3988242500836438,-0.3665264054806397,1,True,0.524793388429752,0.371900826446281,0.0,0.6239669421487604,0.5578512396694215,0.12809917355371903,0.5537190082644627,0.0,0.8719008264462811,0.8719008264462811,0.524793388429752,0.6239669421487604,-0.09917355371900838,False,0,False,False,False,False,-1.6518758085527023,1,1,False,False,0
728,2025-12-11,2025-12-12,2025-12-16,2025,2025-12,1,0.0147709345306139,0.8636195261005716,0.0143400900441488,1,0,1,True,1.6704215038826522,0.2582560930747719,0.2498797457108046,-1.976023884663736,0.4166666666666667,0.999999410502798,0.05,0.5551882536947425,0.8453442957538484,0.4274418799309542,2025-12,0.8636195261005716,False,1,0.7272390522011432,0.0143400900441488,True,0,2025-12-10,1,0.0804463890254734,-0.7216421880799465,0.1117174966994778,-0.0874299107010413,-0.2939226887125404,-0.8530121091366288,0.0874299107010413,0.2939226887125404,-0.1270560525329822,0.1171537035206742,0.2938041237169024,0.3554211646225167,0.3593720269394932,0.1984791854855458,-0.1331868788844576,1,True,0.15289256198347106,0.08677685950413223,0.9173553719008265,0.524793388429752,0.6239669421487604,0.371900826446281,0.12809917355371903,0.0,0.0,0.0,0.15289256198347106,0.524793388429752,-0.3719008264462809,False,0,False,False,False,False,-3.624554381371897,1,1,False,False,0
729,2025-12-12,2025-12-15,2025-12-17,2025,2025-12,0,-0.0010770933421855,0.5355391711615745,-0.0038754607956814,0,0,1,False,0.2422431968521554,0.2618210786168337,0.6631219922897127,0.3258092760944787,-0.4166666666666667,0.5769440139697315,0.0714285714285714,0.8336326692237066,0.2015657244664732,0.4230559860302685,2025-12,0.5355391711615745,False,1,0.0710783423231489,0.0038754607956814,False,1,2025-12-11,1,0.1627578775545366,-0.0986600603589801,0.1375882281955451,0.470626452795865,0.5580563634969063,0.8254688524329897,0.470626452795865,0.5580563634969063,0.543178818253209,-0.1834299308968899,-0.0511645580764549,0.1805022291933805,0.7254289036073949,0.1986644182938608,0.5704095841655816,1,False,,,,,,,,,,,,,,False,0,False,False,False,False,2.011048885155432,1,0,False,False,1
730,2025-12-15,2025-12-16,2025-12-18,2025,2025-12,0,-0.0036724412167634,0.324548643141904,-0.008731450574448,0,0,0,True,1.2381982488442789,0.4853518009317568,0.362892033752023,-1.2505301515847076,-0.0833333333333332,0.8639782787653341,0.0588235294117647,0.4993482131835219,0.7736924684343383,0.1360217212346659,2025-12,0.324548643141904,False,0,0.3509027137161919,0.008731450574448,True,0,2025-12-12,3,0.20823408554444,0.7060738897222373,0.1372266517986595,0.1146356107895005,-0.3559908420063645,1.3991916159467055,0.1146356107895005,-0.3559908420063645,-0.6230496640281336,0.1691405258322387,-0.0601028331599595,-0.1303422302482506,-0.3709745370994581,0.106627958280919,1.1951466938390127,0,True,0.3512396694214876,0.5991735537190083,0.7479338842975207,0.15289256198347106,0.524793388429752,0.08677685950413223,0.371900826446281,0.9173553719008265,0.0,0.9173553719008265,0.5991735537190083,0.15289256198347106,0.4462809917355372,False,0,False,False,False,False,0.3639937552964495,0,0,False,False,0
731,2025-12-16,2025-12-17,2025-12-19,2025,2025-12,1,0.011925104706823,0.6390406275493092,0.0052982034272766,1,0,1,True,0.617192324705249,0.4521000747828655,1.7496250378419649,-0.4783466668917082,-0.1666666666666666,0.4840355207701007,0.1666666666666666,0.4543886459117559,0.4395332569111241,0.5836646262717882,2025-12,0.6390406275493092,False,1,0.2780812550986185,0.0052982034272766,True,0,2025-12-15,1,-0.3525318690410994,-0.5304636562780354,-0.4218311408056273,-0.0096667949869541,-0.1243024057764546,-0.0359691471396496,0.0096667949869541,0.1243024057764546,1.3298786469743302,0.1852358559337453,-0.0072638630782331,0.3137098160402732,0.1902481271566575,-0.378251816975391,0.9561844102664832,1,True,0.71900826446281,0.4628099173553719,0.0,0.3512396694214876,0.15289256198347106,0.5991735537190083,0.08677685950413223,0.7479338842975207,0.9173553719008265,0.9173553719008265,0.71900826446281,0.5991735537190083,0.1198347107438017,False,0,False,False,False,False,1.0797449822972252,1,1,False,True,0
732,2025-12-17,2025-12-18,2025-12-22,2025,2025-12,1,0.0209273829711732,0.6642045871230776,0.0049305626716531,1,0,1,True,0.7134966817098359,0.2592734824901347,0.2857024658128127,-0.1162009021993725,0.1666666666666667,0.876694018066119,0.05,0.6610489155594027,0.5275089701527168,0.4456244845545419,2025-12,0.6642045871230776,False,1,0.3284091742461552,0.0049305626716531,True,0,2025-12-16,1,0.035514734772331,-0.3088925937505544,-0.0214649972789263,0.1189466859508254,0.1286134809377795,-0.3299265989349749,-0.1189466859508254,-0.1286134809377795,-0.6271416091802628,-0.0330047686894663,0.0978043648804611,0.3205650916698347,-0.1767048554165464,0.061064669748605,-0.5319245788851281,1,True,0.640495867768595,0.6363636363636364,0.7603305785123967,0.71900826446281,0.3512396694214876,0.4628099173553719,0.5991735537190083,0.0,0.7479338842975207,0.7479338842975207,0.640495867768595,0.71900826446281,-0.07851239669421495,False,0,False,False,False,False,-0.2246417640811924,1,1,False,False,0
733,2025-12-18,2025-12-19,2025-12-23,2025,2025-12,1,0.0364102035603399,0.6063529498369258,0.0022137912227098,1,0,1,True,0.2095233720705091,0.496288712215321,0.4172874000694981,0.0115259941472733,-0.0833333333333333,0.3041210678427614,0.2,0.5833971225183939,0.2453760484819833,0.8920908511735713,2025-12,0.6063529498369258,False,1,0.2127058996738515,0.0022137912227098,True,0,2025-12-17,1,0.0010163258974209,-0.272391460687579,-0.0258679176737153,0.2986583131390744,0.179711627188249,-0.6769479319523093,-0.2986583131390744,-0.179711627188249,0.179331026962438,0.0087679882540738,-0.1079076349913659,0.0014781125089474,-0.2094141929268427,0.0705450216132543,-0.9779161164836082,1,True,0.8925619834710744,0.8966942148760331,0.0,0.640495867768595,0.71900826446281,0.6363636363636364,0.4628099173553719,0.7603305785123967,0.0,0.7603305785123967,0.8966942148760331,0.640495867768595,0.25619834710743805,False,0,False,False,False,False,2.1900798944059514,1,1,False,True,0
734,2025-12-19,2025-12-22,2025-12-24,2025,2025-12,1,0.034800039896985,0.5734465270127141,0.002169254351978,1,0,1,True,0.4872846875834006,0.3642940921435734,1.538011500723996,-0.6522081233300004,0.0,0.5954627834084909,0.0454545454545454,0.6924126379273536,0.2579277815227209,0.4979600746074155,2025-12,0.5734465270127141,False,1,0.1468930540254283,0.002169254351978,True,0,2025-12-18,1,0.107952203550969,0.2079108882879537,0.0969539726054431,0.3802844302640026,0.0816261171249282,0.4314304383473719,-0.3802844302640026,-0.0816261171249282,1.3230320957497197,-0.0488770712487597,-0.0159037146458806,-0.045216525744262,-0.1336812931017135,0.1486267042339939,0.3530494975289373,1,True,0.7107438016528926,0.243801652892562,0.0,0.8925619834710744,0.640495867768595,0.8966942148760331,0.6363636363636364,0.0,0.7603305785123967,0.7603305785123967,0.7107438016528926,0.8966942148760331,-0.18595041322314043,False,0,False,False,False,False,1.2562728176192182,1,1,False,False,0
735,2025-12-22,2025-12-23,2025-12-29,2025,2025-12,1,0.0116542099862295,0.7861095337073565,0.0072065139692902,1,0,1,True,1.6229451342992154,0.0467403347229779,0.601593822345763,-2.1830951707226163,0.4166666666666667,0.9999995819611232,0.0714285714285714,0.4962531014785284,0.3012603005426036,0.0880859068192085,2025-12,0.7861095337073565,False,1,0.572219067414713,0.0072065139692902,True,0,2025-12-19,3,-0.3570763101350103,-1.238630674089595,-0.3571134062798226,0.1010380279125209,-0.2792464023514818,0.927884871987895,-0.1010380279125209,0.2792464023514818,-0.2268583677632188,-0.0773198770490382,-0.0912036838381701,0.1742648548133381,0.2629878934424178,-0.4961430483130993,0.2967435858238529,1,True,0.12396694214876033,0.6363636363636365,0.0,0.7107438016528926,0.8925619834710744,0.243801652892562,0.8966942148760331,0.0,0.0,0.0,0.6363636363636365,0.7107438016528926,-0.07438016528925617,False,0,False,False,False,False,-4.01577790728972,1,1,False,False,0
736,2025-12-23,2025-12-24,2025-12-30,2025,2025-12,0,-0.0208319731163034,0.618664065374119,0.0009565470042396,1,1,1,True,0.10179364948449,0.4720903231604641,-1.1900128353108503,-0.196428145149679,0.25,0.7360754625972862,0.125,0.5271857928114656,0.0793148285526239,0.8021372690073951,2025-12,0.618664065374119,False,1,0.237328130748238,0.0009565470042396,True,1,2025-12-22,1,0.2344294690863719,-0.1400495591613942,0.3474544520774497,0.4185924062481718,0.3175543783356509,2.607322683709978,-0.4185924062481718,-0.3175543783356509,-0.9072460858383,0.0500514884220332,0.1490259757439526,-0.1068146933690362,-0.3340332189467248,0.1129977705798701,3.07238388394658,1,False,0.8553719008264463,0.6487603305785123,0.0,0.12396694214876033,0.7107438016528926,0.6363636363636365,0.243801652892562,0.0,0.0,0.0,0.8553719008264463,0.6363636363636365,0.21900826446280985,False,0,False,False,False,False,2.790996838736481,1,1,True,False,1
737,2025-12-24,2025-12-29,2025-12-31,2025,2025-12,0,-0.0393394490005319,0.4709367632467802,-0.0035217498554231,0,0,0,True,0.5049301445585618,0.3504637015379124,1.7984610040850155,-0.3031857970351651,-0.0833333333333332,0.6666210867790192,0.1666666666666666,0.6094741564881059,0.2602691100961762,0.3333789132209808,2025-12,0.4709367632467802,False,0,0.0581264735064396,0.0035217498554231,True,0,2025-12-23,1,0.1753463507369641,0.7652633565783807,0.1709790661025476,0.3883303321328531,-0.0302620741153186,1.6422696434599402,0.3883303321328531,-0.0302620741153186,1.069297352140266,-0.0656785598562623,-0.057410632068389,0.0662953600091835,-0.1383368354206194,0.3245916471721202,1.5939574496717144,0,True,,,,,,,,,,,,,,False,0,False,False,False,False,1.348799538469487,0,0,False,False,0
738,2025-12-29,2025-12-30,2026-01-02,2025,2025-12,0,-0.0160327247632037,0.0260834858583832,-0.0318693848178455,0,0,0,True,1.5662106954620736,0.1055786501459277,1.6687608819011233,-1.945108923052448,0.3333333333333333,0.9774673843222164,0.1,0.5830491188608267,0.6882644468375689,0.0225326156777835,2025-12,0.0260834858583832,False,0,0.9478330282832336,0.0318693848178455,True,0,2025-12-26,3,0.1961215286050794,-0.4485758064013606,0.2623160777210799,0.475685943436049,0.2617500158071753,0.2572457963330116,0.475685943436049,0.2617500158071753,0.93195620353131,-0.0044737625020169,-0.03820387380687,0.4410262632875855,0.3605760517905578,0.12698925822062,0.2156374768209484,0,True,0.14462809917355374,0.32644628099173556,0.9380165289256198,0.8553719008264463,0.12396694214876033,0.6487603305785123,0.6363636363636365,0.0,0.0,0.0,0.32644628099173556,0.8553719008264463,-0.5289256198347108,False,0,False,False,False,False,-3.661030076367474,0,0,False,False,0
739,2025-12-30,2025-12-31,2026-01-05,2025,2025-12,1,0.0107069223584453,0.2421009160115948,-0.0078703341975039,0,1,0,True,0.8398396525495633,0.5137211458619876,-0.547719722751404,-0.953867413501058,-0.0,0.8773632374640055,0.0476190476190476,0.4169653510788634,0.4869131084739922,0.1226367625359944,2025-12,0.2421009160115948,False,0,0.5157981679768104,0.0078703341975039,True,1,2025-12-29,1,0.5360733616166993,2.703899331344103,0.5846340457218776,0.2911796287774199,-0.1845063146586291,0.9851082258940856,0.2911796287774199,-0.1845063146586291,-1.7754009034711782,0.1969259160328842,0.0103716602270126,0.0748622300153943,-0.1994900097517227,0.624404196717057,1.880972795802164,1,True,0.47933884297520657,0.7024793388429752,0.8305785123966942,0.14462809917355374,0.8553719008264463,0.32644628099173556,0.6487603305785123,0.9380165289256198,0.0,0.9380165289256198,0.7024793388429752,0.32644628099173556,0.37603305785123964,False,0,False,False,False,False,1.4605845918908185,1,0,False,False,0
740,2025-12-31,2026-01-02,2026-01-06,2026,2026-01,1,0.0330597299238039,0.5102599179006211,-0.0026830599419085,0,1,1,False,0.2504166081501805,0.4921781490881031,-0.6289824067155543,0.6405497586030351,-0.0,0.6290105694384176,0.0625,0.5014652895882655,0.1450346575157669,0.3709894305615824,2026-01,0.5102599179006211,False,1,0.0205198358012421,0.0026830599419085,False,0,2025-12-30,1,-0.4187819193403843,0.0527997740717814,-0.5488511695855479,0.2525100872665853,-0.0386695415108345,-0.156941221664556,0.2525100872665853,-0.0386695415108345,-0.6429631992121729,0.1295772147275815,0.0264630894712362,-0.1397928830979748,-0.079700094624151,-0.6393848589814919,-0.6261559944376698,1,True,,,,,,,,,,,,,,False,0,False,False,False,False,3.225744181977274,1,0,False,False,0
