feature_cutoff_date,forecast_issue_date,target_end_date_h3,year,month,y_up,target_r3,p_structural,p_path_global,p_sentry,p_dart,p_aurora,active_expert,matured_pair_n,net_rescue_63,matured_disagreements,q_path,prob_path_superior,rift_override,turn_override,vega_override,opal_override,p_opal_raw,p_opal_reversal,corroborator_n,candidate_reversal,aurora_pred,candidate_success,gate_active,competence_matured_n,recent_candidate_n,recent_wins,recent_losses,competence_q,hard_route,p_helios_hard,p_helios_soft,p_helios_v2,p_opal_reversal_check,cot_report_date,cot_available_date,opal_override_check,cot_vintage_opal_position,cot_fresh,opal_rescue_success,p_helios_v3_gt,rge_active,rge_matured_nonconsensus_n,rge_recent_n,rge_recent_wins,rge_recent_losses,rge_recent_regret,gt_flip_share,v2_base_route,rge_expansion_candidate,rge_expansion_route,v4_route,p_helios_v4_rge,gt_policy_weights_json,gt_policy_utilities_json,dce_exception,v5_route,p_helios_v5_dce
2022-10-31,2022-11-01,2022-11-03,2022,2022-11,0,-0.0111674730153875,0.3303644651235741,0.3520622017706372,0.3303644651235741,0.3303644651235741,0.3303644651235741,STRUCTURAL_IRIS,63,-1,7,0.4955485416137692,0.5149863479300213,False,False,False,True,0.7990474944732457,0.7990474944732457,0,False,0,,False,0,0,0,0,0.5,False,0.3303644651235741,0.3303644651235741,0.3303644651235741,0.7990474944732457,2022-10-18,2022-10-25,True,1,True,0.0,0.3303644651235741,False,0,0,0,0,0,0.6000000000000001,False,False,False,False,0.3303644651235741,"{""COT_FRESH"": 0.2, ""FRESH_OR_CONSENSUS"": 0.2, ""HELIOS_CONSENSUS"": 0.2, ""KEEP"": 0.2, ""OPAL_ALL"": 0.2}","{""COT_FRESH"": 0.0, ""FRESH_OR_CONSENSUS"": 0.0, ""HELIOS_CONSENSUS"": 0.0, ""KEEP"": 0.0, ""OPAL_ALL"": 0.0}",False,False,0.3303644651235741
2022-11-01,2022-11-02,2022-11-04,2022,2022-11,0,-0.0022717988779343,0.5911514867665509,0.4696811209496241,0.5911514867665509,0.5911514867665509,0.5911514867665509,STRUCTURAL_IRIS,63,-2,8,0.4168015125592264,0.3527206716102718,False,False,False,False,0.5911514867665509,0.683060928371223,0,False,1,,False,0,0,0,0,0.5,False,0.5911514867665509,0.5911514867665509,0.5911514867665509,0.683060928371223,2022-10-25,2022-11-01,False,0,False,,0.5911514867665509,False,0,0,0,0,0,0.2,False,False,False,False,0.5911514867665509,"{""COT_FRESH"": 0.2, ""FRESH_OR_CONSENSUS"": 0.2, ""HELIOS_CONSENSUS"": 0.2, ""KEEP"": 0.2, ""OPAL_ALL"": 0.2}","{""COT_FRESH"": 0.0, ""FRESH_OR_CONSENSUS"": 0.0, ""HELIOS_CONSENSUS"": 0.0, ""KEEP"": 0.0, ""OPAL_ALL"": 0.0}",False,False,0.5911514867665509
2022-11-02,2022-11-03,2022-11-07,2022,2022-11,1,0.0140575096549191,0.1212480097413108,0.1206189387887721,0.1212480097413108,0.1212480097413108,0.1212480097413108,STRUCTURAL_IRIS,63,-2,8,0.4168015125592264,0.3527206716102718,False,False,False,False,0.1212480097413108,0.6408409158751404,0,False,0,,False,0,0,0,0,0.5,False,0.1212480097413108,0.1212480097413108,0.1212480097413108,0.6408409158751404,2022-10-25,2022-11-01,False,0,False,,0.1212480097413108,False,0,0,0,0,0,0.2,False,False,False,False,0.1212480097413108,"{""COT_FRESH"": 0.2, ""FRESH_OR_CONSENSUS"": 0.2, ""HELIOS_CONSENSUS"": 0.2, ""KEEP"": 0.2, ""OPAL_ALL"": 0.2}","{""COT_FRESH"": 0.0, ""FRESH_OR_CONSENSUS"": 0.0, ""HELIOS_CONSENSUS"": 0.0, ""KEEP"": 0.0, ""OPAL_ALL"": 0.0}",False,False,0.1212480097413108
2022-11-03,2022-11-04,2022-11-08,2022,2022-11,1,0.0304752503017534,0.5692558111006784,0.5449948880206419,0.5692558111006784,0.5692558111006784,0.5692558111006784,STRUCTURAL_IRIS,63,-2,8,0.4168015125592264,0.3527206716102718,False,False,False,False,0.5692558111006784,0.6577086208452708,0,False,1,,False,0,0,0,0,0.5,False,0.5692558111006784,0.5692558111006784,0.5692558111006784,0.6577086208452708,2022-10-25,2022-11-01,False,0,False,,0.5692558111006784,False,1,1,0,1,-1,0.0988924103821794,False,False,False,False,0.5692558111006784,"{""COT_FRESH"": 0.09889241038217941, ""FRESH_OR_CONSENSUS"": 0.09889241038217941, ""HELIOS_CONSENSUS"": 0.35166138442673084, ""KEEP"": 0.35166138442673084, ""OPAL_ALL"": 0.09889241038217941}","{""COT_FRESH"": -1.0, ""FRESH_OR_CONSENSUS"": -1.0, ""HELIOS_CONSENSUS"": 0.0, ""KEEP"": 0.0, ""OPAL_ALL"": -1.0}",False,False,0.5692558111006784
2022-11-07,2022-11-08,2022-11-10,2022,2022-11,1,0.015212001922673,0.5283317737437921,0.3842141126980339,0.5283317737437921,0.5283317737437921,0.5283317737437921,STRUCTURAL_IRIS,63,-1,9,0.5145136298743545,0.5397570998766934,False,False,False,False,0.5283317737437921,0.6929508591239166,0,False,1,,False,0,0,0,0,0.5,False,0.5283317737437921,0.5283317737437921,0.5283317737437921,0.6929508591239166,2022-10-25,2022-11-01,False,0,False,,0.5283317737437921,False,1,1,0,1,-1,0.0988924103821794,False,False,False,False,0.5283317737437921,"{""COT_FRESH"": 0.09889241038217941, ""FRESH_OR_CONSENSUS"": 0.09889241038217941, ""HELIOS_CONSENSUS"": 0.35166138442673084, ""KEEP"": 0.35166138442673084, ""OPAL_ALL"": 0.09889241038217941}","{""COT_FRESH"": -1.0, ""FRESH_OR_CONSENSUS"": -1.0, ""HELIOS_CONSENSUS"": 0.0, ""KEEP"": 0.0, ""OPAL_ALL"": -1.0}",False,False,0.5283317737437921
2022-11-08,2022-11-09,2022-11-11,2022,2022-11,1,0.0547064836525613,0.9330454843471048,0.9281955638296452,0.9330454843471048,0.9330454843471048,0.9330454843471048,STRUCTURAL_IRIS,63,-1,9,0.5145136298743545,0.5397570998766934,False,False,False,False,0.9330454843471048,0.2652562230705458,0,False,1,,False,0,0,0,0,0.5,False,0.9330454843471048,0.9330454843471048,0.9330454843471048,0.2652562230705458,2022-11-01,2022-11-08,False,0,False,,0.9330454843471048,False,1,1,0,1,-1,0.0988924103821794,False,False,False,False,0.9330454843471048,"{""COT_FRESH"": 0.09889241038217941, ""FRESH_OR_CONSENSUS"": 0.09889241038217941, ""HELIOS_CONSENSUS"": 0.35166138442673084, ""KEEP"": 0.35166138442673084, ""OPAL_ALL"": 0.09889241038217941}","{""COT_FRESH"": -1.0, ""FRESH_OR_CONSENSUS"": -1.0, ""HELIOS_CONSENSUS"": 0.0, ""KEEP"": 0.0, ""OPAL_ALL"": -1.0}",False,False,0.9330454843471048
2022-11-09,2022-11-10,2022-11-14,2022,2022-11,1,0.0301539091485298,0.4753770960151751,0.4572028535188565,0.4753770960151751,0.4753770960151751,0.4753770960151751,STRUCTURAL_IRIS,63,-1,9,0.5145136298743545,0.5397570998766934,True,True,False,False,0.4753770960151751,0.566866536338662,2,False,0,,False,0,0,0,0,0.5,False,0.4753770960151751,0.4753770960151751,0.4753770960151751,0.566866536338662,2022-11-01,2022-11-08,False,0,False,,0.4753770960151751,False,1,1,0,1,-1,0.0988924103821794,False,False,False,False,0.4753770960151751,"{""COT_FRESH"": 0.09889241038217941, ""FRESH_OR_CONSENSUS"": 0.09889241038217941, ""HELIOS_CONSENSUS"": 0.35166138442673084, ""KEEP"": 0.35166138442673084, ""OPAL_ALL"": 0.09889241038217941}","{""COT_FRESH"": -1.0, ""FRESH_OR_CONSENSUS"": -1.0, ""HELIOS_CONSENSUS"": 0.0, ""KEEP"": 0.0, ""OPAL_ALL"": -1.0}",False,False,0.4753770960151751
2022-11-10,2022-11-11,2022-11-15,2022,2022-11,1,0.0399104896119164,0.9633321916660328,0.9689536042093496,0.9633321916660328,0.9633321916660328,0.9633321916660328,STRUCTURAL_IRIS,63,-2,10,0.443719258808722,0.3854851944155468,False,False,False,False,0.9633321916660328,0.1764596771923848,0,False,1,,False,0,0,0,0,0.5,False,0.9633321916660328,0.9633321916660328,0.9633321916660328,0.1764596771923848,2022-11-01,2022-11-08,False,0,False,,0.9633321916660328,False,1,1,0,1,-1,0.0988924103821794,False,False,False,False,0.9633321916660328,"{""COT_FRESH"": 0.09889241038217941, ""FRESH_OR_CONSENSUS"": 0.09889241038217941, ""HELIOS_CONSENSUS"": 0.35166138442673084, ""KEEP"": 0.35166138442673084, ""OPAL_ALL"": 0.09889241038217941}","{""COT_FRESH"": -1.0, ""FRESH_OR_CONSENSUS"": -1.0, ""HELIOS_CONSENSUS"": 0.0, ""KEEP"": 0.0, ""OPAL_ALL"": -1.0}",False,False,0.9633321916660328
2022-11-14,2022-11-15,2022-11-17,2022,2022-11,1,0.0040887078170966,0.5539078852972776,0.6861828381044939,0.5539078852972776,0.5539078852972776,0.5539078852972776,STRUCTURAL_IRIS,63,-2,10,0.443719258808722,0.3854851944155468,False,False,False,False,0.5539078852972776,0.2076022426994627,0,False,1,,False,0,0,0,0,0.5,False,0.5539078852972776,0.5539078852972776,0.5539078852972776,0.2076022426994627,2022-11-01,2022-11-08,False,0,False,,0.5539078852972776,False,1,1,0,1,-1,0.0988924103821794,False,False,False,False,0.5539078852972776,"{""COT_FRESH"": 0.09889241038217941, ""FRESH_OR_CONSENSUS"": 0.09889241038217941, ""HELIOS_CONSENSUS"": 0.35166138442673084, ""KEEP"": 0.35166138442673084, ""OPAL_ALL"": 0.09889241038217941}","{""COT_FRESH"": -1.0, ""FRESH_OR_CONSENSUS"": -1.0, ""HELIOS_CONSENSUS"": 0.0, ""KEEP"": 0.0, ""OPAL_ALL"": -1.0}",False,False,0.5539078852972776
2022-11-15,2022-11-16,2022-11-18,2022,2022-11,0,-0.0058477220751764,0.4158930023637136,0.5244886774874548,0.4158930023637136,0.4158930023637136,0.4158930023637136,STRUCTURAL_IRIS,63,-2,10,0.443719258808722,0.3854851944155468,False,False,False,False,0.4158930023637136,0.6007792011475641,0,False,0,,False,0,0,0,0,0.5,False,0.4158930023637136,0.4158930023637136,0.4158930023637136,0.6007792011475641,2022-11-08,2022-11-15,False,0,False,,0.4158930023637136,False,1,1,0,1,-1,0.0988924103821794,False,False,False,False,0.4158930023637136,"{""COT_FRESH"": 0.09889241038217941, ""FRESH_OR_CONSENSUS"": 0.09889241038217941, ""HELIOS_CONSENSUS"": 0.35166138442673084, ""KEEP"": 0.35166138442673084, ""OPAL_ALL"": 0.09889241038217941}","{""COT_FRESH"": -1.0, ""FRESH_OR_CONSENSUS"": -1.0, ""HELIOS_CONSENSUS"": 0.0, ""KEEP"": 0.0, ""OPAL_ALL"": -1.0}",False,False,0.4158930023637136
2022-11-16,2022-11-17,2022-11-21,2022,2022-11,0,-0.0247255595216306,0.1951213018979976,0.289805252739713,0.1951213018979976,0.1951213018979976,0.1951213018979976,STRUCTURAL_IRIS,63,-2,10,0.443719258808722,0.3854851944155468,False,True,False,False,0.1951213018979976,0.2155658269084557,1,False,0,,False,0,0,0,0,0.5,False,0.1951213018979976,0.1951213018979976,0.1951213018979976,0.2155658269084557,2022-11-08,2022-11-15,False,0,False,,0.1951213018979976,False,1,1,0,1,-1,0.0988924103821794,False,False,False,False,0.1951213018979976,"{""COT_FRESH"": 0.09889241038217941, ""FRESH_OR_CONSENSUS"": 0.09889241038217941, ""HELIOS_CONSENSUS"": 0.35166138442673084, ""KEEP"": 0.35166138442673084, ""OPAL_ALL"": 0.09889241038217941}","{""COT_FRESH"": -1.0, ""FRESH_OR_CONSENSUS"": -1.0, ""HELIOS_CONSENSUS"": 0.0, ""KEEP"": 0.0, ""OPAL_ALL"": -1.0}",False,False,0.1951213018979976
2022-11-17,2022-11-18,2022-11-22,2022,2022-11,0,-0.0099956692190677,0.2305637256016232,0.3465601616996858,0.2305637256016232,0.2305637256016232,0.2305637256016232,STRUCTURAL_IRIS,63,-2,10,0.443719258808722,0.3854851944155468,False,False,False,False,0.2305637256016232,0.2991071474766876,0,False,0,,False,0,0,0,0,0.5,False,0.2305637256016232,0.2305637256016232,0.2305637256016232,0.2991071474766876,2022-11-08,2022-11-15,False,0,False,,0.2305637256016232,False,1,1,0,1,-1,0.0988924103821794,False,False,False,False,0.2305637256016232,"{""COT_FRESH"": 0.09889241038217941, ""FRESH_OR_CONSENSUS"": 0.09889241038217941, ""HELIOS_CONSENSUS"": 0.35166138442673084, ""KEEP"": 0.35166138442673084, ""OPAL_ALL"": 0.09889241038217941}","{""COT_FRESH"": -1.0, ""FRESH_OR_CONSENSUS"": -1.0, ""HELIOS_CONSENSUS"": 0.0, ""KEEP"": 0.0, ""OPAL_ALL"": -1.0}",False,False,0.2305637256016232
2022-11-21,2022-11-22,2022-11-24,2022,2022-11,1,0.0089273533473297,0.5167260114832628,0.5348408062516496,0.5167260114832628,0.5167260114832628,0.5167260114832628,STRUCTURAL_IRIS,63,-3,11,0.3874109679278601,0.264802569946045,False,False,False,False,0.5167260114832628,0.3954776471211417,0,False,1,,False,0,0,0,0,0.5,False,0.5167260114832628,0.5167260114832628,0.5167260114832628,0.3954776471211417,2022-11-08,2022-11-15,False,0,False,,0.5167260114832628,False,1,1,0,1,-1,0.0988924103821794,False,False,False,False,0.5167260114832628,"{""COT_FRESH"": 0.09889241038217941, ""FRESH_OR_CONSENSUS"": 0.09889241038217941, ""HELIOS_CONSENSUS"": 0.35166138442673084, ""KEEP"": 0.35166138442673084, ""OPAL_ALL"": 0.09889241038217941}","{""COT_FRESH"": -1.0, ""FRESH_OR_CONSENSUS"": -1.0, ""HELIOS_CONSENSUS"": 0.0, ""KEEP"": 0.0, ""OPAL_ALL"": -1.0}",False,False,0.5167260114832628
2022-11-22,2022-11-23,2022-11-25,2022,2022-11,1,0.0037422734394203,0.4062226344273635,0.3697200353611864,0.4062226344273635,0.4062226344273635,0.4062226344273635,STRUCTURAL_IRIS,63,-3,11,0.3874109679278601,0.264802569946045,False,False,False,False,0.4062226344273635,0.0399893918177941,0,False,0,,False,0,0,0,0,0.5,False,0.4062226344273635,0.4062226344273635,0.4062226344273635,0.0399893918177941,2022-11-15,2022-11-22,False,0,False,,0.4062226344273635,False,1,1,0,1,-1,0.0988924103821794,False,False,False,False,0.4062226344273635,"{""COT_FRESH"": 0.09889241038217941, ""FRESH_OR_CONSENSUS"": 0.09889241038217941, ""HELIOS_CONSENSUS"": 0.35166138442673084, ""KEEP"": 0.35166138442673084, ""OPAL_ALL"": 0.09889241038217941}","{""COT_FRESH"": -1.0, ""FRESH_OR_CONSENSUS"": -1.0, ""HELIOS_CONSENSUS"": 0.0, ""KEEP"": 0.0, ""OPAL_ALL"": -1.0}",False,False,0.4062226344273635
2022-11-23,2022-11-24,2022-11-28,2022,2022-11,1,0.015520583658315,0.6189152366877532,0.6452086378941015,0.6189152366877532,0.6189152366877532,0.6189152366877532,STRUCTURAL_IRIS,63,-3,11,0.3874109679278601,0.264802569946045,False,False,False,False,0.6189152366877532,0.4917797806900955,0,False,1,,False,0,0,0,0,0.5,False,0.6189152366877532,0.6189152366877532,0.6189152366877532,0.4917797806900955,2022-11-15,2022-11-22,False,0,False,,0.6189152366877532,False,1,1,0,1,-1,0.0988924103821794,False,False,False,False,0.6189152366877532,"{""COT_FRESH"": 0.09889241038217941, ""FRESH_OR_CONSENSUS"": 0.09889241038217941, ""HELIOS_CONSENSUS"": 0.35166138442673084, ""KEEP"": 0.35166138442673084, ""OPAL_ALL"": 0.09889241038217941}","{""COT_FRESH"": -1.0, ""FRESH_OR_CONSENSUS"": -1.0, ""HELIOS_CONSENSUS"": 0.0, ""KEEP"": 0.0, ""OPAL_ALL"": -1.0}",False,False,0.6189152366877532
2022-11-28,2022-11-29,2022-12-01,2022,2022-11,1,0.0094284396401889,0.1100929611305884,0.1551122544008684,0.1100929611305884,0.1100929611305884,0.1100929611305884,STRUCTURAL_IRIS,63,-3,11,0.3874109679278601,0.264802569946045,False,False,False,False,0.1100929611305884,0.0147602317833163,0,False,0,,False,0,0,0,0,0.5,False,0.1100929611305884,0.1100929611305884,0.1100929611305884,0.0147602317833163,2022-11-15,2022-11-22,False,0,False,,0.1100929611305884,False,1,1,0,1,-1,0.0988924103821794,False,False,False,False,0.1100929611305884,"{""COT_FRESH"": 0.09889241038217941, ""FRESH_OR_CONSENSUS"": 0.09889241038217941, ""HELIOS_CONSENSUS"": 0.35166138442673084, ""KEEP"": 0.35166138442673084, ""OPAL_ALL"": 0.09889241038217941}","{""COT_FRESH"": -1.0, ""FRESH_OR_CONSENSUS"": -1.0, ""HELIOS_CONSENSUS"": 0.0, ""KEEP"": 0.0, ""OPAL_ALL"": -1.0}",False,False,0.1100929611305884
2022-11-29,2022-11-30,2022-12-02,2022,2022-11,1,0.0255349775536346,0.3401303927304023,0.4116666616129288,0.3401303927304023,0.3401303927304023,0.3401303927304023,STRUCTURAL_IRIS,63,-3,11,0.3874109679278601,0.264802569946045,False,False,False,False,0.3401303927304023,0.3768073012015291,0,False,0,,False,0,0,0,0,0.5,False,0.3401303927304023,0.3401303927304023,0.3401303927304023,0.3768073012015291,2022-11-22,2022-11-29,False,0,False,,0.3401303927304023,False,1,1,0,1,-1,0.0988924103821794,False,False,False,False,0.3401303927304023,"{""COT_FRESH"": 0.09889241038217941, ""FRESH_OR_CONSENSUS"": 0.09889241038217941, ""HELIOS_CONSENSUS"": 0.35166138442673084, ""KEEP"": 0.35166138442673084, ""OPAL_ALL"": 0.09889241038217941}","{""COT_FRESH"": -1.0, ""FRESH_OR_CONSENSUS"": -1.0, ""HELIOS_CONSENSUS"": 0.0, ""KEEP"": 0.0, ""OPAL_ALL"": -1.0}",False,False,0.3401303927304023
2022-11-30,2022-12-01,2022-12-05,2022,2022-12,1,0.0195279137307065,0.6142073974335465,0.6680255589293757,0.6142073974335465,0.6142073974335465,0.6142073974335465,STRUCTURAL_IRIS,63,-3,11,0.3874109679278601,0.264802569946045,False,False,False,True,0.1293678205300555,0.8706321794699444,0,False,1,,False,0,0,0,0,0.5,False,0.6142073974335465,0.6142073974335465,0.6142073974335465,0.8706321794699444,2022-11-22,2022-11-29,True,1,True,0.0,0.6142073974335465,False,1,1,0,1,-1,0.2966772311465382,False,False,False,False,0.6142073974335465,"{""COT_FRESH"": 0.09889241038217941, ""FRESH_OR_CONSENSUS"": 0.09889241038217941, ""HELIOS_CONSENSUS"": 0.35166138442673084, ""KEEP"": 0.35166138442673084, ""OPAL_ALL"": 0.09889241038217941}","{""COT_FRESH"": -1.0, ""FRESH_OR_CONSENSUS"": -1.0, ""HELIOS_CONSENSUS"": 0.0, ""KEEP"": 0.0, ""OPAL_ALL"": -1.0}",False,False,0.6142073974335465
2022-12-01,2022-12-02,2022-12-06,2022,2022-12,0,-0.0035182068122313,0.858817391319538,0.8846247503885102,0.858817391319538,0.858817391319538,0.858817391319538,STRUCTURAL_IRIS,63,-3,11,0.3874109679278601,0.264802569946045,False,False,False,True,0.2688580945415567,0.7311419054584433,0,False,1,,False,0,0,0,0,0.5,False,0.858817391319538,0.858817391319538,0.858817391319538,0.7311419054584433,2022-11-22,2022-11-29,True,2,False,1.0,0.858817391319538,False,1,1,0,1,-1,0.0988924103821794,False,False,False,False,0.858817391319538,"{""COT_FRESH"": 0.09889241038217941, ""FRESH_OR_CONSENSUS"": 0.09889241038217941, ""HELIOS_CONSENSUS"": 0.35166138442673084, ""KEEP"": 0.35166138442673084, ""OPAL_ALL"": 0.09889241038217941}","{""COT_FRESH"": -1.0, ""FRESH_OR_CONSENSUS"": -1.0, ""HELIOS_CONSENSUS"": 0.0, ""KEEP"": 0.0, ""OPAL_ALL"": -1.0}",False,False,0.858817391319538
2022-12-05,2022-12-06,2022-12-08,2022,2022-12,0,-0.0066540169464005,0.1279876101515888,0.1294537566151517,0.1279876101515888,0.1279876101515888,0.1279876101515888,STRUCTURAL_IRIS,63,-2,11,0.3874109679278601,0.264802569946045,False,False,False,False,0.1279876101515888,0.3254273061058366,0,False,0,,False,0,0,0,0,0.5,False,0.1279876101515888,0.1279876101515888,0.1279876101515888,0.3254273061058366,2022-11-22,2022-11-29,False,0,False,,0.1279876101515888,False,2,2,0,2,-2,0.0353478445426588,False,False,False,False,0.1279876101515888,"{""COT_FRESH"": 0.03534784454265889, ""FRESH_OR_CONSENSUS"": 0.03534784454265889, ""HELIOS_CONSENSUS"": 0.44697823318601154, ""KEEP"": 0.44697823318601154, ""OPAL_ALL"": 0.03534784454265889}","{""COT_FRESH"": -2.0, ""FRESH_OR_CONSENSUS"": -2.0, ""HELIOS_CONSENSUS"": 0.0, ""KEEP"": 0.0, ""OPAL_ALL"": -2.0}",False,False,0.1279876101515888
2022-12-06,2022-12-07,2022-12-09,2022,2022-12,1,0.0110197814854775,0.4896857349242656,0.457032841778581,0.4896857349242656,0.4896857349242656,0.4896857349242656,STRUCTURAL_IRIS,63,-2,11,0.3874109679278601,0.264802569946045,False,False,False,False,0.4896857349242656,0.6381690945008129,0,False,0,,False,0,0,0,0,0.5,False,0.4896857349242656,0.4896857349242656,0.4896857349242656,0.6381690945008129,2022-11-29,2022-12-06,False,0,False,,0.4896857349242656,False,3,3,1,2,-1,0.1152813605910838,False,False,False,False,0.4896857349242656,"{""COT_FRESH"": 0.03241883279159066, ""FRESH_OR_CONSENSUS"": 0.03241883279159066, ""HELIOS_CONSENSUS"": 0.40994048691286733, ""KEEP"": 0.40994048691286733, ""OPAL_ALL"": 0.11528136059108388}","{""COT_FRESH"": -2.0, ""FRESH_OR_CONSENSUS"": -2.0, ""HELIOS_CONSENSUS"": 0.0, ""KEEP"": 0.0, ""OPAL_ALL"": -1.0}",False,False,0.4896857349242656
2022-12-07,2022-12-08,2022-12-12,2022,2022-12,1,0.0105265607309191,0.7969023604438792,0.7341510838243611,0.7969023604438792,0.7969023604438792,0.7969023604438792,STRUCTURAL_IRIS,63,-2,11,0.3874109679278601,0.264802569946045,False,False,False,False,0.7969023604438792,0.6979894811317152,0,False,1,,False,0,0,0,0,0.5,False,0.7969023604438792,0.7969023604438792,0.7969023604438792,0.6979894811317152,2022-11-29,2022-12-06,False,0,False,,0.7969023604438792,False,3,3,1,2,-1,0.1152813605910838,False,False,False,False,0.7969023604438792,"{""COT_FRESH"": 0.03241883279159066, ""FRESH_OR_CONSENSUS"": 0.03241883279159066, ""HELIOS_CONSENSUS"": 0.40994048691286733, ""KEEP"": 0.40994048691286733, ""OPAL_ALL"": 0.11528136059108388}","{""COT_FRESH"": -2.0, ""FRESH_OR_CONSENSUS"": -2.0, ""HELIOS_CONSENSUS"": 0.0, ""KEEP"": 0.0, ""OPAL_ALL"": -1.0}",False,False,0.7969023604438792
2022-12-08,2022-12-09,2022-12-13,2022,2022-12,1,0.0015136228924136,0.7308217928928039,0.5947625694541304,0.7308217928928039,0.7308217928928039,0.7308217928928039,STRUCTURAL_IRIS,63,-2,11,0.3874109679278601,0.264802569946045,False,False,False,True,0.2101455428481351,0.7898544571518649,0,False,1,,False,0,0,0,0,0.5,False,0.7308217928928039,0.7308217928928039,0.7308217928928039,0.7898544571518649,2022-11-29,2022-12-06,True,1,True,0.0,0.7308217928928039,False,3,3,1,2,-1,0.1801190261742652,False,False,False,False,0.7308217928928039,"{""COT_FRESH"": 0.03241883279159066, ""FRESH_OR_CONSENSUS"": 0.03241883279159066, ""HELIOS_CONSENSUS"": 0.40994048691286733, ""KEEP"": 0.40994048691286733, ""OPAL_ALL"": 0.11528136059108388}","{""COT_FRESH"": -2.0, ""FRESH_OR_CONSENSUS"": -2.0, ""HELIOS_CONSENSUS"": 0.0, ""KEEP"": 0.0, ""OPAL_ALL"": -1.0}",False,False,0.7308217928928039
2022-12-12,2022-12-13,2022-12-15,2022,2022-12,0,-0.0082152681974008,0.271167092149024,0.2551483829930435,0.271167092149024,0.271167092149024,0.271167092149024,STRUCTURAL_IRIS,63,-2,11,0.3874109679278601,0.264802569946045,False,False,False,False,0.271167092149024,0.3318148188313239,0,False,0,,False,0,0,0,0,0.5,False,0.271167092149024,0.271167092149024,0.271167092149024,0.3318148188313239,2022-11-29,2022-12-06,False,0,False,,0.271167092149024,False,3,3,1,2,-1,0.1152813605910838,False,False,False,False,0.271167092149024,"{""COT_FRESH"": 0.03241883279159066, ""FRESH_OR_CONSENSUS"": 0.03241883279159066, ""HELIOS_CONSENSUS"": 0.40994048691286733, ""KEEP"": 0.40994048691286733, ""OPAL_ALL"": 0.11528136059108388}","{""COT_FRESH"": -2.0, ""FRESH_OR_CONSENSUS"": -2.0, ""HELIOS_CONSENSUS"": 0.0, ""KEEP"": 0.0, ""OPAL_ALL"": -1.0}",False,False,0.271167092149024
2022-12-13,2022-12-14,2022-12-16,2022,2022-12,0,-0.0028048148979949,0.8004102502319582,0.8351631218430439,0.8004102502319582,0.8004102502319582,0.8004102502319582,STRUCTURAL_IRIS,63,-2,11,0.3874109679278601,0.264802569946045,False,False,False,True,0.284757617140549,0.715242382859451,0,False,1,,False,0,0,0,0,0.5,False,0.8004102502319582,0.8004102502319582,0.8004102502319582,0.715242382859451,2022-12-06,2022-12-13,True,1,True,1.0,0.8004102502319582,False,4,4,1,3,-2,0.0581852053297151,False,False,False,False,0.8004102502319582,"{""COT_FRESH"": 0.01047249967198586, ""FRESH_OR_CONSENSUS"": 0.01047249967198586, ""HELIOS_CONSENSUS"": 0.4709073973351425, ""KEEP"": 0.4709073973351425, ""OPAL_ALL"": 0.03724020598574341}","{""COT_FRESH"": -3.0, ""FRESH_OR_CONSENSUS"": -3.0, ""HELIOS_CONSENSUS"": 0.0, ""KEEP"": 0.0, ""OPAL_ALL"": -2.0}",False,False,0.8004102502319582
2022-12-14,2022-12-15,2022-12-19,2022,2022-12,0,-0.0064915477496927,0.4881236914519191,0.5364791556163703,0.4881236914519191,0.4881236914519191,0.4881236914519191,STRUCTURAL_IRIS,63,-2,11,0.3874109679278601,0.264802569946045,False,False,False,False,0.4881236914519191,0.4955767214130731,0,False,0,,False,0,0,0,0,0.5,False,0.4881236914519191,0.4881236914519191,0.4881236914519191,0.4955767214130731,2022-12-06,2022-12-13,False,0,False,,0.4881236914519191,False,4,4,1,3,-2,0.0372402059857434,False,False,False,False,0.4881236914519191,"{""COT_FRESH"": 0.01047249967198586, ""FRESH_OR_CONSENSUS"": 0.01047249967198586, ""HELIOS_CONSENSUS"": 0.4709073973351425, ""KEEP"": 0.4709073973351425, ""OPAL_ALL"": 0.03724020598574341}","{""COT_FRESH"": -3.0, ""FRESH_OR_CONSENSUS"": -3.0, ""HELIOS_CONSENSUS"": 0.0, ""KEEP"": 0.0, ""OPAL_ALL"": -2.0}",False,False,0.4881236914519191
2022-12-15,2022-12-16,2022-12-20,2022,2022-12,1,0.0169727436473946,0.4466890196180979,0.4557771055038012,0.4466890196180979,0.4466890196180979,0.4466890196180979,STRUCTURAL_IRIS,63,-2,11,0.3874109679278601,0.264802569946045,False,False,False,False,0.4466890196180979,0.4844079602474835,0,False,0,,False,0,0,0,0,0.5,False,0.4466890196180979,0.4466890196180979,0.4466890196180979,0.4844079602474835,2022-12-06,2022-12-13,False,0,False,,0.4466890196180979,False,4,4,1,3,-2,0.0372402059857434,False,False,False,False,0.4466890196180979,"{""COT_FRESH"": 0.01047249967198586, ""FRESH_OR_CONSENSUS"": 0.01047249967198586, ""HELIOS_CONSENSUS"": 0.4709073973351425, ""KEEP"": 0.4709073973351425, ""OPAL_ALL"": 0.03724020598574341}","{""COT_FRESH"": -3.0, ""FRESH_OR_CONSENSUS"": -3.0, ""HELIOS_CONSENSUS"": 0.0, ""KEEP"": 0.0, ""OPAL_ALL"": -2.0}",False,False,0.4466890196180979
2022-12-19,2022-12-20,2022-12-22,2022,2022-12,1,0.0103553269120585,0.3230615539931709,0.3719163335796751,0.3230615539931709,0.3230615539931709,0.3230615539931709,STRUCTURAL_IRIS,63,-3,12,0.3399531328708991,0.1761501546124341,False,False,False,False,0.3230615539931709,0.304606096582232,0,False,0,,False,0,0,0,0,0.5,False,0.3230615539931709,0.3230615539931709,0.3230615539931709,0.304606096582232,2022-12-06,2022-12-13,False,0,False,,0.3230615539931709,False,5,5,2,3,-1,0.1152813605910838,False,False,False,False,0.3230615539931709,"{""COT_FRESH"": 0.03241883279159066, ""FRESH_OR_CONSENSUS"": 0.03241883279159066, ""HELIOS_CONSENSUS"": 0.40994048691286733, ""KEEP"": 0.40994048691286733, ""OPAL_ALL"": 0.11528136059108388}","{""COT_FRESH"": -2.0, ""FRESH_OR_CONSENSUS"": -2.0, ""HELIOS_CONSENSUS"": 0.0, ""KEEP"": 0.0, ""OPAL_ALL"": -1.0}",False,False,0.3230615539931709
2022-12-20,2022-12-21,2022-12-23,2022,2022-12,0,-0.0049670584257763,0.5208894439180219,0.6021621706599853,0.5208894439180219,0.5208894439180219,0.5208894439180219,STRUCTURAL_IRIS,63,-3,12,0.3399531328708991,0.1761501546124341,False,False,False,True,0.1360606922865552,0.8639393077134447,0,False,1,,False,0,0,0,0,0.5,False,0.5208894439180219,0.5208894439180219,0.5208894439180219,0.8639393077134447,2022-12-13,2022-12-20,True,1,True,1.0,0.5208894439180219,False,5,5,2,3,-1,0.1801190261742652,False,False,False,False,0.5208894439180219,"{""COT_FRESH"": 0.03241883279159066, ""FRESH_OR_CONSENSUS"": 0.03241883279159066, ""HELIOS_CONSENSUS"": 0.40994048691286733, ""KEEP"": 0.40994048691286733, ""OPAL_ALL"": 0.11528136059108388}","{""COT_FRESH"": -2.0, ""FRESH_OR_CONSENSUS"": -2.0, ""HELIOS_CONSENSUS"": 0.0, ""KEEP"": 0.0, ""OPAL_ALL"": -1.0}",False,False,0.5208894439180219
2022-12-21,2022-12-22,2022-12-28,2022,2022-12,0,-0.0060008752731373,0.6315379035074153,0.5549006164095471,0.6315379035074153,0.6315379035074153,0.6315379035074153,STRUCTURAL_IRIS,63,-3,12,0.3399531328708991,0.1761501546124341,True,False,False,True,0.0827156033591234,0.9172843966408766,1,True,1,1.0,False,0,0,0,0,0.5,False,0.6315379035074153,0.6315379035074153,0.6315379035074153,0.9172843966408766,2022-12-13,2022-12-20,True,2,False,1.0,0.6315379035074153,False,5,5,2,3,-1,0.5576406802955418,False,False,False,False,0.6315379035074153,"{""COT_FRESH"": 0.03241883279159066, ""FRESH_OR_CONSENSUS"": 0.03241883279159066, ""HELIOS_CONSENSUS"": 0.40994048691286733, ""KEEP"": 0.40994048691286733, ""OPAL_ALL"": 0.11528136059108388}","{""COT_FRESH"": -2.0, ""FRESH_OR_CONSENSUS"": -2.0, ""HELIOS_CONSENSUS"": 0.0, ""KEEP"": 0.0, ""OPAL_ALL"": -1.0}",False,False,0.6315379035074153
2022-12-22,2022-12-23,2022-12-29,2022,2022-12,0,-0.0054134806015774,0.1317942776509816,0.1653447547808691,0.1317942776509816,0.1317942776509816,0.1317942776509816,STRUCTURAL_IRIS,63,-3,12,0.3399531328708991,0.1761501546124341,False,False,False,False,0.1317942776509816,0.3747932830828368,0,False,0,,False,0,0,0,0,0.5,False,0.1317942776509816,0.1317942776509816,0.1317942776509816,0.3747932830828368,2022-12-13,2022-12-20,False,0,False,,0.1317942776509816,False,5,5,2,3,-1,0.1152813605910838,False,False,False,False,0.1317942776509816,"{""COT_FRESH"": 0.03241883279159066, ""FRESH_OR_CONSENSUS"": 0.03241883279159066, ""HELIOS_CONSENSUS"": 0.40994048691286733, ""KEEP"": 0.40994048691286733, ""OPAL_ALL"": 0.11528136059108388}","{""COT_FRESH"": -2.0, ""FRESH_OR_CONSENSUS"": -2.0, ""HELIOS_CONSENSUS"": 0.0, ""KEEP"": 0.0, ""OPAL_ALL"": -1.0}",False,False,0.1317942776509816
2022-12-28,2022-12-29,2023-01-03,2022,2022-12,1,0.0178139246240352,0.6227511334976225,0.6153379825016453,0.6227511334976225,0.6227511334976225,0.6227511334976225,STRUCTURAL_IRIS,63,-3,12,0.3399531328708991,0.1761501546124341,False,False,False,True,0.1143560695405395,0.8856439304594604,0,False,1,,False,1,1,0,0,0.5,False,0.6227511334976225,0.6227511334976225,0.6227511334976225,0.8856439304594604,2022-12-20,2022-12-27,True,1,True,0.0,0.6227511334976225,False,6,6,3,3,0,0.5149690436040251,False,False,False,False,0.6227511334976225,"{""COT_FRESH"": 0.029938087208049975, ""FRESH_OR_CONSENSUS"": 0.10645982997061453, ""HELIOS_CONSENSUS"": 0.3785711264253605, ""KEEP"": 0.10645982997061453, ""OPAL_ALL"": 0.3785711264253605}","{""COT_FRESH"": -1.0, ""FRESH_OR_CONSENSUS"": 0.0, ""HELIOS_CONSENSUS"": 1.0, ""KEEP"": 0.0, ""OPAL_ALL"": 1.0}",False,False,0.6227511334976225
2022-12-29,2022-12-30,2023-01-04,2022,2022-12,1,0.0284762412659832,0.4485409354427045,0.584671495762868,0.4485409354427045,0.4485409354427045,0.4485409354427045,STRUCTURAL_IRIS,63,-3,12,0.3399531328708991,0.1761501546124341,False,False,False,False,0.4485409354427045,0.8604031576075669,0,False,0,,False,1,1,0,0,0.5,False,0.4485409354427045,0.4485409354427045,0.4485409354427045,0.8604031576075669,2022-12-20,2022-12-27,False,0,False,,0.4485409354427045,False,6,6,3,3,0,0.3785711264253605,False,False,False,False,0.4485409354427045,"{""COT_FRESH"": 0.029938087208049975, ""FRESH_OR_CONSENSUS"": 0.10645982997061453, ""HELIOS_CONSENSUS"": 0.3785711264253605, ""KEEP"": 0.10645982997061453, ""OPAL_ALL"": 0.3785711264253605}","{""COT_FRESH"": -1.0, ""FRESH_OR_CONSENSUS"": 0.0, ""HELIOS_CONSENSUS"": 1.0, ""KEEP"": 0.0, ""OPAL_ALL"": 1.0}",False,False,0.4485409354427045
2023-01-03,2023-01-04,2023-01-06,2023,2023-01,0,-0.0002997642785183,0.3347491737463536,0.5420566251220112,0.3347491737463536,0.3347491737463536,0.3347491737463536,STRUCTURAL_IRIS,63,-3,12,0.3399531328708991,0.1761501546124341,False,False,False,False,0.3347491737463536,0.6247851737504205,0,False,0,,False,1,1,0,0,0.5,False,0.3347491737463536,0.3347491737463536,0.3347491737463536,0.6247851737504205,2022-12-27,2023-01-03,False,0,False,,0.3347491737463536,False,7,7,3,4,-1,0.169024662100128,False,False,False,False,0.3347491737463536,"{""COT_FRESH"": 0.013366775015427657, ""FRESH_OR_CONSENSUS"": 0.04753224831996792, ""HELIOS_CONSENSUS"": 0.6010516524643483, ""KEEP"": 0.16902466210012804, ""OPAL_ALL"": 0.16902466210012804}","{""COT_FRESH"": -2.0, ""FRESH_OR_CONSENSUS"": -1.0, ""HELIOS_CONSENSUS"": 1.0, ""KEEP"": 0.0, ""OPAL_ALL"": 0.0}",False,False,0.3347491737463536
2023-01-04,2023-01-05,2023-01-09,2023,2023-01,1,0.00871003938705,0.1747773370119494,0.4264836967855299,0.1747773370119494,0.1747773370119494,0.1747773370119494,STRUCTURAL_IRIS,63,-2,13,0.4384049964465025,0.3372078876194644,False,False,False,False,0.1747773370119494,0.4813777194048932,0,False,0,,False,1,1,0,0,0.5,False,0.1747773370119494,0.1747773370119494,0.1747773370119494,0.4813777194048932,2022-12-27,2023-01-03,False,0,False,,0.1747773370119494,False,7,7,3,4,-1,0.169024662100128,False,False,False,False,0.1747773370119494,"{""COT_FRESH"": 0.013366775015427657, ""FRESH_OR_CONSENSUS"": 0.04753224831996792, ""HELIOS_CONSENSUS"": 0.6010516524643483, ""KEEP"": 0.16902466210012804, ""OPAL_ALL"": 0.16902466210012804}","{""COT_FRESH"": -2.0, ""FRESH_OR_CONSENSUS"": -1.0, ""HELIOS_CONSENSUS"": 1.0, ""KEEP"": 0.0, ""OPAL_ALL"": 0.0}",False,False,0.1747773370119494
2023-01-05,2023-01-06,2023-01-10,2023,2023-01,1,0.0133945553051177,0.1262106817750385,0.3341508956697801,0.1262106817750385,0.1262106817750385,0.1262106817750385,STRUCTURAL_IRIS,63,-2,13,0.4384049964465025,0.3372078876194644,False,False,False,False,0.1262106817750385,0.3700106371565096,0,False,0,,False,1,1,0,0,0.5,False,0.1262106817750385,0.1262106817750385,0.1262106817750385,0.3700106371565096,2022-12-27,2023-01-03,False,0,False,,0.1262106817750385,False,7,7,3,4,-1,0.169024662100128,False,False,False,False,0.1262106817750385,"{""COT_FRESH"": 0.013366775015427657, ""FRESH_OR_CONSENSUS"": 0.04753224831996792, ""HELIOS_CONSENSUS"": 0.6010516524643483, ""KEEP"": 0.16902466210012804, ""OPAL_ALL"": 0.16902466210012804}","{""COT_FRESH"": -2.0, ""FRESH_OR_CONSENSUS"": -1.0, ""HELIOS_CONSENSUS"": 1.0, ""KEEP"": 0.0, ""OPAL_ALL"": 0.0}",False,False,0.1262106817750385
2023-01-09,2023-01-10,2023-01-12,2023,2023-01,1,0.0049509004745077,0.3978205383222229,0.5030113220138573,0.3978205383222229,0.3978205383222229,0.3978205383222229,STRUCTURAL_IRIS,63,-3,14,0.3830159246995537,0.2250149688533543,False,True,False,False,0.3978205383222229,0.5221632229131444,1,False,0,,False,1,1,0,0,0.5,False,0.3978205383222229,0.3978205383222229,0.3978205383222229,0.5221632229131444,2022-12-27,2023-01-03,False,0,False,,0.3978205383222229,False,7,7,3,4,-1,0.169024662100128,False,False,False,False,0.3978205383222229,"{""COT_FRESH"": 0.013366775015427657, ""FRESH_OR_CONSENSUS"": 0.04753224831996792, ""HELIOS_CONSENSUS"": 0.6010516524643483, ""KEEP"": 0.16902466210012804, ""OPAL_ALL"": 0.16902466210012804}","{""COT_FRESH"": -2.0, ""FRESH_OR_CONSENSUS"": -1.0, ""HELIOS_CONSENSUS"": 1.0, ""KEEP"": 0.0, ""OPAL_ALL"": 0.0}",False,False,0.3978205383222229
2023-01-10,2023-01-11,2023-01-13,2023,2023-01,1,0.0152678761280178,0.3863855965975331,0.5365888489258686,0.3863855965975331,0.3863855965975331,0.3863855965975331,STRUCTURAL_IRIS,63,-3,14,0.3830159246995537,0.2250149688533543,False,False,False,False,0.3863855965975331,0.6162414701877298,0,False,0,,False,1,1,0,0,0.5,False,0.3863855965975331,0.3863855965975331,0.3863855965975331,0.6162414701877298,2023-01-03,2023-01-10,False,0,False,,0.3863855965975331,False,7,7,3,4,-1,0.169024662100128,False,False,False,False,0.3863855965975331,"{""COT_FRESH"": 0.013366775015427657, ""FRESH_OR_CONSENSUS"": 0.04753224831996792, ""HELIOS_CONSENSUS"": 0.6010516524643483, ""KEEP"": 0.16902466210012804, ""OPAL_ALL"": 0.16902466210012804}","{""COT_FRESH"": -2.0, ""FRESH_OR_CONSENSUS"": -1.0, ""HELIOS_CONSENSUS"": 1.0, ""KEEP"": 0.0, ""OPAL_ALL"": 0.0}",False,False,0.3863855965975331
2023-01-11,2023-01-12,2023-01-16,2023,2023-01,1,0.0162399768489346,0.3509033670352641,0.4096360493893741,0.3509033670352641,0.3509033670352641,0.3509033670352641,STRUCTURAL_IRIS,63,-3,14,0.3830159246995537,0.2250149688533543,False,False,False,False,0.3509033670352641,0.3751518768500038,0,False,0,,False,1,1,0,0,0.5,False,0.3509033670352641,0.3509033670352641,0.3509033670352641,0.3751518768500038,2023-01-03,2023-01-10,False,0,False,,0.3509033670352641,False,7,7,3,4,-1,0.169024662100128,False,False,False,False,0.3509033670352641,"{""COT_FRESH"": 0.013366775015427657, ""FRESH_OR_CONSENSUS"": 0.04753224831996792, ""HELIOS_CONSENSUS"": 0.6010516524643483, ""KEEP"": 0.16902466210012804, ""OPAL_ALL"": 0.16902466210012804}","{""COT_FRESH"": -2.0, ""FRESH_OR_CONSENSUS"": -1.0, ""HELIOS_CONSENSUS"": 1.0, ""KEEP"": 0.0, ""OPAL_ALL"": 0.0}",False,False,0.3509033670352641
2023-01-12,2023-01-13,2023-01-17,2023,2023-01,1,0.0115364065055944,0.7067332735477673,0.722352307543782,0.7067332735477673,0.7067332735477673,0.7067332735477673,STRUCTURAL_IRIS,63,-2,15,0.4612412176533523,0.3760042398921486,False,False,False,False,0.7067332735477673,0.5195658291483151,0,False,1,,False,1,1,0,0,0.5,False,0.7067332735477673,0.7067332735477673,0.7067332735477673,0.5195658291483151,2023-01-03,2023-01-10,False,0,False,,0.7067332735477673,False,7,7,3,4,-1,0.169024662100128,False,False,False,False,0.7067332735477673,"{""COT_FRESH"": 0.013366775015427657, ""FRESH_OR_CONSENSUS"": 0.04753224831996792, ""HELIOS_CONSENSUS"": 0.6010516524643483, ""KEEP"": 0.16902466210012804, ""OPAL_ALL"": 0.16902466210012804}","{""COT_FRESH"": -2.0, ""FRESH_OR_CONSENSUS"": -1.0, ""HELIOS_CONSENSUS"": 1.0, ""KEEP"": 0.0, ""OPAL_ALL"": 0.0}",False,False,0.7067332735477673
2023-01-17,2023-01-18,2023-01-20,2023,2023-01,1,0.0124163631801805,0.6166937999649191,0.5374259316815082,0.6166937999649191,0.6166937999649191,0.6166937999649191,STRUCTURAL_IRIS,63,-2,16,0.5293996437990355,0.5263425192510499,False,False,False,False,0.6166937999649191,0.5948597967782181,0,False,1,,False,1,1,0,0,0.5,False,0.6166937999649191,0.6166937999649191,0.6166937999649191,0.5948597967782181,2023-01-10,2023-01-17,False,0,False,,0.6166937999649191,False,7,7,3,4,-1,0.169024662100128,False,False,False,False,0.6166937999649191,"{""COT_FRESH"": 0.013366775015427657, ""FRESH_OR_CONSENSUS"": 0.04753224831996792, ""HELIOS_CONSENSUS"": 0.6010516524643483, ""KEEP"": 0.16902466210012804, ""OPAL_ALL"": 0.16902466210012804}","{""COT_FRESH"": -2.0, ""FRESH_OR_CONSENSUS"": -1.0, ""HELIOS_CONSENSUS"": 1.0, ""KEEP"": 0.0, ""OPAL_ALL"": 0.0}",False,False,0.6166937999649191
2023-01-18,2023-01-19,2023-01-23,2023,2023-01,1,0.0081537410383376,0.2662009724409563,0.2492960226823203,0.2662009724409563,0.2662009724409563,0.2662009724409563,STRUCTURAL_IRIS,63,-2,16,0.5293996437990355,0.5263425192510499,False,False,False,False,0.2662009724409563,0.3577141076412348,0,False,0,,False,1,1,0,0,0.5,False,0.2662009724409563,0.2662009724409563,0.2662009724409563,0.3577141076412348,2023-01-10,2023-01-17,False,0,False,,0.2662009724409563,False,7,7,3,4,-1,0.169024662100128,False,False,False,False,0.2662009724409563,"{""COT_FRESH"": 0.013366775015427657, ""FRESH_OR_CONSENSUS"": 0.04753224831996792, ""HELIOS_CONSENSUS"": 0.6010516524643483, ""KEEP"": 0.16902466210012804, ""OPAL_ALL"": 0.16902466210012804}","{""COT_FRESH"": -2.0, ""FRESH_OR_CONSENSUS"": -1.0, ""HELIOS_CONSENSUS"": 1.0, ""KEEP"": 0.0, ""OPAL_ALL"": 0.0}",False,False,0.2662009724409563
2023-01-19,2023-01-20,2023-01-24,2023,2023-01,1,0.0150887357961947,0.8019336635351395,0.8159376792996075,0.8019336635351395,0.8019336635351395,0.8019336635351395,STRUCTURAL_IRIS,63,-2,16,0.5293996437990355,0.5263425192510499,False,False,False,False,0.8019336635351395,0.2784950080983985,0,False,1,,False,1,1,0,0,0.5,False,0.8019336635351395,0.8019336635351395,0.8019336635351395,0.2784950080983985,2023-01-10,2023-01-17,False,0,False,,0.8019336635351395,False,7,7,3,4,-1,0.169024662100128,False,False,False,False,0.8019336635351395,"{""COT_FRESH"": 0.013366775015427657, ""FRESH_OR_CONSENSUS"": 0.04753224831996792, ""HELIOS_CONSENSUS"": 0.6010516524643483, ""KEEP"": 0.16902466210012804, ""OPAL_ALL"": 0.16902466210012804}","{""COT_FRESH"": -2.0, ""FRESH_OR_CONSENSUS"": -1.0, ""HELIOS_CONSENSUS"": 1.0, ""KEEP"": 0.0, ""OPAL_ALL"": 0.0}",False,False,0.8019336635351395
2023-01-23,2023-01-24,2023-01-26,2023,2023-01,1,0.004788227542859,0.5946267966995364,0.6111475929399892,0.5946267966995364,0.5946267966995364,0.5946267966995364,STRUCTURAL_IRIS,63,-2,16,0.5293996437990355,0.5263425192510499,False,False,False,False,0.5946267966995364,0.5537234277196775,0,False,1,,False,1,1,0,0,0.5,False,0.5946267966995364,0.5946267966995364,0.5946267966995364,0.5537234277196775,2023-01-10,2023-01-17,False,0,False,,0.5946267966995364,False,7,7,3,4,-1,0.169024662100128,False,False,False,False,0.5946267966995364,"{""COT_FRESH"": 0.013366775015427657, ""FRESH_OR_CONSENSUS"": 0.04753224831996792, ""HELIOS_CONSENSUS"": 0.6010516524643483, ""KEEP"": 0.16902466210012804, ""OPAL_ALL"": 0.16902466210012804}","{""COT_FRESH"": -2.0, ""FRESH_OR_CONSENSUS"": -1.0, ""HELIOS_CONSENSUS"": 1.0, ""KEEP"": 0.0, ""OPAL_ALL"": 0.0}",False,False,0.5946267966995364
2023-01-24,2023-01-25,2023-01-27,2023,2023-01,0,-0.0042693641406983,0.4912580340445672,0.5348490912162276,0.4912580340445672,0.4912580340445672,0.4912580340445672,STRUCTURAL_IRIS,63,-2,16,0.5293996437990355,0.5263425192510499,False,False,False,False,0.4912580340445672,0.6471090991080162,0,False,0,,False,1,1,0,0,0.5,False,0.4912580340445672,0.4912580340445672,0.4912580340445672,0.6471090991080162,2023-01-17,2023-01-24,False,0,False,,0.4912580340445672,False,7,7,3,4,-1,0.169024662100128,False,False,False,False,0.4912580340445672,"{""COT_FRESH"": 0.013366775015427657, ""FRESH_OR_CONSENSUS"": 0.04753224831996792, ""HELIOS_CONSENSUS"": 0.6010516524643483, ""KEEP"": 0.16902466210012804, ""OPAL_ALL"": 0.16902466210012804}","{""COT_FRESH"": -2.0, ""FRESH_OR_CONSENSUS"": -1.0, ""HELIOS_CONSENSUS"": 1.0, ""KEEP"": 0.0, ""OPAL_ALL"": 0.0}",False,False,0.4912580340445672
2023-01-25,2023-01-26,2023-01-30,2023,2023-01,1,0.0004672169529002,0.6943191777968003,0.7634388342697633,0.6943191777968003,0.6943191777968003,0.6943191777968003,STRUCTURAL_IRIS,63,-2,16,0.5293996437990355,0.5263425192510499,False,False,False,False,0.6943191777968003,0.3873822026476555,0,False,1,,False,1,1,0,0,0.5,False,0.6943191777968003,0.6943191777968003,0.6943191777968003,0.3873822026476555,2023-01-17,2023-01-24,False,0,False,,0.6943191777968003,False,7,7,3,4,-1,0.169024662100128,False,False,False,False,0.6943191777968003,"{""COT_FRESH"": 0.013366775015427657, ""FRESH_OR_CONSENSUS"": 0.04753224831996792, ""HELIOS_CONSENSUS"": 0.6010516524643483, ""KEEP"": 0.16902466210012804, ""OPAL_ALL"": 0.16902466210012804}","{""COT_FRESH"": -2.0, ""FRESH_OR_CONSENSUS"": -1.0, ""HELIOS_CONSENSUS"": 1.0, ""KEEP"": 0.0, ""OPAL_ALL"": 0.0}",False,False,0.6943191777968003
2023-01-26,2023-01-27,2023-01-31,2023,2023-01,0,-0.0162694099168154,0.4081659362545469,0.4615057704576991,0.4081659362545469,0.4081659362545469,0.4081659362545469,STRUCTURAL_IRIS,63,-2,16,0.5293996437990355,0.5263425192510499,False,False,False,False,0.4081659362545469,0.4194365826387681,0,False,0,,False,1,1,0,0,0.5,False,0.4081659362545469,0.4081659362545469,0.4081659362545469,0.4194365826387681,2023-01-17,2023-01-24,False,0,False,,0.4081659362545469,False,7,7,3,4,-1,0.169024662100128,False,False,False,False,0.4081659362545469,"{""COT_FRESH"": 0.013366775015427657, ""FRESH_OR_CONSENSUS"": 0.04753224831996792, ""HELIOS_CONSENSUS"": 0.6010516524643483, ""KEEP"": 0.16902466210012804, ""OPAL_ALL"": 0.16902466210012804}","{""COT_FRESH"": -2.0, ""FRESH_OR_CONSENSUS"": -1.0, ""HELIOS_CONSENSUS"": 1.0, ""KEEP"": 0.0, ""OPAL_ALL"": 0.0}",False,False,0.4081659362545469
2023-01-30,2023-01-31,2023-02-02,2023,2023-01,1,0.0145043955579712,0.5037480832549434,0.4668858098709445,0.5037480832549434,0.5037480832549434,0.5037480832549434,STRUCTURAL_IRIS,63,-3,17,0.4554804330764476,0.3726852005458061,False,False,False,False,0.5037480832549434,0.5365691977565886,0,False,1,,False,1,1,0,0,0.5,False,0.5037480832549434,0.5037480832549434,0.5037480832549434,0.5365691977565886,2023-01-17,2023-01-24,False,0,False,,0.5037480832549434,False,7,7,3,4,-1,0.169024662100128,False,False,False,False,0.5037480832549434,"{""COT_FRESH"": 0.013366775015427657, ""FRESH_OR_CONSENSUS"": 0.04753224831996792, ""HELIOS_CONSENSUS"": 0.6010516524643483, ""KEEP"": 0.16902466210012804, ""OPAL_ALL"": 0.16902466210012804}","{""COT_FRESH"": -2.0, ""FRESH_OR_CONSENSUS"": -1.0, ""HELIOS_CONSENSUS"": 1.0, ""KEEP"": 0.0, ""OPAL_ALL"": 0.0}",False,False,0.5037480832549434
2023-01-31,2023-02-01,2023-02-03,2023,2023-02,1,0.0025162521139701,0.7893059809830117,0.7896276344502842,0.7893059809830117,0.7893059809830117,0.7893059809830117,STRUCTURAL_IRIS,63,-3,17,0.4554804330764476,0.3726852005458061,False,False,False,False,0.7893059809830117,0.2469378459879964,0,False,1,,False,1,1,0,0,0.5,False,0.7893059809830117,0.7893059809830117,0.7893059809830117,0.2469378459879964,2023-01-24,2023-01-31,False,0,False,,0.7893059809830117,False,7,7,3,4,-1,0.169024662100128,False,False,False,False,0.7893059809830117,"{""COT_FRESH"": 0.013366775015427657, ""FRESH_OR_CONSENSUS"": 0.04753224831996792, ""HELIOS_CONSENSUS"": 0.6010516524643483, ""KEEP"": 0.16902466210012804, ""OPAL_ALL"": 0.16902466210012804}","{""COT_FRESH"": -2.0, ""FRESH_OR_CONSENSUS"": -1.0, ""HELIOS_CONSENSUS"": 1.0, ""KEEP"": 0.0, ""OPAL_ALL"": 0.0}",False,False,0.7893059809830117
2023-02-01,2023-02-02,2023-02-06,2023,2023-02,0,-0.02742926823512,0.9083603123725688,0.89700223891341,0.9083603123725688,0.9083603123725688,0.9083603123725688,STRUCTURAL_IRIS,63,-3,17,0.4554804330764476,0.3726852005458061,False,False,False,False,0.9083603123725688,0.3289215264767779,0,False,1,,False,1,1,0,0,0.5,False,0.9083603123725688,0.9083603123725688,0.9083603123725688,0.3289215264767779,2023-01-24,2023-01-31,False,0,False,,0.9083603123725688,False,7,7,3,4,-1,0.169024662100128,False,False,False,False,0.9083603123725688,"{""COT_FRESH"": 0.013366775015427657, ""FRESH_OR_CONSENSUS"": 0.04753224831996792, ""HELIOS_CONSENSUS"": 0.6010516524643483, ""KEEP"": 0.16902466210012804, ""OPAL_ALL"": 0.16902466210012804}","{""COT_FRESH"": -2.0, ""FRESH_OR_CONSENSUS"": -1.0, ""HELIOS_CONSENSUS"": 1.0, ""KEEP"": 0.0, ""OPAL_ALL"": 0.0}",False,False,0.9083603123725688
2023-02-02,2023-02-03,2023-02-07,2023,2023-02,0,-0.042370586698986,0.113122464250775,0.1042519248751688,0.113122464250775,0.113122464250775,0.113122464250775,STRUCTURAL_IRIS,63,-4,18,0.4074601579461712,0.2647742124025222,False,False,False,False,0.113122464250775,0.5414592301213128,0,False,0,,False,1,1,0,0,0.5,False,0.113122464250775,0.113122464250775,0.113122464250775,0.5414592301213128,2023-01-24,2023-01-31,False,0,False,,0.113122464250775,False,7,7,3,4,-1,0.169024662100128,False,False,False,False,0.113122464250775,"{""COT_FRESH"": 0.013366775015427657, ""FRESH_OR_CONSENSUS"": 0.04753224831996792, ""HELIOS_CONSENSUS"": 0.6010516524643483, ""KEEP"": 0.16902466210012804, ""OPAL_ALL"": 0.16902466210012804}","{""COT_FRESH"": -2.0, ""FRESH_OR_CONSENSUS"": -1.0, ""HELIOS_CONSENSUS"": 1.0, ""KEEP"": 0.0, ""OPAL_ALL"": 0.0}",False,False,0.113122464250775
2023-02-06,2023-02-07,2023-02-09,2023,2023-02,1,0.0045798354627761,0.3547432057965263,0.4437165534307961,0.3547432057965263,0.3547432057965263,0.3547432057965263,STRUCTURAL_IRIS,63,-4,18,0.4074601579461712,0.2647742124025222,False,False,False,True,0.7271484277758087,0.7271484277758087,0,False,0,,False,1,1,0,0,0.5,False,0.3547432057965263,0.3547432057965263,0.3547432057965263,0.7271484277758087,2023-01-24,2023-01-31,True,1,True,1.0,0.3547432057965263,False,7,7,3,4,-1,0.2299236854355236,False,False,False,False,0.3547432057965263,"{""COT_FRESH"": 0.013366775015427657, ""FRESH_OR_CONSENSUS"": 0.04753224831996792, ""HELIOS_CONSENSUS"": 0.6010516524643483, ""KEEP"": 0.16902466210012804, ""OPAL_ALL"": 0.16902466210012804}","{""COT_FRESH"": -2.0, ""FRESH_OR_CONSENSUS"": -1.0, ""HELIOS_CONSENSUS"": 1.0, ""KEEP"": 0.0, ""OPAL_ALL"": 0.0}",False,False,0.3547432057965263
2023-02-07,2023-02-08,2023-02-10,2023,2023-02,0,-0.0051900916418881,0.3817925034620374,0.4257593409788004,0.3817925034620374,0.3817925034620374,0.3817925034620374,STRUCTURAL_IRIS,63,-4,18,0.4074601579461712,0.2647742124025222,False,False,False,False,0.3817925034620374,0.6788961214313699,0,False,0,,False,1,1,0,0,0.5,False,0.3817925034620374,0.3817925034620374,0.3817925034620374,0.6788961214313699,2023-01-31,2023-02-07,False,0,False,,0.3817925034620374,False,7,7,3,4,-1,0.169024662100128,False,False,False,False,0.3817925034620374,"{""COT_FRESH"": 0.013366775015427657, ""FRESH_OR_CONSENSUS"": 0.04753224831996792, ""HELIOS_CONSENSUS"": 0.6010516524643483, ""KEEP"": 0.16902466210012804, ""OPAL_ALL"": 0.16902466210012804}","{""COT_FRESH"": -2.0, ""FRESH_OR_CONSENSUS"": -1.0, ""HELIOS_CONSENSUS"": 1.0, ""KEEP"": 0.0, ""OPAL_ALL"": 0.0}",False,False,0.3817925034620374
2023-02-08,2023-02-09,2023-02-13,2023,2023-02,0,-0.0119009227030241,0.3619229711236769,0.3831836623632715,0.3619229711236769,0.3619229711236769,0.3619229711236769,STRUCTURAL_IRIS,63,-4,18,0.4074601579461712,0.2647742124025222,False,False,False,False,0.3619229711236769,0.3750689705734999,0,False,0,,False,1,1,0,0,0.5,False,0.3619229711236769,0.3619229711236769,0.3619229711236769,0.3750689705734999,2023-01-31,2023-02-07,False,0,False,,0.3619229711236769,False,7,7,3,4,-1,0.169024662100128,False,False,False,False,0.3619229711236769,"{""COT_FRESH"": 0.013366775015427657, ""FRESH_OR_CONSENSUS"": 0.04753224831996792, ""HELIOS_CONSENSUS"": 0.6010516524643483, ""KEEP"": 0.16902466210012804, ""OPAL_ALL"": 0.16902466210012804}","{""COT_FRESH"": -2.0, ""FRESH_OR_CONSENSUS"": -1.0, ""HELIOS_CONSENSUS"": 1.0, ""KEEP"": 0.0, ""OPAL_ALL"": 0.0}",False,False,0.3619229711236769
2023-02-09,2023-02-10,2023-02-14,2023,2023-02,0,-0.0115429059098411,0.1603364256526585,0.2090208752591417,0.1603364256526585,0.1603364256526585,0.1603364256526585,STRUCTURAL_IRIS,63,-4,18,0.4074601579461712,0.2647742124025222,False,False,False,False,0.1603364256526585,0.376377179002816,0,False,0,,False,1,1,0,0,0.5,False,0.1603364256526585,0.1603364256526585,0.1603364256526585,0.376377179002816,2023-01-31,2023-02-07,False,0,False,,0.1603364256526585,False,8,8,4,4,0,0.5811948551557872,False,False,False,False,0.1603364256526585,"{""COT_FRESH"": 0.04596193698875369, ""FRESH_OR_CONSENSUS"": 0.16344063543335274, ""HELIOS_CONSENSUS"": 0.16344063543335274, ""KEEP"": 0.04596193698875369, ""OPAL_ALL"": 0.5811948551557872}","{""COT_FRESH"": 0.0, ""FRESH_OR_CONSENSUS"": 1.0, ""HELIOS_CONSENSUS"": 1.0, ""KEEP"": 0.0, ""OPAL_ALL"": 2.0}",False,False,0.1603364256526585
2023-02-13,2023-02-14,2023-02-16,2023,2023-02,0,-0.0114726081116177,0.4766958367406803,0.4829112838416031,0.4766958367406803,0.4766958367406803,0.4766958367406803,STRUCTURAL_IRIS,63,-3,18,0.4074601579461712,0.2647742124025222,False,False,False,False,0.4766958367406803,0.558794535289435,0,False,0,,False,1,1,0,0,0.5,False,0.4766958367406803,0.4766958367406803,0.4766958367406803,0.558794535289435,2023-01-31,2023-02-07,False,0,False,,0.4766958367406803,False,8,8,4,4,0,0.5811948551557872,False,False,False,False,0.4766958367406803,"{""COT_FRESH"": 0.04596193698875369, ""FRESH_OR_CONSENSUS"": 0.16344063543335274, ""HELIOS_CONSENSUS"": 0.16344063543335274, ""KEEP"": 0.04596193698875369, ""OPAL_ALL"": 0.5811948551557872}","{""COT_FRESH"": 0.0, ""FRESH_OR_CONSENSUS"": 1.0, ""HELIOS_CONSENSUS"": 1.0, ""KEEP"": 0.0, ""OPAL_ALL"": 2.0}",False,False,0.4766958367406803
2023-02-14,2023-02-15,2023-02-17,2023,2023-02,0,-0.0195392919101748,0.4670112220355006,0.4505058138521651,0.4670112220355006,0.4670112220355006,0.4670112220355006,STRUCTURAL_IRIS,63,-3,18,0.4074601579461712,0.2647742124025222,False,False,False,False,0.4670112220355006,0.6388504872708082,0,False,0,,False,1,1,0,0,0.5,False,0.4670112220355006,0.4670112220355006,0.4670112220355006,0.6388504872708082,2023-02-07,2023-02-14,False,0,False,,0.4670112220355006,False,8,8,4,4,0,0.5811948551557872,False,False,False,False,0.4670112220355006,"{""COT_FRESH"": 0.04596193698875369, ""FRESH_OR_CONSENSUS"": 0.16344063543335274, ""HELIOS_CONSENSUS"": 0.16344063543335274, ""KEEP"": 0.04596193698875369, ""OPAL_ALL"": 0.5811948551557872}","{""COT_FRESH"": 0.0, ""FRESH_OR_CONSENSUS"": 1.0, ""HELIOS_CONSENSUS"": 1.0, ""KEEP"": 0.0, ""OPAL_ALL"": 2.0}",False,False,0.4670112220355006
2023-02-15,2023-02-16,2023-02-20,2023,2023-02,1,0.0047558960730964,0.6300143047202686,0.5984170788589218,0.6300143047202686,0.6300143047202686,0.6300143047202686,STRUCTURAL_IRIS,63,-3,18,0.4074601579461712,0.2647742124025222,True,False,False,True,0.1709554427799723,0.8290445572200277,1,True,1,0.0,False,1,1,0,0,0.5,False,0.6300143047202686,0.6300143047202686,0.6300143047202686,0.8290445572200277,2023-02-07,2023-02-14,True,1,True,0.0,0.6300143047202686,False,8,8,4,4,0,0.9540380630112464,False,False,False,False,0.6300143047202686,"{""COT_FRESH"": 0.04596193698875369, ""FRESH_OR_CONSENSUS"": 0.16344063543335274, ""HELIOS_CONSENSUS"": 0.16344063543335274, ""KEEP"": 0.04596193698875369, ""OPAL_ALL"": 0.5811948551557872}","{""COT_FRESH"": 0.0, ""FRESH_OR_CONSENSUS"": 1.0, ""HELIOS_CONSENSUS"": 1.0, ""KEEP"": 0.0, ""OPAL_ALL"": 2.0}",False,False,0.6300143047202686
2023-02-16,2023-02-17,2023-02-21,2023,2023-02,0,-0.00223402899072,0.4739552311949978,0.4568074692722834,0.4739552311949978,0.4739552311949978,0.4739552311949978,STRUCTURAL_IRIS,63,-3,18,0.4074601579461712,0.2647742124025222,False,False,False,False,0.4739552311949978,0.8268287970209354,0,False,0,,False,1,1,0,0,0.5,False,0.4739552311949978,0.4739552311949978,0.4739552311949978,0.8268287970209354,2023-02-07,2023-02-14,False,0,False,,0.4739552311949978,False,8,8,4,4,0,0.5811948551557872,False,False,False,False,0.4739552311949978,"{""COT_FRESH"": 0.04596193698875369, ""FRESH_OR_CONSENSUS"": 0.16344063543335274, ""HELIOS_CONSENSUS"": 0.16344063543335274, ""KEEP"": 0.04596193698875369, ""OPAL_ALL"": 0.5811948551557872}","{""COT_FRESH"": 0.0, ""FRESH_OR_CONSENSUS"": 1.0, ""HELIOS_CONSENSUS"": 1.0, ""KEEP"": 0.0, ""OPAL_ALL"": 2.0}",False,False,0.4739552311949978
2023-02-21,2023-02-22,2023-02-24,2023,2023-02,0,-0.0049763589421001,0.580464903904127,0.5084396725985442,0.580464903904127,0.580464903904127,0.580464903904127,STRUCTURAL_IRIS,63,-3,18,0.4074601579461712,0.2647742124025222,False,False,False,False,0.580464903904127,0.8684010603583193,0,False,1,,False,2,2,0,0,0.5,False,0.580464903904127,0.580464903904127,0.580464903904127,0.8684010603583193,2023-02-14,2023-02-21,False,0,False,,0.580464903904127,False,8,8,4,4,0,0.6585618433588621,False,False,False,False,0.580464903904127,"{""COT_FRESH"": 0.05208025790170504, ""FRESH_OR_CONSENSUS"": 0.18519738293602267, ""HELIOS_CONSENSUS"": 0.05208025790170504, ""KEEP"": 0.05208025790170504, ""OPAL_ALL"": 0.6585618433588621}","{""COT_FRESH"": 0.0, ""FRESH_OR_CONSENSUS"": 1.0, ""HELIOS_CONSENSUS"": 0.0, ""KEEP"": 0.0, ""OPAL_ALL"": 2.0}",False,False,0.580464903904127
2023-02-22,2023-02-23,2023-02-27,2023,2023-02,0,-0.0133975922981741,0.3572504054049439,0.3460626473594878,0.3572504054049439,0.3572504054049439,0.3572504054049439,STRUCTURAL_IRIS,63,-3,18,0.4074601579461712,0.2647742124025222,False,False,False,True,0.7695228027316707,0.7695228027316707,0,False,0,,False,2,2,0,0,0.5,False,0.3572504054049439,0.3572504054049439,0.3572504054049439,0.7695228027316707,2023-02-14,2023-02-21,True,1,True,0.0,0.3572504054049439,False,8,8,4,4,0,0.8958394841965899,False,False,False,False,0.3572504054049439,"{""COT_FRESH"": 0.05208025790170504, ""FRESH_OR_CONSENSUS"": 0.18519738293602267, ""HELIOS_CONSENSUS"": 0.05208025790170504, ""KEEP"": 0.05208025790170504, ""OPAL_ALL"": 0.6585618433588621}","{""COT_FRESH"": 0.0, ""FRESH_OR_CONSENSUS"": 1.0, ""HELIOS_CONSENSUS"": 0.0, ""KEEP"": 0.0, ""OPAL_ALL"": 2.0}",False,False,0.3572504054049439
2023-02-23,2023-02-24,2023-02-28,2023,2023-02,0,-0.0092105733416991,0.4530431526584781,0.4963539395100759,0.4530431526584781,0.4530431526584781,0.4530431526584781,STRUCTURAL_IRIS,63,-3,18,0.4074601579461712,0.2647742124025222,False,False,False,True,0.8118872503287562,0.8118872503287562,0,False,0,,False,2,2,0,0,0.5,False,0.4530431526584781,0.4530431526584781,0.4530431526584781,0.8118872503287562,2023-02-14,2023-02-21,True,2,False,0.0,0.4530431526584781,False,8,8,4,4,0,0.6585618433588621,False,False,False,False,0.4530431526584781,"{""COT_FRESH"": 0.05208025790170504, ""FRESH_OR_CONSENSUS"": 0.18519738293602267, ""HELIOS_CONSENSUS"": 0.05208025790170504, ""KEEP"": 0.05208025790170504, ""OPAL_ALL"": 0.6585618433588621}","{""COT_FRESH"": 0.0, ""FRESH_OR_CONSENSUS"": 1.0, ""HELIOS_CONSENSUS"": 0.0, ""KEEP"": 0.0, ""OPAL_ALL"": 2.0}",False,False,0.4530431526584781
2023-02-27,2023-02-28,2023-03-02,2023,2023-02,1,0.0124699484468659,0.564412848265171,0.6157681285383151,0.564412848265171,0.564412848265171,0.564412848265171,STRUCTURAL_IRIS,63,-3,18,0.4074601579461712,0.2647742124025222,False,False,False,True,0.2178062141123954,0.7821937858876046,0,False,1,,False,2,2,0,0,0.5,False,0.564412848265171,0.564412848265171,0.564412848265171,0.7821937858876046,2023-02-14,2023-02-21,True,3,False,0.0,0.564412848265171,False,9,9,4,5,-1,0.2335785589948599,False,False,False,False,0.564412848265171,"{""COT_FRESH"": 0.06568576402056032, ""FRESH_OR_CONSENSUS"": 0.2335785589948599, ""HELIOS_CONSENSUS"": 0.2335785589948599, ""KEEP"": 0.2335785589948599, ""OPAL_ALL"": 0.2335785589948599}","{""COT_FRESH"": -1.0, ""FRESH_OR_CONSENSUS"": 0.0, ""HELIOS_CONSENSUS"": 0.0, ""KEEP"": 0.0, ""OPAL_ALL"": 0.0}",False,False,0.564412848265171
2023-02-28,2023-03-01,2023-03-03,2023,2023-03,1,0.0193399996387215,0.6820979161944638,0.7181562399745892,0.6820979161944638,0.6820979161944638,0.6820979161944638,STRUCTURAL_IRIS,63,-3,18,0.4074601579461712,0.2647742124025222,False,False,False,False,0.6820979161944638,0.4994306531168389,0,False,1,,False,2,2,0,0,0.5,False,0.6820979161944638,0.6820979161944638,0.6820979161944638,0.4994306531168389,2023-02-21,2023-02-28,False,0,False,,0.6820979161944638,False,10,10,4,6,-2,0.1323451609302898,False,False,False,False,0.6820979161944638,"{""COT_FRESH"": 0.13234516093028986, ""FRESH_OR_CONSENSUS"": 0.4706193562788407, ""HELIOS_CONSENSUS"": 0.13234516093028986, ""KEEP"": 0.13234516093028986, ""OPAL_ALL"": 0.13234516093028986}","{""COT_FRESH"": 0.0, ""FRESH_OR_CONSENSUS"": 1.0, ""HELIOS_CONSENSUS"": 0.0, ""KEEP"": 0.0, ""OPAL_ALL"": 0.0}",False,False,0.6820979161944638
2023-03-01,2023-03-02,2023-03-06,2023,2023-03,1,0.0098774275323896,0.5203317352477451,0.5679476944265094,0.5203317352477451,0.5203317352477451,0.5203317352477451,STRUCTURAL_IRIS,63,-3,18,0.4074601579461712,0.2647742124025222,False,False,False,True,0.2830256012726468,0.7169743987273531,0,False,1,,False,2,2,0,0,0.5,False,0.5203317352477451,0.5203317352477451,0.5203317352477451,0.7169743987273531,2023-02-21,2023-02-28,True,1,True,0.0,0.5203317352477451,False,10,10,4,6,-2,0.7353096781394204,False,False,False,False,0.5203317352477451,"{""COT_FRESH"": 0.13234516093028986, ""FRESH_OR_CONSENSUS"": 0.4706193562788407, ""HELIOS_CONSENSUS"": 0.13234516093028986, ""KEEP"": 0.13234516093028986, ""OPAL_ALL"": 0.13234516093028986}","{""COT_FRESH"": 0.0, ""FRESH_OR_CONSENSUS"": 1.0, ""HELIOS_CONSENSUS"": 0.0, ""KEEP"": 0.0, ""OPAL_ALL"": 0.0}",False,False,0.5203317352477451
2023-03-02,2023-03-03,2023-03-07,2023,2023-03,1,0.0061500139416166,0.5265925397984398,0.5676729573373145,0.5265925397984398,0.5265925397984398,0.5265925397984398,STRUCTURAL_IRIS,63,-2,18,0.4074601579461712,0.2647742124025222,False,False,False,True,0.2726864992639195,0.7273135007360805,0,False,1,,False,2,2,0,0,0.5,False,0.5265925397984398,0.5265925397984398,0.5265925397984398,0.7273135007360805,2023-02-21,2023-02-28,True,2,False,0.0,0.5265925397984398,False,11,10,4,6,-2,0.0235341729072641,False,False,False,False,0.5265925397984398,"{""COT_FRESH"": 0.08368751245846806, ""FRESH_OR_CONSENSUS"": 0.2975927715447559, ""HELIOS_CONSENSUS"": 0.2975927715447559, ""KEEP"": 0.2975927715447559, ""OPAL_ALL"": 0.023534172907264162}","{""COT_FRESH"": -1.0, ""FRESH_OR_CONSENSUS"": 0.0, ""HELIOS_CONSENSUS"": 0.0, ""KEEP"": 0.0, ""OPAL_ALL"": -2.0}",False,False,0.5265925397984398
2023-03-06,2023-03-07,2023-03-09,2023,2023-03,0,-0.0186422056360958,0.389804885970519,0.4509724892713209,0.389804885970519,0.389804885970519,0.389804885970519,STRUCTURAL_IRIS,63,-3,18,0.4074601579461712,0.2647742124025222,False,False,False,False,0.389804885970519,0.4921042267759972,0,False,0,,False,2,2,0,0,0.5,False,0.389804885970519,0.389804885970519,0.389804885970519,0.4921042267759972,2023-02-21,2023-02-28,False,0,False,,0.389804885970519,False,12,10,4,6,-2,0.0029673593596119,False,False,False,False,0.389804885970519,"{""COT_FRESH"": 0.01055192907585133, ""FRESH_OR_CONSENSUS"": 0.03752265692428939, ""HELIOS_CONSENSUS"": 0.4744790273201237, ""KEEP"": 0.4744790273201237, ""OPAL_ALL"": 0.0029673593596119072}","{""COT_FRESH"": -3.0, ""FRESH_OR_CONSENSUS"": -2.0, ""HELIOS_CONSENSUS"": 0.0, ""KEEP"": 0.0, ""OPAL_ALL"": -4.0}",False,False,0.389804885970519
2023-03-07,2023-03-08,2023-03-10,2023,2023-03,0,-0.0044045748206548,0.1617399338064776,0.1704554377817461,0.1617399338064776,0.1617399338064776,0.1617399338064776,STRUCTURAL_IRIS,63,-3,18,0.4074601579461712,0.2647742124025222,False,False,False,False,0.1617399338064776,0.1274397426859692,0,False,0,,False,2,2,0,0,0.5,False,0.1617399338064776,0.1617399338064776,0.1617399338064776,0.1274397426859692,2023-02-28,2023-03-07,False,0,False,,0.1617399338064776,False,13,10,3,7,-4,0.0003729278249365,False,False,False,False,0.1617399338064776,"{""COT_FRESH"": 0.01676910737027668, ""FRESH_OR_CONSENSUS"": 0.01676910737027668, ""HELIOS_CONSENSUS"": 0.21204761086427984, ""KEEP"": 0.7540412465702303, ""OPAL_ALL"": 0.00037292782493653255}","{""COT_FRESH"": -3.0, ""FRESH_OR_CONSENSUS"": -3.0, ""HELIOS_CONSENSUS"": -1.0, ""KEEP"": 0.0, ""OPAL_ALL"": -6.0}",False,False,0.1617399338064776
2023-03-08,2023-03-09,2023-03-13,2023,2023-03,1,0.0372122113804076,0.3494805968152207,0.3912618484127051,0.3494805968152207,0.3494805968152207,0.3494805968152207,STRUCTURAL_IRIS,63,-3,18,0.4074601579461712,0.2647742124025222,False,False,False,False,0.3494805968152207,0.6440659352097605,0,False,0,,False,2,2,0,0,0.5,False,0.3494805968152207,0.3494805968152207,0.3494805968152207,0.6440659352097605,2023-02-28,2023-03-07,False,0,False,,0.3494805968152207,False,13,10,3,7,-4,0.0003729278249365,False,False,False,False,0.3494805968152207,"{""COT_FRESH"": 0.01676910737027668, ""FRESH_OR_CONSENSUS"": 0.01676910737027668, ""HELIOS_CONSENSUS"": 0.21204761086427984, ""KEEP"": 0.7540412465702303, ""OPAL_ALL"": 0.00037292782493653255}","{""COT_FRESH"": -3.0, ""FRESH_OR_CONSENSUS"": -3.0, ""HELIOS_CONSENSUS"": -1.0, ""KEEP"": 0.0, ""OPAL_ALL"": -6.0}",False,False,0.3494805968152207
2023-03-09,2023-03-10,2023-03-14,2023,2023-03,1,0.0451548225846803,0.6883410772025598,0.6965913043798015,0.6883410772025598,0.6883410772025598,0.6883410772025598,STRUCTURAL_IRIS,63,-3,18,0.4074601579461712,0.2647742124025222,False,False,False,False,0.6883410772025598,0.4383492161087043,0,False,1,,False,2,2,0,0,0.5,False,0.6883410772025598,0.6883410772025598,0.6883410772025598,0.4383492161087043,2023-02-28,2023-03-07,False,0,False,,0.6883410772025598,False,13,10,3,7,-4,0.0003729278249365,False,False,False,False,0.6883410772025598,"{""COT_FRESH"": 0.01676910737027668, ""FRESH_OR_CONSENSUS"": 0.01676910737027668, ""HELIOS_CONSENSUS"": 0.21204761086427984, ""KEEP"": 0.7540412465702303, ""OPAL_ALL"": 0.00037292782493653255}","{""COT_FRESH"": -3.0, ""FRESH_OR_CONSENSUS"": -3.0, ""HELIOS_CONSENSUS"": -1.0, ""KEEP"": 0.0, ""OPAL_ALL"": -6.0}",False,False,0.6883410772025598
2023-03-13,2023-03-14,2023-03-16,2023,2023-03,1,0.019624462487009,0.8556883981097572,0.8373232068299988,0.8556883981097572,0.8556883981097572,0.8556883981097572,STRUCTURAL_IRIS,63,-2,18,0.4074601579461712,0.2647742124025222,False,False,False,False,0.8556883981097572,0.3681976965689532,0,False,1,,False,2,2,0,0,0.5,False,0.8556883981097572,0.8556883981097572,0.8556883981097572,0.3681976965689532,2023-02-28,2023-03-07,False,0,False,,0.8556883981097572,False,13,10,3,7,-4,0.0003729278249365,False,False,False,False,0.8556883981097572,"{""COT_FRESH"": 0.01676910737027668, ""FRESH_OR_CONSENSUS"": 0.01676910737027668, ""HELIOS_CONSENSUS"": 0.21204761086427984, ""KEEP"": 0.7540412465702303, ""OPAL_ALL"": 0.00037292782493653255}","{""COT_FRESH"": -3.0, ""FRESH_OR_CONSENSUS"": -3.0, ""HELIOS_CONSENSUS"": -1.0, ""KEEP"": 0.0, ""OPAL_ALL"": -6.0}",False,False,0.8556883981097572
2023-03-14,2023-03-15,2023-03-17,2023,2023-03,1,0.0153694624561383,0.5252829151057191,0.4864062478332155,0.5252829151057191,0.5252829151057191,0.5252829151057191,STRUCTURAL_IRIS,63,-2,18,0.4074601579461712,0.2647742124025222,False,False,False,False,0.5252829151057191,0.4893951072765465,0,False,1,,False,2,2,0,0,0.5,False,0.5252829151057191,0.5252829151057191,0.5252829151057191,0.4893951072765465,2023-03-07,2023-03-14,False,0,False,,0.5252829151057191,False,13,10,3,7,-4,0.0003729278249365,False,False,False,False,0.5252829151057191,"{""COT_FRESH"": 0.01676910737027668, ""FRESH_OR_CONSENSUS"": 0.01676910737027668, ""HELIOS_CONSENSUS"": 0.21204761086427984, ""KEEP"": 0.7540412465702303, ""OPAL_ALL"": 0.00037292782493653255}","{""COT_FRESH"": -3.0, ""FRESH_OR_CONSENSUS"": -3.0, ""HELIOS_CONSENSUS"": -1.0, ""KEEP"": 0.0, ""OPAL_ALL"": -6.0}",False,False,0.5252829151057191
2023-03-15,2023-03-16,2023-03-20,2023,2023-03,1,0.0390744033141881,0.8301090277118985,0.8266070342274027,0.8301090277118985,0.8301090277118985,0.8301090277118985,STRUCTURAL_IRIS,63,-2,18,0.4074601579461712,0.2647742124025222,False,False,False,False,0.8301090277118985,0.409882041974194,0,False,1,,False,2,2,0,0,0.5,False,0.8301090277118985,0.8301090277118985,0.8301090277118985,0.409882041974194,2023-03-07,2023-03-14,False,0,False,,0.8301090277118985,False,13,10,3,7,-4,0.0003729278249365,False,False,False,False,0.8301090277118985,"{""COT_FRESH"": 0.01676910737027668, ""FRESH_OR_CONSENSUS"": 0.01676910737027668, ""HELIOS_CONSENSUS"": 0.21204761086427984, ""KEEP"": 0.7540412465702303, ""OPAL_ALL"": 0.00037292782493653255}","{""COT_FRESH"": -3.0, ""FRESH_OR_CONSENSUS"": -3.0, ""HELIOS_CONSENSUS"": -1.0, ""KEEP"": 0.0, ""OPAL_ALL"": -6.0}",False,False,0.8301090277118985
2023-03-16,2023-03-17,2023-03-21,2023,2023-03,1,0.0239629518502276,0.5256616276581073,0.5067363429407267,0.5256616276581073,0.5256616276581073,0.5256616276581073,STRUCTURAL_IRIS,63,-2,18,0.4074601579461712,0.2647742124025222,False,False,True,False,0.5256616276581073,0.644462648955237,1,False,1,,False,2,2,0,0,0.5,False,0.5256616276581073,0.5256616276581073,0.5256616276581073,0.644462648955237,2023-03-07,2023-03-14,False,0,False,,0.5256616276581073,False,13,10,3,7,-4,0.0003729278249365,False,False,False,False,0.5256616276581073,"{""COT_FRESH"": 0.01676910737027668, ""FRESH_OR_CONSENSUS"": 0.01676910737027668, ""HELIOS_CONSENSUS"": 0.21204761086427984, ""KEEP"": 0.7540412465702303, ""OPAL_ALL"": 0.00037292782493653255}","{""COT_FRESH"": -3.0, ""FRESH_OR_CONSENSUS"": -3.0, ""HELIOS_CONSENSUS"": -1.0, ""KEEP"": 0.0, ""OPAL_ALL"": -6.0}",False,False,0.5256616276581073
2023-03-20,2023-03-21,2023-03-23,2023,2023-03,0,-0.0022225037561097,0.2923439534808221,0.285007062764986,0.2923439534808221,0.2923439534808221,0.2923439534808221,STRUCTURAL_IRIS,63,-2,19,0.3671208081595819,0.1851175795603406,False,False,True,False,0.2923439534808221,0.3314479022506602,1,False,0,,False,2,2,0,0,0.5,False,0.2923439534808221,0.2923439534808221,0.2923439534808221,0.3314479022506602,2023-03-07,2023-03-14,False,0,False,,0.2923439534808221,False,13,10,3,7,-4,0.0003729278249365,False,False,False,False,0.2923439534808221,"{""COT_FRESH"": 0.01676910737027668, ""FRESH_OR_CONSENSUS"": 0.01676910737027668, ""HELIOS_CONSENSUS"": 0.21204761086427984, ""KEEP"": 0.7540412465702303, ""OPAL_ALL"": 0.00037292782493653255}","{""COT_FRESH"": -3.0, ""FRESH_OR_CONSENSUS"": -3.0, ""HELIOS_CONSENSUS"": -1.0, ""KEEP"": 0.0, ""OPAL_ALL"": -6.0}",False,False,0.2923439534808221
2023-03-21,2023-03-22,2023-03-24,2023,2023-03,1,0.015244736314613,0.2743246115740242,0.2220569527808085,0.2743246115740242,0.2743246115740242,0.2743246115740242,STRUCTURAL_IRIS,63,-2,19,0.3671208081595819,0.1851175795603406,False,False,False,False,0.2743246115740242,0.1333366916257402,0,False,0,,False,2,2,0,0,0.5,False,0.2743246115740242,0.2743246115740242,0.2743246115740242,0.1333366916257402,2023-03-14,2023-03-21,False,0,False,,0.2743246115740242,False,13,10,3,7,-4,0.0003729278249365,False,False,False,False,0.2743246115740242,"{""COT_FRESH"": 0.01676910737027668, ""FRESH_OR_CONSENSUS"": 0.01676910737027668, ""HELIOS_CONSENSUS"": 0.21204761086427984, ""KEEP"": 0.7540412465702303, ""OPAL_ALL"": 0.00037292782493653255}","{""COT_FRESH"": -3.0, ""FRESH_OR_CONSENSUS"": -3.0, ""HELIOS_CONSENSUS"": -1.0, ""KEEP"": 0.0, ""OPAL_ALL"": -6.0}",False,False,0.2743246115740242
2023-03-22,2023-03-23,2023-03-27,2023,2023-03,1,0.0094308892017258,0.7225036951019016,0.7272274135086053,0.7225036951019016,0.7225036951019016,0.7225036951019016,STRUCTURAL_IRIS,63,-2,19,0.3671208081595819,0.1851175795603406,False,False,False,False,0.7225036951019016,0.57055589367484,0,False,1,,False,2,2,0,0,0.5,False,0.7225036951019016,0.7225036951019016,0.7225036951019016,0.57055589367484,2023-03-14,2023-03-21,False,0,False,,0.7225036951019016,False,13,10,3,7,-4,0.0003729278249365,False,False,False,False,0.7225036951019016,"{""COT_FRESH"": 0.01676910737027668, ""FRESH_OR_CONSENSUS"": 0.01676910737027668, ""HELIOS_CONSENSUS"": 0.21204761086427984, ""KEEP"": 0.7540412465702303, ""OPAL_ALL"": 0.00037292782493653255}","{""COT_FRESH"": -3.0, ""FRESH_OR_CONSENSUS"": -3.0, ""HELIOS_CONSENSUS"": -1.0, ""KEEP"": 0.0, ""OPAL_ALL"": -6.0}",False,False,0.7225036951019016
2023-03-23,2023-03-24,2023-03-28,2023,2023-03,0,-0.014106258250088,0.876860631561243,0.8587532317537319,0.876860631561243,0.876860631561243,0.876860631561243,STRUCTURAL_IRIS,63,-2,19,0.3671208081595819,0.1851175795603406,False,False,True,False,0.876860631561243,0.6074099627773547,1,False,1,,False,2,2,0,0,0.5,False,0.876860631561243,0.876860631561243,0.876860631561243,0.6074099627773547,2023-03-14,2023-03-21,False,0,False,,0.876860631561243,False,13,10,3,7,-4,0.0003729278249365,False,False,False,False,0.876860631561243,"{""COT_FRESH"": 0.01676910737027668, ""FRESH_OR_CONSENSUS"": 0.01676910737027668, ""HELIOS_CONSENSUS"": 0.21204761086427984, ""KEEP"": 0.7540412465702303, ""OPAL_ALL"": 0.00037292782493653255}","{""COT_FRESH"": -3.0, ""FRESH_OR_CONSENSUS"": -3.0, ""HELIOS_CONSENSUS"": -1.0, ""KEEP"": 0.0, ""OPAL_ALL"": -6.0}",False,False,0.876860631561243
2023-03-27,2023-03-28,2023-03-30,2023,2023-03,1,0.0039965942183603,0.3676531878464459,0.3550523134120991,0.3676531878464459,0.3676531878464459,0.3676531878464459,STRUCTURAL_IRIS,63,-2,19,0.3671208081595819,0.1851175795603406,False,True,False,False,0.3676531878464459,0.2659523258391488,1,False,0,,False,2,2,0,0,0.5,False,0.3676531878464459,0.3676531878464459,0.3676531878464459,0.2659523258391488,2023-03-14,2023-03-21,False,0,False,,0.3676531878464459,False,13,10,3,7,-4,0.0003729278249365,False,False,False,False,0.3676531878464459,"{""COT_FRESH"": 0.01676910737027668, ""FRESH_OR_CONSENSUS"": 0.01676910737027668, ""HELIOS_CONSENSUS"": 0.21204761086427984, ""KEEP"": 0.7540412465702303, ""OPAL_ALL"": 0.00037292782493653255}","{""COT_FRESH"": -3.0, ""FRESH_OR_CONSENSUS"": -3.0, ""HELIOS_CONSENSUS"": -1.0, ""KEEP"": 0.0, ""OPAL_ALL"": -6.0}",False,False,0.3676531878464459
2023-03-28,2023-03-29,2023-03-31,2023,2023-03,1,0.0147381538314158,0.7997780972982099,0.7711583922344368,0.7997780972982099,0.7997780972982099,0.7997780972982099,STRUCTURAL_IRIS,63,-2,19,0.3671208081595819,0.1851175795603406,False,False,False,False,0.7997780972982099,0.2989478608094833,0,False,1,,False,2,2,0,0,0.5,False,0.7997780972982099,0.7997780972982099,0.7997780972982099,0.2989478608094833,2023-03-21,2023-03-28,False,0,False,,0.7997780972982099,False,13,10,3,7,-4,0.0003729278249365,False,False,False,False,0.7997780972982099,"{""COT_FRESH"": 0.01676910737027668, ""FRESH_OR_CONSENSUS"": 0.01676910737027668, ""HELIOS_CONSENSUS"": 0.21204761086427984, ""KEEP"": 0.7540412465702303, ""OPAL_ALL"": 0.00037292782493653255}","{""COT_FRESH"": -3.0, ""FRESH_OR_CONSENSUS"": -3.0, ""HELIOS_CONSENSUS"": -1.0, ""KEEP"": 0.0, ""OPAL_ALL"": -6.0}",False,False,0.7997780972982099
2023-03-29,2023-03-30,2023-04-03,2023,2023-03,0,-0.0013998653325088,0.4956497720066901,0.4771917577955804,0.4956497720066901,0.4956497720066901,0.4956497720066901,STRUCTURAL_IRIS,63,-2,19,0.3671208081595819,0.1851175795603406,False,False,False,False,0.4956497720066901,0.6420464361612543,0,False,0,,False,2,2,0,0,0.5,False,0.4956497720066901,0.4956497720066901,0.4956497720066901,0.6420464361612543,2023-03-21,2023-03-28,False,0,False,,0.4956497720066901,False,13,10,3,7,-4,0.0003729278249365,False,False,False,False,0.4956497720066901,"{""COT_FRESH"": 0.01676910737027668, ""FRESH_OR_CONSENSUS"": 0.01676910737027668, ""HELIOS_CONSENSUS"": 0.21204761086427984, ""KEEP"": 0.7540412465702303, ""OPAL_ALL"": 0.00037292782493653255}","{""COT_FRESH"": -3.0, ""FRESH_OR_CONSENSUS"": -3.0, ""HELIOS_CONSENSUS"": -1.0, ""KEEP"": 0.0, ""OPAL_ALL"": -6.0}",False,False,0.4956497720066901
2023-03-30,2023-03-31,2023-04-04,2023,2023-03,1,0.0071639528231167,0.704113200847726,0.6753947685945961,0.704113200847726,0.704113200847726,0.704113200847726,STRUCTURAL_IRIS,63,-2,19,0.3671208081595819,0.1851175795603406,False,False,False,False,0.704113200847726,0.4394583747002245,0,False,1,,False,2,2,0,0,0.5,False,0.704113200847726,0.704113200847726,0.704113200847726,0.4394583747002245,2023-03-21,2023-03-28,False,0,False,,0.704113200847726,False,13,10,3,7,-4,0.0003729278249365,False,False,False,False,0.704113200847726,"{""COT_FRESH"": 0.01676910737027668, ""FRESH_OR_CONSENSUS"": 0.01676910737027668, ""HELIOS_CONSENSUS"": 0.21204761086427984, ""KEEP"": 0.7540412465702303, ""OPAL_ALL"": 0.00037292782493653255}","{""COT_FRESH"": -3.0, ""FRESH_OR_CONSENSUS"": -3.0, ""HELIOS_CONSENSUS"": -1.0, ""KEEP"": 0.0, ""OPAL_ALL"": -6.0}",False,False,0.704113200847726
2023-04-03,2023-04-04,2023-04-06,2023,2023-04,1,0.0272103413146282,0.7045181777621223,0.7194283630620907,0.7045181777621223,0.7045181777621223,0.7045181777621223,STRUCTURAL_IRIS,63,-2,19,0.3671208081595819,0.1851175795603406,False,False,False,False,0.7045181777621223,0.3569130908360171,0,False,1,,False,2,2,0,0,0.5,False,0.7045181777621223,0.7045181777621223,0.7045181777621223,0.3569130908360171,2023-03-21,2023-03-28,False,0,False,,0.7045181777621223,False,13,10,3,7,-4,0.0003729278249365,False,False,False,False,0.7045181777621223,"{""COT_FRESH"": 0.01676910737027668, ""FRESH_OR_CONSENSUS"": 0.01676910737027668, ""HELIOS_CONSENSUS"": 0.21204761086427984, ""KEEP"": 0.7540412465702303, ""OPAL_ALL"": 0.00037292782493653255}","{""COT_FRESH"": -3.0, ""FRESH_OR_CONSENSUS"": -3.0, ""HELIOS_CONSENSUS"": -1.0, ""KEEP"": 0.0, ""OPAL_ALL"": -6.0}",False,False,0.7045181777621223
2023-04-04,2023-04-05,2023-04-11,2023,2023-04,1,0.00966433628012,0.8966967576304179,0.9054212695654016,0.8966967576304179,0.8966967576304179,0.8966967576304179,STRUCTURAL_IRIS,63,-2,19,0.3671208081595819,0.1851175795603406,False,False,False,False,0.8966967576304179,0.4668188407232291,0,False,1,,False,2,2,0,0,0.5,False,0.8966967576304179,0.8966967576304179,0.8966967576304179,0.4668188407232291,2023-03-28,2023-04-04,False,0,False,,0.8966967576304179,False,13,10,3,7,-4,0.0003729278249365,False,False,False,False,0.8966967576304179,"{""COT_FRESH"": 0.01676910737027668, ""FRESH_OR_CONSENSUS"": 0.01676910737027668, ""HELIOS_CONSENSUS"": 0.21204761086427984, ""KEEP"": 0.7540412465702303, ""OPAL_ALL"": 0.00037292782493653255}","{""COT_FRESH"": -3.0, ""FRESH_OR_CONSENSUS"": -3.0, ""HELIOS_CONSENSUS"": -1.0, ""KEEP"": 0.0, ""OPAL_ALL"": -6.0}",False,False,0.8966967576304179
2023-04-05,2023-04-06,2023-04-12,2023,2023-04,0,-0.0066481689593991,0.458568294536098,0.4860213050522716,0.458568294536098,0.458568294536098,0.458568294536098,STRUCTURAL_IRIS,63,-2,19,0.3671208081595819,0.1851175795603406,False,True,True,False,0.458568294536098,0.6050941486211077,2,False,0,,False,2,2,0,0,0.5,False,0.458568294536098,0.458568294536098,0.458568294536098,0.6050941486211077,2023-03-28,2023-04-04,False,0,False,,0.458568294536098,False,13,10,3,7,-4,0.0003729278249365,False,False,False,False,0.458568294536098,"{""COT_FRESH"": 0.01676910737027668, ""FRESH_OR_CONSENSUS"": 0.01676910737027668, ""HELIOS_CONSENSUS"": 0.21204761086427984, ""KEEP"": 0.7540412465702303, ""OPAL_ALL"": 0.00037292782493653255}","{""COT_FRESH"": -3.0, ""FRESH_OR_CONSENSUS"": -3.0, ""HELIOS_CONSENSUS"": -1.0, ""KEEP"": 0.0, ""OPAL_ALL"": -6.0}",False,False,0.458568294536098
2023-04-06,2023-04-11,2023-04-13,2023,2023-04,1,0.0048710024976226,0.3107359166663587,0.346373782806284,0.3107359166663587,0.3107359166663587,0.3107359166663587,STRUCTURAL_IRIS,63,-2,19,0.3671208081595819,0.1851175795603406,False,True,False,False,0.3107359166663587,0.5050662170020098,1,False,0,,False,2,2,0,0,0.5,False,0.3107359166663587,0.3107359166663587,0.3107359166663587,0.5050662170020098,2023-03-28,2023-04-04,False,0,False,,0.3107359166663587,False,13,10,3,7,-4,0.0003729278249365,False,False,False,False,0.3107359166663587,"{""COT_FRESH"": 0.01676910737027668, ""FRESH_OR_CONSENSUS"": 0.01676910737027668, ""HELIOS_CONSENSUS"": 0.21204761086427984, ""KEEP"": 0.7540412465702303, ""OPAL_ALL"": 0.00037292782493653255}","{""COT_FRESH"": -3.0, ""FRESH_OR_CONSENSUS"": -3.0, ""HELIOS_CONSENSUS"": -1.0, ""KEEP"": 0.0, ""OPAL_ALL"": -6.0}",False,False,0.3107359166663587
2023-04-11,2023-04-12,2023-04-14,2023,2023-04,1,0.0169182787628611,0.4956552541220477,0.4843208418435017,0.4956552541220477,0.4956552541220477,0.4956552541220477,STRUCTURAL_IRIS,63,-2,19,0.3671208081595819,0.1851175795603406,True,False,False,False,0.4956552541220477,0.3472833076642006,1,False,0,,False,2,2,0,0,0.5,False,0.4956552541220477,0.4956552541220477,0.4956552541220477,0.3472833076642006,2023-04-04,2023-04-11,False,0,False,,0.4956552541220477,False,13,10,3,7,-4,0.0003729278249365,False,False,False,False,0.4956552541220477,"{""COT_FRESH"": 0.01676910737027668, ""FRESH_OR_CONSENSUS"": 0.01676910737027668, ""HELIOS_CONSENSUS"": 0.21204761086427984, ""KEEP"": 0.7540412465702303, ""OPAL_ALL"": 0.00037292782493653255}","{""COT_FRESH"": -3.0, ""FRESH_OR_CONSENSUS"": -3.0, ""HELIOS_CONSENSUS"": -1.0, ""KEEP"": 0.0, ""OPAL_ALL"": -6.0}",False,False,0.4956552541220477
2023-04-12,2023-04-13,2023-04-17,2023,2023-04,1,0.0004479060467545,0.6023539276345039,0.6093032170248183,0.6023539276345039,0.6023539276345039,0.6023539276345039,STRUCTURAL_IRIS,63,-2,19,0.3671208081595819,0.1851175795603406,False,False,False,False,0.6023539276345039,0.5972701045836396,0,False,1,,False,2,2,0,0,0.5,False,0.6023539276345039,0.6023539276345039,0.6023539276345039,0.5972701045836396,2023-04-04,2023-04-11,False,0,False,,0.6023539276345039,False,13,10,3,7,-4,0.0003729278249365,False,False,False,False,0.6023539276345039,"{""COT_FRESH"": 0.01676910737027668, ""FRESH_OR_CONSENSUS"": 0.01676910737027668, ""HELIOS_CONSENSUS"": 0.21204761086427984, ""KEEP"": 0.7540412465702303, ""OPAL_ALL"": 0.00037292782493653255}","{""COT_FRESH"": -3.0, ""FRESH_OR_CONSENSUS"": -3.0, ""HELIOS_CONSENSUS"": -1.0, ""KEEP"": 0.0, ""OPAL_ALL"": -6.0}",False,False,0.6023539276345039
2023-04-13,2023-04-14,2023-04-18,2023,2023-04,0,-0.0138090809484515,0.6866358945665507,0.6725437279673455,0.6866358945665507,0.6866358945665507,0.6866358945665507,STRUCTURAL_IRIS,63,-2,19,0.3671208081595819,0.1851175795603406,False,False,False,False,0.6866358945665507,0.5200043571583861,0,False,1,,False,2,2,0,0,0.5,False,0.6866358945665507,0.6866358945665507,0.6866358945665507,0.5200043571583861,2023-04-04,2023-04-11,False,0,False,,0.6866358945665507,False,13,10,3,7,-4,0.0003729278249365,False,False,False,False,0.6866358945665507,"{""COT_FRESH"": 0.01676910737027668, ""FRESH_OR_CONSENSUS"": 0.01676910737027668, ""HELIOS_CONSENSUS"": 0.21204761086427984, ""KEEP"": 0.7540412465702303, ""OPAL_ALL"": 0.00037292782493653255}","{""COT_FRESH"": -3.0, ""FRESH_OR_CONSENSUS"": -3.0, ""HELIOS_CONSENSUS"": -1.0, ""KEEP"": 0.0, ""OPAL_ALL"": -6.0}",False,False,0.6866358945665507
2023-04-14,2023-04-17,2023-04-19,2023,2023-04,0,-0.0296899728807324,0.2462675343164018,0.2101829270543287,0.2462675343164018,0.2462675343164018,0.2462675343164018,STRUCTURAL_IRIS,63,-2,19,0.3671208081595819,0.1851175795603406,False,False,False,False,0.2462675343164018,0.1812043799796668,0,False,0,,False,2,2,0,0,0.5,False,0.2462675343164018,0.2462675343164018,0.2462675343164018,0.1812043799796668,2023-04-04,2023-04-11,False,0,False,,0.2462675343164018,False,13,10,3,7,-4,0.0003729278249365,False,False,False,False,0.2462675343164018,"{""COT_FRESH"": 0.01676910737027668, ""FRESH_OR_CONSENSUS"": 0.01676910737027668, ""HELIOS_CONSENSUS"": 0.21204761086427984, ""KEEP"": 0.7540412465702303, ""OPAL_ALL"": 0.00037292782493653255}","{""COT_FRESH"": -3.0, ""FRESH_OR_CONSENSUS"": -3.0, ""HELIOS_CONSENSUS"": -1.0, ""KEEP"": 0.0, ""OPAL_ALL"": -6.0}",False,False,0.2462675343164018
2023-04-17,2023-04-18,2023-04-20,2023,2023-04,0,-0.0078674681817759,0.3164799869061459,0.3166986242103803,0.3164799869061459,0.3164799869061459,0.3164799869061459,STRUCTURAL_IRIS,63,-2,19,0.3671208081595819,0.1851175795603406,False,False,False,False,0.3164799869061459,0.2177412999544945,0,False,0,,False,2,2,0,0,0.5,False,0.3164799869061459,0.3164799869061459,0.3164799869061459,0.2177412999544945,2023-04-04,2023-04-11,False,0,False,,0.3164799869061459,False,13,10,3,7,-4,0.0003729278249365,False,False,False,False,0.3164799869061459,"{""COT_FRESH"": 0.01676910737027668, ""FRESH_OR_CONSENSUS"": 0.01676910737027668, ""HELIOS_CONSENSUS"": 0.21204761086427984, ""KEEP"": 0.7540412465702303, ""OPAL_ALL"": 0.00037292782493653255}","{""COT_FRESH"": -3.0, ""FRESH_OR_CONSENSUS"": -3.0, ""HELIOS_CONSENSUS"": -1.0, ""KEEP"": 0.0, ""OPAL_ALL"": -6.0}",False,False,0.3164799869061459
2023-04-18,2023-04-19,2023-04-21,2023,2023-04,0,-0.0066242024730411,0.4456064051153129,0.4931969405967318,0.4456064051153129,0.4456064051153129,0.4456064051153129,STRUCTURAL_IRIS,63,-1,19,0.3671208081595819,0.1851175795603406,False,False,False,False,0.4456064051153129,0.6327202962410935,0,False,0,,False,2,2,0,0,0.5,False,0.4456064051153129,0.4456064051153129,0.4456064051153129,0.6327202962410935,2023-04-11,2023-04-18,False,0,False,,0.4456064051153129,False,13,10,3,7,-4,0.0003729278249365,False,False,False,False,0.4456064051153129,"{""COT_FRESH"": 0.01676910737027668, ""FRESH_OR_CONSENSUS"": 0.01676910737027668, ""HELIOS_CONSENSUS"": 0.21204761086427984, ""KEEP"": 0.7540412465702303, ""OPAL_ALL"": 0.00037292782493653255}","{""COT_FRESH"": -3.0, ""FRESH_OR_CONSENSUS"": -3.0, ""HELIOS_CONSENSUS"": -1.0, ""KEEP"": 0.0, ""OPAL_ALL"": -6.0}",False,False,0.4456064051153129
2023-04-19,2023-04-20,2023-04-24,2023,2023-04,1,0.0050728861391187,0.6993224525795194,0.7589145222397312,0.6993224525795194,0.6993224525795194,0.6993224525795194,STRUCTURAL_IRIS,63,-1,19,0.3671208081595819,0.1851175795603406,False,True,False,False,0.6993224525795194,0.4773120898968592,1,False,1,,False,2,2,0,0,0.5,False,0.6993224525795194,0.6993224525795194,0.6993224525795194,0.4773120898968592,2023-04-11,2023-04-18,False,0,False,,0.6993224525795194,False,13,10,3,7,-4,0.0003729278249365,False,False,False,False,0.6993224525795194,"{""COT_FRESH"": 0.01676910737027668, ""FRESH_OR_CONSENSUS"": 0.01676910737027668, ""HELIOS_CONSENSUS"": 0.21204761086427984, ""KEEP"": 0.7540412465702303, ""OPAL_ALL"": 0.00037292782493653255}","{""COT_FRESH"": -3.0, ""FRESH_OR_CONSENSUS"": -3.0, ""HELIOS_CONSENSUS"": -1.0, ""KEEP"": 0.0, ""OPAL_ALL"": -6.0}",False,False,0.6993224525795194
2023-04-20,2023-04-21,2023-04-25,2023,2023-04,0,-0.0019326102520206,0.4831446797302264,0.5584537312633768,0.4831446797302264,0.4831446797302264,0.4831446797302264,STRUCTURAL_IRIS,63,-1,19,0.3671208081595819,0.1851175795603406,False,False,False,False,0.4831446797302264,0.4846675884191979,0,False,0,,False,2,2,0,0,0.5,False,0.4831446797302264,0.4831446797302264,0.4831446797302264,0.4846675884191979,2023-04-11,2023-04-18,False,0,False,,0.4831446797302264,False,13,10,3,7,-4,0.0003729278249365,False,False,False,False,0.4831446797302264,"{""COT_FRESH"": 0.01676910737027668, ""FRESH_OR_CONSENSUS"": 0.01676910737027668, ""HELIOS_CONSENSUS"": 0.21204761086427984, ""KEEP"": 0.7540412465702303, ""OPAL_ALL"": 0.00037292782493653255}","{""COT_FRESH"": -3.0, ""FRESH_OR_CONSENSUS"": -3.0, ""HELIOS_CONSENSUS"": -1.0, ""KEEP"": 0.0, ""OPAL_ALL"": -6.0}",False,False,0.4831446797302264
2023-04-21,2023-04-24,2023-04-26,2023,2023-04,1,0.0064991508890997,0.4427369110893931,0.5024841776742749,0.4427369110893931,0.4427369110893931,0.4427369110893931,STRUCTURAL_IRIS,63,-1,19,0.3671208081595819,0.1851175795603406,False,False,False,False,0.4427369110893931,0.2790097673756507,0,False,0,,False,2,2,0,0,0.5,False,0.4427369110893931,0.4427369110893931,0.4427369110893931,0.2790097673756507,2023-04-11,2023-04-18,False,0,False,,0.4427369110893931,False,13,10,3,7,-4,0.0003729278249365,False,False,False,False,0.4427369110893931,"{""COT_FRESH"": 0.01676910737027668, ""FRESH_OR_CONSENSUS"": 0.01676910737027668, ""HELIOS_CONSENSUS"": 0.21204761086427984, ""KEEP"": 0.7540412465702303, ""OPAL_ALL"": 0.00037292782493653255}","{""COT_FRESH"": -3.0, ""FRESH_OR_CONSENSUS"": -3.0, ""HELIOS_CONSENSUS"": -1.0, ""KEEP"": 0.0, ""OPAL_ALL"": -6.0}",False,False,0.4427369110893931
2023-04-24,2023-04-25,2023-04-27,2023,2023-04,1,0.005773398234485,0.4618430229771648,0.5311212984520596,0.4618430229771648,0.4618430229771648,0.4618430229771648,STRUCTURAL_IRIS,63,-1,19,0.3671208081595819,0.1851175795603406,False,False,False,False,0.4618430229771648,0.5722237150051895,0,False,0,,False,2,2,0,0,0.5,False,0.4618430229771648,0.4618430229771648,0.4618430229771648,0.5722237150051895,2023-04-11,2023-04-18,False,0,False,,0.4618430229771648,False,13,10,3,7,-4,0.0003729278249365,False,False,False,False,0.4618430229771648,"{""COT_FRESH"": 0.01676910737027668, ""FRESH_OR_CONSENSUS"": 0.01676910737027668, ""HELIOS_CONSENSUS"": 0.21204761086427984, ""KEEP"": 0.7540412465702303, ""OPAL_ALL"": 0.00037292782493653255}","{""COT_FRESH"": -3.0, ""FRESH_OR_CONSENSUS"": -3.0, ""HELIOS_CONSENSUS"": -1.0, ""KEEP"": 0.0, ""OPAL_ALL"": -6.0}",False,False,0.4618430229771648
2023-04-25,2023-04-26,2023-04-28,2023,2023-04,0,-0.0037755840365449,0.6555221316833667,0.6844048309439139,0.6555221316833667,0.6555221316833667,0.6555221316833667,STRUCTURAL_IRIS,63,-2,20,0.3307365969117089,0.1274378323399895,False,False,False,False,0.6555221316833667,0.6253231532711934,0,False,1,,False,2,2,0,0,0.5,False,0.6555221316833667,0.6555221316833667,0.6555221316833667,0.6253231532711934,2023-04-18,2023-04-25,False,0,False,,0.6555221316833667,False,13,10,3,7,-4,0.0003729278249365,False,False,False,False,0.6555221316833667,"{""COT_FRESH"": 0.01676910737027668, ""FRESH_OR_CONSENSUS"": 0.01676910737027668, ""HELIOS_CONSENSUS"": 0.21204761086427984, ""KEEP"": 0.7540412465702303, ""OPAL_ALL"": 0.00037292782493653255}","{""COT_FRESH"": -3.0, ""FRESH_OR_CONSENSUS"": -3.0, ""HELIOS_CONSENSUS"": -1.0, ""KEEP"": 0.0, ""OPAL_ALL"": -6.0}",False,False,0.6555221316833667
2023-04-26,2023-04-27,2023-05-02,2023,2023-04,0,-0.0091207808252101,0.3499095579183114,0.3703413111714475,0.3499095579183114,0.3499095579183114,0.3499095579183114,STRUCTURAL_IRIS,63,-1,21,0.4207559352349638,0.2610438423832984,False,False,False,False,0.3499095579183114,0.2195453261417176,0,False,0,,False,2,2,0,0,0.5,False,0.3499095579183114,0.3499095579183114,0.3499095579183114,0.2195453261417176,2023-04-18,2023-04-25,False,0,False,,0.3499095579183114,False,13,10,3,7,-4,0.0003729278249365,False,False,False,False,0.3499095579183114,"{""COT_FRESH"": 0.01676910737027668, ""FRESH_OR_CONSENSUS"": 0.01676910737027668, ""HELIOS_CONSENSUS"": 0.21204761086427984, ""KEEP"": 0.7540412465702303, ""OPAL_ALL"": 0.00037292782493653255}","{""COT_FRESH"": -3.0, ""FRESH_OR_CONSENSUS"": -3.0, ""HELIOS_CONSENSUS"": -1.0, ""KEEP"": 0.0, ""OPAL_ALL"": -6.0}",False,False,0.3499095579183114
2023-04-27,2023-04-28,2023-05-03,2023,2023-04,1,0.0095901894547401,0.3910947038280088,0.3883047057936936,0.3910947038280088,0.3910947038280088,0.3910947038280088,STRUCTURAL_IRIS,63,-1,22,0.4938286315395473,0.4098359616228723,False,False,False,False,0.3910947038280088,0.2086329738979448,0,False,0,,False,2,2,0,0,0.5,False,0.3910947038280088,0.3910947038280088,0.3910947038280088,0.2086329738979448,2023-04-18,2023-04-25,False,0,False,,0.3910947038280088,False,13,10,3,7,-4,0.0003729278249365,False,False,False,False,0.3910947038280088,"{""COT_FRESH"": 0.01676910737027668, ""FRESH_OR_CONSENSUS"": 0.01676910737027668, ""HELIOS_CONSENSUS"": 0.21204761086427984, ""KEEP"": 0.7540412465702303, ""OPAL_ALL"": 0.00037292782493653255}","{""COT_FRESH"": -3.0, ""FRESH_OR_CONSENSUS"": -3.0, ""HELIOS_CONSENSUS"": -1.0, ""KEEP"": 0.0, ""OPAL_ALL"": -6.0}",False,False,0.3910947038280088
2023-04-28,2023-05-02,2023-05-04,2023,2023-05,1,0.0265521041811327,0.606975814930199,0.5981449655776793,0.606975814930199,0.606975814930199,0.606975814930199,STRUCTURAL_IRIS,63,0,22,0.4938286315395473,0.4098359616228723,False,False,False,False,0.606975814930199,0.593546385476245,0,False,1,,False,2,2,0,0,0.5,False,0.606975814930199,0.606975814930199,0.606975814930199,0.593546385476245,2023-04-18,2023-04-25,False,0,False,,0.606975814930199,False,13,10,3,7,-4,0.0003729278249365,False,False,False,False,0.606975814930199,"{""COT_FRESH"": 0.01676910737027668, ""FRESH_OR_CONSENSUS"": 0.01676910737027668, ""HELIOS_CONSENSUS"": 0.21204761086427984, ""KEEP"": 0.7540412465702303, ""OPAL_ALL"": 0.00037292782493653255}","{""COT_FRESH"": -3.0, ""FRESH_OR_CONSENSUS"": -3.0, ""HELIOS_CONSENSUS"": -1.0, ""KEEP"": 0.0, ""OPAL_ALL"": -6.0}",False,False,0.606975814930199
2023-05-02,2023-05-03,2023-05-05,2023,2023-05,1,0.0288591598542933,0.9064453581822688,0.8917425315503388,0.9064453581822688,0.9064453581822688,0.9064453581822688,STRUCTURAL_IRIS,63,0,22,0.4938286315395473,0.4098359616228723,False,False,False,False,0.9064453581822688,0.5695315953333586,0,False,1,,False,2,2,0,0,0.5,False,0.9064453581822688,0.9064453581822688,0.9064453581822688,0.5695315953333586,2023-04-25,2023-05-02,False,0,False,,0.9064453581822688,False,13,10,3,7,-4,0.0003729278249365,False,False,False,False,0.9064453581822688,"{""COT_FRESH"": 0.01676910737027668, ""FRESH_OR_CONSENSUS"": 0.01676910737027668, ""HELIOS_CONSENSUS"": 0.21204761086427984, ""KEEP"": 0.7540412465702303, ""OPAL_ALL"": 0.00037292782493653255}","{""COT_FRESH"": -3.0, ""FRESH_OR_CONSENSUS"": -3.0, ""HELIOS_CONSENSUS"": -1.0, ""KEEP"": 0.0, ""OPAL_ALL"": -6.0}",False,False,0.9064453581822688
2023-05-03,2023-05-04,2023-05-09,2023,2023-05,1,0.0043042738067563,0.800258308253862,0.7872092930289398,0.800258308253862,0.800258308253862,0.800258308253862,STRUCTURAL_IRIS,63,0,22,0.4938286315395473,0.4098359616228723,False,False,False,False,0.800258308253862,0.5455924018351032,0,False,1,,False,2,2,0,0,0.5,False,0.800258308253862,0.800258308253862,0.800258308253862,0.5455924018351032,2023-04-25,2023-05-02,False,0,False,,0.800258308253862,False,13,10,3,7,-4,0.0003729278249365,False,False,False,False,0.800258308253862,"{""COT_FRESH"": 0.01676910737027668, ""FRESH_OR_CONSENSUS"": 0.01676910737027668, ""HELIOS_CONSENSUS"": 0.21204761086427984, ""KEEP"": 0.7540412465702303, ""OPAL_ALL"": 0.00037292782493653255}","{""COT_FRESH"": -3.0, ""FRESH_OR_CONSENSUS"": -3.0, ""HELIOS_CONSENSUS"": -1.0, ""KEEP"": 0.0, ""OPAL_ALL"": -6.0}",False,False,0.800258308253862
2023-05-04,2023-05-05,2023-05-10,2023,2023-05,0,-0.0031729270405776,0.7703209195994536,0.7305080750228292,0.7703209195994536,0.7703209195994536,0.7703209195994536,STRUCTURAL_IRIS,63,-1,22,0.4938286315395473,0.4098359616228723,False,False,False,True,0.2981639681478146,0.7018360318521853,0,False,1,,False,2,2,0,0,0.5,False,0.7703209195994536,0.7703209195994536,0.7703209195994536,0.7018360318521853,2023-04-25,2023-05-02,True,1,True,1.0,0.7703209195994536,False,13,10,3,7,-4,0.0339111425654898,False,False,False,False,0.7703209195994536,"{""COT_FRESH"": 0.01676910737027668, ""FRESH_OR_CONSENSUS"": 0.01676910737027668, ""HELIOS_CONSENSUS"": 0.21204761086427984, ""KEEP"": 0.7540412465702303, ""OPAL_ALL"": 0.00037292782493653255}","{""COT_FRESH"": -3.0, ""FRESH_OR_CONSENSUS"": -3.0, ""HELIOS_CONSENSUS"": -1.0, ""KEEP"": 0.0, ""OPAL_ALL"": -6.0}",False,False,0.7703209195994536
2023-05-05,2023-05-09,2023-05-11,2023,2023-05,0,-0.0064704443820939,0.3576363118767732,0.2880890167748685,0.3576363118767732,0.3576363118767732,0.3576363118767732,STRUCTURAL_IRIS,63,-2,22,0.4938286315395473,0.4098359616228723,False,False,False,False,0.3576363118767732,0.6521519543190464,0,False,0,,False,2,2,0,0,0.5,False,0.3576363118767732,0.3576363118767732,0.3576363118767732,0.6521519543190464,2023-04-25,2023-05-02,False,0,False,,0.3576363118767732,False,13,10,3,7,-4,0.0003729278249365,False,False,False,False,0.3576363118767732,"{""COT_FRESH"": 0.01676910737027668, ""FRESH_OR_CONSENSUS"": 0.01676910737027668, ""HELIOS_CONSENSUS"": 0.21204761086427984, ""KEEP"": 0.7540412465702303, ""OPAL_ALL"": 0.00037292782493653255}","{""COT_FRESH"": -3.0, ""FRESH_OR_CONSENSUS"": -3.0, ""HELIOS_CONSENSUS"": -1.0, ""KEEP"": 0.0, ""OPAL_ALL"": -6.0}",False,False,0.3576363118767732
2023-05-09,2023-05-10,2023-05-12,2023,2023-05,0,-0.0093992879974325,0.666915426264813,0.6098450220576755,0.666915426264813,0.666915426264813,0.666915426264813,STRUCTURAL_IRIS,63,-2,22,0.4938286315395473,0.4098359616228723,False,False,False,False,0.666915426264813,0.6450553752413848,0,False,1,,False,2,2,0,0,0.5,False,0.666915426264813,0.666915426264813,0.666915426264813,0.6450553752413848,2023-05-02,2023-05-09,False,0,False,,0.666915426264813,False,13,10,3,7,-4,0.0003729278249365,False,False,False,False,0.666915426264813,"{""COT_FRESH"": 0.01676910737027668, ""FRESH_OR_CONSENSUS"": 0.01676910737027668, ""HELIOS_CONSENSUS"": 0.21204761086427984, ""KEEP"": 0.7540412465702303, ""OPAL_ALL"": 0.00037292782493653255}","{""COT_FRESH"": -3.0, ""FRESH_OR_CONSENSUS"": -3.0, ""HELIOS_CONSENSUS"": -1.0, ""KEEP"": 0.0, ""OPAL_ALL"": -6.0}",False,False,0.666915426264813
2023-05-10,2023-05-11,2023-05-15,2023,2023-05,0,-0.0070706616116286,0.554851975147638,0.5613813120131739,0.554851975147638,0.554851975147638,0.554851975147638,STRUCTURAL_IRIS,63,-2,22,0.4938286315395473,0.4098359616228723,False,True,True,True,0.1902201918282887,0.8097798081717112,2,True,1,1.0,False,2,2,0,0,0.5,False,0.554851975147638,0.554851975147638,0.554851975147638,0.8097798081717112,2023-05-02,2023-05-09,True,1,True,1.0,0.554851975147638,False,14,10,4,6,-2,0.4594298129830176,False,False,False,False,0.554851975147638,"{""COT_FRESH"": 0.15201637467816143, ""FRESH_OR_CONSENSUS"": 0.15201637467816143, ""HELIOS_CONSENSUS"": 0.15201637467816143, ""KEEP"": 0.5405701870169822, ""OPAL_ALL"": 0.003380688948533362}","{""COT_FRESH"": -1.0, ""FRESH_OR_CONSENSUS"": -1.0, ""HELIOS_CONSENSUS"": -1.0, ""KEEP"": 0.0, ""OPAL_ALL"": -4.0}",False,False,0.554851975147638
2023-05-11,2023-05-12,2023-05-16,2023,2023-05,0,-0.0078550327691284,0.3998115101043559,0.4421763411333584,0.3998115101043559,0.3998115101043559,0.3998115101043559,STRUCTURAL_IRIS,63,-2,22,0.4938286315395473,0.4098359616228723,False,False,True,False,0.3998115101043559,0.6843280369566558,1,False,0,,False,2,2,0,0,0.5,False,0.3998115101043559,0.3998115101043559,0.3998115101043559,0.6843280369566558,2023-05-02,2023-05-09,False,0,False,,0.3998115101043559,False,14,10,4,6,-2,0.0033806889485333,False,False,False,False,0.3998115101043559,"{""COT_FRESH"": 0.15201637467816143, ""FRESH_OR_CONSENSUS"": 0.15201637467816143, ""HELIOS_CONSENSUS"": 0.15201637467816143, ""KEEP"": 0.5405701870169822, ""OPAL_ALL"": 0.003380688948533362}","{""COT_FRESH"": -1.0, ""FRESH_OR_CONSENSUS"": -1.0, ""HELIOS_CONSENSUS"": -1.0, ""KEEP"": 0.0, ""OPAL_ALL"": -4.0}",False,False,0.3998115101043559
2023-05-12,2023-05-15,2023-05-17,2023,2023-05,0,-0.0104699884391829,0.4849952988639847,0.5745858820537944,0.4849952988639847,0.4849952988639847,0.4849952988639847,STRUCTURAL_IRIS,63,-2,22,0.4938286315395473,0.4098359616228723,False,False,False,False,0.4849952988639847,0.7797741928052958,0,False,0,,False,2,2,0,0,0.5,False,0.4849952988639847,0.4849952988639847,0.4849952988639847,0.7797741928052958,2023-05-02,2023-05-09,False,0,False,,0.4849952988639847,False,14,10,4,6,-2,0.0033806889485333,False,False,False,False,0.4849952988639847,"{""COT_FRESH"": 0.15201637467816143, ""FRESH_OR_CONSENSUS"": 0.15201637467816143, ""HELIOS_CONSENSUS"": 0.15201637467816143, ""KEEP"": 0.5405701870169822, ""OPAL_ALL"": 0.003380688948533362}","{""COT_FRESH"": -1.0, ""FRESH_OR_CONSENSUS"": -1.0, ""HELIOS_CONSENSUS"": -1.0, ""KEEP"": 0.0, ""OPAL_ALL"": -4.0}",False,False,0.4849952988639847
2023-05-15,2023-05-16,2023-05-18,2023,2023-05,0,-0.0192128146673595,0.3505813027321056,0.4490156692149356,0.3505813027321056,0.3505813027321056,0.3505813027321056,STRUCTURAL_IRIS,63,-2,22,0.4938286315395473,0.4098359616228723,False,False,False,True,0.7180480417493511,0.7180480417493511,0,False,0,,False,3,3,0,0,0.5,False,0.3505813027321056,0.3505813027321056,0.3505813027321056,0.7180480417493511,2023-05-02,2023-05-09,True,2,False,0.0,0.3505813027321056,False,14,10,4,6,-2,0.0024346834227757,False,False,False,False,0.3505813027321056,"{""COT_FRESH"": 0.10947820194459121, ""FRESH_OR_CONSENSUS"": 0.10947820194459121, ""HELIOS_CONSENSUS"": 0.3893044563440209, ""KEEP"": 0.3893044563440209, ""OPAL_ALL"": 0.002434683422775725}","{""COT_FRESH"": -1.0, ""FRESH_OR_CONSENSUS"": -1.0, ""HELIOS_CONSENSUS"": 0.0, ""KEEP"": 0.0, ""OPAL_ALL"": -4.0}",False,False,0.3505813027321056
2023-05-16,2023-05-17,2023-05-19,2023,2023-05,0,-0.0223128652137137,0.2619693630994408,0.3003600208194558,0.2619693630994408,0.2619693630994408,0.2619693630994408,STRUCTURAL_IRIS,63,-2,22,0.4938286315395473,0.4098359616228723,False,False,False,False,0.2619693630994408,0.4288008703035058,0,False,0,,False,3,3,0,0,0.5,False,0.2619693630994408,0.2619693630994408,0.2619693630994408,0.4288008703035058,2023-05-09,2023-05-16,False,0,False,,0.2619693630994408,False,14,10,4,6,-2,0.0024346834227757,False,False,False,False,0.2619693630994408,"{""COT_FRESH"": 0.10947820194459121, ""FRESH_OR_CONSENSUS"": 0.10947820194459121, ""HELIOS_CONSENSUS"": 0.3893044563440209, ""KEEP"": 0.3893044563440209, ""OPAL_ALL"": 0.002434683422775725}","{""COT_FRESH"": -1.0, ""FRESH_OR_CONSENSUS"": -1.0, ""HELIOS_CONSENSUS"": 0.0, ""KEEP"": 0.0, ""OPAL_ALL"": -4.0}",False,False,0.2619693630994408
2023-05-17,2023-05-18,2023-05-22,2023,2023-05,0,-0.0022939547991587,0.4884423029965198,0.4975424528398198,0.4884423029965198,0.4884423029965198,0.4884423029965198,STRUCTURAL_IRIS,63,-2,23,0.4239546764681717,0.2705522117502042,False,False,False,False,0.4884423029965198,0.6754744819434285,0,False,0,,False,3,3,0,0,0.5,False,0.4884423029965198,0.4884423029965198,0.4884423029965198,0.6754744819434285,2023-05-09,2023-05-16,False,0,False,,0.4884423029965198,False,14,10,4,6,-2,0.0024346834227757,False,False,False,False,0.4884423029965198,"{""COT_FRESH"": 0.10947820194459121, ""FRESH_OR_CONSENSUS"": 0.10947820194459121, ""HELIOS_CONSENSUS"": 0.3893044563440209, ""KEEP"": 0.3893044563440209, ""OPAL_ALL"": 0.002434683422775725}","{""COT_FRESH"": -1.0, ""FRESH_OR_CONSENSUS"": -1.0, ""HELIOS_CONSENSUS"": 0.0, ""KEEP"": 0.0, ""OPAL_ALL"": -4.0}",False,False,0.4884423029965198
2023-05-18,2023-05-19,2023-05-23,2023,2023-05,0,-0.0087893671558683,0.3007978599379756,0.3027979099255406,0.3007978599379756,0.3007978599379756,0.3007978599379756,STRUCTURAL_IRIS,63,-2,23,0.4239546764681717,0.2705522117502042,False,False,False,False,0.3007978599379756,0.410041881448949,0,False,0,,False,3,3,0,0,0.5,False,0.3007978599379756,0.3007978599379756,0.3007978599379756,0.410041881448949,2023-05-09,2023-05-16,False,0,False,,0.3007978599379756,False,15,10,3,7,-4,0.0009530158198941,False,False,False,False,0.3007978599379756,"{""COT_FRESH"": 0.1523866726082005, ""FRESH_OR_CONSENSUS"": 0.1523866726082005, ""HELIOS_CONSENSUS"": 0.5418869663555043, ""KEEP"": 0.1523866726082005, ""OPAL_ALL"": 0.0009530158198941344}","{""COT_FRESH"": 0.0, ""FRESH_OR_CONSENSUS"": 0.0, ""HELIOS_CONSENSUS"": 1.0, ""KEEP"": 0.0, ""OPAL_ALL"": -4.0}",False,False,0.3007978599379756
2023-05-19,2023-05-22,2023-05-24,2023,2023-05,1,0.0057072713164079,0.6426676109482402,0.607294869627497,0.6426676109482402,0.6426676109482402,0.6426676109482402,STRUCTURAL_IRIS,63,-2,23,0.4239546764681717,0.2705522117502042,False,False,False,True,0.2894652343168933,0.7105347656831067,0,False,1,,False,3,3,0,0,0.5,False,0.6426676109482402,0.6426676109482402,0.6426676109482402,0.7105347656831067,2023-05-09,2023-05-16,True,1,True,0.0,0.6426676109482402,False,15,10,3,7,-4,0.3057263610362951,False,False,False,False,0.6426676109482402,"{""COT_FRESH"": 0.1523866726082005, ""FRESH_OR_CONSENSUS"": 0.1523866726082005, ""HELIOS_CONSENSUS"": 0.5418869663555043, ""KEEP"": 0.1523866726082005, ""OPAL_ALL"": 0.0009530158198941344}","{""COT_FRESH"": 0.0, ""FRESH_OR_CONSENSUS"": 0.0, ""HELIOS_CONSENSUS"": 1.0, ""KEEP"": 0.0, ""OPAL_ALL"": -4.0}",False,False,0.6426676109482402
2023-05-22,2023-05-23,2023-05-25,2023,2023-05,0,-0.0095854670788059,0.3348040946972665,0.3392263278365542,0.3348040946972665,0.3348040946972665,0.3348040946972665,STRUCTURAL_IRIS,63,-1,23,0.4239546764681717,0.2705522117502042,False,False,False,False,0.3348040946972665,0.4996175176372525,0,False,0,,False,3,3,0,0,0.5,False,0.3348040946972665,0.3348040946972665,0.3348040946972665,0.4996175176372525,2023-05-09,2023-05-16,False,0,False,,0.3348040946972665,False,15,10,3,7,-4,0.0009530158198941,False,False,False,False,0.3348040946972665,"{""COT_FRESH"": 0.1523866726082005, ""FRESH_OR_CONSENSUS"": 0.1523866726082005, ""HELIOS_CONSENSUS"": 0.5418869663555043, ""KEEP"": 0.1523866726082005, ""OPAL_ALL"": 0.0009530158198941344}","{""COT_FRESH"": 0.0, ""FRESH_OR_CONSENSUS"": 0.0, ""HELIOS_CONSENSUS"": 1.0, ""KEEP"": 0.0, ""OPAL_ALL"": -4.0}",False,False,0.3348040946972665
2023-05-23,2023-05-24,2023-05-26,2023,2023-05,0,-0.0031432503550903,0.7271235875188821,0.7219926347202072,0.7271235875188821,0.7271235875188821,0.7271235875188821,STRUCTURAL_IRIS,63,-1,23,0.4239546764681717,0.2705522117502042,False,False,False,False,0.7271235875188821,0.4338108956054698,0,False,1,,False,3,3,0,0,0.5,False,0.7271235875188821,0.7271235875188821,0.7271235875188821,0.4338108956054698,2023-05-16,2023-05-23,False,0,False,,0.7271235875188821,False,15,10,3,7,-4,0.0009530158198941,False,False,False,False,0.7271235875188821,"{""COT_FRESH"": 0.1523866726082005, ""FRESH_OR_CONSENSUS"": 0.1523866726082005, ""HELIOS_CONSENSUS"": 0.5418869663555043, ""KEEP"": 0.1523866726082005, ""OPAL_ALL"": 0.0009530158198941344}","{""COT_FRESH"": 0.0, ""FRESH_OR_CONSENSUS"": 0.0, ""HELIOS_CONSENSUS"": 1.0, ""KEEP"": 0.0, ""OPAL_ALL"": -4.0}",False,False,0.7271235875188821
2023-05-24,2023-05-25,2023-05-30,2023,2023-05,0,-0.0139064462517483,0.2802896445796948,0.2887283860022768,0.2802896445796948,0.2802896445796948,0.2802896445796948,STRUCTURAL_IRIS,63,-1,23,0.4239546764681717,0.2705522117502042,False,False,False,False,0.2802896445796948,0.2274578374576313,0,False,0,,False,3,3,0,0,0.5,False,0.2802896445796948,0.2802896445796948,0.2802896445796948,0.2274578374576313,2023-05-16,2023-05-23,False,0,False,,0.2802896445796948,False,16,10,2,8,-6,0.0009530158198941,False,False,False,False,0.2802896445796948,"{""COT_FRESH"": 0.1523866726082005, ""FRESH_OR_CONSENSUS"": 0.1523866726082005, ""HELIOS_CONSENSUS"": 0.5418869663555043, ""KEEP"": 0.1523866726082005, ""OPAL_ALL"": 0.0009530158198941344}","{""COT_FRESH"": 0.0, ""FRESH_OR_CONSENSUS"": 0.0, ""HELIOS_CONSENSUS"": 1.0, ""KEEP"": 0.0, ""OPAL_ALL"": -4.0}",False,False,0.2802896445796948
2023-05-25,2023-05-26,2023-05-31,2023,2023-05,0,-0.0016831156907359,0.2190455902285735,0.2182927437506719,0.2190455902285735,0.2190455902285735,0.2190455902285735,STRUCTURAL_IRIS,63,-1,23,0.4239546764681717,0.2705522117502042,False,False,False,False,0.2190455902285735,0.2862297898941475,0,False,0,,False,3,3,0,0,0.5,False,0.2190455902285735,0.2190455902285735,0.2190455902285735,0.2862297898941475,2023-05-16,2023-05-23,False,0,False,,0.2190455902285735,False,16,10,2,8,-6,0.0009530158198941,False,False,False,False,0.2190455902285735,"{""COT_FRESH"": 0.1523866726082005, ""FRESH_OR_CONSENSUS"": 0.1523866726082005, ""HELIOS_CONSENSUS"": 0.5418869663555043, ""KEEP"": 0.1523866726082005, ""OPAL_ALL"": 0.0009530158198941344}","{""COT_FRESH"": 0.0, ""FRESH_OR_CONSENSUS"": 0.0, ""HELIOS_CONSENSUS"": 1.0, ""KEEP"": 0.0, ""OPAL_ALL"": -4.0}",False,False,0.2190455902285735
2023-05-26,2023-05-30,2023-06-01,2023,2023-05,1,0.0026838791751054,0.4393272591825496,0.4221559153640477,0.4393272591825496,0.4393272591825496,0.4393272591825496,STRUCTURAL_IRIS,63,-1,23,0.4239546764681717,0.2705522117502042,False,False,False,False,0.4393272591825496,0.3299878943369369,0,False,0,,False,3,3,0,0,0.5,False,0.4393272591825496,0.4393272591825496,0.4393272591825496,0.3299878943369369,2023-05-16,2023-05-23,False,0,False,,0.4393272591825496,False,16,10,2,8,-6,0.0009530158198941,False,False,False,False,0.4393272591825496,"{""COT_FRESH"": 0.1523866726082005, ""FRESH_OR_CONSENSUS"": 0.1523866726082005, ""HELIOS_CONSENSUS"": 0.5418869663555043, ""KEEP"": 0.1523866726082005, ""OPAL_ALL"": 0.0009530158198941344}","{""COT_FRESH"": 0.0, ""FRESH_OR_CONSENSUS"": 0.0, ""HELIOS_CONSENSUS"": 1.0, ""KEEP"": 0.0, ""OPAL_ALL"": -4.0}",False,False,0.4393272591825496
2023-05-30,2023-05-31,2023-06-02,2023,2023-05,1,0.0160288382758989,0.7099214422362573,0.6969545595091258,0.7099214422362573,0.7099214422362573,0.7099214422362573,STRUCTURAL_IRIS,63,-1,23,0.4239546764681717,0.2705522117502042,False,False,False,False,0.7099214422362573,0.5572859424084259,0,False,1,,False,3,3,0,0,0.5,False,0.7099214422362573,0.7099214422362573,0.7099214422362573,0.5572859424084259,2023-05-23,2023-05-30,False,0,False,,0.7099214422362573,False,16,10,2,8,-6,0.0009530158198941,False,False,False,False,0.7099214422362573,"{""COT_FRESH"": 0.1523866726082005, ""FRESH_OR_CONSENSUS"": 0.1523866726082005, ""HELIOS_CONSENSUS"": 0.5418869663555043, ""KEEP"": 0.1523866726082005, ""OPAL_ALL"": 0.0009530158198941344}","{""COT_FRESH"": 0.0, ""FRESH_OR_CONSENSUS"": 0.0, ""HELIOS_CONSENSUS"": 1.0, ""KEEP"": 0.0, ""OPAL_ALL"": -4.0}",False,False,0.7099214422362573
2023-05-31,2023-06-01,2023-06-05,2023,2023-06,0,-0.0084583357027382,0.6106258686516174,0.591303068809076,0.6106258686516174,0.6106258686516174,0.6106258686516174,STRUCTURAL_IRIS,63,-1,23,0.4239546764681717,0.2705522117502042,False,False,False,False,0.6106258686516174,0.6126164888787202,0,False,1,,False,3,3,0,0,0.5,False,0.6106258686516174,0.6106258686516174,0.6106258686516174,0.6126164888787202,2023-05-23,2023-05-30,False,0,False,,0.6106258686516174,False,16,10,2,8,-6,0.0009530158198941,False,False,False,False,0.6106258686516174,"{""COT_FRESH"": 0.1523866726082005, ""FRESH_OR_CONSENSUS"": 0.1523866726082005, ""HELIOS_CONSENSUS"": 0.5418869663555043, ""KEEP"": 0.1523866726082005, ""OPAL_ALL"": 0.0009530158198941344}","{""COT_FRESH"": 0.0, ""FRESH_OR_CONSENSUS"": 0.0, ""HELIOS_CONSENSUS"": 1.0, ""KEEP"": 0.0, ""OPAL_ALL"": -4.0}",False,False,0.6106258686516174
2023-06-01,2023-06-02,2023-06-06,2023,2023-06,1,0.0016068767565525,0.8059268940028098,0.7888404150049727,0.8059268940028098,0.8059268940028098,0.8059268940028098,STRUCTURAL_IRIS,63,-1,23,0.4239546764681717,0.2705522117502042,False,False,False,False,0.8059268940028098,0.3500264110845678,0,False,1,,False,3,3,0,0,0.5,False,0.8059268940028098,0.8059268940028098,0.8059268940028098,0.3500264110845678,2023-05-23,2023-05-30,False,0,False,,0.8059268940028098,False,16,10,2,8,-6,0.0009530158198941,False,False,False,False,0.8059268940028098,"{""COT_FRESH"": 0.1523866726082005, ""FRESH_OR_CONSENSUS"": 0.1523866726082005, ""HELIOS_CONSENSUS"": 0.5418869663555043, ""KEEP"": 0.1523866726082005, ""OPAL_ALL"": 0.0009530158198941344}","{""COT_FRESH"": 0.0, ""FRESH_OR_CONSENSUS"": 0.0, ""HELIOS_CONSENSUS"": 1.0, ""KEEP"": 0.0, ""OPAL_ALL"": -4.0}",False,False,0.8059268940028098
2023-06-02,2023-06-05,2023-06-07,2023,2023-06,0,-0.0091023815289516,0.1459152549535,0.1386464700215916,0.1459152549535,0.1459152549535,0.1459152549535,STRUCTURAL_IRIS,63,-1,23,0.4239546764681717,0.2705522117502042,False,False,False,False,0.1459152549535,0.0997108913612135,0,False,0,,False,3,3,0,0,0.5,False,0.1459152549535,0.1459152549535,0.1459152549535,0.0997108913612135,2023-05-23,2023-05-30,False,0,False,,0.1459152549535,False,16,10,2,8,-6,0.0009530158198941,False,False,False,False,0.1459152549535,"{""COT_FRESH"": 0.1523866726082005, ""FRESH_OR_CONSENSUS"": 0.1523866726082005, ""HELIOS_CONSENSUS"": 0.5418869663555043, ""KEEP"": 0.1523866726082005, ""OPAL_ALL"": 0.0009530158198941344}","{""COT_FRESH"": 0.0, ""FRESH_OR_CONSENSUS"": 0.0, ""HELIOS_CONSENSUS"": 1.0, ""KEEP"": 0.0, ""OPAL_ALL"": -4.0}",False,False,0.1459152549535
2023-06-05,2023-06-06,2023-06-08,2023,2023-06,1,0.0024423175582553,0.7801077192637814,0.75012729607595,0.7801077192637814,0.7801077192637814,0.7801077192637814,STRUCTURAL_IRIS,63,-1,23,0.4239546764681717,0.2705522117502042,False,False,False,False,0.7801077192637814,0.3816624109077029,0,False,1,,False,3,3,0,0,0.5,False,0.7801077192637814,0.7801077192637814,0.7801077192637814,0.3816624109077029,2023-05-23,2023-05-30,False,0,False,,0.7801077192637814,False,16,10,2,8,-6,0.0009530158198941,False,False,False,False,0.7801077192637814,"{""COT_FRESH"": 0.1523866726082005, ""FRESH_OR_CONSENSUS"": 0.1523866726082005, ""HELIOS_CONSENSUS"": 0.5418869663555043, ""KEEP"": 0.1523866726082005, ""OPAL_ALL"": 0.0009530158198941344}","{""COT_FRESH"": 0.0, ""FRESH_OR_CONSENSUS"": 0.0, ""HELIOS_CONSENSUS"": 1.0, ""KEEP"": 0.0, ""OPAL_ALL"": -4.0}",False,False,0.7801077192637814
2023-06-06,2023-06-07,2023-06-09,2023,2023-06,1,0.0008406679984075,0.5648801245694114,0.5351757499763724,0.5648801245694114,0.5648801245694114,0.5648801245694114,STRUCTURAL_IRIS,63,-1,23,0.4239546764681717,0.2705522117502042,False,False,False,False,0.5648801245694114,0.5096543919643484,0,False,1,,False,3,3,0,0,0.5,False,0.5648801245694114,0.5648801245694114,0.5648801245694114,0.5096543919643484,2023-05-30,2023-06-06,False,0,False,,0.5648801245694114,False,16,10,2,8,-6,0.0009530158198941,False,False,False,False,0.5648801245694114,"{""COT_FRESH"": 0.1523866726082005, ""FRESH_OR_CONSENSUS"": 0.1523866726082005, ""HELIOS_CONSENSUS"": 0.5418869663555043, ""KEEP"": 0.1523866726082005, ""OPAL_ALL"": 0.0009530158198941344}","{""COT_FRESH"": 0.0, ""FRESH_OR_CONSENSUS"": 0.0, ""HELIOS_CONSENSUS"": 1.0, ""KEEP"": 0.0, ""OPAL_ALL"": -4.0}",False,False,0.5648801245694114
2023-06-07,2023-06-08,2023-06-12,2023,2023-06,1,0.000560195573827,0.2098120914548321,0.20770458772845,0.2098120914548321,0.2098120914548321,0.2098120914548321,STRUCTURAL_IRIS,63,-1,23,0.4239546764681717,0.2705522117502042,False,False,False,False,0.2098120914548321,0.5389206972660187,0,False,0,,False,3,3,0,0,0.5,False,0.2098120914548321,0.2098120914548321,0.2098120914548321,0.5389206972660187,2023-05-30,2023-06-06,False,0,False,,0.2098120914548321,False,16,10,2,8,-6,0.0009530158198941,False,False,False,False,0.2098120914548321,"{""COT_FRESH"": 0.1523866726082005, ""FRESH_OR_CONSENSUS"": 0.1523866726082005, ""HELIOS_CONSENSUS"": 0.5418869663555043, ""KEEP"": 0.1523866726082005, ""OPAL_ALL"": 0.0009530158198941344}","{""COT_FRESH"": 0.0, ""FRESH_OR_CONSENSUS"": 0.0, ""HELIOS_CONSENSUS"": 1.0, ""KEEP"": 0.0, ""OPAL_ALL"": -4.0}",False,False,0.2098120914548321
2023-06-08,2023-06-09,2023-06-13,2023,2023-06,1,0.0085650891143533,0.6846067366415348,0.6958224638220294,0.6846067366415348,0.6846067366415348,0.6846067366415348,STRUCTURAL_IRIS,63,-1,23,0.4239546764681717,0.2705522117502042,False,False,False,False,0.6846067366415348,0.3283008622478255,0,False,1,,False,3,3,0,0,0.5,False,0.6846067366415348,0.6846067366415348,0.6846067366415348,0.3283008622478255,2023-05-30,2023-06-06,False,0,False,,0.6846067366415348,False,16,10,2,8,-6,0.0009530158198941,False,False,False,False,0.6846067366415348,"{""COT_FRESH"": 0.1523866726082005, ""FRESH_OR_CONSENSUS"": 0.1523866726082005, ""HELIOS_CONSENSUS"": 0.5418869663555043, ""KEEP"": 0.1523866726082005, ""OPAL_ALL"": 0.0009530158198941344}","{""COT_FRESH"": 0.0, ""FRESH_OR_CONSENSUS"": 0.0, ""HELIOS_CONSENSUS"": 1.0, ""KEEP"": 0.0, ""OPAL_ALL"": -4.0}",False,False,0.6846067366415348
2023-06-09,2023-06-12,2023-06-14,2023,2023-06,0,-0.0059508022726256,0.4449228476011086,0.4596647945738401,0.4449228476011086,0.4449228476011086,0.4449228476011086,STRUCTURAL_IRIS,63,-1,23,0.4239546764681717,0.2705522117502042,False,False,False,True,0.7335931058895828,0.7335931058895828,0,False,0,,False,3,3,0,0,0.5,False,0.4449228476011086,0.4449228476011086,0.4449228476011086,0.7335931058895828,2023-05-30,2023-06-06,True,1,True,0.0,0.4449228476011086,False,16,10,2,8,-6,0.3057263610362951,False,False,False,False,0.4449228476011086,"{""COT_FRESH"": 0.1523866726082005, ""FRESH_OR_CONSENSUS"": 0.1523866726082005, ""HELIOS_CONSENSUS"": 0.5418869663555043, ""KEEP"": 0.1523866726082005, ""OPAL_ALL"": 0.0009530158198941344}","{""COT_FRESH"": 0.0, ""FRESH_OR_CONSENSUS"": 0.0, ""HELIOS_CONSENSUS"": 1.0, ""KEEP"": 0.0, ""OPAL_ALL"": -4.0}",False,False,0.4449228476011086
2023-06-12,2023-06-13,2023-06-15,2023,2023-06,0,-0.0151331501930141,0.3869028439084594,0.3975190283852645,0.3869028439084594,0.3869028439084594,0.3869028439084594,STRUCTURAL_IRIS,63,-1,23,0.4239546764681717,0.2705522117502042,False,False,False,False,0.3869028439084594,0.6396521630973907,0,False,0,,False,3,3,0,0,0.5,False,0.3869028439084594,0.3869028439084594,0.3869028439084594,0.6396521630973907,2023-05-30,2023-06-06,False,0,False,,0.3869028439084594,False,16,10,2,8,-6,0.0009530158198941,False,False,False,False,0.3869028439084594,"{""COT_FRESH"": 0.1523866726082005, ""FRESH_OR_CONSENSUS"": 0.1523866726082005, ""HELIOS_CONSENSUS"": 0.5418869663555043, ""KEEP"": 0.1523866726082005, ""OPAL_ALL"": 0.0009530158198941344}","{""COT_FRESH"": 0.0, ""FRESH_OR_CONSENSUS"": 0.0, ""HELIOS_CONSENSUS"": 1.0, ""KEEP"": 0.0, ""OPAL_ALL"": -4.0}",False,False,0.3869028439084594
2023-06-13,2023-06-14,2023-06-16,2023,2023-06,1,5.0915200744054005e-05,0.2386134723960071,0.2386209333355075,0.2386134723960071,0.2386134723960071,0.2386134723960071,STRUCTURAL_IRIS,63,-1,23,0.4239546764681717,0.2705522117502042,False,False,False,False,0.2386134723960071,0.1715351929518485,0,False,0,,False,3,3,0,0,0.5,False,0.2386134723960071,0.2386134723960071,0.2386134723960071,0.1715351929518485,2023-06-06,2023-06-13,False,0,False,,0.2386134723960071,False,16,10,2,8,-6,0.0009530158198941,False,False,False,False,0.2386134723960071,"{""COT_FRESH"": 0.1523866726082005, ""FRESH_OR_CONSENSUS"": 0.1523866726082005, ""HELIOS_CONSENSUS"": 0.5418869663555043, ""KEEP"": 0.1523866726082005, ""OPAL_ALL"": 0.0009530158198941344}","{""COT_FRESH"": 0.0, ""FRESH_OR_CONSENSUS"": 0.0, ""HELIOS_CONSENSUS"": 1.0, ""KEEP"": 0.0, ""OPAL_ALL"": -4.0}",False,False,0.2386134723960071
2023-06-14,2023-06-15,2023-06-19,2023,2023-06,1,0.0012544001644851,0.4015908584318319,0.3525165172644712,0.4015908584318319,0.4015908584318319,0.4015908584318319,STRUCTURAL_IRIS,63,-1,23,0.4239546764681717,0.2705522117502042,False,False,False,False,0.4015908584318319,0.3550314187016652,0,False,0,,False,3,3,0,0,0.5,False,0.4015908584318319,0.4015908584318319,0.4015908584318319,0.3550314187016652,2023-06-06,2023-06-13,False,0,False,,0.4015908584318319,False,17,10,2,8,-6,0.0012203547155902,False,False,False,False,0.4015908584318319,"{""COT_FRESH"": 0.05487458400037379, ""FRESH_OR_CONSENSUS"": 0.05487458400037379, ""HELIOS_CONSENSUS"": 0.6938964715006483, ""KEEP"": 0.1951340057830139, ""OPAL_ALL"": 0.0012203547155902547}","{""COT_FRESH"": -1.0, ""FRESH_OR_CONSENSUS"": -1.0, ""HELIOS_CONSENSUS"": 1.0, ""KEEP"": 0.0, ""OPAL_ALL"": -4.0}",False,False,0.4015908584318319
2023-06-15,2023-06-16,2023-06-20,2023,2023-06,1,0.0098753534966784,0.8432927938813269,0.8307992604046714,0.8432927938813269,0.8432927938813269,0.8432927938813269,STRUCTURAL_IRIS,63,-1,23,0.4239546764681717,0.2705522117502042,False,False,False,False,0.8432927938813269,0.1125155457810815,0,False,1,,False,3,3,0,0,0.5,False,0.8432927938813269,0.8432927938813269,0.8432927938813269,0.1125155457810815,2023-06-06,2023-06-13,False,0,False,,0.8432927938813269,False,17,10,2,8,-6,0.0012203547155902,False,False,False,False,0.8432927938813269,"{""COT_FRESH"": 0.05487458400037379, ""FRESH_OR_CONSENSUS"": 0.05487458400037379, ""HELIOS_CONSENSUS"": 0.6938964715006483, ""KEEP"": 0.1951340057830139, ""OPAL_ALL"": 0.0012203547155902547}","{""COT_FRESH"": -1.0, ""FRESH_OR_CONSENSUS"": -1.0, ""HELIOS_CONSENSUS"": 1.0, ""KEEP"": 0.0, ""OPAL_ALL"": -4.0}",False,False,0.8432927938813269
2023-06-16,2023-06-19,2023-06-21,2023,2023-06,0,-0.0147976080303325,0.3319156726240458,0.3520917388723087,0.3319156726240458,0.3319156726240458,0.3319156726240458,STRUCTURAL_IRIS,63,-1,23,0.4239546764681717,0.2705522117502042,False,False,False,False,0.3319156726240458,0.348491602621036,0,False,0,,False,3,3,0,0,0.5,False,0.3319156726240458,0.3319156726240458,0.3319156726240458,0.348491602621036,2023-06-06,2023-06-13,False,0,False,,0.3319156726240458,False,17,10,2,8,-6,0.0012203547155902,False,False,False,False,0.3319156726240458,"{""COT_FRESH"": 0.05487458400037379, ""FRESH_OR_CONSENSUS"": 0.05487458400037379, ""HELIOS_CONSENSUS"": 0.6938964715006483, ""KEEP"": 0.1951340057830139, ""OPAL_ALL"": 0.0012203547155902547}","{""COT_FRESH"": -1.0, ""FRESH_OR_CONSENSUS"": -1.0, ""HELIOS_CONSENSUS"": 1.0, ""KEEP"": 0.0, ""OPAL_ALL"": -4.0}",False,False,0.3319156726240458
2023-06-20,2023-06-21,2023-06-23,2023,2023-06,0,-0.0178151980100969,0.2371214792870851,0.25679986914044,0.2371214792870851,0.2371214792870851,0.2371214792870851,STRUCTURAL_IRIS,63,-1,23,0.4239546764681717,0.2705522117502042,False,False,False,False,0.2371214792870851,0.2494952792550615,0,False,0,,False,3,3,0,0,0.5,False,0.2371214792870851,0.2371214792870851,0.2371214792870851,0.2494952792550615,2023-06-13,2023-06-20,False,0,False,,0.2371214792870851,False,17,10,2,8,-6,0.0012203547155902,False,False,False,False,0.2371214792870851,"{""COT_FRESH"": 0.05487458400037379, ""FRESH_OR_CONSENSUS"": 0.05487458400037379, ""HELIOS_CONSENSUS"": 0.6938964715006483, ""KEEP"": 0.1951340057830139, ""OPAL_ALL"": 0.0012203547155902547}","{""COT_FRESH"": -1.0, ""FRESH_OR_CONSENSUS"": -1.0, ""HELIOS_CONSENSUS"": 1.0, ""KEEP"": 0.0, ""OPAL_ALL"": -4.0}",False,False,0.2371214792870851
2023-06-21,2023-06-22,2023-06-26,2023,2023-06,0,-0.0024315806900316,0.4410569308247122,0.4648126503638435,0.4410569308247122,0.4410569308247122,0.4410569308247122,STRUCTURAL_IRIS,63,-1,23,0.4239546764681717,0.2705522117502042,False,False,False,False,0.4410569308247122,0.4438828622281788,0,False,0,,False,3,3,0,0,0.5,False,0.4410569308247122,0.4410569308247122,0.4410569308247122,0.4438828622281788,2023-06-13,2023-06-20,False,0,False,,0.4410569308247122,False,17,10,2,8,-6,0.0012203547155902,False,False,False,False,0.4410569308247122,"{""COT_FRESH"": 0.05487458400037379, ""FRESH_OR_CONSENSUS"": 0.05487458400037379, ""HELIOS_CONSENSUS"": 0.6938964715006483, ""KEEP"": 0.1951340057830139, ""OPAL_ALL"": 0.0012203547155902547}","{""COT_FRESH"": -1.0, ""FRESH_OR_CONSENSUS"": -1.0, ""HELIOS_CONSENSUS"": 1.0, ""KEEP"": 0.0, ""OPAL_ALL"": -4.0}",False,False,0.4410569308247122
2023-06-22,2023-06-23,2023-06-27,2023,2023-06,0,-0.0020768978622679,0.2807681086277317,0.3174698475945349,0.2807681086277317,0.2807681086277317,0.2807681086277317,STRUCTURAL_IRIS,63,-1,23,0.4239546764681717,0.2705522117502042,False,False,False,False,0.2807681086277317,0.1749347583131077,0,False,0,,False,3,3,0,0,0.5,False,0.2807681086277317,0.2807681086277317,0.2807681086277317,0.1749347583131077,2023-06-13,2023-06-20,False,0,False,,0.2807681086277317,False,17,10,2,8,-6,0.0012203547155902,False,False,False,False,0.2807681086277317,"{""COT_FRESH"": 0.05487458400037379, ""FRESH_OR_CONSENSUS"": 0.05487458400037379, ""HELIOS_CONSENSUS"": 0.6938964715006483, ""KEEP"": 0.1951340057830139, ""OPAL_ALL"": 0.0012203547155902547}","{""COT_FRESH"": -1.0, ""FRESH_OR_CONSENSUS"": -1.0, ""HELIOS_CONSENSUS"": 1.0, ""KEEP"": 0.0, ""OPAL_ALL"": -4.0}",False,False,0.2807681086277317
2023-06-23,2023-06-26,2023-06-28,2023,2023-06,0,-0.0049618821116903,0.4641694557768034,0.4941042597720053,0.4641694557768034,0.4641694557768034,0.4641694557768034,STRUCTURAL_IRIS,63,-1,23,0.4239546764681717,0.2705522117502042,False,False,False,False,0.4641694557768034,0.2499354978838755,0,False,0,,False,3,3,0,0,0.5,False,0.4641694557768034,0.4641694557768034,0.4641694557768034,0.2499354978838755,2023-06-13,2023-06-20,False,0,False,,0.4641694557768034,False,17,10,2,8,-6,0.0012203547155902,False,False,False,False,0.4641694557768034,"{""COT_FRESH"": 0.05487458400037379, ""FRESH_OR_CONSENSUS"": 0.05487458400037379, ""HELIOS_CONSENSUS"": 0.6938964715006483, ""KEEP"": 0.1951340057830139, ""OPAL_ALL"": 0.0012203547155902547}","{""COT_FRESH"": -1.0, ""FRESH_OR_CONSENSUS"": -1.0, ""HELIOS_CONSENSUS"": 1.0, ""KEEP"": 0.0, ""OPAL_ALL"": -4.0}",False,False,0.4641694557768034
2023-06-26,2023-06-27,2023-06-29,2023,2023-06,0,-0.0138217398840798,0.3324966434145426,0.3404480531246809,0.3324966434145426,0.3324966434145426,0.3324966434145426,STRUCTURAL_IRIS,63,-1,23,0.4239546764681717,0.2705522117502042,False,False,False,False,0.3324966434145426,0.2601321593419335,0,False,0,,False,3,3,0,0,0.5,False,0.3324966434145426,0.3324966434145426,0.3324966434145426,0.2601321593419335,2023-06-13,2023-06-20,False,0,False,,0.3324966434145426,False,17,10,2,8,-6,0.0012203547155902,False,False,False,False,0.3324966434145426,"{""COT_FRESH"": 0.05487458400037379, ""FRESH_OR_CONSENSUS"": 0.05487458400037379, ""HELIOS_CONSENSUS"": 0.6938964715006483, ""KEEP"": 0.1951340057830139, ""OPAL_ALL"": 0.0012203547155902547}","{""COT_FRESH"": -1.0, ""FRESH_OR_CONSENSUS"": -1.0, ""HELIOS_CONSENSUS"": 1.0, ""KEEP"": 0.0, ""OPAL_ALL"": -4.0}",False,False,0.3324966434145426
2023-06-27,2023-06-28,2023-06-30,2023,2023-06,0,-0.0106598004822588,0.3224626184247933,0.3307571997494919,0.3224626184247933,0.3224626184247933,0.3224626184247933,STRUCTURAL_IRIS,63,0,23,0.4239546764681717,0.2705522117502042,False,False,False,False,0.3224626184247933,0.2200423136147094,0,False,0,,False,3,3,0,0,0.5,False,0.3224626184247933,0.3224626184247933,0.3224626184247933,0.2200423136147094,2023-06-20,2023-06-27,False,0,False,,0.3224626184247933,False,17,10,2,8,-6,0.0012203547155902,False,False,False,False,0.3224626184247933,"{""COT_FRESH"": 0.05487458400037379, ""FRESH_OR_CONSENSUS"": 0.05487458400037379, ""HELIOS_CONSENSUS"": 0.6938964715006483, ""KEEP"": 0.1951340057830139, ""OPAL_ALL"": 0.0012203547155902547}","{""COT_FRESH"": -1.0, ""FRESH_OR_CONSENSUS"": -1.0, ""HELIOS_CONSENSUS"": 1.0, ""KEEP"": 0.0, ""OPAL_ALL"": -4.0}",False,False,0.3224626184247933
2023-06-28,2023-06-29,2023-07-03,2023,2023-06,1,0.0020399630465901,0.4819902540664885,0.4777634692097091,0.4819902540664885,0.4819902540664885,0.4819902540664885,STRUCTURAL_IRIS,63,0,23,0.4239546764681717,0.2705522117502042,False,False,False,False,0.4819902540664885,0.427772074687455,0,False,0,,False,3,3,0,0,0.5,False,0.4819902540664885,0.4819902540664885,0.4819902540664885,0.427772074687455,2023-06-20,2023-06-27,False,0,False,,0.4819902540664885,False,17,10,2,8,-6,0.0012203547155902,False,False,False,False,0.4819902540664885,"{""COT_FRESH"": 0.05487458400037379, ""FRESH_OR_CONSENSUS"": 0.05487458400037379, ""HELIOS_CONSENSUS"": 0.6938964715006483, ""KEEP"": 0.1951340057830139, ""OPAL_ALL"": 0.0012203547155902547}","{""COT_FRESH"": -1.0, ""FRESH_OR_CONSENSUS"": -1.0, ""HELIOS_CONSENSUS"": 1.0, ""KEEP"": 0.0, ""OPAL_ALL"": -4.0}",False,False,0.4819902540664885
2023-06-29,2023-06-30,2023-07-04,2023,2023-06,1,0.013407264319252,0.5331740381793284,0.5196191986672449,0.5331740381793284,0.5331740381793284,0.5331740381793284,STRUCTURAL_IRIS,63,0,23,0.4239546764681717,0.2705522117502042,False,False,False,False,0.5331740381793284,0.3088522053741515,0,False,1,,False,3,3,0,0,0.5,False,0.5331740381793284,0.5331740381793284,0.5331740381793284,0.3088522053741515,2023-06-20,2023-06-27,False,0,False,,0.5331740381793284,False,17,10,2,8,-6,0.0012203547155902,False,False,False,False,0.5331740381793284,"{""COT_FRESH"": 0.05487458400037379, ""FRESH_OR_CONSENSUS"": 0.05487458400037379, ""HELIOS_CONSENSUS"": 0.6938964715006483, ""KEEP"": 0.1951340057830139, ""OPAL_ALL"": 0.0012203547155902547}","{""COT_FRESH"": -1.0, ""FRESH_OR_CONSENSUS"": -1.0, ""HELIOS_CONSENSUS"": 1.0, ""KEEP"": 0.0, ""OPAL_ALL"": -4.0}",False,False,0.5331740381793284
2023-06-30,2023-07-03,2023-07-05,2023,2023-07,1,0.0129182218458355,0.7544580803683204,0.7610858123752925,0.7544580803683204,0.7544580803683204,0.7544580803683204,STRUCTURAL_IRIS,63,0,23,0.4239546764681717,0.2705522117502042,False,False,False,False,0.7544580803683204,0.1112386672210234,0,False,1,,False,3,3,0,0,0.5,False,0.7544580803683204,0.7544580803683204,0.7544580803683204,0.1112386672210234,2023-06-20,2023-06-27,False,0,False,,0.7544580803683204,False,17,10,2,8,-6,0.0012203547155902,False,False,False,False,0.7544580803683204,"{""COT_FRESH"": 0.05487458400037379, ""FRESH_OR_CONSENSUS"": 0.05487458400037379, ""HELIOS_CONSENSUS"": 0.6938964715006483, ""KEEP"": 0.1951340057830139, ""OPAL_ALL"": 0.0012203547155902547}","{""COT_FRESH"": -1.0, ""FRESH_OR_CONSENSUS"": -1.0, ""HELIOS_CONSENSUS"": 1.0, ""KEEP"": 0.0, ""OPAL_ALL"": -4.0}",False,False,0.7544580803683204
2023-07-03,2023-07-04,2023-07-06,2023,2023-07,1,0.0028177116923344,0.6495201018410465,0.6496501591521667,0.6495201018410465,0.6495201018410465,0.6495201018410465,STRUCTURAL_IRIS,63,0,23,0.4239546764681717,0.2705522117502042,False,False,False,False,0.6495201018410465,0.3111955065893307,0,False,1,,False,3,3,0,0,0.5,False,0.6495201018410465,0.6495201018410465,0.6495201018410465,0.3111955065893307,2023-06-20,2023-06-27,False,0,False,,0.6495201018410465,False,17,10,2,8,-6,0.0012203547155902,False,False,False,False,0.6495201018410465,"{""COT_FRESH"": 0.05487458400037379, ""FRESH_OR_CONSENSUS"": 0.05487458400037379, ""HELIOS_CONSENSUS"": 0.6938964715006483, ""KEEP"": 0.1951340057830139, ""OPAL_ALL"": 0.0012203547155902547}","{""COT_FRESH"": -1.0, ""FRESH_OR_CONSENSUS"": -1.0, ""HELIOS_CONSENSUS"": 1.0, ""KEEP"": 0.0, ""OPAL_ALL"": -4.0}",False,False,0.6495201018410465
2023-07-05,2023-07-06,2023-07-10,2023,2023-07,0,-0.0016868443150199,0.2949678350264694,0.3399747435211604,0.2949678350264694,0.2949678350264694,0.2949678350264694,STRUCTURAL_IRIS,63,0,23,0.4239546764681717,0.2705522117502042,False,False,False,False,0.2949678350264694,0.3141927812900676,0,False,0,,False,3,3,0,0,0.5,False,0.2949678350264694,0.2949678350264694,0.2949678350264694,0.3141927812900676,2023-06-27,2023-07-04,False,0,False,,0.2949678350264694,False,17,10,2,8,-6,0.0012203547155902,False,False,False,False,0.2949678350264694,"{""COT_FRESH"": 0.05487458400037379, ""FRESH_OR_CONSENSUS"": 0.05487458400037379, ""HELIOS_CONSENSUS"": 0.6938964715006483, ""KEEP"": 0.1951340057830139, ""OPAL_ALL"": 0.0012203547155902547}","{""COT_FRESH"": -1.0, ""FRESH_OR_CONSENSUS"": -1.0, ""HELIOS_CONSENSUS"": 1.0, ""KEEP"": 0.0, ""OPAL_ALL"": -4.0}",False,False,0.2949678350264694
2023-07-06,2023-07-07,2023-07-11,2023,2023-07,1,0.0088449096217433,0.3390333418695841,0.374489291434775,0.3390333418695841,0.3390333418695841,0.3390333418695841,STRUCTURAL_IRIS,63,0,23,0.4239546764681717,0.2705522117502042,False,False,False,False,0.3390333418695841,0.6218847644685805,0,False,0,,False,3,3,0,0,0.5,False,0.3390333418695841,0.3390333418695841,0.3390333418695841,0.6218847644685805,2023-06-27,2023-07-04,False,0,False,,0.3390333418695841,False,17,10,2,8,-6,0.0012203547155902,False,False,False,False,0.3390333418695841,"{""COT_FRESH"": 0.05487458400037379, ""FRESH_OR_CONSENSUS"": 0.05487458400037379, ""HELIOS_CONSENSUS"": 0.6938964715006483, ""KEEP"": 0.1951340057830139, ""OPAL_ALL"": 0.0012203547155902547}","{""COT_FRESH"": -1.0, ""FRESH_OR_CONSENSUS"": -1.0, ""HELIOS_CONSENSUS"": 1.0, ""KEEP"": 0.0, ""OPAL_ALL"": -4.0}",False,False,0.3390333418695841
2023-07-07,2023-07-10,2023-07-12,2023,2023-07,1,0.0104378576564521,0.5081032408950719,0.5971824957545284,0.5081032408950719,0.5081032408950719,0.5081032408950719,STRUCTURAL_IRIS,63,0,23,0.4239546764681717,0.2705522117502042,False,False,False,False,0.5081032408950719,0.3071321019748824,0,False,1,,False,3,3,0,0,0.5,False,0.5081032408950719,0.5081032408950719,0.5081032408950719,0.3071321019748824,2023-06-27,2023-07-04,False,0,False,,0.5081032408950719,False,17,10,2,8,-6,0.0012203547155902,False,False,False,False,0.5081032408950719,"{""COT_FRESH"": 0.05487458400037379, ""FRESH_OR_CONSENSUS"": 0.05487458400037379, ""HELIOS_CONSENSUS"": 0.6938964715006483, ""KEEP"": 0.1951340057830139, ""OPAL_ALL"": 0.0012203547155902547}","{""COT_FRESH"": -1.0, ""FRESH_OR_CONSENSUS"": -1.0, ""HELIOS_CONSENSUS"": 1.0, ""KEEP"": 0.0, ""OPAL_ALL"": -4.0}",False,False,0.5081032408950719
2023-07-10,2023-07-11,2023-07-13,2023,2023-07,1,0.0177884293538803,0.4299442087334268,0.4920780321711802,0.4299442087334268,0.4299442087334268,0.4299442087334268,STRUCTURAL_IRIS,63,0,23,0.4239546764681717,0.2705522117502042,False,False,False,False,0.4299442087334268,0.4524145876329511,0,False,0,,False,3,3,0,0,0.5,False,0.4299442087334268,0.4299442087334268,0.4299442087334268,0.4524145876329511,2023-07-03,2023-07-10,False,0,False,,0.4299442087334268,False,17,10,2,8,-6,0.0012203547155902,False,False,False,False,0.4299442087334268,"{""COT_FRESH"": 0.05487458400037379, ""FRESH_OR_CONSENSUS"": 0.05487458400037379, ""HELIOS_CONSENSUS"": 0.6938964715006483, ""KEEP"": 0.1951340057830139, ""OPAL_ALL"": 0.0012203547155902547}","{""COT_FRESH"": -1.0, ""FRESH_OR_CONSENSUS"": -1.0, ""HELIOS_CONSENSUS"": 1.0, ""KEEP"": 0.0, ""OPAL_ALL"": -4.0}",False,False,0.4299442087334268
2023-07-11,2023-07-12,2023-07-14,2023,2023-07,1,0.0104298733644959,0.3832102332501833,0.4199920508158547,0.3832102332501833,0.3832102332501833,0.3832102332501833,STRUCTURAL_IRIS,63,0,23,0.4239546764681717,0.2705522117502042,False,False,False,False,0.3832102332501833,0.471747068375534,0,False,0,,False,3,3,0,0,0.5,False,0.3832102332501833,0.3832102332501833,0.3832102332501833,0.471747068375534,2023-07-03,2023-07-10,False,0,False,,0.3832102332501833,False,17,10,2,8,-6,0.0012203547155902,False,False,False,False,0.3832102332501833,"{""COT_FRESH"": 0.05487458400037379, ""FRESH_OR_CONSENSUS"": 0.05487458400037379, ""HELIOS_CONSENSUS"": 0.6938964715006483, ""KEEP"": 0.1951340057830139, ""OPAL_ALL"": 0.0012203547155902547}","{""COT_FRESH"": -1.0, ""FRESH_OR_CONSENSUS"": -1.0, ""HELIOS_CONSENSUS"": 1.0, ""KEEP"": 0.0, ""OPAL_ALL"": -4.0}",False,False,0.3832102332501833
2023-07-12,2023-07-13,2023-07-17,2023,2023-07,1,0.0099209202731572,0.780266605606158,0.8038505381232471,0.780266605606158,0.780266605606158,0.780266605606158,STRUCTURAL_IRIS,63,0,23,0.4239546764681717,0.2705522117502042,False,False,False,False,0.780266605606158,0.1664455618488279,0,False,1,,False,3,3,0,0,0.5,False,0.780266605606158,0.780266605606158,0.780266605606158,0.1664455618488279,2023-07-03,2023-07-10,False,0,False,,0.780266605606158,False,17,10,2,8,-6,0.0012203547155902,False,False,False,False,0.780266605606158,"{""COT_FRESH"": 0.05487458400037379, ""FRESH_OR_CONSENSUS"": 0.05487458400037379, ""HELIOS_CONSENSUS"": 0.6938964715006483, ""KEEP"": 0.1951340057830139, ""OPAL_ALL"": 0.0012203547155902547}","{""COT_FRESH"": -1.0, ""FRESH_OR_CONSENSUS"": -1.0, ""HELIOS_CONSENSUS"": 1.0, ""KEEP"": 0.0, ""OPAL_ALL"": -4.0}",False,False,0.780266605606158
2023-07-13,2023-07-14,2023-07-18,2023,2023-07,1,0.0011985058363647,0.4244355954405256,0.4654116219283784,0.4244355954405256,0.4244355954405256,0.4244355954405256,STRUCTURAL_IRIS,63,0,23,0.4239546764681717,0.2705522117502042,True,False,False,False,0.4244355954405256,0.6362053418626766,1,False,0,,False,3,3,0,0,0.5,False,0.4244355954405256,0.4244355954405256,0.4244355954405256,0.6362053418626766,2023-07-03,2023-07-10,False,0,False,,0.4244355954405256,False,17,10,2,8,-6,0.0012203547155902,False,False,False,False,0.4244355954405256,"{""COT_FRESH"": 0.05487458400037379, ""FRESH_OR_CONSENSUS"": 0.05487458400037379, ""HELIOS_CONSENSUS"": 0.6938964715006483, ""KEEP"": 0.1951340057830139, ""OPAL_ALL"": 0.0012203547155902547}","{""COT_FRESH"": -1.0, ""FRESH_OR_CONSENSUS"": -1.0, ""HELIOS_CONSENSUS"": 1.0, ""KEEP"": 0.0, ""OPAL_ALL"": -4.0}",False,False,0.4244355954405256
2023-07-14,2023-07-17,2023-07-19,2023,2023-07,1,0.0110049018328597,0.4127114857722595,0.4406535638139267,0.4127114857722595,0.4127114857722595,0.4127114857722595,STRUCTURAL_IRIS,63,0,23,0.4239546764681717,0.2705522117502042,False,False,False,False,0.4127114857722595,0.6301331901874752,0,False,0,,False,3,3,0,0,0.5,False,0.4127114857722595,0.4127114857722595,0.4127114857722595,0.6301331901874752,2023-07-03,2023-07-10,False,0,False,,0.4127114857722595,False,17,10,2,8,-6,0.0012203547155902,False,False,False,False,0.4127114857722595,"{""COT_FRESH"": 0.05487458400037379, ""FRESH_OR_CONSENSUS"": 0.05487458400037379, ""HELIOS_CONSENSUS"": 0.6938964715006483, ""KEEP"": 0.1951340057830139, ""OPAL_ALL"": 0.0012203547155902547}","{""COT_FRESH"": -1.0, ""FRESH_OR_CONSENSUS"": -1.0, ""HELIOS_CONSENSUS"": 1.0, ""KEEP"": 0.0, ""OPAL_ALL"": -4.0}",False,False,0.4127114857722595
2023-07-17,2023-07-18,2023-07-20,2023,2023-07,1,0.0134383650904993,0.4356030500955986,0.4866691657624781,0.4356030500955986,0.4356030500955986,0.4356030500955986,STRUCTURAL_IRIS,63,0,23,0.4239546764681717,0.2705522117502042,False,False,False,False,0.4356030500955986,0.6304174742002109,0,False,0,,False,3,3,0,0,0.5,False,0.4356030500955986,0.4356030500955986,0.4356030500955986,0.6304174742002109,2023-07-03,2023-07-10,False,0,False,,0.4356030500955986,False,17,10,2,8,-6,0.0012203547155902,False,False,False,False,0.4356030500955986,"{""COT_FRESH"": 0.05487458400037379, ""FRESH_OR_CONSENSUS"": 0.05487458400037379, ""HELIOS_CONSENSUS"": 0.6938964715006483, ""KEEP"": 0.1951340057830139, ""OPAL_ALL"": 0.0012203547155902547}","{""COT_FRESH"": -1.0, ""FRESH_OR_CONSENSUS"": -1.0, ""HELIOS_CONSENSUS"": 1.0, ""KEEP"": 0.0, ""OPAL_ALL"": -4.0}",False,False,0.4356030500955986
2023-07-18,2023-07-19,2023-07-21,2023,2023-07,1,0.0009424951344053,0.6901007391069098,0.7065120276416941,0.6901007391069098,0.6901007391069098,0.6901007391069098,STRUCTURAL_IRIS,63,0,23,0.4239546764681717,0.2705522117502042,False,False,False,False,0.6901007391069098,0.2321197140450555,0,False,1,,False,3,3,0,0,0.5,False,0.6901007391069098,0.6901007391069098,0.6901007391069098,0.2321197140450555,2023-07-11,2023-07-18,False,0,False,,0.6901007391069098,False,17,10,2,8,-6,0.0012203547155902,False,False,False,False,0.6901007391069098,"{""COT_FRESH"": 0.05487458400037379, ""FRESH_OR_CONSENSUS"": 0.05487458400037379, ""HELIOS_CONSENSUS"": 0.6938964715006483, ""KEEP"": 0.1951340057830139, ""OPAL_ALL"": 0.0012203547155902547}","{""COT_FRESH"": -1.0, ""FRESH_OR_CONSENSUS"": -1.0, ""HELIOS_CONSENSUS"": 1.0, ""KEEP"": 0.0, ""OPAL_ALL"": -4.0}",False,False,0.6901007391069098
2023-07-19,2023-07-20,2023-07-24,2023,2023-07,0,-0.0067970537370426,0.4705779536203265,0.5062267138574643,0.4705779536203265,0.4705779536203265,0.4705779536203265,STRUCTURAL_IRIS,63,0,23,0.4239546764681717,0.2705522117502042,True,False,False,False,0.4705779536203265,0.680186389327674,1,False,0,,False,3,3,0,0,0.5,False,0.4705779536203265,0.4705779536203265,0.4705779536203265,0.680186389327674,2023-07-11,2023-07-18,False,0,False,,0.4705779536203265,False,17,10,2,8,-6,0.0012203547155902,False,False,False,False,0.4705779536203265,"{""COT_FRESH"": 0.05487458400037379, ""FRESH_OR_CONSENSUS"": 0.05487458400037379, ""HELIOS_CONSENSUS"": 0.6938964715006483, ""KEEP"": 0.1951340057830139, ""OPAL_ALL"": 0.0012203547155902547}","{""COT_FRESH"": -1.0, ""FRESH_OR_CONSENSUS"": -1.0, ""HELIOS_CONSENSUS"": 1.0, ""KEEP"": 0.0, ""OPAL_ALL"": -4.0}",False,False,0.4705779536203265
2023-07-20,2023-07-21,2023-07-25,2023,2023-07,0,-0.009329277216502,0.2885543962991038,0.3287419653719714,0.2885543962991038,0.2885543962991038,0.2885543962991038,STRUCTURAL_IRIS,63,0,23,0.4239546764681717,0.2705522117502042,False,False,False,False,0.2885543962991038,0.4082158715435087,0,False,0,,False,3,3,0,0,0.5,False,0.2885543962991038,0.2885543962991038,0.2885543962991038,0.4082158715435087,2023-07-11,2023-07-18,False,0,False,,0.2885543962991038,False,17,10,2,8,-6,0.0012203547155902,False,False,False,False,0.2885543962991038,"{""COT_FRESH"": 0.05487458400037379, ""FRESH_OR_CONSENSUS"": 0.05487458400037379, ""HELIOS_CONSENSUS"": 0.6938964715006483, ""KEEP"": 0.1951340057830139, ""OPAL_ALL"": 0.0012203547155902547}","{""COT_FRESH"": -1.0, ""FRESH_OR_CONSENSUS"": -1.0, ""HELIOS_CONSENSUS"": 1.0, ""KEEP"": 0.0, ""OPAL_ALL"": -4.0}",False,False,0.2885543962991038
2023-07-21,2023-07-24,2023-07-26,2023,2023-07,1,0.0041668844273909,0.4846888553568503,0.5329425442999616,0.4846888553568503,0.4846888553568503,0.4846888553568503,STRUCTURAL_IRIS,63,0,23,0.4239546764681717,0.2705522117502042,False,False,False,False,0.4846888553568503,0.4978210387103877,0,False,0,,False,3,3,0,0,0.5,False,0.4846888553568503,0.4846888553568503,0.4846888553568503,0.4978210387103877,2023-07-11,2023-07-18,False,0,False,,0.4846888553568503,False,17,10,2,8,-6,0.0012203547155902,False,False,False,False,0.4846888553568503,"{""COT_FRESH"": 0.05487458400037379, ""FRESH_OR_CONSENSUS"": 0.05487458400037379, ""HELIOS_CONSENSUS"": 0.6938964715006483, ""KEEP"": 0.1951340057830139, ""OPAL_ALL"": 0.0012203547155902547}","{""COT_FRESH"": -1.0, ""FRESH_OR_CONSENSUS"": -1.0, ""HELIOS_CONSENSUS"": 1.0, ""KEEP"": 0.0, ""OPAL_ALL"": -4.0}",False,False,0.4846888553568503
2023-07-24,2023-07-25,2023-07-27,2023,2023-07,1,0.0053046482846855,0.3603269416613635,0.4241762474800693,0.3603269416613635,0.3603269416613635,0.3603269416613635,STRUCTURAL_IRIS,63,-1,24,0.3834498574718631,0.1877329113795568,False,False,False,False,0.3603269416613635,0.6009810261819968,0,False,0,,False,3,3,0,0,0.5,False,0.3603269416613635,0.3603269416613635,0.3603269416613635,0.6009810261819968,2023-07-11,2023-07-18,False,0,False,,0.3603269416613635,False,17,10,2,8,-6,0.0012203547155902,False,False,False,False,0.3603269416613635,"{""COT_FRESH"": 0.05487458400037379, ""FRESH_OR_CONSENSUS"": 0.05487458400037379, ""HELIOS_CONSENSUS"": 0.6938964715006483, ""KEEP"": 0.1951340057830139, ""OPAL_ALL"": 0.0012203547155902547}","{""COT_FRESH"": -1.0, ""FRESH_OR_CONSENSUS"": -1.0, ""HELIOS_CONSENSUS"": 1.0, ""KEEP"": 0.0, ""OPAL_ALL"": -4.0}",False,False,0.3603269416613635
2023-07-25,2023-07-26,2023-07-28,2023,2023-07,0,-0.0066185637377001,0.4808141706850816,0.5160605507830656,0.4808141706850816,0.4808141706850816,0.4808141706850816,STRUCTURAL_IRIS,63,-1,24,0.3834498574718631,0.1877329113795568,False,False,False,False,0.4808141706850816,0.4497088744647472,0,False,0,,False,3,3,0,0,0.5,False,0.4808141706850816,0.4808141706850816,0.4808141706850816,0.4497088744647472,2023-07-18,2023-07-25,False,0,False,,0.4808141706850816,False,17,10,2,8,-6,0.0012203547155902,False,False,False,False,0.4808141706850816,"{""COT_FRESH"": 0.05487458400037379, ""FRESH_OR_CONSENSUS"": 0.05487458400037379, ""HELIOS_CONSENSUS"": 0.6938964715006483, ""KEEP"": 0.1951340057830139, ""OPAL_ALL"": 0.0012203547155902547}","{""COT_FRESH"": -1.0, ""FRESH_OR_CONSENSUS"": -1.0, ""HELIOS_CONSENSUS"": 1.0, ""KEEP"": 0.0, ""OPAL_ALL"": -4.0}",False,False,0.4808141706850816
2023-07-26,2023-07-27,2023-07-31,2023,2023-07,0,-0.0083767723856832,0.4385510774524216,0.4913368645576909,0.4385510774524216,0.4385510774524216,0.4385510774524216,STRUCTURAL_IRIS,63,0,25,0.4507471086972514,0.3167158227985325,True,False,False,False,0.4385510774524216,0.6743016313376715,1,False,0,,False,3,3,0,0,0.5,False,0.4385510774524216,0.4385510774524216,0.4385510774524216,0.6743016313376715,2023-07-18,2023-07-25,False,0,False,,0.4385510774524216,False,17,10,2,8,-6,0.0012203547155902,False,False,False,False,0.4385510774524216,"{""COT_FRESH"": 0.05487458400037379, ""FRESH_OR_CONSENSUS"": 0.05487458400037379, ""HELIOS_CONSENSUS"": 0.6938964715006483, ""KEEP"": 0.1951340057830139, ""OPAL_ALL"": 0.0012203547155902547}","{""COT_FRESH"": -1.0, ""FRESH_OR_CONSENSUS"": -1.0, ""HELIOS_CONSENSUS"": 1.0, ""KEEP"": 0.0, ""OPAL_ALL"": -4.0}",False,False,0.4385510774524216
2023-07-27,2023-07-28,2023-08-01,2023,2023-07,0,-0.0093847253460222,0.1162326815857521,0.1367709795252406,0.1162326815857521,0.1162326815857521,0.1162326815857521,STRUCTURAL_IRIS,63,0,25,0.4507471086972514,0.3167158227985325,False,False,False,False,0.1162326815857521,0.374112223613899,0,False,0,,False,3,3,0,0,0.5,False,0.1162326815857521,0.1162326815857521,0.1162326815857521,0.374112223613899,2023-07-18,2023-07-25,False,0,False,,0.1162326815857521,False,17,10,2,8,-6,0.0012203547155902,False,False,False,False,0.1162326815857521,"{""COT_FRESH"": 0.05487458400037379, ""FRESH_OR_CONSENSUS"": 0.05487458400037379, ""HELIOS_CONSENSUS"": 0.6938964715006483, ""KEEP"": 0.1951340057830139, ""OPAL_ALL"": 0.0012203547155902547}","{""COT_FRESH"": -1.0, ""FRESH_OR_CONSENSUS"": -1.0, ""HELIOS_CONSENSUS"": 1.0, ""KEEP"": 0.0, ""OPAL_ALL"": -4.0}",False,False,0.1162326815857521
2023-07-28,2023-07-31,2023-08-02,2023,2023-07,0,-0.0002307781078744,0.5769722045179337,0.6346415297241983,0.5769722045179337,0.5769722045179337,0.5769722045179337,STRUCTURAL_IRIS,63,0,26,0.4040493641340118,0.2178010979059172,False,False,False,False,0.5769722045179337,0.1913287142194953,0,False,1,,False,3,3,0,0,0.5,False,0.5769722045179337,0.5769722045179337,0.5769722045179337,0.1913287142194953,2023-07-18,2023-07-25,False,0,False,,0.5769722045179337,False,17,10,2,8,-6,0.0012203547155902,False,False,False,False,0.5769722045179337,"{""COT_FRESH"": 0.05487458400037379, ""FRESH_OR_CONSENSUS"": 0.05487458400037379, ""HELIOS_CONSENSUS"": 0.6938964715006483, ""KEEP"": 0.1951340057830139, ""OPAL_ALL"": 0.0012203547155902547}","{""COT_FRESH"": -1.0, ""FRESH_OR_CONSENSUS"": -1.0, ""HELIOS_CONSENSUS"": 1.0, ""KEEP"": 0.0, ""OPAL_ALL"": -4.0}",False,False,0.5769722045179337
2023-07-31,2023-08-01,2023-08-03,2023,2023-08,0,-0.0095827269287039,0.6420132450479987,0.6593549209771231,0.6420132450479987,0.6420132450479987,0.6420132450479987,STRUCTURAL_IRIS,63,-1,26,0.4040493641340118,0.2178010979059172,False,False,False,False,0.6420132450479987,0.2641075401711858,0,False,1,,False,3,3,0,0,0.5,False,0.6420132450479987,0.6420132450479987,0.6420132450479987,0.2641075401711858,2023-07-18,2023-07-25,False,0,False,,0.6420132450479987,False,17,10,2,8,-6,0.0012203547155902,False,False,False,False,0.6420132450479987,"{""COT_FRESH"": 0.05487458400037379, ""FRESH_OR_CONSENSUS"": 0.05487458400037379, ""HELIOS_CONSENSUS"": 0.6938964715006483, ""KEEP"": 0.1951340057830139, ""OPAL_ALL"": 0.0012203547155902547}","{""COT_FRESH"": -1.0, ""FRESH_OR_CONSENSUS"": -1.0, ""HELIOS_CONSENSUS"": 1.0, ""KEEP"": 0.0, ""OPAL_ALL"": -4.0}",False,False,0.6420132450479987
2023-08-01,2023-08-02,2023-08-04,2023,2023-08,0,-0.0116945366717078,0.378630959689311,0.3635964957247118,0.378630959689311,0.378630959689311,0.378630959689311,STRUCTURAL_IRIS,63,-2,26,0.4040493641340118,0.2178010979059172,False,False,False,False,0.378630959689311,0.4090215859839194,0,False,0,,False,3,3,0,0,0.5,False,0.378630959689311,0.378630959689311,0.378630959689311,0.4090215859839194,2023-07-25,2023-08-01,False,0,False,,0.378630959689311,False,17,10,2,8,-6,0.0012203547155902,False,False,False,False,0.378630959689311,"{""COT_FRESH"": 0.05487458400037379, ""FRESH_OR_CONSENSUS"": 0.05487458400037379, ""HELIOS_CONSENSUS"": 0.6938964715006483, ""KEEP"": 0.1951340057830139, ""OPAL_ALL"": 0.0012203547155902547}","{""COT_FRESH"": -1.0, ""FRESH_OR_CONSENSUS"": -1.0, ""HELIOS_CONSENSUS"": 1.0, ""KEEP"": 0.0, ""OPAL_ALL"": -4.0}",False,False,0.378630959689311
2023-08-02,2023-08-03,2023-08-07,2023,2023-08,0,-0.0065867577202193,0.2923052810577533,0.2971347686754497,0.2923052810577533,0.2923052810577533,0.2923052810577533,STRUCTURAL_IRIS,63,-2,26,0.4040493641340118,0.2178010979059172,False,False,False,False,0.2923052810577533,0.4331054243824607,0,False,0,,False,3,3,0,0,0.5,False,0.2923052810577533,0.2923052810577533,0.2923052810577533,0.4331054243824607,2023-07-25,2023-08-01,False,0,False,,0.2923052810577533,False,17,10,2,8,-6,0.0012203547155902,False,False,False,False,0.2923052810577533,"{""COT_FRESH"": 0.05487458400037379, ""FRESH_OR_CONSENSUS"": 0.05487458400037379, ""HELIOS_CONSENSUS"": 0.6938964715006483, ""KEEP"": 0.1951340057830139, ""OPAL_ALL"": 0.0012203547155902547}","{""COT_FRESH"": -1.0, ""FRESH_OR_CONSENSUS"": -1.0, ""HELIOS_CONSENSUS"": 1.0, ""KEEP"": 0.0, ""OPAL_ALL"": -4.0}",False,False,0.2923052810577533
2023-08-03,2023-08-04,2023-08-08,2023,2023-08,0,-0.0010847948993654,0.4338987213131693,0.4629775039751331,0.4338987213131693,0.4338987213131693,0.4338987213131693,STRUCTURAL_IRIS,63,-2,26,0.4040493641340118,0.2178010979059172,False,False,False,False,0.4338987213131693,0.6254886477358581,0,False,0,,False,3,3,0,0,0.5,False,0.4338987213131693,0.4338987213131693,0.4338987213131693,0.6254886477358581,2023-07-25,2023-08-01,False,0,False,,0.4338987213131693,False,17,10,2,8,-6,0.0012203547155902,False,False,False,False,0.4338987213131693,"{""COT_FRESH"": 0.05487458400037379, ""FRESH_OR_CONSENSUS"": 0.05487458400037379, ""HELIOS_CONSENSUS"": 0.6938964715006483, ""KEEP"": 0.1951340057830139, ""OPAL_ALL"": 0.0012203547155902547}","{""COT_FRESH"": -1.0, ""FRESH_OR_CONSENSUS"": -1.0, ""HELIOS_CONSENSUS"": 1.0, ""KEEP"": 0.0, ""OPAL_ALL"": -4.0}",False,False,0.4338987213131693
2023-08-04,2023-08-07,2023-08-09,2023,2023-08,0,-0.0028997534817723,0.6132443916538454,0.645299104908746,0.6132443916538454,0.6132443916538454,0.6132443916538454,STRUCTURAL_IRIS,63,-2,26,0.4040493641340118,0.2178010979059172,False,False,False,False,0.6132443916538454,0.2969420656154075,0,False,1,,False,3,3,0,0,0.5,False,0.6132443916538454,0.6132443916538454,0.6132443916538454,0.2969420656154075,2023-07-25,2023-08-01,False,0,False,,0.6132443916538454,False,17,10,2,8,-6,0.0012203547155902,False,False,False,False,0.6132443916538454,"{""COT_FRESH"": 0.05487458400037379, ""FRESH_OR_CONSENSUS"": 0.05487458400037379, ""HELIOS_CONSENSUS"": 0.6938964715006483, ""KEEP"": 0.1951340057830139, ""OPAL_ALL"": 0.0012203547155902547}","{""COT_FRESH"": -1.0, ""FRESH_OR_CONSENSUS"": -1.0, ""HELIOS_CONSENSUS"": 1.0, ""KEEP"": 0.0, ""OPAL_ALL"": -4.0}",False,False,0.6132443916538454
2023-08-07,2023-08-08,2023-08-10,2023,2023-08,0,-0.0087114888493227,0.4771290495361777,0.5238236612782703,0.4771290495361777,0.4771290495361777,0.4771290495361777,STRUCTURAL_IRIS,63,-2,26,0.4040493641340118,0.2178010979059172,False,False,False,False,0.4771290495361777,0.5524952483749848,0,False,0,,False,3,3,0,0,0.5,False,0.4771290495361777,0.4771290495361777,0.4771290495361777,0.5524952483749848,2023-07-25,2023-08-01,False,0,False,,0.4771290495361777,False,17,10,2,8,-6,0.0012203547155902,False,False,False,False,0.4771290495361777,"{""COT_FRESH"": 0.05487458400037379, ""FRESH_OR_CONSENSUS"": 0.05487458400037379, ""HELIOS_CONSENSUS"": 0.6938964715006483, ""KEEP"": 0.1951340057830139, ""OPAL_ALL"": 0.0012203547155902547}","{""COT_FRESH"": -1.0, ""FRESH_OR_CONSENSUS"": -1.0, ""HELIOS_CONSENSUS"": 1.0, ""KEEP"": 0.0, ""OPAL_ALL"": -4.0}",False,False,0.4771290495361777
2023-08-08,2023-08-09,2023-08-11,2023,2023-08,0,-0.0086949170235411,0.3108305899175966,0.3728512514530397,0.3108305899175966,0.3108305899175966,0.3108305899175966,STRUCTURAL_IRIS,63,-2,26,0.4040493641340118,0.2178010979059172,False,False,False,False,0.3108305899175966,0.38370145679201,0,False,0,,False,3,3,0,0,0.5,False,0.3108305899175966,0.3108305899175966,0.3108305899175966,0.38370145679201,2023-08-01,2023-08-08,False,0,False,,0.3108305899175966,False,17,10,2,8,-6,0.0012203547155902,False,False,False,False,0.3108305899175966,"{""COT_FRESH"": 0.05487458400037379, ""FRESH_OR_CONSENSUS"": 0.05487458400037379, ""HELIOS_CONSENSUS"": 0.6938964715006483, ""KEEP"": 0.1951340057830139, ""OPAL_ALL"": 0.0012203547155902547}","{""COT_FRESH"": -1.0, ""FRESH_OR_CONSENSUS"": -1.0, ""HELIOS_CONSENSUS"": 1.0, ""KEEP"": 0.0, ""OPAL_ALL"": -4.0}",False,False,0.3108305899175966
2023-08-09,2023-08-10,2023-08-14,2023,2023-08,0,-0.0077566176657103,0.2888194016880768,0.3474499265723533,0.2888194016880768,0.2888194016880768,0.2888194016880768,STRUCTURAL_IRIS,63,-2,26,0.4040493641340118,0.2178010979059172,False,False,False,False,0.2888194016880768,0.2256742499381713,0,False,0,,False,3,3,0,0,0.5,False,0.2888194016880768,0.2888194016880768,0.2888194016880768,0.2256742499381713,2023-08-01,2023-08-08,False,0,False,,0.2888194016880768,False,17,10,2,8,-6,0.0012203547155902,False,False,False,False,0.2888194016880768,"{""COT_FRESH"": 0.05487458400037379, ""FRESH_OR_CONSENSUS"": 0.05487458400037379, ""HELIOS_CONSENSUS"": 0.6938964715006483, ""KEEP"": 0.1951340057830139, ""OPAL_ALL"": 0.0012203547155902547}","{""COT_FRESH"": -1.0, ""FRESH_OR_CONSENSUS"": -1.0, ""HELIOS_CONSENSUS"": 1.0, ""KEEP"": 0.0, ""OPAL_ALL"": -4.0}",False,False,0.2888194016880768
2023-08-10,2023-08-11,2023-08-15,2023,2023-08,0,-0.0083678120183366,0.3847578690956622,0.4063446594219971,0.3847578690956622,0.3847578690956622,0.3847578690956622,STRUCTURAL_IRIS,63,-3,27,0.3704387358029304,0.1534873442811599,False,False,False,False,0.3847578690956622,0.6252426789787934,0,False,0,,False,3,3,0,0,0.5,False,0.3847578690956622,0.3847578690956622,0.3847578690956622,0.6252426789787934,2023-08-01,2023-08-08,False,0,False,,0.3847578690956622,False,17,10,2,8,-6,0.0012203547155902,False,False,False,False,0.3847578690956622,"{""COT_FRESH"": 0.05487458400037379, ""FRESH_OR_CONSENSUS"": 0.05487458400037379, ""HELIOS_CONSENSUS"": 0.6938964715006483, ""KEEP"": 0.1951340057830139, ""OPAL_ALL"": 0.0012203547155902547}","{""COT_FRESH"": -1.0, ""FRESH_OR_CONSENSUS"": -1.0, ""HELIOS_CONSENSUS"": 1.0, ""KEEP"": 0.0, ""OPAL_ALL"": -4.0}",False,False,0.3847578690956622
2023-08-11,2023-08-14,2023-08-16,2023,2023-08,0,-0.0058826005946163,0.3892511625688853,0.4180537769213339,0.3892511625688853,0.3892511625688853,0.3892511625688853,STRUCTURAL_IRIS,63,-3,27,0.3704387358029304,0.1534873442811599,False,False,False,False,0.3892511625688853,0.5785947161146556,0,False,0,,False,3,3,0,0,0.5,False,0.3892511625688853,0.3892511625688853,0.3892511625688853,0.5785947161146556,2023-08-01,2023-08-08,False,0,False,,0.3892511625688853,False,17,10,2,8,-6,0.0012203547155902,False,False,False,False,0.3892511625688853,"{""COT_FRESH"": 0.05487458400037379, ""FRESH_OR_CONSENSUS"": 0.05487458400037379, ""HELIOS_CONSENSUS"": 0.6938964715006483, ""KEEP"": 0.1951340057830139, ""OPAL_ALL"": 0.0012203547155902547}","{""COT_FRESH"": -1.0, ""FRESH_OR_CONSENSUS"": -1.0, ""HELIOS_CONSENSUS"": 1.0, ""KEEP"": 0.0, ""OPAL_ALL"": -4.0}",False,False,0.3892511625688853
2023-08-14,2023-08-15,2023-08-17,2023,2023-08,0,-0.0102694306234242,0.3894523123432499,0.4074275108048746,0.3894523123432499,0.3894523123432499,0.3894523123432499,STRUCTURAL_IRIS,63,-3,27,0.3704387358029304,0.1534873442811599,False,False,False,False,0.3894523123432499,0.5739571647653718,0,False,0,,False,3,3,0,0,0.5,False,0.3894523123432499,0.3894523123432499,0.3894523123432499,0.5739571647653718,2023-08-01,2023-08-08,False,0,False,,0.3894523123432499,False,17,10,2,8,-6,0.0012203547155902,False,False,False,False,0.3894523123432499,"{""COT_FRESH"": 0.05487458400037379, ""FRESH_OR_CONSENSUS"": 0.05487458400037379, ""HELIOS_CONSENSUS"": 0.6938964715006483, ""KEEP"": 0.1951340057830139, ""OPAL_ALL"": 0.0012203547155902547}","{""COT_FRESH"": -1.0, ""FRESH_OR_CONSENSUS"": -1.0, ""HELIOS_CONSENSUS"": 1.0, ""KEEP"": 0.0, ""OPAL_ALL"": -4.0}",False,False,0.3894523123432499
2023-08-15,2023-08-16,2023-08-18,2023,2023-08,0,-0.006507129405903,0.4890181027436479,0.5191957803592488,0.4890181027436479,0.4890181027436479,0.4890181027436479,STRUCTURAL_IRIS,63,-3,27,0.3704387358029304,0.1534873442811599,True,False,False,True,0.7053150523046575,0.7053150523046575,1,True,0,0.0,False,3,3,0,0,0.5,False,0.4890181027436479,0.4890181027436479,0.4890181027436479,0.7053150523046575,2023-08-08,2023-08-15,True,1,True,0.0,0.4890181027436479,False,17,10,2,8,-6,0.8048659942169861,False,False,False,False,0.4890181027436479,"{""COT_FRESH"": 0.05487458400037379, ""FRESH_OR_CONSENSUS"": 0.05487458400037379, ""HELIOS_CONSENSUS"": 0.6938964715006483, ""KEEP"": 0.1951340057830139, ""OPAL_ALL"": 0.0012203547155902547}","{""COT_FRESH"": -1.0, ""FRESH_OR_CONSENSUS"": -1.0, ""HELIOS_CONSENSUS"": 1.0, ""KEEP"": 0.0, ""OPAL_ALL"": -4.0}",False,False,0.4890181027436479
2023-08-16,2023-08-17,2023-08-21,2023,2023-08,0,-0.00879670662376,0.3027699240359846,0.3116969436033924,0.3027699240359846,0.3027699240359846,0.3027699240359846,STRUCTURAL_IRIS,63,-3,27,0.3704387358029304,0.1534873442811599,False,False,False,False,0.3027699240359846,0.3238287228160947,0,False,0,,False,3,3,0,0,0.5,False,0.3027699240359846,0.3027699240359846,0.3027699240359846,0.3238287228160947,2023-08-08,2023-08-15,False,0,False,,0.3027699240359846,False,17,10,2,8,-6,0.0012203547155902,False,False,False,False,0.3027699240359846,"{""COT_FRESH"": 0.05487458400037379, ""FRESH_OR_CONSENSUS"": 0.05487458400037379, ""HELIOS_CONSENSUS"": 0.6938964715006483, ""KEEP"": 0.1951340057830139, ""OPAL_ALL"": 0.0012203547155902547}","{""COT_FRESH"": -1.0, ""FRESH_OR_CONSENSUS"": -1.0, ""HELIOS_CONSENSUS"": 1.0, ""KEEP"": 0.0, ""OPAL_ALL"": -4.0}",False,False,0.3027699240359846
2023-08-17,2023-08-18,2023-08-22,2023,2023-08,1,0.0041625013997339,0.466390938301693,0.466820140723064,0.466390938301693,0.466390938301693,0.466390938301693,STRUCTURAL_IRIS,63,-2,27,0.3704387358029304,0.1534873442811599,False,False,False,False,0.466390938301693,0.6354238838473764,0,False,0,,False,3,3,0,0,0.5,False,0.466390938301693,0.466390938301693,0.466390938301693,0.6354238838473764,2023-08-08,2023-08-15,False,0,False,,0.466390938301693,False,17,10,2,8,-6,0.0012203547155902,False,False,False,False,0.466390938301693,"{""COT_FRESH"": 0.05487458400037379, ""FRESH_OR_CONSENSUS"": 0.05487458400037379, ""HELIOS_CONSENSUS"": 0.6938964715006483, ""KEEP"": 0.1951340057830139, ""OPAL_ALL"": 0.0012203547155902547}","{""COT_FRESH"": -1.0, ""FRESH_OR_CONSENSUS"": -1.0, ""HELIOS_CONSENSUS"": 1.0, ""KEEP"": 0.0, ""OPAL_ALL"": -4.0}",False,False,0.466390938301693
2023-08-18,2023-08-21,2023-08-23,2023,2023-08,1,0.006743433609279,0.5061626910494117,0.4836605812045758,0.5061626910494117,0.5061626910494117,0.5061626910494117,STRUCTURAL_IRIS,63,-3,28,0.3406358666827384,0.1084566640239878,False,False,False,False,0.5061626910494117,0.6676352509545517,0,False,1,,False,4,4,0,0,0.5,False,0.5061626910494117,0.5061626910494117,0.5061626910494117,0.6676352509545517,2023-08-08,2023-08-15,False,0,False,,0.5061626910494117,False,17,10,2,8,-6,0.0028894293470551,False,False,False,False,0.5061626910494117,"{""COT_FRESH"": 0.036537221467744734, ""FRESH_OR_CONSENSUS"": 0.036537221467744734, ""HELIOS_CONSENSUS"": 0.46201806385872757, ""KEEP"": 0.46201806385872757, ""OPAL_ALL"": 0.0028894293470551912}","{""COT_FRESH"": -2.0, ""FRESH_OR_CONSENSUS"": -2.0, ""HELIOS_CONSENSUS"": 0.0, ""KEEP"": 0.0, ""OPAL_ALL"": -4.0}",False,False,0.5061626910494117
2023-08-21,2023-08-22,2023-08-24,2023,2023-08,1,0.0160599652038956,0.6143144234853521,0.5977412326530214,0.6143144234853521,0.6143144234853521,0.6143144234853521,STRUCTURAL_IRIS,63,-3,28,0.3406358666827384,0.1084566640239878,False,False,False,False,0.6143144234853521,0.3621277331739169,0,False,1,,False,4,4,0,0,0.5,False,0.6143144234853521,0.6143144234853521,0.6143144234853521,0.3621277331739169,2023-08-08,2023-08-15,False,0,False,,0.6143144234853521,False,17,10,2,8,-6,0.0028894293470551,False,False,False,False,0.6143144234853521,"{""COT_FRESH"": 0.036537221467744734, ""FRESH_OR_CONSENSUS"": 0.036537221467744734, ""HELIOS_CONSENSUS"": 0.46201806385872757, ""KEEP"": 0.46201806385872757, ""OPAL_ALL"": 0.0028894293470551912}","{""COT_FRESH"": -2.0, ""FRESH_OR_CONSENSUS"": -2.0, ""HELIOS_CONSENSUS"": 0.0, ""KEEP"": 0.0, ""OPAL_ALL"": -4.0}",False,False,0.6143144234853521
2023-08-22,2023-08-23,2023-08-25,2023,2023-08,1,0.008377670277964,0.4607814084597304,0.4540885144907101,0.4607814084597304,0.4607814084597304,0.4607814084597304,STRUCTURAL_IRIS,63,-3,28,0.3406358666827384,0.1084566640239878,False,False,False,True,0.8002582101967227,0.8002582101967227,0,False,0,,False,4,4,0,0,0.5,False,0.4607814084597304,0.4607814084597304,0.4607814084597304,0.8002582101967227,2023-08-15,2023-08-22,True,1,True,1.0,0.4607814084597304,False,17,10,2,8,-6,0.0759638722825446,False,False,False,False,0.4607814084597304,"{""COT_FRESH"": 0.036537221467744734, ""FRESH_OR_CONSENSUS"": 0.036537221467744734, ""HELIOS_CONSENSUS"": 0.46201806385872757, ""KEEP"": 0.46201806385872757, ""OPAL_ALL"": 0.0028894293470551912}","{""COT_FRESH"": -2.0, ""FRESH_OR_CONSENSUS"": -2.0, ""HELIOS_CONSENSUS"": 0.0, ""KEEP"": 0.0, ""OPAL_ALL"": -4.0}",False,False,0.4607814084597304
2023-08-23,2023-08-24,2023-08-29,2023,2023-08,1,0.0099006830084397,0.6989053464191236,0.6953222653229055,0.6989053464191236,0.6989053464191236,0.6989053464191236,STRUCTURAL_IRIS,63,-4,29,0.3127041604135426,0.0768788173614974,False,False,False,False,0.6989053464191236,0.3196948650558019,0,False,1,,False,4,4,0,0,0.5,False,0.6989053464191236,0.6989053464191236,0.6989053464191236,0.3196948650558019,2023-08-15,2023-08-22,False,0,False,,0.6989053464191236,False,17,10,2,8,-6,0.0028894293470551,False,False,False,False,0.6989053464191236,"{""COT_FRESH"": 0.036537221467744734, ""FRESH_OR_CONSENSUS"": 0.036537221467744734, ""HELIOS_CONSENSUS"": 0.46201806385872757, ""KEEP"": 0.46201806385872757, ""OPAL_ALL"": 0.0028894293470551912}","{""COT_FRESH"": -2.0, ""FRESH_OR_CONSENSUS"": -2.0, ""HELIOS_CONSENSUS"": 0.0, ""KEEP"": 0.0, ""OPAL_ALL"": -4.0}",False,False,0.6989053464191236
2023-08-24,2023-08-25,2023-08-30,2023,2023-08,1,0.0091473927891608,0.4511451425979726,0.4559896028639059,0.4511451425979726,0.4511451425979726,0.4511451425979726,STRUCTURAL_IRIS,63,-4,29,0.3127041604135426,0.0768788173614974,False,False,False,True,0.7504846824910015,0.7504846824910015,0,False,0,,False,4,4,0,0,0.5,False,0.4511451425979726,0.4511451425979726,0.4511451425979726,0.7504846824910015,2023-08-15,2023-08-22,True,2,False,1.0,0.4511451425979726,False,17,10,2,8,-6,0.0028894293470551,False,False,False,False,0.4511451425979726,"{""COT_FRESH"": 0.036537221467744734, ""FRESH_OR_CONSENSUS"": 0.036537221467744734, ""HELIOS_CONSENSUS"": 0.46201806385872757, ""KEEP"": 0.46201806385872757, ""OPAL_ALL"": 0.0028894293470551912}","{""COT_FRESH"": -2.0, ""FRESH_OR_CONSENSUS"": -2.0, ""HELIOS_CONSENSUS"": 0.0, ""KEEP"": 0.0, ""OPAL_ALL"": -4.0}",False,False,0.4511451425979726
2023-08-25,2023-08-29,2023-08-31,2023,2023-08,1,0.013645814466938,0.4954371348161225,0.4945343571992098,0.4954371348161225,0.4954371348161225,0.4954371348161225,STRUCTURAL_IRIS,63,-4,29,0.3127041604135426,0.0768788173614974,False,False,False,True,0.8313993255114104,0.8313993255114104,0,False,0,,False,4,4,0,0,0.5,False,0.4954371348161225,0.4954371348161225,0.4954371348161225,0.8313993255114104,2023-08-15,2023-08-22,True,3,False,1.0,0.4954371348161225,False,18,10,2,8,-6,0.0193871578783491,False,False,False,False,0.4954371348161225,"{""COT_FRESH"": 0.24515321053041272, ""FRESH_OR_CONSENSUS"": 0.24515321053041272, ""HELIOS_CONSENSUS"": 0.24515321053041272, ""KEEP"": 0.24515321053041272, ""OPAL_ALL"": 0.019387157878349128}","{""COT_FRESH"": 0.0, ""FRESH_OR_CONSENSUS"": 0.0, ""HELIOS_CONSENSUS"": 0.0, ""KEEP"": 0.0, ""OPAL_ALL"": -2.0}",False,False,0.4954371348161225
2023-08-29,2023-08-30,2023-09-01,2023,2023-08,1,0.01075557190943,0.7205469013459899,0.7248719927601327,0.7205469013459899,0.7205469013459899,0.7205469013459899,STRUCTURAL_IRIS,63,-4,29,0.3127041604135426,0.0768788173614974,False,False,False,False,0.7205469013459899,0.2788020561918485,0,False,1,,False,4,4,0,0,0.5,False,0.7205469013459899,0.7205469013459899,0.7205469013459899,0.2788020561918485,2023-08-22,2023-08-29,False,0,False,,0.7205469013459899,False,18,10,2,8,-6,0.0193871578783491,False,False,False,False,0.7205469013459899,"{""COT_FRESH"": 0.24515321053041272, ""FRESH_OR_CONSENSUS"": 0.24515321053041272, ""HELIOS_CONSENSUS"": 0.24515321053041272, ""KEEP"": 0.24515321053041272, ""OPAL_ALL"": 0.019387157878349128}","{""COT_FRESH"": 0.0, ""FRESH_OR_CONSENSUS"": 0.0, ""HELIOS_CONSENSUS"": 0.0, ""KEEP"": 0.0, ""OPAL_ALL"": -2.0}",False,False,0.7205469013459899
2023-08-30,2023-08-31,2023-09-04,2023,2023-08,1,0.0019070204727987,0.5852756972773482,0.6063972738220554,0.5852756972773482,0.5852756972773482,0.5852756972773482,STRUCTURAL_IRIS,63,-4,29,0.3127041604135426,0.0768788173614974,False,False,False,False,0.5852756972773482,0.3151656160413892,0,False,1,,False,4,4,0,0,0.5,False,0.5852756972773482,0.5852756972773482,0.5852756972773482,0.3151656160413892,2023-08-22,2023-08-29,False,0,False,,0.5852756972773482,False,19,10,3,7,-4,0.2,False,False,False,False,0.5852756972773482,"{""COT_FRESH"": 0.2, ""FRESH_OR_CONSENSUS"": 0.2, ""HELIOS_CONSENSUS"": 0.2, ""KEEP"": 0.2, ""OPAL_ALL"": 0.2}","{""COT_FRESH"": 0.0, ""FRESH_OR_CONSENSUS"": 0.0, ""HELIOS_CONSENSUS"": 0.0, ""KEEP"": 0.0, ""OPAL_ALL"": 0.0}",False,False,0.5852756972773482
2023-08-31,2023-09-01,2023-09-05,2023,2023-09,0,-0.0063983706417731,0.3603640544146376,0.4301896765582048,0.3603640544146376,0.3603640544146376,0.3603640544146376,STRUCTURAL_IRIS,63,-4,29,0.3127041604135426,0.0768788173614974,False,False,False,False,0.3603640544146376,0.6151497787716289,0,False,0,,False,4,4,0,0,0.5,False,0.3603640544146376,0.3603640544146376,0.3603640544146376,0.6151497787716289,2023-08-22,2023-08-29,False,0,False,,0.3603640544146376,False,20,10,4,6,-2,0.2807072905799987,False,False,False,False,0.3603640544146376,"{""COT_FRESH"": 0.0789390641300018, ""FRESH_OR_CONSENSUS"": 0.0789390641300018, ""HELIOS_CONSENSUS"": 0.28070729057999877, ""KEEP"": 0.28070729057999877, ""OPAL_ALL"": 0.28070729057999877}","{""COT_FRESH"": -1.0, ""FRESH_OR_CONSENSUS"": -1.0, ""HELIOS_CONSENSUS"": 0.0, ""KEEP"": 0.0, ""OPAL_ALL"": 0.0}",False,False,0.3603640544146376
2023-09-01,2023-09-04,2023-09-06,2023,2023-09,0,-0.0107815665285454,0.3795570722627493,0.4513242979393769,0.3795570722627493,0.3795570722627493,0.3795570722627493,STRUCTURAL_IRIS,63,-4,29,0.3127041604135426,0.0768788173614974,False,False,False,True,0.7810134762700004,0.7810134762700004,0,False,0,,False,4,4,0,0,0.5,False,0.3795570722627493,0.3795570722627493,0.3795570722627493,0.7810134762700004,2023-08-22,2023-08-29,True,1,True,0.0,0.3795570722627493,False,20,10,4,6,-2,0.4385854188400023,False,False,False,False,0.3795570722627493,"{""COT_FRESH"": 0.0789390641300018, ""FRESH_OR_CONSENSUS"": 0.0789390641300018, ""HELIOS_CONSENSUS"": 0.28070729057999877, ""KEEP"": 0.28070729057999877, ""OPAL_ALL"": 0.28070729057999877}","{""COT_FRESH"": -1.0, ""FRESH_OR_CONSENSUS"": -1.0, ""HELIOS_CONSENSUS"": 0.0, ""KEEP"": 0.0, ""OPAL_ALL"": 0.0}",False,False,0.3795570722627493
2023-09-05,2023-09-06,2023-09-08,2023,2023-09,0,-0.0032405695461503,0.3478548329753306,0.4094235941582488,0.3478548329753306,0.3478548329753306,0.3478548329753306,STRUCTURAL_IRIS,63,-4,29,0.3127041604135426,0.0768788173614974,False,False,False,False,0.3478548329753306,0.6493947755378158,0,False,0,,False,4,4,0,0,0.5,False,0.3478548329753306,0.3478548329753306,0.3478548329753306,0.6493947755378158,2023-08-29,2023-09-05,False,0,False,,0.3478548329753306,False,20,10,4,6,-2,0.2807072905799987,False,False,False,False,0.3478548329753306,"{""COT_FRESH"": 0.0789390641300018, ""FRESH_OR_CONSENSUS"": 0.0789390641300018, ""HELIOS_CONSENSUS"": 0.28070729057999877, ""KEEP"": 0.28070729057999877, ""OPAL_ALL"": 0.28070729057999877}","{""COT_FRESH"": -1.0, ""FRESH_OR_CONSENSUS"": -1.0, ""HELIOS_CONSENSUS"": 0.0, ""KEEP"": 0.0, ""OPAL_ALL"": 0.0}",False,False,0.3478548329753306
2023-09-06,2023-09-07,2023-09-11,2023,2023-09,1,0.0016363427502887,0.3329859771308459,0.3839069829139582,0.3329859771308459,0.3329859771308459,0.3329859771308459,STRUCTURAL_IRIS,63,-4,29,0.3127041604135426,0.0768788173614974,False,False,False,True,0.7177372418803356,0.7177372418803356,0,False,0,,False,4,4,0,0,0.5,False,0.3329859771308459,0.3329859771308459,0.3329859771308459,0.7177372418803356,2023-08-29,2023-09-05,True,1,True,1.0,0.3329859771308459,False,21,10,4,6,-2,0.0879569989638468,False,False,False,False,0.3329859771308459,"{""COT_FRESH"": 0.015830994108863725, ""FRESH_OR_CONSENSUS"": 0.015830994108863725, ""HELIOS_CONSENSUS"": 0.20018504290462152, ""KEEP"": 0.7118579581315316, ""OPAL_ALL"": 0.05629501074611936}","{""COT_FRESH"": -3.0, ""FRESH_OR_CONSENSUS"": -3.0, ""HELIOS_CONSENSUS"": -1.0, ""KEEP"": 0.0, ""OPAL_ALL"": -2.0}",False,False,0.3329859771308459
2023-09-07,2023-09-08,2023-09-12,2023,2023-09,0,-0.0004949527942137,0.4292070789861291,0.486922509705446,0.4292070789861291,0.4292070789861291,0.4292070789861291,STRUCTURAL_IRIS,63,-4,29,0.3127041604135426,0.0768788173614974,False,False,False,False,0.4292070789861291,0.648398630073467,0,False,0,,False,4,4,0,0,0.5,False,0.4292070789861291,0.4292070789861291,0.4292070789861291,0.648398630073467,2023-08-29,2023-09-05,False,0,False,,0.4292070789861291,False,21,10,4,6,-2,0.0562950107461193,False,False,False,False,0.4292070789861291,"{""COT_FRESH"": 0.015830994108863725, ""FRESH_OR_CONSENSUS"": 0.015830994108863725, ""HELIOS_CONSENSUS"": 0.20018504290462152, ""KEEP"": 0.7118579581315316, ""OPAL_ALL"": 0.05629501074611936}","{""COT_FRESH"": -3.0, ""FRESH_OR_CONSENSUS"": -3.0, ""HELIOS_CONSENSUS"": -1.0, ""KEEP"": 0.0, ""OPAL_ALL"": -2.0}",False,False,0.4292070789861291
2023-09-08,2023-09-11,2023-09-13,2023,2023-09,0,-0.0069833777820414,0.3773351404285835,0.4292965676275726,0.3773351404285835,0.3773351404285835,0.3773351404285835,STRUCTURAL_IRIS,63,-4,29,0.3127041604135426,0.0768788173614974,False,False,False,True,0.7565078341378932,0.7565078341378932,0,False,0,,False,4,4,0,0,0.5,False,0.3773351404285835,0.3773351404285835,0.3773351404285835,0.7565078341378932,2023-08-29,2023-09-05,True,2,False,0.0,0.3773351404285835,False,21,10,4,6,-2,0.0562950107461193,False,False,False,False,0.3773351404285835,"{""COT_FRESH"": 0.015830994108863725, ""FRESH_OR_CONSENSUS"": 0.015830994108863725, ""HELIOS_CONSENSUS"": 0.20018504290462152, ""KEEP"": 0.7118579581315316, ""OPAL_ALL"": 0.05629501074611936}","{""COT_FRESH"": -3.0, ""FRESH_OR_CONSENSUS"": -3.0, ""HELIOS_CONSENSUS"": -1.0, ""KEEP"": 0.0, ""OPAL_ALL"": -2.0}",False,False,0.3773351404285835
2023-09-11,2023-09-12,2023-09-14,2023,2023-09,0,-0.0105139174385263,0.4233790379810976,0.4303868316390776,0.4233790379810976,0.4233790379810976,0.4233790379810976,STRUCTURAL_IRIS,63,-4,29,0.3127041604135426,0.0768788173614974,False,False,False,False,0.4233790379810976,0.6199113701664782,0,False,0,,False,4,4,0,0,0.5,False,0.4233790379810976,0.4233790379810976,0.4233790379810976,0.6199113701664782,2023-08-29,2023-09-05,False,0,False,,0.4233790379810976,False,22,10,5,5,0,0.4099404869128674,False,False,False,False,0.4233790379810976,"{""COT_FRESH"": 0.03241883279159066, ""FRESH_OR_CONSENSUS"": 0.03241883279159066, ""HELIOS_CONSENSUS"": 0.11528136059108389, ""KEEP"": 0.4099404869128674, ""OPAL_ALL"": 0.4099404869128674}","{""COT_FRESH"": -2.0, ""FRESH_OR_CONSENSUS"": -2.0, ""HELIOS_CONSENSUS"": -1.0, ""KEEP"": 0.0, ""OPAL_ALL"": 0.0}",False,False,0.4233790379810976
2023-09-12,2023-09-13,2023-09-15,2023,2023-09,0,-0.0001042318116433,0.4042271120498465,0.4066223091714986,0.4042271120498465,0.4042271120498465,0.4042271120498465,STRUCTURAL_IRIS,63,-4,29,0.3127041604135426,0.0768788173614974,False,False,False,False,0.4042271120498465,0.5523283984029346,0,False,0,,False,4,4,0,0,0.5,False,0.4042271120498465,0.4042271120498465,0.4042271120498465,0.5523283984029346,2023-09-05,2023-09-12,False,0,False,,0.4042271120498465,False,22,10,5,5,0,0.4099404869128674,False,False,False,False,0.4042271120498465,"{""COT_FRESH"": 0.03241883279159066, ""FRESH_OR_CONSENSUS"": 0.03241883279159066, ""HELIOS_CONSENSUS"": 0.11528136059108389, ""KEEP"": 0.4099404869128674, ""OPAL_ALL"": 0.4099404869128674}","{""COT_FRESH"": -2.0, ""FRESH_OR_CONSENSUS"": -2.0, ""HELIOS_CONSENSUS"": -1.0, ""KEEP"": 0.0, ""OPAL_ALL"": 0.0}",False,False,0.4042271120498465
2023-09-13,2023-09-14,2023-09-18,2023,2023-09,1,0.0074247126974982,0.4128003601798106,0.4487200926695262,0.4128003601798106,0.4128003601798106,0.4128003601798106,STRUCTURAL_IRIS,63,-4,29,0.3127041604135426,0.0768788173614974,False,False,False,False,0.4128003601798106,0.5217784742884702,0,False,0,,False,4,4,0,0,0.5,False,0.4128003601798106,0.4128003601798106,0.4128003601798106,0.5217784742884702,2023-09-05,2023-09-12,False,0,False,,0.4128003601798106,False,23,10,5,5,0,0.3516613844267308,False,False,False,False,0.4128003601798106,"{""COT_FRESH"": 0.09889241038217941, ""FRESH_OR_CONSENSUS"": 0.09889241038217941, ""HELIOS_CONSENSUS"": 0.09889241038217941, ""KEEP"": 0.35166138442673084, ""OPAL_ALL"": 0.35166138442673084}","{""COT_FRESH"": -1.0, ""FRESH_OR_CONSENSUS"": -1.0, ""HELIOS_CONSENSUS"": -1.0, ""KEEP"": 0.0, ""OPAL_ALL"": 0.0}",False,False,0.4128003601798106
2023-09-14,2023-09-15,2023-09-19,2023,2023-09,1,0.0148644525788853,0.5065884462510669,0.555821895364205,0.5065884462510669,0.5065884462510669,0.5065884462510669,STRUCTURAL_IRIS,63,-4,29,0.3127041604135426,0.0768788173614974,False,False,False,False,0.5065884462510669,0.4923452563155671,0,False,1,,False,4,4,0,0,0.5,False,0.5065884462510669,0.5065884462510669,0.5065884462510669,0.4923452563155671,2023-09-05,2023-09-12,False,0,False,,0.5065884462510669,False,23,10,5,5,0,0.3516613844267308,False,False,False,False,0.5065884462510669,"{""COT_FRESH"": 0.09889241038217941, ""FRESH_OR_CONSENSUS"": 0.09889241038217941, ""HELIOS_CONSENSUS"": 0.09889241038217941, ""KEEP"": 0.35166138442673084, ""OPAL_ALL"": 0.35166138442673084}","{""COT_FRESH"": -1.0, ""FRESH_OR_CONSENSUS"": -1.0, ""HELIOS_CONSENSUS"": -1.0, ""KEEP"": 0.0, ""OPAL_ALL"": 0.0}",False,False,0.5065884462510669
2023-09-15,2023-09-18,2023-09-20,2023,2023-09,1,0.0059498467220728,0.5191290069146999,0.5485029796159151,0.5191290069146999,0.5191290069146999,0.5191290069146999,STRUCTURAL_IRIS,63,-4,29,0.3127041604135426,0.0768788173614974,False,False,False,False,0.5191290069146999,0.441979443044131,0,False,1,,False,4,4,0,0,0.5,False,0.5191290069146999,0.5191290069146999,0.5191290069146999,0.441979443044131,2023-09-05,2023-09-12,False,0,False,,0.5191290069146999,False,23,10,5,5,0,0.3516613844267308,False,False,False,False,0.5191290069146999,"{""COT_FRESH"": 0.09889241038217941, ""FRESH_OR_CONSENSUS"": 0.09889241038217941, ""HELIOS_CONSENSUS"": 0.09889241038217941, ""KEEP"": 0.35166138442673084, ""OPAL_ALL"": 0.35166138442673084}","{""COT_FRESH"": -1.0, ""FRESH_OR_CONSENSUS"": -1.0, ""HELIOS_CONSENSUS"": -1.0, ""KEEP"": 0.0, ""OPAL_ALL"": 0.0}",False,False,0.5191290069146999
2023-09-18,2023-09-19,2023-09-21,2023,2023-09,0,-0.0015585228361204,0.5921406553427636,0.623935073847266,0.5921406553427636,0.5921406553427636,0.5921406553427636,STRUCTURAL_IRIS,63,-4,29,0.3127041604135426,0.0768788173614974,False,False,False,False,0.5921406553427636,0.2563305330557121,0,False,1,,False,4,4,0,0,0.5,False,0.5921406553427636,0.5921406553427636,0.5921406553427636,0.2563305330557121,2023-09-05,2023-09-12,False,0,False,,0.5921406553427636,False,23,10,5,5,0,0.3516613844267308,False,False,False,False,0.5921406553427636,"{""COT_FRESH"": 0.09889241038217941, ""FRESH_OR_CONSENSUS"": 0.09889241038217941, ""HELIOS_CONSENSUS"": 0.09889241038217941, ""KEEP"": 0.35166138442673084, ""OPAL_ALL"": 0.35166138442673084}","{""COT_FRESH"": -1.0, ""FRESH_OR_CONSENSUS"": -1.0, ""HELIOS_CONSENSUS"": -1.0, ""KEEP"": 0.0, ""OPAL_ALL"": 0.0}",False,False,0.5921406553427636
2023-09-19,2023-09-20,2023-09-22,2023,2023-09,0,-0.0045581763371182,0.4262276901314171,0.4824288024944241,0.4262276901314171,0.4262276901314171,0.4262276901314171,STRUCTURAL_IRIS,63,-4,29,0.3127041604135426,0.0768788173614974,False,False,False,True,0.7102049150596543,0.7102049150596543,0,False,0,,False,4,4,0,0,0.5,False,0.4262276901314171,0.4262276901314171,0.4262276901314171,0.7102049150596543,2023-09-12,2023-09-19,True,1,True,0.0,0.4262276901314171,False,23,10,5,5,0,0.5494462051910897,False,False,False,False,0.4262276901314171,"{""COT_FRESH"": 0.09889241038217941, ""FRESH_OR_CONSENSUS"": 0.09889241038217941, ""HELIOS_CONSENSUS"": 0.09889241038217941, ""KEEP"": 0.35166138442673084, ""OPAL_ALL"": 0.35166138442673084}","{""COT_FRESH"": -1.0, ""FRESH_OR_CONSENSUS"": -1.0, ""HELIOS_CONSENSUS"": -1.0, ""KEEP"": 0.0, ""OPAL_ALL"": 0.0}",False,False,0.4262276901314171
2023-09-20,2023-09-21,2023-09-25,2023,2023-09,0,-0.0039452902421836,0.4764548844065744,0.4951864776135718,0.4764548844065744,0.4764548844065744,0.4764548844065744,STRUCTURAL_IRIS,63,-4,29,0.3127041604135426,0.0768788173614974,False,False,False,False,0.4764548844065744,0.616998835714797,0,False,0,,False,4,4,0,0,0.5,False,0.4764548844065744,0.4764548844065744,0.4764548844065744,0.616998835714797,2023-09-12,2023-09-19,False,0,False,,0.4764548844065744,False,23,10,5,5,0,0.3516613844267308,False,False,False,False,0.4764548844065744,"{""COT_FRESH"": 0.09889241038217941, ""FRESH_OR_CONSENSUS"": 0.09889241038217941, ""HELIOS_CONSENSUS"": 0.09889241038217941, ""KEEP"": 0.35166138442673084, ""OPAL_ALL"": 0.35166138442673084}","{""COT_FRESH"": -1.0, ""FRESH_OR_CONSENSUS"": -1.0, ""HELIOS_CONSENSUS"": -1.0, ""KEEP"": 0.0, ""OPAL_ALL"": 0.0}",False,False,0.4764548844065744
2023-09-21,2023-09-22,2023-09-26,2023,2023-09,0,-0.0057877472094529,0.4376625434385408,0.4704665822183131,0.4376625434385408,0.4376625434385408,0.4376625434385408,STRUCTURAL_IRIS,63,-4,29,0.3127041604135426,0.0768788173614974,False,False,False,True,0.7736760166808068,0.7736760166808068,0,False,0,,False,4,4,0,0,0.5,False,0.4376625434385408,0.4376625434385408,0.4376625434385408,0.7736760166808068,2023-09-12,2023-09-19,True,2,False,0.0,0.4376625434385408,False,23,10,5,5,0,0.3516613844267308,False,False,False,False,0.4376625434385408,"{""COT_FRESH"": 0.09889241038217941, ""FRESH_OR_CONSENSUS"": 0.09889241038217941, ""HELIOS_CONSENSUS"": 0.09889241038217941, ""KEEP"": 0.35166138442673084, ""OPAL_ALL"": 0.35166138442673084}","{""COT_FRESH"": -1.0, ""FRESH_OR_CONSENSUS"": -1.0, ""HELIOS_CONSENSUS"": -1.0, ""KEEP"": 0.0, ""OPAL_ALL"": 0.0}",False,False,0.4376625434385408
2023-09-22,2023-09-25,2023-09-27,2023,2023-09,0,-0.0160401162539645,0.4987657730708534,0.4796927143218468,0.4987657730708534,0.4987657730708534,0.4987657730708534,STRUCTURAL_IRIS,63,-4,29,0.3127041604135426,0.0768788173614974,False,False,False,True,0.7736315197897259,0.7736315197897259,0,False,0,,False,4,4,0,0,0.5,False,0.4987657730708534,0.4987657730708534,0.4987657730708534,0.7736315197897259,2023-09-12,2023-09-19,True,3,False,0.0,0.4987657730708534,False,24,10,4,6,-2,0.3516613844267308,False,False,False,False,0.4987657730708534,"{""COT_FRESH"": 0.09889241038217941, ""FRESH_OR_CONSENSUS"": 0.09889241038217941, ""HELIOS_CONSENSUS"": 0.09889241038217941, ""KEEP"": 0.35166138442673084, ""OPAL_ALL"": 0.35166138442673084}","{""COT_FRESH"": -1.0, ""FRESH_OR_CONSENSUS"": -1.0, ""HELIOS_CONSENSUS"": -1.0, ""KEEP"": 0.0, ""OPAL_ALL"": 0.0}",False,False,0.4987657730708534
2023-09-25,2023-09-26,2023-09-28,2023,2023-09,0,-0.0255238856763088,0.4305243955554853,0.4162816766987491,0.4305243955554853,0.4305243955554853,0.4305243955554853,STRUCTURAL_IRIS,63,-4,29,0.3127041604135426,0.0768788173614974,False,False,False,True,0.7175393612440186,0.7175393612440186,0,False,0,,False,4,4,0,0,0.5,False,0.4305243955554853,0.4305243955554853,0.4305243955554853,0.7175393612440186,2023-09-12,2023-09-19,True,4,False,0.0,0.4305243955554853,False,24,10,4,6,-2,0.3516613844267308,False,False,False,False,0.4305243955554853,"{""COT_FRESH"": 0.09889241038217941, ""FRESH_OR_CONSENSUS"": 0.09889241038217941, ""HELIOS_CONSENSUS"": 0.09889241038217941, ""KEEP"": 0.35166138442673084, ""OPAL_ALL"": 0.35166138442673084}","{""COT_FRESH"": -1.0, ""FRESH_OR_CONSENSUS"": -1.0, ""HELIOS_CONSENSUS"": -1.0, ""KEEP"": 0.0, ""OPAL_ALL"": 0.0}",False,False,0.4305243955554853
2023-09-26,2023-09-27,2023-09-29,2023,2023-09,0,-0.0215130260768673,0.3169990157357144,0.3254548512782069,0.3169990157357144,0.3169990157357144,0.3169990157357144,STRUCTURAL_IRIS,63,-4,29,0.3127041604135426,0.0768788173614974,False,False,False,False,0.3169990157357144,0.3722555017251797,0,False,0,,False,4,4,0,0,0.5,False,0.3169990157357144,0.3169990157357144,0.3169990157357144,0.3722555017251797,2023-09-19,2023-09-26,False,0,False,,0.3169990157357144,False,25,10,4,6,-2,0.2,False,False,False,False,0.3169990157357144,"{""COT_FRESH"": 0.2, ""FRESH_OR_CONSENSUS"": 0.2, ""HELIOS_CONSENSUS"": 0.2, ""KEEP"": 0.2, ""OPAL_ALL"": 0.2}","{""COT_FRESH"": 0.0, ""FRESH_OR_CONSENSUS"": 0.0, ""HELIOS_CONSENSUS"": 0.0, ""KEEP"": 0.0, ""OPAL_ALL"": 0.0}",False,False,0.3169990157357144
2023-09-27,2023-09-28,2023-10-02,2023,2023-09,0,-0.0341826487201457,0.2649645884837472,0.248095150649218,0.2649645884837472,0.2649645884837472,0.2649645884837472,STRUCTURAL_IRIS,63,-4,29,0.3127041604135426,0.0768788173614974,False,False,False,False,0.2649645884837472,0.3353140460237185,0,False,0,,False,4,4,0,0,0.5,False,0.2649645884837472,0.2649645884837472,0.2649645884837472,0.3353140460237185,2023-09-19,2023-09-26,False,0,False,,0.2649645884837472,False,26,10,4,6,-2,0.0299380872080499,False,False,False,False,0.2649645884837472,"{""COT_FRESH"": 0.10645982997061451, ""FRESH_OR_CONSENSUS"": 0.10645982997061451, ""HELIOS_CONSENSUS"": 0.37857112642536045, ""KEEP"": 0.37857112642536045, ""OPAL_ALL"": 0.029938087208049968}","{""COT_FRESH"": -1.0, ""FRESH_OR_CONSENSUS"": -1.0, ""HELIOS_CONSENSUS"": 0.0, ""KEEP"": 0.0, ""OPAL_ALL"": -2.0}",False,False,0.2649645884837472
2023-09-28,2023-09-29,2023-10-03,2023,2023-09,0,-0.0247419708331747,0.421185734701658,0.4217740890167225,0.421185734701658,0.421185734701658,0.421185734701658,STRUCTURAL_IRIS,63,-4,29,0.3127041604135426,0.0768788173614974,False,False,False,True,0.7233773236178695,0.7233773236178695,0,False,0,,False,4,4,0,0,0.5,False,0.421185734701658,0.421185734701658,0.421185734701658,0.7233773236178695,2023-09-19,2023-09-26,True,1,True,0.0,0.421185734701658,False,27,10,4,6,-2,0.2213910873119581,False,False,False,False,0.421185734701658,"{""COT_FRESH"": 0.10947820194459121, ""FRESH_OR_CONSENSUS"": 0.10947820194459121, ""HELIOS_CONSENSUS"": 0.3893044563440209, ""KEEP"": 0.3893044563440209, ""OPAL_ALL"": 0.002434683422775725}","{""COT_FRESH"": -1.0, ""FRESH_OR_CONSENSUS"": -1.0, ""HELIOS_CONSENSUS"": 0.0, ""KEEP"": 0.0, ""OPAL_ALL"": -4.0}",False,False,0.421185734701658
2023-09-29,2023-10-02,2023-10-04,2023,2023-10,0,-0.0261730571277187,0.2019436837437659,0.171519496891553,0.2019436837437659,0.2019436837437659,0.2019436837437659,STRUCTURAL_IRIS,63,-4,29,0.3127041604135426,0.0768788173614974,False,False,False,False,0.2019436837437659,0.3327394367984299,0,False,0,,False,4,4,0,0,0.5,False,0.2019436837437659,0.2019436837437659,0.2019436837437659,0.3327394367984299,2023-09-19,2023-09-26,False,0,False,,0.2019436837437659,False,27,10,4,6,-2,0.0024346834227757,False,False,False,False,0.2019436837437659,"{""COT_FRESH"": 0.10947820194459121, ""FRESH_OR_CONSENSUS"": 0.10947820194459121, ""HELIOS_CONSENSUS"": 0.3893044563440209, ""KEEP"": 0.3893044563440209, ""OPAL_ALL"": 0.002434683422775725}","{""COT_FRESH"": -1.0, ""FRESH_OR_CONSENSUS"": -1.0, ""HELIOS_CONSENSUS"": 0.0, ""KEEP"": 0.0, ""OPAL_ALL"": -4.0}",False,False,0.2019436837437659
2023-10-02,2023-10-03,2023-10-05,2023,2023-10,0,-0.004980035466114,0.3005141859494591,0.3324682817946657,0.3005141859494591,0.3005141859494591,0.3005141859494591,STRUCTURAL_IRIS,63,-4,29,0.3127041604135426,0.0768788173614974,False,False,False,False,0.3005141859494591,0.4557131652445244,0,False,0,,False,4,4,0,0,0.5,False,0.3005141859494591,0.3005141859494591,0.3005141859494591,0.4557131652445244,2023-09-19,2023-09-26,False,0,False,,0.3005141859494591,False,27,10,4,6,-2,0.0024346834227757,False,False,False,False,0.3005141859494591,"{""COT_FRESH"": 0.10947820194459121, ""FRESH_OR_CONSENSUS"": 0.10947820194459121, ""HELIOS_CONSENSUS"": 0.3893044563440209, ""KEEP"": 0.3893044563440209, ""OPAL_ALL"": 0.002434683422775725}","{""COT_FRESH"": -1.0, ""FRESH_OR_CONSENSUS"": -1.0, ""HELIOS_CONSENSUS"": 0.0, ""KEEP"": 0.0, ""OPAL_ALL"": -4.0}",False,False,0.3005141859494591
2023-10-03,2023-10-04,2023-10-06,2023,2023-10,0,-0.0035066607628197,0.3270994368168065,0.443217236177035,0.3270994368168065,0.3270994368168065,0.3270994368168065,STRUCTURAL_IRIS,63,-4,29,0.3127041604135426,0.0768788173614974,False,False,False,False,0.3270994368168065,0.5053515296861985,0,False,0,,False,4,4,0,0,0.5,False,0.3270994368168065,0.3270994368168065,0.3270994368168065,0.5053515296861985,2023-09-26,2023-10-03,False,0,False,,0.3270994368168065,False,28,10,3,7,-4,0.0002291109298544,False,False,False,False,0.3270994368168065,"{""COT_FRESH"": 0.0366347037791802, ""FRESH_OR_CONSENSUS"": 0.0366347037791802, ""HELIOS_CONSENSUS"": 0.4632507407558925, ""KEEP"": 0.4632507407558925, ""OPAL_ALL"": 0.00022911092985447449}","{""COT_FRESH"": -2.0, ""FRESH_OR_CONSENSUS"": -2.0, ""HELIOS_CONSENSUS"": 0.0, ""KEEP"": 0.0, ""OPAL_ALL"": -6.0}",False,False,0.3270994368168065
2023-10-04,2023-10-05,2023-10-09,2023,2023-10,1,0.0158074872643349,0.502994424196227,0.5607794956927572,0.502994424196227,0.502994424196227,0.502994424196227,STRUCTURAL_IRIS,63,-4,29,0.3127041604135426,0.0768788173614974,False,False,False,False,0.502994424196227,0.6296374462933452,0,False,1,,False,4,4,0,0,0.5,False,0.502994424196227,0.502994424196227,0.502994424196227,0.6296374462933452,2023-09-26,2023-10-03,False,0,False,,0.502994424196227,False,28,10,3,7,-4,0.0002291109298544,False,False,False,False,0.502994424196227,"{""COT_FRESH"": 0.0366347037791802, ""FRESH_OR_CONSENSUS"": 0.0366347037791802, ""HELIOS_CONSENSUS"": 0.4632507407558925, ""KEEP"": 0.4632507407558925, ""OPAL_ALL"": 0.00022911092985447449}","{""COT_FRESH"": -2.0, ""FRESH_OR_CONSENSUS"": -2.0, ""HELIOS_CONSENSUS"": 0.0, ""KEEP"": 0.0, ""OPAL_ALL"": -6.0}",False,False,0.502994424196227
2023-10-05,2023-10-06,2023-10-10,2023,2023-10,1,0.0200688346894436,0.4845890749432406,0.5299702973318637,0.4845890749432406,0.4845890749432406,0.4845890749432406,STRUCTURAL_IRIS,63,-4,29,0.3127041604135426,0.0768788173614974,False,False,False,False,0.4845890749432406,0.5007522827555946,0,False,0,,False,4,4,0,0,0.5,False,0.4845890749432406,0.4845890749432406,0.4845890749432406,0.5007522827555946,2023-09-26,2023-10-03,False,0,False,,0.4845890749432406,False,28,10,3,7,-4,0.0002291109298544,False,False,False,False,0.4845890749432406,"{""COT_FRESH"": 0.0366347037791802, ""FRESH_OR_CONSENSUS"": 0.0366347037791802, ""HELIOS_CONSENSUS"": 0.4632507407558925, ""KEEP"": 0.4632507407558925, ""OPAL_ALL"": 0.00022911092985447449}","{""COT_FRESH"": -2.0, ""FRESH_OR_CONSENSUS"": -2.0, ""HELIOS_CONSENSUS"": 0.0, ""KEEP"": 0.0, ""OPAL_ALL"": -6.0}",False,False,0.4845890749432406
2023-10-09,2023-10-10,2023-10-12,2023,2023-10,1,0.0154551818094912,0.7772866978661305,0.7283634638914279,0.7772866978661305,0.7772866978661305,0.7772866978661305,STRUCTURAL_IRIS,63,-4,29,0.3127041604135426,0.0768788173614974,False,False,False,False,0.7772866978661305,0.2638550149675703,0,False,1,,False,4,4,0,0,0.5,False,0.7772866978661305,0.7772866978661305,0.7772866978661305,0.2638550149675703,2023-09-26,2023-10-03,False,0,False,,0.7772866978661305,False,28,10,3,7,-4,0.0002291109298544,False,False,False,False,0.7772866978661305,"{""COT_FRESH"": 0.0366347037791802, ""FRESH_OR_CONSENSUS"": 0.0366347037791802, ""HELIOS_CONSENSUS"": 0.4632507407558925, ""KEEP"": 0.4632507407558925, ""OPAL_ALL"": 0.00022911092985447449}","{""COT_FRESH"": -2.0, ""FRESH_OR_CONSENSUS"": -2.0, ""HELIOS_CONSENSUS"": 0.0, ""KEEP"": 0.0, ""OPAL_ALL"": -6.0}",False,False,0.7772866978661305
2023-10-10,2023-10-11,2023-10-13,2023,2023-10,1,0.0145730819925667,0.5997652449029888,0.530129418034517,0.5997652449029888,0.5997652449029888,0.5997652449029888,STRUCTURAL_IRIS,63,-3,30,0.3976367731716982,0.1884748948099012,False,False,True,False,0.5997652449029888,0.4523187740133317,1,False,1,,False,4,4,0,0,0.5,False,0.5997652449029888,0.5997652449029888,0.5997652449029888,0.4523187740133317,2023-10-03,2023-10-10,False,0,False,,0.5997652449029888,False,28,10,3,7,-4,0.0002291109298544,False,False,False,False,0.5997652449029888,"{""COT_FRESH"": 0.0366347037791802, ""FRESH_OR_CONSENSUS"": 0.0366347037791802, ""HELIOS_CONSENSUS"": 0.4632507407558925, ""KEEP"": 0.4632507407558925, ""OPAL_ALL"": 0.00022911092985447449}","{""COT_FRESH"": -2.0, ""FRESH_OR_CONSENSUS"": -2.0, ""HELIOS_CONSENSUS"": 0.0, ""KEEP"": 0.0, ""OPAL_ALL"": -6.0}",False,False,0.5997652449029888
2023-10-11,2023-10-12,2023-10-16,2023,2023-10,1,0.0235964074380556,0.5832684071679366,0.5320154509908843,0.5832684071679366,0.5832684071679366,0.5832684071679366,STRUCTURAL_IRIS,63,-3,30,0.3976367731716982,0.1884748948099012,False,False,False,False,0.5832684071679366,0.3219945177287309,0,False,1,,False,4,4,0,0,0.5,False,0.5832684071679366,0.5832684071679366,0.5832684071679366,0.3219945177287309,2023-10-03,2023-10-10,False,0,False,,0.5832684071679366,False,28,10,3,7,-4,0.0002291109298544,False,False,False,False,0.5832684071679366,"{""COT_FRESH"": 0.0366347037791802, ""FRESH_OR_CONSENSUS"": 0.0366347037791802, ""HELIOS_CONSENSUS"": 0.4632507407558925, ""KEEP"": 0.4632507407558925, ""OPAL_ALL"": 0.00022911092985447449}","{""COT_FRESH"": -2.0, ""FRESH_OR_CONSENSUS"": -2.0, ""HELIOS_CONSENSUS"": 0.0, ""KEEP"": 0.0, ""OPAL_ALL"": -6.0}",False,False,0.5832684071679366
2023-10-12,2023-10-13,2023-10-17,2023,2023-10,1,0.022237156635066,0.3516844156630598,0.3058166922675177,0.3516844156630598,0.3516844156630598,0.3516844156630598,STRUCTURAL_IRIS,63,-3,30,0.3976367731716982,0.1884748948099012,False,False,False,False,0.3516844156630598,0.2641202738366477,0,False,0,,False,4,4,0,0,0.5,False,0.3516844156630598,0.3516844156630598,0.3516844156630598,0.2641202738366477,2023-10-03,2023-10-10,False,0,False,,0.3516844156630598,False,28,10,3,7,-4,0.0002291109298544,False,False,False,False,0.3516844156630598,"{""COT_FRESH"": 0.0366347037791802, ""FRESH_OR_CONSENSUS"": 0.0366347037791802, ""HELIOS_CONSENSUS"": 0.4632507407558925, ""KEEP"": 0.4632507407558925, ""OPAL_ALL"": 0.00022911092985447449}","{""COT_FRESH"": -2.0, ""FRESH_OR_CONSENSUS"": -2.0, ""HELIOS_CONSENSUS"": 0.0, ""KEEP"": 0.0, ""OPAL_ALL"": -6.0}",False,False,0.3516844156630598
2023-10-16,2023-10-17,2023-10-19,2023,2023-10,1,0.0176019868231637,0.6722641812197475,0.6281924716334538,0.6722641812197475,0.6722641812197475,0.6722641812197475,STRUCTURAL_IRIS,63,-3,30,0.3976367731716982,0.1884748948099012,False,False,False,False,0.6722641812197475,0.244152828822064,0,False,1,,False,4,4,0,0,0.5,False,0.6722641812197475,0.6722641812197475,0.6722641812197475,0.244152828822064,2023-10-03,2023-10-10,False,0,False,,0.6722641812197475,False,28,10,3,7,-4,0.0002291109298544,False,False,False,False,0.6722641812197475,"{""COT_FRESH"": 0.0366347037791802, ""FRESH_OR_CONSENSUS"": 0.0366347037791802, ""HELIOS_CONSENSUS"": 0.4632507407558925, ""KEEP"": 0.4632507407558925, ""OPAL_ALL"": 0.00022911092985447449}","{""COT_FRESH"": -2.0, ""FRESH_OR_CONSENSUS"": -2.0, ""HELIOS_CONSENSUS"": 0.0, ""KEEP"": 0.0, ""OPAL_ALL"": -6.0}",False,False,0.6722641812197475
2023-10-17,2023-10-18,2023-10-20,2023,2023-10,1,0.0310953616425675,0.5705633619697306,0.5474967483371929,0.5705633619697306,0.5705633619697306,0.5705633619697306,STRUCTURAL_IRIS,63,-3,30,0.3976367731716982,0.1884748948099012,False,False,False,False,0.5705633619697306,0.631800531352901,0,False,1,,False,4,4,0,0,0.5,False,0.5705633619697306,0.5705633619697306,0.5705633619697306,0.631800531352901,2023-10-10,2023-10-17,False,0,False,,0.5705633619697306,False,28,10,3,7,-4,0.0002291109298544,False,False,False,False,0.5705633619697306,"{""COT_FRESH"": 0.0366347037791802, ""FRESH_OR_CONSENSUS"": 0.0366347037791802, ""HELIOS_CONSENSUS"": 0.4632507407558925, ""KEEP"": 0.4632507407558925, ""OPAL_ALL"": 0.00022911092985447449}","{""COT_FRESH"": -2.0, ""FRESH_OR_CONSENSUS"": -2.0, ""HELIOS_CONSENSUS"": 0.0, ""KEEP"": 0.0, ""OPAL_ALL"": -6.0}",False,False,0.5705633619697306
2023-10-18,2023-10-19,2023-10-23,2023,2023-10,1,0.0189059850525993,0.6870204133827037,0.6437182352815156,0.6870204133827037,0.6870204133827037,0.6870204133827037,STRUCTURAL_IRIS,63,-3,30,0.3976367731716982,0.1884748948099012,False,False,False,False,0.6870204133827037,0.6036369575077684,0,False,1,,False,4,4,0,0,0.5,False,0.6870204133827037,0.6870204133827037,0.6870204133827037,0.6036369575077684,2023-10-10,2023-10-17,False,0,False,,0.6870204133827037,False,28,10,3,7,-4,0.0002291109298544,False,False,False,False,0.6870204133827037,"{""COT_FRESH"": 0.0366347037791802, ""FRESH_OR_CONSENSUS"": 0.0366347037791802, ""HELIOS_CONSENSUS"": 0.4632507407558925, ""KEEP"": 0.4632507407558925, ""OPAL_ALL"": 0.00022911092985447449}","{""COT_FRESH"": -2.0, ""FRESH_OR_CONSENSUS"": -2.0, ""HELIOS_CONSENSUS"": 0.0, ""KEEP"": 0.0, ""OPAL_ALL"": -6.0}",False,False,0.6870204133827037
2023-10-19,2023-10-20,2023-10-24,2023,2023-10,1,0.0095760489688059,0.7961488164853817,0.7933122552310174,0.7961488164853817,0.7961488164853817,0.7961488164853817,STRUCTURAL_IRIS,63,-3,30,0.3976367731716982,0.1884748948099012,False,False,False,False,0.7961488164853817,0.3013674762663111,0,False,1,,False,4,4,0,0,0.5,False,0.7961488164853817,0.7961488164853817,0.7961488164853817,0.3013674762663111,2023-10-10,2023-10-17,False,0,False,,0.7961488164853817,False,28,10,3,7,-4,0.0002291109298544,False,False,False,False,0.7961488164853817,"{""COT_FRESH"": 0.0366347037791802, ""FRESH_OR_CONSENSUS"": 0.0366347037791802, ""HELIOS_CONSENSUS"": 0.4632507407558925, ""KEEP"": 0.4632507407558925, ""OPAL_ALL"": 0.00022911092985447449}","{""COT_FRESH"": -2.0, ""FRESH_OR_CONSENSUS"": -2.0, ""HELIOS_CONSENSUS"": 0.0, ""KEEP"": 0.0, ""OPAL_ALL"": -6.0}",False,False,0.7961488164853817
2023-10-23,2023-10-24,2023-10-26,2023,2023-10,1,0.0052864890008981,0.3076283305451877,0.3111142523686098,0.3076283305451877,0.3076283305451877,0.3076283305451877,STRUCTURAL_IRIS,63,-3,30,0.3976367731716982,0.1884748948099012,False,False,False,False,0.3076283305451877,0.5648437269381316,0,False,0,,False,4,4,0,0,0.5,False,0.3076283305451877,0.3076283305451877,0.3076283305451877,0.5648437269381316,2023-10-10,2023-10-17,False,0,False,,0.3076283305451877,False,28,10,3,7,-4,0.0002291109298544,False,False,False,False,0.3076283305451877,"{""COT_FRESH"": 0.0366347037791802, ""FRESH_OR_CONSENSUS"": 0.0366347037791802, ""HELIOS_CONSENSUS"": 0.4632507407558925, ""KEEP"": 0.4632507407558925, ""OPAL_ALL"": 0.00022911092985447449}","{""COT_FRESH"": -2.0, ""FRESH_OR_CONSENSUS"": -2.0, ""HELIOS_CONSENSUS"": 0.0, ""KEEP"": 0.0, ""OPAL_ALL"": -6.0}",False,False,0.3076283305451877
2023-10-24,2023-10-25,2023-10-27,2023,2023-10,1,0.0102150066495079,0.4921918035259832,0.4836272645384986,0.4921918035259832,0.4921918035259832,0.4921918035259832,STRUCTURAL_IRIS,63,-3,30,0.3976367731716982,0.1884748948099012,False,False,False,True,0.8429901648269691,0.8429901648269691,0,False,0,,False,4,4,0,0,0.5,False,0.4921918035259832,0.4921918035259832,0.4921918035259832,0.8429901648269691,2023-10-17,2023-10-24,True,1,True,1.0,0.4921918035259832,False,28,10,3,7,-4,0.0734985184882148,False,False,False,False,0.4921918035259832,"{""COT_FRESH"": 0.0366347037791802, ""FRESH_OR_CONSENSUS"": 0.0366347037791802, ""HELIOS_CONSENSUS"": 0.4632507407558925, ""KEEP"": 0.4632507407558925, ""OPAL_ALL"": 0.00022911092985447449}","{""COT_FRESH"": -2.0, ""FRESH_OR_CONSENSUS"": -2.0, ""HELIOS_CONSENSUS"": 0.0, ""KEEP"": 0.0, ""OPAL_ALL"": -6.0}",False,False,0.4921918035259832
2023-10-25,2023-10-26,2023-10-30,2023,2023-10,1,0.0131106433830191,0.5815052412621277,0.6196026610385513,0.5815052412621277,0.5815052412621277,0.5815052412621277,STRUCTURAL_IRIS,63,-3,30,0.3976367731716982,0.1884748948099012,False,False,False,False,0.5815052412621277,0.631781083145798,0,False,1,,False,4,4,0,0,0.5,False,0.5815052412621277,0.5815052412621277,0.5815052412621277,0.631781083145798,2023-10-17,2023-10-24,False,0,False,,0.5815052412621277,False,28,10,3,7,-4,0.0002291109298544,False,False,False,False,0.5815052412621277,"{""COT_FRESH"": 0.0366347037791802, ""FRESH_OR_CONSENSUS"": 0.0366347037791802, ""HELIOS_CONSENSUS"": 0.4632507407558925, ""KEEP"": 0.4632507407558925, ""OPAL_ALL"": 0.00022911092985447449}","{""COT_FRESH"": -2.0, ""FRESH_OR_CONSENSUS"": -2.0, ""HELIOS_CONSENSUS"": 0.0, ""KEEP"": 0.0, ""OPAL_ALL"": -6.0}",False,False,0.5815052412621277
2023-10-26,2023-10-27,2023-10-31,2023,2023-10,1,0.0030834433625328,0.2844546931893261,0.3370743355804227,0.2844546931893261,0.2844546931893261,0.2844546931893261,STRUCTURAL_IRIS,63,-2,30,0.3976367731716982,0.1884748948099012,False,False,False,True,0.7073985818255284,0.7073985818255284,0,False,0,,False,4,4,0,0,0.5,False,0.2844546931893261,0.2844546931893261,0.2844546931893261,0.7073985818255284,2023-10-17,2023-10-24,True,2,False,1.0,0.2844546931893261,False,28,10,3,7,-4,0.0002291109298544,False,False,False,False,0.2844546931893261,"{""COT_FRESH"": 0.0366347037791802, ""FRESH_OR_CONSENSUS"": 0.0366347037791802, ""HELIOS_CONSENSUS"": 0.4632507407558925, ""KEEP"": 0.4632507407558925, ""OPAL_ALL"": 0.00022911092985447449}","{""COT_FRESH"": -2.0, ""FRESH_OR_CONSENSUS"": -2.0, ""HELIOS_CONSENSUS"": 0.0, ""KEEP"": 0.0, ""OPAL_ALL"": -6.0}",False,False,0.2844546931893261
2023-10-30,2023-10-31,2023-11-02,2023,2023-10,0,-0.0047453545743502,0.4408700250039354,0.5314140425113494,0.4408700250039354,0.4408700250039354,0.4408700250039354,STRUCTURAL_IRIS,63,-3,30,0.3976367731716982,0.1884748948099012,False,False,False,False,0.4408700250039354,0.6542044158047335,0,False,0,,False,4,4,0,0,0.5,False,0.4408700250039354,0.4408700250039354,0.4408700250039354,0.6542044158047335,2023-10-17,2023-10-24,False,0,False,,0.4408700250039354,False,29,10,3,7,-4,0.0015610422251369,False,False,False,False,0.4408700250039354,"{""COT_FRESH"": 0.2496097394437158, ""FRESH_OR_CONSENSUS"": 0.2496097394437158, ""HELIOS_CONSENSUS"": 0.2496097394437158, ""KEEP"": 0.2496097394437158, ""OPAL_ALL"": 0.0015610422251369036}","{""COT_FRESH"": 0.0, ""FRESH_OR_CONSENSUS"": 0.0, ""HELIOS_CONSENSUS"": 0.0, ""KEEP"": 0.0, ""OPAL_ALL"": -4.0}",False,False,0.4408700250039354
2023-10-31,2023-11-01,2023-11-03,2023,2023-11,0,-0.0045658743178181,0.2328771687963921,0.3108567252034055,0.2328771687963921,0.2328771687963921,0.2328771687963921,STRUCTURAL_IRIS,63,-3,30,0.3976367731716982,0.1884748948099012,False,False,False,False,0.2328771687963921,0.5261006538562739,0,False,0,,False,4,4,0,0,0.5,False,0.2328771687963921,0.2328771687963921,0.2328771687963921,0.5261006538562739,2023-10-24,2023-10-31,False,0,False,,0.2328771687963921,False,30,10,3,7,-4,0.0024346834227757,False,False,False,False,0.2328771687963921,"{""COT_FRESH"": 0.10947820194459121, ""FRESH_OR_CONSENSUS"": 0.10947820194459121, ""HELIOS_CONSENSUS"": 0.3893044563440209, ""KEEP"": 0.3893044563440209, ""OPAL_ALL"": 0.002434683422775725}","{""COT_FRESH"": -1.0, ""FRESH_OR_CONSENSUS"": -1.0, ""HELIOS_CONSENSUS"": 0.0, ""KEEP"": 0.0, ""OPAL_ALL"": -4.0}",False,False,0.2328771687963921
2023-11-01,2023-11-02,2023-11-06,2023,2023-11,1,0.0023176149027675,0.2957585284061266,0.4593972143178112,0.2957585284061266,0.2957585284061266,0.2957585284061266,STRUCTURAL_IRIS,63,-3,30,0.3976367731716982,0.1884748948099012,False,False,False,False,0.2957585284061266,0.4958797998188961,0,False,0,,False,4,4,0,0,0.5,False,0.2957585284061266,0.2957585284061266,0.2957585284061266,0.4958797998188961,2023-10-24,2023-10-31,False,0,False,,0.2957585284061266,False,30,10,3,7,-4,0.0024346834227757,False,False,False,False,0.2957585284061266,"{""COT_FRESH"": 0.10947820194459121, ""FRESH_OR_CONSENSUS"": 0.10947820194459121, ""HELIOS_CONSENSUS"": 0.3893044563440209, ""KEEP"": 0.3893044563440209, ""OPAL_ALL"": 0.002434683422775725}","{""COT_FRESH"": -1.0, ""FRESH_OR_CONSENSUS"": -1.0, ""HELIOS_CONSENSUS"": 0.0, ""KEEP"": 0.0, ""OPAL_ALL"": -4.0}",False,False,0.2957585284061266
2023-11-02,2023-11-03,2023-11-07,2023,2023-11,0,-0.0095588033423527,0.3871746838798775,0.4829572744904131,0.3871746838798775,0.3871746838798775,0.3871746838798775,STRUCTURAL_IRIS,63,-3,31,0.3545781940936903,0.1170127893887477,False,False,False,True,0.7491991133310983,0.7491991133310983,0,False,0,,False,4,4,0,0,0.5,False,0.3871746838798775,0.3871746838798775,0.3871746838798775,0.7491991133310983,2023-10-24,2023-10-31,True,1,True,0.0,0.3871746838798775,False,30,10,3,7,-4,0.2213910873119581,False,False,False,False,0.3871746838798775,"{""COT_FRESH"": 0.10947820194459121, ""FRESH_OR_CONSENSUS"": 0.10947820194459121, ""HELIOS_CONSENSUS"": 0.3893044563440209, ""KEEP"": 0.3893044563440209, ""OPAL_ALL"": 0.002434683422775725}","{""COT_FRESH"": -1.0, ""FRESH_OR_CONSENSUS"": -1.0, ""HELIOS_CONSENSUS"": 0.0, ""KEEP"": 0.0, ""OPAL_ALL"": -4.0}",False,False,0.3871746838798775
2023-11-06,2023-11-07,2023-11-09,2023,2023-11,0,-0.020514973954675,0.2555134775472649,0.3281999369197692,0.2555134775472649,0.2555134775472649,0.2555134775472649,STRUCTURAL_IRIS,63,-3,31,0.3545781940936903,0.1170127893887477,False,False,False,False,0.2555134775472649,0.4638812468974533,0,False,0,,False,4,4,0,0,0.5,False,0.2555134775472649,0.2555134775472649,0.2555134775472649,0.4638812468974533,2023-10-24,2023-10-31,False,0,False,,0.2555134775472649,False,30,10,3,7,-4,0.0024346834227757,False,False,False,False,0.2555134775472649,"{""COT_FRESH"": 0.10947820194459121, ""FRESH_OR_CONSENSUS"": 0.10947820194459121, ""HELIOS_CONSENSUS"": 0.3893044563440209, ""KEEP"": 0.3893044563440209, ""OPAL_ALL"": 0.002434683422775725}","{""COT_FRESH"": -1.0, ""FRESH_OR_CONSENSUS"": -1.0, ""HELIOS_CONSENSUS"": 0.0, ""KEEP"": 0.0, ""OPAL_ALL"": -4.0}",False,False,0.2555134775472649
2023-11-07,2023-11-08,2023-11-10,2023,2023-11,0,-0.007319127349843,0.4778967362429542,0.5744892993325886,0.4778967362429542,0.4778967362429542,0.4778967362429542,STRUCTURAL_IRIS,63,-3,31,0.3545781940936903,0.1170127893887477,False,False,False,False,0.4778967362429542,0.3871312413376185,0,False,0,,False,4,4,0,0,0.5,False,0.4778967362429542,0.4778967362429542,0.4778967362429542,0.3871312413376185,2023-10-31,2023-11-07,False,0,False,,0.4778967362429542,False,31,10,3,7,-4,0.0028894293470551,False,False,False,False,0.4778967362429542,"{""COT_FRESH"": 0.036537221467744734, ""FRESH_OR_CONSENSUS"": 0.036537221467744734, ""HELIOS_CONSENSUS"": 0.46201806385872757, ""KEEP"": 0.46201806385872757, ""OPAL_ALL"": 0.0028894293470551912}","{""COT_FRESH"": -2.0, ""FRESH_OR_CONSENSUS"": -2.0, ""HELIOS_CONSENSUS"": 0.0, ""KEEP"": 0.0, ""OPAL_ALL"": -4.0}",False,False,0.4778967362429542
2023-11-08,2023-11-09,2023-11-13,2023,2023-11,0,-0.0116228168883324,0.2557546279671903,0.2869110120573582,0.2557546279671903,0.2557546279671903,0.2557546279671903,STRUCTURAL_IRIS,63,-3,31,0.3545781940936903,0.1170127893887477,False,False,False,False,0.2557546279671903,0.3026789951864385,0,False,0,,False,4,4,0,0,0.5,False,0.2557546279671903,0.2557546279671903,0.2557546279671903,0.3026789951864385,2023-10-31,2023-11-07,False,0,False,,0.2557546279671903,False,31,10,3,7,-4,0.0028894293470551,False,False,False,False,0.2557546279671903,"{""COT_FRESH"": 0.036537221467744734, ""FRESH_OR_CONSENSUS"": 0.036537221467744734, ""HELIOS_CONSENSUS"": 0.46201806385872757, ""KEEP"": 0.46201806385872757, ""OPAL_ALL"": 0.0028894293470551912}","{""COT_FRESH"": -2.0, ""FRESH_OR_CONSENSUS"": -2.0, ""HELIOS_CONSENSUS"": 0.0, ""KEEP"": 0.0, ""OPAL_ALL"": -4.0}",False,False,0.2557546279671903
2023-11-09,2023-11-10,2023-11-14,2023,2023-11,0,-0.0001027406057462,0.6559917531926456,0.6506083137286149,0.6559917531926456,0.6559917531926456,0.6559917531926456,STRUCTURAL_IRIS,63,-3,31,0.3545781940936903,0.1170127893887477,False,False,False,False,0.6559917531926456,0.2171226205995321,0,False,1,,False,4,4,0,0,0.5,False,0.6559917531926456,0.6559917531926456,0.6559917531926456,0.2171226205995321,2023-10-31,2023-11-07,False,0,False,,0.6559917531926456,False,31,10,3,7,-4,0.0028894293470551,False,False,False,False,0.6559917531926456,"{""COT_FRESH"": 0.036537221467744734, ""FRESH_OR_CONSENSUS"": 0.036537221467744734, ""HELIOS_CONSENSUS"": 0.46201806385872757, ""KEEP"": 0.46201806385872757, ""OPAL_ALL"": 0.0028894293470551912}","{""COT_FRESH"": -2.0, ""FRESH_OR_CONSENSUS"": -2.0, ""HELIOS_CONSENSUS"": 0.0, ""KEEP"": 0.0, ""OPAL_ALL"": -4.0}",False,False,0.6559917531926456
2023-11-13,2023-11-14,2023-11-16,2023,2023-11,1,0.0148826374289673,0.6297116165738719,0.6328773238579496,0.6297116165738719,0.6297116165738719,0.6297116165738719,STRUCTURAL_IRIS,63,-4,32,0.3264599126999121,0.0800141892836793,False,False,False,False,0.6297116165738719,0.258768491950229,0,False,1,,False,4,4,0,0,0.5,False,0.6297116165738719,0.6297116165738719,0.6297116165738719,0.258768491950229,2023-10-31,2023-11-07,False,0,False,,0.6297116165738719,False,31,10,3,7,-4,0.0028894293470551,False,False,False,False,0.6297116165738719,"{""COT_FRESH"": 0.036537221467744734, ""FRESH_OR_CONSENSUS"": 0.036537221467744734, ""HELIOS_CONSENSUS"": 0.46201806385872757, ""KEEP"": 0.46201806385872757, ""OPAL_ALL"": 0.0028894293470551912}","{""COT_FRESH"": -2.0, ""FRESH_OR_CONSENSUS"": -2.0, ""HELIOS_CONSENSUS"": 0.0, ""KEEP"": 0.0, ""OPAL_ALL"": -4.0}",False,False,0.6297116165738719
2023-11-14,2023-11-15,2023-11-17,2023,2023-11,1,0.0231558826630201,0.7575670994295556,0.737367138163556,0.7575670994295556,0.7575670994295556,0.7575670994295556,STRUCTURAL_IRIS,63,-4,32,0.3264599126999121,0.0800141892836793,False,False,False,False,0.7575670994295556,0.2090928625128918,0,False,1,,False,4,4,0,0,0.5,False,0.7575670994295556,0.7575670994295556,0.7575670994295556,0.2090928625128918,2023-11-07,2023-11-14,False,0,False,,0.7575670994295556,False,31,10,3,7,-4,0.0028894293470551,False,False,False,False,0.7575670994295556,"{""COT_FRESH"": 0.036537221467744734, ""FRESH_OR_CONSENSUS"": 0.036537221467744734, ""HELIOS_CONSENSUS"": 0.46201806385872757, ""KEEP"": 0.46201806385872757, ""OPAL_ALL"": 0.0028894293470551912}","{""COT_FRESH"": -2.0, ""FRESH_OR_CONSENSUS"": -2.0, ""HELIOS_CONSENSUS"": 0.0, ""KEEP"": 0.0, ""OPAL_ALL"": -4.0}",False,False,0.7575670994295556
2023-11-15,2023-11-16,2023-11-20,2023,2023-11,1,0.0013419592083396,0.3479601267515814,0.3075406564858485,0.3479601267515814,0.3479601267515814,0.3479601267515814,STRUCTURAL_IRIS,63,-4,32,0.3264599126999121,0.0800141892836793,False,False,False,False,0.3479601267515814,0.4584841943546655,0,False,0,,False,4,4,0,0,0.5,False,0.3479601267515814,0.3479601267515814,0.3479601267515814,0.4584841943546655,2023-11-07,2023-11-14,False,0,False,,0.3479601267515814,False,31,10,3,7,-4,0.0028894293470551,False,False,False,False,0.3479601267515814,"{""COT_FRESH"": 0.036537221467744734, ""FRESH_OR_CONSENSUS"": 0.036537221467744734, ""HELIOS_CONSENSUS"": 0.46201806385872757, ""KEEP"": 0.46201806385872757, ""OPAL_ALL"": 0.0028894293470551912}","{""COT_FRESH"": -2.0, ""FRESH_OR_CONSENSUS"": -2.0, ""HELIOS_CONSENSUS"": 0.0, ""KEEP"": 0.0, ""OPAL_ALL"": -4.0}",False,False,0.3479601267515814
2023-11-16,2023-11-17,2023-11-21,2023,2023-11,1,0.0111504170411041,0.7444860745158229,0.6848863895558207,0.7444860745158229,0.7444860745158229,0.7444860745158229,STRUCTURAL_IRIS,63,-4,32,0.3264599126999121,0.0800141892836793,False,False,False,False,0.7444860745158229,0.1729250530400383,0,False,1,,False,4,4,0,0,0.5,False,0.7444860745158229,0.7444860745158229,0.7444860745158229,0.1729250530400383,2023-11-07,2023-11-14,False,0,False,,0.7444860745158229,False,31,10,3,7,-4,0.0028894293470551,False,False,False,False,0.7444860745158229,"{""COT_FRESH"": 0.036537221467744734, ""FRESH_OR_CONSENSUS"": 0.036537221467744734, ""HELIOS_CONSENSUS"": 0.46201806385872757, ""KEEP"": 0.46201806385872757, ""OPAL_ALL"": 0.0028894293470551912}","{""COT_FRESH"": -2.0, ""FRESH_OR_CONSENSUS"": -2.0, ""HELIOS_CONSENSUS"": 0.0, ""KEEP"": 0.0, ""OPAL_ALL"": -4.0}",False,False,0.7444860745158229
2023-11-20,2023-11-21,2023-11-23,2023,2023-11,1,0.0083404159793498,0.5536720372948819,0.4801279217951076,0.5536720372948819,0.5536720372948819,0.5536720372948819,STRUCTURAL_IRIS,63,-3,32,0.3264599126999121,0.0800141892836793,False,False,False,False,0.5536720372948819,0.6742233932958643,0,False,1,,False,4,4,0,0,0.5,False,0.5536720372948819,0.5536720372948819,0.5536720372948819,0.6742233932958643,2023-11-07,2023-11-14,False,0,False,,0.5536720372948819,False,31,10,3,7,-4,0.0028894293470551,False,False,False,False,0.5536720372948819,"{""COT_FRESH"": 0.036537221467744734, ""FRESH_OR_CONSENSUS"": 0.036537221467744734, ""HELIOS_CONSENSUS"": 0.46201806385872757, ""KEEP"": 0.46201806385872757, ""OPAL_ALL"": 0.0028894293470551912}","{""COT_FRESH"": -2.0, ""FRESH_OR_CONSENSUS"": -2.0, ""HELIOS_CONSENSUS"": 0.0, ""KEEP"": 0.0, ""OPAL_ALL"": -4.0}",False,False,0.5536720372948819
2023-11-21,2023-11-22,2023-11-24,2023,2023-11,1,0.0033385660128035,0.7568391207787477,0.7166566073489069,0.7568391207787477,0.7568391207787477,0.7568391207787477,STRUCTURAL_IRIS,63,-3,32,0.3264599126999121,0.0800141892836793,False,False,False,False,0.7568391207787477,0.2579994775980376,0,False,1,,False,4,4,0,0,0.5,False,0.7568391207787477,0.7568391207787477,0.7568391207787477,0.2579994775980376,2023-11-14,2023-11-21,False,0,False,,0.7568391207787477,False,31,10,3,7,-4,0.0028894293470551,False,False,False,False,0.7568391207787477,"{""COT_FRESH"": 0.036537221467744734, ""FRESH_OR_CONSENSUS"": 0.036537221467744734, ""HELIOS_CONSENSUS"": 0.46201806385872757, ""KEEP"": 0.46201806385872757, ""OPAL_ALL"": 0.0028894293470551912}","{""COT_FRESH"": -2.0, ""FRESH_OR_CONSENSUS"": -2.0, ""HELIOS_CONSENSUS"": 0.0, ""KEEP"": 0.0, ""OPAL_ALL"": -4.0}",False,False,0.7568391207787477
2023-11-22,2023-11-23,2023-11-27,2023,2023-11,1,0.0058829564424853,0.2941713121458822,0.3199070406696304,0.2941713121458822,0.2941713121458822,0.2941713121458822,STRUCTURAL_IRIS,63,-3,32,0.3264599126999121,0.0800141892836793,False,False,False,False,0.2941713121458822,0.4606143859829196,0,False,0,,False,4,4,0,0,0.5,False,0.2941713121458822,0.2941713121458822,0.2941713121458822,0.4606143859829196,2023-11-14,2023-11-21,False,0,False,,0.2941713121458822,False,31,10,3,7,-4,0.0028894293470551,False,False,False,False,0.2941713121458822,"{""COT_FRESH"": 0.036537221467744734, ""FRESH_OR_CONSENSUS"": 0.036537221467744734, ""HELIOS_CONSENSUS"": 0.46201806385872757, ""KEEP"": 0.46201806385872757, ""OPAL_ALL"": 0.0028894293470551912}","{""COT_FRESH"": -2.0, ""FRESH_OR_CONSENSUS"": -2.0, ""HELIOS_CONSENSUS"": 0.0, ""KEEP"": 0.0, ""OPAL_ALL"": -4.0}",False,False,0.2941713121458822
2023-11-27,2023-11-28,2023-11-30,2023,2023-11,1,0.0129151947692487,0.6091304809651902,0.5471711950090176,0.6091304809651902,0.6091304809651902,0.6091304809651902,STRUCTURAL_IRIS,63,-4,33,0.3020768463002188,0.0569305368810124,False,False,False,False,0.6091304809651902,0.459912171818743,0,False,1,,False,4,4,0,0,0.5,False,0.6091304809651902,0.6091304809651902,0.6091304809651902,0.459912171818743,2023-11-14,2023-11-21,False,0,False,,0.6091304809651902,False,31,10,3,7,-4,0.0028894293470551,False,False,False,False,0.6091304809651902,"{""COT_FRESH"": 0.036537221467744734, ""FRESH_OR_CONSENSUS"": 0.036537221467744734, ""HELIOS_CONSENSUS"": 0.46201806385872757, ""KEEP"": 0.46201806385872757, ""OPAL_ALL"": 0.0028894293470551912}","{""COT_FRESH"": -2.0, ""FRESH_OR_CONSENSUS"": -2.0, ""HELIOS_CONSENSUS"": 0.0, ""KEEP"": 0.0, ""OPAL_ALL"": -4.0}",False,False,0.6091304809651902
2023-11-28,2023-11-29,2023-12-01,2023,2023-11,1,0.0150549220843275,0.849743747777797,0.8251812329875063,0.849743747777797,0.849743747777797,0.849743747777797,STRUCTURAL_IRIS,63,-4,33,0.3020768463002188,0.0569305368810124,False,False,False,False,0.849743747777797,0.11688078318677,0,False,1,,False,4,4,0,0,0.5,False,0.849743747777797,0.849743747777797,0.849743747777797,0.11688078318677,2023-11-21,2023-11-28,False,0,False,,0.849743747777797,False,31,10,3,7,-4,0.0028894293470551,False,False,False,False,0.849743747777797,"{""COT_FRESH"": 0.036537221467744734, ""FRESH_OR_CONSENSUS"": 0.036537221467744734, ""HELIOS_CONSENSUS"": 0.46201806385872757, ""KEEP"": 0.46201806385872757, ""OPAL_ALL"": 0.0028894293470551912}","{""COT_FRESH"": -2.0, ""FRESH_OR_CONSENSUS"": -2.0, ""HELIOS_CONSENSUS"": 0.0, ""KEEP"": 0.0, ""OPAL_ALL"": -4.0}",False,False,0.849743747777797
2023-11-29,2023-11-30,2023-12-04,2023,2023-11,1,0.0143014460771155,0.6674710835374393,0.6250575143299764,0.6674710835374393,0.6674710835374393,0.6674710835374393,STRUCTURAL_IRIS,63,-4,33,0.3020768463002188,0.0569305368810124,False,False,False,False,0.6674710835374393,0.3170567814250308,0,False,1,,False,4,4,0,0,0.5,False,0.6674710835374393,0.6674710835374393,0.6674710835374393,0.3170567814250308,2023-11-21,2023-11-28,False,0,False,,0.6674710835374393,False,31,10,3,7,-4,0.0028894293470551,False,False,False,False,0.6674710835374393,"{""COT_FRESH"": 0.036537221467744734, ""FRESH_OR_CONSENSUS"": 0.036537221467744734, ""HELIOS_CONSENSUS"": 0.46201806385872757, ""KEEP"": 0.46201806385872757, ""OPAL_ALL"": 0.0028894293470551912}","{""COT_FRESH"": -2.0, ""FRESH_OR_CONSENSUS"": -2.0, ""HELIOS_CONSENSUS"": 0.0, ""KEEP"": 0.0, ""OPAL_ALL"": -4.0}",False,False,0.6674710835374393
2023-11-30,2023-12-01,2023-12-05,2023,2023-12,0,-0.0070913551546207,0.5163154783176248,0.4549506267626024,0.5163154783176248,0.5163154783176248,0.5163154783176248,STRUCTURAL_IRIS,63,-3,33,0.3020768463002188,0.0569305368810124,False,False,False,False,0.5163154783176248,0.6566523895510086,0,False,1,,False,4,4,0,0,0.5,False,0.5163154783176248,0.5163154783176248,0.5163154783176248,0.6566523895510086,2023-11-21,2023-11-28,False,0,False,,0.5163154783176248,False,31,10,3,7,-4,0.0028894293470551,False,False,False,False,0.5163154783176248,"{""COT_FRESH"": 0.036537221467744734, ""FRESH_OR_CONSENSUS"": 0.036537221467744734, ""HELIOS_CONSENSUS"": 0.46201806385872757, ""KEEP"": 0.46201806385872757, ""OPAL_ALL"": 0.0028894293470551912}","{""COT_FRESH"": -2.0, ""FRESH_OR_CONSENSUS"": -2.0, ""HELIOS_CONSENSUS"": 0.0, ""KEEP"": 0.0, ""OPAL_ALL"": -4.0}",False,False,0.5163154783176248
2023-12-04,2023-12-05,2023-12-07,2023,2023-12,0,-0.0164140018260667,0.0718169091892225,0.08580133036983,0.0718169091892225,0.0718169091892225,0.0718169091892225,STRUCTURAL_IRIS,63,-3,33,0.3020768463002188,0.0569305368810124,False,False,False,False,0.0718169091892225,0.5206211068706087,0,False,0,,False,4,4,0,0,0.5,False,0.0718169091892225,0.0718169091892225,0.0718169091892225,0.5206211068706087,2023-11-21,2023-11-28,False,0,False,,0.0718169091892225,False,31,10,3,7,-4,0.0028894293470551,False,False,False,False,0.0718169091892225,"{""COT_FRESH"": 0.036537221467744734, ""FRESH_OR_CONSENSUS"": 0.036537221467744734, ""HELIOS_CONSENSUS"": 0.46201806385872757, ""KEEP"": 0.46201806385872757, ""OPAL_ALL"": 0.0028894293470551912}","{""COT_FRESH"": -2.0, ""FRESH_OR_CONSENSUS"": -2.0, ""HELIOS_CONSENSUS"": 0.0, ""KEEP"": 0.0, ""OPAL_ALL"": -4.0}",False,False,0.0718169091892225
2023-12-05,2023-12-06,2023-12-08,2023,2023-12,1,0.003231817686679,0.3858015642209713,0.3436844144379621,0.3858015642209713,0.3858015642209713,0.3858015642209713,STRUCTURAL_IRIS,63,-1,34,0.3836167826492969,0.1611213525633622,False,False,False,False,0.3858015642209713,0.6359973373580458,0,False,0,,False,4,4,0,0,0.5,False,0.3858015642209713,0.3858015642209713,0.3858015642209713,0.6359973373580458,2023-11-28,2023-12-05,False,0,False,,0.3858015642209713,False,31,10,3,7,-4,0.0028894293470551,False,False,False,False,0.3858015642209713,"{""COT_FRESH"": 0.036537221467744734, ""FRESH_OR_CONSENSUS"": 0.036537221467744734, ""HELIOS_CONSENSUS"": 0.46201806385872757, ""KEEP"": 0.46201806385872757, ""OPAL_ALL"": 0.0028894293470551912}","{""COT_FRESH"": -2.0, ""FRESH_OR_CONSENSUS"": -2.0, ""HELIOS_CONSENSUS"": 0.0, ""KEEP"": 0.0, ""OPAL_ALL"": -4.0}",False,False,0.3858015642209713
2023-12-06,2023-12-07,2023-12-11,2023,2023-12,0,-0.0146762822126454,0.4985085274792155,0.5602571808205292,0.4985085274792155,0.4985085274792155,0.4985085274792155,STRUCTURAL_IRIS,63,-1,34,0.3836167826492969,0.1611213525633622,False,False,False,False,0.4985085274792155,0.3657459833019142,0,False,0,,False,4,4,0,0,0.5,False,0.4985085274792155,0.4985085274792155,0.4985085274792155,0.3657459833019142,2023-11-28,2023-12-05,False,0,False,,0.4985085274792155,False,31,10,3,7,-4,0.0028894293470551,False,False,False,False,0.4985085274792155,"{""COT_FRESH"": 0.036537221467744734, ""FRESH_OR_CONSENSUS"": 0.036537221467744734, ""HELIOS_CONSENSUS"": 0.46201806385872757, ""KEEP"": 0.46201806385872757, ""OPAL_ALL"": 0.0028894293470551912}","{""COT_FRESH"": -2.0, ""FRESH_OR_CONSENSUS"": -2.0, ""HELIOS_CONSENSUS"": 0.0, ""KEEP"": 0.0, ""OPAL_ALL"": -4.0}",False,False,0.4985085274792155
2023-12-07,2023-12-08,2023-12-12,2023,2023-12,0,-0.0230844537572525,0.3280554151294013,0.4221421082556003,0.3280554151294013,0.3280554151294013,0.3280554151294013,STRUCTURAL_IRIS,63,-1,34,0.3836167826492969,0.1611213525633622,False,False,False,False,0.3280554151294013,0.689659638647874,0,False,0,,False,4,4,0,0,0.5,False,0.3280554151294013,0.3280554151294013,0.3280554151294013,0.689659638647874,2023-11-28,2023-12-05,False,0,False,,0.3280554151294013,False,31,10,3,7,-4,0.0028894293470551,False,False,False,False,0.3280554151294013,"{""COT_FRESH"": 0.036537221467744734, ""FRESH_OR_CONSENSUS"": 0.036537221467744734, ""HELIOS_CONSENSUS"": 0.46201806385872757, ""KEEP"": 0.46201806385872757, ""OPAL_ALL"": 0.0028894293470551912}","{""COT_FRESH"": -2.0, ""FRESH_OR_CONSENSUS"": -2.0, ""HELIOS_CONSENSUS"": 0.0, ""KEEP"": 0.0, ""OPAL_ALL"": -4.0}",False,False,0.3280554151294013
2023-12-11,2023-12-12,2023-12-14,2023,2023-12,1,0.0209394021805246,0.2119857629683999,0.3058400203201293,0.2119857629683999,0.2119857629683999,0.2119857629683999,STRUCTURAL_IRIS,63,-2,35,0.3410241600498174,0.0945713215192712,False,False,False,False,0.2119857629683999,0.543790486725117,0,False,0,,False,4,4,0,0,0.5,False,0.2119857629683999,0.2119857629683999,0.2119857629683999,0.543790486725117,2023-11-28,2023-12-05,False,0,False,,0.2119857629683999,False,31,10,3,7,-4,0.0028894293470551,False,False,False,False,0.2119857629683999,"{""COT_FRESH"": 0.036537221467744734, ""FRESH_OR_CONSENSUS"": 0.036537221467744734, ""HELIOS_CONSENSUS"": 0.46201806385872757, ""KEEP"": 0.46201806385872757, ""OPAL_ALL"": 0.0028894293470551912}","{""COT_FRESH"": -2.0, ""FRESH_OR_CONSENSUS"": -2.0, ""HELIOS_CONSENSUS"": 0.0, ""KEEP"": 0.0, ""OPAL_ALL"": -4.0}",False,False,0.2119857629683999
2023-12-12,2023-12-13,2023-12-15,2023,2023-12,1,0.0281617896258165,0.3261805973701636,0.4097089720368193,0.3261805973701636,0.3261805973701636,0.3261805973701636,STRUCTURAL_IRIS,63,-2,35,0.3410241600498174,0.0945713215192712,False,False,False,False,0.3261805973701636,0.5272100370068808,0,False,0,,False,4,4,0,0,0.5,False,0.3261805973701636,0.3261805973701636,0.3261805973701636,0.5272100370068808,2023-12-05,2023-12-12,False,0,False,,0.3261805973701636,False,31,10,3,7,-4,0.0028894293470551,False,False,False,False,0.3261805973701636,"{""COT_FRESH"": 0.036537221467744734, ""FRESH_OR_CONSENSUS"": 0.036537221467744734, ""HELIOS_CONSENSUS"": 0.46201806385872757, ""KEEP"": 0.46201806385872757, ""OPAL_ALL"": 0.0028894293470551912}","{""COT_FRESH"": -2.0, ""FRESH_OR_CONSENSUS"": -2.0, ""HELIOS_CONSENSUS"": 0.0, ""KEEP"": 0.0, ""OPAL_ALL"": -4.0}",False,False,0.3261805973701636
2023-12-13,2023-12-14,2023-12-18,2023,2023-12,1,0.0196883311488003,0.924546421412531,0.9564784048684792,0.924546421412531,0.924546421412531,0.924546421412531,STRUCTURAL_IRIS,63,-2,35,0.3410241600498174,0.0945713215192712,False,False,False,False,0.924546421412531,0.1783261556383595,0,False,1,,False,4,4,0,0,0.5,False,0.924546421412531,0.924546421412531,0.924546421412531,0.1783261556383595,2023-12-05,2023-12-12,False,0,False,,0.924546421412531,False,31,10,3,7,-4,0.0028894293470551,False,False,False,False,0.924546421412531,"{""COT_FRESH"": 0.036537221467744734, ""FRESH_OR_CONSENSUS"": 0.036537221467744734, ""HELIOS_CONSENSUS"": 0.46201806385872757, ""KEEP"": 0.46201806385872757, ""OPAL_ALL"": 0.0028894293470551912}","{""COT_FRESH"": -2.0, ""FRESH_OR_CONSENSUS"": -2.0, ""HELIOS_CONSENSUS"": 0.0, ""KEEP"": 0.0, ""OPAL_ALL"": -4.0}",False,False,0.924546421412531
2023-12-14,2023-12-15,2023-12-19,2023,2023-12,0,-0.0039900547998126,0.524593644950914,0.597074656951892,0.524593644950914,0.524593644950914,0.524593644950914,STRUCTURAL_IRIS,63,-2,35,0.3410241600498174,0.0945713215192712,False,False,False,False,0.524593644950914,0.7628107759480068,0,False,1,,False,4,4,0,0,0.5,False,0.524593644950914,0.524593644950914,0.524593644950914,0.7628107759480068,2023-12-05,2023-12-12,False,0,False,,0.524593644950914,False,31,10,3,7,-4,0.0028894293470551,False,False,False,False,0.524593644950914,"{""COT_FRESH"": 0.036537221467744734, ""FRESH_OR_CONSENSUS"": 0.036537221467744734, ""HELIOS_CONSENSUS"": 0.46201806385872757, ""KEEP"": 0.46201806385872757, ""OPAL_ALL"": 0.0028894293470551912}","{""COT_FRESH"": -2.0, ""FRESH_OR_CONSENSUS"": -2.0, ""HELIOS_CONSENSUS"": 0.0, ""KEEP"": 0.0, ""OPAL_ALL"": -4.0}",False,False,0.524593644950914
2023-12-18,2023-12-19,2023-12-21,2023,2023-12,1,0.0065840814879395,0.6719717905264735,0.5568693525079057,0.6719717905264735,0.6719717905264735,0.6719717905264735,STRUCTURAL_IRIS,63,-2,35,0.3410241600498174,0.0945713215192712,False,False,False,False,0.6719717905264735,0.4045145431324767,0,False,1,,False,4,4,0,0,0.5,False,0.6719717905264735,0.6719717905264735,0.6719717905264735,0.4045145431324767,2023-12-05,2023-12-12,False,0,False,,0.6719717905264735,False,31,10,3,7,-4,0.0028894293470551,False,False,False,False,0.6719717905264735,"{""COT_FRESH"": 0.036537221467744734, ""FRESH_OR_CONSENSUS"": 0.036537221467744734, ""HELIOS_CONSENSUS"": 0.46201806385872757, ""KEEP"": 0.46201806385872757, ""OPAL_ALL"": 0.0028894293470551912}","{""COT_FRESH"": -2.0, ""FRESH_OR_CONSENSUS"": -2.0, ""HELIOS_CONSENSUS"": 0.0, ""KEEP"": 0.0, ""OPAL_ALL"": -4.0}",False,False,0.6719717905264735
2023-12-19,2023-12-20,2023-12-22,2023,2023-12,1,0.0145043703094458,0.759767767113245,0.6968447454337066,0.759767767113245,0.759767767113245,0.759767767113245,STRUCTURAL_IRIS,63,-2,35,0.3410241600498174,0.0945713215192712,False,False,False,False,0.759767767113245,0.250884160837424,0,False,1,,False,4,4,0,0,0.5,False,0.759767767113245,0.759767767113245,0.759767767113245,0.250884160837424,2023-12-12,2023-12-19,False,0,False,,0.759767767113245,False,31,10,3,7,-4,0.0028894293470551,False,False,False,False,0.759767767113245,"{""COT_FRESH"": 0.036537221467744734, ""FRESH_OR_CONSENSUS"": 0.036537221467744734, ""HELIOS_CONSENSUS"": 0.46201806385872757, ""KEEP"": 0.46201806385872757, ""OPAL_ALL"": 0.0028894293470551912}","{""COT_FRESH"": -2.0, ""FRESH_OR_CONSENSUS"": -2.0, ""HELIOS_CONSENSUS"": 0.0, ""KEEP"": 0.0, ""OPAL_ALL"": -4.0}",False,False,0.759767767113245
2023-12-20,2023-12-21,2023-12-27,2023,2023-12,1,0.0123718955827543,0.472518398678007,0.3465100051720129,0.472518398678007,0.472518398678007,0.472518398678007,STRUCTURAL_IRIS,63,-2,35,0.3410241600498174,0.0945713215192712,False,True,False,False,0.472518398678007,0.5912463167635139,1,False,0,,False,4,4,0,0,0.5,False,0.472518398678007,0.472518398678007,0.472518398678007,0.5912463167635139,2023-12-12,2023-12-19,False,0,False,,0.472518398678007,False,31,10,3,7,-4,0.0028894293470551,False,False,False,False,0.472518398678007,"{""COT_FRESH"": 0.036537221467744734, ""FRESH_OR_CONSENSUS"": 0.036537221467744734, ""HELIOS_CONSENSUS"": 0.46201806385872757, ""KEEP"": 0.46201806385872757, ""OPAL_ALL"": 0.0028894293470551912}","{""COT_FRESH"": -2.0, ""FRESH_OR_CONSENSUS"": -2.0, ""HELIOS_CONSENSUS"": 0.0, ""KEEP"": 0.0, ""OPAL_ALL"": -4.0}",False,False,0.472518398678007
2023-12-21,2023-12-22,2023-12-28,2023,2023-12,1,0.0211578622785251,0.6988560350133295,0.6470063696327344,0.6988560350133295,0.6988560350133295,0.6988560350133295,STRUCTURAL_IRIS,63,-2,35,0.3410241600498174,0.0945713215192712,False,False,False,False,0.6988560350133295,0.2004374946446252,0,False,1,,False,4,4,0,0,0.5,False,0.6988560350133295,0.6988560350133295,0.6988560350133295,0.2004374946446252,2023-12-12,2023-12-19,False,0,False,,0.6988560350133295,False,31,10,3,7,-4,0.0028894293470551,False,False,False,False,0.6988560350133295,"{""COT_FRESH"": 0.036537221467744734, ""FRESH_OR_CONSENSUS"": 0.036537221467744734, ""HELIOS_CONSENSUS"": 0.46201806385872757, ""KEEP"": 0.46201806385872757, ""OPAL_ALL"": 0.0028894293470551912}","{""COT_FRESH"": -2.0, ""FRESH_OR_CONSENSUS"": -2.0, ""HELIOS_CONSENSUS"": 0.0, ""KEEP"": 0.0, ""OPAL_ALL"": -4.0}",False,False,0.6988560350133295
2023-12-27,2023-12-28,2024-01-02,2023,2023-12,1,0.006382074555883,0.6516480859473447,0.6461948004120134,0.6516480859473447,0.6516480859473447,0.6516480859473447,STRUCTURAL_IRIS,63,-2,35,0.3410241600498174,0.0945713215192712,False,False,False,False,0.6516480859473447,0.4004154950786848,0,False,1,,False,4,4,0,0,0.5,False,0.6516480859473447,0.6516480859473447,0.6516480859473447,0.4004154950786848,2023-12-19,2023-12-26,False,0,False,,0.6516480859473447,False,31,10,3,7,-4,0.0028894293470551,False,False,False,False,0.6516480859473447,"{""COT_FRESH"": 0.036537221467744734, ""FRESH_OR_CONSENSUS"": 0.036537221467744734, ""HELIOS_CONSENSUS"": 0.46201806385872757, ""KEEP"": 0.46201806385872757, ""OPAL_ALL"": 0.0028894293470551912}","{""COT_FRESH"": -2.0, ""FRESH_OR_CONSENSUS"": -2.0, ""HELIOS_CONSENSUS"": 0.0, ""KEEP"": 0.0, ""OPAL_ALL"": -4.0}",False,False,0.6516480859473447
2023-12-28,2023-12-29,2024-01-03,2023,2023-12,0,-0.0114961876983458,0.4011303160520562,0.3814043435499607,0.4011303160520562,0.4011303160520562,0.4011303160520562,STRUCTURAL_IRIS,63,-2,35,0.3410241600498174,0.0945713215192712,False,False,False,False,0.4011303160520562,0.6381986130717813,0,False,0,,False,4,4,0,0,0.5,False,0.4011303160520562,0.4011303160520562,0.4011303160520562,0.6381986130717813,2023-12-19,2023-12-26,False,0,False,,0.4011303160520562,False,31,10,3,7,-4,0.0028894293470551,False,False,False,False,0.4011303160520562,"{""COT_FRESH"": 0.036537221467744734, ""FRESH_OR_CONSENSUS"": 0.036537221467744734, ""HELIOS_CONSENSUS"": 0.46201806385872757, ""KEEP"": 0.46201806385872757, ""OPAL_ALL"": 0.0028894293470551912}","{""COT_FRESH"": -2.0, ""FRESH_OR_CONSENSUS"": -2.0, ""HELIOS_CONSENSUS"": 0.0, ""KEEP"": 0.0, ""OPAL_ALL"": -4.0}",False,False,0.4011303160520562
2024-01-02,2024-01-03,2024-01-05,2024,2024-01,0,-0.0180912389255145,0.2407328280401228,0.2521342876355817,0.2407328280401228,0.2407328280401228,0.2407328280401228,STRUCTURAL_IRIS,63,-2,35,0.3410241600498174,0.0945713215192712,False,False,False,False,0.2407328280401228,0.5442255120433916,0,False,0,,False,4,4,0,0,0.5,False,0.2407328280401228,0.2407328280401228,0.2407328280401228,0.5442255120433916,2023-12-26,2024-01-02,False,0,False,,0.2407328280401228,False,31,10,3,7,-4,0.0028894293470551,False,False,False,False,0.2407328280401228,"{""COT_FRESH"": 0.036537221467744734, ""FRESH_OR_CONSENSUS"": 0.036537221467744734, ""HELIOS_CONSENSUS"": 0.46201806385872757, ""KEEP"": 0.46201806385872757, ""OPAL_ALL"": 0.0028894293470551912}","{""COT_FRESH"": -2.0, ""FRESH_OR_CONSENSUS"": -2.0, ""HELIOS_CONSENSUS"": 0.0, ""KEEP"": 0.0, ""OPAL_ALL"": -4.0}",False,False,0.2407328280401228
2024-01-03,2024-01-04,2024-01-08,2024,2024-01,0,-0.0127633682270117,0.3643688024959187,0.3619776621680404,0.3643688024959187,0.3643688024959187,0.3643688024959187,STRUCTURAL_IRIS,63,-2,35,0.3410241600498174,0.0945713215192712,False,False,False,False,0.3643688024959187,0.5045516478695741,0,False,0,,False,4,4,0,0,0.5,False,0.3643688024959187,0.3643688024959187,0.3643688024959187,0.5045516478695741,2023-12-26,2024-01-02,False,0,False,,0.3643688024959187,False,31,10,3,7,-4,0.0028894293470551,False,False,False,False,0.3643688024959187,"{""COT_FRESH"": 0.036537221467744734, ""FRESH_OR_CONSENSUS"": 0.036537221467744734, ""HELIOS_CONSENSUS"": 0.46201806385872757, ""KEEP"": 0.46201806385872757, ""OPAL_ALL"": 0.0028894293470551912}","{""COT_FRESH"": -2.0, ""FRESH_OR_CONSENSUS"": -2.0, ""HELIOS_CONSENSUS"": 0.0, ""KEEP"": 0.0, ""OPAL_ALL"": -4.0}",False,False,0.3643688024959187
2024-01-04,2024-01-05,2024-01-09,2024,2024-01,0,-0.0053337374441868,0.4065350099223253,0.4222858606394999,0.4065350099223253,0.4065350099223253,0.4065350099223253,STRUCTURAL_IRIS,63,-2,35,0.3410241600498174,0.0945713215192712,False,False,False,False,0.4065350099223253,0.6982262710718199,0,False,0,,False,4,4,0,0,0.5,False,0.4065350099223253,0.4065350099223253,0.4065350099223253,0.6982262710718199,2023-12-26,2024-01-02,False,0,False,,0.4065350099223253,False,31,10,3,7,-4,0.0028894293470551,False,False,False,False,0.4065350099223253,"{""COT_FRESH"": 0.036537221467744734, ""FRESH_OR_CONSENSUS"": 0.036537221467744734, ""HELIOS_CONSENSUS"": 0.46201806385872757, ""KEEP"": 0.46201806385872757, ""OPAL_ALL"": 0.0028894293470551912}","{""COT_FRESH"": -2.0, ""FRESH_OR_CONSENSUS"": -2.0, ""HELIOS_CONSENSUS"": 0.0, ""KEEP"": 0.0, ""OPAL_ALL"": -4.0}",False,False,0.4065350099223253
2024-01-08,2024-01-09,2024-01-11,2024,2024-01,1,0.0018966223649118,0.4575099323922352,0.4198780005498055,0.4575099323922352,0.4575099323922352,0.4575099323922352,STRUCTURAL_IRIS,63,-2,35,0.3410241600498174,0.0945713215192712,False,False,True,True,0.7900657926344609,0.7900657926344609,1,True,0,1.0,False,4,4,0,0,0.5,False,0.4575099323922352,0.4575099323922352,0.4575099323922352,0.7900657926344609,2023-12-26,2024-01-02,True,1,True,1.0,0.4575099323922352,False,31,10,3,7,-4,0.5379819361412722,False,False,False,False,0.4575099323922352,"{""COT_FRESH"": 0.036537221467744734, ""FRESH_OR_CONSENSUS"": 0.036537221467744734, ""HELIOS_CONSENSUS"": 0.46201806385872757, ""KEEP"": 0.46201806385872757, ""OPAL_ALL"": 0.0028894293470551912}","{""COT_FRESH"": -2.0, ""FRESH_OR_CONSENSUS"": -2.0, ""HELIOS_CONSENSUS"": 0.0, ""KEEP"": 0.0, ""OPAL_ALL"": -4.0}",False,False,0.4575099323922352
2024-01-09,2024-01-10,2024-01-12,2024,2024-01,1,0.0006866616254303,0.3849955325536791,0.4151091304567803,0.3849955325536791,0.3849955325536791,0.3849955325536791,STRUCTURAL_IRIS,63,-2,35,0.3410241600498174,0.0945713215192712,False,False,False,False,0.3849955325536791,0.6314854270653003,0,False,0,,False,4,4,0,0,0.5,False,0.3849955325536791,0.3849955325536791,0.3849955325536791,0.6314854270653003,2024-01-02,2024-01-09,False,0,False,,0.3849955325536791,False,31,10,3,7,-4,0.0028894293470551,False,False,False,False,0.3849955325536791,"{""COT_FRESH"": 0.036537221467744734, ""FRESH_OR_CONSENSUS"": 0.036537221467744734, ""HELIOS_CONSENSUS"": 0.46201806385872757, ""KEEP"": 0.46201806385872757, ""OPAL_ALL"": 0.0028894293470551912}","{""COT_FRESH"": -2.0, ""FRESH_OR_CONSENSUS"": -2.0, ""HELIOS_CONSENSUS"": 0.0, ""KEEP"": 0.0, ""OPAL_ALL"": -4.0}",False,False,0.3849955325536791
2024-01-10,2024-01-11,2024-01-15,2024,2024-01,1,0.0086061996679717,0.3611880124293005,0.3122678817743465,0.3611880124293005,0.3611880124293005,0.3611880124293005,STRUCTURAL_IRIS,63,-2,35,0.3410241600498174,0.0945713215192712,False,False,False,False,0.3611880124293005,0.2417212269013054,0,False,0,,False,4,4,0,0,0.5,False,0.3611880124293005,0.3611880124293005,0.3611880124293005,0.2417212269013054,2024-01-02,2024-01-09,False,0,False,,0.3611880124293005,False,31,10,3,7,-4,0.0028894293470551,False,False,False,False,0.3611880124293005,"{""COT_FRESH"": 0.036537221467744734, ""FRESH_OR_CONSENSUS"": 0.036537221467744734, ""HELIOS_CONSENSUS"": 0.46201806385872757, ""KEEP"": 0.46201806385872757, ""OPAL_ALL"": 0.0028894293470551912}","{""COT_FRESH"": -2.0, ""FRESH_OR_CONSENSUS"": -2.0, ""HELIOS_CONSENSUS"": 0.0, ""KEEP"": 0.0, ""OPAL_ALL"": -4.0}",False,False,0.3611880124293005
2024-01-11,2024-01-12,2024-01-16,2024,2024-01,1,0.0038805432329237,0.5982214523094542,0.499693227367694,0.5982214523094542,0.5982214523094542,0.5982214523094542,STRUCTURAL_IRIS,63,-2,35,0.3410241600498174,0.0945713215192712,False,False,False,False,0.5982214523094542,0.7273971265272597,0,False,1,,False,5,5,0,0,0.5,False,0.5982214523094542,0.5982214523094542,0.5982214523094542,0.7273971265272597,2024-01-02,2024-01-09,False,0,False,,0.5982214523094542,False,31,10,3,7,-4,0.0119187386835483,False,False,False,False,0.5982214523094542,"{""COT_FRESH"": 0.1507140485510774, ""FRESH_OR_CONSENSUS"": 0.1507140485510774, ""HELIOS_CONSENSUS"": 0.5359391156632193, ""KEEP"": 0.1507140485510774, ""OPAL_ALL"": 0.011918738683548395}","{""COT_FRESH"": 0.0, ""FRESH_OR_CONSENSUS"": 0.0, ""HELIOS_CONSENSUS"": 1.0, ""KEEP"": 0.0, ""OPAL_ALL"": -2.0}",False,False,0.5982214523094542
2024-01-16,2024-01-17,2024-01-19,2024,2024-01,0,-0.0050377940299571,0.3609918834429967,0.320876271731729,0.3609918834429967,0.3609918834429967,0.3609918834429967,STRUCTURAL_IRIS,63,-3,36,0.3149555876991063,0.0636839993950082,False,False,False,False,0.3609918834429967,0.5216688425620115,0,False,0,,False,5,5,0,0,0.5,False,0.3609918834429967,0.3609918834429967,0.3609918834429967,0.5216688425620115,2024-01-09,2024-01-16,False,0,False,,0.3609918834429967,False,31,10,3,7,-4,0.0119187386835483,False,False,False,False,0.3609918834429967,"{""COT_FRESH"": 0.1507140485510774, ""FRESH_OR_CONSENSUS"": 0.1507140485510774, ""HELIOS_CONSENSUS"": 0.5359391156632193, ""KEEP"": 0.1507140485510774, ""OPAL_ALL"": 0.011918738683548395}","{""COT_FRESH"": 0.0, ""FRESH_OR_CONSENSUS"": 0.0, ""HELIOS_CONSENSUS"": 1.0, ""KEEP"": 0.0, ""OPAL_ALL"": -2.0}",False,False,0.3609918834429967
2024-01-17,2024-01-18,2024-01-22,2024,2024-01,0,-0.0018018245257864,0.2800353976033781,0.244329624228641,0.2800353976033781,0.2800353976033781,0.2800353976033781,STRUCTURAL_IRIS,63,-3,36,0.3149555876991063,0.0636839993950082,False,False,False,False,0.2800353976033781,0.459024697807646,0,False,0,,False,5,5,0,0,0.5,False,0.2800353976033781,0.2800353976033781,0.2800353976033781,0.459024697807646,2024-01-09,2024-01-16,False,0,False,,0.2800353976033781,False,31,10,3,7,-4,0.0119187386835483,False,False,False,False,0.2800353976033781,"{""COT_FRESH"": 0.1507140485510774, ""FRESH_OR_CONSENSUS"": 0.1507140485510774, ""HELIOS_CONSENSUS"": 0.5359391156632193, ""KEEP"": 0.1507140485510774, ""OPAL_ALL"": 0.011918738683548395}","{""COT_FRESH"": 0.0, ""FRESH_OR_CONSENSUS"": 0.0, ""HELIOS_CONSENSUS"": 1.0, ""KEEP"": 0.0, ""OPAL_ALL"": -2.0}",False,False,0.2800353976033781
2024-01-18,2024-01-19,2024-01-23,2024,2024-01,1,0.0072542128691618,0.7513617453836342,0.7087498552741823,0.7513617453836342,0.7513617453836342,0.7513617453836342,STRUCTURAL_IRIS,63,-3,36,0.3149555876991063,0.0636839993950082,False,False,False,False,0.7513617453836342,0.2187022533736194,0,False,1,,False,5,5,0,0,0.5,False,0.7513617453836342,0.7513617453836342,0.7513617453836342,0.2187022533736194,2024-01-09,2024-01-16,False,0,False,,0.7513617453836342,False,31,10,3,7,-4,0.0119187386835483,False,False,False,False,0.7513617453836342,"{""COT_FRESH"": 0.1507140485510774, ""FRESH_OR_CONSENSUS"": 0.1507140485510774, ""HELIOS_CONSENSUS"": 0.5359391156632193, ""KEEP"": 0.1507140485510774, ""OPAL_ALL"": 0.011918738683548395}","{""COT_FRESH"": 0.0, ""FRESH_OR_CONSENSUS"": 0.0, ""HELIOS_CONSENSUS"": 1.0, ""KEEP"": 0.0, ""OPAL_ALL"": -2.0}",False,False,0.7513617453836342
2024-01-22,2024-01-23,2024-01-25,2024,2024-01,0,-0.0028450929002064,0.3658549944657605,0.4997286911655928,0.3658549944657605,0.3658549944657605,0.3658549944657605,STRUCTURAL_IRIS,63,-3,36,0.3149555876991063,0.0636839993950082,False,False,False,False,0.3658549944657605,0.5552430010936845,0,False,0,,False,5,5,0,0,0.5,False,0.3658549944657605,0.3658549944657605,0.3658549944657605,0.5552430010936845,2024-01-09,2024-01-16,False,0,False,,0.3658549944657605,False,31,10,3,7,-4,0.0119187386835483,False,False,False,False,0.3658549944657605,"{""COT_FRESH"": 0.1507140485510774, ""FRESH_OR_CONSENSUS"": 0.1507140485510774, ""HELIOS_CONSENSUS"": 0.5359391156632193, ""KEEP"": 0.1507140485510774, ""OPAL_ALL"": 0.011918738683548395}","{""COT_FRESH"": 0.0, ""FRESH_OR_CONSENSUS"": 0.0, ""HELIOS_CONSENSUS"": 1.0, ""KEEP"": 0.0, ""OPAL_ALL"": -2.0}",False,False,0.3658549944657605
2024-01-23,2024-01-24,2024-01-26,2024,2024-01,0,-0.0028409460923882,0.4421707132247779,0.5324120143216018,0.4421707132247779,0.4421707132247779,0.4421707132247779,STRUCTURAL_IRIS,63,-3,36,0.3149555876991063,0.0636839993950082,False,False,False,False,0.4421707132247779,0.6242820208410592,0,False,0,,False,5,5,0,0,0.5,False,0.4421707132247779,0.4421707132247779,0.4421707132247779,0.6242820208410592,2024-01-16,2024-01-23,False,0,False,,0.4421707132247779,False,31,10,3,7,-4,0.0119187386835483,False,False,False,False,0.4421707132247779,"{""COT_FRESH"": 0.1507140485510774, ""FRESH_OR_CONSENSUS"": 0.1507140485510774, ""HELIOS_CONSENSUS"": 0.5359391156632193, ""KEEP"": 0.1507140485510774, ""OPAL_ALL"": 0.011918738683548395}","{""COT_FRESH"": 0.0, ""FRESH_OR_CONSENSUS"": 0.0, ""HELIOS_CONSENSUS"": 1.0, ""KEEP"": 0.0, ""OPAL_ALL"": -2.0}",False,False,0.4421707132247779
2024-01-24,2024-01-25,2024-01-29,2024,2024-01,0,-0.0015525466110034,0.2231966596679681,0.2478220669943742,0.2231966596679681,0.2231966596679681,0.2231966596679681,STRUCTURAL_IRIS,63,-3,36,0.3149555876991063,0.0636839993950082,False,False,False,False,0.2231966596679681,0.5537938686388222,0,False,0,,False,5,5,0,0,0.5,False,0.2231966596679681,0.2231966596679681,0.2231966596679681,0.5537938686388222,2024-01-16,2024-01-23,False,0,False,,0.2231966596679681,False,31,10,3,7,-4,0.0119187386835483,False,False,False,False,0.2231966596679681,"{""COT_FRESH"": 0.1507140485510774, ""FRESH_OR_CONSENSUS"": 0.1507140485510774, ""HELIOS_CONSENSUS"": 0.5359391156632193, ""KEEP"": 0.1507140485510774, ""OPAL_ALL"": 0.011918738683548395}","{""COT_FRESH"": 0.0, ""FRESH_OR_CONSENSUS"": 0.0, ""HELIOS_CONSENSUS"": 1.0, ""KEEP"": 0.0, ""OPAL_ALL"": -2.0}",False,False,0.2231966596679681
2024-01-25,2024-01-26,2024-01-30,2024,2024-01,1,0.0091986986311884,0.6053599447252116,0.5666023714872065,0.6053599447252116,0.6053599447252116,0.6053599447252116,STRUCTURAL_IRIS,63,-3,36,0.3149555876991063,0.0636839993950082,False,False,False,False,0.6053599447252116,0.5786381615014986,0,False,1,,False,5,5,0,0,0.5,False,0.6053599447252116,0.6053599447252116,0.6053599447252116,0.5786381615014986,2024-01-16,2024-01-23,False,0,False,,0.6053599447252116,False,31,10,3,7,-4,0.0119187386835483,False,False,False,False,0.6053599447252116,"{""COT_FRESH"": 0.1507140485510774, ""FRESH_OR_CONSENSUS"": 0.1507140485510774, ""HELIOS_CONSENSUS"": 0.5359391156632193, ""KEEP"": 0.1507140485510774, ""OPAL_ALL"": 0.011918738683548395}","{""COT_FRESH"": 0.0, ""FRESH_OR_CONSENSUS"": 0.0, ""HELIOS_CONSENSUS"": 1.0, ""KEEP"": 0.0, ""OPAL_ALL"": -2.0}",False,False,0.6053599447252116
2024-01-29,2024-01-30,2024-02-01,2024,2024-01,1,0.0050185841758715,0.7224094157404088,0.6436074941044783,0.7224094157404088,0.7224094157404088,0.7224094157404088,STRUCTURAL_IRIS,63,-4,37,0.292978546646843,0.0456899098887956,False,False,False,False,0.7224094157404088,0.5744403888376494,0,False,1,,False,5,5,0,0,0.5,False,0.7224094157404088,0.7224094157404088,0.7224094157404088,0.5744403888376494,2024-01-16,2024-01-23,False,0,False,,0.7224094157404088,False,31,10,3,7,-4,0.0119187386835483,False,False,False,False,0.7224094157404088,"{""COT_FRESH"": 0.1507140485510774, ""FRESH_OR_CONSENSUS"": 0.1507140485510774, ""HELIOS_CONSENSUS"": 0.5359391156632193, ""KEEP"": 0.1507140485510774, ""OPAL_ALL"": 0.011918738683548395}","{""COT_FRESH"": 0.0, ""FRESH_OR_CONSENSUS"": 0.0, ""HELIOS_CONSENSUS"": 1.0, ""KEEP"": 0.0, ""OPAL_ALL"": -2.0}",False,False,0.7224094157404088
2024-01-30,2024-01-31,2024-02-02,2024,2024-01,1,0.0085065289285618,0.5618187339895538,0.5220779728934081,0.5618187339895538,0.5618187339895538,0.5618187339895538,STRUCTURAL_IRIS,63,-4,37,0.292978546646843,0.0456899098887956,False,False,True,False,0.5618187339895538,0.6515386228246167,1,False,1,,False,5,5,0,0,0.5,False,0.5618187339895538,0.5618187339895538,0.5618187339895538,0.6515386228246167,2024-01-23,2024-01-30,False,0,False,,0.5618187339895538,False,31,10,3,7,-4,0.0119187386835483,False,False,False,False,0.5618187339895538,"{""COT_FRESH"": 0.1507140485510774, ""FRESH_OR_CONSENSUS"": 0.1507140485510774, ""HELIOS_CONSENSUS"": 0.5359391156632193, ""KEEP"": 0.1507140485510774, ""OPAL_ALL"": 0.011918738683548395}","{""COT_FRESH"": 0.0, ""FRESH_OR_CONSENSUS"": 0.0, ""HELIOS_CONSENSUS"": 1.0, ""KEEP"": 0.0, ""OPAL_ALL"": -2.0}",False,False,0.5618187339895538
2024-01-31,2024-02-01,2024-02-05,2024,2024-02,0,-0.0065971093931501,0.3225119088736644,0.3622687867017242,0.3225119088736644,0.3225119088736644,0.3225119088736644,STRUCTURAL_IRIS,63,-4,37,0.292978546646843,0.0456899098887956,False,False,False,False,0.3225119088736644,0.6325854529836771,0,False,0,,False,5,5,0,0,0.5,False,0.3225119088736644,0.3225119088736644,0.3225119088736644,0.6325854529836771,2024-01-23,2024-01-30,False,0,False,,0.3225119088736644,False,31,10,3,7,-4,0.0119187386835483,False,False,False,False,0.3225119088736644,"{""COT_FRESH"": 0.1507140485510774, ""FRESH_OR_CONSENSUS"": 0.1507140485510774, ""HELIOS_CONSENSUS"": 0.5359391156632193, ""KEEP"": 0.1507140485510774, ""OPAL_ALL"": 0.011918738683548395}","{""COT_FRESH"": 0.0, ""FRESH_OR_CONSENSUS"": 0.0, ""HELIOS_CONSENSUS"": 1.0, ""KEEP"": 0.0, ""OPAL_ALL"": -2.0}",False,False,0.3225119088736644
2024-02-01,2024-02-02,2024-02-06,2024,2024-02,0,-0.0061537140973829,0.6054859321525387,0.7300442314113689,0.6054859321525387,0.6054859321525387,0.6054859321525387,STRUCTURAL_IRIS,63,-4,37,0.292978546646843,0.0456899098887956,False,False,False,False,0.6054859321525387,0.4231327643763856,0,False,1,,False,5,5,0,0,0.5,False,0.6054859321525387,0.6054859321525387,0.6054859321525387,0.4231327643763856,2024-01-23,2024-01-30,False,0,False,,0.6054859321525387,False,31,10,3,7,-4,0.0119187386835483,False,False,False,False,0.6054859321525387,"{""COT_FRESH"": 0.1507140485510774, ""FRESH_OR_CONSENSUS"": 0.1507140485510774, ""HELIOS_CONSENSUS"": 0.5359391156632193, ""KEEP"": 0.1507140485510774, ""OPAL_ALL"": 0.011918738683548395}","{""COT_FRESH"": 0.0, ""FRESH_OR_CONSENSUS"": 0.0, ""HELIOS_CONSENSUS"": 1.0, ""KEEP"": 0.0, ""OPAL_ALL"": -2.0}",False,False,0.6054859321525387
2024-02-05,2024-02-06,2024-02-08,2024,2024-02,1,0.0061799263541788,0.477690947438988,0.5445288067715212,0.477690947438988,0.477690947438988,0.477690947438988,STRUCTURAL_IRIS,63,-4,37,0.292978546646843,0.0456899098887956,False,False,False,False,0.477690947438988,0.6060164400638419,0,False,0,,False,5,5,0,0,0.5,False,0.477690947438988,0.477690947438988,0.477690947438988,0.6060164400638419,2024-01-23,2024-01-30,False,0,False,,0.477690947438988,False,31,10,3,7,-4,0.0119187386835483,False,False,False,False,0.477690947438988,"{""COT_FRESH"": 0.1507140485510774, ""FRESH_OR_CONSENSUS"": 0.1507140485510774, ""HELIOS_CONSENSUS"": 0.5359391156632193, ""KEEP"": 0.1507140485510774, ""OPAL_ALL"": 0.011918738683548395}","{""COT_FRESH"": 0.0, ""FRESH_OR_CONSENSUS"": 0.0, ""HELIOS_CONSENSUS"": 1.0, ""KEEP"": 0.0, ""OPAL_ALL"": -2.0}",False,False,0.477690947438988
2024-02-06,2024-02-07,2024-02-09,2024,2024-02,1,0.003253879174329,0.6204984869359172,0.6973344324275508,0.6204984869359172,0.6204984869359172,0.6204984869359172,STRUCTURAL_IRIS,63,-5,37,0.292978546646843,0.0456899098887956,False,True,False,False,0.6204984869359172,0.2222955389612592,1,False,1,,False,5,5,0,0,0.5,False,0.6204984869359172,0.6204984869359172,0.6204984869359172,0.2222955389612592,2024-01-30,2024-02-06,False,0,False,,0.6204984869359172,False,31,10,3,7,-4,0.0119187386835483,False,False,False,False,0.6204984869359172,"{""COT_FRESH"": 0.1507140485510774, ""FRESH_OR_CONSENSUS"": 0.1507140485510774, ""HELIOS_CONSENSUS"": 0.5359391156632193, ""KEEP"": 0.1507140485510774, ""OPAL_ALL"": 0.011918738683548395}","{""COT_FRESH"": 0.0, ""FRESH_OR_CONSENSUS"": 0.0, ""HELIOS_CONSENSUS"": 1.0, ""KEEP"": 0.0, ""OPAL_ALL"": -2.0}",False,False,0.6204984869359172
2024-02-07,2024-02-08,2024-02-12,2024,2024-02,0,-0.0060184681691264,0.4028209977764644,0.5114040144173714,0.4028209977764644,0.4028209977764644,0.4028209977764644,STRUCTURAL_IRIS,63,-5,37,0.292978546646843,0.0456899098887956,False,False,False,False,0.4028209977764644,0.652732080707365,0,False,0,,False,5,5,0,0,0.5,False,0.4028209977764644,0.4028209977764644,0.4028209977764644,0.652732080707365,2024-01-30,2024-02-06,False,0,False,,0.4028209977764644,False,31,10,3,7,-4,0.0119187386835483,False,False,False,False,0.4028209977764644,"{""COT_FRESH"": 0.1507140485510774, ""FRESH_OR_CONSENSUS"": 0.1507140485510774, ""HELIOS_CONSENSUS"": 0.5359391156632193, ""KEEP"": 0.1507140485510774, ""OPAL_ALL"": 0.011918738683548395}","{""COT_FRESH"": 0.0, ""FRESH_OR_CONSENSUS"": 0.0, ""HELIOS_CONSENSUS"": 1.0, ""KEEP"": 0.0, ""OPAL_ALL"": -2.0}",False,False,0.4028209977764644
2024-02-08,2024-02-09,2024-02-13,2024,2024-02,0,-0.0053405652068176,0.412717889324935,0.489921131152729,0.412717889324935,0.412717889324935,0.412717889324935,STRUCTURAL_IRIS,63,-4,38,0.3733730357751487,0.1463891867626809,True,False,False,True,0.8027746746843668,0.8027746746843668,1,True,0,0.0,False,5,5,0,0,0.5,False,0.412717889324935,0.412717889324935,0.412717889324935,0.8027746746843668,2024-01-30,2024-02-06,True,1,True,0.0,0.412717889324935,False,31,10,3,7,-4,0.8492859514489225,False,False,False,False,0.412717889324935,"{""COT_FRESH"": 0.1507140485510774, ""FRESH_OR_CONSENSUS"": 0.1507140485510774, ""HELIOS_CONSENSUS"": 0.5359391156632193, ""KEEP"": 0.1507140485510774, ""OPAL_ALL"": 0.011918738683548395}","{""COT_FRESH"": 0.0, ""FRESH_OR_CONSENSUS"": 0.0, ""HELIOS_CONSENSUS"": 1.0, ""KEEP"": 0.0, ""OPAL_ALL"": -2.0}",False,False,0.412717889324935
2024-02-09,2024-02-12,2024-02-14,2024,2024-02,0,-0.0203117027837676,0.4186472948637143,0.4230107189493036,0.4186472948637143,0.4186472948637143,0.4186472948637143,STRUCTURAL_IRIS,63,-4,38,0.3733730357751487,0.1463891867626809,False,False,False,False,0.4186472948637143,0.5558635463113063,0,False,0,,False,5,5,0,0,0.5,False,0.4186472948637143,0.4186472948637143,0.4186472948637143,0.5558635463113063,2024-01-30,2024-02-06,False,0,False,,0.4186472948637143,False,31,10,3,7,-4,0.0119187386835483,False,False,False,False,0.4186472948637143,"{""COT_FRESH"": 0.1507140485510774, ""FRESH_OR_CONSENSUS"": 0.1507140485510774, ""HELIOS_CONSENSUS"": 0.5359391156632193, ""KEEP"": 0.1507140485510774, ""OPAL_ALL"": 0.011918738683548395}","{""COT_FRESH"": 0.0, ""FRESH_OR_CONSENSUS"": 0.0, ""HELIOS_CONSENSUS"": 1.0, ""KEEP"": 0.0, ""OPAL_ALL"": -2.0}",False,False,0.4186472948637143
2024-02-12,2024-02-13,2024-02-15,2024,2024-02,0,-0.0119964603542751,0.6313120285347472,0.5152226183483406,0.6313120285347472,0.6313120285347472,0.6313120285347472,STRUCTURAL_IRIS,63,-5,39,0.3310301294817697,0.0822214048701914,False,False,False,False,0.6313120285347472,0.7978402287135296,0,False,1,,False,5,5,0,0,0.5,False,0.6313120285347472,0.6313120285347472,0.6313120285347472,0.7978402287135296,2024-01-30,2024-02-06,False,0,False,,0.6313120285347472,False,31,10,3,7,-4,0.0119187386835483,False,False,False,False,0.6313120285347472,"{""COT_FRESH"": 0.1507140485510774, ""FRESH_OR_CONSENSUS"": 0.1507140485510774, ""HELIOS_CONSENSUS"": 0.5359391156632193, ""KEEP"": 0.1507140485510774, ""OPAL_ALL"": 0.011918738683548395}","{""COT_FRESH"": 0.0, ""FRESH_OR_CONSENSUS"": 0.0, ""HELIOS_CONSENSUS"": 1.0, ""KEEP"": 0.0, ""OPAL_ALL"": -2.0}",False,False,0.6313120285347472
2024-02-13,2024-02-14,2024-02-16,2024,2024-02,0,-0.010318575529752,0.1841287005131466,0.1148238022099996,0.1841287005131466,0.1841287005131466,0.1841287005131466,STRUCTURAL_IRIS,63,-5,39,0.3310301294817697,0.0822214048701914,False,False,False,False,0.1841287005131466,0.5364489704825705,0,False,0,,False,6,6,0,0,0.5,False,0.1841287005131466,0.1841287005131466,0.1841287005131466,0.5364489704825705,2024-02-06,2024-02-13,False,0,False,,0.1841287005131466,False,31,10,3,7,-4,0.0299380872080499,False,False,False,False,0.1841287005131466,"{""COT_FRESH"": 0.10645982997061451, ""FRESH_OR_CONSENSUS"": 0.10645982997061451, ""HELIOS_CONSENSUS"": 0.37857112642536045, ""KEEP"": 0.37857112642536045, ""OPAL_ALL"": 0.029938087208049968}","{""COT_FRESH"": -1.0, ""FRESH_OR_CONSENSUS"": -1.0, ""HELIOS_CONSENSUS"": 0.0, ""KEEP"": 0.0, ""OPAL_ALL"": -2.0}",False,False,0.1841287005131466
2024-02-14,2024-02-15,2024-02-19,2024,2024-02,1,0.0147341957285343,0.6023329471038339,0.5120760347708135,0.6023329471038339,0.6023329471038339,0.6023329471038339,STRUCTURAL_IRIS,63,-5,39,0.3310301294817697,0.0822214048701914,False,True,True,False,0.6023329471038339,0.6261824159725027,2,False,1,,False,6,6,0,0,0.5,False,0.6023329471038339,0.6023329471038339,0.6023329471038339,0.6261824159725027,2024-02-06,2024-02-13,False,0,False,,0.6023329471038339,False,31,10,3,7,-4,0.0299380872080499,False,False,False,False,0.6023329471038339,"{""COT_FRESH"": 0.10645982997061451, ""FRESH_OR_CONSENSUS"": 0.10645982997061451, ""HELIOS_CONSENSUS"": 0.37857112642536045, ""KEEP"": 0.37857112642536045, ""OPAL_ALL"": 0.029938087208049968}","{""COT_FRESH"": -1.0, ""FRESH_OR_CONSENSUS"": -1.0, ""HELIOS_CONSENSUS"": 0.0, ""KEEP"": 0.0, ""OPAL_ALL"": -2.0}",False,False,0.6023329471038339
2024-02-15,2024-02-16,2024-02-20,2024,2024-02,1,0.0148622165524087,0.7265550721187976,0.6188222043287247,0.7265550721187976,0.7265550721187976,0.7265550721187976,STRUCTURAL_IRIS,63,-5,39,0.3310301294817697,0.0822214048701914,False,False,False,False,0.7265550721187976,0.3813258833506741,0,False,1,,False,6,6,0,0,0.5,False,0.7265550721187976,0.7265550721187976,0.7265550721187976,0.3813258833506741,2024-02-06,2024-02-13,False,0,False,,0.7265550721187976,False,31,10,3,7,-4,0.0299380872080499,False,False,False,False,0.7265550721187976,"{""COT_FRESH"": 0.10645982997061451, ""FRESH_OR_CONSENSUS"": 0.10645982997061451, ""HELIOS_CONSENSUS"": 0.37857112642536045, ""KEEP"": 0.37857112642536045, ""OPAL_ALL"": 0.029938087208049968}","{""COT_FRESH"": -1.0, ""FRESH_OR_CONSENSUS"": -1.0, ""HELIOS_CONSENSUS"": 0.0, ""KEEP"": 0.0, ""OPAL_ALL"": -2.0}",False,False,0.7265550721187976
2024-02-16,2024-02-19,2024-02-21,2024,2024-02,1,0.0116009431530818,0.6345810447566039,0.620422468731768,0.6345810447566039,0.6345810447566039,0.6345810447566039,STRUCTURAL_IRIS,63,-5,39,0.3310301294817697,0.0822214048701914,False,False,False,False,0.6345810447566039,0.4917057573840323,0,False,1,,False,6,6,0,0,0.5,False,0.6345810447566039,0.6345810447566039,0.6345810447566039,0.4917057573840323,2024-02-06,2024-02-13,False,0,False,,0.6345810447566039,False,31,10,3,7,-4,0.0299380872080499,False,False,False,False,0.6345810447566039,"{""COT_FRESH"": 0.10645982997061451, ""FRESH_OR_CONSENSUS"": 0.10645982997061451, ""HELIOS_CONSENSUS"": 0.37857112642536045, ""KEEP"": 0.37857112642536045, ""OPAL_ALL"": 0.029938087208049968}","{""COT_FRESH"": -1.0, ""FRESH_OR_CONSENSUS"": -1.0, ""HELIOS_CONSENSUS"": 0.0, ""KEEP"": 0.0, ""OPAL_ALL"": -2.0}",False,False,0.6345810447566039
2024-02-20,2024-02-21,2024-02-23,2024,2024-02,0,-0.0037072779169775,0.452562340963868,0.4941098365007559,0.452562340963868,0.452562340963868,0.452562340963868,STRUCTURAL_IRIS,63,-5,39,0.3310301294817697,0.0822214048701914,False,False,False,False,0.452562340963868,0.6289055128680163,0,False,0,,False,6,6,0,0,0.5,False,0.452562340963868,0.452562340963868,0.452562340963868,0.6289055128680163,2024-02-13,2024-02-20,False,0,False,,0.452562340963868,False,31,10,3,7,-4,0.0299380872080499,False,False,False,False,0.452562340963868,"{""COT_FRESH"": 0.10645982997061451, ""FRESH_OR_CONSENSUS"": 0.10645982997061451, ""HELIOS_CONSENSUS"": 0.37857112642536045, ""KEEP"": 0.37857112642536045, ""OPAL_ALL"": 0.029938087208049968}","{""COT_FRESH"": -1.0, ""FRESH_OR_CONSENSUS"": -1.0, ""HELIOS_CONSENSUS"": 0.0, ""KEEP"": 0.0, ""OPAL_ALL"": -2.0}",False,False,0.452562340963868
2024-02-21,2024-02-22,2024-02-26,2024,2024-02,1,0.0031250409910447,0.5393793275452173,0.475658224353955,0.5393793275452173,0.5393793275452173,0.5393793275452173,STRUCTURAL_IRIS,63,-5,39,0.3310301294817697,0.0822214048701914,False,False,False,False,0.5393793275452173,0.714634354963284,0,False,1,,False,6,6,0,0,0.5,False,0.5393793275452173,0.5393793275452173,0.5393793275452173,0.714634354963284,2024-02-13,2024-02-20,False,0,False,,0.5393793275452173,False,31,10,3,7,-4,0.0299380872080499,False,False,False,False,0.5393793275452173,"{""COT_FRESH"": 0.10645982997061451, ""FRESH_OR_CONSENSUS"": 0.10645982997061451, ""HELIOS_CONSENSUS"": 0.37857112642536045, ""KEEP"": 0.37857112642536045, ""OPAL_ALL"": 0.029938087208049968}","{""COT_FRESH"": -1.0, ""FRESH_OR_CONSENSUS"": -1.0, ""HELIOS_CONSENSUS"": 0.0, ""KEEP"": 0.0, ""OPAL_ALL"": -2.0}",False,False,0.5393793275452173
2024-02-22,2024-02-23,2024-02-27,2024,2024-02,1,0.0025080541313493,0.4747360023683464,0.4456900222721819,0.4747360023683464,0.4747360023683464,0.4747360023683464,STRUCTURAL_IRIS,63,-5,39,0.3310301294817697,0.0822214048701914,False,False,False,False,0.4747360023683464,0.4759216157606863,0,False,0,,False,6,6,0,0,0.5,False,0.4747360023683464,0.4747360023683464,0.4747360023683464,0.4759216157606863,2024-02-13,2024-02-20,False,0,False,,0.4747360023683464,False,31,10,3,7,-4,0.0299380872080499,False,False,False,False,0.4747360023683464,"{""COT_FRESH"": 0.10645982997061451, ""FRESH_OR_CONSENSUS"": 0.10645982997061451, ""HELIOS_CONSENSUS"": 0.37857112642536045, ""KEEP"": 0.37857112642536045, ""OPAL_ALL"": 0.029938087208049968}","{""COT_FRESH"": -1.0, ""FRESH_OR_CONSENSUS"": -1.0, ""HELIOS_CONSENSUS"": 0.0, ""KEEP"": 0.0, ""OPAL_ALL"": -2.0}",False,False,0.4747360023683464
2024-02-23,2024-02-26,2024-02-28,2024,2024-02,1,0.0029422330258235,0.7578769161221972,0.7704361748138544,0.7578769161221972,0.7578769161221972,0.7578769161221972,STRUCTURAL_IRIS,63,-5,39,0.3310301294817697,0.0822214048701914,False,False,False,False,0.7578769161221972,0.2559004983323267,0,False,1,,False,6,6,0,0,0.5,False,0.7578769161221972,0.7578769161221972,0.7578769161221972,0.2559004983323267,2024-02-13,2024-02-20,False,0,False,,0.7578769161221972,False,31,10,3,7,-4,0.0299380872080499,False,False,False,False,0.7578769161221972,"{""COT_FRESH"": 0.10645982997061451, ""FRESH_OR_CONSENSUS"": 0.10645982997061451, ""HELIOS_CONSENSUS"": 0.37857112642536045, ""KEEP"": 0.37857112642536045, ""OPAL_ALL"": 0.029938087208049968}","{""COT_FRESH"": -1.0, ""FRESH_OR_CONSENSUS"": -1.0, ""HELIOS_CONSENSUS"": 0.0, ""KEEP"": 0.0, ""OPAL_ALL"": -2.0}",False,False,0.7578769161221972
2024-02-26,2024-02-27,2024-02-29,2024,2024-02,0,-0.0011553732279972,0.398162381683794,0.5235368646359253,0.398162381683794,0.398162381683794,0.398162381683794,STRUCTURAL_IRIS,63,-6,40,0.3064045470330722,0.054669350755075,False,False,False,True,0.7220157664497965,0.7220157664497965,0,False,0,,False,6,6,0,0,0.5,False,0.398162381683794,0.398162381683794,0.398162381683794,0.7220157664497965,2024-02-13,2024-02-20,True,1,True,0.0,0.398162381683794,False,31,10,3,7,-4,0.242857747149279,False,False,False,False,0.398162381683794,"{""COT_FRESH"": 0.10645982997061451, ""FRESH_OR_CONSENSUS"": 0.10645982997061451, ""HELIOS_CONSENSUS"": 0.37857112642536045, ""KEEP"": 0.37857112642536045, ""OPAL_ALL"": 0.029938087208049968}","{""COT_FRESH"": -1.0, ""FRESH_OR_CONSENSUS"": -1.0, ""HELIOS_CONSENSUS"": 0.0, ""KEEP"": 0.0, ""OPAL_ALL"": -2.0}",False,False,0.398162381683794
2024-02-27,2024-02-28,2024-03-01,2024,2024-02,1,0.0069990252185877,0.3562555403021484,0.4068452551682093,0.3562555403021484,0.3562555403021484,0.3562555403021484,STRUCTURAL_IRIS,63,-5,40,0.3064045470330722,0.054669350755075,False,False,False,False,0.3562555403021484,0.5746741987253358,0,False,0,,False,6,6,0,0,0.5,False,0.3562555403021484,0.3562555403021484,0.3562555403021484,0.5746741987253358,2024-02-20,2024-02-27,False,0,False,,0.3562555403021484,False,31,10,3,7,-4,0.0299380872080499,False,False,False,False,0.3562555403021484,"{""COT_FRESH"": 0.10645982997061451, ""FRESH_OR_CONSENSUS"": 0.10645982997061451, ""HELIOS_CONSENSUS"": 0.37857112642536045, ""KEEP"": 0.37857112642536045, ""OPAL_ALL"": 0.029938087208049968}","{""COT_FRESH"": -1.0, ""FRESH_OR_CONSENSUS"": -1.0, ""HELIOS_CONSENSUS"": 0.0, ""KEEP"": 0.0, ""OPAL_ALL"": -2.0}",False,False,0.3562555403021484
2024-02-28,2024-02-29,2024-03-04,2024,2024-02,1,0.0281880214795097,0.6029022078585012,0.6780110964920125,0.6029022078585012,0.6029022078585012,0.6029022078585012,STRUCTURAL_IRIS,63,-5,40,0.3064045470330722,0.054669350755075,False,False,False,False,0.6029022078585012,0.4572382954242226,0,False,1,,False,6,6,0,0,0.5,False,0.6029022078585012,0.6029022078585012,0.6029022078585012,0.4572382954242226,2024-02-20,2024-02-27,False,0,False,,0.6029022078585012,False,31,10,3,7,-4,0.0299380872080499,False,False,False,False,0.6029022078585012,"{""COT_FRESH"": 0.10645982997061451, ""FRESH_OR_CONSENSUS"": 0.10645982997061451, ""HELIOS_CONSENSUS"": 0.37857112642536045, ""KEEP"": 0.37857112642536045, ""OPAL_ALL"": 0.029938087208049968}","{""COT_FRESH"": -1.0, ""FRESH_OR_CONSENSUS"": -1.0, ""HELIOS_CONSENSUS"": 0.0, ""KEEP"": 0.0, ""OPAL_ALL"": -2.0}",False,False,0.6029022078585012
2024-02-29,2024-03-01,2024-03-05,2024,2024-03,1,0.0449457117041172,0.5203589228331648,0.6432749338822262,0.5203589228331648,0.5203589228331648,0.5203589228331648,STRUCTURAL_IRIS,63,-6,41,0.2861211785414677,0.0394688595121914,False,False,False,False,0.5203589228331648,0.5340059441110562,0,False,1,,False,6,6,0,0,0.5,False,0.5203589228331648,0.5203589228331648,0.5203589228331648,0.5340059441110562,2024-02-20,2024-02-27,False,0,False,,0.5203589228331648,False,32,10,2,8,-6,0.0353478445426588,False,False,False,False,0.5203589228331648,"{""COT_FRESH"": 0.03534784454265889, ""FRESH_OR_CONSENSUS"": 0.03534784454265889, ""HELIOS_CONSENSUS"": 0.44697823318601154, ""KEEP"": 0.44697823318601154, ""OPAL_ALL"": 0.03534784454265889}","{""COT_FRESH"": -2.0, ""FRESH_OR_CONSENSUS"": -2.0, ""HELIOS_CONSENSUS"": 0.0, ""KEEP"": 0.0, ""OPAL_ALL"": -2.0}",False,False,0.5203589228331648
2024-03-01,2024-03-04,2024-03-06,2024,2024-03,1,0.0368909497850168,0.86468797161034,0.899685992697848,0.86468797161034,0.86468797161034,0.86468797161034,STRUCTURAL_IRIS,63,-6,41,0.2861211785414677,0.0394688595121914,False,False,False,False,0.86468797161034,0.332975023287074,0,False,1,,False,6,6,0,0,0.5,False,0.86468797161034,0.86468797161034,0.86468797161034,0.332975023287074,2024-02-20,2024-02-27,False,0,False,,0.86468797161034,False,32,10,2,8,-6,0.0353478445426588,False,False,False,False,0.86468797161034,"{""COT_FRESH"": 0.03534784454265889, ""FRESH_OR_CONSENSUS"": 0.03534784454265889, ""HELIOS_CONSENSUS"": 0.44697823318601154, ""KEEP"": 0.44697823318601154, ""OPAL_ALL"": 0.03534784454265889}","{""COT_FRESH"": -2.0, ""FRESH_OR_CONSENSUS"": -2.0, ""HELIOS_CONSENSUS"": 0.0, ""KEEP"": 0.0, ""OPAL_ALL"": -2.0}",False,False,0.86468797161034
2024-03-04,2024-03-05,2024-03-07,2024,2024-03,1,0.0347676527517493,0.8586843806868526,0.8613257082370065,0.8586843806868526,0.8586843806868526,0.8586843806868526,STRUCTURAL_IRIS,63,-6,41,0.2861211785414677,0.0394688595121914,False,False,False,False,0.8586843806868526,0.2776983193872099,0,False,1,,False,6,6,0,0,0.5,False,0.8586843806868526,0.8586843806868526,0.8586843806868526,0.2776983193872099,2024-02-20,2024-02-27,False,0,False,,0.8586843806868526,False,32,10,2,8,-6,0.0353478445426588,False,False,False,False,0.8586843806868526,"{""COT_FRESH"": 0.03534784454265889, ""FRESH_OR_CONSENSUS"": 0.03534784454265889, ""HELIOS_CONSENSUS"": 0.44697823318601154, ""KEEP"": 0.44697823318601154, ""OPAL_ALL"": 0.03534784454265889}","{""COT_FRESH"": -2.0, ""FRESH_OR_CONSENSUS"": -2.0, ""HELIOS_CONSENSUS"": 0.0, ""KEEP"": 0.0, ""OPAL_ALL"": -2.0}",False,False,0.8586843806868526
2024-03-05,2024-03-06,2024-03-08,2024,2024-03,1,0.0197449894119353,0.4984752038500803,0.5623450677170062,0.4984752038500803,0.4984752038500803,0.4984752038500803,STRUCTURAL_IRIS,63,-5,41,0.2861211785414677,0.0394688595121914,False,False,False,False,0.4984752038500803,0.5027938124200402,0,False,0,,False,6,6,0,0,0.5,False,0.4984752038500803,0.4984752038500803,0.4984752038500803,0.5027938124200402,2024-02-27,2024-03-05,False,0,False,,0.4984752038500803,False,32,10,2,8,-6,0.0353478445426588,False,False,False,False,0.4984752038500803,"{""COT_FRESH"": 0.03534784454265889, ""FRESH_OR_CONSENSUS"": 0.03534784454265889, ""HELIOS_CONSENSUS"": 0.44697823318601154, ""KEEP"": 0.44697823318601154, ""OPAL_ALL"": 0.03534784454265889}","{""COT_FRESH"": -2.0, ""FRESH_OR_CONSENSUS"": -2.0, ""HELIOS_CONSENSUS"": 0.0, ""KEEP"": 0.0, ""OPAL_ALL"": -2.0}",False,False,0.4984752038500803
2024-03-06,2024-03-07,2024-03-11,2024,2024-03,1,0.0237365410479046,0.7980442284003785,0.764808569985245,0.7980442284003785,0.7980442284003785,0.7980442284003785,STRUCTURAL_IRIS,63,-5,41,0.2861211785414677,0.0394688595121914,False,False,False,False,0.7980442284003785,0.3178282413657575,0,False,1,,False,6,6,0,0,0.5,False,0.7980442284003785,0.7980442284003785,0.7980442284003785,0.3178282413657575,2024-02-27,2024-03-05,False,0,False,,0.7980442284003785,False,32,10,2,8,-6,0.0353478445426588,False,False,False,False,0.7980442284003785,"{""COT_FRESH"": 0.03534784454265889, ""FRESH_OR_CONSENSUS"": 0.03534784454265889, ""HELIOS_CONSENSUS"": 0.44697823318601154, ""KEEP"": 0.44697823318601154, ""OPAL_ALL"": 0.03534784454265889}","{""COT_FRESH"": -2.0, ""FRESH_OR_CONSENSUS"": -2.0, ""HELIOS_CONSENSUS"": 0.0, ""KEEP"": 0.0, ""OPAL_ALL"": -2.0}",False,False,0.7980442284003785
2024-03-07,2024-03-08,2024-03-12,2024,2024-03,1,0.0090233116699106,0.6134781773776383,0.5421263417363512,0.6134781773776383,0.6134781773776383,0.6134781773776383,STRUCTURAL_IRIS,63,-5,41,0.2861211785414677,0.0394688595121914,False,False,False,False,0.6134781773776383,0.5874146305897784,0,False,1,,False,6,6,0,0,0.5,False,0.6134781773776383,0.6134781773776383,0.6134781773776383,0.5874146305897784,2024-02-27,2024-03-05,False,0,False,,0.6134781773776383,False,32,10,2,8,-6,0.0353478445426588,False,False,False,False,0.6134781773776383,"{""COT_FRESH"": 0.03534784454265889, ""FRESH_OR_CONSENSUS"": 0.03534784454265889, ""HELIOS_CONSENSUS"": 0.44697823318601154, ""KEEP"": 0.44697823318601154, ""OPAL_ALL"": 0.03534784454265889}","{""COT_FRESH"": -2.0, ""FRESH_OR_CONSENSUS"": -2.0, ""HELIOS_CONSENSUS"": 0.0, ""KEEP"": 0.0, ""OPAL_ALL"": -2.0}",False,False,0.6134781773776383
2024-03-08,2024-03-11,2024-03-13,2024,2024-03,0,-0.0036031913333827,0.6397861290061356,0.6334030051504081,0.6397861290061356,0.6397861290061356,0.6397861290061356,STRUCTURAL_IRIS,63,-4,42,0.3658170255214008,0.1387314420952646,False,False,False,False,0.6397861290061356,0.4856385185409808,0,False,1,,False,6,6,0,0,0.5,False,0.6397861290061356,0.6397861290061356,0.6397861290061356,0.4856385185409808,2024-02-27,2024-03-05,False,0,False,,0.6397861290061356,False,32,10,2,8,-6,0.0353478445426588,False,False,False,False,0.6397861290061356,"{""COT_FRESH"": 0.03534784454265889, ""FRESH_OR_CONSENSUS"": 0.03534784454265889, ""HELIOS_CONSENSUS"": 0.44697823318601154, ""KEEP"": 0.44697823318601154, ""OPAL_ALL"": 0.03534784454265889}","{""COT_FRESH"": -2.0, ""FRESH_OR_CONSENSUS"": -2.0, ""HELIOS_CONSENSUS"": 0.0, ""KEEP"": 0.0, ""OPAL_ALL"": -2.0}",False,False,0.6397861290061356
2024-03-11,2024-03-12,2024-03-14,2024,2024-03,0,-0.0039786173335722,0.5331433530168552,0.5990531519557835,0.5331433530168552,0.5331433530168552,0.5331433530168552,STRUCTURAL_IRIS,63,-4,42,0.3658170255214008,0.1387314420952646,False,False,False,False,0.5331433530168552,0.4915715060067307,0,False,1,,False,6,6,0,0,0.5,False,0.5331433530168552,0.5331433530168552,0.5331433530168552,0.4915715060067307,2024-02-27,2024-03-05,False,0,False,,0.5331433530168552,False,32,10,2,8,-6,0.0353478445426588,False,False,False,False,0.5331433530168552,"{""COT_FRESH"": 0.03534784454265889, ""FRESH_OR_CONSENSUS"": 0.03534784454265889, ""HELIOS_CONSENSUS"": 0.44697823318601154, ""KEEP"": 0.44697823318601154, ""OPAL_ALL"": 0.03534784454265889}","{""COT_FRESH"": -2.0, ""FRESH_OR_CONSENSUS"": -2.0, ""HELIOS_CONSENSUS"": 0.0, ""KEEP"": 0.0, ""OPAL_ALL"": -2.0}",False,False,0.5331433530168552
2024-03-12,2024-03-13,2024-03-15,2024,2024-03,0,-0.0027836907605701,0.167223067415242,0.2793227971731084,0.167223067415242,0.167223067415242,0.167223067415242,STRUCTURAL_IRIS,63,-4,42,0.3658170255214008,0.1387314420952646,False,False,False,False,0.167223067415242,0.5678180935700547,0,False,0,,False,6,6,0,0,0.5,False,0.167223067415242,0.167223067415242,0.167223067415242,0.5678180935700547,2024-03-05,2024-03-12,False,0,False,,0.167223067415242,False,32,10,2,8,-6,0.0353478445426588,False,False,False,False,0.167223067415242,"{""COT_FRESH"": 0.03534784454265889, ""FRESH_OR_CONSENSUS"": 0.03534784454265889, ""HELIOS_CONSENSUS"": 0.44697823318601154, ""KEEP"": 0.44697823318601154, ""OPAL_ALL"": 0.03534784454265889}","{""COT_FRESH"": -2.0, ""FRESH_OR_CONSENSUS"": -2.0, ""HELIOS_CONSENSUS"": 0.0, ""KEEP"": 0.0, ""OPAL_ALL"": -2.0}",False,False,0.167223067415242
2024-03-13,2024-03-14,2024-03-18,2024,2024-03,0,-0.0025717378028558,0.5662190354203652,0.7024679876416855,0.5662190354203652,0.5662190354203652,0.5662190354203652,STRUCTURAL_IRIS,63,-4,42,0.3658170255214008,0.1387314420952646,False,False,False,False,0.5662190354203652,0.2983860738726679,0,False,1,,False,6,6,0,0,0.5,False,0.5662190354203652,0.5662190354203652,0.5662190354203652,0.2983860738726679,2024-03-05,2024-03-12,False,0,False,,0.5662190354203652,False,32,10,2,8,-6,0.0353478445426588,False,False,False,False,0.5662190354203652,"{""COT_FRESH"": 0.03534784454265889, ""FRESH_OR_CONSENSUS"": 0.03534784454265889, ""HELIOS_CONSENSUS"": 0.44697823318601154, ""KEEP"": 0.44697823318601154, ""OPAL_ALL"": 0.03534784454265889}","{""COT_FRESH"": -2.0, ""FRESH_OR_CONSENSUS"": -2.0, ""HELIOS_CONSENSUS"": 0.0, ""KEEP"": 0.0, ""OPAL_ALL"": -2.0}",False,False,0.5662190354203652
2024-03-14,2024-03-15,2024-03-19,2024,2024-03,0,-0.0071691526039687,0.3294705269402317,0.4486835248230325,0.3294705269402317,0.3294705269402317,0.3294705269402317,STRUCTURAL_IRIS,63,-3,42,0.3658170255214008,0.1387314420952646,False,False,False,False,0.3294705269402317,0.6513323919979682,0,False,0,,False,6,6,0,0,0.5,False,0.3294705269402317,0.3294705269402317,0.3294705269402317,0.6513323919979682,2024-03-05,2024-03-12,False,0,False,,0.3294705269402317,False,32,10,2,8,-6,0.0353478445426588,False,False,False,False,0.3294705269402317,"{""COT_FRESH"": 0.03534784454265889, ""FRESH_OR_CONSENSUS"": 0.03534784454265889, ""HELIOS_CONSENSUS"": 0.44697823318601154, ""KEEP"": 0.44697823318601154, ""OPAL_ALL"": 0.03534784454265889}","{""COT_FRESH"": -2.0, ""FRESH_OR_CONSENSUS"": -2.0, ""HELIOS_CONSENSUS"": 0.0, ""KEEP"": 0.0, ""OPAL_ALL"": -2.0}",False,False,0.3294705269402317
2024-03-15,2024-03-18,2024-03-20,2024,2024-03,0,-0.0078404564695835,0.2081751902087801,0.3072485294891407,0.2081751902087801,0.2081751902087801,0.2081751902087801,STRUCTURAL_IRIS,63,-3,42,0.3658170255214008,0.1387314420952646,False,False,False,False,0.2081751902087801,0.5359970493391298,0,False,0,,False,6,6,0,0,0.5,False,0.2081751902087801,0.2081751902087801,0.2081751902087801,0.5359970493391298,2024-03-05,2024-03-12,False,0,False,,0.2081751902087801,False,32,10,2,8,-6,0.0353478445426588,False,False,False,False,0.2081751902087801,"{""COT_FRESH"": 0.03534784454265889, ""FRESH_OR_CONSENSUS"": 0.03534784454265889, ""HELIOS_CONSENSUS"": 0.44697823318601154, ""KEEP"": 0.44697823318601154, ""OPAL_ALL"": 0.03534784454265889}","{""COT_FRESH"": -2.0, ""FRESH_OR_CONSENSUS"": -2.0, ""HELIOS_CONSENSUS"": 0.0, ""KEEP"": 0.0, ""OPAL_ALL"": -2.0}",False,False,0.2081751902087801
2024-03-18,2024-03-19,2024-03-21,2024,2024-03,1,0.025356664928973,0.5236569225984293,0.5927798189816555,0.5236569225984293,0.5236569225984293,0.5236569225984293,STRUCTURAL_IRIS,63,-3,42,0.3658170255214008,0.1387314420952646,False,False,False,False,0.5236569225984293,0.5413055959715309,0,False,1,,False,6,6,0,0,0.5,False,0.5236569225984293,0.5236569225984293,0.5236569225984293,0.5413055959715309,2024-03-05,2024-03-12,False,0,False,,0.5236569225984293,False,32,10,2,8,-6,0.0353478445426588,False,False,False,False,0.5236569225984293,"{""COT_FRESH"": 0.03534784454265889, ""FRESH_OR_CONSENSUS"": 0.03534784454265889, ""HELIOS_CONSENSUS"": 0.44697823318601154, ""KEEP"": 0.44697823318601154, ""OPAL_ALL"": 0.03534784454265889}","{""COT_FRESH"": -2.0, ""FRESH_OR_CONSENSUS"": -2.0, ""HELIOS_CONSENSUS"": 0.0, ""KEEP"": 0.0, ""OPAL_ALL"": -2.0}",False,False,0.5236569225984293
2024-03-19,2024-03-20,2024-03-22,2024,2024-03,1,0.0055317172454342,0.5308223445716623,0.6069615671914719,0.5308223445716623,0.5308223445716623,0.5308223445716623,STRUCTURAL_IRIS,63,-3,42,0.3658170255214008,0.1387314420952646,False,False,False,False,0.5308223445716623,0.6855033255163234,0,False,1,,False,6,6,0,0,0.5,False,0.5308223445716623,0.5308223445716623,0.5308223445716623,0.6855033255163234,2024-03-12,2024-03-19,False,0,False,,0.5308223445716623,False,32,10,2,8,-6,0.0353478445426588,False,False,False,False,0.5308223445716623,"{""COT_FRESH"": 0.03534784454265889, ""FRESH_OR_CONSENSUS"": 0.03534784454265889, ""HELIOS_CONSENSUS"": 0.44697823318601154, ""KEEP"": 0.44697823318601154, ""OPAL_ALL"": 0.03534784454265889}","{""COT_FRESH"": -2.0, ""FRESH_OR_CONSENSUS"": -2.0, ""HELIOS_CONSENSUS"": 0.0, ""KEEP"": 0.0, ""OPAL_ALL"": -2.0}",False,False,0.5308223445716623
2024-03-20,2024-03-21,2024-03-25,2024,2024-03,1,0.0069185212624197,0.878399272139884,0.8908331653372418,0.878399272139884,0.878399272139884,0.878399272139884,STRUCTURAL_IRIS,63,-3,42,0.3658170255214008,0.1387314420952646,False,False,False,False,0.878399272139884,0.5345406901965826,0,False,1,,False,6,6,0,0,0.5,False,0.878399272139884,0.878399272139884,0.878399272139884,0.5345406901965826,2024-03-12,2024-03-19,False,0,False,,0.878399272139884,False,32,10,2,8,-6,0.0353478445426588,False,False,False,False,0.878399272139884,"{""COT_FRESH"": 0.03534784454265889, ""FRESH_OR_CONSENSUS"": 0.03534784454265889, ""HELIOS_CONSENSUS"": 0.44697823318601154, ""KEEP"": 0.44697823318601154, ""OPAL_ALL"": 0.03534784454265889}","{""COT_FRESH"": -2.0, ""FRESH_OR_CONSENSUS"": -2.0, ""HELIOS_CONSENSUS"": 0.0, ""KEEP"": 0.0, ""OPAL_ALL"": -2.0}",False,False,0.878399272139884
2024-03-21,2024-03-22,2024-03-26,2024,2024-03,0,-0.0078109431887435,0.1917803390912281,0.273690661752736,0.1917803390912281,0.1917803390912281,0.1917803390912281,STRUCTURAL_IRIS,63,-3,42,0.3658170255214008,0.1387314420952646,False,True,False,False,0.1917803390912281,0.5883888672896429,1,False,0,,False,6,6,0,0,0.5,False,0.1917803390912281,0.1917803390912281,0.1917803390912281,0.5883888672896429,2024-03-12,2024-03-19,False,0,False,,0.1917803390912281,False,32,10,2,8,-6,0.0353478445426588,False,False,False,False,0.1917803390912281,"{""COT_FRESH"": 0.03534784454265889, ""FRESH_OR_CONSENSUS"": 0.03534784454265889, ""HELIOS_CONSENSUS"": 0.44697823318601154, ""KEEP"": 0.44697823318601154, ""OPAL_ALL"": 0.03534784454265889}","{""COT_FRESH"": -2.0, ""FRESH_OR_CONSENSUS"": -2.0, ""HELIOS_CONSENSUS"": 0.0, ""KEEP"": 0.0, ""OPAL_ALL"": -2.0}",False,False,0.1917803390912281
2024-03-22,2024-03-25,2024-03-27,2024,2024-03,1,0.0118396169969194,0.5335476273605423,0.4797017479667424,0.5335476273605423,0.5335476273605423,0.5335476273605423,STRUCTURAL_IRIS,63,-4,42,0.3658170255214008,0.1387314420952646,False,False,False,False,0.5335476273605423,0.7436788175527824,0,False,1,,False,6,6,0,0,0.5,False,0.5335476273605423,0.5335476273605423,0.5335476273605423,0.7436788175527824,2024-03-12,2024-03-19,False,0,False,,0.5335476273605423,False,32,10,2,8,-6,0.0353478445426588,False,False,False,False,0.5335476273605423,"{""COT_FRESH"": 0.03534784454265889, ""FRESH_OR_CONSENSUS"": 0.03534784454265889, ""HELIOS_CONSENSUS"": 0.44697823318601154, ""KEEP"": 0.44697823318601154, ""OPAL_ALL"": 0.03534784454265889}","{""COT_FRESH"": -2.0, ""FRESH_OR_CONSENSUS"": -2.0, ""HELIOS_CONSENSUS"": 0.0, ""KEEP"": 0.0, ""OPAL_ALL"": -2.0}",False,False,0.5335476273605423
2024-03-25,2024-03-26,2024-03-28,2024,2024-03,1,0.0176676176126998,0.4671490323356755,0.5725768869958505,0.4671490323356755,0.4671490323356755,0.4671490323356755,STRUCTURAL_IRIS,63,-4,42,0.3658170255214008,0.1387314420952646,False,False,False,False,0.4671490323356755,0.6200247820782349,0,False,0,,False,6,6,0,0,0.5,False,0.4671490323356755,0.4671490323356755,0.4671490323356755,0.6200247820782349,2024-03-12,2024-03-19,False,0,False,,0.4671490323356755,False,32,10,2,8,-6,0.0353478445426588,False,False,False,False,0.4671490323356755,"{""COT_FRESH"": 0.03534784454265889, ""FRESH_OR_CONSENSUS"": 0.03534784454265889, ""HELIOS_CONSENSUS"": 0.44697823318601154, ""KEEP"": 0.44697823318601154, ""OPAL_ALL"": 0.03534784454265889}","{""COT_FRESH"": -2.0, ""FRESH_OR_CONSENSUS"": -2.0, ""HELIOS_CONSENSUS"": 0.0, ""KEEP"": 0.0, ""OPAL_ALL"": -2.0}",False,False,0.4671490323356755
2024-03-26,2024-03-27,2024-04-02,2024,2024-03,1,0.0319004169558571,0.346748344794296,0.5070205829470757,0.346748344794296,0.346748344794296,0.346748344794296,STRUCTURAL_IRIS,63,-4,42,0.3658170255214008,0.1387314420952646,False,False,False,False,0.346748344794296,0.7601275994024099,0,False,0,,False,6,6,0,0,0.5,False,0.346748344794296,0.346748344794296,0.346748344794296,0.7601275994024099,2024-03-19,2024-03-26,False,0,False,,0.346748344794296,False,32,10,2,8,-6,0.0353478445426588,False,False,False,False,0.346748344794296,"{""COT_FRESH"": 0.03534784454265889, ""FRESH_OR_CONSENSUS"": 0.03534784454265889, ""HELIOS_CONSENSUS"": 0.44697823318601154, ""KEEP"": 0.44697823318601154, ""OPAL_ALL"": 0.03534784454265889}","{""COT_FRESH"": -2.0, ""FRESH_OR_CONSENSUS"": -2.0, ""HELIOS_CONSENSUS"": 0.0, ""KEEP"": 0.0, ""OPAL_ALL"": -2.0}",False,False,0.346748344794296
2024-03-27,2024-03-28,2024-04-03,2024,2024-03,1,0.0352729943555877,0.5985611383172389,0.7455387625760659,0.5985611383172389,0.5985611383172389,0.5985611383172389,STRUCTURAL_IRIS,63,-4,43,0.323561693921211,0.0754452138205204,False,False,False,False,0.5985611383172389,0.511340599394644,0,False,1,,False,6,6,0,0,0.5,False,0.5985611383172389,0.5985611383172389,0.5985611383172389,0.511340599394644,2024-03-19,2024-03-26,False,0,False,,0.5985611383172389,False,32,10,2,8,-6,0.0353478445426588,False,False,False,False,0.5985611383172389,"{""COT_FRESH"": 0.03534784454265889, ""FRESH_OR_CONSENSUS"": 0.03534784454265889, ""HELIOS_CONSENSUS"": 0.44697823318601154, ""KEEP"": 0.44697823318601154, ""OPAL_ALL"": 0.03534784454265889}","{""COT_FRESH"": -2.0, ""FRESH_OR_CONSENSUS"": -2.0, ""HELIOS_CONSENSUS"": 0.0, ""KEEP"": 0.0, ""OPAL_ALL"": -2.0}",False,False,0.5985611383172389
2024-03-28,2024-04-02,2024-04-04,2024,2024-04,1,0.0380087978738835,0.7374982418826049,0.8857320930641837,0.7374982418826049,0.7374982418826049,0.7374982418826049,STRUCTURAL_IRIS,63,-3,44,0.3974831692596155,0.1911448754992288,False,False,False,False,0.7374982418826049,0.2501205190279214,0,False,1,,False,6,6,0,0,0.5,False,0.7374982418826049,0.7374982418826049,0.7374982418826049,0.2501205190279214,2024-03-19,2024-03-26,False,0,False,,0.7374982418826049,False,32,10,2,8,-6,0.0353478445426588,False,False,False,False,0.7374982418826049,"{""COT_FRESH"": 0.03534784454265889, ""FRESH_OR_CONSENSUS"": 0.03534784454265889, ""HELIOS_CONSENSUS"": 0.44697823318601154, ""KEEP"": 0.44697823318601154, ""OPAL_ALL"": 0.03534784454265889}","{""COT_FRESH"": -2.0, ""FRESH_OR_CONSENSUS"": -2.0, ""HELIOS_CONSENSUS"": 0.0, ""KEEP"": 0.0, ""OPAL_ALL"": -2.0}",False,False,0.7374982418826049
2024-04-02,2024-04-03,2024-04-05,2024,2024-04,1,0.0104986688008665,0.7344991347282194,0.8056554546709396,0.7344991347282194,0.7344991347282194,0.7344991347282194,STRUCTURAL_IRIS,63,-2,45,0.4831110973987289,0.3549532898609989,False,False,False,False,0.7344991347282194,0.3156991777561515,0,False,1,,False,6,6,0,0,0.5,False,0.7344991347282194,0.7344991347282194,0.7344991347282194,0.3156991777561515,2024-03-26,2024-04-02,False,0,False,,0.7344991347282194,False,32,10,2,8,-6,0.0353478445426588,False,False,False,False,0.7344991347282194,"{""COT_FRESH"": 0.03534784454265889, ""FRESH_OR_CONSENSUS"": 0.03534784454265889, ""HELIOS_CONSENSUS"": 0.44697823318601154, ""KEEP"": 0.44697823318601154, ""OPAL_ALL"": 0.03534784454265889}","{""COT_FRESH"": -2.0, ""FRESH_OR_CONSENSUS"": -2.0, ""HELIOS_CONSENSUS"": 0.0, ""KEEP"": 0.0, ""OPAL_ALL"": -2.0}",False,False,0.7344991347282194
2024-04-03,2024-04-04,2024-04-08,2024,2024-04,1,0.0287150913394378,0.9033378065487496,0.8465673225849926,0.9033378065487496,0.9033378065487496,0.9033378065487496,STRUCTURAL_IRIS,63,-2,45,0.4831110973987289,0.3549532898609989,False,False,False,False,0.9033378065487496,0.1531763421824362,0,False,1,,False,6,6,0,0,0.5,False,0.9033378065487496,0.9033378065487496,0.9033378065487496,0.1531763421824362,2024-03-26,2024-04-02,False,0,False,,0.9033378065487496,False,32,10,2,8,-6,0.0353478445426588,False,False,False,False,0.9033378065487496,"{""COT_FRESH"": 0.03534784454265889, ""FRESH_OR_CONSENSUS"": 0.03534784454265889, ""HELIOS_CONSENSUS"": 0.44697823318601154, ""KEEP"": 0.44697823318601154, ""OPAL_ALL"": 0.03534784454265889}","{""COT_FRESH"": -2.0, ""FRESH_OR_CONSENSUS"": -2.0, ""HELIOS_CONSENSUS"": 0.0, ""KEEP"": 0.0, ""OPAL_ALL"": -2.0}",False,False,0.9033378065487496
2024-04-04,2024-04-05,2024-04-09,2024,2024-04,1,0.0307967731856565,0.4266902168620768,0.3287381648011075,0.4266902168620768,0.4266902168620768,0.4266902168620768,STRUCTURAL_IRIS,63,-2,45,0.4831110973987289,0.3549532898609989,False,True,False,False,0.4266902168620768,0.6705269844402809,1,False,0,,False,6,6,0,0,0.5,False,0.4266902168620768,0.4266902168620768,0.4266902168620768,0.6705269844402809,2024-03-26,2024-04-02,False,0,False,,0.4266902168620768,False,32,10,2,8,-6,0.0353478445426588,False,False,False,False,0.4266902168620768,"{""COT_FRESH"": 0.03534784454265889, ""FRESH_OR_CONSENSUS"": 0.03534784454265889, ""HELIOS_CONSENSUS"": 0.44697823318601154, ""KEEP"": 0.44697823318601154, ""OPAL_ALL"": 0.03534784454265889}","{""COT_FRESH"": -2.0, ""FRESH_OR_CONSENSUS"": -2.0, ""HELIOS_CONSENSUS"": 0.0, ""KEEP"": 0.0, ""OPAL_ALL"": -2.0}",False,False,0.4266902168620768
2024-04-05,2024-04-08,2024-04-10,2024,2024-04,1,0.0251992709496581,0.9121552787669688,0.8816961836867423,0.9121552787669688,0.9121552787669688,0.9121552787669688,STRUCTURAL_IRIS,63,-2,45,0.4831110973987289,0.3549532898609989,False,False,False,False,0.9121552787669688,0.2243850602288728,0,False,1,,False,6,6,0,0,0.5,False,0.9121552787669688,0.9121552787669688,0.9121552787669688,0.2243850602288728,2024-03-26,2024-04-02,False,0,False,,0.9121552787669688,False,32,10,2,8,-6,0.0353478445426588,False,False,False,False,0.9121552787669688,"{""COT_FRESH"": 0.03534784454265889, ""FRESH_OR_CONSENSUS"": 0.03534784454265889, ""HELIOS_CONSENSUS"": 0.44697823318601154, ""KEEP"": 0.44697823318601154, ""OPAL_ALL"": 0.03534784454265889}","{""COT_FRESH"": -2.0, ""FRESH_OR_CONSENSUS"": -2.0, ""HELIOS_CONSENSUS"": 0.0, ""KEEP"": 0.0, ""OPAL_ALL"": -2.0}",False,False,0.9121552787669688
2024-04-08,2024-04-09,2024-04-11,2024,2024-04,0,-0.0022062061147879,0.7574737061642722,0.5782521760530169,0.7574737061642722,0.7574737061642722,0.7574737061642722,STRUCTURAL_IRIS,63,-2,45,0.4831110973987289,0.3549532898609989,False,False,False,False,0.7574737061642722,0.601787155162864,0,False,1,,False,6,6,0,0,0.5,False,0.7574737061642722,0.7574737061642722,0.7574737061642722,0.601787155162864,2024-03-26,2024-04-02,False,0,False,,0.7574737061642722,False,32,10,2,8,-6,0.0353478445426588,False,False,False,False,0.7574737061642722,"{""COT_FRESH"": 0.03534784454265889, ""FRESH_OR_CONSENSUS"": 0.03534784454265889, ""HELIOS_CONSENSUS"": 0.44697823318601154, ""KEEP"": 0.44697823318601154, ""OPAL_ALL"": 0.03534784454265889}","{""COT_FRESH"": -2.0, ""FRESH_OR_CONSENSUS"": -2.0, ""HELIOS_CONSENSUS"": 0.0, ""KEEP"": 0.0, ""OPAL_ALL"": -2.0}",False,False,0.7574737061642722
2024-04-09,2024-04-10,2024-04-12,2024,2024-04,1,0.0128600217349205,0.4887059348944199,0.4321721544002387,0.4887059348944199,0.4887059348944199,0.4887059348944199,STRUCTURAL_IRIS,63,-2,45,0.4831110973987289,0.3549532898609989,False,False,True,False,0.4887059348944199,0.5975495768980021,1,False,0,,False,6,6,0,0,0.5,False,0.4887059348944199,0.4887059348944199,0.4887059348944199,0.5975495768980021,2024-04-02,2024-04-09,False,0,False,,0.4887059348944199,False,32,10,2,8,-6,0.0353478445426588,False,False,False,False,0.4887059348944199,"{""COT_FRESH"": 0.03534784454265889, ""FRESH_OR_CONSENSUS"": 0.03534784454265889, ""HELIOS_CONSENSUS"": 0.44697823318601154, ""KEEP"": 0.44697823318601154, ""OPAL_ALL"": 0.03534784454265889}","{""COT_FRESH"": -2.0, ""FRESH_OR_CONSENSUS"": -2.0, ""HELIOS_CONSENSUS"": 0.0, ""KEEP"": 0.0, ""OPAL_ALL"": -2.0}",False,False,0.4887059348944199
2024-04-10,2024-04-11,2024-04-15,2024,2024-04,1,0.0001278227526241,0.3060343588510701,0.2394792827050377,0.3060343588510701,0.3060343588510701,0.3060343588510701,STRUCTURAL_IRIS,63,-2,45,0.4831110973987289,0.3549532898609989,False,False,False,False,0.3060343588510701,0.4326011947565097,0,False,0,,False,6,6,0,0,0.5,False,0.3060343588510701,0.3060343588510701,0.3060343588510701,0.4326011947565097,2024-04-02,2024-04-09,False,0,False,,0.3060343588510701,False,32,10,2,8,-6,0.0353478445426588,False,False,False,False,0.3060343588510701,"{""COT_FRESH"": 0.03534784454265889, ""FRESH_OR_CONSENSUS"": 0.03534784454265889, ""HELIOS_CONSENSUS"": 0.44697823318601154, ""KEEP"": 0.44697823318601154, ""OPAL_ALL"": 0.03534784454265889}","{""COT_FRESH"": -2.0, ""FRESH_OR_CONSENSUS"": -2.0, ""HELIOS_CONSENSUS"": 0.0, ""KEEP"": 0.0, ""OPAL_ALL"": -2.0}",False,False,0.3060343588510701
2024-04-11,2024-04-12,2024-04-16,2024,2024-04,1,0.0158488665518126,0.9672960315559964,0.961150242921302,0.9672960315559964,0.9672960315559964,0.9672960315559964,STRUCTURAL_IRIS,63,-2,45,0.4831110973987289,0.3549532898609989,False,False,False,False,0.9672960315559964,0.1376021717733247,0,False,1,,False,6,6,0,0,0.5,False,0.9672960315559964,0.9672960315559964,0.9672960315559964,0.1376021717733247,2024-04-02,2024-04-09,False,0,False,,0.9672960315559964,False,32,10,2,8,-6,0.0353478445426588,False,False,False,False,0.9672960315559964,"{""COT_FRESH"": 0.03534784454265889, ""FRESH_OR_CONSENSUS"": 0.03534784454265889, ""HELIOS_CONSENSUS"": 0.44697823318601154, ""KEEP"": 0.44697823318601154, ""OPAL_ALL"": 0.03534784454265889}","{""COT_FRESH"": -2.0, ""FRESH_OR_CONSENSUS"": -2.0, ""HELIOS_CONSENSUS"": 0.0, ""KEEP"": 0.0, ""OPAL_ALL"": -2.0}",False,False,0.9672960315559964
2024-04-12,2024-04-15,2024-04-17,2024,2024-04,0,-0.0004385461222409,0.0458121425689584,0.0470814928614985,0.0458121425689584,0.0458121425689584,0.0458121425689584,STRUCTURAL_IRIS,63,-2,45,0.4831110973987289,0.3549532898609989,False,False,False,False,0.0458121425689584,0.4115068139771783,0,False,0,,False,6,6,0,0,0.5,False,0.0458121425689584,0.0458121425689584,0.0458121425689584,0.4115068139771783,2024-04-02,2024-04-09,False,0,False,,0.0458121425689584,False,32,10,2,8,-6,0.0353478445426588,False,False,False,False,0.0458121425689584,"{""COT_FRESH"": 0.03534784454265889, ""FRESH_OR_CONSENSUS"": 0.03534784454265889, ""HELIOS_CONSENSUS"": 0.44697823318601154, ""KEEP"": 0.44697823318601154, ""OPAL_ALL"": 0.03534784454265889}","{""COT_FRESH"": -2.0, ""FRESH_OR_CONSENSUS"": -2.0, ""HELIOS_CONSENSUS"": 0.0, ""KEEP"": 0.0, ""OPAL_ALL"": -2.0}",False,False,0.0458121425689584
2024-04-15,2024-04-16,2024-04-18,2024,2024-04,1,0.0138356342842608,0.940879613576194,0.9248379159093822,0.940879613576194,0.940879613576194,0.940879613576194,STRUCTURAL_IRIS,63,-2,45,0.4831110973987289,0.3549532898609989,False,False,False,False,0.940879613576194,0.2819214265655452,0,False,1,,False,6,6,0,0,0.5,False,0.940879613576194,0.940879613576194,0.940879613576194,0.2819214265655452,2024-04-02,2024-04-09,False,0,False,,0.940879613576194,False,32,10,2,8,-6,0.0353478445426588,False,False,False,False,0.940879613576194,"{""COT_FRESH"": 0.03534784454265889, ""FRESH_OR_CONSENSUS"": 0.03534784454265889, ""HELIOS_CONSENSUS"": 0.44697823318601154, ""KEEP"": 0.44697823318601154, ""OPAL_ALL"": 0.03534784454265889}","{""COT_FRESH"": -2.0, ""FRESH_OR_CONSENSUS"": -2.0, ""HELIOS_CONSENSUS"": 0.0, ""KEEP"": 0.0, ""OPAL_ALL"": -2.0}",False,False,0.940879613576194
2024-04-16,2024-04-17,2024-04-19,2024,2024-04,1,0.0053885791751099,0.7540333476713083,0.748752441353131,0.7540333476713083,0.7540333476713083,0.7540333476713083,STRUCTURAL_IRIS,63,-2,45,0.4831110973987289,0.3549532898609989,False,False,True,False,0.7540333476713083,0.5284965362121857,1,False,1,,False,6,6,0,0,0.5,False,0.7540333476713083,0.7540333476713083,0.7540333476713083,0.5284965362121857,2024-04-09,2024-04-16,False,0,False,,0.7540333476713083,False,32,10,2,8,-6,0.0353478445426588,False,False,False,False,0.7540333476713083,"{""COT_FRESH"": 0.03534784454265889, ""FRESH_OR_CONSENSUS"": 0.03534784454265889, ""HELIOS_CONSENSUS"": 0.44697823318601154, ""KEEP"": 0.44697823318601154, ""OPAL_ALL"": 0.03534784454265889}","{""COT_FRESH"": -2.0, ""FRESH_OR_CONSENSUS"": -2.0, ""HELIOS_CONSENSUS"": 0.0, ""KEEP"": 0.0, ""OPAL_ALL"": -2.0}",False,False,0.7540333476713083
2024-04-17,2024-04-18,2024-04-22,2024,2024-04,0,-0.0135853368002084,0.1891465087811298,0.1759397292076491,0.1891465087811298,0.1891465087811298,0.1891465087811298,STRUCTURAL_IRIS,63,-2,45,0.4831110973987289,0.3549532898609989,False,False,False,False,0.1891465087811298,0.2792420947503968,0,False,0,,False,6,6,0,0,0.5,False,0.1891465087811298,0.1891465087811298,0.1891465087811298,0.2792420947503968,2024-04-09,2024-04-16,False,0,False,,0.1891465087811298,False,32,10,2,8,-6,0.0353478445426588,False,False,False,False,0.1891465087811298,"{""COT_FRESH"": 0.03534784454265889, ""FRESH_OR_CONSENSUS"": 0.03534784454265889, ""HELIOS_CONSENSUS"": 0.44697823318601154, ""KEEP"": 0.44697823318601154, ""OPAL_ALL"": 0.03534784454265889}","{""COT_FRESH"": -2.0, ""FRESH_OR_CONSENSUS"": -2.0, ""HELIOS_CONSENSUS"": 0.0, ""KEEP"": 0.0, ""OPAL_ALL"": -2.0}",False,False,0.1891465087811298
2024-04-18,2024-04-19,2024-04-23,2024,2024-04,0,-0.0349330090393919,0.5939780367331998,0.4772387807762669,0.5939780367331998,0.5939780367331998,0.5939780367331998,STRUCTURAL_IRIS,63,-2,45,0.4831110973987289,0.3549532898609989,False,False,False,False,0.5939780367331998,0.6224805815298828,0,False,1,,False,6,6,0,0,0.5,False,0.5939780367331998,0.5939780367331998,0.5939780367331998,0.6224805815298828,2024-04-09,2024-04-16,False,0,False,,0.5939780367331998,False,32,10,2,8,-6,0.0353478445426588,False,False,False,False,0.5939780367331998,"{""COT_FRESH"": 0.03534784454265889, ""FRESH_OR_CONSENSUS"": 0.03534784454265889, ""HELIOS_CONSENSUS"": 0.44697823318601154, ""KEEP"": 0.44697823318601154, ""OPAL_ALL"": 0.03534784454265889}","{""COT_FRESH"": -2.0, ""FRESH_OR_CONSENSUS"": -2.0, ""HELIOS_CONSENSUS"": 0.0, ""KEEP"": 0.0, ""OPAL_ALL"": -2.0}",False,False,0.5939780367331998
2024-04-19,2024-04-22,2024-04-24,2024,2024-04,0,-0.0296138041739734,0.4815656817452386,0.5052966972535534,0.4815656817452386,0.4815656817452386,0.4815656817452386,STRUCTURAL_IRIS,63,-2,45,0.4831110973987289,0.3549532898609989,False,False,False,False,0.4815656817452386,0.550774763375591,0,False,0,,False,6,6,0,0,0.5,False,0.4815656817452386,0.4815656817452386,0.4815656817452386,0.550774763375591,2024-04-09,2024-04-16,False,0,False,,0.4815656817452386,False,32,10,2,8,-6,0.0353478445426588,False,False,False,False,0.4815656817452386,"{""COT_FRESH"": 0.03534784454265889, ""FRESH_OR_CONSENSUS"": 0.03534784454265889, ""HELIOS_CONSENSUS"": 0.44697823318601154, ""KEEP"": 0.44697823318601154, ""OPAL_ALL"": 0.03534784454265889}","{""COT_FRESH"": -2.0, ""FRESH_OR_CONSENSUS"": -2.0, ""HELIOS_CONSENSUS"": 0.0, ""KEEP"": 0.0, ""OPAL_ALL"": -2.0}",False,False,0.4815656817452386
2024-04-22,2024-04-23,2024-04-25,2024,2024-04,0,-0.015276267287198,0.183420096082539,0.1706349128712603,0.183420096082539,0.183420096082539,0.183420096082539,STRUCTURAL_IRIS,63,-2,45,0.4831110973987289,0.3549532898609989,False,False,False,False,0.183420096082539,0.2433959187048737,0,False,0,,False,6,6,0,0,0.5,False,0.183420096082539,0.183420096082539,0.183420096082539,0.2433959187048737,2024-04-09,2024-04-16,False,0,False,,0.183420096082539,False,32,10,2,8,-6,0.0353478445426588,False,False,False,False,0.183420096082539,"{""COT_FRESH"": 0.03534784454265889, ""FRESH_OR_CONSENSUS"": 0.03534784454265889, ""HELIOS_CONSENSUS"": 0.44697823318601154, ""KEEP"": 0.44697823318601154, ""OPAL_ALL"": 0.03534784454265889}","{""COT_FRESH"": -2.0, ""FRESH_OR_CONSENSUS"": -2.0, ""HELIOS_CONSENSUS"": 0.0, ""KEEP"": 0.0, ""OPAL_ALL"": -2.0}",False,False,0.183420096082539
2024-04-23,2024-04-24,2024-04-26,2024,2024-04,1,0.0222257667036,0.8302140689898745,0.7224666013461771,0.8302140689898745,0.8302140689898745,0.8302140689898745,STRUCTURAL_IRIS,63,-1,46,0.576762145586768,0.5410011779236413,False,False,False,False,0.8302140689898745,0.4516099642384272,0,False,1,,False,6,6,0,0,0.5,False,0.8302140689898745,0.8302140689898745,0.8302140689898745,0.4516099642384272,2024-04-16,2024-04-23,False,0,False,,0.8302140689898745,False,32,10,2,8,-6,0.0353478445426588,False,False,False,False,0.8302140689898745,"{""COT_FRESH"": 0.03534784454265889, ""FRESH_OR_CONSENSUS"": 0.03534784454265889, ""HELIOS_CONSENSUS"": 0.44697823318601154, ""KEEP"": 0.44697823318601154, ""OPAL_ALL"": 0.03534784454265889}","{""COT_FRESH"": -2.0, ""FRESH_OR_CONSENSUS"": -2.0, ""HELIOS_CONSENSUS"": 0.0, ""KEEP"": 0.0, ""OPAL_ALL"": -2.0}",False,False,0.8302140689898745
2024-04-24,2024-04-25,2024-04-29,2024,2024-04,1,0.0108820618365129,0.5463295662581827,0.4817969861859193,0.5463295662581827,0.5463295662581827,0.5463295662581827,STRUCTURAL_IRIS,63,-1,47,0.4503268389994951,0.3128685656745844,False,False,False,False,0.5463295662581827,0.5302222786093856,0,False,1,,False,6,6,0,0,0.5,False,0.5463295662581827,0.5463295662581827,0.5463295662581827,0.5302222786093856,2024-04-16,2024-04-23,False,0,False,,0.5463295662581827,False,32,10,2,8,-6,0.0353478445426588,False,False,False,False,0.5463295662581827,"{""COT_FRESH"": 0.03534784454265889, ""FRESH_OR_CONSENSUS"": 0.03534784454265889, ""HELIOS_CONSENSUS"": 0.44697823318601154, ""KEEP"": 0.44697823318601154, ""OPAL_ALL"": 0.03534784454265889}","{""COT_FRESH"": -2.0, ""FRESH_OR_CONSENSUS"": -2.0, ""HELIOS_CONSENSUS"": 0.0, ""KEEP"": 0.0, ""OPAL_ALL"": -2.0}",False,False,0.5463295662581827
2024-04-25,2024-04-26,2024-04-30,2024,2024-04,0,-0.0046762791418658,0.5513146296124691,0.5657758612643908,0.5513146296124691,0.5513146296124691,0.5513146296124691,STRUCTURAL_IRIS,63,-1,47,0.4503268389994951,0.3128685656745844,False,False,False,False,0.5513146296124691,0.5635854443247688,0,False,1,,False,6,6,0,0,0.5,False,0.5513146296124691,0.5513146296124691,0.5513146296124691,0.5635854443247688,2024-04-16,2024-04-23,False,0,False,,0.5513146296124691,False,32,10,2,8,-6,0.0353478445426588,False,False,False,False,0.5513146296124691,"{""COT_FRESH"": 0.03534784454265889, ""FRESH_OR_CONSENSUS"": 0.03534784454265889, ""HELIOS_CONSENSUS"": 0.44697823318601154, ""KEEP"": 0.44697823318601154, ""OPAL_ALL"": 0.03534784454265889}","{""COT_FRESH"": -2.0, ""FRESH_OR_CONSENSUS"": -2.0, ""HELIOS_CONSENSUS"": 0.0, ""KEEP"": 0.0, ""OPAL_ALL"": -2.0}",False,False,0.5513146296124691
2024-04-26,2024-04-29,2024-05-01,2024,2024-04,0,-0.0264336370397755,0.4901639111228787,0.3868320532188065,0.4901639111228787,0.4901639111228787,0.4901639111228787,STRUCTURAL_IRIS,63,-1,47,0.4503268389994951,0.3128685656745844,False,False,False,False,0.4901639111228787,0.3912928434417869,0,False,0,,False,6,6,0,0,0.5,False,0.4901639111228787,0.4901639111228787,0.4901639111228787,0.3912928434417869,2024-04-16,2024-04-23,False,0,False,,0.4901639111228787,False,32,10,2,8,-6,0.0353478445426588,False,False,False,False,0.4901639111228787,"{""COT_FRESH"": 0.03534784454265889, ""FRESH_OR_CONSENSUS"": 0.03534784454265889, ""HELIOS_CONSENSUS"": 0.44697823318601154, ""KEEP"": 0.44697823318601154, ""OPAL_ALL"": 0.03534784454265889}","{""COT_FRESH"": -2.0, ""FRESH_OR_CONSENSUS"": -2.0, ""HELIOS_CONSENSUS"": 0.0, ""KEEP"": 0.0, ""OPAL_ALL"": -2.0}",False,False,0.4901639111228787
2024-04-29,2024-04-30,2024-05-02,2024,2024-04,0,-0.0159765372315363,0.55551570200519,0.4091507384638132,0.55551570200519,0.55551570200519,0.55551570200519,STRUCTURAL_IRIS,63,-2,48,0.3901918055815764,0.1923897477872534,False,False,False,False,0.55551570200519,0.5272412507667036,0,False,1,,False,6,6,0,0,0.5,False,0.55551570200519,0.55551570200519,0.55551570200519,0.5272412507667036,2024-04-16,2024-04-23,False,0,False,,0.55551570200519,False,32,10,2,8,-6,0.0353478445426588,False,False,False,False,0.55551570200519,"{""COT_FRESH"": 0.03534784454265889, ""FRESH_OR_CONSENSUS"": 0.03534784454265889, ""HELIOS_CONSENSUS"": 0.44697823318601154, ""KEEP"": 0.44697823318601154, ""OPAL_ALL"": 0.03534784454265889}","{""COT_FRESH"": -2.0, ""FRESH_OR_CONSENSUS"": -2.0, ""HELIOS_CONSENSUS"": 0.0, ""KEEP"": 0.0, ""OPAL_ALL"": -2.0}",False,False,0.55551570200519
2024-04-30,2024-05-01,2024-05-03,2024,2024-05,0,-0.0059360212431555,0.3076761725945422,0.2098405519184938,0.3076761725945422,0.3076761725945422,0.3076761725945422,STRUCTURAL_IRIS,63,-2,48,0.3901918055815764,0.1923897477872534,False,False,False,False,0.3076761725945422,0.2197492865156158,0,False,0,,False,6,6,0,0,0.5,False,0.3076761725945422,0.3076761725945422,0.3076761725945422,0.2197492865156158,2024-04-23,2024-04-30,False,0,False,,0.3076761725945422,False,32,10,2,8,-6,0.0353478445426588,False,False,False,False,0.3076761725945422,"{""COT_FRESH"": 0.03534784454265889, ""FRESH_OR_CONSENSUS"": 0.03534784454265889, ""HELIOS_CONSENSUS"": 0.44697823318601154, ""KEEP"": 0.44697823318601154, ""OPAL_ALL"": 0.03534784454265889}","{""COT_FRESH"": -2.0, ""FRESH_OR_CONSENSUS"": -2.0, ""HELIOS_CONSENSUS"": 0.0, ""KEEP"": 0.0, ""OPAL_ALL"": -2.0}",False,False,0.3076761725945422
2024-05-01,2024-05-02,2024-05-07,2024,2024-05,1,0.0115131064266376,0.8479919463422022,0.816621501344561,0.8479919463422022,0.8479919463422022,0.8479919463422022,STRUCTURAL_IRIS,63,-1,48,0.3901918055815764,0.1923897477872534,False,False,False,False,0.8479919463422022,0.349001576798361,0,False,1,,False,6,6,0,0,0.5,False,0.8479919463422022,0.8479919463422022,0.8479919463422022,0.349001576798361,2024-04-23,2024-04-30,False,0,False,,0.8479919463422022,False,32,10,2,8,-6,0.0353478445426588,False,False,False,False,0.8479919463422022,"{""COT_FRESH"": 0.03534784454265889, ""FRESH_OR_CONSENSUS"": 0.03534784454265889, ""HELIOS_CONSENSUS"": 0.44697823318601154, ""KEEP"": 0.44697823318601154, ""OPAL_ALL"": 0.03534784454265889}","{""COT_FRESH"": -2.0, ""FRESH_OR_CONSENSUS"": -2.0, ""HELIOS_CONSENSUS"": 0.0, ""KEEP"": 0.0, ""OPAL_ALL"": -2.0}",False,False,0.8479919463422022
2024-05-02,2024-05-03,2024-05-08,2024,2024-05,1,0.003471397033577,0.5334868073334571,0.5128099656539905,0.5334868073334571,0.5334868073334571,0.5334868073334571,STRUCTURAL_IRIS,63,0,49,0.4637272523177267,0.3364625560871839,False,False,False,False,0.5334868073334571,0.618465588849282,0,False,1,,False,6,6,0,0,0.5,False,0.5334868073334571,0.5334868073334571,0.5334868073334571,0.618465588849282,2024-04-23,2024-04-30,False,0,False,,0.5334868073334571,False,32,10,2,8,-6,0.0353478445426588,False,False,False,False,0.5334868073334571,"{""COT_FRESH"": 0.03534784454265889, ""FRESH_OR_CONSENSUS"": 0.03534784454265889, ""HELIOS_CONSENSUS"": 0.44697823318601154, ""KEEP"": 0.44697823318601154, ""OPAL_ALL"": 0.03534784454265889}","{""COT_FRESH"": -2.0, ""FRESH_OR_CONSENSUS"": -2.0, ""HELIOS_CONSENSUS"": 0.0, ""KEEP"": 0.0, ""OPAL_ALL"": -2.0}",False,False,0.5334868073334571
2024-05-03,2024-05-07,2024-05-09,2024,2024-05,1,0.0032973260817502,0.582347315654551,0.5596076676960718,0.582347315654551,0.582347315654551,0.582347315654551,STRUCTURAL_IRIS,63,0,49,0.4637272523177267,0.3364625560871839,False,False,True,False,0.582347315654551,0.6217981029756409,1,False,1,,False,6,6,0,0,0.5,False,0.582347315654551,0.582347315654551,0.582347315654551,0.6217981029756409,2024-04-23,2024-04-30,False,0,False,,0.582347315654551,False,32,10,2,8,-6,0.0353478445426588,False,False,False,False,0.582347315654551,"{""COT_FRESH"": 0.03534784454265889, ""FRESH_OR_CONSENSUS"": 0.03534784454265889, ""HELIOS_CONSENSUS"": 0.44697823318601154, ""KEEP"": 0.44697823318601154, ""OPAL_ALL"": 0.03534784454265889}","{""COT_FRESH"": -2.0, ""FRESH_OR_CONSENSUS"": -2.0, ""HELIOS_CONSENSUS"": 0.0, ""KEEP"": 0.0, ""OPAL_ALL"": -2.0}",False,False,0.582347315654551
2024-05-07,2024-05-08,2024-05-10,2024,2024-05,1,0.0239232074711797,0.5488119291468989,0.5203911066203735,0.5488119291468989,0.5488119291468989,0.5488119291468989,STRUCTURAL_IRIS,63,0,49,0.4637272523177267,0.3364625560871839,False,False,False,False,0.5488119291468989,0.5598736843207267,0,False,1,,False,6,6,0,0,0.5,False,0.5488119291468989,0.5488119291468989,0.5488119291468989,0.5598736843207267,2024-04-30,2024-05-07,False,0,False,,0.5488119291468989,False,32,10,2,8,-6,0.0353478445426588,False,False,False,False,0.5488119291468989,"{""COT_FRESH"": 0.03534784454265889, ""FRESH_OR_CONSENSUS"": 0.03534784454265889, ""HELIOS_CONSENSUS"": 0.44697823318601154, ""KEEP"": 0.44697823318601154, ""OPAL_ALL"": 0.03534784454265889}","{""COT_FRESH"": -2.0, ""FRESH_OR_CONSENSUS"": -2.0, ""HELIOS_CONSENSUS"": 0.0, ""KEEP"": 0.0, ""OPAL_ALL"": -2.0}",False,False,0.5488119291468989
2024-05-08,2024-05-09,2024-05-13,2024,2024-05,1,0.0136595044639016,0.7038199307754527,0.5253730099127035,0.7038199307754527,0.7038199307754527,0.7038199307754527,STRUCTURAL_IRIS,63,0,49,0.4637272523177267,0.3364625560871839,True,False,False,False,0.7038199307754527,0.6120248777888008,1,False,1,,False,6,6,0,0,0.5,False,0.7038199307754527,0.7038199307754527,0.7038199307754527,0.6120248777888008,2024-04-30,2024-05-07,False,0,False,,0.7038199307754527,False,32,10,2,8,-6,0.0353478445426588,False,False,False,False,0.7038199307754527,"{""COT_FRESH"": 0.03534784454265889, ""FRESH_OR_CONSENSUS"": 0.03534784454265889, ""HELIOS_CONSENSUS"": 0.44697823318601154, ""KEEP"": 0.44697823318601154, ""OPAL_ALL"": 0.03534784454265889}","{""COT_FRESH"": -2.0, ""FRESH_OR_CONSENSUS"": -2.0, ""HELIOS_CONSENSUS"": 0.0, ""KEEP"": 0.0, ""OPAL_ALL"": -2.0}",False,False,0.7038199307754527
2024-05-09,2024-05-10,2024-05-14,2024,2024-05,1,0.0166237371277451,0.9616251861868508,0.9171915411417552,0.9616251861868508,0.9616251861868508,0.9616251861868508,STRUCTURAL_IRIS,63,0,49,0.4637272523177267,0.3364625560871839,False,False,False,False,0.9616251861868508,0.1658474141960254,0,False,1,,False,6,6,0,0,0.5,False,0.9616251861868508,0.9616251861868508,0.9616251861868508,0.1658474141960254,2024-04-30,2024-05-07,False,0,False,,0.9616251861868508,False,32,10,2,8,-6,0.0353478445426588,False,False,False,False,0.9616251861868508,"{""COT_FRESH"": 0.03534784454265889, ""FRESH_OR_CONSENSUS"": 0.03534784454265889, ""HELIOS_CONSENSUS"": 0.44697823318601154, ""KEEP"": 0.44697823318601154, ""OPAL_ALL"": 0.03534784454265889}","{""COT_FRESH"": -2.0, ""FRESH_OR_CONSENSUS"": -2.0, ""HELIOS_CONSENSUS"": 0.0, ""KEEP"": 0.0, ""OPAL_ALL"": -2.0}",False,False,0.9616251861868508
2024-05-10,2024-05-13,2024-05-15,2024,2024-05,1,0.0003162655391805,0.5346141844537577,0.3297637227216163,0.5346141844537577,0.5346141844537577,0.5346141844537577,STRUCTURAL_IRIS,63,0,49,0.4637272523177267,0.3364625560871839,False,False,False,False,0.5346141844537577,0.43605215113738,0,False,1,,False,6,6,0,0,0.5,False,0.5346141844537577,0.5346141844537577,0.5346141844537577,0.43605215113738,2024-04-30,2024-05-07,False,0,False,,0.5346141844537577,False,32,10,2,8,-6,0.0353478445426588,False,False,False,False,0.5346141844537577,"{""COT_FRESH"": 0.03534784454265889, ""FRESH_OR_CONSENSUS"": 0.03534784454265889, ""HELIOS_CONSENSUS"": 0.44697823318601154, ""KEEP"": 0.44697823318601154, ""OPAL_ALL"": 0.03534784454265889}","{""COT_FRESH"": -2.0, ""FRESH_OR_CONSENSUS"": -2.0, ""HELIOS_CONSENSUS"": 0.0, ""KEEP"": 0.0, ""OPAL_ALL"": -2.0}",False,False,0.5346141844537577
2024-05-13,2024-05-14,2024-05-16,2024,2024-05,1,0.0183538000643778,0.6933078519084339,0.4525497308033633,0.6933078519084339,0.6933078519084339,0.6933078519084339,STRUCTURAL_IRIS,63,-1,49,0.4637272523177267,0.3364625560871839,False,False,False,False,0.6933078519084339,0.4265221180430448,0,False,1,,False,6,6,0,0,0.5,False,0.6933078519084339,0.6933078519084339,0.6933078519084339,0.4265221180430448,2024-04-30,2024-05-07,False,0,False,,0.6933078519084339,False,32,10,2,8,-6,0.0353478445426588,False,False,False,False,0.6933078519084339,"{""COT_FRESH"": 0.03534784454265889, ""FRESH_OR_CONSENSUS"": 0.03534784454265889, ""HELIOS_CONSENSUS"": 0.44697823318601154, ""KEEP"": 0.44697823318601154, ""OPAL_ALL"": 0.03534784454265889}","{""COT_FRESH"": -2.0, ""FRESH_OR_CONSENSUS"": -2.0, ""HELIOS_CONSENSUS"": 0.0, ""KEEP"": 0.0, ""OPAL_ALL"": -2.0}",False,False,0.6933078519084339
2024-05-14,2024-05-15,2024-05-17,2024,2024-05,1,0.0145271789208652,0.7972616088420682,0.6978716015419859,0.7972616088420682,0.7972616088420682,0.7972616088420682,STRUCTURAL_IRIS,63,-1,49,0.4637272523177267,0.3364625560871839,False,False,False,False,0.7972616088420682,0.3354287435931394,0,False,1,,False,6,6,0,0,0.5,False,0.7972616088420682,0.7972616088420682,0.7972616088420682,0.3354287435931394,2024-05-07,2024-05-14,False,0,False,,0.7972616088420682,False,32,10,2,8,-6,0.0353478445426588,False,False,False,False,0.7972616088420682,"{""COT_FRESH"": 0.03534784454265889, ""FRESH_OR_CONSENSUS"": 0.03534784454265889, ""HELIOS_CONSENSUS"": 0.44697823318601154, ""KEEP"": 0.44697823318601154, ""OPAL_ALL"": 0.03534784454265889}","{""COT_FRESH"": -2.0, ""FRESH_OR_CONSENSUS"": -2.0, ""HELIOS_CONSENSUS"": 0.0, ""KEEP"": 0.0, ""OPAL_ALL"": -2.0}",False,False,0.7972616088420682
2024-05-15,2024-05-16,2024-05-20,2024,2024-05,1,0.0301300783634987,0.7806132389015169,0.6491692297892802,0.7806132389015169,0.7806132389015169,0.7806132389015169,STRUCTURAL_IRIS,63,-1,50,0.4056978397134746,0.2143232766425187,False,False,False,False,0.7806132389015169,0.5310601877969747,0,False,1,,False,6,6,0,0,0.5,False,0.7806132389015169,0.7806132389015169,0.7806132389015169,0.5310601877969747,2024-05-07,2024-05-14,False,0,False,,0.7806132389015169,False,32,10,2,8,-6,0.0353478445426588,False,False,False,False,0.7806132389015169,"{""COT_FRESH"": 0.03534784454265889, ""FRESH_OR_CONSENSUS"": 0.03534784454265889, ""HELIOS_CONSENSUS"": 0.44697823318601154, ""KEEP"": 0.44697823318601154, ""OPAL_ALL"": 0.03534784454265889}","{""COT_FRESH"": -2.0, ""FRESH_OR_CONSENSUS"": -2.0, ""HELIOS_CONSENSUS"": 0.0, ""KEEP"": 0.0, ""OPAL_ALL"": -2.0}",False,False,0.7806132389015169
2024-05-16,2024-05-17,2024-05-21,2024,2024-05,1,0.0139148619645795,0.5806032951270018,0.3985834189193574,0.5806032951270018,0.5806032951270018,0.5806032951270018,STRUCTURAL_IRIS,63,-2,51,0.3683016138669578,0.1417381223885142,False,False,False,False,0.5806032951270018,0.4301760018207209,0,False,1,,False,6,6,0,0,0.5,False,0.5806032951270018,0.5806032951270018,0.5806032951270018,0.4301760018207209,2024-05-07,2024-05-14,False,0,False,,0.5806032951270018,False,32,10,2,8,-6,0.0353478445426588,False,False,False,False,0.5806032951270018,"{""COT_FRESH"": 0.03534784454265889, ""FRESH_OR_CONSENSUS"": 0.03534784454265889, ""HELIOS_CONSENSUS"": 0.44697823318601154, ""KEEP"": 0.44697823318601154, ""OPAL_ALL"": 0.03534784454265889}","{""COT_FRESH"": -2.0, ""FRESH_OR_CONSENSUS"": -2.0, ""HELIOS_CONSENSUS"": 0.0, ""KEEP"": 0.0, ""OPAL_ALL"": -2.0}",False,False,0.5806032951270018
2024-05-17,2024-05-20,2024-05-22,2024,2024-05,1,0.0135531682601385,0.8883441406155261,0.8409321403145583,0.8883441406155261,0.8883441406155261,0.8883441406155261,STRUCTURAL_IRIS,63,-2,51,0.3683016138669578,0.1417381223885142,False,False,False,False,0.8883441406155261,0.2317019975997503,0,False,1,,False,6,6,0,0,0.5,False,0.8883441406155261,0.8883441406155261,0.8883441406155261,0.2317019975997503,2024-05-07,2024-05-14,False,0,False,,0.8883441406155261,False,32,10,2,8,-6,0.0353478445426588,False,False,False,False,0.8883441406155261,"{""COT_FRESH"": 0.03534784454265889, ""FRESH_OR_CONSENSUS"": 0.03534784454265889, ""HELIOS_CONSENSUS"": 0.44697823318601154, ""KEEP"": 0.44697823318601154, ""OPAL_ALL"": 0.03534784454265889}","{""COT_FRESH"": -2.0, ""FRESH_OR_CONSENSUS"": -2.0, ""HELIOS_CONSENSUS"": 0.0, ""KEEP"": 0.0, ""OPAL_ALL"": -2.0}",False,False,0.8883441406155261
2024-05-20,2024-05-21,2024-05-23,2024,2024-05,0,-0.0343551987270122,0.5005449307910158,0.2842584217497739,0.5005449307910158,0.5005449307910158,0.5005449307910158,STRUCTURAL_IRIS,63,-2,51,0.3683016138669578,0.1417381223885142,False,False,False,False,0.5005449307910158,0.5012749857226118,0,False,1,,False,6,6,0,0,0.5,False,0.5005449307910158,0.5005449307910158,0.5005449307910158,0.5012749857226118,2024-05-07,2024-05-14,False,0,False,,0.5005449307910158,False,32,10,2,8,-6,0.0353478445426588,False,False,False,False,0.5005449307910158,"{""COT_FRESH"": 0.03534784454265889, ""FRESH_OR_CONSENSUS"": 0.03534784454265889, ""HELIOS_CONSENSUS"": 0.44697823318601154, ""KEEP"": 0.44697823318601154, ""OPAL_ALL"": 0.03534784454265889}","{""COT_FRESH"": -2.0, ""FRESH_OR_CONSENSUS"": -2.0, ""HELIOS_CONSENSUS"": 0.0, ""KEEP"": 0.0, ""OPAL_ALL"": -2.0}",False,False,0.5005449307910158
2024-05-21,2024-05-22,2024-05-24,2024,2024-05,0,-0.0325037022539687,0.7544964108385663,0.5522412762140066,0.7544964108385663,0.7544964108385663,0.7544964108385663,STRUCTURAL_IRIS,63,-3,52,0.3384366877918054,0.0960480253616554,False,False,True,False,0.7544964108385663,0.6039007901697825,1,False,1,,False,6,6,0,0,0.5,False,0.7544964108385663,0.7544964108385663,0.7544964108385663,0.6039007901697825,2024-05-14,2024-05-21,False,0,False,,0.7544964108385663,False,32,10,2,8,-6,0.0353478445426588,False,False,False,False,0.7544964108385663,"{""COT_FRESH"": 0.03534784454265889, ""FRESH_OR_CONSENSUS"": 0.03534784454265889, ""HELIOS_CONSENSUS"": 0.44697823318601154, ""KEEP"": 0.44697823318601154, ""OPAL_ALL"": 0.03534784454265889}","{""COT_FRESH"": -2.0, ""FRESH_OR_CONSENSUS"": -2.0, ""HELIOS_CONSENSUS"": 0.0, ""KEEP"": 0.0, ""OPAL_ALL"": -2.0}",False,False,0.7544964108385663
2024-05-22,2024-05-23,2024-05-28,2024,2024-05,0,-0.0292312179203371,0.2929863475973679,0.1061265407526507,0.2929863475973679,0.2929863475973679,0.2929863475973679,STRUCTURAL_IRIS,63,-3,52,0.3384366877918054,0.0960480253616554,False,False,False,False,0.2929863475973679,0.2886110939188992,0,False,0,,False,6,6,0,0,0.5,False,0.2929863475973679,0.2929863475973679,0.2929863475973679,0.2886110939188992,2024-05-14,2024-05-21,False,0,False,,0.2929863475973679,False,32,10,2,8,-6,0.0353478445426588,False,False,False,False,0.2929863475973679,"{""COT_FRESH"": 0.03534784454265889, ""FRESH_OR_CONSENSUS"": 0.03534784454265889, ""HELIOS_CONSENSUS"": 0.44697823318601154, ""KEEP"": 0.44697823318601154, ""OPAL_ALL"": 0.03534784454265889}","{""COT_FRESH"": -2.0, ""FRESH_OR_CONSENSUS"": -2.0, ""HELIOS_CONSENSUS"": 0.0, ""KEEP"": 0.0, ""OPAL_ALL"": -2.0}",False,False,0.2929863475973679
2024-05-23,2024-05-24,2024-05-29,2024,2024-05,0,-0.008888569376356,0.3129766802951532,0.155449827094508,0.3129766802951532,0.3129766802951532,0.3129766802951532,STRUCTURAL_IRIS,63,-2,53,0.4116952232972507,0.2096343575642364,False,False,False,False,0.3129766802951532,0.2260446302611564,0,False,0,,False,6,6,0,0,0.5,False,0.3129766802951532,0.3129766802951532,0.3129766802951532,0.2260446302611564,2024-05-14,2024-05-21,False,0,False,,0.3129766802951532,False,32,10,2,8,-6,0.0353478445426588,False,False,False,False,0.3129766802951532,"{""COT_FRESH"": 0.03534784454265889, ""FRESH_OR_CONSENSUS"": 0.03534784454265889, ""HELIOS_CONSENSUS"": 0.44697823318601154, ""KEEP"": 0.44697823318601154, ""OPAL_ALL"": 0.03534784454265889}","{""COT_FRESH"": -2.0, ""FRESH_OR_CONSENSUS"": -2.0, ""HELIOS_CONSENSUS"": 0.0, ""KEEP"": 0.0, ""OPAL_ALL"": -2.0}",False,False,0.3129766802951532
2024-05-24,2024-05-28,2024-05-30,2024,2024-05,0,-0.0009407137289629,0.6610688032095913,0.4099023183548159,0.6610688032095913,0.6610688032095913,0.6610688032095913,STRUCTURAL_IRIS,63,-2,53,0.4116952232972507,0.2096343575642364,False,False,False,False,0.6610688032095913,0.4119937256661103,0,False,1,,False,6,6,0,0,0.5,False,0.6610688032095913,0.6610688032095913,0.6610688032095913,0.4119937256661103,2024-05-14,2024-05-21,False,0,False,,0.6610688032095913,False,32,10,2,8,-6,0.0353478445426588,False,False,False,False,0.6610688032095913,"{""COT_FRESH"": 0.03534784454265889, ""FRESH_OR_CONSENSUS"": 0.03534784454265889, ""HELIOS_CONSENSUS"": 0.44697823318601154, ""KEEP"": 0.44697823318601154, ""OPAL_ALL"": 0.03534784454265889}","{""COT_FRESH"": -2.0, ""FRESH_OR_CONSENSUS"": -2.0, ""HELIOS_CONSENSUS"": 0.0, ""KEEP"": 0.0, ""OPAL_ALL"": -2.0}",False,False,0.6610688032095913
2024-05-28,2024-05-29,2024-05-31,2024,2024-05,0,-0.0007679836540957,0.8896002089701829,0.7463694379331062,0.8896002089701829,0.8896002089701829,0.8896002089701829,STRUCTURAL_IRIS,63,-2,53,0.4116952232972507,0.2096343575642364,False,True,False,False,0.8896002089701829,0.1910737171172738,1,False,1,,False,6,6,0,0,0.5,False,0.8896002089701829,0.8896002089701829,0.8896002089701829,0.1910737171172738,2024-05-21,2024-05-28,False,0,False,,0.8896002089701829,False,32,10,2,8,-6,0.0353478445426588,False,False,False,False,0.8896002089701829,"{""COT_FRESH"": 0.03534784454265889, ""FRESH_OR_CONSENSUS"": 0.03534784454265889, ""HELIOS_CONSENSUS"": 0.44697823318601154, ""KEEP"": 0.44697823318601154, ""OPAL_ALL"": 0.03534784454265889}","{""COT_FRESH"": -2.0, ""FRESH_OR_CONSENSUS"": -2.0, ""HELIOS_CONSENSUS"": 0.0, ""KEEP"": 0.0, ""OPAL_ALL"": -2.0}",False,False,0.8896002089701829
2024-05-29,2024-05-30,2024-06-03,2024,2024-05,0,-0.0069444723528111,0.6096154755654235,0.4290417412631028,0.6096154755654235,0.6096154755654235,0.6096154755654235,STRUCTURAL_IRIS,63,-1,53,0.4116952232972507,0.2096343575642364,False,False,False,False,0.6096154755654235,0.5267878415336089,0,False,1,,False,6,6,0,0,0.5,False,0.6096154755654235,0.6096154755654235,0.6096154755654235,0.5267878415336089,2024-05-21,2024-05-28,False,0,False,,0.6096154755654235,False,32,10,2,8,-6,0.0353478445426588,False,False,False,False,0.6096154755654235,"{""COT_FRESH"": 0.03534784454265889, ""FRESH_OR_CONSENSUS"": 0.03534784454265889, ""HELIOS_CONSENSUS"": 0.44697823318601154, ""KEEP"": 0.44697823318601154, ""OPAL_ALL"": 0.03534784454265889}","{""COT_FRESH"": -2.0, ""FRESH_OR_CONSENSUS"": -2.0, ""HELIOS_CONSENSUS"": 0.0, ""KEEP"": 0.0, ""OPAL_ALL"": -2.0}",False,False,0.6096154755654235
2024-05-30,2024-05-31,2024-06-04,2024,2024-05,0,-0.0030205354956072,0.6804855618211002,0.6071584381878391,0.6804855618211002,0.6804855618211002,0.6804855618211002,STRUCTURAL_IRIS,63,0,54,0.4824246938504591,0.3549537790544605,False,False,False,False,0.6804855618211002,0.4574014850208786,0,False,1,,False,6,6,0,0,0.5,False,0.6804855618211002,0.6804855618211002,0.6804855618211002,0.4574014850208786,2024-05-21,2024-05-28,False,0,False,,0.6804855618211002,False,32,10,2,8,-6,0.0353478445426588,False,False,False,False,0.6804855618211002,"{""COT_FRESH"": 0.03534784454265889, ""FRESH_OR_CONSENSUS"": 0.03534784454265889, ""HELIOS_CONSENSUS"": 0.44697823318601154, ""KEEP"": 0.44697823318601154, ""OPAL_ALL"": 0.03534784454265889}","{""COT_FRESH"": -2.0, ""FRESH_OR_CONSENSUS"": -2.0, ""HELIOS_CONSENSUS"": 0.0, ""KEEP"": 0.0, ""OPAL_ALL"": -2.0}",False,False,0.6804855618211002
2024-05-31,2024-06-03,2024-06-05,2024,2024-06,0,-0.0045560114315239,0.3506195844245184,0.3371512579765666,0.3506195844245184,0.3506195844245184,0.3506195844245184,STRUCTURAL_IRIS,63,0,54,0.4824246938504591,0.3549537790544605,False,False,False,False,0.3506195844245184,0.5008978034099295,0,False,0,,False,6,6,0,0,0.5,False,0.3506195844245184,0.3506195844245184,0.3506195844245184,0.5008978034099295,2024-05-21,2024-05-28,False,0,False,,0.3506195844245184,False,32,10,2,8,-6,0.0353478445426588,False,False,False,False,0.3506195844245184,"{""COT_FRESH"": 0.03534784454265889, ""FRESH_OR_CONSENSUS"": 0.03534784454265889, ""HELIOS_CONSENSUS"": 0.44697823318601154, ""KEEP"": 0.44697823318601154, ""OPAL_ALL"": 0.03534784454265889}","{""COT_FRESH"": -2.0, ""FRESH_OR_CONSENSUS"": -2.0, ""HELIOS_CONSENSUS"": 0.0, ""KEEP"": 0.0, ""OPAL_ALL"": -2.0}",False,False,0.3506195844245184
2024-06-03,2024-06-04,2024-06-06,2024,2024-06,1,0.0154307252277054,0.8086570548311315,0.801228758508502,0.8086570548311315,0.8086570548311315,0.8086570548311315,STRUCTURAL_IRIS,63,2,55,0.5595326418924884,0.5181163825585143,False,False,False,False,0.8086570548311315,0.1483328242654192,0,False,1,,False,6,6,0,0,0.5,False,0.8086570548311315,0.8086570548311315,0.8086570548311315,0.1483328242654192,2024-05-21,2024-05-28,False,0,False,,0.8086570548311315,False,32,10,2,8,-6,0.0353478445426588,False,False,False,False,0.8086570548311315,"{""COT_FRESH"": 0.03534784454265889, ""FRESH_OR_CONSENSUS"": 0.03534784454265889, ""HELIOS_CONSENSUS"": 0.44697823318601154, ""KEEP"": 0.44697823318601154, ""OPAL_ALL"": 0.03534784454265889}","{""COT_FRESH"": -2.0, ""FRESH_OR_CONSENSUS"": -2.0, ""HELIOS_CONSENSUS"": 0.0, ""KEEP"": 0.0, ""OPAL_ALL"": -2.0}",False,False,0.8086570548311315
2024-06-04,2024-06-05,2024-06-07,2024,2024-06,1,0.003213026219218,0.3854722830909474,0.4974561066471489,0.3854722830909474,0.3854722830909474,0.3854722830909474,STRUCTURAL_IRIS,63,2,55,0.5595326418924884,0.5181163825585143,False,False,False,False,0.3854722830909474,0.645202460328857,0,False,0,,False,6,6,0,0,0.5,False,0.3854722830909474,0.3854722830909474,0.3854722830909474,0.645202460328857,2024-05-28,2024-06-04,False,0,False,,0.3854722830909474,False,32,10,2,8,-6,0.0353478445426588,False,False,False,False,0.3854722830909474,"{""COT_FRESH"": 0.03534784454265889, ""FRESH_OR_CONSENSUS"": 0.03534784454265889, ""HELIOS_CONSENSUS"": 0.44697823318601154, ""KEEP"": 0.44697823318601154, ""OPAL_ALL"": 0.03534784454265889}","{""COT_FRESH"": -2.0, ""FRESH_OR_CONSENSUS"": -2.0, ""HELIOS_CONSENSUS"": 0.0, ""KEEP"": 0.0, ""OPAL_ALL"": -2.0}",False,False,0.3854722830909474
2024-06-05,2024-06-06,2024-06-10,2024,2024-06,0,-0.0149466053855106,0.7397453914298295,0.8056056989542859,0.7397453914298295,0.7397453914298295,0.7397453914298295,STRUCTURAL_IRIS,63,2,55,0.5595326418924884,0.5181163825585143,False,False,False,False,0.7397453914298295,0.1287083626820688,0,False,1,,False,6,6,0,0,0.5,False,0.7397453914298295,0.7397453914298295,0.7397453914298295,0.1287083626820688,2024-05-28,2024-06-04,False,0,False,,0.7397453914298295,False,32,10,2,8,-6,0.0353478445426588,False,False,False,False,0.7397453914298295,"{""COT_FRESH"": 0.03534784454265889, ""FRESH_OR_CONSENSUS"": 0.03534784454265889, ""HELIOS_CONSENSUS"": 0.44697823318601154, ""KEEP"": 0.44697823318601154, ""OPAL_ALL"": 0.03534784454265889}","{""COT_FRESH"": -2.0, ""FRESH_OR_CONSENSUS"": -2.0, ""HELIOS_CONSENSUS"": 0.0, ""KEEP"": 0.0, ""OPAL_ALL"": -2.0}",False,False,0.7397453914298295
2024-06-06,2024-06-07,2024-06-11,2024,2024-06,0,-0.0250262345362576,0.6988355013445288,0.7387584742814858,0.6988355013445288,0.6988355013445288,0.6988355013445288,STRUCTURAL_IRIS,63,2,55,0.5595326418924884,0.5181163825585143,False,False,False,False,0.6988355013445288,0.2407809145293157,0,False,1,,False,6,6,0,0,0.5,False,0.6988355013445288,0.6988355013445288,0.6988355013445288,0.2407809145293157,2024-05-28,2024-06-04,False,0,False,,0.6988355013445288,False,32,10,2,8,-6,0.0353478445426588,False,False,False,False,0.6988355013445288,"{""COT_FRESH"": 0.03534784454265889, ""FRESH_OR_CONSENSUS"": 0.03534784454265889, ""HELIOS_CONSENSUS"": 0.44697823318601154, ""KEEP"": 0.44697823318601154, ""OPAL_ALL"": 0.03534784454265889}","{""COT_FRESH"": -2.0, ""FRESH_OR_CONSENSUS"": -2.0, ""HELIOS_CONSENSUS"": 0.0, ""KEEP"": 0.0, ""OPAL_ALL"": -2.0}",False,False,0.6988355013445288
2024-06-07,2024-06-10,2024-06-12,2024,2024-06,0,-0.0099293729889533,0.0624389120103388,0.052217156331898,0.0624389120103388,0.0624389120103388,0.0624389120103388,STRUCTURAL_IRIS,63,2,55,0.5595326418924884,0.5181163825585143,False,False,False,False,0.0624389120103388,0.2693613132892489,0,False,0,,False,6,6,0,0,0.5,False,0.0624389120103388,0.0624389120103388,0.0624389120103388,0.2693613132892489,2024-05-28,2024-06-04,False,0,False,,0.0624389120103388,False,32,10,2,8,-6,0.0353478445426588,False,False,False,False,0.0624389120103388,"{""COT_FRESH"": 0.03534784454265889, ""FRESH_OR_CONSENSUS"": 0.03534784454265889, ""HELIOS_CONSENSUS"": 0.44697823318601154, ""KEEP"": 0.44697823318601154, ""OPAL_ALL"": 0.03534784454265889}","{""COT_FRESH"": -2.0, ""FRESH_OR_CONSENSUS"": -2.0, ""HELIOS_CONSENSUS"": 0.0, ""KEEP"": 0.0, ""OPAL_ALL"": -2.0}",False,False,0.0624389120103388
2024-06-10,2024-06-11,2024-06-13,2024,2024-06,1,0.0081058094446682,0.7406853545739607,0.7211703581431034,0.7406853545739607,0.7406853545739607,0.7406853545739607,STRUCTURAL_IRIS,63,2,55,0.5595326418924884,0.5181163825585143,False,True,False,False,0.7406853545739607,0.1543772262010696,1,False,1,,False,6,6,0,0,0.5,False,0.7406853545739607,0.7406853545739607,0.7406853545739607,0.1543772262010696,2024-05-28,2024-06-04,False,0,False,,0.7406853545739607,False,32,10,2,8,-6,0.0353478445426588,False,False,False,False,0.7406853545739607,"{""COT_FRESH"": 0.03534784454265889, ""FRESH_OR_CONSENSUS"": 0.03534784454265889, ""HELIOS_CONSENSUS"": 0.44697823318601154, ""KEEP"": 0.44697823318601154, ""OPAL_ALL"": 0.03534784454265889}","{""COT_FRESH"": -2.0, ""FRESH_OR_CONSENSUS"": -2.0, ""HELIOS_CONSENSUS"": 0.0, ""KEEP"": 0.0, ""OPAL_ALL"": -2.0}",False,False,0.7406853545739607
2024-06-11,2024-06-12,2024-06-14,2024,2024-06,1,0.0062345961138659,0.7000652409254879,0.6634371953944689,0.7000652409254879,0.7000652409254879,0.7000652409254879,STRUCTURAL_IRIS,63,1,55,0.5595326418924884,0.5181163825585143,False,True,False,False,0.7000652409254879,0.318220304532616,1,False,1,,False,6,6,0,0,0.5,False,0.7000652409254879,0.7000652409254879,0.7000652409254879,0.318220304532616,2024-06-04,2024-06-11,False,0,False,,0.7000652409254879,False,32,10,2,8,-6,0.0353478445426588,False,False,False,False,0.7000652409254879,"{""COT_FRESH"": 0.03534784454265889, ""FRESH_OR_CONSENSUS"": 0.03534784454265889, ""HELIOS_CONSENSUS"": 0.44697823318601154, ""KEEP"": 0.44697823318601154, ""OPAL_ALL"": 0.03534784454265889}","{""COT_FRESH"": -2.0, ""FRESH_OR_CONSENSUS"": -2.0, ""HELIOS_CONSENSUS"": 0.0, ""KEEP"": 0.0, ""OPAL_ALL"": -2.0}",False,False,0.7000652409254879
2024-06-12,2024-06-13,2024-06-17,2024,2024-06,1,0.0025023742456523,0.6865576702932547,0.6384953692713129,0.6865576702932547,0.6865576702932547,0.6865576702932547,STRUCTURAL_IRIS,63,1,55,0.5595326418924884,0.5181163825585143,False,False,False,False,0.6865576702932547,0.4251843231409387,0,False,1,,False,6,6,0,0,0.5,False,0.6865576702932547,0.6865576702932547,0.6865576702932547,0.4251843231409387,2024-06-04,2024-06-11,False,0,False,,0.6865576702932547,False,32,10,2,8,-6,0.0353478445426588,False,False,False,False,0.6865576702932547,"{""COT_FRESH"": 0.03534784454265889, ""FRESH_OR_CONSENSUS"": 0.03534784454265889, ""HELIOS_CONSENSUS"": 0.44697823318601154, ""KEEP"": 0.44697823318601154, ""OPAL_ALL"": 0.03534784454265889}","{""COT_FRESH"": -2.0, ""FRESH_OR_CONSENSUS"": -2.0, ""HELIOS_CONSENSUS"": 0.0, ""KEEP"": 0.0, ""OPAL_ALL"": -2.0}",False,False,0.6865576702932547
2024-06-13,2024-06-14,2024-06-18,2024,2024-06,0,-0.001858094044227,0.3486512394624565,0.3336140730652781,0.3486512394624565,0.3486512394624565,0.3486512394624565,STRUCTURAL_IRIS,63,1,55,0.5595326418924884,0.5181163825585143,False,False,False,False,0.3486512394624565,0.6131334141866384,0,False,0,,False,6,6,0,0,0.5,False,0.3486512394624565,0.3486512394624565,0.3486512394624565,0.6131334141866384,2024-06-04,2024-06-11,False,0,False,,0.3486512394624565,False,32,10,2,8,-6,0.0353478445426588,False,False,False,False,0.3486512394624565,"{""COT_FRESH"": 0.03534784454265889, ""FRESH_OR_CONSENSUS"": 0.03534784454265889, ""HELIOS_CONSENSUS"": 0.44697823318601154, ""KEEP"": 0.44697823318601154, ""OPAL_ALL"": 0.03534784454265889}","{""COT_FRESH"": -2.0, ""FRESH_OR_CONSENSUS"": -2.0, ""HELIOS_CONSENSUS"": 0.0, ""KEEP"": 0.0, ""OPAL_ALL"": -2.0}",False,False,0.3486512394624565
2024-06-14,2024-06-17,2024-06-19,2024,2024-06,1,0.0050371433595877,0.7334156462709364,0.6748827302247641,0.7334156462709364,0.7334156462709364,0.7334156462709364,STRUCTURAL_IRIS,63,1,55,0.5595326418924884,0.5181163825585143,False,False,False,False,0.7334156462709364,0.2239998328464421,0,False,1,,False,6,6,0,0,0.5,False,0.7334156462709364,0.7334156462709364,0.7334156462709364,0.2239998328464421,2024-06-04,2024-06-11,False,0,False,,0.7334156462709364,False,32,10,2,8,-6,0.0353478445426588,False,False,False,False,0.7334156462709364,"{""COT_FRESH"": 0.03534784454265889, ""FRESH_OR_CONSENSUS"": 0.03534784454265889, ""HELIOS_CONSENSUS"": 0.44697823318601154, ""KEEP"": 0.44697823318601154, ""OPAL_ALL"": 0.03534784454265889}","{""COT_FRESH"": -2.0, ""FRESH_OR_CONSENSUS"": -2.0, ""HELIOS_CONSENSUS"": 0.0, ""KEEP"": 0.0, ""OPAL_ALL"": -2.0}",False,False,0.7334156462709364
2024-06-17,2024-06-18,2024-06-20,2024,2024-06,1,0.0052646968699658,0.6173867459733045,0.5106886185907381,0.6173867459733045,0.6173867459733045,0.6173867459733045,STRUCTURAL_IRIS,63,1,55,0.5595326418924884,0.5181163825585143,False,False,False,False,0.6173867459733045,0.6811231547689002,0,False,1,,False,6,6,0,0,0.5,False,0.6173867459733045,0.6173867459733045,0.6173867459733045,0.6811231547689002,2024-06-04,2024-06-11,False,0,False,,0.6173867459733045,False,32,10,2,8,-6,0.0353478445426588,False,False,False,False,0.6173867459733045,"{""COT_FRESH"": 0.03534784454265889, ""FRESH_OR_CONSENSUS"": 0.03534784454265889, ""HELIOS_CONSENSUS"": 0.44697823318601154, ""KEEP"": 0.44697823318601154, ""OPAL_ALL"": 0.03534784454265889}","{""COT_FRESH"": -2.0, ""FRESH_OR_CONSENSUS"": -2.0, ""HELIOS_CONSENSUS"": 0.0, ""KEEP"": 0.0, ""OPAL_ALL"": -2.0}",False,False,0.6173867459733045
2024-06-18,2024-06-19,2024-06-21,2024,2024-06,1,0.0222205226699878,0.8475264031341474,0.773664236493373,0.8475264031341474,0.8475264031341474,0.8475264031341474,STRUCTURAL_IRIS,63,1,55,0.5595326418924884,0.5181163825585143,False,False,False,False,0.8475264031341474,0.2333725197091949,0,False,1,,False,6,6,0,0,0.5,False,0.8475264031341474,0.8475264031341474,0.8475264031341474,0.2333725197091949,2024-06-11,2024-06-18,False,0,False,,0.8475264031341474,False,32,10,2,8,-6,0.0353478445426588,False,False,False,False,0.8475264031341474,"{""COT_FRESH"": 0.03534784454265889, ""FRESH_OR_CONSENSUS"": 0.03534784454265889, ""HELIOS_CONSENSUS"": 0.44697823318601154, ""KEEP"": 0.44697823318601154, ""OPAL_ALL"": 0.03534784454265889}","{""COT_FRESH"": -2.0, ""FRESH_OR_CONSENSUS"": -2.0, ""HELIOS_CONSENSUS"": 0.0, ""KEEP"": 0.0, ""OPAL_ALL"": -2.0}",False,False,0.8475264031341474
2024-06-20,2024-06-21,2024-06-25,2024,2024-06,0,-0.0002357808106777,0.9049802580243328,0.8506541154538652,0.9049802580243328,0.9049802580243328,0.9049802580243328,STRUCTURAL_IRIS,63,1,55,0.5595326418924884,0.5181163825585143,False,False,False,False,0.9049802580243328,0.2228980664462191,0,False,1,,False,6,6,0,0,0.5,False,0.9049802580243328,0.9049802580243328,0.9049802580243328,0.2228980664462191,2024-06-11,2024-06-18,False,0,False,,0.9049802580243328,False,32,10,2,8,-6,0.0353478445426588,False,False,False,False,0.9049802580243328,"{""COT_FRESH"": 0.03534784454265889, ""FRESH_OR_CONSENSUS"": 0.03534784454265889, ""HELIOS_CONSENSUS"": 0.44697823318601154, ""KEEP"": 0.44697823318601154, ""OPAL_ALL"": 0.03534784454265889}","{""COT_FRESH"": -2.0, ""FRESH_OR_CONSENSUS"": -2.0, ""HELIOS_CONSENSUS"": 0.0, ""KEEP"": 0.0, ""OPAL_ALL"": -2.0}",False,False,0.9049802580243328
2024-06-21,2024-06-24,2024-06-26,2024,2024-06,0,-0.0204703628723225,0.127375376788168,0.0894003630191639,0.127375376788168,0.127375376788168,0.127375376788168,STRUCTURAL_IRIS,63,1,55,0.5595326418924884,0.5181163825585143,False,False,False,False,0.127375376788168,0.2396802674134683,0,False,0,,False,6,6,0,0,0.5,False,0.127375376788168,0.127375376788168,0.127375376788168,0.2396802674134683,2024-06-11,2024-06-18,False,0,False,,0.127375376788168,False,32,10,2,8,-6,0.0353478445426588,False,False,False,False,0.127375376788168,"{""COT_FRESH"": 0.03534784454265889, ""FRESH_OR_CONSENSUS"": 0.03534784454265889, ""HELIOS_CONSENSUS"": 0.44697823318601154, ""KEEP"": 0.44697823318601154, ""OPAL_ALL"": 0.03534784454265889}","{""COT_FRESH"": -2.0, ""FRESH_OR_CONSENSUS"": -2.0, ""HELIOS_CONSENSUS"": 0.0, ""KEEP"": 0.0, ""OPAL_ALL"": -2.0}",False,False,0.127375376788168
2024-06-24,2024-06-25,2024-06-27,2024,2024-06,0,-0.0071802367672301,0.6260418336238269,0.5323026946766133,0.6260418336238269,0.6260418336238269,0.6260418336238269,STRUCTURAL_IRIS,63,1,55,0.5595326418924884,0.5181163825585143,False,False,False,False,0.6260418336238269,0.4142677456671691,0,False,1,,False,6,6,0,0,0.5,False,0.6260418336238269,0.6260418336238269,0.6260418336238269,0.4142677456671691,2024-06-11,2024-06-18,False,0,False,,0.6260418336238269,False,32,10,2,8,-6,0.0353478445426588,False,False,False,False,0.6260418336238269,"{""COT_FRESH"": 0.03534784454265889, ""FRESH_OR_CONSENSUS"": 0.03534784454265889, ""HELIOS_CONSENSUS"": 0.44697823318601154, ""KEEP"": 0.44697823318601154, ""OPAL_ALL"": 0.03534784454265889}","{""COT_FRESH"": -2.0, ""FRESH_OR_CONSENSUS"": -2.0, ""HELIOS_CONSENSUS"": 0.0, ""KEEP"": 0.0, ""OPAL_ALL"": -2.0}",False,False,0.6260418336238269
2024-06-25,2024-06-26,2024-06-28,2024,2024-06,0,-0.0020600865654861,0.3925900522223782,0.371924532468432,0.3925900522223782,0.3925900522223782,0.3925900522223782,STRUCTURAL_IRIS,63,1,55,0.5595326418924884,0.5181163825585143,False,False,False,False,0.3925900522223782,0.5002278373679245,0,False,0,,False,6,6,0,0,0.5,False,0.3925900522223782,0.3925900522223782,0.3925900522223782,0.5002278373679245,2024-06-18,2024-06-25,False,0,False,,0.3925900522223782,False,32,10,2,8,-6,0.0353478445426588,False,False,False,False,0.3925900522223782,"{""COT_FRESH"": 0.03534784454265889, ""FRESH_OR_CONSENSUS"": 0.03534784454265889, ""HELIOS_CONSENSUS"": 0.44697823318601154, ""KEEP"": 0.44697823318601154, ""OPAL_ALL"": 0.03534784454265889}","{""COT_FRESH"": -2.0, ""FRESH_OR_CONSENSUS"": -2.0, ""HELIOS_CONSENSUS"": 0.0, ""KEEP"": 0.0, ""OPAL_ALL"": -2.0}",False,False,0.3925900522223782
2024-06-26,2024-06-27,2024-07-01,2024,2024-06,1,0.0050388788542097,0.3061897246985879,0.2796966643648992,0.3061897246985879,0.3061897246985879,0.3061897246985879,STRUCTURAL_IRIS,63,1,55,0.5595326418924884,0.5181163825585143,False,False,False,False,0.3061897246985879,0.4638455441493239,0,False,0,,False,6,6,0,0,0.5,False,0.3061897246985879,0.3061897246985879,0.3061897246985879,0.4638455441493239,2024-06-18,2024-06-25,False,0,False,,0.3061897246985879,False,32,10,2,8,-6,0.0353478445426588,False,False,False,False,0.3061897246985879,"{""COT_FRESH"": 0.03534784454265889, ""FRESH_OR_CONSENSUS"": 0.03534784454265889, ""HELIOS_CONSENSUS"": 0.44697823318601154, ""KEEP"": 0.44697823318601154, ""OPAL_ALL"": 0.03534784454265889}","{""COT_FRESH"": -2.0, ""FRESH_OR_CONSENSUS"": -2.0, ""HELIOS_CONSENSUS"": 0.0, ""KEEP"": 0.0, ""OPAL_ALL"": -2.0}",False,False,0.3061897246985879
2024-06-27,2024-06-28,2024-07-02,2024,2024-06,1,0.0079533994705792,0.7405009544451759,0.7459050803648195,0.7405009544451759,0.7405009544451759,0.7405009544451759,STRUCTURAL_IRIS,63,1,55,0.5595326418924884,0.5181163825585143,False,True,False,False,0.7405009544451759,0.1322616707324873,1,False,1,,False,6,6,0,0,0.5,False,0.7405009544451759,0.7405009544451759,0.7405009544451759,0.1322616707324873,2024-06-18,2024-06-25,False,0,False,,0.7405009544451759,False,32,10,2,8,-6,0.0353478445426588,False,False,False,False,0.7405009544451759,"{""COT_FRESH"": 0.03534784454265889, ""FRESH_OR_CONSENSUS"": 0.03534784454265889, ""HELIOS_CONSENSUS"": 0.44697823318601154, ""KEEP"": 0.44697823318601154, ""OPAL_ALL"": 0.03534784454265889}","{""COT_FRESH"": -2.0, ""FRESH_OR_CONSENSUS"": -2.0, ""HELIOS_CONSENSUS"": 0.0, ""KEEP"": 0.0, ""OPAL_ALL"": -2.0}",False,False,0.7405009544451759
2024-06-28,2024-07-01,2024-07-03,2024,2024-07,1,0.0064023858194496,0.3979853073308958,0.4617296400742278,0.3979853073308958,0.3979853073308958,0.3979853073308958,STRUCTURAL_IRIS,63,1,55,0.5595326418924884,0.5181163825585143,True,False,False,True,0.7020315571935091,0.7020315571935091,1,True,0,1.0,False,6,6,0,0,0.5,False,0.3979853073308958,0.3979853073308958,0.3979853073308958,0.7020315571935091,2024-06-18,2024-06-25,True,1,True,1.0,0.3979853073308958,False,32,10,2,8,-6,0.5530217668139883,False,False,False,False,0.3979853073308958,"{""COT_FRESH"": 0.03534784454265889, ""FRESH_OR_CONSENSUS"": 0.03534784454265889, ""HELIOS_CONSENSUS"": 0.44697823318601154, ""KEEP"": 0.44697823318601154, ""OPAL_ALL"": 0.03534784454265889}","{""COT_FRESH"": -2.0, ""FRESH_OR_CONSENSUS"": -2.0, ""HELIOS_CONSENSUS"": 0.0, ""KEEP"": 0.0, ""OPAL_ALL"": -2.0}",False,False,0.3979853073308958
2024-07-01,2024-07-02,2024-07-04,2024,2024-07,1,0.012550858455882,0.6064939712070734,0.608040606764373,0.6064939712070734,0.6064939712070734,0.6064939712070734,STRUCTURAL_IRIS,63,2,55,0.5595326418924884,0.5181163825585143,False,False,False,False,0.6064939712070734,0.5459968431341712,0,False,1,,False,6,6,0,0,0.5,False,0.6064939712070734,0.6064939712070734,0.6064939712070734,0.5459968431341712,2024-06-18,2024-06-25,False,0,False,,0.6064939712070734,False,32,10,2,8,-6,0.0353478445426588,False,False,False,False,0.6064939712070734,"{""COT_FRESH"": 0.03534784454265889, ""FRESH_OR_CONSENSUS"": 0.03534784454265889, ""HELIOS_CONSENSUS"": 0.44697823318601154, ""KEEP"": 0.44697823318601154, ""OPAL_ALL"": 0.03534784454265889}","{""COT_FRESH"": -2.0, ""FRESH_OR_CONSENSUS"": -2.0, ""HELIOS_CONSENSUS"": 0.0, ""KEEP"": 0.0, ""OPAL_ALL"": -2.0}",False,False,0.6064939712070734
2024-07-02,2024-07-03,2024-07-05,2024,2024-07,1,0.0154870116353644,0.5294608918202994,0.5192018584876025,0.5294608918202994,0.5294608918202994,0.5294608918202994,STRUCTURAL_IRIS,63,1,55,0.5595326418924884,0.5181163825585143,False,False,False,False,0.5294608918202994,0.7436773540877757,0,False,1,,False,6,6,0,0,0.5,False,0.5294608918202994,0.5294608918202994,0.5294608918202994,0.7436773540877757,2024-06-25,2024-07-02,False,0,False,,0.5294608918202994,False,32,10,2,8,-6,0.0353478445426588,False,False,False,False,0.5294608918202994,"{""COT_FRESH"": 0.03534784454265889, ""FRESH_OR_CONSENSUS"": 0.03534784454265889, ""HELIOS_CONSENSUS"": 0.44697823318601154, ""KEEP"": 0.44697823318601154, ""OPAL_ALL"": 0.03534784454265889}","{""COT_FRESH"": -2.0, ""FRESH_OR_CONSENSUS"": -2.0, ""HELIOS_CONSENSUS"": 0.0, ""KEEP"": 0.0, ""OPAL_ALL"": -2.0}",False,False,0.5294608918202994
2024-07-03,2024-07-04,2024-07-08,2024,2024-07,1,0.0123458358222993,0.6987410334299062,0.6058817634368864,0.6987410334299062,0.6987410334299062,0.6987410334299062,STRUCTURAL_IRIS,63,0,55,0.5595326418924884,0.5181163825585143,False,False,False,False,0.6987410334299062,0.3969056178806387,0,False,1,,False,7,7,0,0,0.5,False,0.6987410334299062,0.6987410334299062,0.6987410334299062,0.3969056178806387,2024-06-25,2024-07-02,False,0,False,,0.6987410334299062,False,32,10,2,8,-6,0.1634406354333527,False,False,False,False,0.6987410334299062,"{""COT_FRESH"": 0.04596193698875369, ""FRESH_OR_CONSENSUS"": 0.04596193698875369, ""HELIOS_CONSENSUS"": 0.5811948551557872, ""KEEP"": 0.16344063543335274, ""OPAL_ALL"": 0.16344063543335274}","{""COT_FRESH"": -1.0, ""FRESH_OR_CONSENSUS"": -1.0, ""HELIOS_CONSENSUS"": 1.0, ""KEEP"": 0.0, ""OPAL_ALL"": 0.0}",False,False,0.6987410334299062
2024-07-05,2024-07-08,2024-07-10,2024,2024-07,1,0.0031868332780063,0.8260421432289784,0.8011234770042679,0.8260421432289784,0.8260421432289784,0.8260421432289784,STRUCTURAL_IRIS,63,0,55,0.5595326418924884,0.5181163825585143,False,False,False,False,0.8260421432289784,0.2441722037038794,0,False,1,,False,7,7,0,0,0.5,False,0.8260421432289784,0.8260421432289784,0.8260421432289784,0.2441722037038794,2024-06-25,2024-07-02,False,0,False,,0.8260421432289784,False,32,10,2,8,-6,0.1634406354333527,False,False,False,False,0.8260421432289784,"{""COT_FRESH"": 0.04596193698875369, ""FRESH_OR_CONSENSUS"": 0.04596193698875369, ""HELIOS_CONSENSUS"": 0.5811948551557872, ""KEEP"": 0.16344063543335274, ""OPAL_ALL"": 0.16344063543335274}","{""COT_FRESH"": -1.0, ""FRESH_OR_CONSENSUS"": -1.0, ""HELIOS_CONSENSUS"": 1.0, ""KEEP"": 0.0, ""OPAL_ALL"": 0.0}",False,False,0.8260421432289784
2024-07-08,2024-07-09,2024-07-11,2024,2024-07,1,0.0050050575546079,0.4092970895454857,0.3702943194271819,0.4092970895454857,0.4092970895454857,0.4092970895454857,STRUCTURAL_IRIS,63,0,55,0.5595326418924884,0.5181163825585143,False,False,False,False,0.4092970895454857,0.6031623572920646,0,False,0,,False,7,7,0,0,0.5,False,0.4092970895454857,0.4092970895454857,0.4092970895454857,0.6031623572920646,2024-06-25,2024-07-02,False,0,False,,0.4092970895454857,False,32,10,2,8,-6,0.1634406354333527,False,False,False,False,0.4092970895454857,"{""COT_FRESH"": 0.04596193698875369, ""FRESH_OR_CONSENSUS"": 0.04596193698875369, ""HELIOS_CONSENSUS"": 0.5811948551557872, ""KEEP"": 0.16344063543335274, ""OPAL_ALL"": 0.16344063543335274}","{""COT_FRESH"": -1.0, ""FRESH_OR_CONSENSUS"": -1.0, ""HELIOS_CONSENSUS"": 1.0, ""KEEP"": 0.0, ""OPAL_ALL"": 0.0}",False,False,0.4092970895454857
2024-07-09,2024-07-10,2024-07-12,2024,2024-07,1,0.0175183592854909,0.5639794815576533,0.568169405937031,0.5639794815576533,0.5639794815576533,0.5639794815576533,STRUCTURAL_IRIS,63,0,55,0.5595326418924884,0.5181163825585143,False,False,False,False,0.5639794815576533,0.6374434808784074,0,False,1,,False,7,7,0,0,0.5,False,0.5639794815576533,0.5639794815576533,0.5639794815576533,0.6374434808784074,2024-07-02,2024-07-09,False,0,False,,0.5639794815576533,False,32,10,2,8,-6,0.1634406354333527,False,False,False,False,0.5639794815576533,"{""COT_FRESH"": 0.04596193698875369, ""FRESH_OR_CONSENSUS"": 0.04596193698875369, ""HELIOS_CONSENSUS"": 0.5811948551557872, ""KEEP"": 0.16344063543335274, ""OPAL_ALL"": 0.16344063543335274}","{""COT_FRESH"": -1.0, ""FRESH_OR_CONSENSUS"": -1.0, ""HELIOS_CONSENSUS"": 1.0, ""KEEP"": 0.0, ""OPAL_ALL"": 0.0}",False,False,0.5639794815576533
2024-07-10,2024-07-11,2024-07-15,2024,2024-07,1,0.0148913112725635,0.4116085417064059,0.4765086340640181,0.4116085417064059,0.4116085417064059,0.4116085417064059,STRUCTURAL_IRIS,63,0,55,0.5595326418924884,0.5181163825585143,True,False,False,True,0.735962199001952,0.735962199001952,1,True,0,1.0,False,7,7,0,0,0.5,False,0.4116085417064059,0.4116085417064059,0.4116085417064059,0.735962199001952,2024-07-02,2024-07-09,True,1,True,1.0,0.4116085417064059,False,32,10,2,8,-6,0.8365593645666474,False,False,False,False,0.4116085417064059,"{""COT_FRESH"": 0.04596193698875369, ""FRESH_OR_CONSENSUS"": 0.04596193698875369, ""HELIOS_CONSENSUS"": 0.5811948551557872, ""KEEP"": 0.16344063543335274, ""OPAL_ALL"": 0.16344063543335274}","{""COT_FRESH"": -1.0, ""FRESH_OR_CONSENSUS"": -1.0, ""HELIOS_CONSENSUS"": 1.0, ""KEEP"": 0.0, ""OPAL_ALL"": 0.0}",False,False,0.4116085417064059
2024-07-11,2024-07-12,2024-07-16,2024,2024-07,1,0.0231406373767168,0.8388159187088454,0.8613676112049931,0.8388159187088454,0.8388159187088454,0.8388159187088454,STRUCTURAL_IRIS,63,0,55,0.5595326418924884,0.5181163825585143,False,False,False,False,0.8388159187088454,0.3565170323181254,0,False,1,,False,7,7,0,0,0.5,False,0.8388159187088454,0.8388159187088454,0.8388159187088454,0.3565170323181254,2024-07-02,2024-07-09,False,0,False,,0.8388159187088454,False,32,10,2,8,-6,0.1634406354333527,False,False,False,False,0.8388159187088454,"{""COT_FRESH"": 0.04596193698875369, ""FRESH_OR_CONSENSUS"": 0.04596193698875369, ""HELIOS_CONSENSUS"": 0.5811948551557872, ""KEEP"": 0.16344063543335274, ""OPAL_ALL"": 0.16344063543335274}","{""COT_FRESH"": -1.0, ""FRESH_OR_CONSENSUS"": -1.0, ""HELIOS_CONSENSUS"": 1.0, ""KEEP"": 0.0, ""OPAL_ALL"": 0.0}",False,False,0.8388159187088454
2024-07-12,2024-07-15,2024-07-17,2024,2024-07,1,0.027163430273123,0.5122747694051398,0.5791472717700474,0.5122747694051398,0.5122747694051398,0.5122747694051398,STRUCTURAL_IRIS,63,0,55,0.5595326418924884,0.5181163825585143,False,False,False,False,0.5122747694051398,0.5937980863962772,0,False,1,,False,7,7,0,0,0.5,False,0.5122747694051398,0.5122747694051398,0.5122747694051398,0.5937980863962772,2024-07-02,2024-07-09,False,0,False,,0.5122747694051398,False,32,10,2,8,-6,0.1634406354333527,False,False,False,False,0.5122747694051398,"{""COT_FRESH"": 0.04596193698875369, ""FRESH_OR_CONSENSUS"": 0.04596193698875369, ""HELIOS_CONSENSUS"": 0.5811948551557872, ""KEEP"": 0.16344063543335274, ""OPAL_ALL"": 0.16344063543335274}","{""COT_FRESH"": -1.0, ""FRESH_OR_CONSENSUS"": -1.0, ""HELIOS_CONSENSUS"": 1.0, ""KEEP"": 0.0, ""OPAL_ALL"": 0.0}",False,False,0.5122747694051398
2024-07-15,2024-07-16,2024-07-18,2024,2024-07,1,0.0239784227222772,0.5096907804714454,0.6163783373863324,0.5096907804714454,0.5096907804714454,0.5096907804714454,STRUCTURAL_IRIS,63,0,55,0.5595326418924884,0.5181163825585143,False,False,False,False,0.5096907804714454,0.5142679843641228,0,False,1,,True,8,8,5,3,0.6,False,0.5096907804714454,0.5096907804714454,0.5096907804714454,0.5142679843641228,2024-07-02,2024-07-09,False,0,False,,0.5096907804714454,False,32,10,2,8,-6,0.3785711264253605,False,False,False,False,0.5096907804714454,"{""COT_FRESH"": 0.10645982997061453, ""FRESH_OR_CONSENSUS"": 0.10645982997061453, ""HELIOS_CONSENSUS"": 0.3785711264253605, ""KEEP"": 0.029938087208049975, ""OPAL_ALL"": 0.3785711264253605}","{""COT_FRESH"": 1.0, ""FRESH_OR_CONSENSUS"": 1.0, ""HELIOS_CONSENSUS"": 2.0, ""KEEP"": 0.0, ""OPAL_ALL"": 2.0}",False,False,0.5096907804714454
2024-07-16,2024-07-17,2024-07-19,2024,2024-07,0,-0.0097011151844104,0.7867535752490776,0.8683065369176206,0.7867535752490776,0.7867535752490776,0.7867535752490776,STRUCTURAL_IRIS,63,0,55,0.5595326418924884,0.5181163825585143,False,False,False,False,0.7867535752490776,0.2762721194631921,0,False,1,,True,8,8,5,3,0.6,False,0.7867535752490776,0.7867535752490776,0.7867535752490776,0.2762721194631921,2024-07-09,2024-07-16,False,0,False,,0.7867535752490776,False,32,10,2,8,-6,0.3785711264253605,False,False,False,False,0.7867535752490776,"{""COT_FRESH"": 0.10645982997061453, ""FRESH_OR_CONSENSUS"": 0.10645982997061453, ""HELIOS_CONSENSUS"": 0.3785711264253605, ""KEEP"": 0.029938087208049975, ""OPAL_ALL"": 0.3785711264253605}","{""COT_FRESH"": 1.0, ""FRESH_OR_CONSENSUS"": 1.0, ""HELIOS_CONSENSUS"": 2.0, ""KEEP"": 0.0, ""OPAL_ALL"": 2.0}",False,False,0.7867535752490776
2024-07-17,2024-07-18,2024-07-22,2024,2024-07,0,-0.0283079403917093,0.2317516914731761,0.3083449510381825,0.2317516914731761,0.2317516914731761,0.2317516914731761,STRUCTURAL_IRIS,63,0,55,0.5595326418924884,0.5181163825585143,False,True,False,False,0.2317516914731761,0.6539396611292975,1,False,0,,True,8,8,5,3,0.6,False,0.2317516914731761,0.2317516914731761,0.2317516914731761,0.6539396611292975,2024-07-09,2024-07-16,False,0,False,,0.2317516914731761,False,32,10,2,8,-6,0.3785711264253605,False,False,False,False,0.2317516914731761,"{""COT_FRESH"": 0.10645982997061453, ""FRESH_OR_CONSENSUS"": 0.10645982997061453, ""HELIOS_CONSENSUS"": 0.3785711264253605, ""KEEP"": 0.029938087208049975, ""OPAL_ALL"": 0.3785711264253605}","{""COT_FRESH"": 1.0, ""FRESH_OR_CONSENSUS"": 1.0, ""HELIOS_CONSENSUS"": 2.0, ""KEEP"": 0.0, ""OPAL_ALL"": 2.0}",False,False,0.2317516914731761
2024-07-18,2024-07-19,2024-07-23,2024,2024-07,0,-0.0256613826349793,0.1077701004074297,0.1842884047339452,0.1077701004074297,0.1077701004074297,0.1077701004074297,STRUCTURAL_IRIS,63,0,55,0.5595326418924884,0.5181163825585143,False,False,False,False,0.1077701004074297,0.4187640284161966,0,False,0,,True,8,8,5,3,0.6,False,0.1077701004074297,0.1077701004074297,0.1077701004074297,0.4187640284161966,2024-07-09,2024-07-16,False,0,False,,0.1077701004074297,False,32,10,2,8,-6,0.3785711264253605,False,False,False,False,0.1077701004074297,"{""COT_FRESH"": 0.10645982997061453, ""FRESH_OR_CONSENSUS"": 0.10645982997061453, ""HELIOS_CONSENSUS"": 0.3785711264253605, ""KEEP"": 0.029938087208049975, ""OPAL_ALL"": 0.3785711264253605}","{""COT_FRESH"": 1.0, ""FRESH_OR_CONSENSUS"": 1.0, ""HELIOS_CONSENSUS"": 2.0, ""KEEP"": 0.0, ""OPAL_ALL"": 2.0}",False,False,0.1077701004074297
2024-07-19,2024-07-22,2024-07-24,2024,2024-07,0,-0.0018644740335185,0.1946845973575697,0.2727301361547343,0.1946845973575697,0.1946845973575697,0.1946845973575697,STRUCTURAL_IRIS,63,0,55,0.5595326418924884,0.5181163825585143,False,False,False,False,0.1946845973575697,0.4579679653515587,0,False,0,,True,8,8,5,3,0.6,False,0.1946845973575697,0.1946845973575697,0.1946845973575697,0.4579679653515587,2024-07-09,2024-07-16,False,0,False,,0.1946845973575697,False,32,10,2,8,-6,0.3785711264253605,False,False,False,False,0.1946845973575697,"{""COT_FRESH"": 0.10645982997061453, ""FRESH_OR_CONSENSUS"": 0.10645982997061453, ""HELIOS_CONSENSUS"": 0.3785711264253605, ""KEEP"": 0.029938087208049975, ""OPAL_ALL"": 0.3785711264253605}","{""COT_FRESH"": 1.0, ""FRESH_OR_CONSENSUS"": 1.0, ""HELIOS_CONSENSUS"": 2.0, ""KEEP"": 0.0, ""OPAL_ALL"": 2.0}",False,False,0.1946845973575697
2024-07-22,2024-07-23,2024-07-25,2024,2024-07,0,-0.0126346583473936,0.4502879698137511,0.514806204962582,0.4502879698137511,0.4502879698137511,0.4502879698137511,STRUCTURAL_IRIS,63,0,55,0.5595326418924884,0.5181163825585143,False,False,False,True,0.735351083583598,0.735351083583598,0,False,0,,True,8,8,5,3,0.6,False,0.4502879698137511,0.4502879698137511,0.4502879698137511,0.735351083583598,2024-07-09,2024-07-16,True,1,True,0.0,0.5497120301862489,False,32,10,2,8,-6,0.5914907863665896,False,True,False,False,0.4502879698137511,"{""COT_FRESH"": 0.10645982997061453, ""FRESH_OR_CONSENSUS"": 0.10645982997061453, ""HELIOS_CONSENSUS"": 0.3785711264253605, ""KEEP"": 0.029938087208049975, ""OPAL_ALL"": 0.3785711264253605}","{""COT_FRESH"": 1.0, ""FRESH_OR_CONSENSUS"": 1.0, ""HELIOS_CONSENSUS"": 2.0, ""KEEP"": 0.0, ""OPAL_ALL"": 2.0}",False,False,0.4502879698137511
2024-07-23,2024-07-24,2024-07-26,2024,2024-07,0,-0.0125132413254484,0.4861099084238595,0.5836617429160323,0.4861099084238595,0.4861099084238595,0.4861099084238595,STRUCTURAL_IRIS,63,0,55,0.5595326418924884,0.5181163825585143,False,False,False,False,0.4861099084238595,0.4432808207450894,0,False,0,,True,8,8,5,3,0.6,False,0.4861099084238595,0.4861099084238595,0.4861099084238595,0.4432808207450894,2024-07-16,2024-07-23,False,0,False,,0.4861099084238595,False,32,10,2,8,-6,0.3785711264253605,False,False,False,False,0.4861099084238595,"{""COT_FRESH"": 0.10645982997061453, ""FRESH_OR_CONSENSUS"": 0.10645982997061453, ""HELIOS_CONSENSUS"": 0.3785711264253605, ""KEEP"": 0.029938087208049975, ""OPAL_ALL"": 0.3785711264253605}","{""COT_FRESH"": 1.0, ""FRESH_OR_CONSENSUS"": 1.0, ""HELIOS_CONSENSUS"": 2.0, ""KEEP"": 0.0, ""OPAL_ALL"": 2.0}",False,False,0.4861099084238595
2024-07-24,2024-07-25,2024-07-29,2024,2024-07,0,-0.0079943799209176,0.2290924650085419,0.2548650768224713,0.2290924650085419,0.2290924650085419,0.2290924650085419,STRUCTURAL_IRIS,63,0,55,0.5595326418924884,0.5181163825585143,False,False,False,False,0.2290924650085419,0.5908238724403956,0,False,0,,True,8,8,5,3,0.6,False,0.2290924650085419,0.2290924650085419,0.2290924650085419,0.5908238724403956,2024-07-16,2024-07-23,False,0,False,,0.2290924650085419,False,32,10,2,8,-6,0.3785711264253605,False,False,False,False,0.2290924650085419,"{""COT_FRESH"": 0.10645982997061453, ""FRESH_OR_CONSENSUS"": 0.10645982997061453, ""HELIOS_CONSENSUS"": 0.3785711264253605, ""KEEP"": 0.029938087208049975, ""OPAL_ALL"": 0.3785711264253605}","{""COT_FRESH"": 1.0, ""FRESH_OR_CONSENSUS"": 1.0, ""HELIOS_CONSENSUS"": 2.0, ""KEEP"": 0.0, ""OPAL_ALL"": 2.0}",False,False,0.2290924650085419
2024-07-25,2024-07-26,2024-07-30,2024,2024-07,1,0.0075204118828283,0.3502290312316465,0.4052862742582617,0.3502290312316465,0.3502290312316465,0.3502290312316465,STRUCTURAL_IRIS,63,-2,56,0.4553236430576209,0.3226083064966784,False,False,False,False,0.3502290312316465,0.6511049396148235,0,False,0,,True,8,8,5,3,0.6,False,0.3502290312316465,0.3502290312316465,0.3502290312316465,0.6511049396148235,2024-07-16,2024-07-23,False,0,False,,0.3502290312316465,False,33,10,2,8,-6,0.0657567518902454,False,False,False,False,0.3502290312316465,"{""COT_FRESH"": 0.018491776411362508, ""FRESH_OR_CONSENSUS"": 0.018491776411362508, ""HELIOS_CONSENSUS"": 0.8315029433967842, ""KEEP"": 0.06575675189024544, ""OPAL_ALL"": 0.06575675189024544}","{""COT_FRESH"": -1.0, ""FRESH_OR_CONSENSUS"": -1.0, ""HELIOS_CONSENSUS"": 2.0, ""KEEP"": 0.0, ""OPAL_ALL"": 0.0}",False,False,0.3502290312316465
2024-07-26,2024-07-29,2024-07-31,2024,2024-07,1,0.0187942914006342,0.6562187257791292,0.6918445712842016,0.6562187257791292,0.6562187257791292,0.6562187257791292,STRUCTURAL_IRIS,63,-2,57,0.4039893849516532,0.2139910824746106,False,True,False,False,0.6562187257791292,0.3077503997501922,1,False,1,,True,8,8,5,3,0.6,False,0.6562187257791292,0.6562187257791292,0.6562187257791292,0.3077503997501922,2024-07-16,2024-07-23,False,0,False,,0.6562187257791292,False,33,10,2,8,-6,0.0657567518902454,False,False,False,False,0.6562187257791292,"{""COT_FRESH"": 0.018491776411362508, ""FRESH_OR_CONSENSUS"": 0.018491776411362508, ""HELIOS_CONSENSUS"": 0.8315029433967842, ""KEEP"": 0.06575675189024544, ""OPAL_ALL"": 0.06575675189024544}","{""COT_FRESH"": -1.0, ""FRESH_OR_CONSENSUS"": -1.0, ""HELIOS_CONSENSUS"": 2.0, ""KEEP"": 0.0, ""OPAL_ALL"": 0.0}",False,False,0.6562187257791292
2024-07-29,2024-07-30,2024-08-01,2024,2024-07,1,0.0173643533307305,0.5140142109735305,0.4799388017651809,0.5140142109735305,0.5140142109735305,0.5140142109735305,STRUCTURAL_IRIS,63,-2,57,0.4039893849516532,0.2139910824746106,False,False,False,False,0.5140142109735305,0.6693003423963816,0,False,1,,True,8,8,5,3,0.6,False,0.5140142109735305,0.5140142109735305,0.5140142109735305,0.6693003423963816,2024-07-16,2024-07-23,False,0,False,,0.5140142109735305,False,33,10,2,8,-6,0.0657567518902454,False,False,False,False,0.5140142109735305,"{""COT_FRESH"": 0.018491776411362508, ""FRESH_OR_CONSENSUS"": 0.018491776411362508, ""HELIOS_CONSENSUS"": 0.8315029433967842, ""KEEP"": 0.06575675189024544, ""OPAL_ALL"": 0.06575675189024544}","{""COT_FRESH"": -1.0, ""FRESH_OR_CONSENSUS"": -1.0, ""HELIOS_CONSENSUS"": 2.0, ""KEEP"": 0.0, ""OPAL_ALL"": 0.0}",False,False,0.5140142109735305
2024-07-30,2024-07-31,2024-08-02,2024,2024-07,1,0.0299348249958592,0.7904427687979456,0.7856512936427521,0.7904427687979456,0.7904427687979456,0.7904427687979456,STRUCTURAL_IRIS,63,-2,57,0.4039893849516532,0.2139910824746106,False,True,False,False,0.7904427687979456,0.3946442771230162,1,False,1,,True,8,8,5,3,0.6,False,0.7904427687979456,0.7904427687979456,0.7904427687979456,0.3946442771230162,2024-07-23,2024-07-30,False,0,False,,0.7904427687979456,False,33,10,2,8,-6,0.0657567518902454,False,False,False,False,0.7904427687979456,"{""COT_FRESH"": 0.018491776411362508, ""FRESH_OR_CONSENSUS"": 0.018491776411362508, ""HELIOS_CONSENSUS"": 0.8315029433967842, ""KEEP"": 0.06575675189024544, ""OPAL_ALL"": 0.06575675189024544}","{""COT_FRESH"": -1.0, ""FRESH_OR_CONSENSUS"": -1.0, ""HELIOS_CONSENSUS"": 2.0, ""KEEP"": 0.0, ""OPAL_ALL"": 0.0}",False,False,0.7904427687979456
2024-07-31,2024-08-01,2024-08-05,2024,2024-08,1,0.0008881820737351,0.9091773752469138,0.90299013481752,0.9091773752469138,0.9091773752469138,0.9091773752469138,STRUCTURAL_IRIS,63,-1,57,0.4039893849516532,0.2139910824746106,False,True,False,False,0.9091773752469138,0.3202406248005858,1,False,1,,True,8,8,5,3,0.6,False,0.9091773752469138,0.9091773752469138,0.9091773752469138,0.3202406248005858,2024-07-23,2024-07-30,False,0,False,,0.9091773752469138,False,33,10,2,8,-6,0.0657567518902454,False,False,False,False,0.9091773752469138,"{""COT_FRESH"": 0.018491776411362508, ""FRESH_OR_CONSENSUS"": 0.018491776411362508, ""HELIOS_CONSENSUS"": 0.8315029433967842, ""KEEP"": 0.06575675189024544, ""OPAL_ALL"": 0.06575675189024544}","{""COT_FRESH"": -1.0, ""FRESH_OR_CONSENSUS"": -1.0, ""HELIOS_CONSENSUS"": 2.0, ""KEEP"": 0.0, ""OPAL_ALL"": 0.0}",False,False,0.9091773752469138
2024-08-01,2024-08-02,2024-08-06,2024,2024-08,0,-0.0081887362893832,0.8017480210309536,0.735506413382079,0.8017480210309536,0.8017480210309536,0.8017480210309536,STRUCTURAL_IRIS,63,-2,58,0.3667263933879892,0.1451129383474214,False,False,False,False,0.8017480210309536,0.4376680713371546,0,False,1,,True,8,8,5,3,0.6,False,0.8017480210309536,0.8017480210309536,0.8017480210309536,0.4376680713371546,2024-07-23,2024-07-30,False,0,False,,0.8017480210309536,False,33,10,2,8,-6,0.0657567518902454,False,False,False,False,0.8017480210309536,"{""COT_FRESH"": 0.018491776411362508, ""FRESH_OR_CONSENSUS"": 0.018491776411362508, ""HELIOS_CONSENSUS"": 0.8315029433967842, ""KEEP"": 0.06575675189024544, ""OPAL_ALL"": 0.06575675189024544}","{""COT_FRESH"": -1.0, ""FRESH_OR_CONSENSUS"": -1.0, ""HELIOS_CONSENSUS"": 2.0, ""KEEP"": 0.0, ""OPAL_ALL"": 0.0}",False,False,0.8017480210309536
2024-08-02,2024-08-05,2024-08-07,2024,2024-08,0,-0.0283873550090945,0.4100122136320621,0.3267757031497034,0.4100122136320621,0.4100122136320621,0.4100122136320621,STRUCTURAL_IRIS,63,-2,58,0.3667263933879892,0.1451129383474214,False,False,False,False,0.4100122136320621,0.6955169428568414,0,False,0,,True,8,8,5,3,0.6,False,0.4100122136320621,0.4100122136320621,0.4100122136320621,0.6955169428568414,2024-07-23,2024-07-30,False,0,False,,0.4100122136320621,False,33,10,2,8,-6,0.0657567518902454,False,False,False,False,0.4100122136320621,"{""COT_FRESH"": 0.018491776411362508, ""FRESH_OR_CONSENSUS"": 0.018491776411362508, ""HELIOS_CONSENSUS"": 0.8315029433967842, ""KEEP"": 0.06575675189024544, ""OPAL_ALL"": 0.06575675189024544}","{""COT_FRESH"": -1.0, ""FRESH_OR_CONSENSUS"": -1.0, ""HELIOS_CONSENSUS"": 2.0, ""KEEP"": 0.0, ""OPAL_ALL"": 0.0}",False,False,0.4100122136320621
2024-08-05,2024-08-06,2024-08-08,2024,2024-08,0,-0.0105645382279717,0.461021387191998,0.4376689639311686,0.461021387191998,0.461021387191998,0.461021387191998,STRUCTURAL_IRIS,63,-3,58,0.3667263933879892,0.1451129383474214,False,False,False,True,0.7065865841343345,0.7065865841343345,0,False,0,,True,8,8,5,3,0.6,False,0.461021387191998,0.461021387191998,0.461021387191998,0.7065865841343345,2024-07-23,2024-07-30,True,1,True,0.0,0.461021387191998,False,33,10,2,8,-6,0.1027403047129704,False,True,False,False,0.461021387191998,"{""COT_FRESH"": 0.018491776411362508, ""FRESH_OR_CONSENSUS"": 0.018491776411362508, ""HELIOS_CONSENSUS"": 0.8315029433967842, ""KEEP"": 0.06575675189024544, ""OPAL_ALL"": 0.06575675189024544}","{""COT_FRESH"": -1.0, ""FRESH_OR_CONSENSUS"": -1.0, ""HELIOS_CONSENSUS"": 2.0, ""KEEP"": 0.0, ""OPAL_ALL"": 0.0}",False,False,0.461021387191998
2024-08-06,2024-08-07,2024-08-09,2024,2024-08,1,0.0038448864961714,0.2588220196016624,0.2163021163986343,0.2588220196016624,0.2588220196016624,0.2588220196016624,STRUCTURAL_IRIS,63,-3,58,0.3667263933879892,0.1451129383474214,False,False,False,False,0.2588220196016624,0.5059829160018421,0,False,0,,True,8,8,5,3,0.6,False,0.2588220196016624,0.2588220196016624,0.2588220196016624,0.5059829160018421,2024-07-30,2024-08-06,False,0,False,,0.2588220196016624,False,33,10,2,8,-6,0.0657567518902454,False,False,False,False,0.2588220196016624,"{""COT_FRESH"": 0.018491776411362508, ""FRESH_OR_CONSENSUS"": 0.018491776411362508, ""HELIOS_CONSENSUS"": 0.8315029433967842, ""KEEP"": 0.06575675189024544, ""OPAL_ALL"": 0.06575675189024544}","{""COT_FRESH"": -1.0, ""FRESH_OR_CONSENSUS"": -1.0, ""HELIOS_CONSENSUS"": 2.0, ""KEEP"": 0.0, ""OPAL_ALL"": 0.0}",False,False,0.2588220196016624
2024-08-07,2024-08-08,2024-08-12,2024,2024-08,1,0.0203732007543529,0.454065394206851,0.361375912612085,0.454065394206851,0.454065394206851,0.454065394206851,STRUCTURAL_IRIS,63,-3,58,0.3667263933879892,0.1451129383474214,False,False,False,False,0.454065394206851,0.5903193604442911,0,False,0,,True,8,8,5,3,0.6,False,0.454065394206851,0.454065394206851,0.454065394206851,0.5903193604442911,2024-07-30,2024-08-06,False,0,False,,0.454065394206851,False,33,10,2,8,-6,0.0657567518902454,False,False,False,False,0.454065394206851,"{""COT_FRESH"": 0.018491776411362508, ""FRESH_OR_CONSENSUS"": 0.018491776411362508, ""HELIOS_CONSENSUS"": 0.8315029433967842, ""KEEP"": 0.06575675189024544, ""OPAL_ALL"": 0.06575675189024544}","{""COT_FRESH"": -1.0, ""FRESH_OR_CONSENSUS"": -1.0, ""HELIOS_CONSENSUS"": 2.0, ""KEEP"": 0.0, ""OPAL_ALL"": 0.0}",False,False,0.454065394206851
2024-08-08,2024-08-09,2024-08-13,2024,2024-08,1,0.0264590210939927,0.86898782174701,0.859355523501663,0.86898782174701,0.86898782174701,0.86898782174701,STRUCTURAL_IRIS,63,-3,58,0.3667263933879892,0.1451129383474214,False,False,False,False,0.86898782174701,0.1563910154695608,0,False,1,,True,8,8,5,3,0.6,False,0.86898782174701,0.86898782174701,0.86898782174701,0.1563910154695608,2024-07-30,2024-08-06,False,0,False,,0.86898782174701,False,34,10,2,8,-6,0.0056965596608044,False,False,False,False,0.86898782174701,"{""COT_FRESH"": 0.005696559660804486, ""FRESH_OR_CONSENSUS"": 0.005696559660804486, ""HELIOS_CONSENSUS"": 0.9108765603917521, ""KEEP"": 0.0720337606258343, ""OPAL_ALL"": 0.005696559660804486}","{""COT_FRESH"": -2.0, ""FRESH_OR_CONSENSUS"": -2.0, ""HELIOS_CONSENSUS"": 2.0, ""KEEP"": 0.0, ""OPAL_ALL"": -2.0}",False,False,0.86898782174701
2024-08-09,2024-08-12,2024-08-14,2024,2024-08,1,0.0198353948233205,0.6223779548156269,0.6102553281265287,0.6223779548156269,0.6223779548156269,0.6223779548156269,STRUCTURAL_IRIS,63,-3,58,0.3667263933879892,0.1451129383474214,False,False,False,False,0.6223779548156269,0.4749612468453458,0,False,1,,True,8,8,5,3,0.6,False,0.6223779548156269,0.6223779548156269,0.6223779548156269,0.4749612468453458,2024-07-30,2024-08-06,False,0,False,,0.6223779548156269,False,34,10,2,8,-6,0.0056965596608044,False,False,False,False,0.6223779548156269,"{""COT_FRESH"": 0.005696559660804486, ""FRESH_OR_CONSENSUS"": 0.005696559660804486, ""HELIOS_CONSENSUS"": 0.9108765603917521, ""KEEP"": 0.0720337606258343, ""OPAL_ALL"": 0.005696559660804486}","{""COT_FRESH"": -2.0, ""FRESH_OR_CONSENSUS"": -2.0, ""HELIOS_CONSENSUS"": 2.0, ""KEEP"": 0.0, ""OPAL_ALL"": -2.0}",False,False,0.6223779548156269
2024-08-12,2024-08-13,2024-08-15,2024,2024-08,1,0.0057774717444013,0.8940801028687162,0.8410988903237054,0.8940801028687162,0.8940801028687162,0.8940801028687162,STRUCTURAL_IRIS,63,-3,58,0.3667263933879892,0.1451129383474214,False,False,False,False,0.8940801028687162,0.1401774081588599,0,False,1,,True,8,8,5,3,0.6,False,0.8940801028687162,0.8940801028687162,0.8940801028687162,0.1401774081588599,2024-07-30,2024-08-06,False,0,False,,0.8940801028687162,False,34,10,2,8,-6,0.0056965596608044,False,False,False,False,0.8940801028687162,"{""COT_FRESH"": 0.005696559660804486, ""FRESH_OR_CONSENSUS"": 0.005696559660804486, ""HELIOS_CONSENSUS"": 0.9108765603917521, ""KEEP"": 0.0720337606258343, ""OPAL_ALL"": 0.005696559660804486}","{""COT_FRESH"": -2.0, ""FRESH_OR_CONSENSUS"": -2.0, ""HELIOS_CONSENSUS"": 2.0, ""KEEP"": 0.0, ""OPAL_ALL"": -2.0}",False,False,0.8940801028687162
2024-08-13,2024-08-14,2024-08-16,2024,2024-08,1,0.000650049792326,0.6542214162410043,0.599804916845415,0.6542214162410043,0.6542214162410043,0.6542214162410043,STRUCTURAL_IRIS,63,-3,58,0.3667263933879892,0.1451129383474214,False,False,True,False,0.6542214162410043,0.5014466861744648,1,False,1,,True,8,8,5,3,0.6,False,0.6542214162410043,0.6542214162410043,0.6542214162410043,0.5014466861744648,2024-08-06,2024-08-13,False,0,False,,0.6542214162410043,False,34,10,2,8,-6,0.0056965596608044,False,False,False,False,0.6542214162410043,"{""COT_FRESH"": 0.005696559660804486, ""FRESH_OR_CONSENSUS"": 0.005696559660804486, ""HELIOS_CONSENSUS"": 0.9108765603917521, ""KEEP"": 0.0720337606258343, ""OPAL_ALL"": 0.005696559660804486}","{""COT_FRESH"": -2.0, ""FRESH_OR_CONSENSUS"": -2.0, ""HELIOS_CONSENSUS"": 2.0, ""KEEP"": 0.0, ""OPAL_ALL"": -2.0}",False,False,0.6542214162410043
2024-08-14,2024-08-15,2024-08-19,2024,2024-08,1,0.0112831920787133,0.2348379573684507,0.1948651079587764,0.2348379573684507,0.2348379573684507,0.2348379573684507,STRUCTURAL_IRIS,63,-3,58,0.3667263933879892,0.1451129383474214,False,False,False,False,0.2348379573684507,0.3835825124283963,0,False,0,,True,8,8,5,3,0.6,False,0.2348379573684507,0.2348379573684507,0.2348379573684507,0.3835825124283963,2024-08-06,2024-08-13,False,0,False,,0.2348379573684507,False,34,10,2,8,-6,0.0056965596608044,False,False,False,False,0.2348379573684507,"{""COT_FRESH"": 0.005696559660804486, ""FRESH_OR_CONSENSUS"": 0.005696559660804486, ""HELIOS_CONSENSUS"": 0.9108765603917521, ""KEEP"": 0.0720337606258343, ""OPAL_ALL"": 0.005696559660804486}","{""COT_FRESH"": -2.0, ""FRESH_OR_CONSENSUS"": -2.0, ""HELIOS_CONSENSUS"": 2.0, ""KEEP"": 0.0, ""OPAL_ALL"": -2.0}",False,False,0.2348379573684507
2024-08-15,2024-08-16,2024-08-20,2024,2024-08,1,0.0262379951691946,0.6439558422065804,0.5083754806963812,0.6439558422065804,0.6439558422065804,0.6439558422065804,STRUCTURAL_IRIS,63,-2,58,0.3667263933879892,0.1451129383474214,False,False,True,False,0.6439558422065804,0.6360589706451037,1,False,1,,True,8,8,5,3,0.6,False,0.6439558422065804,0.6439558422065804,0.6439558422065804,0.6360589706451037,2024-08-06,2024-08-13,False,0,False,,0.6439558422065804,False,34,10,2,8,-6,0.0056965596608044,False,False,False,False,0.6439558422065804,"{""COT_FRESH"": 0.005696559660804486, ""FRESH_OR_CONSENSUS"": 0.005696559660804486, ""HELIOS_CONSENSUS"": 0.9108765603917521, ""KEEP"": 0.0720337606258343, ""OPAL_ALL"": 0.005696559660804486}","{""COT_FRESH"": -2.0, ""FRESH_OR_CONSENSUS"": -2.0, ""HELIOS_CONSENSUS"": 2.0, ""KEEP"": 0.0, ""OPAL_ALL"": -2.0}",False,False,0.6439558422065804
2024-08-16,2024-08-19,2024-08-21,2024,2024-08,1,0.018311107620457,0.9563784174551722,0.9310666661488304,0.9563784174551722,0.9563784174551722,0.9563784174551722,STRUCTURAL_IRIS,63,-1,58,0.3667263933879892,0.1451129383474214,False,False,False,False,0.9563784174551722,0.1927773266754249,0,False,1,,True,8,8,5,3,0.6,False,0.9563784174551722,0.9563784174551722,0.9563784174551722,0.1927773266754249,2024-08-06,2024-08-13,False,0,False,,0.9563784174551722,False,34,10,2,8,-6,0.0056965596608044,False,False,False,False,0.9563784174551722,"{""COT_FRESH"": 0.005696559660804486, ""FRESH_OR_CONSENSUS"": 0.005696559660804486, ""HELIOS_CONSENSUS"": 0.9108765603917521, ""KEEP"": 0.0720337606258343, ""OPAL_ALL"": 0.005696559660804486}","{""COT_FRESH"": -2.0, ""FRESH_OR_CONSENSUS"": -2.0, ""HELIOS_CONSENSUS"": 2.0, ""KEEP"": 0.0, ""OPAL_ALL"": -2.0}",False,False,0.9563784174551722
2024-08-19,2024-08-20,2024-08-22,2024,2024-08,1,0.0020179222255625,0.5793624177099582,0.5765874104975165,0.5793624177099582,0.5793624177099582,0.5793624177099582,STRUCTURAL_IRIS,63,-1,58,0.3667263933879892,0.1451129383474214,False,False,True,False,0.5793624177099582,0.6266442602226397,1,False,1,,True,8,8,5,3,0.6,False,0.5793624177099582,0.5793624177099582,0.5793624177099582,0.6266442602226397,2024-08-06,2024-08-13,False,0,False,,0.5793624177099582,False,34,10,2,8,-6,0.0056965596608044,False,False,False,False,0.5793624177099582,"{""COT_FRESH"": 0.005696559660804486, ""FRESH_OR_CONSENSUS"": 0.005696559660804486, ""HELIOS_CONSENSUS"": 0.9108765603917521, ""KEEP"": 0.0720337606258343, ""OPAL_ALL"": 0.005696559660804486}","{""COT_FRESH"": -2.0, ""FRESH_OR_CONSENSUS"": -2.0, ""HELIOS_CONSENSUS"": 2.0, ""KEEP"": 0.0, ""OPAL_ALL"": -2.0}",False,False,0.5793624177099582
2024-08-20,2024-08-21,2024-08-23,2024,2024-08,0,-0.008463067129898,0.4877659557462058,0.4092026169833679,0.4877659557462058,0.4877659557462058,0.4877659557462058,STRUCTURAL_IRIS,63,-1,58,0.3667263933879892,0.1451129383474214,False,False,False,False,0.4877659557462058,0.6539577631212664,0,False,0,,True,8,8,5,3,0.6,False,0.4877659557462058,0.4877659557462058,0.4877659557462058,0.6539577631212664,2024-08-13,2024-08-20,False,0,False,,0.4877659557462058,False,34,10,2,8,-6,0.0056965596608044,False,False,False,False,0.4877659557462058,"{""COT_FRESH"": 0.005696559660804486, ""FRESH_OR_CONSENSUS"": 0.005696559660804486, ""HELIOS_CONSENSUS"": 0.9108765603917521, ""KEEP"": 0.0720337606258343, ""OPAL_ALL"": 0.005696559660804486}","{""COT_FRESH"": -2.0, ""FRESH_OR_CONSENSUS"": -2.0, ""HELIOS_CONSENSUS"": 2.0, ""KEEP"": 0.0, ""OPAL_ALL"": -2.0}",False,False,0.4877659557462058
2024-08-21,2024-08-22,2024-08-27,2024,2024-08,1,0.001056208310707,0.6539101345118439,0.6070302990026102,0.6539101345118439,0.6539101345118439,0.6539101345118439,STRUCTURAL_IRIS,63,0,58,0.3667263933879892,0.1451129383474214,False,False,False,False,0.6539101345118439,0.5861628316719948,0,False,1,,True,8,8,5,3,0.6,False,0.6539101345118439,0.6539101345118439,0.6539101345118439,0.5861628316719948,2024-08-13,2024-08-20,False,0,False,,0.6539101345118439,False,34,10,2,8,-6,0.0056965596608044,False,False,False,False,0.6539101345118439,"{""COT_FRESH"": 0.005696559660804486, ""FRESH_OR_CONSENSUS"": 0.005696559660804486, ""HELIOS_CONSENSUS"": 0.9108765603917521, ""KEEP"": 0.0720337606258343, ""OPAL_ALL"": 0.005696559660804486}","{""COT_FRESH"": -2.0, ""FRESH_OR_CONSENSUS"": -2.0, ""HELIOS_CONSENSUS"": 2.0, ""KEEP"": 0.0, ""OPAL_ALL"": -2.0}",False,False,0.6539101345118439
2024-08-22,2024-08-23,2024-08-28,2024,2024-08,1,0.0017748003023517,0.3346966771294168,0.2983165264968056,0.3346966771294168,0.3346966771294168,0.3346966771294168,STRUCTURAL_IRIS,63,0,58,0.3667263933879892,0.1451129383474214,False,False,False,False,0.3346966771294168,0.4480446411492716,0,False,0,,True,8,8,5,3,0.6,False,0.3346966771294168,0.3346966771294168,0.3346966771294168,0.4480446411492716,2024-08-13,2024-08-20,False,0,False,,0.3346966771294168,False,34,10,2,8,-6,0.0056965596608044,False,False,False,False,0.3346966771294168,"{""COT_FRESH"": 0.005696559660804486, ""FRESH_OR_CONSENSUS"": 0.005696559660804486, ""HELIOS_CONSENSUS"": 0.9108765603917521, ""KEEP"": 0.0720337606258343, ""OPAL_ALL"": 0.005696559660804486}","{""COT_FRESH"": -2.0, ""FRESH_OR_CONSENSUS"": -2.0, ""HELIOS_CONSENSUS"": 2.0, ""KEEP"": 0.0, ""OPAL_ALL"": -2.0}",False,False,0.3346966771294168
2024-08-23,2024-08-27,2024-08-29,2024,2024-08,1,0.0066768561996967,0.6711663465445908,0.6608210323757792,0.6711663465445908,0.6711663465445908,0.6711663465445908,STRUCTURAL_IRIS,63,-1,58,0.3667263933879892,0.1451129383474214,False,False,False,False,0.6711663465445908,0.3686824010823313,0,False,1,,True,8,8,5,3,0.6,False,0.6711663465445908,0.6711663465445908,0.6711663465445908,0.3686824010823313,2024-08-13,2024-08-20,False,0,False,,0.6711663465445908,False,34,10,2,8,-6,0.0056965596608044,False,False,False,False,0.6711663465445908,"{""COT_FRESH"": 0.005696559660804486, ""FRESH_OR_CONSENSUS"": 0.005696559660804486, ""HELIOS_CONSENSUS"": 0.9108765603917521, ""KEEP"": 0.0720337606258343, ""OPAL_ALL"": 0.005696559660804486}","{""COT_FRESH"": -2.0, ""FRESH_OR_CONSENSUS"": -2.0, ""HELIOS_CONSENSUS"": 2.0, ""KEEP"": 0.0, ""OPAL_ALL"": -2.0}",False,False,0.6711663465445908
2024-08-27,2024-08-28,2024-08-30,2024,2024-08,1,0.0055021044762574,0.7039186997213163,0.7076710206494045,0.7039186997213163,0.7039186997213163,0.7039186997213163,STRUCTURAL_IRIS,63,-1,58,0.3667263933879892,0.1451129383474214,False,False,False,False,0.7039186997213163,0.3203301324525854,0,False,1,,True,8,8,5,3,0.6,False,0.7039186997213163,0.7039186997213163,0.7039186997213163,0.3203301324525854,2024-08-20,2024-08-27,False,0,False,,0.7039186997213163,False,34,10,2,8,-6,0.0056965596608044,False,False,False,False,0.7039186997213163,"{""COT_FRESH"": 0.005696559660804486, ""FRESH_OR_CONSENSUS"": 0.005696559660804486, ""HELIOS_CONSENSUS"": 0.9108765603917521, ""KEEP"": 0.0720337606258343, ""OPAL_ALL"": 0.005696559660804486}","{""COT_FRESH"": -2.0, ""FRESH_OR_CONSENSUS"": -2.0, ""HELIOS_CONSENSUS"": 2.0, ""KEEP"": 0.0, ""OPAL_ALL"": -2.0}",False,False,0.7039186997213163
2024-08-28,2024-08-29,2024-09-02,2024,2024-08,0,-0.0030130421573527,0.423168517813647,0.5092024108596163,0.423168517813647,0.423168517813647,0.423168517813647,STRUCTURAL_IRIS,63,-1,58,0.3667263933879892,0.1451129383474214,False,False,False,True,0.7157769264719367,0.7157769264719367,0,False,0,,True,8,8,5,3,0.6,False,0.423168517813647,0.423168517813647,0.423168517813647,0.7157769264719367,2024-08-20,2024-08-27,True,1,True,0.0,0.423168517813647,False,34,10,2,8,-6,0.0170896789824134,False,True,False,False,0.423168517813647,"{""COT_FRESH"": 0.005696559660804486, ""FRESH_OR_CONSENSUS"": 0.005696559660804486, ""HELIOS_CONSENSUS"": 0.9108765603917521, ""KEEP"": 0.0720337606258343, ""OPAL_ALL"": 0.005696559660804486}","{""COT_FRESH"": -2.0, ""FRESH_OR_CONSENSUS"": -2.0, ""HELIOS_CONSENSUS"": 2.0, ""KEEP"": 0.0, ""OPAL_ALL"": -2.0}",False,False,0.423168517813647
2024-08-29,2024-08-30,2024-09-03,2024,2024-08,0,-0.0054976932686527,0.4984266399143367,0.5428554155228389,0.4984266399143367,0.4984266399143367,0.4984266399143367,STRUCTURAL_IRIS,63,-1,58,0.3667263933879892,0.1451129383474214,False,False,False,False,0.4984266399143367,0.6278109077436227,0,False,0,,True,8,8,5,3,0.6,False,0.4984266399143367,0.4984266399143367,0.4984266399143367,0.6278109077436227,2024-08-20,2024-08-27,False,0,False,,0.4984266399143367,False,34,10,2,8,-6,0.0056965596608044,False,False,False,False,0.4984266399143367,"{""COT_FRESH"": 0.005696559660804486, ""FRESH_OR_CONSENSUS"": 0.005696559660804486, ""HELIOS_CONSENSUS"": 0.9108765603917521, ""KEEP"": 0.0720337606258343, ""OPAL_ALL"": 0.005696559660804486}","{""COT_FRESH"": -2.0, ""FRESH_OR_CONSENSUS"": -2.0, ""HELIOS_CONSENSUS"": 2.0, ""KEEP"": 0.0, ""OPAL_ALL"": -2.0}",False,False,0.4984266399143367
2024-08-30,2024-09-02,2024-09-04,2024,2024-09,0,-0.0198862232867112,0.2681033123966952,0.2846993717938617,0.2681033123966952,0.2681033123966952,0.2681033123966952,STRUCTURAL_IRIS,63,-2,58,0.3667263933879892,0.1451129383474214,False,False,False,False,0.2681033123966952,0.4824102366986608,0,False,0,,True,8,8,5,3,0.6,False,0.2681033123966952,0.2681033123966952,0.2681033123966952,0.4824102366986608,2024-08-20,2024-08-27,False,0,False,,0.2681033123966952,False,34,10,2,8,-6,0.0056965596608044,False,False,False,False,0.2681033123966952,"{""COT_FRESH"": 0.005696559660804486, ""FRESH_OR_CONSENSUS"": 0.005696559660804486, ""HELIOS_CONSENSUS"": 0.9108765603917521, ""KEEP"": 0.0720337606258343, ""OPAL_ALL"": 0.005696559660804486}","{""COT_FRESH"": -2.0, ""FRESH_OR_CONSENSUS"": -2.0, ""HELIOS_CONSENSUS"": 2.0, ""KEEP"": 0.0, ""OPAL_ALL"": -2.0}",False,False,0.2681033123966952
2024-09-03,2024-09-04,2024-09-06,2024,2024-09,1,0.005755898742057,0.3566196390817907,0.4192000777502273,0.3566196390817907,0.3566196390817907,0.3566196390817907,STRUCTURAL_IRIS,63,-5,60,0.3045239720507103,0.0692958574644727,False,False,False,True,0.7362693497450473,0.7362693497450473,0,False,0,,True,8,8,5,3,0.6,False,0.3566196390817907,0.3566196390817907,0.3566196390817907,0.7362693497450473,2024-08-27,2024-09-03,True,1,True,1.0,0.3566196390817907,False,35,10,2,8,-6,0.0170896789824134,False,True,False,False,0.3566196390817907,"{""COT_FRESH"": 0.005696559660804486, ""FRESH_OR_CONSENSUS"": 0.005696559660804486, ""HELIOS_CONSENSUS"": 0.9108765603917521, ""KEEP"": 0.0720337606258343, ""OPAL_ALL"": 0.005696559660804486}","{""COT_FRESH"": -2.0, ""FRESH_OR_CONSENSUS"": -2.0, ""HELIOS_CONSENSUS"": 2.0, ""KEEP"": 0.0, ""OPAL_ALL"": -2.0}",False,False,0.3566196390817907
2024-09-04,2024-09-05,2024-09-09,2024,2024-09,1,0.0089316841678987,0.7586062520060255,0.7958687920921373,0.7586062520060255,0.7586062520060255,0.7586062520060255,STRUCTURAL_IRIS,63,-5,60,0.3045239720507103,0.0692958574644727,False,False,False,False,0.7586062520060255,0.2439865874542764,0,False,1,,True,8,8,5,3,0.6,False,0.7586062520060255,0.7586062520060255,0.7586062520060255,0.2439865874542764,2024-08-27,2024-09-03,False,0,False,,0.7586062520060255,False,35,10,2,8,-6,0.0056965596608044,False,False,False,False,0.7586062520060255,"{""COT_FRESH"": 0.005696559660804486, ""FRESH_OR_CONSENSUS"": 0.005696559660804486, ""HELIOS_CONSENSUS"": 0.9108765603917521, ""KEEP"": 0.0720337606258343, ""OPAL_ALL"": 0.005696559660804486}","{""COT_FRESH"": -2.0, ""FRESH_OR_CONSENSUS"": -2.0, ""HELIOS_CONSENSUS"": 2.0, ""KEEP"": 0.0, ""OPAL_ALL"": -2.0}",False,False,0.7586062520060255
2024-09-05,2024-09-06,2024-09-10,2024,2024-09,0,-0.0057778292708579,0.4569858441719118,0.5190280217168808,0.4569858441719118,0.4569858441719118,0.4569858441719118,STRUCTURAL_IRIS,63,-5,60,0.3045239720507103,0.0692958574644727,False,False,False,False,0.4569858441719118,0.5177628313082174,0,False,0,,True,8,8,5,3,0.6,False,0.4569858441719118,0.4569858441719118,0.4569858441719118,0.5177628313082174,2024-08-27,2024-09-03,False,0,False,,0.4569858441719118,False,35,10,2,8,-6,0.0056965596608044,False,False,False,False,0.4569858441719118,"{""COT_FRESH"": 0.005696559660804486, ""FRESH_OR_CONSENSUS"": 0.005696559660804486, ""HELIOS_CONSENSUS"": 0.9108765603917521, ""KEEP"": 0.0720337606258343, ""OPAL_ALL"": 0.005696559660804486}","{""COT_FRESH"": -2.0, ""FRESH_OR_CONSENSUS"": -2.0, ""HELIOS_CONSENSUS"": 2.0, ""KEEP"": 0.0, ""OPAL_ALL"": -2.0}",False,False,0.4569858441719118
2024-09-06,2024-09-09,2024-09-11,2024,2024-09,1,0.0016667993381924,0.2354362282940635,0.2784153619897245,0.2354362282940635,0.2354362282940635,0.2354362282940635,STRUCTURAL_IRIS,63,-5,60,0.3045239720507103,0.0692958574644727,False,False,False,False,0.2354362282940635,0.6696653487800585,0,False,0,,True,8,8,5,3,0.6,False,0.2354362282940635,0.2354362282940635,0.2354362282940635,0.6696653487800585,2024-08-27,2024-09-03,False,0,False,,0.2354362282940635,False,36,10,3,7,-4,0.016498593469505,False,False,False,False,0.2354362282940635,"{""COT_FRESH"": 0.016498593469505093, ""FRESH_OR_CONSENSUS"": 0.016498593469505093, ""HELIOS_CONSENSUS"": 0.7418772932691778, ""KEEP"": 0.20862692632230684, ""OPAL_ALL"": 0.016498593469505093}","{""COT_FRESH"": -2.0, ""FRESH_OR_CONSENSUS"": -2.0, ""HELIOS_CONSENSUS"": 1.0, ""KEEP"": 0.0, ""OPAL_ALL"": -2.0}",False,False,0.2354362282940635
2024-09-09,2024-09-10,2024-09-12,2024,2024-09,1,0.0079390826310685,0.7030188053238956,0.7311924386202364,0.7030188053238956,0.7030188053238956,0.7030188053238956,STRUCTURAL_IRIS,63,-5,60,0.3045239720507103,0.0692958574644727,False,False,False,False,0.7030188053238956,0.2711568714075115,0,False,1,,True,8,8,5,3,0.6,False,0.7030188053238956,0.7030188053238956,0.7030188053238956,0.2711568714075115,2024-08-27,2024-09-03,False,0,False,,0.7030188053238956,False,36,10,3,7,-4,0.016498593469505,False,False,False,False,0.7030188053238956,"{""COT_FRESH"": 0.016498593469505093, ""FRESH_OR_CONSENSUS"": 0.016498593469505093, ""HELIOS_CONSENSUS"": 0.7418772932691778, ""KEEP"": 0.20862692632230684, ""OPAL_ALL"": 0.016498593469505093}","{""COT_FRESH"": -2.0, ""FRESH_OR_CONSENSUS"": -2.0, ""HELIOS_CONSENSUS"": 1.0, ""KEEP"": 0.0, ""OPAL_ALL"": -2.0}",False,False,0.7030188053238956
2024-09-10,2024-09-11,2024-09-13,2024,2024-09,1,0.027200762467644,0.7124766947283515,0.7305591436165939,0.7124766947283515,0.7124766947283515,0.7124766947283515,STRUCTURAL_IRIS,63,-6,61,0.2758156607007938,0.0491664297137562,False,False,False,False,0.7124766947283515,0.2726396299501352,0,False,1,,True,8,8,5,3,0.6,False,0.7124766947283515,0.7124766947283515,0.7124766947283515,0.2726396299501352,2024-09-03,2024-09-10,False,0,False,,0.7124766947283515,False,36,10,3,7,-4,0.016498593469505,False,False,False,False,0.7124766947283515,"{""COT_FRESH"": 0.016498593469505093, ""FRESH_OR_CONSENSUS"": 0.016498593469505093, ""HELIOS_CONSENSUS"": 0.7418772932691778, ""KEEP"": 0.20862692632230684, ""OPAL_ALL"": 0.016498593469505093}","{""COT_FRESH"": -2.0, ""FRESH_OR_CONSENSUS"": -2.0, ""HELIOS_CONSENSUS"": 1.0, ""KEEP"": 0.0, ""OPAL_ALL"": -2.0}",False,False,0.7124766947283515
2024-09-11,2024-09-12,2024-09-16,2024,2024-09,1,0.0256602490472607,0.3546006689732793,0.387313831320921,0.3546006689732793,0.3546006689732793,0.3546006689732793,STRUCTURAL_IRIS,63,-6,61,0.2758156607007938,0.0491664297137562,False,False,False,False,0.3546006689732793,0.634848925754378,0,False,0,,True,8,8,5,3,0.6,False,0.3546006689732793,0.3546006689732793,0.3546006689732793,0.634848925754378,2024-09-03,2024-09-10,False,0,False,,0.3546006689732793,False,36,10,3,7,-4,0.016498593469505,False,False,False,False,0.3546006689732793,"{""COT_FRESH"": 0.016498593469505093, ""FRESH_OR_CONSENSUS"": 0.016498593469505093, ""HELIOS_CONSENSUS"": 0.7418772932691778, ""KEEP"": 0.20862692632230684, ""OPAL_ALL"": 0.016498593469505093}","{""COT_FRESH"": -2.0, ""FRESH_OR_CONSENSUS"": -2.0, ""HELIOS_CONSENSUS"": 1.0, ""KEEP"": 0.0, ""OPAL_ALL"": -2.0}",False,False,0.3546006689732793
2024-09-12,2024-09-13,2024-09-17,2024,2024-09,1,0.0231547741211206,0.9004605444884095,0.9028241172828876,0.9004605444884095,0.9004605444884095,0.9004605444884095,STRUCTURAL_IRIS,63,-6,61,0.2758156607007938,0.0491664297137562,False,False,False,False,0.9004605444884095,0.1475977756196187,0,False,1,,True,8,8,5,3,0.6,False,0.9004605444884095,0.9004605444884095,0.9004605444884095,0.1475977756196187,2024-09-03,2024-09-10,False,0,False,,0.9004605444884095,False,36,10,3,7,-4,0.016498593469505,False,False,False,False,0.9004605444884095,"{""COT_FRESH"": 0.016498593469505093, ""FRESH_OR_CONSENSUS"": 0.016498593469505093, ""HELIOS_CONSENSUS"": 0.7418772932691778, ""KEEP"": 0.20862692632230684, ""OPAL_ALL"": 0.016498593469505093}","{""COT_FRESH"": -2.0, ""FRESH_OR_CONSENSUS"": -2.0, ""HELIOS_CONSENSUS"": 1.0, ""KEEP"": 0.0, ""OPAL_ALL"": -2.0}",False,False,0.9004605444884095
2024-09-13,2024-09-16,2024-09-18,2024,2024-09,0,-0.0011673834428842,0.6642388182074725,0.6678686068349929,0.6642388182074725,0.6642388182074725,0.6642388182074725,STRUCTURAL_IRIS,63,-6,61,0.2758156607007938,0.0491664297137562,False,False,False,False,0.6642388182074725,0.3236926784057557,0,False,1,,True,8,8,5,3,0.6,False,0.6642388182074725,0.6642388182074725,0.6642388182074725,0.3236926784057557,2024-09-03,2024-09-10,False,0,False,,0.6642388182074725,False,36,10,3,7,-4,0.016498593469505,False,False,False,False,0.6642388182074725,"{""COT_FRESH"": 0.016498593469505093, ""FRESH_OR_CONSENSUS"": 0.016498593469505093, ""HELIOS_CONSENSUS"": 0.7418772932691778, ""KEEP"": 0.20862692632230684, ""OPAL_ALL"": 0.016498593469505093}","{""COT_FRESH"": -2.0, ""FRESH_OR_CONSENSUS"": -2.0, ""HELIOS_CONSENSUS"": 1.0, ""KEEP"": 0.0, ""OPAL_ALL"": -2.0}",False,False,0.6642388182074725
2024-09-16,2024-09-17,2024-09-19,2024,2024-09,1,0.0012166743807332,0.5372553222852414,0.4965284942232965,0.5372553222852414,0.5372553222852414,0.5372553222852414,STRUCTURAL_IRIS,63,-6,61,0.2758156607007938,0.0491664297137562,False,False,False,False,0.5372553222852414,0.7373642704973236,0,False,1,,True,8,8,5,3,0.6,False,0.5372553222852414,0.5372553222852414,0.5372553222852414,0.7373642704973236,2024-09-03,2024-09-10,False,0,False,,0.5372553222852414,False,36,10,3,7,-4,0.016498593469505,False,False,False,False,0.5372553222852414,"{""COT_FRESH"": 0.016498593469505093, ""FRESH_OR_CONSENSUS"": 0.016498593469505093, ""HELIOS_CONSENSUS"": 0.7418772932691778, ""KEEP"": 0.20862692632230684, ""OPAL_ALL"": 0.016498593469505093}","{""COT_FRESH"": -2.0, ""FRESH_OR_CONSENSUS"": -2.0, ""HELIOS_CONSENSUS"": 1.0, ""KEEP"": 0.0, ""OPAL_ALL"": -2.0}",False,False,0.5372553222852414
2024-09-17,2024-09-18,2024-09-20,2024,2024-09,1,0.0119454522063277,0.3849455208677671,0.378263585866385,0.3849455208677671,0.3849455208677671,0.3849455208677671,STRUCTURAL_IRIS,63,-6,61,0.2758156607007938,0.0491664297137562,False,False,False,False,0.3849455208677671,0.6810967496569651,0,False,0,,True,8,8,5,3,0.6,False,0.3849455208677671,0.3849455208677671,0.3849455208677671,0.6810967496569651,2024-09-10,2024-09-17,False,0,False,,0.3849455208677671,False,36,10,3,7,-4,0.016498593469505,False,False,False,False,0.3849455208677671,"{""COT_FRESH"": 0.016498593469505093, ""FRESH_OR_CONSENSUS"": 0.016498593469505093, ""HELIOS_CONSENSUS"": 0.7418772932691778, ""KEEP"": 0.20862692632230684, ""OPAL_ALL"": 0.016498593469505093}","{""COT_FRESH"": -2.0, ""FRESH_OR_CONSENSUS"": -2.0, ""HELIOS_CONSENSUS"": 1.0, ""KEEP"": 0.0, ""OPAL_ALL"": -2.0}",False,False,0.3849455208677671
2024-09-18,2024-09-19,2024-09-23,2024,2024-09,1,0.0188604788417462,0.2096391269846769,0.2238915859043461,0.2096391269846769,0.2096391269846769,0.2096391269846769,STRUCTURAL_IRIS,63,-6,61,0.2758156607007938,0.0491664297137562,True,False,False,True,0.7451857718909017,0.7451857718909017,1,True,0,1.0,True,8,8,5,3,0.6,True,0.7903608730153231,0.5580721746030646,0.6,0.7451857718909017,2024-09-10,2024-09-17,True,1,True,1.0,0.7903608730153231,False,36,10,3,7,-4,0.7913730736776932,True,False,False,True,0.6,"{""COT_FRESH"": 0.016498593469505093, ""FRESH_OR_CONSENSUS"": 0.016498593469505093, ""HELIOS_CONSENSUS"": 0.7418772932691778, ""KEEP"": 0.20862692632230684, ""OPAL_ALL"": 0.016498593469505093}","{""COT_FRESH"": -2.0, ""FRESH_OR_CONSENSUS"": -2.0, ""HELIOS_CONSENSUS"": 1.0, ""KEEP"": 0.0, ""OPAL_ALL"": -2.0}",False,True,0.6
2024-09-19,2024-09-20,2024-09-24,2024,2024-09,1,0.014542854238466,0.5854825247548825,0.5165518744758317,0.5854825247548825,0.5854825247548825,0.5854825247548825,STRUCTURAL_IRIS,63,-7,62,0.2483872410547558,0.035933530728147,False,False,False,False,0.5854825247548825,0.5432613873413507,0,False,1,,True,8,8,5,3,0.6,False,0.5854825247548825,0.5854825247548825,0.5854825247548825,0.5432613873413507,2024-09-10,2024-09-17,False,0,False,,0.5854825247548825,False,36,10,3,7,-4,0.016498593469505,False,False,False,False,0.5854825247548825,"{""COT_FRESH"": 0.016498593469505093, ""FRESH_OR_CONSENSUS"": 0.016498593469505093, ""HELIOS_CONSENSUS"": 0.7418772932691778, ""KEEP"": 0.20862692632230684, ""OPAL_ALL"": 0.016498593469505093}","{""COT_FRESH"": -2.0, ""FRESH_OR_CONSENSUS"": -2.0, ""HELIOS_CONSENSUS"": 1.0, ""KEEP"": 0.0, ""OPAL_ALL"": -2.0}",False,False,0.5854825247548825
2024-09-20,2024-09-23,2024-09-25,2024,2024-09,1,0.0180034328903682,0.6535904243945049,0.6558356088720938,0.6535904243945049,0.6535904243945049,0.6535904243945049,STRUCTURAL_IRIS,63,-7,62,0.2483872410547558,0.035933530728147,False,True,False,False,0.6535904243945049,0.3882940751985006,1,False,1,,True,8,8,5,3,0.6,False,0.6535904243945049,0.6535904243945049,0.6535904243945049,0.3882940751985006,2024-09-10,2024-09-17,False,0,False,,0.6535904243945049,False,36,10,3,7,-4,0.016498593469505,False,False,False,False,0.6535904243945049,"{""COT_FRESH"": 0.016498593469505093, ""FRESH_OR_CONSENSUS"": 0.016498593469505093, ""HELIOS_CONSENSUS"": 0.7418772932691778, ""KEEP"": 0.20862692632230684, ""OPAL_ALL"": 0.016498593469505093}","{""COT_FRESH"": -2.0, ""FRESH_OR_CONSENSUS"": -2.0, ""HELIOS_CONSENSUS"": 1.0, ""KEEP"": 0.0, ""OPAL_ALL"": -2.0}",False,False,0.6535904243945049
2024-09-23,2024-09-24,2024-09-26,2024,2024-09,1,0.0195422542869602,0.5793106650132267,0.6737566036433428,0.5793106650132267,0.5793106650132267,0.5793106650132267,STRUCTURAL_IRIS,63,-7,62,0.2483872410547558,0.035933530728147,False,True,False,False,0.5793106650132267,0.2489037585903488,1,False,1,,True,9,8,5,3,0.6,False,0.5793106650132267,0.5793106650132267,0.5793106650132267,0.2489037585903488,2024-09-10,2024-09-17,False,0,False,,0.5793106650132267,False,36,10,3,7,-4,0.0204222949515804,False,False,False,False,0.5793106650132267,"{""COT_FRESH"": 0.020422294951580433, ""FRESH_OR_CONSENSUS"": 0.020422294951580433, ""HELIOS_CONSENSUS"": 0.9183108201936782, ""KEEP"": 0.020422294951580433, ""OPAL_ALL"": 0.020422294951580433}","{""COT_FRESH"": 0.0, ""FRESH_OR_CONSENSUS"": 0.0, ""HELIOS_CONSENSUS"": 3.0, ""KEEP"": 0.0, ""OPAL_ALL"": 0.0}",False,False,0.5793106650132267
2024-09-24,2024-09-25,2024-09-27,2024,2024-09,1,0.0121005049850836,0.8680622724411304,0.8696557919020843,0.8680622724411304,0.8680622724411304,0.8680622724411304,STRUCTURAL_IRIS,63,-7,62,0.2483872410547558,0.035933530728147,False,True,False,False,0.8680622724411304,0.2302783520394295,1,False,1,,True,9,8,5,3,0.6,False,0.8680622724411304,0.8680622724411304,0.8680622724411304,0.2302783520394295,2024-09-17,2024-09-24,False,0,False,,0.8680622724411304,False,36,10,3,7,-4,0.0204222949515804,False,False,False,False,0.8680622724411304,"{""COT_FRESH"": 0.020422294951580433, ""FRESH_OR_CONSENSUS"": 0.020422294951580433, ""HELIOS_CONSENSUS"": 0.9183108201936782, ""KEEP"": 0.020422294951580433, ""OPAL_ALL"": 0.020422294951580433}","{""COT_FRESH"": 0.0, ""FRESH_OR_CONSENSUS"": 0.0, ""HELIOS_CONSENSUS"": 3.0, ""KEEP"": 0.0, ""OPAL_ALL"": 0.0}",False,False,0.8680622724411304
2024-09-25,2024-09-26,2024-09-30,2024,2024-09,0,-0.0013763329504165,0.5899148332892489,0.5767211102835295,0.5899148332892489,0.5899148332892489,0.5899148332892489,STRUCTURAL_IRIS,63,-7,62,0.2483872410547558,0.035933530728147,False,True,True,False,0.5899148332892489,0.5566237659824192,2,False,1,,True,9,8,5,3,0.6,False,0.5899148332892489,0.5899148332892489,0.5899148332892489,0.5566237659824192,2024-09-17,2024-09-24,False,0,False,,0.5899148332892489,False,36,10,3,7,-4,0.0204222949515804,False,False,False,False,0.5899148332892489,"{""COT_FRESH"": 0.020422294951580433, ""FRESH_OR_CONSENSUS"": 0.020422294951580433, ""HELIOS_CONSENSUS"": 0.9183108201936782, ""KEEP"": 0.020422294951580433, ""OPAL_ALL"": 0.020422294951580433}","{""COT_FRESH"": 0.0, ""FRESH_OR_CONSENSUS"": 0.0, ""HELIOS_CONSENSUS"": 3.0, ""KEEP"": 0.0, ""OPAL_ALL"": 0.0}",False,False,0.5899148332892489
2024-09-26,2024-09-27,2024-10-01,2024,2024-09,0,-0.0075408189591817,0.5516232130259456,0.5753006524818741,0.5516232130259456,0.5516232130259456,0.5516232130259456,STRUCTURAL_IRIS,63,-7,62,0.2483872410547558,0.035933530728147,False,False,False,False,0.5516232130259456,0.5458769222568077,0,False,1,,True,9,8,5,3,0.6,False,0.5516232130259456,0.5516232130259456,0.5516232130259456,0.5458769222568077,2024-09-17,2024-09-24,False,0,False,,0.5516232130259456,False,36,10,3,7,-4,0.0204222949515804,False,False,False,False,0.5516232130259456,"{""COT_FRESH"": 0.020422294951580433, ""FRESH_OR_CONSENSUS"": 0.020422294951580433, ""HELIOS_CONSENSUS"": 0.9183108201936782, ""KEEP"": 0.020422294951580433, ""OPAL_ALL"": 0.020422294951580433}","{""COT_FRESH"": 0.0, ""FRESH_OR_CONSENSUS"": 0.0, ""HELIOS_CONSENSUS"": 3.0, ""KEEP"": 0.0, ""OPAL_ALL"": 0.0}",False,False,0.5516232130259456
2024-09-27,2024-09-30,2024-10-02,2024,2024-09,0,-0.0020505495695386,0.4513131820115114,0.511793817239356,0.4513131820115114,0.4513131820115114,0.4513131820115114,STRUCTURAL_IRIS,63,-7,62,0.2483872410547558,0.035933530728147,True,False,False,True,0.7497644317887844,0.7497644317887844,1,True,0,0.0,True,9,8,5,3,0.6,True,0.5486868179884886,0.5097373635976977,0.6,0.7497644317887844,2024-09-17,2024-09-24,True,1,True,0.0,0.5486868179884886,False,36,10,3,7,-4,0.9795777050484196,True,False,False,True,0.6,"{""COT_FRESH"": 0.020422294951580433, ""FRESH_OR_CONSENSUS"": 0.020422294951580433, ""HELIOS_CONSENSUS"": 0.9183108201936782, ""KEEP"": 0.020422294951580433, ""OPAL_ALL"": 0.020422294951580433}","{""COT_FRESH"": 0.0, ""FRESH_OR_CONSENSUS"": 0.0, ""HELIOS_CONSENSUS"": 3.0, ""KEEP"": 0.0, ""OPAL_ALL"": 0.0}",False,True,0.6
2024-09-30,2024-10-01,2024-10-03,2024,2024-10,0,-0.0023233201803427,0.2284157253135644,0.3117123569319113,0.2284157253135644,0.2284157253135644,0.2284157253135644,STRUCTURAL_IRIS,63,-7,62,0.2483872410547558,0.035933530728147,False,False,False,False,0.2284157253135644,0.6314633026237727,0,False,0,,True,9,8,5,3,0.6,False,0.2284157253135644,0.2284157253135644,0.2284157253135644,0.6314633026237727,2024-09-17,2024-09-24,False,0,False,,0.2284157253135644,False,36,10,3,7,-4,0.0204222949515804,False,False,False,False,0.2284157253135644,"{""COT_FRESH"": 0.020422294951580433, ""FRESH_OR_CONSENSUS"": 0.020422294951580433, ""HELIOS_CONSENSUS"": 0.9183108201936782, ""KEEP"": 0.020422294951580433, ""OPAL_ALL"": 0.020422294951580433}","{""COT_FRESH"": 0.0, ""FRESH_OR_CONSENSUS"": 0.0, ""HELIOS_CONSENSUS"": 3.0, ""KEEP"": 0.0, ""OPAL_ALL"": 0.0}",False,False,0.2284157253135644
2024-10-01,2024-10-02,2024-10-04,2024,2024-10,1,0.00326024768886,0.6136397572687421,0.6924036277977238,0.6136397572687421,0.6136397572687421,0.6136397572687421,STRUCTURAL_IRIS,63,-7,62,0.2483872410547558,0.035933530728147,False,False,False,False,0.6136397572687421,0.4626941725606001,0,False,1,,True,9,8,5,3,0.6,False,0.6136397572687421,0.6136397572687421,0.6136397572687421,0.4626941725606001,2024-09-24,2024-10-01,False,0,False,,0.6136397572687421,False,36,10,3,7,-4,0.0204222949515804,False,False,False,False,0.6136397572687421,"{""COT_FRESH"": 0.020422294951580433, ""FRESH_OR_CONSENSUS"": 0.020422294951580433, ""HELIOS_CONSENSUS"": 0.9183108201936782, ""KEEP"": 0.020422294951580433, ""OPAL_ALL"": 0.020422294951580433}","{""COT_FRESH"": 0.0, ""FRESH_OR_CONSENSUS"": 0.0, ""HELIOS_CONSENSUS"": 3.0, ""KEEP"": 0.0, ""OPAL_ALL"": 0.0}",False,False,0.6136397572687421
2024-10-02,2024-10-03,2024-10-07,2024,2024-10,0,-0.00131908738293,0.5560699809015289,0.6617200121441579,0.5560699809015289,0.5560699809015289,0.5560699809015289,STRUCTURAL_IRIS,63,-8,63,0.2225922586298591,0.0273297868673177,False,False,False,False,0.5560699809015289,0.5779821915169936,0,False,1,,True,10,8,5,3,0.6,False,0.5560699809015289,0.5560699809015289,0.5560699809015289,0.5779821915169936,2024-09-24,2024-10-01,False,0,False,,0.5560699809015289,False,36,10,3,7,-4,0.0600776176409838,False,False,False,False,0.5560699809015289,"{""COT_FRESH"": 0.06007761764098383, ""FRESH_OR_CONSENSUS"": 0.06007761764098383, ""HELIOS_CONSENSUS"": 0.7596895294360649, ""KEEP"": 0.06007761764098383, ""OPAL_ALL"": 0.06007761764098383}","{""COT_FRESH"": 0.0, ""FRESH_OR_CONSENSUS"": 0.0, ""HELIOS_CONSENSUS"": 2.0, ""KEEP"": 0.0, ""OPAL_ALL"": 0.0}",False,False,0.5560699809015289
2024-10-03,2024-10-04,2024-10-08,2024,2024-10,0,-0.0016844739056966,0.5593044610000949,0.6931235062539595,0.5593044610000949,0.5593044610000949,0.5593044610000949,STRUCTURAL_IRIS,63,-8,63,0.2225922586298591,0.0273297868673177,False,False,False,False,0.5593044610000949,0.4751894050815268,0,False,1,,True,10,8,5,3,0.6,False,0.5593044610000949,0.5593044610000949,0.5593044610000949,0.4751894050815268,2024-09-24,2024-10-01,False,0,False,,0.5593044610000949,False,36,10,3,7,-4,0.0600776176409838,False,False,False,False,0.5593044610000949,"{""COT_FRESH"": 0.06007761764098383, ""FRESH_OR_CONSENSUS"": 0.06007761764098383, ""HELIOS_CONSENSUS"": 0.7596895294360649, ""KEEP"": 0.06007761764098383, ""OPAL_ALL"": 0.06007761764098383}","{""COT_FRESH"": 0.0, ""FRESH_OR_CONSENSUS"": 0.0, ""HELIOS_CONSENSUS"": 2.0, ""KEEP"": 0.0, ""OPAL_ALL"": 0.0}",False,False,0.5593044610000949
2024-10-04,2024-10-07,2024-10-09,2024,2024-10,0,-0.015147065457103,0.4110643940879044,0.4826520921652439,0.4110643940879044,0.4110643940879044,0.4110643940879044,STRUCTURAL_IRIS,63,-8,63,0.2225922586298591,0.0273297868673177,False,False,False,True,0.8221316696390335,0.8221316696390335,0,False,0,,True,10,8,5,3,0.6,False,0.4110643940879044,0.4110643940879044,0.4110643940879044,0.8221316696390335,2024-09-24,2024-10-01,True,1,True,0.0,0.4110643940879044,False,36,10,3,7,-4,0.1802328529229515,False,True,False,False,0.4110643940879044,"{""COT_FRESH"": 0.06007761764098383, ""FRESH_OR_CONSENSUS"": 0.06007761764098383, ""HELIOS_CONSENSUS"": 0.7596895294360649, ""KEEP"": 0.06007761764098383, ""OPAL_ALL"": 0.06007761764098383}","{""COT_FRESH"": 0.0, ""FRESH_OR_CONSENSUS"": 0.0, ""HELIOS_CONSENSUS"": 2.0, ""KEEP"": 0.0, ""OPAL_ALL"": 0.0}",False,False,0.4110643940879044
2024-10-07,2024-10-08,2024-10-10,2024,2024-10,0,-0.0130390831677721,0.3513120365066532,0.4144493601338245,0.3513120365066532,0.3513120365066532,0.3513120365066532,STRUCTURAL_IRIS,63,-8,63,0.2225922586298591,0.0273297868673177,False,False,False,True,0.7691427332633771,0.7691427332633771,0,False,0,,True,10,8,5,3,0.6,False,0.3513120365066532,0.3513120365066532,0.3513120365066532,0.7691427332633771,2024-09-24,2024-10-01,True,2,False,0.0,0.3513120365066532,False,36,10,3,7,-4,0.0600776176409838,False,True,False,False,0.3513120365066532,"{""COT_FRESH"": 0.06007761764098383, ""FRESH_OR_CONSENSUS"": 0.06007761764098383, ""HELIOS_CONSENSUS"": 0.7596895294360649, ""KEEP"": 0.06007761764098383, ""OPAL_ALL"": 0.06007761764098383}","{""COT_FRESH"": 0.0, ""FRESH_OR_CONSENSUS"": 0.0, ""HELIOS_CONSENSUS"": 2.0, ""KEEP"": 0.0, ""OPAL_ALL"": 0.0}",False,False,0.3513120365066532
2024-10-08,2024-10-09,2024-10-11,2024,2024-10,0,-0.0009475799518872,0.3275661774619079,0.397426224533509,0.3275661774619079,0.3275661774619079,0.3275661774619079,STRUCTURAL_IRIS,63,-8,63,0.2225922586298591,0.0273297868673177,False,False,False,True,0.7393912619031833,0.7393912619031833,0,False,0,,True,10,8,5,3,0.6,False,0.3275661774619079,0.3275661774619079,0.3275661774619079,0.7393912619031833,2024-10-01,2024-10-08,True,1,True,0.0,0.3275661774619079,False,36,10,3,7,-4,0.1802328529229515,False,True,False,False,0.3275661774619079,"{""COT_FRESH"": 0.06007761764098383, ""FRESH_OR_CONSENSUS"": 0.06007761764098383, ""HELIOS_CONSENSUS"": 0.7596895294360649, ""KEEP"": 0.06007761764098383, ""OPAL_ALL"": 0.06007761764098383}","{""COT_FRESH"": 0.0, ""FRESH_OR_CONSENSUS"": 0.0, ""HELIOS_CONSENSUS"": 2.0, ""KEEP"": 0.0, ""OPAL_ALL"": 0.0}",False,False,0.3275661774619079
2024-10-09,2024-10-10,2024-10-14,2024,2024-10,1,0.0157113464840197,0.4046550030689706,0.4297725853645495,0.4046550030689706,0.4046550030689706,0.4046550030689706,STRUCTURAL_IRIS,63,-8,63,0.2225922586298591,0.0273297868673177,False,False,False,True,0.7321222543236753,0.7321222543236753,0,False,0,,True,10,8,5,3,0.6,False,0.4046550030689706,0.4046550030689706,0.4046550030689706,0.7321222543236753,2024-10-01,2024-10-08,True,2,False,1.0,0.4046550030689706,False,37,10,3,7,-4,0.016498593469505,False,True,False,False,0.4046550030689706,"{""COT_FRESH"": 0.016498593469505093, ""FRESH_OR_CONSENSUS"": 0.016498593469505093, ""HELIOS_CONSENSUS"": 0.7418772932691778, ""KEEP"": 0.20862692632230684, ""OPAL_ALL"": 0.016498593469505093}","{""COT_FRESH"": -2.0, ""FRESH_OR_CONSENSUS"": -2.0, ""HELIOS_CONSENSUS"": 1.0, ""KEEP"": 0.0, ""OPAL_ALL"": -2.0}",False,False,0.4046550030689706
2024-10-10,2024-10-11,2024-10-15,2024,2024-10,1,0.0136611554424676,0.6975496563880302,0.7141755493981405,0.6975496563880302,0.6975496563880302,0.6975496563880302,STRUCTURAL_IRIS,63,-8,63,0.2225922586298591,0.0273297868673177,False,True,False,False,0.6975496563880302,0.397574076858165,1,False,1,,True,10,8,5,3,0.6,False,0.6975496563880302,0.6975496563880302,0.6975496563880302,0.397574076858165,2024-10-01,2024-10-08,False,0,False,,0.6975496563880302,False,38,10,3,7,-4,0.0030496095487964,False,False,False,False,0.6975496563880302,"{""COT_FRESH"": 0.01084441072622503, ""FRESH_OR_CONSENSUS"": 0.01084441072622503, ""HELIOS_CONSENSUS"": 0.4876307844993768, ""KEEP"": 0.4876307844993768, ""OPAL_ALL"": 0.003049609548796496}","{""COT_FRESH"": -3.0, ""FRESH_OR_CONSENSUS"": -3.0, ""HELIOS_CONSENSUS"": 0.0, ""KEEP"": 0.0, ""OPAL_ALL"": -4.0}",False,False,0.6975496563880302
2024-10-11,2024-10-14,2024-10-16,2024,2024-10,1,0.0159320207288925,0.7032910475565892,0.7353285179014971,0.7032910475565892,0.7032910475565892,0.7032910475565892,STRUCTURAL_IRIS,63,-8,63,0.2225922586298591,0.0273297868673177,False,False,False,False,0.7032910475565892,0.2548787506957955,0,False,1,,True,10,8,5,3,0.6,False,0.7032910475565892,0.7032910475565892,0.7032910475565892,0.2548787506957955,2024-10-01,2024-10-08,False,0,False,,0.7032910475565892,False,39,10,2,8,-6,0.0030496095487964,False,False,False,False,0.7032910475565892,"{""COT_FRESH"": 0.01084441072622503, ""FRESH_OR_CONSENSUS"": 0.01084441072622503, ""HELIOS_CONSENSUS"": 0.4876307844993768, ""KEEP"": 0.4876307844993768, ""OPAL_ALL"": 0.003049609548796496}","{""COT_FRESH"": -3.0, ""FRESH_OR_CONSENSUS"": -3.0, ""HELIOS_CONSENSUS"": 0.0, ""KEEP"": 0.0, ""OPAL_ALL"": -4.0}",False,False,0.7032910475565892
2024-10-14,2024-10-15,2024-10-17,2024,2024-10,1,0.0072881567393036,0.3837649531187712,0.4459631439867003,0.3837649531187712,0.3837649531187712,0.3837649531187712,STRUCTURAL_IRIS,63,-8,63,0.2225922586298591,0.0273297868673177,False,False,False,False,0.3837649531187712,0.6934558964138993,0,False,0,,True,10,8,5,3,0.6,False,0.3837649531187712,0.3837649531187712,0.3837649531187712,0.6934558964138993,2024-10-01,2024-10-08,False,0,False,,0.3837649531187712,False,40,10,2,8,-6,0.0353478445426588,False,False,False,False,0.3837649531187712,"{""COT_FRESH"": 0.03534784454265889, ""FRESH_OR_CONSENSUS"": 0.03534784454265889, ""HELIOS_CONSENSUS"": 0.44697823318601154, ""KEEP"": 0.44697823318601154, ""OPAL_ALL"": 0.03534784454265889}","{""COT_FRESH"": -2.0, ""FRESH_OR_CONSENSUS"": -2.0, ""HELIOS_CONSENSUS"": 0.0, ""KEEP"": 0.0, ""OPAL_ALL"": -2.0}",False,False,0.3837649531187712
2024-10-15,2024-10-16,2024-10-18,2024,2024-10,1,0.0217535629148786,0.5634981255114092,0.6160396441005767,0.5634981255114092,0.5634981255114092,0.5634981255114092,STRUCTURAL_IRIS,63,-8,63,0.2225922586298591,0.0273297868673177,False,False,False,False,0.5634981255114092,0.458795445761296,0,False,1,,True,10,8,5,3,0.6,False,0.5634981255114092,0.5634981255114092,0.5634981255114092,0.458795445761296,2024-10-08,2024-10-15,False,0,False,,0.5634981255114092,False,40,10,2,8,-6,0.0353478445426588,False,False,False,False,0.5634981255114092,"{""COT_FRESH"": 0.03534784454265889, ""FRESH_OR_CONSENSUS"": 0.03534784454265889, ""HELIOS_CONSENSUS"": 0.44697823318601154, ""KEEP"": 0.44697823318601154, ""OPAL_ALL"": 0.03534784454265889}","{""COT_FRESH"": -2.0, ""FRESH_OR_CONSENSUS"": -2.0, ""HELIOS_CONSENSUS"": 0.0, ""KEEP"": 0.0, ""OPAL_ALL"": -2.0}",False,False,0.5634981255114092
2024-10-16,2024-10-17,2024-10-21,2024,2024-10,1,0.0202825727554951,0.4296737093322539,0.4551177975355881,0.4296737093322539,0.4296737093322539,0.4296737093322539,STRUCTURAL_IRIS,63,-8,63,0.2225922586298591,0.0273297868673177,False,False,False,True,0.7569891181787715,0.7569891181787715,0,False,0,,True,10,8,5,3,0.6,False,0.4296737093322539,0.4296737093322539,0.4296737093322539,0.7569891181787715,2024-10-08,2024-10-15,True,1,True,1.0,0.4296737093322539,False,40,10,2,8,-6,0.1060435336279766,False,True,False,False,0.4296737093322539,"{""COT_FRESH"": 0.03534784454265889, ""FRESH_OR_CONSENSUS"": 0.03534784454265889, ""HELIOS_CONSENSUS"": 0.44697823318601154, ""KEEP"": 0.44697823318601154, ""OPAL_ALL"": 0.03534784454265889}","{""COT_FRESH"": -2.0, ""FRESH_OR_CONSENSUS"": -2.0, ""HELIOS_CONSENSUS"": 0.0, ""KEEP"": 0.0, ""OPAL_ALL"": -2.0}",False,False,0.4296737093322539
2024-10-17,2024-10-18,2024-10-22,2024,2024-10,1,0.0203628617530291,0.6424716870681864,0.6525522809202243,0.6424716870681864,0.6424716870681864,0.6424716870681864,STRUCTURAL_IRIS,63,-8,63,0.2225922586298591,0.0273297868673177,False,False,False,False,0.6424716870681864,0.4324742663278558,0,False,1,,True,10,8,5,3,0.6,False,0.6424716870681864,0.6424716870681864,0.6424716870681864,0.4324742663278558,2024-10-08,2024-10-15,False,0,False,,0.6424716870681864,False,40,10,2,8,-6,0.0353478445426588,False,False,False,False,0.6424716870681864,"{""COT_FRESH"": 0.03534784454265889, ""FRESH_OR_CONSENSUS"": 0.03534784454265889, ""HELIOS_CONSENSUS"": 0.44697823318601154, ""KEEP"": 0.44697823318601154, ""OPAL_ALL"": 0.03534784454265889}","{""COT_FRESH"": -2.0, ""FRESH_OR_CONSENSUS"": -2.0, ""HELIOS_CONSENSUS"": 0.0, ""KEEP"": 0.0, ""OPAL_ALL"": -2.0}",False,False,0.6424716870681864
2024-10-18,2024-10-21,2024-10-23,2024,2024-10,1,0.0144256153677641,0.6817217786335008,0.7172749493343406,0.6817217786335008,0.6817217786335008,0.6817217786335008,STRUCTURAL_IRIS,63,-8,63,0.2225922586298591,0.0273297868673177,False,False,False,False,0.6817217786335008,0.2479768069040347,0,False,1,,True,10,8,5,3,0.6,False,0.6817217786335008,0.6817217786335008,0.6817217786335008,0.2479768069040347,2024-10-08,2024-10-15,False,0,False,,0.6817217786335008,False,40,10,2,8,-6,0.0353478445426588,False,False,False,False,0.6817217786335008,"{""COT_FRESH"": 0.03534784454265889, ""FRESH_OR_CONSENSUS"": 0.03534784454265889, ""HELIOS_CONSENSUS"": 0.44697823318601154, ""KEEP"": 0.44697823318601154, ""OPAL_ALL"": 0.03534784454265889}","{""COT_FRESH"": -2.0, ""FRESH_OR_CONSENSUS"": -2.0, ""HELIOS_CONSENSUS"": 0.0, ""KEEP"": 0.0, ""OPAL_ALL"": -2.0}",False,False,0.6817217786335008
2024-10-21,2024-10-22,2024-10-24,2024,2024-10,1,0.0020824587837353,0.4393433640190436,0.3978513040576329,0.4393433640190436,0.4393433640190436,0.4393433640190436,STRUCTURAL_IRIS,63,-8,63,0.2225922586298591,0.0273297868673177,False,False,False,True,0.720498317214807,0.720498317214807,0,False,0,,True,10,8,5,3,0.6,False,0.4393433640190436,0.4393433640190436,0.4393433640190436,0.720498317214807,2024-10-08,2024-10-15,True,2,False,1.0,0.4393433640190436,False,41,10,3,7,-4,0.2,False,True,False,False,0.4393433640190436,"{""COT_FRESH"": 0.2, ""FRESH_OR_CONSENSUS"": 0.2, ""HELIOS_CONSENSUS"": 0.2, ""KEEP"": 0.2, ""OPAL_ALL"": 0.2}","{""COT_FRESH"": 0.0, ""FRESH_OR_CONSENSUS"": 0.0, ""HELIOS_CONSENSUS"": 0.0, ""KEEP"": 0.0, ""OPAL_ALL"": 0.0}",False,False,0.4393433640190436
2024-10-22,2024-10-23,2024-10-25,2024,2024-10,0,-0.005245023761393,0.7558001848495979,0.702723623713718,0.7558001848495979,0.7558001848495979,0.7558001848495979,STRUCTURAL_IRIS,63,-8,63,0.2225922586298591,0.0273297868673177,False,False,False,False,0.7558001848495979,0.3908797636357644,0,False,1,,True,10,8,5,3,0.6,False,0.7558001848495979,0.7558001848495979,0.7558001848495979,0.3908797636357644,2024-10-15,2024-10-22,False,0,False,,0.7558001848495979,False,41,10,3,7,-4,0.2,False,False,False,False,0.7558001848495979,"{""COT_FRESH"": 0.2, ""FRESH_OR_CONSENSUS"": 0.2, ""HELIOS_CONSENSUS"": 0.2, ""KEEP"": 0.2, ""OPAL_ALL"": 0.2}","{""COT_FRESH"": 0.0, ""FRESH_OR_CONSENSUS"": 0.0, ""HELIOS_CONSENSUS"": 0.0, ""KEEP"": 0.0, ""OPAL_ALL"": 0.0}",False,False,0.7558001848495979
2024-10-23,2024-10-24,2024-10-28,2024,2024-10,0,-0.0075163633320772,0.1624215937221156,0.1505188819856069,0.1624215937221156,0.1624215937221156,0.1624215937221156,STRUCTURAL_IRIS,63,-8,63,0.2225922586298591,0.0273297868673177,False,False,False,False,0.1624215937221156,0.4582218265782939,0,False,0,,True,10,8,5,3,0.6,False,0.1624215937221156,0.1624215937221156,0.1624215937221156,0.4582218265782939,2024-10-15,2024-10-22,False,0,False,,0.1624215937221156,False,41,10,3,7,-4,0.2,False,False,False,False,0.1624215937221156,"{""COT_FRESH"": 0.2, ""FRESH_OR_CONSENSUS"": 0.2, ""HELIOS_CONSENSUS"": 0.2, ""KEEP"": 0.2, ""OPAL_ALL"": 0.2}","{""COT_FRESH"": 0.0, ""FRESH_OR_CONSENSUS"": 0.0, ""HELIOS_CONSENSUS"": 0.0, ""KEEP"": 0.0, ""OPAL_ALL"": 0.0}",False,False,0.1624215937221156
2024-10-24,2024-10-25,2024-10-29,2024,2024-10,1,0.0033338525909696,0.5411704376489,0.5119335631138731,0.5411704376489,0.5411704376489,0.5411704376489,STRUCTURAL_IRIS,63,-7,63,0.2225922586298591,0.0273297868673177,False,False,False,False,0.5411704376489,0.8341671537273226,0,False,1,,True,10,8,5,3,0.6,False,0.5411704376489,0.5411704376489,0.5411704376489,0.8341671537273226,2024-10-15,2024-10-22,False,0,False,,0.5411704376489,False,42,10,4,6,-2,0.2807072905799987,False,False,False,False,0.5411704376489,"{""COT_FRESH"": 0.0789390641300018, ""FRESH_OR_CONSENSUS"": 0.0789390641300018, ""HELIOS_CONSENSUS"": 0.28070729057999877, ""KEEP"": 0.28070729057999877, ""OPAL_ALL"": 0.28070729057999877}","{""COT_FRESH"": -1.0, ""FRESH_OR_CONSENSUS"": -1.0, ""HELIOS_CONSENSUS"": 0.0, ""KEEP"": 0.0, ""OPAL_ALL"": 0.0}",False,False,0.5411704376489
2024-10-25,2024-10-28,2024-10-30,2024,2024-10,1,0.0235146755489569,0.8264294344108221,0.8221531650747242,0.8264294344108221,0.8264294344108221,0.8264294344108221,STRUCTURAL_IRIS,63,-6,63,0.2225922586298591,0.0273297868673177,False,False,False,False,0.8264294344108221,0.192082293751806,0,False,1,,True,10,8,5,3,0.6,False,0.8264294344108221,0.8264294344108221,0.8264294344108221,0.192082293751806,2024-10-15,2024-10-22,False,0,False,,0.8264294344108221,False,42,10,4,6,-2,0.2807072905799987,False,False,False,False,0.8264294344108221,"{""COT_FRESH"": 0.0789390641300018, ""FRESH_OR_CONSENSUS"": 0.0789390641300018, ""HELIOS_CONSENSUS"": 0.28070729057999877, ""KEEP"": 0.28070729057999877, ""OPAL_ALL"": 0.28070729057999877}","{""COT_FRESH"": -1.0, ""FRESH_OR_CONSENSUS"": -1.0, ""HELIOS_CONSENSUS"": 0.0, ""KEEP"": 0.0, ""OPAL_ALL"": 0.0}",False,False,0.8264294344108221
2024-10-28,2024-10-29,2024-10-31,2024,2024-10,1,0.0177869584599842,0.5925046848533131,0.6481758627831502,0.5925046848533131,0.5925046848533131,0.5925046848533131,STRUCTURAL_IRIS,63,-6,63,0.2225922586298591,0.0273297868673177,False,False,False,False,0.5925046848533131,0.3426457453305558,0,False,1,,True,10,8,5,3,0.6,False,0.5925046848533131,0.5925046848533131,0.5925046848533131,0.3426457453305558,2024-10-15,2024-10-22,False,0,False,,0.5925046848533131,False,42,10,4,6,-2,0.2807072905799987,False,False,False,False,0.5925046848533131,"{""COT_FRESH"": 0.0789390641300018, ""FRESH_OR_CONSENSUS"": 0.0789390641300018, ""HELIOS_CONSENSUS"": 0.28070729057999877, ""KEEP"": 0.28070729057999877, ""OPAL_ALL"": 0.28070729057999877}","{""COT_FRESH"": -1.0, ""FRESH_OR_CONSENSUS"": -1.0, ""HELIOS_CONSENSUS"": 0.0, ""KEEP"": 0.0, ""OPAL_ALL"": 0.0}",False,False,0.5925046848533131
2024-10-29,2024-10-30,2024-11-01,2024,2024-10,0,-0.0006549622721173,0.6776490130549282,0.7450165219040858,0.6776490130549282,0.6776490130549282,0.6776490130549282,STRUCTURAL_IRIS,63,-6,63,0.2225922586298591,0.0273297868673177,False,False,False,False,0.6776490130549282,0.3043252320262367,0,False,1,,True,10,8,5,3,0.6,False,0.6776490130549282,0.6776490130549282,0.6776490130549282,0.3043252320262367,2024-10-22,2024-10-29,False,0,False,,0.6776490130549282,False,42,10,4,6,-2,0.2807072905799987,False,False,False,False,0.6776490130549282,"{""COT_FRESH"": 0.0789390641300018, ""FRESH_OR_CONSENSUS"": 0.0789390641300018, ""HELIOS_CONSENSUS"": 0.28070729057999877, ""KEEP"": 0.28070729057999877, ""OPAL_ALL"": 0.28070729057999877}","{""COT_FRESH"": -1.0, ""FRESH_OR_CONSENSUS"": -1.0, ""HELIOS_CONSENSUS"": 0.0, ""KEEP"": 0.0, ""OPAL_ALL"": 0.0}",False,False,0.6776490130549282
2024-10-30,2024-10-31,2024-11-04,2024,2024-10,0,-0.0154202827480248,0.4334793293110513,0.6093250980269982,0.4334793293110513,0.4334793293110513,0.4334793293110513,STRUCTURAL_IRIS,63,-6,63,0.2225922586298591,0.0273297868673177,False,False,False,False,0.4334793293110513,0.4650245115397508,0,False,0,,True,10,8,5,3,0.6,False,0.4334793293110513,0.4334793293110513,0.4334793293110513,0.4650245115397508,2024-10-22,2024-10-29,False,0,False,,0.4334793293110513,False,42,10,4,6,-2,0.2807072905799987,False,False,False,False,0.4334793293110513,"{""COT_FRESH"": 0.0789390641300018, ""FRESH_OR_CONSENSUS"": 0.0789390641300018, ""HELIOS_CONSENSUS"": 0.28070729057999877, ""KEEP"": 0.28070729057999877, ""OPAL_ALL"": 0.28070729057999877}","{""COT_FRESH"": -1.0, ""FRESH_OR_CONSENSUS"": -1.0, ""HELIOS_CONSENSUS"": 0.0, ""KEEP"": 0.0, ""OPAL_ALL"": 0.0}",False,False,0.4334793293110513
2024-10-31,2024-11-01,2024-11-05,2024,2024-11,0,-0.0147334651428053,0.1343434304663876,0.2223517485752101,0.1343434304663876,0.1343434304663876,0.1343434304663876,STRUCTURAL_IRIS,63,-5,63,0.2225922586298591,0.0273297868673177,False,False,False,False,0.1343434304663876,0.5992973507238915,0,False,0,,True,10,8,5,3,0.6,False,0.1343434304663876,0.1343434304663876,0.1343434304663876,0.5992973507238915,2024-10-22,2024-10-29,False,0,False,,0.1343434304663876,False,42,10,4,6,-2,0.2807072905799987,False,False,False,False,0.1343434304663876,"{""COT_FRESH"": 0.0789390641300018, ""FRESH_OR_CONSENSUS"": 0.0789390641300018, ""HELIOS_CONSENSUS"": 0.28070729057999877, ""KEEP"": 0.28070729057999877, ""OPAL_ALL"": 0.28070729057999877}","{""COT_FRESH"": -1.0, ""FRESH_OR_CONSENSUS"": -1.0, ""HELIOS_CONSENSUS"": 0.0, ""KEEP"": 0.0, ""OPAL_ALL"": 0.0}",False,False,0.1343434304663876
2024-11-01,2024-11-04,2024-11-06,2024,2024-11,0,-0.0077281125642256,0.2809561426345603,0.313233238757855,0.2809561426345603,0.2809561426345603,0.2809561426345603,STRUCTURAL_IRIS,63,-5,63,0.2225922586298591,0.0273297868673177,False,False,False,False,0.2809561426345603,0.5633903257166751,0,False,0,,True,10,8,5,3,0.6,False,0.2809561426345603,0.2809561426345603,0.2809561426345603,0.5633903257166751,2024-10-22,2024-10-29,False,0,False,,0.2809561426345603,False,42,10,4,6,-2,0.2807072905799987,False,False,False,False,0.2809561426345603,"{""COT_FRESH"": 0.0789390641300018, ""FRESH_OR_CONSENSUS"": 0.0789390641300018, ""HELIOS_CONSENSUS"": 0.28070729057999877, ""KEEP"": 0.28070729057999877, ""OPAL_ALL"": 0.28070729057999877}","{""COT_FRESH"": -1.0, ""FRESH_OR_CONSENSUS"": -1.0, ""HELIOS_CONSENSUS"": 0.0, ""KEEP"": 0.0, ""OPAL_ALL"": 0.0}",False,False,0.2809561426345603
2024-11-04,2024-11-05,2024-11-07,2024,2024-11,0,-0.0274775071120697,0.4649794759634047,0.4546127417969416,0.4649794759634047,0.4649794759634047,0.4649794759634047,STRUCTURAL_IRIS,63,-6,64,0.1988706197728844,0.0217853882822796,False,False,False,True,0.7353056822310556,0.7353056822310556,0,False,0,,True,10,8,5,3,0.6,False,0.4649794759634047,0.4649794759634047,0.4649794759634047,0.7353056822310556,2024-10-22,2024-10-29,True,1,True,0.0,0.4649794759634047,False,42,10,4,6,-2,0.4385854188400023,False,True,False,False,0.4649794759634047,"{""COT_FRESH"": 0.0789390641300018, ""FRESH_OR_CONSENSUS"": 0.0789390641300018, ""HELIOS_CONSENSUS"": 0.28070729057999877, ""KEEP"": 0.28070729057999877, ""OPAL_ALL"": 0.28070729057999877}","{""COT_FRESH"": -1.0, ""FRESH_OR_CONSENSUS"": -1.0, ""HELIOS_CONSENSUS"": 0.0, ""KEEP"": 0.0, ""OPAL_ALL"": 0.0}",False,False,0.4649794759634047
2024-11-05,2024-11-06,2024-11-08,2024,2024-11,0,-0.0197463988450798,0.5228301084996655,0.5788458809275152,0.5228301084996655,0.5228301084996655,0.5228301084996655,STRUCTURAL_IRIS,63,-6,64,0.1988706197728844,0.0217853882822796,False,False,True,False,0.5228301084996655,0.5420444903921806,1,False,1,,True,10,8,5,3,0.6,False,0.5228301084996655,0.5228301084996655,0.5228301084996655,0.5420444903921806,2024-10-29,2024-11-05,False,0,False,,0.5228301084996655,False,42,10,4,6,-2,0.2807072905799987,False,False,False,False,0.5228301084996655,"{""COT_FRESH"": 0.0789390641300018, ""FRESH_OR_CONSENSUS"": 0.0789390641300018, ""HELIOS_CONSENSUS"": 0.28070729057999877, ""KEEP"": 0.28070729057999877, ""OPAL_ALL"": 0.28070729057999877}","{""COT_FRESH"": -1.0, ""FRESH_OR_CONSENSUS"": -1.0, ""HELIOS_CONSENSUS"": 0.0, ""KEEP"": 0.0, ""OPAL_ALL"": 0.0}",False,False,0.5228301084996655
2024-11-06,2024-11-07,2024-11-11,2024,2024-11,0,-0.0206242544466277,0.0334494382194741,0.048577727825972,0.0334494382194741,0.0334494382194741,0.0334494382194741,STRUCTURAL_IRIS,63,-6,64,0.1988706197728844,0.0217853882822796,False,False,False,False,0.0334494382194741,0.3152630875540033,0,False,0,,True,10,8,5,3,0.6,False,0.0334494382194741,0.0334494382194741,0.0334494382194741,0.3152630875540033,2024-10-29,2024-11-05,False,0,False,,0.0334494382194741,False,42,10,4,6,-2,0.2807072905799987,False,False,False,False,0.0334494382194741,"{""COT_FRESH"": 0.0789390641300018, ""FRESH_OR_CONSENSUS"": 0.0789390641300018, ""HELIOS_CONSENSUS"": 0.28070729057999877, ""KEEP"": 0.28070729057999877, ""OPAL_ALL"": 0.28070729057999877}","{""COT_FRESH"": -1.0, ""FRESH_OR_CONSENSUS"": -1.0, ""HELIOS_CONSENSUS"": 0.0, ""KEEP"": 0.0, ""OPAL_ALL"": 0.0}",False,False,0.0334494382194741
2024-11-07,2024-11-08,2024-11-12,2024,2024-11,0,-0.0290255835984954,0.8950017039976718,0.9067008783638558,0.8950017039976718,0.8950017039976718,0.8950017039976718,STRUCTURAL_IRIS,63,-6,64,0.1988706197728844,0.0217853882822796,False,True,False,False,0.8950017039976718,0.1368568278752316,1,False,1,,True,10,8,5,3,0.6,False,0.8950017039976718,0.8950017039976718,0.8950017039976718,0.1368568278752316,2024-10-29,2024-11-05,False,0,False,,0.8950017039976718,False,43,10,4,6,-2,0.0562950107461193,False,False,False,False,0.8950017039976718,"{""COT_FRESH"": 0.015830994108863725, ""FRESH_OR_CONSENSUS"": 0.015830994108863725, ""HELIOS_CONSENSUS"": 0.20018504290462152, ""KEEP"": 0.7118579581315316, ""OPAL_ALL"": 0.05629501074611936}","{""COT_FRESH"": -3.0, ""FRESH_OR_CONSENSUS"": -3.0, ""HELIOS_CONSENSUS"": -1.0, ""KEEP"": 0.0, ""OPAL_ALL"": -2.0}",False,False,0.8950017039976718
2024-11-08,2024-11-11,2024-11-13,2024,2024-11,0,-0.0285007817761885,0.4551464055273171,0.492105288565399,0.4551464055273171,0.4551464055273171,0.4551464055273171,STRUCTURAL_IRIS,63,-6,64,0.1988706197728844,0.0217853882822796,False,False,False,False,0.4551464055273171,0.6159148133258806,0,False,0,,True,10,8,5,3,0.6,False,0.4551464055273171,0.4551464055273171,0.4551464055273171,0.6159148133258806,2024-10-29,2024-11-05,False,0,False,,0.4551464055273171,False,43,10,4,6,-2,0.0562950107461193,False,False,False,False,0.4551464055273171,"{""COT_FRESH"": 0.015830994108863725, ""FRESH_OR_CONSENSUS"": 0.015830994108863725, ""HELIOS_CONSENSUS"": 0.20018504290462152, ""KEEP"": 0.7118579581315316, ""OPAL_ALL"": 0.05629501074611936}","{""COT_FRESH"": -3.0, ""FRESH_OR_CONSENSUS"": -3.0, ""HELIOS_CONSENSUS"": -1.0, ""KEEP"": 0.0, ""OPAL_ALL"": -2.0}",False,False,0.4551464055273171
2024-11-11,2024-11-12,2024-11-14,2024,2024-11,0,-0.0467991124864324,0.1104114985750007,0.119311436179204,0.1104114985750007,0.1104114985750007,0.1104114985750007,STRUCTURAL_IRIS,63,-6,64,0.1988706197728844,0.0217853882822796,False,False,False,False,0.1104114985750007,0.2850979366987077,0,False,0,,True,10,8,5,3,0.6,False,0.1104114985750007,0.1104114985750007,0.1104114985750007,0.2850979366987077,2024-10-29,2024-11-05,False,0,False,,0.1104114985750007,False,43,10,4,6,-2,0.0562950107461193,False,False,False,False,0.1104114985750007,"{""COT_FRESH"": 0.015830994108863725, ""FRESH_OR_CONSENSUS"": 0.015830994108863725, ""HELIOS_CONSENSUS"": 0.20018504290462152, ""KEEP"": 0.7118579581315316, ""OPAL_ALL"": 0.05629501074611936}","{""COT_FRESH"": -3.0, ""FRESH_OR_CONSENSUS"": -3.0, ""HELIOS_CONSENSUS"": -1.0, ""KEEP"": 0.0, ""OPAL_ALL"": -2.0}",False,False,0.1104114985750007
2024-11-12,2024-11-13,2024-11-15,2024,2024-11,0,-0.0093263819620048,0.679207011589564,0.602409486273416,0.679207011589564,0.679207011589564,0.679207011589564,STRUCTURAL_IRIS,63,-6,64,0.1988706197728844,0.0217853882822796,False,True,False,False,0.679207011589564,0.6094674147586046,1,False,1,,True,10,8,5,3,0.6,False,0.679207011589564,0.679207011589564,0.679207011589564,0.6094674147586046,2024-11-05,2024-11-12,False,0,False,,0.679207011589564,False,43,10,4,6,-2,0.0562950107461193,False,False,False,False,0.679207011589564,"{""COT_FRESH"": 0.015830994108863725, ""FRESH_OR_CONSENSUS"": 0.015830994108863725, ""HELIOS_CONSENSUS"": 0.20018504290462152, ""KEEP"": 0.7118579581315316, ""OPAL_ALL"": 0.05629501074611936}","{""COT_FRESH"": -3.0, ""FRESH_OR_CONSENSUS"": -3.0, ""HELIOS_CONSENSUS"": -1.0, ""KEEP"": 0.0, ""OPAL_ALL"": -2.0}",False,False,0.679207011589564
2024-11-13,2024-11-14,2024-11-18,2024,2024-11,0,-0.0075579463015626,0.1915255768531609,0.1281816181437314,0.1915255768531609,0.1915255768531609,0.1915255768531609,STRUCTURAL_IRIS,63,-6,64,0.1988706197728844,0.0217853882822796,False,False,False,False,0.1915255768531609,0.3702870247310432,0,False,0,,True,10,8,5,3,0.6,False,0.1915255768531609,0.1915255768531609,0.1915255768531609,0.3702870247310432,2024-11-05,2024-11-12,False,0,False,,0.1915255768531609,False,43,10,4,6,-2,0.0562950107461193,False,False,False,False,0.1915255768531609,"{""COT_FRESH"": 0.015830994108863725, ""FRESH_OR_CONSENSUS"": 0.015830994108863725, ""HELIOS_CONSENSUS"": 0.20018504290462152, ""KEEP"": 0.7118579581315316, ""OPAL_ALL"": 0.05629501074611936}","{""COT_FRESH"": -3.0, ""FRESH_OR_CONSENSUS"": -3.0, ""HELIOS_CONSENSUS"": -1.0, ""KEEP"": 0.0, ""OPAL_ALL"": -2.0}",False,False,0.1915255768531609
2024-11-14,2024-11-15,2024-11-19,2024,2024-11,1,0.0337583171052824,0.883361540702772,0.7681668064387962,0.883361540702772,0.883361540702772,0.883361540702772,STRUCTURAL_IRIS,63,-6,64,0.1988706197728844,0.0217853882822796,False,True,False,False,0.883361540702772,0.3762845012585585,1,False,1,,True,10,8,5,3,0.6,False,0.883361540702772,0.883361540702772,0.883361540702772,0.3762845012585585,2024-11-05,2024-11-12,False,0,False,,0.883361540702772,False,43,10,4,6,-2,0.0562950107461193,False,False,False,False,0.883361540702772,"{""COT_FRESH"": 0.015830994108863725, ""FRESH_OR_CONSENSUS"": 0.015830994108863725, ""HELIOS_CONSENSUS"": 0.20018504290462152, ""KEEP"": 0.7118579581315316, ""OPAL_ALL"": 0.05629501074611936}","{""COT_FRESH"": -3.0, ""FRESH_OR_CONSENSUS"": -3.0, ""HELIOS_CONSENSUS"": -1.0, ""KEEP"": 0.0, ""OPAL_ALL"": -2.0}",False,False,0.883361540702772
2024-11-15,2024-11-18,2024-11-20,2024,2024-11,1,0.0221931666948577,0.6546872843525415,0.487915899303406,0.6546872843525415,0.6546872843525415,0.6546872843525415,STRUCTURAL_IRIS,63,-6,64,0.1988706197728844,0.0217853882822796,False,False,False,False,0.6546872843525415,0.7407387399042045,0,False,1,,True,10,8,5,3,0.6,False,0.6546872843525415,0.6546872843525415,0.6546872843525415,0.7407387399042045,2024-11-05,2024-11-12,False,0,False,,0.6546872843525415,False,43,10,4,6,-2,0.0562950107461193,False,False,False,False,0.6546872843525415,"{""COT_FRESH"": 0.015830994108863725, ""FRESH_OR_CONSENSUS"": 0.015830994108863725, ""HELIOS_CONSENSUS"": 0.20018504290462152, ""KEEP"": 0.7118579581315316, ""OPAL_ALL"": 0.05629501074611936}","{""COT_FRESH"": -3.0, ""FRESH_OR_CONSENSUS"": -3.0, ""HELIOS_CONSENSUS"": -1.0, ""KEEP"": 0.0, ""OPAL_ALL"": -2.0}",False,False,0.6546872843525415
2024-11-18,2024-11-19,2024-11-21,2024,2024-11,1,0.0302696215440811,0.8021338838599408,0.6984677029777516,0.8021338838599408,0.8021338838599408,0.8021338838599408,STRUCTURAL_IRIS,63,-6,64,0.1988706197728844,0.0217853882822796,False,False,False,False,0.8021338838599408,0.3070724642248962,0,False,1,,True,10,8,5,3,0.6,False,0.8021338838599408,0.8021338838599408,0.8021338838599408,0.3070724642248962,2024-11-05,2024-11-12,False,0,False,,0.8021338838599408,False,43,10,4,6,-2,0.0562950107461193,False,False,False,False,0.8021338838599408,"{""COT_FRESH"": 0.015830994108863725, ""FRESH_OR_CONSENSUS"": 0.015830994108863725, ""HELIOS_CONSENSUS"": 0.20018504290462152, ""KEEP"": 0.7118579581315316, ""OPAL_ALL"": 0.05629501074611936}","{""COT_FRESH"": -3.0, ""FRESH_OR_CONSENSUS"": -3.0, ""HELIOS_CONSENSUS"": -1.0, ""KEEP"": 0.0, ""OPAL_ALL"": -2.0}",False,False,0.8021338838599408
2024-11-19,2024-11-20,2024-11-22,2024,2024-11,1,0.0263202644418351,0.7289417999936803,0.5931052424432295,0.7289417999936803,0.7289417999936803,0.7289417999936803,STRUCTURAL_IRIS,63,-6,64,0.1988706197728844,0.0217853882822796,False,False,False,False,0.7289417999936803,0.6298354094815767,0,False,1,,True,10,8,5,3,0.6,False,0.7289417999936803,0.7289417999936803,0.7289417999936803,0.6298354094815767,2024-11-12,2024-11-19,False,0,False,,0.7289417999936803,False,43,10,4,6,-2,0.0562950107461193,False,False,False,False,0.7289417999936803,"{""COT_FRESH"": 0.015830994108863725, ""FRESH_OR_CONSENSUS"": 0.015830994108863725, ""HELIOS_CONSENSUS"": 0.20018504290462152, ""KEEP"": 0.7118579581315316, ""OPAL_ALL"": 0.05629501074611936}","{""COT_FRESH"": -3.0, ""FRESH_OR_CONSENSUS"": -3.0, ""HELIOS_CONSENSUS"": -1.0, ""KEEP"": 0.0, ""OPAL_ALL"": -2.0}",False,False,0.7289417999936803
2024-11-20,2024-11-21,2024-11-25,2024,2024-11,1,0.0174140801103909,0.8967899697267465,0.8322064905341341,0.8967899697267465,0.8967899697267465,0.8967899697267465,STRUCTURAL_IRIS,63,-7,65,0.177570326971987,0.0182265406621995,False,False,False,False,0.8967899697267465,0.1342846717646599,0,False,1,,True,10,8,5,3,0.6,False,0.8967899697267465,0.8967899697267465,0.8967899697267465,0.1342846717646599,2024-11-12,2024-11-19,False,0,False,,0.8967899697267465,False,43,10,4,6,-2,0.0562950107461193,False,False,False,False,0.8967899697267465,"{""COT_FRESH"": 0.015830994108863725, ""FRESH_OR_CONSENSUS"": 0.015830994108863725, ""HELIOS_CONSENSUS"": 0.20018504290462152, ""KEEP"": 0.7118579581315316, ""OPAL_ALL"": 0.05629501074611936}","{""COT_FRESH"": -3.0, ""FRESH_OR_CONSENSUS"": -3.0, ""HELIOS_CONSENSUS"": -1.0, ""KEEP"": 0.0, ""OPAL_ALL"": -2.0}",False,False,0.8967899697267465
2024-11-21,2024-11-22,2024-11-26,2024,2024-11,0,-0.0148681984233611,0.6192832586112487,0.5464955049303966,0.6192832586112487,0.6192832586112487,0.6192832586112487,STRUCTURAL_IRIS,63,-7,65,0.177570326971987,0.0182265406621995,False,False,True,False,0.6192832586112487,0.6422534594676326,1,False,1,,True,10,8,5,3,0.6,False,0.6192832586112487,0.6192832586112487,0.6192832586112487,0.6422534594676326,2024-11-12,2024-11-19,False,0,False,,0.6192832586112487,False,43,10,4,6,-2,0.0562950107461193,False,False,False,False,0.6192832586112487,"{""COT_FRESH"": 0.015830994108863725, ""FRESH_OR_CONSENSUS"": 0.015830994108863725, ""HELIOS_CONSENSUS"": 0.20018504290462152, ""KEEP"": 0.7118579581315316, ""OPAL_ALL"": 0.05629501074611936}","{""COT_FRESH"": -3.0, ""FRESH_OR_CONSENSUS"": -3.0, ""HELIOS_CONSENSUS"": -1.0, ""KEEP"": 0.0, ""OPAL_ALL"": -2.0}",False,False,0.6192832586112487
2024-11-22,2024-11-25,2024-11-27,2024,2024-11,0,-0.0217592746939011,0.7107357103113708,0.6456324777252305,0.7107357103113708,0.7107357103113708,0.7107357103113708,STRUCTURAL_IRIS,63,-7,65,0.177570326971987,0.0182265406621995,False,False,False,False,0.7107357103113708,0.4937722859814459,0,False,1,,True,10,8,5,3,0.6,False,0.7107357103113708,0.7107357103113708,0.7107357103113708,0.4937722859814459,2024-11-12,2024-11-19,False,0,False,,0.7107357103113708,False,43,10,4,6,-2,0.0562950107461193,False,False,False,False,0.7107357103113708,"{""COT_FRESH"": 0.015830994108863725, ""FRESH_OR_CONSENSUS"": 0.015830994108863725, ""HELIOS_CONSENSUS"": 0.20018504290462152, ""KEEP"": 0.7118579581315316, ""OPAL_ALL"": 0.05629501074611936}","{""COT_FRESH"": -3.0, ""FRESH_OR_CONSENSUS"": -3.0, ""HELIOS_CONSENSUS"": -1.0, ""KEEP"": 0.0, ""OPAL_ALL"": -2.0}",False,False,0.7107357103113708
2024-11-25,2024-11-26,2024-11-28,2024,2024-11,0,-0.0090280480781984,0.1410441252854663,0.1073089152961278,0.1410441252854663,0.1410441252854663,0.1410441252854663,STRUCTURAL_IRIS,63,-7,65,0.177570326971987,0.0182265406621995,False,False,False,False,0.1410441252854663,0.5216163623121426,0,False,0,,True,10,8,5,3,0.6,False,0.1410441252854663,0.1410441252854663,0.1410441252854663,0.5216163623121426,2024-11-12,2024-11-19,False,0,False,,0.1410441252854663,False,43,10,4,6,-2,0.0562950107461193,False,False,False,False,0.1410441252854663,"{""COT_FRESH"": 0.015830994108863725, ""FRESH_OR_CONSENSUS"": 0.015830994108863725, ""HELIOS_CONSENSUS"": 0.20018504290462152, ""KEEP"": 0.7118579581315316, ""OPAL_ALL"": 0.05629501074611936}","{""COT_FRESH"": -3.0, ""FRESH_OR_CONSENSUS"": -3.0, ""HELIOS_CONSENSUS"": -1.0, ""KEEP"": 0.0, ""OPAL_ALL"": -2.0}",False,False,0.1410441252854663
2024-11-26,2024-11-27,2024-11-29,2024,2024-11,1,0.0128434508250031,0.6676066108675979,0.6174021368855549,0.6676066108675979,0.6676066108675979,0.6676066108675979,STRUCTURAL_IRIS,63,-7,65,0.177570326971987,0.0182265406621995,False,True,False,False,0.6676066108675979,0.5328099977816325,1,False,1,,True,10,8,5,3,0.6,False,0.6676066108675979,0.6676066108675979,0.6676066108675979,0.5328099977816325,2024-11-19,2024-11-26,False,0,False,,0.6676066108675979,False,43,10,4,6,-2,0.0562950107461193,False,False,False,False,0.6676066108675979,"{""COT_FRESH"": 0.015830994108863725, ""FRESH_OR_CONSENSUS"": 0.015830994108863725, ""HELIOS_CONSENSUS"": 0.20018504290462152, ""KEEP"": 0.7118579581315316, ""OPAL_ALL"": 0.05629501074611936}","{""COT_FRESH"": -3.0, ""FRESH_OR_CONSENSUS"": -3.0, ""HELIOS_CONSENSUS"": -1.0, ""KEEP"": 0.0, ""OPAL_ALL"": -2.0}",False,False,0.6676066108675979
2024-11-27,2024-11-28,2024-12-02,2024,2024-11,0,-0.0040679304949806,0.511964904637608,0.3774000429884193,0.511964904637608,0.511964904637608,0.511964904637608,STRUCTURAL_IRIS,63,-7,65,0.177570326971987,0.0182265406621995,False,False,False,False,0.511964904637608,0.5658397983885252,0,False,1,,True,10,8,5,3,0.6,False,0.511964904637608,0.511964904637608,0.511964904637608,0.5658397983885252,2024-11-19,2024-11-26,False,0,False,,0.511964904637608,False,43,10,4,6,-2,0.0562950107461193,False,False,False,False,0.511964904637608,"{""COT_FRESH"": 0.015830994108863725, ""FRESH_OR_CONSENSUS"": 0.015830994108863725, ""HELIOS_CONSENSUS"": 0.20018504290462152, ""KEEP"": 0.7118579581315316, ""OPAL_ALL"": 0.05629501074611936}","{""COT_FRESH"": -3.0, ""FRESH_OR_CONSENSUS"": -3.0, ""HELIOS_CONSENSUS"": -1.0, ""KEEP"": 0.0, ""OPAL_ALL"": -2.0}",False,False,0.511964904637608
2024-12-02,2024-12-03,2024-12-05,2024,2024-12,1,0.0045021262485716,0.6231144460294865,0.5638494780143568,0.6231144460294865,0.6231144460294865,0.6231144460294865,STRUCTURAL_IRIS,63,-4,66,0.3386800676354253,0.1521313448402979,False,True,False,False,0.6231144460294865,0.5626936442942403,1,False,1,,True,10,8,5,3,0.6,False,0.6231144460294865,0.6231144460294865,0.6231144460294865,0.5626936442942403,2024-11-19,2024-11-26,False,0,False,,0.6231144460294865,False,43,10,4,6,-2,0.0562950107461193,False,False,False,False,0.6231144460294865,"{""COT_FRESH"": 0.015830994108863725, ""FRESH_OR_CONSENSUS"": 0.015830994108863725, ""HELIOS_CONSENSUS"": 0.20018504290462152, ""KEEP"": 0.7118579581315316, ""OPAL_ALL"": 0.05629501074611936}","{""COT_FRESH"": -3.0, ""FRESH_OR_CONSENSUS"": -3.0, ""HELIOS_CONSENSUS"": -1.0, ""KEEP"": 0.0, ""OPAL_ALL"": -2.0}",False,False,0.6231144460294865
2024-12-03,2024-12-04,2024-12-06,2024,2024-12,0,-0.0033511017094529,0.5686091876917323,0.5007769501653645,0.5686091876917323,0.5686091876917323,0.5686091876917323,STRUCTURAL_IRIS,63,-4,66,0.3386800676354253,0.1521313448402979,False,False,False,False,0.5686091876917323,0.8304284955123011,0,False,1,,True,10,8,5,3,0.6,False,0.5686091876917323,0.5686091876917323,0.5686091876917323,0.8304284955123011,2024-11-26,2024-12-03,False,0,False,,0.5686091876917323,False,43,10,4,6,-2,0.0562950107461193,False,False,False,False,0.5686091876917323,"{""COT_FRESH"": 0.015830994108863725, ""FRESH_OR_CONSENSUS"": 0.015830994108863725, ""HELIOS_CONSENSUS"": 0.20018504290462152, ""KEEP"": 0.7118579581315316, ""OPAL_ALL"": 0.05629501074611936}","{""COT_FRESH"": -3.0, ""FRESH_OR_CONSENSUS"": -3.0, ""HELIOS_CONSENSUS"": -1.0, ""KEEP"": 0.0, ""OPAL_ALL"": -2.0}",False,False,0.5686091876917323
2024-12-04,2024-12-05,2024-12-09,2024,2024-12,1,0.0052096231379167,0.7007740739887238,0.644753108373089,0.7007740739887238,0.7007740739887238,0.7007740739887238,STRUCTURAL_IRIS,63,-4,66,0.3386800676354253,0.1521313448402979,False,False,False,False,0.7007740739887238,0.4765050437626144,0,False,1,,True,10,8,5,3,0.6,False,0.7007740739887238,0.7007740739887238,0.7007740739887238,0.4765050437626144,2024-11-26,2024-12-03,False,0,False,,0.7007740739887238,False,43,10,4,6,-2,0.0562950107461193,False,False,False,False,0.7007740739887238,"{""COT_FRESH"": 0.015830994108863725, ""FRESH_OR_CONSENSUS"": 0.015830994108863725, ""HELIOS_CONSENSUS"": 0.20018504290462152, ""KEEP"": 0.7118579581315316, ""OPAL_ALL"": 0.05629501074611936}","{""COT_FRESH"": -3.0, ""FRESH_OR_CONSENSUS"": -3.0, ""HELIOS_CONSENSUS"": -1.0, ""KEEP"": 0.0, ""OPAL_ALL"": -2.0}",False,False,0.7007740739887238
2024-12-05,2024-12-06,2024-12-10,2024,2024-12,1,0.0080081637084915,0.5304745808892184,0.3816022416813115,0.5304745808892184,0.5304745808892184,0.5304745808892184,STRUCTURAL_IRIS,63,-4,66,0.3386800676354253,0.1521313448402979,False,False,False,False,0.5304745808892184,0.641126742569811,0,False,1,,True,10,8,5,3,0.6,False,0.5304745808892184,0.5304745808892184,0.5304745808892184,0.641126742569811,2024-11-26,2024-12-03,False,0,False,,0.5304745808892184,False,43,10,4,6,-2,0.0562950107461193,False,False,False,False,0.5304745808892184,"{""COT_FRESH"": 0.015830994108863725, ""FRESH_OR_CONSENSUS"": 0.015830994108863725, ""HELIOS_CONSENSUS"": 0.20018504290462152, ""KEEP"": 0.7118579581315316, ""OPAL_ALL"": 0.05629501074611936}","{""COT_FRESH"": -3.0, ""FRESH_OR_CONSENSUS"": -3.0, ""HELIOS_CONSENSUS"": -1.0, ""KEEP"": 0.0, ""OPAL_ALL"": -2.0}",False,False,0.5304745808892184
2024-12-06,2024-12-09,2024-12-11,2024,2024-12,1,0.0228546023087911,0.5250081903278145,0.4070669529094726,0.5250081903278145,0.5250081903278145,0.5250081903278145,STRUCTURAL_IRIS,63,-4,66,0.3386800676354253,0.1521313448402979,False,False,False,False,0.5250081903278145,0.7022098873140519,0,False,1,,True,10,8,5,3,0.6,False,0.5250081903278145,0.5250081903278145,0.5250081903278145,0.7022098873140519,2024-11-26,2024-12-03,False,0,False,,0.5250081903278145,False,43,10,4,6,-2,0.0562950107461193,False,False,False,False,0.5250081903278145,"{""COT_FRESH"": 0.015830994108863725, ""FRESH_OR_CONSENSUS"": 0.015830994108863725, ""HELIOS_CONSENSUS"": 0.20018504290462152, ""KEEP"": 0.7118579581315316, ""OPAL_ALL"": 0.05629501074611936}","{""COT_FRESH"": -3.0, ""FRESH_OR_CONSENSUS"": -3.0, ""HELIOS_CONSENSUS"": -1.0, ""KEEP"": 0.0, ""OPAL_ALL"": -2.0}",False,False,0.5250081903278145
2024-12-09,2024-12-10,2024-12-12,2024,2024-12,1,0.0215114124996978,0.6487959452573958,0.5248327169338249,0.6487959452573958,0.6487959452573958,0.6487959452573958,STRUCTURAL_IRIS,63,-4,66,0.3386800676354253,0.1521313448402979,False,False,False,False,0.6487959452573958,0.5350229857947659,0,False,1,,True,10,8,5,3,0.6,False,0.6487959452573958,0.6487959452573958,0.6487959452573958,0.5350229857947659,2024-11-26,2024-12-03,False,0,False,,0.6487959452573958,False,43,10,4,6,-2,0.0562950107461193,False,False,False,False,0.6487959452573958,"{""COT_FRESH"": 0.015830994108863725, ""FRESH_OR_CONSENSUS"": 0.015830994108863725, ""HELIOS_CONSENSUS"": 0.20018504290462152, ""KEEP"": 0.7118579581315316, ""OPAL_ALL"": 0.05629501074611936}","{""COT_FRESH"": -3.0, ""FRESH_OR_CONSENSUS"": -3.0, ""HELIOS_CONSENSUS"": -1.0, ""KEEP"": 0.0, ""OPAL_ALL"": -2.0}",False,False,0.6487959452573958
2024-12-10,2024-12-11,2024-12-13,2024,2024-12,0,-0.0003370786548769,0.8567299771665481,0.822058710002698,0.8567299771665481,0.8567299771665481,0.8567299771665481,STRUCTURAL_IRIS,63,-4,67,0.2780365109211412,0.0700164468532441,False,False,False,False,0.8567299771665481,0.1627227782169692,0,False,1,,True,10,8,5,3,0.6,False,0.8567299771665481,0.8567299771665481,0.8567299771665481,0.1627227782169692,2024-12-03,2024-12-10,False,0,False,,0.8567299771665481,False,43,10,4,6,-2,0.0562950107461193,False,False,False,False,0.8567299771665481,"{""COT_FRESH"": 0.015830994108863725, ""FRESH_OR_CONSENSUS"": 0.015830994108863725, ""HELIOS_CONSENSUS"": 0.20018504290462152, ""KEEP"": 0.7118579581315316, ""OPAL_ALL"": 0.05629501074611936}","{""COT_FRESH"": -3.0, ""FRESH_OR_CONSENSUS"": -3.0, ""HELIOS_CONSENSUS"": -1.0, ""KEEP"": 0.0, ""OPAL_ALL"": -2.0}",False,False,0.8567299771665481
2024-12-11,2024-12-12,2024-12-16,2024,2024-12,0,-0.0136236804067576,0.7886703947557746,0.7678468285988068,0.7886703947557746,0.7886703947557746,0.7886703947557746,STRUCTURAL_IRIS,63,-5,68,0.2479677381332683,0.0416792016528826,False,False,False,False,0.7886703947557746,0.1735531787071649,0,False,1,,True,10,8,5,3,0.6,False,0.7886703947557746,0.7886703947557746,0.7886703947557746,0.1735531787071649,2024-12-03,2024-12-10,False,0,False,,0.7886703947557746,False,43,10,4,6,-2,0.0562950107461193,False,False,False,False,0.7886703947557746,"{""COT_FRESH"": 0.015830994108863725, ""FRESH_OR_CONSENSUS"": 0.015830994108863725, ""HELIOS_CONSENSUS"": 0.20018504290462152, ""KEEP"": 0.7118579581315316, ""OPAL_ALL"": 0.05629501074611936}","{""COT_FRESH"": -3.0, ""FRESH_OR_CONSENSUS"": -3.0, ""HELIOS_CONSENSUS"": -1.0, ""KEEP"": 0.0, ""OPAL_ALL"": -2.0}",False,False,0.7886703947557746
2024-12-12,2024-12-13,2024-12-17,2024,2024-12,0,-0.0268913724317203,0.1950392719720723,0.1884982882942612,0.1950392719720723,0.1950392719720723,0.1950392719720723,STRUCTURAL_IRIS,63,-5,68,0.2479677381332683,0.0416792016528826,False,False,False,False,0.1950392719720723,0.3527807856741696,0,False,0,,True,10,8,5,3,0.6,False,0.1950392719720723,0.1950392719720723,0.1950392719720723,0.3527807856741696,2024-12-03,2024-12-10,False,0,False,,0.1950392719720723,False,43,10,4,6,-2,0.0562950107461193,False,False,False,False,0.1950392719720723,"{""COT_FRESH"": 0.015830994108863725, ""FRESH_OR_CONSENSUS"": 0.015830994108863725, ""HELIOS_CONSENSUS"": 0.20018504290462152, ""KEEP"": 0.7118579581315316, ""OPAL_ALL"": 0.05629501074611936}","{""COT_FRESH"": -3.0, ""FRESH_OR_CONSENSUS"": -3.0, ""HELIOS_CONSENSUS"": -1.0, ""KEEP"": 0.0, ""OPAL_ALL"": -2.0}",False,False,0.1950392719720723
2024-12-13,2024-12-16,2024-12-18,2024,2024-12,0,-0.0079731143149951,0.2899713394354391,0.2884597514475616,0.2899713394354391,0.2899713394354391,0.2899713394354391,STRUCTURAL_IRIS,63,-5,68,0.2479677381332683,0.0416792016528826,False,False,False,False,0.2899713394354391,0.5041609573700848,0,False,0,,True,10,8,5,3,0.6,False,0.2899713394354391,0.2899713394354391,0.2899713394354391,0.5041609573700848,2024-12-03,2024-12-10,False,0,False,,0.2899713394354391,False,43,10,4,6,-2,0.0562950107461193,False,False,False,False,0.2899713394354391,"{""COT_FRESH"": 0.015830994108863725, ""FRESH_OR_CONSENSUS"": 0.015830994108863725, ""HELIOS_CONSENSUS"": 0.20018504290462152, ""KEEP"": 0.7118579581315316, ""OPAL_ALL"": 0.05629501074611936}","{""COT_FRESH"": -3.0, ""FRESH_OR_CONSENSUS"": -3.0, ""HELIOS_CONSENSUS"": -1.0, ""KEEP"": 0.0, ""OPAL_ALL"": -2.0}",False,False,0.2899713394354391
2024-12-16,2024-12-17,2024-12-19,2024,2024-12,0,-0.0150128239694908,0.3893235589466648,0.4360982737080553,0.3893235589466648,0.3893235589466648,0.3893235589466648,STRUCTURAL_IRIS,63,-5,68,0.2479677381332683,0.0416792016528826,False,False,False,True,0.7129417381849892,0.7129417381849892,0,False,0,,True,10,8,5,3,0.6,False,0.3893235589466648,0.3893235589466648,0.3893235589466648,0.7129417381849892,2024-12-03,2024-12-10,True,1,True,0.0,0.3893235589466648,False,43,10,4,6,-2,0.0879569989638468,False,True,False,False,0.3893235589466648,"{""COT_FRESH"": 0.015830994108863725, ""FRESH_OR_CONSENSUS"": 0.015830994108863725, ""HELIOS_CONSENSUS"": 0.20018504290462152, ""KEEP"": 0.7118579581315316, ""OPAL_ALL"": 0.05629501074611936}","{""COT_FRESH"": -3.0, ""FRESH_OR_CONSENSUS"": -3.0, ""HELIOS_CONSENSUS"": -1.0, ""KEEP"": 0.0, ""OPAL_ALL"": -2.0}",False,False,0.3893235589466648
2024-12-17,2024-12-18,2024-12-20,2024,2024-12,0,-0.0135107576594288,0.6029837231682267,0.6197636055906188,0.6029837231682267,0.6029837231682267,0.6029837231682267,STRUCTURAL_IRIS,63,-5,68,0.2479677381332683,0.0416792016528826,False,False,False,False,0.6029837231682267,0.4843456200853197,0,False,1,,True,10,8,5,3,0.6,False,0.6029837231682267,0.6029837231682267,0.6029837231682267,0.4843456200853197,2024-12-10,2024-12-17,False,0,False,,0.6029837231682267,False,43,10,4,6,-2,0.0562950107461193,False,False,False,False,0.6029837231682267,"{""COT_FRESH"": 0.015830994108863725, ""FRESH_OR_CONSENSUS"": 0.015830994108863725, ""HELIOS_CONSENSUS"": 0.20018504290462152, ""KEEP"": 0.7118579581315316, ""OPAL_ALL"": 0.05629501074611936}","{""COT_FRESH"": -3.0, ""FRESH_OR_CONSENSUS"": -3.0, ""HELIOS_CONSENSUS"": -1.0, ""KEEP"": 0.0, ""OPAL_ALL"": -2.0}",False,False,0.6029837231682267
2024-12-18,2024-12-19,2024-12-23,2024,2024-12,0,-0.0105525851607338,0.0258189851173559,0.0333930666220063,0.0258189851173559,0.0258189851173559,0.0258189851173559,STRUCTURAL_IRIS,63,-5,68,0.2479677381332683,0.0416792016528826,False,False,False,False,0.0258189851173559,0.3802737383495356,0,False,0,,True,10,8,5,3,0.6,False,0.0258189851173559,0.0258189851173559,0.0258189851173559,0.3802737383495356,2024-12-10,2024-12-17,False,0,False,,0.0258189851173559,False,43,10,4,6,-2,0.0562950107461193,False,False,False,False,0.0258189851173559,"{""COT_FRESH"": 0.015830994108863725, ""FRESH_OR_CONSENSUS"": 0.015830994108863725, ""HELIOS_CONSENSUS"": 0.20018504290462152, ""KEEP"": 0.7118579581315316, ""OPAL_ALL"": 0.05629501074611936}","{""COT_FRESH"": -3.0, ""FRESH_OR_CONSENSUS"": -3.0, ""HELIOS_CONSENSUS"": -1.0, ""KEEP"": 0.0, ""OPAL_ALL"": -2.0}",False,False,0.0258189851173559
2024-12-19,2024-12-20,2024-12-24,2024,2024-12,0,-0.0028844061602237,0.1878930548849143,0.2286097335540304,0.1878930548849143,0.1878930548849143,0.1878930548849143,STRUCTURAL_IRIS,63,-4,68,0.2479677381332683,0.0416792016528826,False,False,False,False,0.1878930548849143,0.4473554488719834,0,False,0,,True,10,8,5,3,0.6,False,0.1878930548849143,0.1878930548849143,0.1878930548849143,0.4473554488719834,2024-12-10,2024-12-17,False,0,False,,0.1878930548849143,False,44,10,4,6,-2,0.0372402059857434,False,False,False,False,0.1878930548849143,"{""COT_FRESH"": 0.01047249967198586, ""FRESH_OR_CONSENSUS"": 0.01047249967198586, ""HELIOS_CONSENSUS"": 0.4709073973351425, ""KEEP"": 0.4709073973351425, ""OPAL_ALL"": 0.03724020598574341}","{""COT_FRESH"": -3.0, ""FRESH_OR_CONSENSUS"": -3.0, ""HELIOS_CONSENSUS"": 0.0, ""KEEP"": 0.0, ""OPAL_ALL"": -2.0}",False,False,0.1878930548849143
2024-12-20,2024-12-23,2024-12-27,2024,2024-12,1,0.0074163613817654,0.6484379090032286,0.7084074850034962,0.6484379090032286,0.6484379090032286,0.6484379090032286,STRUCTURAL_IRIS,63,-4,68,0.2479677381332683,0.0416792016528826,False,True,False,False,0.6484379090032286,0.365220361011778,1,False,1,,True,10,8,5,3,0.6,False,0.6484379090032286,0.6484379090032286,0.6484379090032286,0.365220361011778,2024-12-10,2024-12-17,False,0,False,,0.6484379090032286,False,44,10,4,6,-2,0.0372402059857434,False,False,False,False,0.6484379090032286,"{""COT_FRESH"": 0.01047249967198586, ""FRESH_OR_CONSENSUS"": 0.01047249967198586, ""HELIOS_CONSENSUS"": 0.4709073973351425, ""KEEP"": 0.4709073973351425, ""OPAL_ALL"": 0.03724020598574341}","{""COT_FRESH"": -3.0, ""FRESH_OR_CONSENSUS"": -3.0, ""HELIOS_CONSENSUS"": 0.0, ""KEEP"": 0.0, ""OPAL_ALL"": -2.0}",False,False,0.6484379090032286
2024-12-23,2024-12-24,2024-12-30,2024,2024-12,0,-0.0039190621482869,0.3738238117832255,0.3793451523864171,0.3738238117832255,0.3738238117832255,0.3738238117832255,STRUCTURAL_IRIS,63,-4,68,0.2479677381332683,0.0416792016528826,False,False,False,False,0.3738238117832255,0.5568711304727562,0,False,0,,True,10,8,5,3,0.6,False,0.3738238117832255,0.3738238117832255,0.3738238117832255,0.5568711304727562,2024-12-10,2024-12-17,False,0,False,,0.3738238117832255,False,44,10,4,6,-2,0.0372402059857434,False,False,False,False,0.3738238117832255,"{""COT_FRESH"": 0.01047249967198586, ""FRESH_OR_CONSENSUS"": 0.01047249967198586, ""HELIOS_CONSENSUS"": 0.4709073973351425, ""KEEP"": 0.4709073973351425, ""OPAL_ALL"": 0.03724020598574341}","{""COT_FRESH"": -3.0, ""FRESH_OR_CONSENSUS"": -3.0, ""HELIOS_CONSENSUS"": 0.0, ""KEEP"": 0.0, ""OPAL_ALL"": -2.0}",False,False,0.3738238117832255
2024-12-27,2024-12-30,2025-01-02,2024,2024-12,1,0.0072294272345223,0.4763786685562096,0.4956919262552845,0.4763786685562096,0.4763786685562096,0.4763786685562096,STRUCTURAL_IRIS,63,-4,68,0.2479677381332683,0.0416792016528826,True,False,False,True,0.7779367061457837,0.7779367061457837,1,True,0,1.0,True,10,8,5,3,0.6,True,0.5236213314437904,0.5047242662887581,0.6,0.7779367061457837,2024-12-17,2024-12-24,True,1,True,1.0,0.5236213314437904,False,44,10,4,6,-2,0.5290926026648577,True,False,False,True,0.6,"{""COT_FRESH"": 0.01047249967198586, ""FRESH_OR_CONSENSUS"": 0.01047249967198586, ""HELIOS_CONSENSUS"": 0.4709073973351425, ""KEEP"": 0.4709073973351425, ""OPAL_ALL"": 0.03724020598574341}","{""COT_FRESH"": -3.0, ""FRESH_OR_CONSENSUS"": -3.0, ""HELIOS_CONSENSUS"": 0.0, ""KEEP"": 0.0, ""OPAL_ALL"": -2.0}",False,True,0.6
2024-12-30,2024-12-31,2025-01-03,2024,2024-12,1,0.016715809189268,0.5340596332119983,0.4782953089006976,0.5340596332119983,0.5340596332119983,0.5340596332119983,STRUCTURAL_IRIS,63,-4,68,0.2479677381332683,0.0416792016528826,False,False,False,False,0.5340596332119983,0.7435392750267041,0,False,1,,True,10,8,5,3,0.6,False,0.5340596332119983,0.5340596332119983,0.5340596332119983,0.7435392750267041,2024-12-17,2024-12-24,False,0,False,,0.5340596332119983,False,44,10,4,6,-2,0.0372402059857434,False,False,False,False,0.5340596332119983,"{""COT_FRESH"": 0.01047249967198586, ""FRESH_OR_CONSENSUS"": 0.01047249967198586, ""HELIOS_CONSENSUS"": 0.4709073973351425, ""KEEP"": 0.4709073973351425, ""OPAL_ALL"": 0.03724020598574341}","{""COT_FRESH"": -3.0, ""FRESH_OR_CONSENSUS"": -3.0, ""HELIOS_CONSENSUS"": 0.0, ""KEEP"": 0.0, ""OPAL_ALL"": -2.0}",False,False,0.5340596332119983
2024-12-31,2025-01-02,2025-01-06,2025,2025-01,1,0.0079921839203426,0.6516773520058926,0.6066535433254769,0.6516773520058926,0.6516773520058926,0.6516773520058926,STRUCTURAL_IRIS,63,-4,68,0.2479677381332683,0.0416792016528826,False,False,False,False,0.6516773520058926,0.4563294988789131,0,False,1,,True,10,8,5,3,0.6,False,0.6516773520058926,0.6516773520058926,0.6516773520058926,0.4563294988789131,2024-12-24,2024-12-31,False,0,False,,0.6516773520058926,False,44,10,4,6,-2,0.0372402059857434,False,False,False,False,0.6516773520058926,"{""COT_FRESH"": 0.01047249967198586, ""FRESH_OR_CONSENSUS"": 0.01047249967198586, ""HELIOS_CONSENSUS"": 0.4709073973351425, ""KEEP"": 0.4709073973351425, ""OPAL_ALL"": 0.03724020598574341}","{""COT_FRESH"": -3.0, ""FRESH_OR_CONSENSUS"": -3.0, ""HELIOS_CONSENSUS"": 0.0, ""KEEP"": 0.0, ""OPAL_ALL"": -2.0}",False,False,0.6516773520058926
2025-01-02,2025-01-03,2025-01-07,2025,2025-01,0,-7.56286632993108e-05,0.7783751030783753,0.7751714748965784,0.7783751030783753,0.7783751030783753,0.7783751030783753,STRUCTURAL_IRIS,63,-4,68,0.2479677381332683,0.0416792016528826,False,False,False,False,0.7783751030783753,0.2305981796462376,0,False,1,,True,11,8,5,3,0.6,False,0.7783751030783753,0.7783751030783753,0.7783751030783753,0.2305981796462376,2024-12-24,2024-12-31,False,0,False,,0.7783751030783753,False,44,10,4,6,-2,0.1634406354333527,False,False,False,False,0.7783751030783753,"{""COT_FRESH"": 0.04596193698875369, ""FRESH_OR_CONSENSUS"": 0.04596193698875369, ""HELIOS_CONSENSUS"": 0.5811948551557872, ""KEEP"": 0.16344063543335274, ""OPAL_ALL"": 0.16344063543335274}","{""COT_FRESH"": -1.0, ""FRESH_OR_CONSENSUS"": -1.0, ""HELIOS_CONSENSUS"": 1.0, ""KEEP"": 0.0, ""OPAL_ALL"": 0.0}",False,False,0.7783751030783753
2025-01-03,2025-01-06,2025-01-08,2025,2025-01,0,-0.0003202863764369,0.4459175423899966,0.3631904681590304,0.4459175423899966,0.4459175423899966,0.4459175423899966,STRUCTURAL_IRIS,63,-5,69,0.2255881532755203,0.0287134482181062,False,False,False,False,0.4459175423899966,0.4786739748286652,0,False,0,,True,11,8,5,3,0.6,False,0.4459175423899966,0.4459175423899966,0.4459175423899966,0.4786739748286652,2024-12-24,2024-12-31,False,0,False,,0.4459175423899966,False,44,10,4,6,-2,0.1634406354333527,False,False,False,False,0.4459175423899966,"{""COT_FRESH"": 0.04596193698875369, ""FRESH_OR_CONSENSUS"": 0.04596193698875369, ""HELIOS_CONSENSUS"": 0.5811948551557872, ""KEEP"": 0.16344063543335274, ""OPAL_ALL"": 0.16344063543335274}","{""COT_FRESH"": -1.0, ""FRESH_OR_CONSENSUS"": -1.0, ""HELIOS_CONSENSUS"": 1.0, ""KEEP"": 0.0, ""OPAL_ALL"": 0.0}",False,False,0.4459175423899966
2025-01-06,2025-01-07,2025-01-09,2025,2025-01,1,0.0130424732264835,0.6699116411724827,0.5571462366473331,0.6699116411724827,0.6699116411724827,0.6699116411724827,STRUCTURAL_IRIS,63,-5,69,0.2255881532755203,0.0287134482181062,False,False,False,False,0.6699116411724827,0.6112524622900478,0,False,1,,True,11,8,5,3,0.6,False,0.6699116411724827,0.6699116411724827,0.6699116411724827,0.6112524622900478,2024-12-24,2024-12-31,False,0,False,,0.6699116411724827,False,44,10,4,6,-2,0.1634406354333527,False,False,False,False,0.6699116411724827,"{""COT_FRESH"": 0.04596193698875369, ""FRESH_OR_CONSENSUS"": 0.04596193698875369, ""HELIOS_CONSENSUS"": 0.5811948551557872, ""KEEP"": 0.16344063543335274, ""OPAL_ALL"": 0.16344063543335274}","{""COT_FRESH"": -1.0, ""FRESH_OR_CONSENSUS"": -1.0, ""HELIOS_CONSENSUS"": 1.0, ""KEEP"": 0.0, ""OPAL_ALL"": 0.0}",False,False,0.6699116411724827
2025-01-07,2025-01-08,2025-01-10,2025,2025-01,1,0.01316735310358,0.6401160248494423,0.6229780769480989,0.6401160248494423,0.6401160248494423,0.6401160248494423,STRUCTURAL_IRIS,63,-4,69,0.2255881532755203,0.0287134482181062,False,False,False,False,0.6401160248494423,0.5528334684162168,0,False,1,,True,11,8,5,3,0.6,False,0.6401160248494423,0.6401160248494423,0.6401160248494423,0.5528334684162168,2024-12-31,2025-01-07,False,0,False,,0.6401160248494423,False,44,10,4,6,-2,0.1634406354333527,False,False,False,False,0.6401160248494423,"{""COT_FRESH"": 0.04596193698875369, ""FRESH_OR_CONSENSUS"": 0.04596193698875369, ""HELIOS_CONSENSUS"": 0.5811948551557872, ""KEEP"": 0.16344063543335274, ""OPAL_ALL"": 0.16344063543335274}","{""COT_FRESH"": -1.0, ""FRESH_OR_CONSENSUS"": -1.0, ""HELIOS_CONSENSUS"": 1.0, ""KEEP"": 0.0, ""OPAL_ALL"": 0.0}",False,False,0.6401160248494423
2025-01-08,2025-01-09,2025-01-13,2025,2025-01,1,0.009881484801588,0.7170491721684686,0.6517014648411091,0.7170491721684686,0.7170491721684686,0.7170491721684686,STRUCTURAL_IRIS,63,-4,69,0.2255881532755203,0.0287134482181062,False,False,False,False,0.7170491721684686,0.5484688228560988,0,False,1,,True,11,8,5,3,0.6,False,0.7170491721684686,0.7170491721684686,0.7170491721684686,0.5484688228560988,2024-12-31,2025-01-07,False,0,False,,0.7170491721684686,False,44,10,4,6,-2,0.1634406354333527,False,False,False,False,0.7170491721684686,"{""COT_FRESH"": 0.04596193698875369, ""FRESH_OR_CONSENSUS"": 0.04596193698875369, ""HELIOS_CONSENSUS"": 0.5811948551557872, ""KEEP"": 0.16344063543335274, ""OPAL_ALL"": 0.16344063543335274}","{""COT_FRESH"": -1.0, ""FRESH_OR_CONSENSUS"": -1.0, ""HELIOS_CONSENSUS"": 1.0, ""KEEP"": 0.0, ""OPAL_ALL"": 0.0}",False,False,0.7170491721684686
2025-01-09,2025-01-10,2025-01-14,2025,2025-01,1,1.8752051006093896e-05,0.6058569940633428,0.5800484354022443,0.6058569940633428,0.6058569940633428,0.6058569940633428,STRUCTURAL_IRIS,63,-4,69,0.2255881532755203,0.0287134482181062,False,False,False,False,0.6058569940633428,0.5074289103111649,0,False,1,,True,11,8,5,3,0.6,False,0.6058569940633428,0.6058569940633428,0.6058569940633428,0.5074289103111649,2024-12-31,2025-01-07,False,0,False,,0.6058569940633428,False,44,10,4,6,-2,0.1634406354333527,False,False,False,False,0.6058569940633428,"{""COT_FRESH"": 0.04596193698875369, ""FRESH_OR_CONSENSUS"": 0.04596193698875369, ""HELIOS_CONSENSUS"": 0.5811948551557872, ""KEEP"": 0.16344063543335274, ""OPAL_ALL"": 0.16344063543335274}","{""COT_FRESH"": -1.0, ""FRESH_OR_CONSENSUS"": -1.0, ""HELIOS_CONSENSUS"": 1.0, ""KEEP"": 0.0, ""OPAL_ALL"": 0.0}",False,False,0.6058569940633428
2025-01-10,2025-01-13,2025-01-15,2025,2025-01,1,0.0026649040659097,0.6741702886998968,0.6606651029367019,0.6741702886998968,0.6741702886998968,0.6741702886998968,STRUCTURAL_IRIS,63,-4,69,0.2255881532755203,0.0287134482181062,False,False,False,False,0.6741702886998968,0.4450977527270253,0,False,1,,True,11,8,5,3,0.6,False,0.6741702886998968,0.6741702886998968,0.6741702886998968,0.4450977527270253,2024-12-31,2025-01-07,False,0,False,,0.6741702886998968,False,44,10,4,6,-2,0.1634406354333527,False,False,False,False,0.6741702886998968,"{""COT_FRESH"": 0.04596193698875369, ""FRESH_OR_CONSENSUS"": 0.04596193698875369, ""HELIOS_CONSENSUS"": 0.5811948551557872, ""KEEP"": 0.16344063543335274, ""OPAL_ALL"": 0.16344063543335274}","{""COT_FRESH"": -1.0, ""FRESH_OR_CONSENSUS"": -1.0, ""HELIOS_CONSENSUS"": 1.0, ""KEEP"": 0.0, ""OPAL_ALL"": 0.0}",False,False,0.6741702886998968
2025-01-13,2025-01-14,2025-01-16,2025,2025-01,1,0.0102650676294333,0.2215789699184044,0.2967722575552897,0.2215789699184044,0.2215789699184044,0.2215789699184044,STRUCTURAL_IRIS,63,-4,69,0.2255881532755203,0.0287134482181062,False,False,False,False,0.2215789699184044,0.4227513242428664,0,False,0,,True,11,8,5,3,0.6,False,0.2215789699184044,0.2215789699184044,0.2215789699184044,0.4227513242428664,2024-12-31,2025-01-07,False,0,False,,0.2215789699184044,False,44,10,4,6,-2,0.1634406354333527,False,False,False,False,0.2215789699184044,"{""COT_FRESH"": 0.04596193698875369, ""FRESH_OR_CONSENSUS"": 0.04596193698875369, ""HELIOS_CONSENSUS"": 0.5811948551557872, ""KEEP"": 0.16344063543335274, ""OPAL_ALL"": 0.16344063543335274}","{""COT_FRESH"": -1.0, ""FRESH_OR_CONSENSUS"": -1.0, ""HELIOS_CONSENSUS"": 1.0, ""KEEP"": 0.0, ""OPAL_ALL"": 0.0}",False,False,0.2215789699184044
2025-01-14,2025-01-15,2025-01-17,2025,2025-01,1,0.0144096321804405,0.5502996425061758,0.6438604999004177,0.5502996425061758,0.5502996425061758,0.5502996425061758,STRUCTURAL_IRIS,63,-4,69,0.2255881532755203,0.0287134482181062,False,False,False,False,0.5502996425061758,0.4165394184606792,0,False,1,,True,11,8,5,3,0.6,False,0.5502996425061758,0.5502996425061758,0.5502996425061758,0.4165394184606792,2025-01-07,2025-01-14,False,0,False,,0.5502996425061758,False,44,10,4,6,-2,0.1634406354333527,False,False,False,False,0.5502996425061758,"{""COT_FRESH"": 0.04596193698875369, ""FRESH_OR_CONSENSUS"": 0.04596193698875369, ""HELIOS_CONSENSUS"": 0.5811948551557872, ""KEEP"": 0.16344063543335274, ""OPAL_ALL"": 0.16344063543335274}","{""COT_FRESH"": -1.0, ""FRESH_OR_CONSENSUS"": -1.0, ""HELIOS_CONSENSUS"": 1.0, ""KEEP"": 0.0, ""OPAL_ALL"": 0.0}",False,False,0.5502996425061758
2025-01-15,2025-01-16,2025-01-20,2025,2025-01,1,0.0077492462462329,0.5748035382823391,0.6607499094584991,0.5748035382823391,0.5748035382823391,0.5748035382823391,STRUCTURAL_IRIS,63,-4,69,0.2255881532755203,0.0287134482181062,False,False,False,False,0.5748035382823391,0.5272940945116338,0,False,1,,True,11,8,5,3,0.6,False,0.5748035382823391,0.5748035382823391,0.5748035382823391,0.5272940945116338,2025-01-07,2025-01-14,False,0,False,,0.5748035382823391,False,44,10,4,6,-2,0.1634406354333527,False,False,False,False,0.5748035382823391,"{""COT_FRESH"": 0.04596193698875369, ""FRESH_OR_CONSENSUS"": 0.04596193698875369, ""HELIOS_CONSENSUS"": 0.5811948551557872, ""KEEP"": 0.16344063543335274, ""OPAL_ALL"": 0.16344063543335274}","{""COT_FRESH"": -1.0, ""FRESH_OR_CONSENSUS"": -1.0, ""HELIOS_CONSENSUS"": 1.0, ""KEEP"": 0.0, ""OPAL_ALL"": 0.0}",False,False,0.5748035382823391
2025-01-16,2025-01-17,2025-01-21,2025,2025-01,1,0.0051392212728168,0.5966054564777397,0.6313389675172838,0.5966054564777397,0.5966054564777397,0.5966054564777397,STRUCTURAL_IRIS,63,-4,69,0.2255881532755203,0.0287134482181062,False,False,False,False,0.5966054564777397,0.5062107456295832,0,False,1,,True,11,8,5,3,0.6,False,0.5966054564777397,0.5966054564777397,0.5966054564777397,0.5062107456295832,2025-01-07,2025-01-14,False,0,False,,0.5966054564777397,False,44,10,4,6,-2,0.1634406354333527,False,False,False,False,0.5966054564777397,"{""COT_FRESH"": 0.04596193698875369, ""FRESH_OR_CONSENSUS"": 0.04596193698875369, ""HELIOS_CONSENSUS"": 0.5811948551557872, ""KEEP"": 0.16344063543335274, ""OPAL_ALL"": 0.16344063543335274}","{""COT_FRESH"": -1.0, ""FRESH_OR_CONSENSUS"": -1.0, ""HELIOS_CONSENSUS"": 1.0, ""KEEP"": 0.0, ""OPAL_ALL"": 0.0}",False,False,0.5966054564777397
2025-01-17,2025-01-20,2025-01-22,2025,2025-01,1,0.0201461458865224,0.4808047202363498,0.4894547456283506,0.4808047202363498,0.4808047202363498,0.4808047202363498,STRUCTURAL_IRIS,63,-4,69,0.2255881532755203,0.0287134482181062,True,False,False,True,0.7247822908573925,0.7247822908573925,1,True,0,1.0,True,11,8,5,3,0.6,True,0.5191952797636502,0.50383905595273,0.6,0.7247822908573925,2025-01-07,2025-01-14,True,1,True,1.0,0.5191952797636502,False,44,10,4,6,-2,0.8365593645666474,True,False,False,True,0.6,"{""COT_FRESH"": 0.04596193698875369, ""FRESH_OR_CONSENSUS"": 0.04596193698875369, ""HELIOS_CONSENSUS"": 0.5811948551557872, ""KEEP"": 0.16344063543335274, ""OPAL_ALL"": 0.16344063543335274}","{""COT_FRESH"": -1.0, ""FRESH_OR_CONSENSUS"": -1.0, ""HELIOS_CONSENSUS"": 1.0, ""KEEP"": 0.0, ""OPAL_ALL"": 0.0}",False,True,0.6
2025-01-21,2025-01-22,2025-01-24,2025,2025-01,1,0.0180798559708558,0.76700955860363,0.760820308877105,0.76700955860363,0.76700955860363,0.76700955860363,STRUCTURAL_IRIS,63,-4,69,0.2255881532755203,0.0287134482181062,False,False,False,False,0.76700955860363,0.2610867171840059,0,False,1,,True,11,8,5,3,0.6,False,0.76700955860363,0.76700955860363,0.76700955860363,0.2610867171840059,2025-01-14,2025-01-21,False,0,False,,0.76700955860363,False,44,10,4,6,-2,0.1634406354333527,False,False,False,False,0.76700955860363,"{""COT_FRESH"": 0.04596193698875369, ""FRESH_OR_CONSENSUS"": 0.04596193698875369, ""HELIOS_CONSENSUS"": 0.5811948551557872, ""KEEP"": 0.16344063543335274, ""OPAL_ALL"": 0.16344063543335274}","{""COT_FRESH"": -1.0, ""FRESH_OR_CONSENSUS"": -1.0, ""HELIOS_CONSENSUS"": 1.0, ""KEEP"": 0.0, ""OPAL_ALL"": 0.0}",False,False,0.76700955860363
2025-01-22,2025-01-23,2025-01-27,2025,2025-01,1,0.0025148142974599,0.4883727586510984,0.5052268096952348,0.4883727586510984,0.4883727586510984,0.4883727586510984,STRUCTURAL_IRIS,63,-4,69,0.2255881532755203,0.0287134482181062,False,False,False,False,0.4883727586510984,0.6938210310095221,0,False,0,,True,12,8,6,2,0.7,False,0.4883727586510984,0.4883727586510984,0.4883727586510984,0.6938210310095221,2025-01-14,2025-01-21,False,0,False,,0.4883727586510984,False,44,10,4,6,-2,0.4469782331860116,False,False,False,False,0.4883727586510984,"{""COT_FRESH"": 0.0353478445426589, ""FRESH_OR_CONSENSUS"": 0.0353478445426589, ""HELIOS_CONSENSUS"": 0.44697823318601165, ""KEEP"": 0.0353478445426589, ""OPAL_ALL"": 0.44697823318601165}","{""COT_FRESH"": 0.0, ""FRESH_OR_CONSENSUS"": 0.0, ""HELIOS_CONSENSUS"": 2.0, ""KEEP"": 0.0, ""OPAL_ALL"": 2.0}",False,False,0.4883727586510984
2025-01-23,2025-01-24,2025-01-28,2025,2025-01,0,-0.0012748367203989,0.5729150605516825,0.6347888175104334,0.5729150605516825,0.5729150605516825,0.5729150605516825,STRUCTURAL_IRIS,63,-4,69,0.2255881532755203,0.0287134482181062,False,False,False,False,0.5729150605516825,0.4919368779754669,0,False,1,,True,12,8,6,2,0.7,False,0.5729150605516825,0.5729150605516825,0.5729150605516825,0.4919368779754669,2025-01-14,2025-01-21,False,0,False,,0.5729150605516825,False,44,10,4,6,-2,0.4469782331860116,False,False,False,False,0.5729150605516825,"{""COT_FRESH"": 0.0353478445426589, ""FRESH_OR_CONSENSUS"": 0.0353478445426589, ""HELIOS_CONSENSUS"": 0.44697823318601165, ""KEEP"": 0.0353478445426589, ""OPAL_ALL"": 0.44697823318601165}","{""COT_FRESH"": 0.0, ""FRESH_OR_CONSENSUS"": 0.0, ""HELIOS_CONSENSUS"": 2.0, ""KEEP"": 0.0, ""OPAL_ALL"": 2.0}",False,False,0.5729150605516825
2025-01-24,2025-01-27,2025-01-29,2025,2025-01,0,-0.0042130449536807,0.438456025044276,0.5017340722227641,0.438456025044276,0.438456025044276,0.438456025044276,STRUCTURAL_IRIS,63,-4,69,0.2255881532755203,0.0287134482181062,False,False,False,True,0.7125900743012333,0.7125900743012333,0,False,0,,True,12,8,6,2,0.7,False,0.438456025044276,0.438456025044276,0.438456025044276,0.7125900743012333,2025-01-14,2025-01-21,True,1,True,0.0,0.5615439749557241,False,44,10,4,6,-2,0.5176739222713295,False,True,False,False,0.438456025044276,"{""COT_FRESH"": 0.0353478445426589, ""FRESH_OR_CONSENSUS"": 0.0353478445426589, ""HELIOS_CONSENSUS"": 0.44697823318601165, ""KEEP"": 0.0353478445426589, ""OPAL_ALL"": 0.44697823318601165}","{""COT_FRESH"": 0.0, ""FRESH_OR_CONSENSUS"": 0.0, ""HELIOS_CONSENSUS"": 2.0, ""KEEP"": 0.0, ""OPAL_ALL"": 2.0}",False,False,0.438456025044276
2025-01-27,2025-01-28,2025-01-30,2025,2025-01,1,0.0039853981789672,0.2624099443537064,0.2929482028515909,0.2624099443537064,0.2624099443537064,0.2624099443537064,STRUCTURAL_IRIS,63,-3,70,0.3428815398727111,0.1484973618126503,False,False,False,False,0.2624099443537064,0.4525742538600922,0,False,0,,True,12,8,6,2,0.7,False,0.2624099443537064,0.2624099443537064,0.2624099443537064,0.4525742538600922,2025-01-14,2025-01-21,False,0,False,,0.2624099443537064,False,44,10,4,6,-2,0.4469782331860116,False,False,False,False,0.2624099443537064,"{""COT_FRESH"": 0.0353478445426589, ""FRESH_OR_CONSENSUS"": 0.0353478445426589, ""HELIOS_CONSENSUS"": 0.44697823318601165, ""KEEP"": 0.0353478445426589, ""OPAL_ALL"": 0.44697823318601165}","{""COT_FRESH"": 0.0, ""FRESH_OR_CONSENSUS"": 0.0, ""HELIOS_CONSENSUS"": 2.0, ""KEEP"": 0.0, ""OPAL_ALL"": 2.0}",False,False,0.2624099443537064
2025-01-28,2025-01-29,2025-01-31,2025,2025-01,1,0.0172717113276029,0.7007633454119775,0.7387038700545877,0.7007633454119775,0.7007633454119775,0.7007633454119775,STRUCTURAL_IRIS,63,-3,70,0.3428815398727111,0.1484973618126503,False,False,False,False,0.7007633454119775,0.1354581158245941,0,False,1,,True,12,8,6,2,0.7,False,0.7007633454119775,0.7007633454119775,0.7007633454119775,0.1354581158245941,2025-01-21,2025-01-28,False,0,False,,0.7007633454119775,False,44,10,4,6,-2,0.4469782331860116,False,False,False,False,0.7007633454119775,"{""COT_FRESH"": 0.0353478445426589, ""FRESH_OR_CONSENSUS"": 0.0353478445426589, ""HELIOS_CONSENSUS"": 0.44697823318601165, ""KEEP"": 0.0353478445426589, ""OPAL_ALL"": 0.44697823318601165}","{""COT_FRESH"": 0.0, ""FRESH_OR_CONSENSUS"": 0.0, ""HELIOS_CONSENSUS"": 2.0, ""KEEP"": 0.0, ""OPAL_ALL"": 2.0}",False,False,0.7007633454119775
2025-01-29,2025-01-30,2025-02-03,2025,2025-01,1,0.0125146810729162,0.437752028976647,0.4935984078207359,0.437752028976647,0.437752028976647,0.437752028976647,STRUCTURAL_IRIS,63,-4,71,0.2900805937398882,0.0728968479015831,True,False,False,False,0.437752028976647,0.6751085926267492,1,False,0,,True,12,8,6,2,0.7,False,0.437752028976647,0.437752028976647,0.437752028976647,0.6751085926267492,2025-01-21,2025-01-28,False,0,False,,0.437752028976647,False,45,10,4,6,-2,0.4469782331860116,False,False,False,False,0.437752028976647,"{""COT_FRESH"": 0.0353478445426589, ""FRESH_OR_CONSENSUS"": 0.0353478445426589, ""HELIOS_CONSENSUS"": 0.44697823318601165, ""KEEP"": 0.0353478445426589, ""OPAL_ALL"": 0.44697823318601165}","{""COT_FRESH"": 0.0, ""FRESH_OR_CONSENSUS"": 0.0, ""HELIOS_CONSENSUS"": 2.0, ""KEEP"": 0.0, ""OPAL_ALL"": 2.0}",False,False,0.437752028976647
2025-01-30,2025-01-31,2025-02-04,2025,2025-01,1,0.0125373868969427,0.7097045932676327,0.7196672974817451,0.7097045932676327,0.7097045932676327,0.7097045932676327,STRUCTURAL_IRIS,63,-4,71,0.2900805937398882,0.0728968479015831,False,False,False,False,0.7097045932676327,0.2826764946708122,0,False,1,,True,12,8,6,2,0.7,False,0.7097045932676327,0.7097045932676327,0.7097045932676327,0.2826764946708122,2025-01-21,2025-01-28,False,0,False,,0.7097045932676327,False,45,10,4,6,-2,0.4469782331860116,False,False,False,False,0.7097045932676327,"{""COT_FRESH"": 0.0353478445426589, ""FRESH_OR_CONSENSUS"": 0.0353478445426589, ""HELIOS_CONSENSUS"": 0.44697823318601165, ""KEEP"": 0.0353478445426589, ""OPAL_ALL"": 0.44697823318601165}","{""COT_FRESH"": 0.0, ""FRESH_OR_CONSENSUS"": 0.0, ""HELIOS_CONSENSUS"": 2.0, ""KEEP"": 0.0, ""OPAL_ALL"": 2.0}",False,False,0.7097045932676327
2025-01-31,2025-02-03,2025-02-05,2025,2025-02,1,0.029056110044691,0.6259790956244402,0.6108702460460484,0.6259790956244402,0.6259790956244402,0.6259790956244402,STRUCTURAL_IRIS,63,-4,71,0.2900805937398882,0.0728968479015831,False,False,False,False,0.6259790956244402,0.5813099358485085,0,False,1,,True,12,8,6,2,0.7,False,0.6259790956244402,0.6259790956244402,0.6259790956244402,0.5813099358485085,2025-01-21,2025-01-28,False,0,False,,0.6259790956244402,False,45,10,4,6,-2,0.4469782331860116,False,False,False,False,0.6259790956244402,"{""COT_FRESH"": 0.0353478445426589, ""FRESH_OR_CONSENSUS"": 0.0353478445426589, ""HELIOS_CONSENSUS"": 0.44697823318601165, ""KEEP"": 0.0353478445426589, ""OPAL_ALL"": 0.44697823318601165}","{""COT_FRESH"": 0.0, ""FRESH_OR_CONSENSUS"": 0.0, ""HELIOS_CONSENSUS"": 2.0, ""KEEP"": 0.0, ""OPAL_ALL"": 2.0}",False,False,0.6259790956244402
2025-02-03,2025-02-04,2025-02-06,2025,2025-02,1,0.0237131713873792,0.7038152508902503,0.7149440919236376,0.7038152508902503,0.7038152508902503,0.7038152508902503,STRUCTURAL_IRIS,63,-4,71,0.2900805937398882,0.0728968479015831,False,False,False,False,0.7038152508902503,0.4778043326343833,0,False,1,,True,12,8,6,2,0.7,False,0.7038152508902503,0.7038152508902503,0.7038152508902503,0.4778043326343833,2025-01-21,2025-01-28,False,0,False,,0.7038152508902503,False,45,10,4,6,-2,0.4469782331860116,False,False,False,False,0.7038152508902503,"{""COT_FRESH"": 0.0353478445426589, ""FRESH_OR_CONSENSUS"": 0.0353478445426589, ""HELIOS_CONSENSUS"": 0.44697823318601165, ""KEEP"": 0.0353478445426589, ""OPAL_ALL"": 0.44697823318601165}","{""COT_FRESH"": 0.0, ""FRESH_OR_CONSENSUS"": 0.0, ""HELIOS_CONSENSUS"": 2.0, ""KEEP"": 0.0, ""OPAL_ALL"": 2.0}",False,False,0.7038152508902503
2025-02-04,2025-02-05,2025-02-07,2025,2025-02,1,0.0187517048878598,0.8094298832834161,0.7644725169946438,0.8094298832834161,0.8094298832834161,0.8094298832834161,STRUCTURAL_IRIS,63,-4,71,0.2900805937398882,0.0728968479015831,False,False,False,False,0.8094298832834161,0.3335206164103435,0,False,1,,True,12,8,6,2,0.7,False,0.8094298832834161,0.8094298832834161,0.8094298832834161,0.3335206164103435,2025-01-28,2025-02-04,False,0,False,,0.8094298832834161,False,45,10,4,6,-2,0.4469782331860116,False,False,False,False,0.8094298832834161,"{""COT_FRESH"": 0.0353478445426589, ""FRESH_OR_CONSENSUS"": 0.0353478445426589, ""HELIOS_CONSENSUS"": 0.44697823318601165, ""KEEP"": 0.0353478445426589, ""OPAL_ALL"": 0.44697823318601165}","{""COT_FRESH"": 0.0, ""FRESH_OR_CONSENSUS"": 0.0, ""HELIOS_CONSENSUS"": 2.0, ""KEEP"": 0.0, ""OPAL_ALL"": 2.0}",False,False,0.8094298832834161
2025-02-05,2025-02-06,2025-02-10,2025,2025-02,1,0.0075398798963989,0.4721274141265791,0.457602889103144,0.4721274141265791,0.4721274141265791,0.4721274141265791,STRUCTURAL_IRIS,63,-4,71,0.2900805937398882,0.0728968479015831,True,False,False,False,0.4721274141265791,0.6983897913806305,1,False,0,,True,12,8,6,2,0.7,False,0.4721274141265791,0.4721274141265791,0.4721274141265791,0.6983897913806305,2025-01-28,2025-02-04,False,0,False,,0.4721274141265791,False,45,10,4,6,-2,0.4469782331860116,False,False,False,False,0.4721274141265791,"{""COT_FRESH"": 0.0353478445426589, ""FRESH_OR_CONSENSUS"": 0.0353478445426589, ""HELIOS_CONSENSUS"": 0.44697823318601165, ""KEEP"": 0.0353478445426589, ""OPAL_ALL"": 0.44697823318601165}","{""COT_FRESH"": 0.0, ""FRESH_OR_CONSENSUS"": 0.0, ""HELIOS_CONSENSUS"": 2.0, ""KEEP"": 0.0, ""OPAL_ALL"": 2.0}",False,False,0.4721274141265791
2025-02-06,2025-02-07,2025-02-11,2025,2025-02,1,0.0158289034061394,0.5770617296903866,0.5302108352262759,0.5770617296903866,0.5770617296903866,0.5770617296903866,STRUCTURAL_IRIS,63,-4,71,0.2900805937398882,0.0728968479015831,False,False,False,False,0.5770617296903866,0.6960401344960937,0,False,1,,True,12,8,6,2,0.7,False,0.5770617296903866,0.5770617296903866,0.5770617296903866,0.6960401344960937,2025-01-28,2025-02-04,False,0,False,,0.5770617296903866,False,45,10,4,6,-2,0.4469782331860116,False,False,False,False,0.5770617296903866,"{""COT_FRESH"": 0.0353478445426589, ""FRESH_OR_CONSENSUS"": 0.0353478445426589, ""HELIOS_CONSENSUS"": 0.44697823318601165, ""KEEP"": 0.0353478445426589, ""OPAL_ALL"": 0.44697823318601165}","{""COT_FRESH"": 0.0, ""FRESH_OR_CONSENSUS"": 0.0, ""HELIOS_CONSENSUS"": 2.0, ""KEEP"": 0.0, ""OPAL_ALL"": 2.0}",False,False,0.5770617296903866
2025-02-07,2025-02-10,2025-02-12,2025,2025-02,1,0.005878482266207,0.3931662476020208,0.4209963802709597,0.3931662476020208,0.3931662476020208,0.3931662476020208,STRUCTURAL_IRIS,63,-4,71,0.2900805937398882,0.0728968479015831,False,False,False,False,0.3931662476020208,0.6596720276955422,0,False,0,,True,12,8,6,2,0.7,False,0.3931662476020208,0.3931662476020208,0.3931662476020208,0.6596720276955422,2025-01-28,2025-02-04,False,0,False,,0.3931662476020208,False,45,10,4,6,-2,0.4469782331860116,False,False,False,False,0.3931662476020208,"{""COT_FRESH"": 0.0353478445426589, ""FRESH_OR_CONSENSUS"": 0.0353478445426589, ""HELIOS_CONSENSUS"": 0.44697823318601165, ""KEEP"": 0.0353478445426589, ""OPAL_ALL"": 0.44697823318601165}","{""COT_FRESH"": 0.0, ""FRESH_OR_CONSENSUS"": 0.0, ""HELIOS_CONSENSUS"": 2.0, ""KEEP"": 0.0, ""OPAL_ALL"": 2.0}",False,False,0.3931662476020208
2025-02-10,2025-02-11,2025-02-13,2025,2025-02,1,0.0075348713617664,0.5124011994806338,0.55996715251605,0.5124011994806338,0.5124011994806338,0.5124011994806338,STRUCTURAL_IRIS,63,-3,71,0.2900805937398882,0.0728968479015831,False,False,False,False,0.5124011994806338,0.5512728994976359,0,False,1,,True,12,8,6,2,0.7,False,0.5124011994806338,0.5124011994806338,0.5124011994806338,0.5512728994976359,2025-01-28,2025-02-04,False,0,False,,0.5124011994806338,False,45,10,4,6,-2,0.4469782331860116,False,False,False,False,0.5124011994806338,"{""COT_FRESH"": 0.0353478445426589, ""FRESH_OR_CONSENSUS"": 0.0353478445426589, ""HELIOS_CONSENSUS"": 0.44697823318601165, ""KEEP"": 0.0353478445426589, ""OPAL_ALL"": 0.44697823318601165}","{""COT_FRESH"": 0.0, ""FRESH_OR_CONSENSUS"": 0.0, ""HELIOS_CONSENSUS"": 2.0, ""KEEP"": 0.0, ""OPAL_ALL"": 2.0}",False,False,0.5124011994806338
2025-02-11,2025-02-12,2025-02-14,2025,2025-02,1,0.0106760753284939,0.3979549762925076,0.4737516833166421,0.3979549762925076,0.3979549762925076,0.3979549762925076,STRUCTURAL_IRIS,63,-3,71,0.2900805937398882,0.0728968479015831,False,False,False,False,0.3979549762925076,0.6702452237536926,0,False,0,,True,12,8,6,2,0.7,False,0.3979549762925076,0.3979549762925076,0.3979549762925076,0.6702452237536926,2025-02-04,2025-02-11,False,0,False,,0.3979549762925076,False,45,10,4,6,-2,0.4469782331860116,False,False,False,False,0.3979549762925076,"{""COT_FRESH"": 0.0353478445426589, ""FRESH_OR_CONSENSUS"": 0.0353478445426589, ""HELIOS_CONSENSUS"": 0.44697823318601165, ""KEEP"": 0.0353478445426589, ""OPAL_ALL"": 0.44697823318601165}","{""COT_FRESH"": 0.0, ""FRESH_OR_CONSENSUS"": 0.0, ""HELIOS_CONSENSUS"": 2.0, ""KEEP"": 0.0, ""OPAL_ALL"": 2.0}",False,False,0.3979549762925076
2025-02-12,2025-02-13,2025-02-17,2025,2025-02,1,0.0051370420238936,0.6432646026499657,0.7060041211887417,0.6432646026499657,0.6432646026499657,0.6432646026499657,STRUCTURAL_IRIS,63,-3,71,0.2900805937398882,0.0728968479015831,False,False,False,False,0.6432646026499657,0.3776734552460307,0,False,1,,True,12,8,6,2,0.7,False,0.6432646026499657,0.6432646026499657,0.6432646026499657,0.3776734552460307,2025-02-04,2025-02-11,False,0,False,,0.6432646026499657,False,45,10,4,6,-2,0.4469782331860116,False,False,False,False,0.6432646026499657,"{""COT_FRESH"": 0.0353478445426589, ""FRESH_OR_CONSENSUS"": 0.0353478445426589, ""HELIOS_CONSENSUS"": 0.44697823318601165, ""KEEP"": 0.0353478445426589, ""OPAL_ALL"": 0.44697823318601165}","{""COT_FRESH"": 0.0, ""FRESH_OR_CONSENSUS"": 0.0, ""HELIOS_CONSENSUS"": 2.0, ""KEEP"": 0.0, ""OPAL_ALL"": 2.0}",False,False,0.6432646026499657
2025-02-13,2025-02-14,2025-02-18,2025,2025-02,0,-0.0029521329989231,0.6166163242587119,0.6802600854216607,0.6166163242587119,0.6166163242587119,0.6166163242587119,STRUCTURAL_IRIS,63,-3,71,0.2900805937398882,0.0728968479015831,False,False,False,False,0.6166163242587119,0.4582065423295057,0,False,1,,True,12,8,6,2,0.7,False,0.6166163242587119,0.6166163242587119,0.6166163242587119,0.4582065423295057,2025-02-04,2025-02-11,False,0,False,,0.6166163242587119,False,45,10,4,6,-2,0.4469782331860116,False,False,False,False,0.6166163242587119,"{""COT_FRESH"": 0.0353478445426589, ""FRESH_OR_CONSENSUS"": 0.0353478445426589, ""HELIOS_CONSENSUS"": 0.44697823318601165, ""KEEP"": 0.0353478445426589, ""OPAL_ALL"": 0.44697823318601165}","{""COT_FRESH"": 0.0, ""FRESH_OR_CONSENSUS"": 0.0, ""HELIOS_CONSENSUS"": 2.0, ""KEEP"": 0.0, ""OPAL_ALL"": 2.0}",False,False,0.6166163242587119
2025-02-14,2025-02-17,2025-02-19,2025,2025-02,1,0.0021589652156889,0.0979080850888382,0.1108021865799213,0.0979080850888382,0.0979080850888382,0.0979080850888382,STRUCTURAL_IRIS,63,-3,71,0.2900805937398882,0.0728968479015831,False,False,False,False,0.0979080850888382,0.2527344378231541,0,False,0,,True,12,8,6,2,0.7,False,0.0979080850888382,0.0979080850888382,0.0979080850888382,0.2527344378231541,2025-02-04,2025-02-11,False,0,False,,0.0979080850888382,False,45,10,4,6,-2,0.4469782331860116,False,False,False,False,0.0979080850888382,"{""COT_FRESH"": 0.0353478445426589, ""FRESH_OR_CONSENSUS"": 0.0353478445426589, ""HELIOS_CONSENSUS"": 0.44697823318601165, ""KEEP"": 0.0353478445426589, ""OPAL_ALL"": 0.44697823318601165}","{""COT_FRESH"": 0.0, ""FRESH_OR_CONSENSUS"": 0.0, ""HELIOS_CONSENSUS"": 2.0, ""KEEP"": 0.0, ""OPAL_ALL"": 2.0}",False,False,0.0979080850888382
2025-02-18,2025-02-19,2025-02-21,2025,2025-02,1,0.0071422146361465,0.7805290818715213,0.7487813085688637,0.7805290818715213,0.7805290818715213,0.7805290818715213,STRUCTURAL_IRIS,63,-3,71,0.2900805937398882,0.0728968479015831,False,False,False,False,0.7805290818715213,0.2331891272690945,0,False,1,,True,12,8,6,2,0.7,False,0.7805290818715213,0.7805290818715213,0.7805290818715213,0.2331891272690945,2025-02-11,2025-02-18,False,0,False,,0.7805290818715213,False,45,10,4,6,-2,0.4469782331860116,False,False,False,False,0.7805290818715213,"{""COT_FRESH"": 0.0353478445426589, ""FRESH_OR_CONSENSUS"": 0.0353478445426589, ""HELIOS_CONSENSUS"": 0.44697823318601165, ""KEEP"": 0.0353478445426589, ""OPAL_ALL"": 0.44697823318601165}","{""COT_FRESH"": 0.0, ""FRESH_OR_CONSENSUS"": 0.0, ""HELIOS_CONSENSUS"": 2.0, ""KEEP"": 0.0, ""OPAL_ALL"": 2.0}",False,False,0.7805290818715213
2025-02-19,2025-02-20,2025-02-24,2025,2025-02,0,-0.001291419040994,0.4852256898231122,0.4562499188625166,0.4852256898231122,0.4852256898231122,0.4852256898231122,STRUCTURAL_IRIS,63,-3,71,0.2900805937398882,0.0728968479015831,False,False,False,False,0.4852256898231122,0.5931635210869739,0,False,0,,True,12,8,6,2,0.7,False,0.4852256898231122,0.4852256898231122,0.4852256898231122,0.5931635210869739,2025-02-11,2025-02-18,False,0,False,,0.4852256898231122,False,45,10,4,6,-2,0.4469782331860116,False,False,False,False,0.4852256898231122,"{""COT_FRESH"": 0.0353478445426589, ""FRESH_OR_CONSENSUS"": 0.0353478445426589, ""HELIOS_CONSENSUS"": 0.44697823318601165, ""KEEP"": 0.0353478445426589, ""OPAL_ALL"": 0.44697823318601165}","{""COT_FRESH"": 0.0, ""FRESH_OR_CONSENSUS"": 0.0, ""HELIOS_CONSENSUS"": 2.0, ""KEEP"": 0.0, ""OPAL_ALL"": 2.0}",False,False,0.4852256898231122
2025-02-20,2025-02-21,2025-02-25,2025,2025-02,0,-0.0037319172759081,0.4281189041691888,0.3825797638159155,0.4281189041691888,0.4281189041691888,0.4281189041691888,STRUCTURAL_IRIS,63,-3,71,0.2900805937398882,0.0728968479015831,False,False,False,False,0.4281189041691888,0.5498434041987893,0,False,0,,True,12,8,6,2,0.7,False,0.4281189041691888,0.4281189041691888,0.4281189041691888,0.5498434041987893,2025-02-11,2025-02-18,False,0,False,,0.4281189041691888,False,45,10,4,6,-2,0.4469782331860116,False,False,False,False,0.4281189041691888,"{""COT_FRESH"": 0.0353478445426589, ""FRESH_OR_CONSENSUS"": 0.0353478445426589, ""HELIOS_CONSENSUS"": 0.44697823318601165, ""KEEP"": 0.0353478445426589, ""OPAL_ALL"": 0.44697823318601165}","{""COT_FRESH"": 0.0, ""FRESH_OR_CONSENSUS"": 0.0, ""HELIOS_CONSENSUS"": 2.0, ""KEEP"": 0.0, ""OPAL_ALL"": 2.0}",False,False,0.4281189041691888
2025-02-21,2025-02-24,2025-02-26,2025,2025-02,0,-0.0055277597650055,0.6120381138049612,0.5887991117878631,0.6120381138049612,0.6120381138049612,0.6120381138049612,STRUCTURAL_IRIS,63,-3,71,0.2900805937398882,0.0728968479015831,False,False,False,False,0.6120381138049612,0.531658235411525,0,False,1,,True,12,8,6,2,0.7,False,0.6120381138049612,0.6120381138049612,0.6120381138049612,0.531658235411525,2025-02-11,2025-02-18,False,0,False,,0.6120381138049612,False,45,10,4,6,-2,0.4469782331860116,False,False,False,False,0.6120381138049612,"{""COT_FRESH"": 0.0353478445426589, ""FRESH_OR_CONSENSUS"": 0.0353478445426589, ""HELIOS_CONSENSUS"": 0.44697823318601165, ""KEEP"": 0.0353478445426589, ""OPAL_ALL"": 0.44697823318601165}","{""COT_FRESH"": 0.0, ""FRESH_OR_CONSENSUS"": 0.0, ""HELIOS_CONSENSUS"": 2.0, ""KEEP"": 0.0, ""OPAL_ALL"": 2.0}",False,False,0.6120381138049612
2025-02-24,2025-02-25,2025-02-27,2025,2025-02,0,-0.0167863687019774,0.6090023513767746,0.625185917095924,0.6090023513767746,0.6090023513767746,0.6090023513767746,STRUCTURAL_IRIS,63,-3,71,0.2900805937398882,0.0728968479015831,False,False,False,False,0.6090023513767746,0.5583711732000012,0,False,1,,True,12,8,6,2,0.7,False,0.6090023513767746,0.6090023513767746,0.6090023513767746,0.5583711732000012,2025-02-11,2025-02-18,False,0,False,,0.6090023513767746,False,45,10,4,6,-2,0.4469782331860116,False,False,False,False,0.6090023513767746,"{""COT_FRESH"": 0.0353478445426589, ""FRESH_OR_CONSENSUS"": 0.0353478445426589, ""HELIOS_CONSENSUS"": 0.44697823318601165, ""KEEP"": 0.0353478445426589, ""OPAL_ALL"": 0.44697823318601165}","{""COT_FRESH"": 0.0, ""FRESH_OR_CONSENSUS"": 0.0, ""HELIOS_CONSENSUS"": 2.0, ""KEEP"": 0.0, ""OPAL_ALL"": 2.0}",False,False,0.6090023513767746
2025-02-25,2025-02-26,2025-02-28,2025,2025-02,0,-0.0277956017260641,0.2938259865185356,0.3121799809619917,0.2938259865185356,0.2938259865185356,0.2938259865185356,STRUCTURAL_IRIS,63,-3,71,0.2900805937398882,0.0728968479015831,False,False,False,False,0.2938259865185356,0.5895294885725767,0,False,0,,True,12,8,6,2,0.7,False,0.2938259865185356,0.2938259865185356,0.2938259865185356,0.5895294885725767,2025-02-18,2025-02-25,False,0,False,,0.2938259865185356,False,45,10,4,6,-2,0.4469782331860116,False,False,False,False,0.2938259865185356,"{""COT_FRESH"": 0.0353478445426589, ""FRESH_OR_CONSENSUS"": 0.0353478445426589, ""HELIOS_CONSENSUS"": 0.44697823318601165, ""KEEP"": 0.0353478445426589, ""OPAL_ALL"": 0.44697823318601165}","{""COT_FRESH"": 0.0, ""FRESH_OR_CONSENSUS"": 0.0, ""HELIOS_CONSENSUS"": 2.0, ""KEEP"": 0.0, ""OPAL_ALL"": 2.0}",False,False,0.2938259865185356
2025-02-26,2025-02-27,2025-03-03,2025,2025-02,0,-0.0156701812462371,0.5242227834104273,0.5642885951532581,0.5242227834104273,0.5242227834104273,0.5242227834104273,STRUCTURAL_IRIS,63,-3,71,0.2900805937398882,0.0728968479015831,False,False,False,False,0.5242227834104273,0.579580290228555,0,False,1,,True,12,8,6,2,0.7,False,0.5242227834104273,0.5242227834104273,0.5242227834104273,0.579580290228555,2025-02-18,2025-02-25,False,0,False,,0.5242227834104273,False,45,10,4,6,-2,0.4469782331860116,False,False,False,False,0.5242227834104273,"{""COT_FRESH"": 0.0353478445426589, ""FRESH_OR_CONSENSUS"": 0.0353478445426589, ""HELIOS_CONSENSUS"": 0.44697823318601165, ""KEEP"": 0.0353478445426589, ""OPAL_ALL"": 0.44697823318601165}","{""COT_FRESH"": 0.0, ""FRESH_OR_CONSENSUS"": 0.0, ""HELIOS_CONSENSUS"": 2.0, ""KEEP"": 0.0, ""OPAL_ALL"": 2.0}",False,False,0.5242227834104273
2025-02-27,2025-02-28,2025-03-04,2025,2025-02,1,0.0068754848025235,0.3535014114748029,0.3947679269955054,0.3535014114748029,0.3535014114748029,0.3535014114748029,STRUCTURAL_IRIS,63,-2,71,0.2900805937398882,0.0728968479015831,False,False,False,False,0.3535014114748029,0.6518391089951803,0,False,0,,True,12,8,6,2,0.7,False,0.3535014114748029,0.3535014114748029,0.3535014114748029,0.6518391089951803,2025-02-18,2025-02-25,False,0,False,,0.3535014114748029,False,45,10,4,6,-2,0.4469782331860116,False,False,False,False,0.3535014114748029,"{""COT_FRESH"": 0.0353478445426589, ""FRESH_OR_CONSENSUS"": 0.0353478445426589, ""HELIOS_CONSENSUS"": 0.44697823318601165, ""KEEP"": 0.0353478445426589, ""OPAL_ALL"": 0.44697823318601165}","{""COT_FRESH"": 0.0, ""FRESH_OR_CONSENSUS"": 0.0, ""HELIOS_CONSENSUS"": 2.0, ""KEEP"": 0.0, ""OPAL_ALL"": 2.0}",False,False,0.3535014114748029
2025-02-28,2025-03-03,2025-03-05,2025,2025-03,1,0.0194846191212378,0.4412050872411709,0.4906395364141938,0.4412050872411709,0.4412050872411709,0.4412050872411709,STRUCTURAL_IRIS,63,-2,71,0.2900805937398882,0.0728968479015831,False,False,False,True,0.7336656400666872,0.7336656400666872,0,False,0,,True,12,8,6,2,0.7,False,0.4412050872411709,0.4412050872411709,0.4412050872411709,0.7336656400666872,2025-02-18,2025-02-25,True,1,True,1.0,0.5587949127588291,False,45,10,4,6,-2,0.5176739222713295,False,True,False,False,0.4412050872411709,"{""COT_FRESH"": 0.0353478445426589, ""FRESH_OR_CONSENSUS"": 0.0353478445426589, ""HELIOS_CONSENSUS"": 0.44697823318601165, ""KEEP"": 0.0353478445426589, ""OPAL_ALL"": 0.44697823318601165}","{""COT_FRESH"": 0.0, ""FRESH_OR_CONSENSUS"": 0.0, ""HELIOS_CONSENSUS"": 2.0, ""KEEP"": 0.0, ""OPAL_ALL"": 2.0}",False,False,0.4412050872411709
2025-03-03,2025-03-04,2025-03-06,2025,2025-03,1,0.0115774530130439,0.7971405631691297,0.7647311212918296,0.7971405631691297,0.7971405631691297,0.7971405631691297,STRUCTURAL_IRIS,63,-2,71,0.2900805937398882,0.0728968479015831,False,True,False,False,0.7971405631691297,0.3094843500260221,1,False,1,,True,12,8,6,2,0.7,False,0.7971405631691297,0.7971405631691297,0.7971405631691297,0.3094843500260221,2025-02-18,2025-02-25,False,0,False,,0.7971405631691297,False,45,10,4,6,-2,0.4469782331860116,False,False,False,False,0.7971405631691297,"{""COT_FRESH"": 0.0353478445426589, ""FRESH_OR_CONSENSUS"": 0.0353478445426589, ""HELIOS_CONSENSUS"": 0.44697823318601165, ""KEEP"": 0.0353478445426589, ""OPAL_ALL"": 0.44697823318601165}","{""COT_FRESH"": 0.0, ""FRESH_OR_CONSENSUS"": 0.0, ""HELIOS_CONSENSUS"": 2.0, ""KEEP"": 0.0, ""OPAL_ALL"": 2.0}",False,False,0.7971405631691297
2025-03-04,2025-03-05,2025-03-07,2025,2025-03,1,0.0023670273997429,0.5902060179101803,0.5498585704567517,0.5902060179101803,0.5902060179101803,0.5902060179101803,STRUCTURAL_IRIS,63,-2,71,0.2900805937398882,0.0728968479015831,False,False,False,False,0.5902060179101803,0.7703412187442695,0,False,1,,True,12,8,6,2,0.7,False,0.5902060179101803,0.5902060179101803,0.5902060179101803,0.7703412187442695,2025-02-25,2025-03-04,False,0,False,,0.5902060179101803,False,45,10,4,6,-2,0.4469782331860116,False,False,False,False,0.5902060179101803,"{""COT_FRESH"": 0.0353478445426589, ""FRESH_OR_CONSENSUS"": 0.0353478445426589, ""HELIOS_CONSENSUS"": 0.44697823318601165, ""KEEP"": 0.0353478445426589, ""OPAL_ALL"": 0.44697823318601165}","{""COT_FRESH"": 0.0, ""FRESH_OR_CONSENSUS"": 0.0, ""HELIOS_CONSENSUS"": 2.0, ""KEEP"": 0.0, ""OPAL_ALL"": 2.0}",False,False,0.5902060179101803
2025-03-05,2025-03-06,2025-03-10,2025,2025-03,0,-0.0053610218092385,0.7116820655517327,0.5863363252516622,0.7116820655517327,0.7116820655517327,0.7116820655517327,STRUCTURAL_IRIS,63,-2,71,0.2900805937398882,0.0728968479015831,False,False,False,False,0.7116820655517327,0.7716009737919195,0,False,1,,True,12,8,6,2,0.7,False,0.7116820655517327,0.7116820655517327,0.7116820655517327,0.7716009737919195,2025-02-25,2025-03-04,False,0,False,,0.7116820655517327,False,46,10,4,6,-2,0.3785711264253605,False,False,False,False,0.7116820655517327,"{""COT_FRESH"": 0.10645982997061453, ""FRESH_OR_CONSENSUS"": 0.10645982997061453, ""HELIOS_CONSENSUS"": 0.3785711264253605, ""KEEP"": 0.029938087208049975, ""OPAL_ALL"": 0.3785711264253605}","{""COT_FRESH"": 1.0, ""FRESH_OR_CONSENSUS"": 1.0, ""HELIOS_CONSENSUS"": 2.0, ""KEEP"": 0.0, ""OPAL_ALL"": 2.0}",False,False,0.7116820655517327
2025-03-06,2025-03-07,2025-03-11,2025,2025-03,1,0.0040584052539553,0.7923494334522766,0.700959102798535,0.7923494334522766,0.7923494334522766,0.7923494334522766,STRUCTURAL_IRIS,63,-2,71,0.2900805937398882,0.0728968479015831,False,False,False,False,0.7923494334522766,0.3436335538881835,0,False,1,,True,12,8,6,2,0.7,False,0.7923494334522766,0.7923494334522766,0.7923494334522766,0.3436335538881835,2025-02-25,2025-03-04,False,0,False,,0.7923494334522766,False,46,10,4,6,-2,0.3785711264253605,False,False,False,False,0.7923494334522766,"{""COT_FRESH"": 0.10645982997061453, ""FRESH_OR_CONSENSUS"": 0.10645982997061453, ""HELIOS_CONSENSUS"": 0.3785711264253605, ""KEEP"": 0.029938087208049975, ""OPAL_ALL"": 0.3785711264253605}","{""COT_FRESH"": 1.0, ""FRESH_OR_CONSENSUS"": 1.0, ""HELIOS_CONSENSUS"": 2.0, ""KEEP"": 0.0, ""OPAL_ALL"": 2.0}",False,False,0.7923494334522766
2025-03-07,2025-03-10,2025-03-12,2025,2025-03,0,-0.0016803556705022,0.5049735308650529,0.4118985071024065,0.5049735308650529,0.5049735308650529,0.5049735308650529,STRUCTURAL_IRIS,63,-2,71,0.2900805937398882,0.0728968479015831,False,False,False,False,0.5049735308650529,0.6406352875467874,0,False,1,,True,12,8,6,2,0.7,False,0.5049735308650529,0.5049735308650529,0.5049735308650529,0.6406352875467874,2025-02-25,2025-03-04,False,0,False,,0.5049735308650529,False,46,10,4,6,-2,0.3785711264253605,False,False,False,False,0.5049735308650529,"{""COT_FRESH"": 0.10645982997061453, ""FRESH_OR_CONSENSUS"": 0.10645982997061453, ""HELIOS_CONSENSUS"": 0.3785711264253605, ""KEEP"": 0.029938087208049975, ""OPAL_ALL"": 0.3785711264253605}","{""COT_FRESH"": 1.0, ""FRESH_OR_CONSENSUS"": 1.0, ""HELIOS_CONSENSUS"": 2.0, ""KEEP"": 0.0, ""OPAL_ALL"": 2.0}",False,False,0.5049735308650529
2025-03-10,2025-03-11,2025-03-13,2025,2025-03,1,0.0145553516779191,0.5613746870780283,0.4525588554283167,0.5613746870780283,0.5613746870780283,0.5613746870780283,STRUCTURAL_IRIS,63,-2,71,0.2900805937398882,0.0728968479015831,False,False,False,False,0.5613746870780283,0.691032456039863,0,False,1,,True,12,8,6,2,0.7,False,0.5613746870780283,0.5613746870780283,0.5613746870780283,0.691032456039863,2025-02-25,2025-03-04,False,0,False,,0.5613746870780283,False,46,10,4,6,-2,0.3785711264253605,False,False,False,False,0.5613746870780283,"{""COT_FRESH"": 0.10645982997061453, ""FRESH_OR_CONSENSUS"": 0.10645982997061453, ""HELIOS_CONSENSUS"": 0.3785711264253605, ""KEEP"": 0.029938087208049975, ""OPAL_ALL"": 0.3785711264253605}","{""COT_FRESH"": 1.0, ""FRESH_OR_CONSENSUS"": 1.0, ""HELIOS_CONSENSUS"": 2.0, ""KEEP"": 0.0, ""OPAL_ALL"": 2.0}",False,False,0.5613746870780283
2025-03-11,2025-03-12,2025-03-14,2025,2025-03,1,0.0292243414539535,0.6661774688301388,0.5895652837365,0.6661774688301388,0.6661774688301388,0.6661774688301388,STRUCTURAL_IRIS,63,-3,71,0.2900805937398882,0.0728968479015831,False,False,False,False,0.6661774688301388,0.4379643879893514,0,False,1,,True,12,8,6,2,0.7,False,0.6661774688301388,0.6661774688301388,0.6661774688301388,0.4379643879893514,2025-03-04,2025-03-11,False,0,False,,0.6661774688301388,False,46,10,4,6,-2,0.3785711264253605,False,False,False,False,0.6661774688301388,"{""COT_FRESH"": 0.10645982997061453, ""FRESH_OR_CONSENSUS"": 0.10645982997061453, ""HELIOS_CONSENSUS"": 0.3785711264253605, ""KEEP"": 0.029938087208049975, ""OPAL_ALL"": 0.3785711264253605}","{""COT_FRESH"": 1.0, ""FRESH_OR_CONSENSUS"": 1.0, ""HELIOS_CONSENSUS"": 2.0, ""KEEP"": 0.0, ""OPAL_ALL"": 2.0}",False,False,0.6661774688301388
2025-03-12,2025-03-13,2025-03-17,2025,2025-03,1,0.0279387011661427,0.7179402159568055,0.636448084960706,0.7179402159568055,0.7179402159568055,0.7179402159568055,STRUCTURAL_IRIS,63,-2,72,0.3879592396585414,0.2097216805333102,False,False,False,False,0.7179402159568055,0.4294723388628196,0,False,1,,True,12,8,6,2,0.7,False,0.7179402159568055,0.7179402159568055,0.7179402159568055,0.4294723388628196,2025-03-04,2025-03-11,False,0,False,,0.7179402159568055,False,46,10,4,6,-2,0.3785711264253605,False,False,False,False,0.7179402159568055,"{""COT_FRESH"": 0.10645982997061453, ""FRESH_OR_CONSENSUS"": 0.10645982997061453, ""HELIOS_CONSENSUS"": 0.3785711264253605, ""KEEP"": 0.029938087208049975, ""OPAL_ALL"": 0.3785711264253605}","{""COT_FRESH"": 1.0, ""FRESH_OR_CONSENSUS"": 1.0, ""HELIOS_CONSENSUS"": 2.0, ""KEEP"": 0.0, ""OPAL_ALL"": 2.0}",False,False,0.7179402159568055
2025-03-13,2025-03-14,2025-03-18,2025,2025-03,1,0.0258296223774464,0.8932197827729326,0.8935506128922986,0.8932197827729326,0.8932197827729326,0.8932197827729326,STRUCTURAL_IRIS,63,-3,73,0.3292085590211536,0.1106683105925038,False,False,False,False,0.8932197827729326,0.1884313596662181,0,False,1,,True,12,8,6,2,0.7,False,0.8932197827729326,0.8932197827729326,0.8932197827729326,0.1884313596662181,2025-03-04,2025-03-11,False,0,False,,0.8932197827729326,False,46,10,4,6,-2,0.3785711264253605,False,False,False,False,0.8932197827729326,"{""COT_FRESH"": 0.10645982997061453, ""FRESH_OR_CONSENSUS"": 0.10645982997061453, ""HELIOS_CONSENSUS"": 0.3785711264253605, ""KEEP"": 0.029938087208049975, ""OPAL_ALL"": 0.3785711264253605}","{""COT_FRESH"": 1.0, ""FRESH_OR_CONSENSUS"": 1.0, ""HELIOS_CONSENSUS"": 2.0, ""KEEP"": 0.0, ""OPAL_ALL"": 2.0}",False,False,0.8932197827729326
2025-03-14,2025-03-17,2025-03-19,2025,2025-03,1,0.0113195935082726,0.4546764224424822,0.4628617682033971,0.4546764224424822,0.4546764224424822,0.4546764224424822,STRUCTURAL_IRIS,63,-3,73,0.3292085590211536,0.1106683105925038,False,False,False,False,0.4546764224424822,0.6542633602397948,0,False,0,,True,12,8,6,2,0.7,False,0.4546764224424822,0.4546764224424822,0.4546764224424822,0.6542633602397948,2025-03-04,2025-03-11,False,0,False,,0.4546764224424822,False,46,10,4,6,-2,0.3785711264253605,False,False,False,False,0.4546764224424822,"{""COT_FRESH"": 0.10645982997061453, ""FRESH_OR_CONSENSUS"": 0.10645982997061453, ""HELIOS_CONSENSUS"": 0.3785711264253605, ""KEEP"": 0.029938087208049975, ""OPAL_ALL"": 0.3785711264253605}","{""COT_FRESH"": 1.0, ""FRESH_OR_CONSENSUS"": 1.0, ""HELIOS_CONSENSUS"": 2.0, ""KEEP"": 0.0, ""OPAL_ALL"": 2.0}",False,False,0.4546764224424822
2025-03-17,2025-03-18,2025-03-20,2025,2025-03,1,0.0099795758779841,0.6734698771462433,0.6681961301403827,0.6734698771462433,0.6734698771462433,0.6734698771462433,STRUCTURAL_IRIS,63,-2,73,0.3292085590211536,0.1106683105925038,False,False,False,False,0.6734698771462433,0.4334324577983667,0,False,1,,True,12,8,6,2,0.7,False,0.6734698771462433,0.6734698771462433,0.6734698771462433,0.4334324577983667,2025-03-04,2025-03-11,False,0,False,,0.6734698771462433,False,46,10,4,6,-2,0.3785711264253605,False,False,False,False,0.6734698771462433,"{""COT_FRESH"": 0.10645982997061453, ""FRESH_OR_CONSENSUS"": 0.10645982997061453, ""HELIOS_CONSENSUS"": 0.3785711264253605, ""KEEP"": 0.029938087208049975, ""OPAL_ALL"": 0.3785711264253605}","{""COT_FRESH"": 1.0, ""FRESH_OR_CONSENSUS"": 1.0, ""HELIOS_CONSENSUS"": 2.0, ""KEEP"": 0.0, ""OPAL_ALL"": 2.0}",False,False,0.6734698771462433
2025-03-18,2025-03-19,2025-03-21,2025,2025-03,1,0.003171983495517,0.6280530258674221,0.62496538974718,0.6280530258674221,0.6280530258674221,0.6280530258674221,STRUCTURAL_IRIS,63,-1,73,0.3292085590211536,0.1106683105925038,False,False,False,False,0.6280530258674221,0.4725573009634631,0,False,1,,True,12,8,6,2,0.7,False,0.6280530258674221,0.6280530258674221,0.6280530258674221,0.4725573009634631,2025-03-11,2025-03-18,False,0,False,,0.6280530258674221,False,46,10,4,6,-2,0.3785711264253605,False,False,False,False,0.6280530258674221,"{""COT_FRESH"": 0.10645982997061453, ""FRESH_OR_CONSENSUS"": 0.10645982997061453, ""HELIOS_CONSENSUS"": 0.3785711264253605, ""KEEP"": 0.029938087208049975, ""OPAL_ALL"": 0.3785711264253605}","{""COT_FRESH"": 1.0, ""FRESH_OR_CONSENSUS"": 1.0, ""HELIOS_CONSENSUS"": 2.0, ""KEEP"": 0.0, ""OPAL_ALL"": 2.0}",False,False,0.6280530258674221
2025-03-19,2025-03-20,2025-03-24,2025,2025-03,0,-0.0012367565578561,0.7676443058270531,0.8032585638051447,0.7676443058270531,0.7676443058270531,0.7676443058270531,STRUCTURAL_IRIS,63,-1,73,0.3292085590211536,0.1106683105925038,False,False,False,False,0.7676443058270531,0.3326758129955471,0,False,1,,True,12,8,6,2,0.7,False,0.7676443058270531,0.7676443058270531,0.7676443058270531,0.3326758129955471,2025-03-11,2025-03-18,False,0,False,,0.7676443058270531,False,46,10,4,6,-2,0.3785711264253605,False,False,False,False,0.7676443058270531,"{""COT_FRESH"": 0.10645982997061453, ""FRESH_OR_CONSENSUS"": 0.10645982997061453, ""HELIOS_CONSENSUS"": 0.3785711264253605, ""KEEP"": 0.029938087208049975, ""OPAL_ALL"": 0.3785711264253605}","{""COT_FRESH"": 1.0, ""FRESH_OR_CONSENSUS"": 1.0, ""HELIOS_CONSENSUS"": 2.0, ""KEEP"": 0.0, ""OPAL_ALL"": 2.0}",False,False,0.7676443058270531
2025-03-20,2025-03-21,2025-03-25,2025,2025-03,0,-0.0016039556646208,0.5400446217127469,0.591057534613659,0.5400446217127469,0.5400446217127469,0.5400446217127469,STRUCTURAL_IRIS,63,-1,73,0.3292085590211536,0.1106683105925038,False,False,False,False,0.5400446217127469,0.5633758162707756,0,False,1,,True,12,8,6,2,0.7,False,0.5400446217127469,0.5400446217127469,0.5400446217127469,0.5633758162707756,2025-03-11,2025-03-18,False,0,False,,0.5400446217127469,False,46,10,4,6,-2,0.3785711264253605,False,False,False,False,0.5400446217127469,"{""COT_FRESH"": 0.10645982997061453, ""FRESH_OR_CONSENSUS"": 0.10645982997061453, ""HELIOS_CONSENSUS"": 0.3785711264253605, ""KEEP"": 0.029938087208049975, ""OPAL_ALL"": 0.3785711264253605}","{""COT_FRESH"": 1.0, ""FRESH_OR_CONSENSUS"": 1.0, ""HELIOS_CONSENSUS"": 2.0, ""KEEP"": 0.0, ""OPAL_ALL"": 2.0}",False,False,0.5400446217127469
2025-03-21,2025-03-24,2025-03-26,2025,2025-03,0,-0.0031223437969853,0.3512857633517369,0.4494502510584273,0.3512857633517369,0.3512857633517369,0.3512857633517369,STRUCTURAL_IRIS,63,-1,73,0.3292085590211536,0.1106683105925038,False,False,False,True,0.7031135682324261,0.7031135682324261,0,False,0,,True,12,8,6,2,0.7,False,0.3512857633517369,0.3512857633517369,0.3512857633517369,0.7031135682324261,2025-03-11,2025-03-18,True,1,True,0.0,0.6487142366482631,False,46,10,4,6,-2,0.5914907863665896,False,True,False,False,0.3512857633517369,"{""COT_FRESH"": 0.10645982997061453, ""FRESH_OR_CONSENSUS"": 0.10645982997061453, ""HELIOS_CONSENSUS"": 0.3785711264253605, ""KEEP"": 0.029938087208049975, ""OPAL_ALL"": 0.3785711264253605}","{""COT_FRESH"": 1.0, ""FRESH_OR_CONSENSUS"": 1.0, ""HELIOS_CONSENSUS"": 2.0, ""KEEP"": 0.0, ""OPAL_ALL"": 2.0}",False,False,0.3512857633517369
2025-03-24,2025-03-25,2025-03-27,2025,2025-03,1,0.0070536880231245,0.2546309160320159,0.3316960663401825,0.2546309160320159,0.2546309160320159,0.2546309160320159,STRUCTURAL_IRIS,63,-1,73,0.3292085590211536,0.1106683105925038,False,False,False,False,0.2546309160320159,0.5178079014061757,0,False,0,,True,12,8,6,2,0.7,False,0.2546309160320159,0.2546309160320159,0.2546309160320159,0.5178079014061757,2025-03-11,2025-03-18,False,0,False,,0.2546309160320159,False,46,10,4,6,-2,0.3785711264253605,False,False,False,False,0.2546309160320159,"{""COT_FRESH"": 0.10645982997061453, ""FRESH_OR_CONSENSUS"": 0.10645982997061453, ""HELIOS_CONSENSUS"": 0.3785711264253605, ""KEEP"": 0.029938087208049975, ""OPAL_ALL"": 0.3785711264253605}","{""COT_FRESH"": 1.0, ""FRESH_OR_CONSENSUS"": 1.0, ""HELIOS_CONSENSUS"": 2.0, ""KEEP"": 0.0, ""OPAL_ALL"": 2.0}",False,False,0.2546309160320159
2025-03-25,2025-03-26,2025-03-28,2025,2025-03,1,0.0161040949005859,0.4575364401630614,0.5056629382583533,0.4575364401630614,0.4575364401630614,0.4575364401630614,STRUCTURAL_IRIS,63,-1,73,0.3292085590211536,0.1106683105925038,True,False,False,True,0.7666848162721902,0.7666848162721902,1,True,0,1.0,True,12,8,6,2,0.7,True,0.5424635598369386,0.5169854239347754,0.7,0.7666848162721902,2025-03-18,2025-03-25,True,1,True,1.0,0.5424635598369386,False,46,10,4,6,-2,0.97006191279195,True,False,False,True,0.7,"{""COT_FRESH"": 0.10645982997061453, ""FRESH_OR_CONSENSUS"": 0.10645982997061453, ""HELIOS_CONSENSUS"": 0.3785711264253605, ""KEEP"": 0.029938087208049975, ""OPAL_ALL"": 0.3785711264253605}","{""COT_FRESH"": 1.0, ""FRESH_OR_CONSENSUS"": 1.0, ""HELIOS_CONSENSUS"": 2.0, ""KEEP"": 0.0, ""OPAL_ALL"": 2.0}",False,True,0.7
2025-03-26,2025-03-27,2025-03-31,2025,2025-03,1,0.0320278757150185,0.4651803307080722,0.4772996800710608,0.4651803307080722,0.4651803307080722,0.4651803307080722,STRUCTURAL_IRIS,63,-1,73,0.3292085590211536,0.1106683105925038,False,False,False,True,0.724337836609377,0.724337836609377,0,False,0,,True,12,8,6,2,0.7,False,0.4651803307080722,0.4651803307080722,0.4651803307080722,0.724337836609377,2025-03-18,2025-03-25,True,2,False,1.0,0.4651803307080722,False,47,10,4,6,-2,0.0657567518902454,False,True,False,False,0.4651803307080722,"{""COT_FRESH"": 0.018491776411362508, ""FRESH_OR_CONSENSUS"": 0.018491776411362508, ""HELIOS_CONSENSUS"": 0.8315029433967842, ""KEEP"": 0.06575675189024544, ""OPAL_ALL"": 0.06575675189024544}","{""COT_FRESH"": -1.0, ""FRESH_OR_CONSENSUS"": -1.0, ""HELIOS_CONSENSUS"": 2.0, ""KEEP"": 0.0, ""OPAL_ALL"": 0.0}",False,False,0.4651803307080722
2025-03-27,2025-03-28,2025-04-01,2025,2025-03,1,0.0258133105917216,0.7678928947181104,0.7463238952305143,0.7678928947181104,0.7678928947181104,0.7678928947181104,STRUCTURAL_IRIS,63,-1,73,0.3292085590211536,0.1106683105925038,False,False,False,False,0.7678928947181104,0.4378829129952703,0,False,1,,True,12,8,6,2,0.7,False,0.7678928947181104,0.7678928947181104,0.7678928947181104,0.4378829129952703,2025-03-18,2025-03-25,False,0,False,,0.7678928947181104,False,47,10,4,6,-2,0.0657567518902454,False,False,False,False,0.7678928947181104,"{""COT_FRESH"": 0.018491776411362508, ""FRESH_OR_CONSENSUS"": 0.018491776411362508, ""HELIOS_CONSENSUS"": 0.8315029433967842, ""KEEP"": 0.06575675189024544, ""OPAL_ALL"": 0.06575675189024544}","{""COT_FRESH"": -1.0, ""FRESH_OR_CONSENSUS"": -1.0, ""HELIOS_CONSENSUS"": 2.0, ""KEEP"": 0.0, ""OPAL_ALL"": 0.0}",False,False,0.7678928947181104
2025-03-28,2025-03-31,2025-04-02,2025,2025-03,1,0.0182822218431202,0.7528952335126087,0.6680979015384249,0.7528952335126087,0.7528952335126087,0.7528952335126087,STRUCTURAL_IRIS,63,0,74,0.4153056019553933,0.2535102716485054,False,False,False,False,0.7528952335126087,0.5012819992242667,0,False,1,,True,13,8,6,2,0.7,False,0.7528952335126087,0.7528952335126087,0.7528952335126087,0.5012819992242667,2025-03-18,2025-03-25,False,0,False,,0.7528952335126087,False,47,10,4,6,-2,0.0204222949515804,False,False,False,False,0.7528952335126087,"{""COT_FRESH"": 0.020422294951580433, ""FRESH_OR_CONSENSUS"": 0.020422294951580433, ""HELIOS_CONSENSUS"": 0.9183108201936782, ""KEEP"": 0.020422294951580433, ""OPAL_ALL"": 0.020422294951580433}","{""COT_FRESH"": 0.0, ""FRESH_OR_CONSENSUS"": 0.0, ""HELIOS_CONSENSUS"": 3.0, ""KEEP"": 0.0, ""OPAL_ALL"": 0.0}",False,False,0.7528952335126087
2025-03-31,2025-04-01,2025-04-03,2025,2025-04,1,0.0025446731664924,0.5579079206976697,0.5815974842115307,0.5579079206976697,0.5579079206976697,0.5579079206976697,STRUCTURAL_IRIS,63,0,74,0.4153056019553933,0.2535102716485054,True,False,False,False,0.5579079206976697,0.6515865670447121,1,False,1,,True,13,8,6,2,0.7,False,0.5579079206976697,0.5579079206976697,0.5579079206976697,0.6515865670447121,2025-03-18,2025-03-25,False,0,False,,0.5579079206976697,False,48,10,5,5,0,0.1923997751999274,False,False,False,False,0.5579079206976697,"{""COT_FRESH"": 0.05410567770336061, ""FRESH_OR_CONSENSUS"": 0.05410567770336061, ""HELIOS_CONSENSUS"": 0.6841735482907254, ""KEEP"": 0.015215321102625882, ""OPAL_ALL"": 0.19239977519992743}","{""COT_FRESH"": 1.0, ""FRESH_OR_CONSENSUS"": 1.0, ""HELIOS_CONSENSUS"": 3.0, ""KEEP"": 0.0, ""OPAL_ALL"": 2.0}",False,False,0.5579079206976697
2025-04-01,2025-04-02,2025-04-04,2025,2025-04,0,-0.01324394940771,0.3918417443249695,0.4234813033451505,0.3918417443249695,0.3918417443249695,0.3918417443249695,STRUCTURAL_IRIS,63,0,74,0.4153056019553933,0.2535102716485054,False,True,False,False,0.3918417443249695,0.6523521882856975,1,False,0,,True,13,8,6,2,0.7,False,0.3918417443249695,0.3918417443249695,0.3918417443249695,0.6523521882856975,2025-03-25,2025-04-01,False,0,False,,0.3918417443249695,False,48,10,5,5,0,0.1923997751999274,False,False,False,False,0.3918417443249695,"{""COT_FRESH"": 0.05410567770336061, ""FRESH_OR_CONSENSUS"": 0.05410567770336061, ""HELIOS_CONSENSUS"": 0.6841735482907254, ""KEEP"": 0.015215321102625882, ""OPAL_ALL"": 0.19239977519992743}","{""COT_FRESH"": 1.0, ""FRESH_OR_CONSENSUS"": 1.0, ""HELIOS_CONSENSUS"": 3.0, ""KEEP"": 0.0, ""OPAL_ALL"": 2.0}",False,False,0.3918417443249695
2025-04-02,2025-04-03,2025-04-07,2025,2025-04,0,-0.033145919326773,0.4624773010665159,0.5523514265791195,0.4624773010665159,0.4624773010665159,0.4624773010665159,STRUCTURAL_IRIS,63,0,74,0.4153056019553933,0.2535102716485054,False,False,False,False,0.4624773010665159,0.6419764051644932,0,False,0,,True,13,8,6,2,0.7,False,0.4624773010665159,0.4624773010665159,0.4624773010665159,0.6419764051644932,2025-03-25,2025-04-01,False,0,False,,0.4624773010665159,False,48,10,5,5,0,0.1923997751999274,False,False,False,False,0.4624773010665159,"{""COT_FRESH"": 0.05410567770336061, ""FRESH_OR_CONSENSUS"": 0.05410567770336061, ""HELIOS_CONSENSUS"": 0.6841735482907254, ""KEEP"": 0.015215321102625882, ""OPAL_ALL"": 0.19239977519992743}","{""COT_FRESH"": 1.0, ""FRESH_OR_CONSENSUS"": 1.0, ""HELIOS_CONSENSUS"": 3.0, ""KEEP"": 0.0, ""OPAL_ALL"": 2.0}",False,False,0.4624773010665159
2025-04-03,2025-04-04,2025-04-08,2025,2025-04,0,-0.0409298915865586,0.2526773811192718,0.3938986015876383,0.2526773811192718,0.2526773811192718,0.2526773811192718,STRUCTURAL_IRIS,63,0,74,0.4153056019553933,0.2535102716485054,False,False,False,True,0.7726142111503661,0.7726142111503661,0,False,0,,True,13,8,6,2,0.7,False,0.2526773811192718,0.2526773811192718,0.2526773811192718,0.7726142111503661,2025-03-25,2025-04-01,True,1,True,0.0,0.2526773811192718,False,48,10,5,5,0,0.3006111306066487,False,True,False,False,0.2526773811192718,"{""COT_FRESH"": 0.05410567770336061, ""FRESH_OR_CONSENSUS"": 0.05410567770336061, ""HELIOS_CONSENSUS"": 0.6841735482907254, ""KEEP"": 0.015215321102625882, ""OPAL_ALL"": 0.19239977519992743}","{""COT_FRESH"": 1.0, ""FRESH_OR_CONSENSUS"": 1.0, ""HELIOS_CONSENSUS"": 3.0, ""KEEP"": 0.0, ""OPAL_ALL"": 2.0}",False,False,0.2526773811192718
2025-04-04,2025-04-07,2025-04-09,2025,2025-04,0,-0.0148657994348753,0.0848031214907542,0.1709625043217739,0.0848031214907542,0.0848031214907542,0.0848031214907542,STRUCTURAL_IRIS,63,1,74,0.4153056019553933,0.2535102716485054,False,False,False,False,0.0848031214907542,0.6496135439384132,0,False,0,,True,13,8,6,2,0.7,False,0.0848031214907542,0.0848031214907542,0.0848031214907542,0.6496135439384132,2025-03-25,2025-04-01,False,0,False,,0.0848031214907542,False,48,10,5,5,0,0.1923997751999274,False,False,False,False,0.0848031214907542,"{""COT_FRESH"": 0.05410567770336061, ""FRESH_OR_CONSENSUS"": 0.05410567770336061, ""HELIOS_CONSENSUS"": 0.6841735482907254, ""KEEP"": 0.015215321102625882, ""OPAL_ALL"": 0.19239977519992743}","{""COT_FRESH"": 1.0, ""FRESH_OR_CONSENSUS"": 1.0, ""HELIOS_CONSENSUS"": 3.0, ""KEEP"": 0.0, ""OPAL_ALL"": 2.0}",False,False,0.0848031214907542
2025-04-07,2025-04-08,2025-04-10,2025,2025-04,1,0.0266008264204868,0.0895795817891211,0.1324947224303153,0.0895795817891211,0.0895795817891211,0.0895795817891211,STRUCTURAL_IRIS,63,0,75,0.3555958961606602,0.1429676404220136,False,False,False,False,0.0895795817891211,0.4965929121517172,0,False,0,,True,13,8,6,2,0.7,False,0.0895795817891211,0.0895795817891211,0.0895795817891211,0.4965929121517172,2025-03-25,2025-04-01,False,0,False,,0.0895795817891211,False,48,10,5,5,0,0.1923997751999274,False,False,False,False,0.0895795817891211,"{""COT_FRESH"": 0.05410567770336061, ""FRESH_OR_CONSENSUS"": 0.05410567770336061, ""HELIOS_CONSENSUS"": 0.6841735482907254, ""KEEP"": 0.015215321102625882, ""OPAL_ALL"": 0.19239977519992743}","{""COT_FRESH"": 1.0, ""FRESH_OR_CONSENSUS"": 1.0, ""HELIOS_CONSENSUS"": 3.0, ""KEEP"": 0.0, ""OPAL_ALL"": 2.0}",False,False,0.0895795817891211
2025-04-08,2025-04-09,2025-04-11,2025,2025-04,1,0.0679265956870164,0.2474165974926709,0.2806558868337622,0.2474165974926709,0.2474165974926709,0.2474165974926709,STRUCTURAL_IRIS,63,0,75,0.3555958961606602,0.1429676404220136,False,False,False,False,0.2474165974926709,0.5749980490242417,0,False,0,,True,13,8,6,2,0.7,False,0.2474165974926709,0.2474165974926709,0.2474165974926709,0.5749980490242417,2025-04-01,2025-04-08,False,0,False,,0.2474165974926709,False,49,10,5,5,0,0.1923997751999274,False,False,False,False,0.2474165974926709,"{""COT_FRESH"": 0.05410567770336061, ""FRESH_OR_CONSENSUS"": 0.05410567770336061, ""HELIOS_CONSENSUS"": 0.6841735482907254, ""KEEP"": 0.015215321102625882, ""OPAL_ALL"": 0.19239977519992743}","{""COT_FRESH"": 1.0, ""FRESH_OR_CONSENSUS"": 1.0, ""HELIOS_CONSENSUS"": 3.0, ""KEEP"": 0.0, ""OPAL_ALL"": 2.0}",False,False,0.2474165974926709
2025-04-09,2025-04-10,2025-04-14,2025,2025-04,1,0.0561808283979437,0.851999583009912,0.8984249206709304,0.851999583009912,0.851999583009912,0.851999583009912,STRUCTURAL_IRIS,63,0,75,0.3555958961606602,0.1429676404220136,False,False,False,False,0.851999583009912,0.4651136753151681,0,False,1,,True,13,8,6,2,0.7,False,0.851999583009912,0.851999583009912,0.851999583009912,0.4651136753151681,2025-04-01,2025-04-08,False,0,False,,0.851999583009912,False,49,10,5,5,0,0.1923997751999274,False,False,False,False,0.851999583009912,"{""COT_FRESH"": 0.05410567770336061, ""FRESH_OR_CONSENSUS"": 0.05410567770336061, ""HELIOS_CONSENSUS"": 0.6841735482907254, ""KEEP"": 0.015215321102625882, ""OPAL_ALL"": 0.19239977519992743}","{""COT_FRESH"": 1.0, ""FRESH_OR_CONSENSUS"": 1.0, ""HELIOS_CONSENSUS"": 3.0, ""KEEP"": 0.0, ""OPAL_ALL"": 2.0}",False,False,0.851999583009912
2025-04-10,2025-04-11,2025-04-15,2025,2025-04,1,0.0381163918501938,0.9689705482158684,0.9610559544239666,0.9689705482158684,0.9689705482158684,0.9689705482158684,STRUCTURAL_IRIS,63,0,75,0.3555958961606602,0.1429676404220136,False,False,False,False,0.9689705482158684,0.2244868761652015,0,False,1,,True,13,8,6,2,0.7,False,0.9689705482158684,0.9689705482158684,0.9689705482158684,0.2244868761652015,2025-04-01,2025-04-08,False,0,False,,0.9689705482158684,False,49,10,5,5,0,0.1923997751999274,False,False,False,False,0.9689705482158684,"{""COT_FRESH"": 0.05410567770336061, ""FRESH_OR_CONSENSUS"": 0.05410567770336061, ""HELIOS_CONSENSUS"": 0.6841735482907254, ""KEEP"": 0.015215321102625882, ""OPAL_ALL"": 0.19239977519992743}","{""COT_FRESH"": 1.0, ""FRESH_OR_CONSENSUS"": 1.0, ""HELIOS_CONSENSUS"": 3.0, ""KEEP"": 0.0, ""OPAL_ALL"": 2.0}",False,False,0.9689705482158684
2025-04-11,2025-04-14,2025-04-16,2025,2025-04,1,0.0278164341082509,0.6904437865725767,0.7551090231944548,0.6904437865725767,0.6904437865725767,0.6904437865725767,STRUCTURAL_IRIS,63,0,75,0.3555958961606602,0.1429676404220136,False,False,False,False,0.6904437865725767,0.4780160062531832,0,False,1,,True,13,8,6,2,0.7,False,0.6904437865725767,0.6904437865725767,0.6904437865725767,0.4780160062531832,2025-04-01,2025-04-08,False,0,False,,0.6904437865725767,False,49,10,5,5,0,0.1923997751999274,False,False,False,False,0.6904437865725767,"{""COT_FRESH"": 0.05410567770336061, ""FRESH_OR_CONSENSUS"": 0.05410567770336061, ""HELIOS_CONSENSUS"": 0.6841735482907254, ""KEEP"": 0.015215321102625882, ""OPAL_ALL"": 0.19239977519992743}","{""COT_FRESH"": 1.0, ""FRESH_OR_CONSENSUS"": 1.0, ""HELIOS_CONSENSUS"": 3.0, ""KEEP"": 0.0, ""OPAL_ALL"": 2.0}",False,False,0.6904437865725767
2025-04-17,2025-04-22,2025-04-24,2025,2025-04,1,0.002013403330639,0.5765887219613101,0.5393867179803421,0.5765887219613101,0.5765887219613101,0.5765887219613101,STRUCTURAL_IRIS,63,0,75,0.3555958961606602,0.1429676404220136,False,False,True,False,0.5765887219613101,0.6324811263470835,1,False,1,,True,13,8,6,2,0.7,False,0.5765887219613101,0.5765887219613101,0.5765887219613101,0.6324811263470835,2025-04-08,2025-04-15,False,0,False,,0.5765887219613101,False,49,10,5,5,0,0.1923997751999274,False,False,False,False,0.5765887219613101,"{""COT_FRESH"": 0.05410567770336061, ""FRESH_OR_CONSENSUS"": 0.05410567770336061, ""HELIOS_CONSENSUS"": 0.6841735482907254, ""KEEP"": 0.015215321102625882, ""OPAL_ALL"": 0.19239977519992743}","{""COT_FRESH"": 1.0, ""FRESH_OR_CONSENSUS"": 1.0, ""HELIOS_CONSENSUS"": 3.0, ""KEEP"": 0.0, ""OPAL_ALL"": 2.0}",False,False,0.5765887219613101
2025-04-22,2025-04-23,2025-04-25,2025,2025-04,0,-0.0460101433950713,0.1231076943911668,0.1666384215731558,0.1231076943911668,0.1231076943911668,0.1231076943911668,STRUCTURAL_IRIS,63,0,75,0.3555958961606602,0.1429676404220136,False,False,False,False,0.1231076943911668,0.5028410557202196,0,False,0,,True,13,8,6,2,0.7,False,0.1231076943911668,0.1231076943911668,0.1231076943911668,0.5028410557202196,2025-04-15,2025-04-22,False,0,False,,0.1231076943911668,False,49,10,5,5,0,0.1923997751999274,False,False,False,False,0.1231076943911668,"{""COT_FRESH"": 0.05410567770336061, ""FRESH_OR_CONSENSUS"": 0.05410567770336061, ""HELIOS_CONSENSUS"": 0.6841735482907254, ""KEEP"": 0.015215321102625882, ""OPAL_ALL"": 0.19239977519992743}","{""COT_FRESH"": 1.0, ""FRESH_OR_CONSENSUS"": 1.0, ""HELIOS_CONSENSUS"": 3.0, ""KEEP"": 0.0, ""OPAL_ALL"": 2.0}",False,False,0.1231076943911668
2025-04-23,2025-04-24,2025-04-28,2025,2025-04,0,-0.0163960415067259,0.2119485641411795,0.2488154191584112,0.2119485641411795,0.2119485641411795,0.2119485641411795,STRUCTURAL_IRIS,63,0,75,0.3555958961606602,0.1429676404220136,False,False,False,False,0.2119485641411795,0.5759188918509429,0,False,0,,True,13,8,6,2,0.7,False,0.2119485641411795,0.2119485641411795,0.2119485641411795,0.5759188918509429,2025-04-15,2025-04-22,False,0,False,,0.2119485641411795,False,49,10,5,5,0,0.1923997751999274,False,False,False,False,0.2119485641411795,"{""COT_FRESH"": 0.05410567770336061, ""FRESH_OR_CONSENSUS"": 0.05410567770336061, ""HELIOS_CONSENSUS"": 0.6841735482907254, ""KEEP"": 0.015215321102625882, ""OPAL_ALL"": 0.19239977519992743}","{""COT_FRESH"": 1.0, ""FRESH_OR_CONSENSUS"": 1.0, ""HELIOS_CONSENSUS"": 3.0, ""KEEP"": 0.0, ""OPAL_ALL"": 2.0}",False,False,0.2119485641411795
2025-04-24,2025-04-25,2025-04-29,2025,2025-04,0,-0.0048450290384238,0.5319299474624123,0.5980061482678065,0.5319299474624123,0.5319299474624123,0.5319299474624123,STRUCTURAL_IRIS,63,0,75,0.3555958961606602,0.1429676404220136,False,False,False,False,0.5319299474624123,0.6413360743397959,0,False,1,,True,13,8,6,2,0.7,False,0.5319299474624123,0.5319299474624123,0.5319299474624123,0.6413360743397959,2025-04-15,2025-04-22,False,0,False,,0.5319299474624123,False,49,10,5,5,0,0.1923997751999274,False,False,False,False,0.5319299474624123,"{""COT_FRESH"": 0.05410567770336061, ""FRESH_OR_CONSENSUS"": 0.05410567770336061, ""HELIOS_CONSENSUS"": 0.6841735482907254, ""KEEP"": 0.015215321102625882, ""OPAL_ALL"": 0.19239977519992743}","{""COT_FRESH"": 1.0, ""FRESH_OR_CONSENSUS"": 1.0, ""HELIOS_CONSENSUS"": 3.0, ""KEEP"": 0.0, ""OPAL_ALL"": 2.0}",False,False,0.5319299474624123
2025-04-25,2025-04-28,2025-04-30,2025,2025-04,0,-0.004571939946801,0.6732644634085311,0.6336501286318154,0.6732644634085311,0.6732644634085311,0.6732644634085311,STRUCTURAL_IRIS,63,0,75,0.3555958961606602,0.1429676404220136,True,False,True,False,0.6732644634085311,0.6887516994045775,2,False,1,,True,13,8,6,2,0.7,False,0.6732644634085311,0.6732644634085311,0.6732644634085311,0.6887516994045775,2025-04-15,2025-04-22,False,0,False,,0.6732644634085311,False,49,10,5,5,0,0.1923997751999274,False,False,False,False,0.6732644634085311,"{""COT_FRESH"": 0.05410567770336061, ""FRESH_OR_CONSENSUS"": 0.05410567770336061, ""HELIOS_CONSENSUS"": 0.6841735482907254, ""KEEP"": 0.015215321102625882, ""OPAL_ALL"": 0.19239977519992743}","{""COT_FRESH"": 1.0, ""FRESH_OR_CONSENSUS"": 1.0, ""HELIOS_CONSENSUS"": 3.0, ""KEEP"": 0.0, ""OPAL_ALL"": 2.0}",False,False,0.6732644634085311
2025-04-28,2025-04-29,2025-05-01,2025,2025-04,0,-0.0162662709558753,0.959622666197725,0.9366219049795104,0.959622666197725,0.959622666197725,0.959622666197725,STRUCTURAL_IRIS,63,0,75,0.3555958961606602,0.1429676404220136,False,False,False,False,0.959622666197725,0.3361439997386508,0,False,1,,True,13,8,6,2,0.7,False,0.959622666197725,0.959622666197725,0.959622666197725,0.3361439997386508,2025-04-15,2025-04-22,False,0,False,,0.959622666197725,False,49,10,5,5,0,0.1923997751999274,False,False,False,False,0.959622666197725,"{""COT_FRESH"": 0.05410567770336061, ""FRESH_OR_CONSENSUS"": 0.05410567770336061, ""HELIOS_CONSENSUS"": 0.6841735482907254, ""KEEP"": 0.015215321102625882, ""OPAL_ALL"": 0.19239977519992743}","{""COT_FRESH"": 1.0, ""FRESH_OR_CONSENSUS"": 1.0, ""HELIOS_CONSENSUS"": 3.0, ""KEEP"": 0.0, ""OPAL_ALL"": 2.0}",False,False,0.959622666197725
2025-04-29,2025-04-30,2025-05-02,2025,2025-04,0,-0.0157801997519384,0.76868380630492,0.6098308679057817,0.76868380630492,0.76868380630492,0.76868380630492,STRUCTURAL_IRIS,63,0,75,0.3555958961606602,0.1429676404220136,False,False,True,True,0.2993035983805053,0.7006964016194946,1,True,1,1.0,True,13,8,6,2,0.7,True,0.23131619369508,0.392526477478032,0.3,0.7006964016194946,2025-04-22,2025-04-29,True,1,True,1.0,0.23131619369508,False,49,10,5,5,0,0.984784678897374,True,False,False,True,0.3,"{""COT_FRESH"": 0.05410567770336061, ""FRESH_OR_CONSENSUS"": 0.05410567770336061, ""HELIOS_CONSENSUS"": 0.6841735482907254, ""KEEP"": 0.015215321102625882, ""OPAL_ALL"": 0.19239977519992743}","{""COT_FRESH"": 1.0, ""FRESH_OR_CONSENSUS"": 1.0, ""HELIOS_CONSENSUS"": 3.0, ""KEEP"": 0.0, ""OPAL_ALL"": 2.0}",False,True,0.3
2025-04-30,2025-05-01,2025-05-06,2025,2025-05,1,0.0279378388914074,0.5469998583164595,0.5552938749086972,0.5469998583164595,0.5469998583164595,0.5469998583164595,STRUCTURAL_IRIS,63,0,75,0.3555958961606602,0.1429676404220136,False,False,True,False,0.5469998583164595,0.6799223464839167,1,False,1,,True,13,8,6,2,0.7,False,0.5469998583164595,0.5469998583164595,0.5469998583164595,0.6799223464839167,2025-04-22,2025-04-29,False,0,False,,0.5469998583164595,False,49,10,5,5,0,0.1923997751999274,False,False,False,False,0.5469998583164595,"{""COT_FRESH"": 0.05410567770336061, ""FRESH_OR_CONSENSUS"": 0.05410567770336061, ""HELIOS_CONSENSUS"": 0.6841735482907254, ""KEEP"": 0.015215321102625882, ""OPAL_ALL"": 0.19239977519992743}","{""COT_FRESH"": 1.0, ""FRESH_OR_CONSENSUS"": 1.0, ""HELIOS_CONSENSUS"": 3.0, ""KEEP"": 0.0, ""OPAL_ALL"": 2.0}",False,False,0.5469998583164595
2025-05-01,2025-05-02,2025-05-07,2025,2025-05,1,0.0454520405091963,0.5113719727088082,0.5303178169859308,0.5113719727088082,0.5113719727088082,0.5113719727088082,STRUCTURAL_IRIS,63,0,75,0.3555958961606602,0.1429676404220136,False,False,False,False,0.5113719727088082,0.6839847250172763,0,False,1,,True,13,8,6,2,0.7,False,0.5113719727088082,0.5113719727088082,0.5113719727088082,0.6839847250172763,2025-04-22,2025-04-29,False,0,False,,0.5113719727088082,False,49,10,5,5,0,0.1923997751999274,False,False,False,False,0.5113719727088082,"{""COT_FRESH"": 0.05410567770336061, ""FRESH_OR_CONSENSUS"": 0.05410567770336061, ""HELIOS_CONSENSUS"": 0.6841735482907254, ""KEEP"": 0.015215321102625882, ""OPAL_ALL"": 0.19239977519992743}","{""COT_FRESH"": 1.0, ""FRESH_OR_CONSENSUS"": 1.0, ""HELIOS_CONSENSUS"": 3.0, ""KEEP"": 0.0, ""OPAL_ALL"": 2.0}",False,False,0.5113719727088082
2025-05-02,2025-05-06,2025-05-08,2025,2025-05,1,0.0236377532691481,0.4426836198676708,0.4910213603194818,0.4426836198676708,0.4426836198676708,0.4426836198676708,STRUCTURAL_IRIS,63,-1,75,0.3555958961606602,0.1429676404220136,True,False,False,False,0.4426836198676708,0.6704632093684694,1,False,0,,True,14,8,7,1,0.8,False,0.4426836198676708,0.4426836198676708,0.4426836198676708,0.6704632093684694,2025-04-22,2025-04-29,False,0,False,,0.4426836198676708,False,49,10,5,5,0,0.1923997751999274,False,False,False,False,0.4426836198676708,"{""COT_FRESH"": 0.05410567770336061, ""FRESH_OR_CONSENSUS"": 0.05410567770336061, ""HELIOS_CONSENSUS"": 0.6841735482907254, ""KEEP"": 0.015215321102625882, ""OPAL_ALL"": 0.19239977519992743}","{""COT_FRESH"": 1.0, ""FRESH_OR_CONSENSUS"": 1.0, ""HELIOS_CONSENSUS"": 3.0, ""KEEP"": 0.0, ""OPAL_ALL"": 2.0}",False,False,0.4426836198676708
2025-05-06,2025-05-07,2025-05-09,2025,2025-05,0,-0.0157871314273372,0.8845755397620167,0.9154720873163436,0.8845755397620167,0.8845755397620167,0.8845755397620167,STRUCTURAL_IRIS,63,-1,75,0.3555958961606602,0.1429676404220136,False,False,False,False,0.8845755397620167,0.1897538124818908,0,False,1,,True,14,8,7,1,0.8,False,0.8845755397620167,0.8845755397620167,0.8845755397620167,0.1897538124818908,2025-04-29,2025-05-06,False,0,False,,0.8845755397620167,False,49,10,5,5,0,0.1923997751999274,False,False,False,False,0.8845755397620167,"{""COT_FRESH"": 0.05410567770336061, ""FRESH_OR_CONSENSUS"": 0.05410567770336061, ""HELIOS_CONSENSUS"": 0.6841735482907254, ""KEEP"": 0.015215321102625882, ""OPAL_ALL"": 0.19239977519992743}","{""COT_FRESH"": 1.0, ""FRESH_OR_CONSENSUS"": 1.0, ""HELIOS_CONSENSUS"": 3.0, ""KEEP"": 0.0, ""OPAL_ALL"": 2.0}",False,False,0.8845755397620167
2025-05-07,2025-05-08,2025-05-12,2025,2025-05,0,-0.046429034701683,0.2952284634171996,0.3892696171331736,0.2952284634171996,0.2952284634171996,0.2952284634171996,STRUCTURAL_IRIS,63,0,75,0.3555958961606602,0.1429676404220136,False,False,False,False,0.2952284634171996,0.5953912596840438,0,False,0,,True,14,8,7,1,0.8,False,0.2952284634171996,0.2952284634171996,0.2952284634171996,0.5953912596840438,2025-04-29,2025-05-06,False,0,False,,0.2952284634171996,False,49,10,5,5,0,0.1923997751999274,False,False,False,False,0.2952284634171996,"{""COT_FRESH"": 0.05410567770336061, ""FRESH_OR_CONSENSUS"": 0.05410567770336061, ""HELIOS_CONSENSUS"": 0.6841735482907254, ""KEEP"": 0.015215321102625882, ""OPAL_ALL"": 0.19239977519992743}","{""COT_FRESH"": 1.0, ""FRESH_OR_CONSENSUS"": 1.0, ""HELIOS_CONSENSUS"": 3.0, ""KEEP"": 0.0, ""OPAL_ALL"": 2.0}",False,False,0.2952284634171996
2025-05-08,2025-05-09,2025-05-13,2025,2025-05,0,-0.0263843543528826,0.1928421821251539,0.2879410241901054,0.1928421821251539,0.1928421821251539,0.1928421821251539,STRUCTURAL_IRIS,63,0,75,0.3555958961606602,0.1429676404220136,False,False,False,False,0.1928421821251539,0.5257889153801842,0,False,0,,True,14,8,7,1,0.8,False,0.1928421821251539,0.1928421821251539,0.1928421821251539,0.5257889153801842,2025-04-29,2025-05-06,False,0,False,,0.1928421821251539,False,49,10,5,5,0,0.1923997751999274,False,False,False,False,0.1928421821251539,"{""COT_FRESH"": 0.05410567770336061, ""FRESH_OR_CONSENSUS"": 0.05410567770336061, ""HELIOS_CONSENSUS"": 0.6841735482907254, ""KEEP"": 0.015215321102625882, ""OPAL_ALL"": 0.19239977519992743}","{""COT_FRESH"": 1.0, ""FRESH_OR_CONSENSUS"": 1.0, ""HELIOS_CONSENSUS"": 3.0, ""KEEP"": 0.0, ""OPAL_ALL"": 2.0}",False,False,0.1928421821251539
2025-05-09,2025-05-12,2025-05-14,2025,2025-05,0,-0.0285280352541475,0.3149885832255284,0.473030571489932,0.3149885832255284,0.3149885832255284,0.3149885832255284,STRUCTURAL_IRIS,63,0,75,0.3555958961606602,0.1429676404220136,False,False,False,False,0.3149885832255284,0.6661498161958688,0,False,0,,True,14,8,7,1,0.8,False,0.3149885832255284,0.3149885832255284,0.3149885832255284,0.6661498161958688,2025-04-29,2025-05-06,False,0,False,,0.3149885832255284,False,49,10,5,5,0,0.1923997751999274,False,False,False,False,0.3149885832255284,"{""COT_FRESH"": 0.05410567770336061, ""FRESH_OR_CONSENSUS"": 0.05410567770336061, ""HELIOS_CONSENSUS"": 0.6841735482907254, ""KEEP"": 0.015215321102625882, ""OPAL_ALL"": 0.19239977519992743}","{""COT_FRESH"": 1.0, ""FRESH_OR_CONSENSUS"": 1.0, ""HELIOS_CONSENSUS"": 3.0, ""KEEP"": 0.0, ""OPAL_ALL"": 2.0}",False,False,0.3149885832255284
2025-05-12,2025-05-13,2025-05-15,2025,2025-05,0,-0.0160311224160857,0.4692635861182411,0.5731051948626996,0.4692635861182411,0.4692635861182411,0.4692635861182411,STRUCTURAL_IRIS,63,0,75,0.3555958961606602,0.1429676404220136,False,False,False,False,0.4692635861182411,0.6639182199497639,0,False,0,,True,14,8,7,1,0.8,False,0.4692635861182411,0.4692635861182411,0.4692635861182411,0.6639182199497639,2025-04-29,2025-05-06,False,0,False,,0.4692635861182411,False,49,10,5,5,0,0.1923997751999274,False,False,False,False,0.4692635861182411,"{""COT_FRESH"": 0.05410567770336061, ""FRESH_OR_CONSENSUS"": 0.05410567770336061, ""HELIOS_CONSENSUS"": 0.6841735482907254, ""KEEP"": 0.015215321102625882, ""OPAL_ALL"": 0.19239977519992743}","{""COT_FRESH"": 1.0, ""FRESH_OR_CONSENSUS"": 1.0, ""HELIOS_CONSENSUS"": 3.0, ""KEEP"": 0.0, ""OPAL_ALL"": 2.0}",False,False,0.4692635861182411
2025-05-13,2025-05-14,2025-05-16,2025,2025-05,0,-0.013629226387542,0.3477863949188706,0.4577182663337529,0.3477863949188706,0.3477863949188706,0.3477863949188706,STRUCTURAL_IRIS,63,0,75,0.3555958961606602,0.1429676404220136,False,False,False,False,0.3477863949188706,0.630767683890774,0,False,0,,True,14,8,7,1,0.8,False,0.3477863949188706,0.3477863949188706,0.3477863949188706,0.630767683890774,2025-05-06,2025-05-13,False,0,False,,0.3477863949188706,False,49,10,5,5,0,0.1923997751999274,False,False,False,False,0.3477863949188706,"{""COT_FRESH"": 0.05410567770336061, ""FRESH_OR_CONSENSUS"": 0.05410567770336061, ""HELIOS_CONSENSUS"": 0.6841735482907254, ""KEEP"": 0.015215321102625882, ""OPAL_ALL"": 0.19239977519992743}","{""COT_FRESH"": 1.0, ""FRESH_OR_CONSENSUS"": 1.0, ""HELIOS_CONSENSUS"": 3.0, ""KEEP"": 0.0, ""OPAL_ALL"": 2.0}",False,False,0.3477863949188706
2025-05-14,2025-05-15,2025-05-19,2025,2025-05,1,0.0025038652957668,0.1222525658556586,0.131063147103556,0.1222525658556586,0.1222525658556586,0.1222525658556586,STRUCTURAL_IRIS,63,0,75,0.3555958961606602,0.1429676404220136,False,False,False,False,0.1222525658556586,0.3981135861387329,0,False,0,,True,14,8,7,1,0.8,False,0.1222525658556586,0.1222525658556586,0.1222525658556586,0.3981135861387329,2025-05-06,2025-05-13,False,0,False,,0.1222525658556586,False,49,10,5,5,0,0.1923997751999274,False,False,False,False,0.1222525658556586,"{""COT_FRESH"": 0.05410567770336061, ""FRESH_OR_CONSENSUS"": 0.05410567770336061, ""HELIOS_CONSENSUS"": 0.6841735482907254, ""KEEP"": 0.015215321102625882, ""OPAL_ALL"": 0.19239977519992743}","{""COT_FRESH"": 1.0, ""FRESH_OR_CONSENSUS"": 1.0, ""HELIOS_CONSENSUS"": 3.0, ""KEEP"": 0.0, ""OPAL_ALL"": 2.0}",False,False,0.1222525658556586
2025-05-15,2025-05-16,2025-05-20,2025,2025-05,1,0.0209374555338376,0.9425794378497656,0.9570719832533297,0.9425794378497656,0.9425794378497656,0.9425794378497656,STRUCTURAL_IRIS,63,-1,76,0.3222505201754,0.0885487905327737,False,False,False,False,0.9425794378497656,0.1072097447204787,0,False,1,,True,14,8,7,1,0.8,False,0.9425794378497656,0.9425794378497656,0.9425794378497656,0.1072097447204787,2025-05-06,2025-05-13,False,0,False,,0.9425794378497656,False,49,10,5,5,0,0.1923997751999274,False,False,False,False,0.9425794378497656,"{""COT_FRESH"": 0.05410567770336061, ""FRESH_OR_CONSENSUS"": 0.05410567770336061, ""HELIOS_CONSENSUS"": 0.6841735482907254, ""KEEP"": 0.015215321102625882, ""OPAL_ALL"": 0.19239977519992743}","{""COT_FRESH"": 1.0, ""FRESH_OR_CONSENSUS"": 1.0, ""HELIOS_CONSENSUS"": 3.0, ""KEEP"": 0.0, ""OPAL_ALL"": 2.0}",False,False,0.9425794378497656
2025-05-16,2025-05-19,2025-05-21,2025,2025-05,1,0.0307372018931267,0.4773705338210042,0.5202230961087653,0.4773705338210042,0.4773705338210042,0.4773705338210042,STRUCTURAL_IRIS,63,-1,76,0.3222505201754,0.0885487905327737,False,False,False,False,0.4773705338210042,0.6627360279037044,0,False,0,,True,14,8,7,1,0.8,False,0.4773705338210042,0.4773705338210042,0.4773705338210042,0.6627360279037044,2025-05-06,2025-05-13,False,0,False,,0.4773705338210042,False,49,10,5,5,0,0.1923997751999274,False,False,False,False,0.4773705338210042,"{""COT_FRESH"": 0.05410567770336061, ""FRESH_OR_CONSENSUS"": 0.05410567770336061, ""HELIOS_CONSENSUS"": 0.6841735482907254, ""KEEP"": 0.015215321102625882, ""OPAL_ALL"": 0.19239977519992743}","{""COT_FRESH"": 1.0, ""FRESH_OR_CONSENSUS"": 1.0, ""HELIOS_CONSENSUS"": 3.0, ""KEEP"": 0.0, ""OPAL_ALL"": 2.0}",False,False,0.4773705338210042
2025-05-19,2025-05-20,2025-05-22,2025,2025-05,1,0.0204286739741992,0.3665493443548095,0.4456084834748572,0.3665493443548095,0.3665493443548095,0.3665493443548095,STRUCTURAL_IRIS,63,-1,76,0.3222505201754,0.0885487905327737,False,False,False,False,0.3665493443548095,0.4905085607844379,0,False,0,,True,14,8,7,1,0.8,False,0.3665493443548095,0.3665493443548095,0.3665493443548095,0.4905085607844379,2025-05-06,2025-05-13,False,0,False,,0.3665493443548095,False,49,10,5,5,0,0.1923997751999274,False,False,False,False,0.3665493443548095,"{""COT_FRESH"": 0.05410567770336061, ""FRESH_OR_CONSENSUS"": 0.05410567770336061, ""HELIOS_CONSENSUS"": 0.6841735482907254, ""KEEP"": 0.015215321102625882, ""OPAL_ALL"": 0.19239977519992743}","{""COT_FRESH"": 1.0, ""FRESH_OR_CONSENSUS"": 1.0, ""HELIOS_CONSENSUS"": 3.0, ""KEEP"": 0.0, ""OPAL_ALL"": 2.0}",False,False,0.3665493443548095
2025-05-20,2025-05-21,2025-05-23,2025,2025-05,1,0.0279075132964067,0.8528412319789874,0.9026308240179666,0.8528412319789874,0.8528412319789874,0.8528412319789874,STRUCTURAL_IRIS,63,-1,76,0.3222505201754,0.0885487905327737,False,False,False,False,0.8528412319789874,0.307071723095184,0,False,1,,True,14,8,7,1,0.8,False,0.8528412319789874,0.8528412319789874,0.8528412319789874,0.307071723095184,2025-05-13,2025-05-20,False,0,False,,0.8528412319789874,False,49,10,5,5,0,0.1923997751999274,False,False,False,False,0.8528412319789874,"{""COT_FRESH"": 0.05410567770336061, ""FRESH_OR_CONSENSUS"": 0.05410567770336061, ""HELIOS_CONSENSUS"": 0.6841735482907254, ""KEEP"": 0.015215321102625882, ""OPAL_ALL"": 0.19239977519992743}","{""COT_FRESH"": 1.0, ""FRESH_OR_CONSENSUS"": 1.0, ""HELIOS_CONSENSUS"": 3.0, ""KEEP"": 0.0, ""OPAL_ALL"": 2.0}",False,False,0.8528412319789874
2025-05-21,2025-05-22,2025-05-27,2025,2025-05,0,-0.0043899555817868,0.494779410354752,0.6410658520148128,0.494779410354752,0.494779410354752,0.494779410354752,STRUCTURAL_IRIS,63,0,77,0.3986547278117429,0.2112900473765978,False,False,False,False,0.494779410354752,0.6071998634261603,0,False,0,,True,14,8,7,1,0.8,False,0.494779410354752,0.494779410354752,0.494779410354752,0.6071998634261603,2025-05-13,2025-05-20,False,0,False,,0.494779410354752,False,49,10,5,5,0,0.1923997751999274,False,False,False,False,0.494779410354752,"{""COT_FRESH"": 0.05410567770336061, ""FRESH_OR_CONSENSUS"": 0.05410567770336061, ""HELIOS_CONSENSUS"": 0.6841735482907254, ""KEEP"": 0.015215321102625882, ""OPAL_ALL"": 0.19239977519992743}","{""COT_FRESH"": 1.0, ""FRESH_OR_CONSENSUS"": 1.0, ""HELIOS_CONSENSUS"": 3.0, ""KEEP"": 0.0, ""OPAL_ALL"": 2.0}",False,False,0.494779410354752
2025-05-22,2025-05-23,2025-05-28,2025,2025-05,1,0.0047528965151216,0.2245860075847894,0.3871478756559693,0.2245860075847894,0.2245860075847894,0.2245860075847894,STRUCTURAL_IRIS,63,0,77,0.3986547278117429,0.2112900473765978,False,True,False,False,0.2245860075847894,0.5916301623839011,1,False,0,,True,14,8,7,1,0.8,False,0.2245860075847894,0.2245860075847894,0.2245860075847894,0.5916301623839011,2025-05-13,2025-05-20,False,0,False,,0.2245860075847894,False,49,10,5,5,0,0.1923997751999274,False,False,False,False,0.2245860075847894,"{""COT_FRESH"": 0.05410567770336061, ""FRESH_OR_CONSENSUS"": 0.05410567770336061, ""HELIOS_CONSENSUS"": 0.6841735482907254, ""KEEP"": 0.015215321102625882, ""OPAL_ALL"": 0.19239977519992743}","{""COT_FRESH"": 1.0, ""FRESH_OR_CONSENSUS"": 1.0, ""HELIOS_CONSENSUS"": 3.0, ""KEEP"": 0.0, ""OPAL_ALL"": 2.0}",False,False,0.2245860075847894
2025-05-23,2025-05-27,2025-05-29,2025,2025-05,0,-0.0154943332768002,0.5971588583401394,0.7835504705211775,0.5971588583401394,0.5971588583401394,0.5971588583401394,STRUCTURAL_IRIS,63,0,77,0.3986547278117429,0.2112900473765978,False,False,False,False,0.5971588583401394,0.4590083547269744,0,False,1,,True,14,8,7,1,0.8,False,0.5971588583401394,0.5971588583401394,0.5971588583401394,0.4590083547269744,2025-05-13,2025-05-20,False,0,False,,0.5971588583401394,False,49,10,5,5,0,0.1923997751999274,False,False,False,False,0.5971588583401394,"{""COT_FRESH"": 0.05410567770336061, ""FRESH_OR_CONSENSUS"": 0.05410567770336061, ""HELIOS_CONSENSUS"": 0.6841735482907254, ""KEEP"": 0.015215321102625882, ""OPAL_ALL"": 0.19239977519992743}","{""COT_FRESH"": 1.0, ""FRESH_OR_CONSENSUS"": 1.0, ""HELIOS_CONSENSUS"": 3.0, ""KEEP"": 0.0, ""OPAL_ALL"": 2.0}",False,False,0.5971588583401394
2025-05-27,2025-05-28,2025-05-30,2025,2025-05,0,-0.0006677492546236,0.3069313854471271,0.5048008019565278,0.3069313854471271,0.3069313854471271,0.3069313854471271,STRUCTURAL_IRIS,63,-1,78,0.3504830189613592,0.1235304434340524,False,False,False,False,0.3069313854471271,0.6532381182072396,0,False,0,,True,14,8,7,1,0.8,False,0.3069313854471271,0.3069313854471271,0.3069313854471271,0.6532381182072396,2025-05-20,2025-05-27,False,0,False,,0.3069313854471271,False,49,10,5,5,0,0.1923997751999274,False,False,False,False,0.3069313854471271,"{""COT_FRESH"": 0.05410567770336061, ""FRESH_OR_CONSENSUS"": 0.05410567770336061, ""HELIOS_CONSENSUS"": 0.6841735482907254, ""KEEP"": 0.015215321102625882, ""OPAL_ALL"": 0.19239977519992743}","{""COT_FRESH"": 1.0, ""FRESH_OR_CONSENSUS"": 1.0, ""HELIOS_CONSENSUS"": 3.0, ""KEEP"": 0.0, ""OPAL_ALL"": 2.0}",False,False,0.3069313854471271
2025-05-28,2025-05-29,2025-06-02,2025,2025-05,1,0.0070349410769572,0.1548523180936666,0.2633145227724237,0.1548523180936666,0.1548523180936666,0.1548523180936666,STRUCTURAL_IRIS,63,-1,78,0.3504830189613592,0.1235304434340524,False,False,False,False,0.1548523180936666,0.2941228673939406,0,False,0,,True,14,8,7,1,0.8,False,0.1548523180936666,0.1548523180936666,0.1548523180936666,0.2941228673939406,2025-05-20,2025-05-27,False,0,False,,0.1548523180936666,False,49,10,5,5,0,0.1923997751999274,False,False,False,False,0.1548523180936666,"{""COT_FRESH"": 0.05410567770336061, ""FRESH_OR_CONSENSUS"": 0.05410567770336061, ""HELIOS_CONSENSUS"": 0.6841735482907254, ""KEEP"": 0.015215321102625882, ""OPAL_ALL"": 0.19239977519992743}","{""COT_FRESH"": 1.0, ""FRESH_OR_CONSENSUS"": 1.0, ""HELIOS_CONSENSUS"": 3.0, ""KEEP"": 0.0, ""OPAL_ALL"": 2.0}",False,False,0.1548523180936666
2025-05-29,2025-05-30,2025-06-03,2025,2025-05,1,0.0238971158485419,0.7519684038751172,0.8064852274614288,0.7519684038751172,0.7519684038751172,0.7519684038751172,STRUCTURAL_IRIS,63,-1,78,0.3504830189613592,0.1235304434340524,False,False,False,False,0.7519684038751172,0.3181582261140555,0,False,1,,True,14,8,7,1,0.8,False,0.7519684038751172,0.7519684038751172,0.7519684038751172,0.3181582261140555,2025-05-20,2025-05-27,False,0,False,,0.7519684038751172,False,49,10,5,5,0,0.1923997751999274,False,False,False,False,0.7519684038751172,"{""COT_FRESH"": 0.05410567770336061, ""FRESH_OR_CONSENSUS"": 0.05410567770336061, ""HELIOS_CONSENSUS"": 0.6841735482907254, ""KEEP"": 0.015215321102625882, ""OPAL_ALL"": 0.19239977519992743}","{""COT_FRESH"": 1.0, ""FRESH_OR_CONSENSUS"": 1.0, ""HELIOS_CONSENSUS"": 3.0, ""KEEP"": 0.0, ""OPAL_ALL"": 2.0}",False,False,0.7519684038751172
2025-05-30,2025-06-02,2025-06-04,2025,2025-06,1,0.0208971572700646,0.4261144248745294,0.4581865911538854,0.4261144248745294,0.4261144248745294,0.4261144248745294,STRUCTURAL_IRIS,63,-2,79,0.3220109841356803,0.0795987469574825,False,False,False,True,0.7306005875996711,0.7306005875996711,0,False,0,,True,14,8,7,1,0.8,False,0.4261144248745294,0.4261144248745294,0.4261144248745294,0.7306005875996711,2025-05-20,2025-05-27,True,1,True,1.0,0.4261144248745294,False,49,10,5,5,0,0.3006111306066487,False,True,False,False,0.4261144248745294,"{""COT_FRESH"": 0.05410567770336061, ""FRESH_OR_CONSENSUS"": 0.05410567770336061, ""HELIOS_CONSENSUS"": 0.6841735482907254, ""KEEP"": 0.015215321102625882, ""OPAL_ALL"": 0.19239977519992743}","{""COT_FRESH"": 1.0, ""FRESH_OR_CONSENSUS"": 1.0, ""HELIOS_CONSENSUS"": 3.0, ""KEEP"": 0.0, ""OPAL_ALL"": 2.0}",False,False,0.4261144248745294
2025-06-02,2025-06-03,2025-06-05,2025,2025-06,1,0.012034554742236,0.7314483386033006,0.7983931774893169,0.7314483386033006,0.7314483386033006,0.7314483386033006,STRUCTURAL_IRIS,63,-2,79,0.3220109841356803,0.0795987469574825,False,False,False,False,0.7314483386033006,0.4314565048474545,0,False,1,,True,14,8,7,1,0.8,False,0.7314483386033006,0.7314483386033006,0.7314483386033006,0.4314565048474545,2025-05-20,2025-05-27,False,0,False,,0.7314483386033006,False,49,10,5,5,0,0.1923997751999274,False,False,False,False,0.7314483386033006,"{""COT_FRESH"": 0.05410567770336061, ""FRESH_OR_CONSENSUS"": 0.05410567770336061, ""HELIOS_CONSENSUS"": 0.6841735482907254, ""KEEP"": 0.015215321102625882, ""OPAL_ALL"": 0.19239977519992743}","{""COT_FRESH"": 1.0, ""FRESH_OR_CONSENSUS"": 1.0, ""HELIOS_CONSENSUS"": 3.0, ""KEEP"": 0.0, ""OPAL_ALL"": 2.0}",False,False,0.7314483386033006
2025-06-03,2025-06-04,2025-06-06,2025,2025-06,0,-0.0006404289603409,0.5006241137809214,0.4931484987255213,0.5006241137809214,0.5006241137809214,0.5006241137809214,STRUCTURAL_IRIS,63,-2,79,0.3220109841356803,0.0795987469574825,False,False,False,False,0.5006241137809214,0.738788012845287,0,False,1,,True,14,8,7,1,0.8,False,0.5006241137809214,0.5006241137809214,0.5006241137809214,0.738788012845287,2025-05-27,2025-06-03,False,0,False,,0.5006241137809214,False,49,10,5,5,0,0.1923997751999274,False,False,False,False,0.5006241137809214,"{""COT_FRESH"": 0.05410567770336061, ""FRESH_OR_CONSENSUS"": 0.05410567770336061, ""HELIOS_CONSENSUS"": 0.6841735482907254, ""KEEP"": 0.015215321102625882, ""OPAL_ALL"": 0.19239977519992743}","{""COT_FRESH"": 1.0, ""FRESH_OR_CONSENSUS"": 1.0, ""HELIOS_CONSENSUS"": 3.0, ""KEEP"": 0.0, ""OPAL_ALL"": 2.0}",False,False,0.5006241137809214
2025-06-04,2025-06-05,2025-06-09,2025,2025-06,0,-0.0135612549953453,0.6551399106234403,0.6000841355717984,0.6551399106234403,0.6551399106234403,0.6551399106234403,STRUCTURAL_IRIS,63,-2,79,0.3220109841356803,0.0795987469574825,False,False,False,False,0.6551399106234403,0.6872144209670992,0,False,1,,True,14,8,7,1,0.8,False,0.6551399106234403,0.6551399106234403,0.6551399106234403,0.6872144209670992,2025-05-27,2025-06-03,False,0,False,,0.6551399106234403,False,50,10,5,5,0,0.3785711264253605,False,False,False,False,0.6551399106234403,"{""COT_FRESH"": 0.10645982997061453, ""FRESH_OR_CONSENSUS"": 0.10645982997061453, ""HELIOS_CONSENSUS"": 0.3785711264253605, ""KEEP"": 0.029938087208049975, ""OPAL_ALL"": 0.3785711264253605}","{""COT_FRESH"": 1.0, ""FRESH_OR_CONSENSUS"": 1.0, ""HELIOS_CONSENSUS"": 2.0, ""KEEP"": 0.0, ""OPAL_ALL"": 2.0}",False,False,0.6551399106234403
2025-06-05,2025-06-06,2025-06-10,2025,2025-06,0,-0.0172647940826273,0.4174759959874548,0.3696177880066476,0.4174759959874548,0.4174759959874548,0.4174759959874548,STRUCTURAL_IRIS,63,-2,79,0.3220109841356803,0.0795987469574825,False,True,False,False,0.4174759959874548,0.6960365344156412,1,False,0,,True,14,8,7,1,0.8,False,0.4174759959874548,0.4174759959874548,0.4174759959874548,0.6960365344156412,2025-05-27,2025-06-03,False,0,False,,0.4174759959874548,False,50,10,5,5,0,0.3785711264253605,False,False,False,False,0.4174759959874548,"{""COT_FRESH"": 0.10645982997061453, ""FRESH_OR_CONSENSUS"": 0.10645982997061453, ""HELIOS_CONSENSUS"": 0.3785711264253605, ""KEEP"": 0.029938087208049975, ""OPAL_ALL"": 0.3785711264253605}","{""COT_FRESH"": 1.0, ""FRESH_OR_CONSENSUS"": 1.0, ""HELIOS_CONSENSUS"": 2.0, ""KEEP"": 0.0, ""OPAL_ALL"": 2.0}",False,False,0.4174759959874548
2025-06-06,2025-06-09,2025-06-11,2025,2025-06,0,-0.0053629043332633,0.2027882623157025,0.1291432676649149,0.2027882623157025,0.2027882623157025,0.2027882623157025,STRUCTURAL_IRIS,63,-1,80,0.3940405755113897,0.1940311939700327,False,True,False,False,0.2027882623157025,0.3593468688235562,1,False,0,,True,14,8,7,1,0.8,False,0.2027882623157025,0.2027882623157025,0.2027882623157025,0.3593468688235562,2025-05-27,2025-06-03,False,0,False,,0.2027882623157025,False,50,10,5,5,0,0.3785711264253605,False,False,False,False,0.2027882623157025,"{""COT_FRESH"": 0.10645982997061453, ""FRESH_OR_CONSENSUS"": 0.10645982997061453, ""HELIOS_CONSENSUS"": 0.3785711264253605, ""KEEP"": 0.029938087208049975, ""OPAL_ALL"": 0.3785711264253605}","{""COT_FRESH"": 1.0, ""FRESH_OR_CONSENSUS"": 1.0, ""HELIOS_CONSENSUS"": 2.0, ""KEEP"": 0.0, ""OPAL_ALL"": 2.0}",False,False,0.2027882623157025
2025-06-09,2025-06-10,2025-06-12,2025,2025-06,1,0.0127729809028731,0.6794668241680096,0.5759964633251898,0.6794668241680096,0.6794668241680096,0.6794668241680096,STRUCTURAL_IRIS,63,-1,80,0.3940405755113897,0.1940311939700327,False,False,False,False,0.6794668241680096,0.6419196160382572,0,False,1,,True,14,8,7,1,0.8,False,0.6794668241680096,0.6794668241680096,0.6794668241680096,0.6419196160382572,2025-05-27,2025-06-03,False,0,False,,0.6794668241680096,False,50,10,5,5,0,0.3785711264253605,False,False,False,False,0.6794668241680096,"{""COT_FRESH"": 0.10645982997061453, ""FRESH_OR_CONSENSUS"": 0.10645982997061453, ""HELIOS_CONSENSUS"": 0.3785711264253605, ""KEEP"": 0.029938087208049975, ""OPAL_ALL"": 0.3785711264253605}","{""COT_FRESH"": 1.0, ""FRESH_OR_CONSENSUS"": 1.0, ""HELIOS_CONSENSUS"": 2.0, ""KEEP"": 0.0, ""OPAL_ALL"": 2.0}",False,False,0.6794668241680096
2025-06-10,2025-06-11,2025-06-13,2025,2025-06,1,0.0274326797376551,0.510067910961741,0.5048183165554955,0.510067910961741,0.510067910961741,0.510067910961741,STRUCTURAL_IRIS,63,-1,80,0.3940405755113897,0.1940311939700327,False,False,False,False,0.510067910961741,0.7831500656564795,0,False,1,,True,14,8,7,1,0.8,False,0.510067910961741,0.510067910961741,0.510067910961741,0.7831500656564795,2025-06-03,2025-06-10,False,0,False,,0.510067910961741,False,50,10,5,5,0,0.3785711264253605,False,False,False,False,0.510067910961741,"{""COT_FRESH"": 0.10645982997061453, ""FRESH_OR_CONSENSUS"": 0.10645982997061453, ""HELIOS_CONSENSUS"": 0.3785711264253605, ""KEEP"": 0.029938087208049975, ""OPAL_ALL"": 0.3785711264253605}","{""COT_FRESH"": 1.0, ""FRESH_OR_CONSENSUS"": 1.0, ""HELIOS_CONSENSUS"": 2.0, ""KEEP"": 0.0, ""OPAL_ALL"": 2.0}",False,False,0.510067910961741
2025-06-11,2025-06-12,2025-06-16,2025,2025-06,1,0.0234489827422115,0.6468123592866613,0.6698840495554037,0.6468123592866613,0.6468123592866613,0.6468123592866613,STRUCTURAL_IRIS,63,-1,80,0.3940405755113897,0.1940311939700327,False,False,False,False,0.6468123592866613,0.6759537975904764,0,False,1,,True,14,8,7,1,0.8,False,0.6468123592866613,0.6468123592866613,0.6468123592866613,0.6759537975904764,2025-06-03,2025-06-10,False,0,False,,0.6468123592866613,False,50,10,5,5,0,0.3785711264253605,False,False,False,False,0.6468123592866613,"{""COT_FRESH"": 0.10645982997061453, ""FRESH_OR_CONSENSUS"": 0.10645982997061453, ""HELIOS_CONSENSUS"": 0.3785711264253605, ""KEEP"": 0.029938087208049975, ""OPAL_ALL"": 0.3785711264253605}","{""COT_FRESH"": 1.0, ""FRESH_OR_CONSENSUS"": 1.0, ""HELIOS_CONSENSUS"": 2.0, ""KEEP"": 0.0, ""OPAL_ALL"": 2.0}",False,False,0.6468123592866613
2025-06-12,2025-06-13,2025-06-17,2025,2025-06,1,0.0059635245717362,0.6359569994868574,0.736001531080829,0.6359569994868574,0.6359569994868574,0.6359569994868574,STRUCTURAL_IRIS,63,-1,80,0.3940405755113897,0.1940311939700327,False,False,False,False,0.6359569994868574,0.5049460882141944,0,False,1,,True,14,8,7,1,0.8,False,0.6359569994868574,0.6359569994868574,0.6359569994868574,0.5049460882141944,2025-06-03,2025-06-10,False,0,False,,0.6359569994868574,False,50,10,5,5,0,0.3785711264253605,False,False,False,False,0.6359569994868574,"{""COT_FRESH"": 0.10645982997061453, ""FRESH_OR_CONSENSUS"": 0.10645982997061453, ""HELIOS_CONSENSUS"": 0.3785711264253605, ""KEEP"": 0.029938087208049975, ""OPAL_ALL"": 0.3785711264253605}","{""COT_FRESH"": 1.0, ""FRESH_OR_CONSENSUS"": 1.0, ""HELIOS_CONSENSUS"": 2.0, ""KEEP"": 0.0, ""OPAL_ALL"": 2.0}",False,False,0.6359569994868574
2025-06-13,2025-06-16,2025-06-18,2025,2025-06,0,-0.0114239908601214,0.4265029141314383,0.6200460202917275,0.4265029141314383,0.4265029141314383,0.4265029141314383,STRUCTURAL_IRIS,63,-1,80,0.3940405755113897,0.1940311939700327,False,False,False,False,0.4265029141314383,0.6614701074648246,0,False,0,,True,14,8,7,1,0.8,False,0.4265029141314383,0.4265029141314383,0.4265029141314383,0.6614701074648246,2025-06-03,2025-06-10,False,0,False,,0.4265029141314383,False,50,10,5,5,0,0.3785711264253605,False,False,False,False,0.4265029141314383,"{""COT_FRESH"": 0.10645982997061453, ""FRESH_OR_CONSENSUS"": 0.10645982997061453, ""HELIOS_CONSENSUS"": 0.3785711264253605, ""KEEP"": 0.029938087208049975, ""OPAL_ALL"": 0.3785711264253605}","{""COT_FRESH"": 1.0, ""FRESH_OR_CONSENSUS"": 1.0, ""HELIOS_CONSENSUS"": 2.0, ""KEEP"": 0.0, ""OPAL_ALL"": 2.0}",False,False,0.4265029141314383
2025-06-16,2025-06-17,2025-06-19,2025,2025-06,0,-0.0138044989847901,0.1349824049247136,0.2703575873536027,0.1349824049247136,0.1349824049247136,0.1349824049247136,STRUCTURAL_IRIS,63,-1,80,0.3940405755113897,0.1940311939700327,False,True,False,False,0.1349824049247136,0.663750665024763,1,False,0,,True,14,8,7,1,0.8,False,0.1349824049247136,0.1349824049247136,0.1349824049247136,0.663750665024763,2025-06-03,2025-06-10,False,0,False,,0.1349824049247136,False,50,10,5,5,0,0.3785711264253605,False,False,False,False,0.1349824049247136,"{""COT_FRESH"": 0.10645982997061453, ""FRESH_OR_CONSENSUS"": 0.10645982997061453, ""HELIOS_CONSENSUS"": 0.3785711264253605, ""KEEP"": 0.029938087208049975, ""OPAL_ALL"": 0.3785711264253605}","{""COT_FRESH"": 1.0, ""FRESH_OR_CONSENSUS"": 1.0, ""HELIOS_CONSENSUS"": 2.0, ""KEEP"": 0.0, ""OPAL_ALL"": 2.0}",False,False,0.1349824049247136
2025-06-17,2025-06-18,2025-06-20,2025,2025-06,0,-0.0075419393374653,0.4159218617420533,0.5842445752499553,0.4159218617420533,0.4159218617420533,0.4159218617420533,STRUCTURAL_IRIS,63,-1,80,0.3940405755113897,0.1940311939700327,False,False,False,False,0.4159218617420533,0.6561247459155259,0,False,0,,True,14,8,7,1,0.8,False,0.4159218617420533,0.4159218617420533,0.4159218617420533,0.6561247459155259,2025-06-10,2025-06-17,False,0,False,,0.4159218617420533,False,50,10,5,5,0,0.3785711264253605,False,False,False,False,0.4159218617420533,"{""COT_FRESH"": 0.10645982997061453, ""FRESH_OR_CONSENSUS"": 0.10645982997061453, ""HELIOS_CONSENSUS"": 0.3785711264253605, ""KEEP"": 0.029938087208049975, ""OPAL_ALL"": 0.3785711264253605}","{""COT_FRESH"": 1.0, ""FRESH_OR_CONSENSUS"": 1.0, ""HELIOS_CONSENSUS"": 2.0, ""KEEP"": 0.0, ""OPAL_ALL"": 2.0}",False,False,0.4159218617420533
2025-06-18,2025-06-19,2025-06-23,2025,2025-06,0,-0.0054416052785622,0.3670455473366001,0.4075982867923948,0.3670455473366001,0.3670455473366001,0.3670455473366001,STRUCTURAL_IRIS,63,-3,81,0.3493094987699606,0.1141183336052297,False,False,False,True,0.7281795726558549,0.7281795726558549,0,False,0,,True,14,8,7,1,0.8,False,0.3670455473366001,0.3670455473366001,0.3670455473366001,0.7281795726558549,2025-06-10,2025-06-17,True,1,True,0.0,0.6329544526633999,False,50,10,5,5,0,0.5914907863665896,False,True,False,False,0.3670455473366001,"{""COT_FRESH"": 0.10645982997061453, ""FRESH_OR_CONSENSUS"": 0.10645982997061453, ""HELIOS_CONSENSUS"": 0.3785711264253605, ""KEEP"": 0.029938087208049975, ""OPAL_ALL"": 0.3785711264253605}","{""COT_FRESH"": 1.0, ""FRESH_OR_CONSENSUS"": 1.0, ""HELIOS_CONSENSUS"": 2.0, ""KEEP"": 0.0, ""OPAL_ALL"": 2.0}",False,False,0.3670455473366001
2025-06-19,2025-06-20,2025-06-24,2025,2025-06,0,-0.0152320974299719,0.575504729138426,0.6088541185096322,0.575504729138426,0.575504729138426,0.575504729138426,STRUCTURAL_IRIS,63,-2,81,0.3493094987699606,0.1141183336052297,False,False,False,False,0.575504729138426,0.667892656447351,0,False,1,,True,14,8,7,1,0.8,False,0.575504729138426,0.575504729138426,0.575504729138426,0.667892656447351,2025-06-10,2025-06-17,False,0,False,,0.575504729138426,False,50,10,5,5,0,0.3785711264253605,False,False,False,False,0.575504729138426,"{""COT_FRESH"": 0.10645982997061453, ""FRESH_OR_CONSENSUS"": 0.10645982997061453, ""HELIOS_CONSENSUS"": 0.3785711264253605, ""KEEP"": 0.029938087208049975, ""OPAL_ALL"": 0.3785711264253605}","{""COT_FRESH"": 1.0, ""FRESH_OR_CONSENSUS"": 1.0, ""HELIOS_CONSENSUS"": 2.0, ""KEEP"": 0.0, ""OPAL_ALL"": 2.0}",False,False,0.575504729138426
2025-06-20,2025-06-23,2025-06-25,2025,2025-06,0,-0.0098090654787751,0.7186905216914904,0.6855159257810981,0.7186905216914904,0.7186905216914904,0.7186905216914904,STRUCTURAL_IRIS,63,-3,82,0.3228085089254396,0.0747335319297733,False,False,False,False,0.7186905216914904,0.5991126384776423,0,False,1,,True,14,8,7,1,0.8,False,0.7186905216914904,0.7186905216914904,0.7186905216914904,0.5991126384776423,2025-06-10,2025-06-17,False,0,False,,0.7186905216914904,False,50,10,5,5,0,0.3785711264253605,False,False,False,False,0.7186905216914904,"{""COT_FRESH"": 0.10645982997061453, ""FRESH_OR_CONSENSUS"": 0.10645982997061453, ""HELIOS_CONSENSUS"": 0.3785711264253605, ""KEEP"": 0.029938087208049975, ""OPAL_ALL"": 0.3785711264253605}","{""COT_FRESH"": 1.0, ""FRESH_OR_CONSENSUS"": 1.0, ""HELIOS_CONSENSUS"": 2.0, ""KEEP"": 0.0, ""OPAL_ALL"": 2.0}",False,False,0.7186905216914904
2025-06-23,2025-06-24,2025-06-26,2025,2025-06,0,-0.0068027473227525,0.5015066784220675,0.5642859471770849,0.5015066784220675,0.5015066784220675,0.5015066784220675,STRUCTURAL_IRIS,63,-3,82,0.3228085089254396,0.0747335319297733,False,False,False,False,0.5015066784220675,0.6942799583290258,0,False,1,,True,14,8,7,1,0.8,False,0.5015066784220675,0.5015066784220675,0.5015066784220675,0.6942799583290258,2025-06-10,2025-06-17,False,0,False,,0.5015066784220675,False,51,10,4,6,-2,0.3785711264253605,False,False,False,False,0.5015066784220675,"{""COT_FRESH"": 0.10645982997061453, ""FRESH_OR_CONSENSUS"": 0.10645982997061453, ""HELIOS_CONSENSUS"": 0.3785711264253605, ""KEEP"": 0.029938087208049975, ""OPAL_ALL"": 0.3785711264253605}","{""COT_FRESH"": 1.0, ""FRESH_OR_CONSENSUS"": 1.0, ""HELIOS_CONSENSUS"": 2.0, ""KEEP"": 0.0, ""OPAL_ALL"": 2.0}",False,False,0.5015066784220675
2025-06-24,2025-06-25,2025-06-27,2025,2025-06,0,-0.0100670721151231,0.3602501032841933,0.4630293765315243,0.3602501032841933,0.3602501032841933,0.3602501032841933,STRUCTURAL_IRIS,63,-3,82,0.3228085089254396,0.0747335319297733,False,False,False,True,0.7996519177905186,0.7996519177905186,0,False,0,,True,14,8,7,1,0.8,False,0.3602501032841933,0.3602501032841933,0.3602501032841933,0.7996519177905186,2025-06-17,2025-06-24,True,1,True,0.0,0.6397498967158066,False,51,10,4,6,-2,0.5914907863665896,False,True,False,False,0.3602501032841933,"{""COT_FRESH"": 0.10645982997061453, ""FRESH_OR_CONSENSUS"": 0.10645982997061453, ""HELIOS_CONSENSUS"": 0.3785711264253605, ""KEEP"": 0.029938087208049975, ""OPAL_ALL"": 0.3785711264253605}","{""COT_FRESH"": 1.0, ""FRESH_OR_CONSENSUS"": 1.0, ""HELIOS_CONSENSUS"": 2.0, ""KEEP"": 0.0, ""OPAL_ALL"": 2.0}",False,False,0.3602501032841933
2025-06-25,2025-06-26,2025-06-30,2025,2025-06,0,-0.0136827572386252,0.4005963621736569,0.5678914901329966,0.4005963621736569,0.4005963621736569,0.4005963621736569,STRUCTURAL_IRIS,63,-3,82,0.3228085089254396,0.0747335319297733,False,False,False,False,0.4005963621736569,0.6556389379857666,0,False,0,,True,14,8,7,1,0.8,False,0.4005963621736569,0.4005963621736569,0.4005963621736569,0.6556389379857666,2025-06-17,2025-06-24,False,0,False,,0.4005963621736569,False,51,10,4,6,-2,0.3785711264253605,False,False,False,False,0.4005963621736569,"{""COT_FRESH"": 0.10645982997061453, ""FRESH_OR_CONSENSUS"": 0.10645982997061453, ""HELIOS_CONSENSUS"": 0.3785711264253605, ""KEEP"": 0.029938087208049975, ""OPAL_ALL"": 0.3785711264253605}","{""COT_FRESH"": 1.0, ""FRESH_OR_CONSENSUS"": 1.0, ""HELIOS_CONSENSUS"": 2.0, ""KEEP"": 0.0, ""OPAL_ALL"": 2.0}",False,False,0.4005963621736569
2025-06-26,2025-06-27,2025-07-01,2025,2025-06,1,0.0008827908733144,0.2916526144178822,0.3473216884158255,0.2916526144178822,0.2916526144178822,0.2916526144178822,STRUCTURAL_IRIS,63,-3,82,0.3228085089254396,0.0747335319297733,False,False,False,False,0.2916526144178822,0.6570860657927408,0,False,0,,True,14,8,7,1,0.8,False,0.2916526144178822,0.2916526144178822,0.2916526144178822,0.6570860657927408,2025-06-17,2025-06-24,False,0,False,,0.2916526144178822,False,51,10,4,6,-2,0.3785711264253605,False,False,False,False,0.2916526144178822,"{""COT_FRESH"": 0.10645982997061453, ""FRESH_OR_CONSENSUS"": 0.10645982997061453, ""HELIOS_CONSENSUS"": 0.3785711264253605, ""KEEP"": 0.029938087208049975, ""OPAL_ALL"": 0.3785711264253605}","{""COT_FRESH"": 1.0, ""FRESH_OR_CONSENSUS"": 1.0, ""HELIOS_CONSENSUS"": 2.0, ""KEEP"": 0.0, ""OPAL_ALL"": 2.0}",False,False,0.2916526144178822
2025-06-27,2025-06-30,2025-07-02,2025,2025-06,1,0.0157745072538324,0.3776450627491165,0.4211802738691424,0.3776450627491165,0.3776450627491165,0.3776450627491165,STRUCTURAL_IRIS,63,-3,82,0.3228085089254396,0.0747335319297733,False,False,False,True,0.7232475002465865,0.7232475002465865,0,False,0,,True,14,8,7,1,0.8,False,0.3776450627491165,0.3776450627491165,0.3776450627491165,0.7232475002465865,2025-06-17,2025-06-24,True,2,False,1.0,0.3776450627491165,False,52,10,3,7,-4,0.0657567518902454,False,True,False,False,0.3776450627491165,"{""COT_FRESH"": 0.018491776411362508, ""FRESH_OR_CONSENSUS"": 0.018491776411362508, ""HELIOS_CONSENSUS"": 0.8315029433967842, ""KEEP"": 0.06575675189024544, ""OPAL_ALL"": 0.06575675189024544}","{""COT_FRESH"": -1.0, ""FRESH_OR_CONSENSUS"": -1.0, ""HELIOS_CONSENSUS"": 2.0, ""KEEP"": 0.0, ""OPAL_ALL"": 0.0}",False,False,0.3776450627491165
2025-06-30,2025-07-01,2025-07-03,2025,2025-07,1,0.0219556897411934,0.6994094419808466,0.6788118675830723,0.6994094419808466,0.6994094419808466,0.6994094419808466,STRUCTURAL_IRIS,63,-4,83,0.3015801702588838,0.0519864217720098,False,False,False,False,0.6994094419808466,0.5229920268466229,0,False,1,,True,14,8,7,1,0.8,False,0.6994094419808466,0.6994094419808466,0.6994094419808466,0.5229920268466229,2025-06-17,2025-06-24,False,0,False,,0.6994094419808466,False,52,10,3,7,-4,0.0657567518902454,False,False,False,False,0.6994094419808466,"{""COT_FRESH"": 0.018491776411362508, ""FRESH_OR_CONSENSUS"": 0.018491776411362508, ""HELIOS_CONSENSUS"": 0.8315029433967842, ""KEEP"": 0.06575675189024544, ""OPAL_ALL"": 0.06575675189024544}","{""COT_FRESH"": -1.0, ""FRESH_OR_CONSENSUS"": -1.0, ""HELIOS_CONSENSUS"": 2.0, ""KEEP"": 0.0, ""OPAL_ALL"": 0.0}",False,False,0.6994094419808466
2025-07-01,2025-07-02,2025-07-04,2025,2025-07,0,-0.0028306780323148,0.4511648204962741,0.5552542661254709,0.4511648204962741,0.4511648204962741,0.4511648204962741,STRUCTURAL_IRIS,63,-4,83,0.3015801702588838,0.0519864217720098,True,False,False,True,0.8190615251696495,0.8190615251696495,1,True,0,0.0,True,14,8,7,1,0.8,True,0.5488351795037258,0.5293011077022355,0.8,0.8190615251696495,2025-06-24,2025-07-01,True,1,True,0.0,0.5488351795037258,False,52,10,3,7,-4,0.9342432481097546,True,False,False,True,0.8,"{""COT_FRESH"": 0.018491776411362508, ""FRESH_OR_CONSENSUS"": 0.018491776411362508, ""HELIOS_CONSENSUS"": 0.8315029433967842, ""KEEP"": 0.06575675189024544, ""OPAL_ALL"": 0.06575675189024544}","{""COT_FRESH"": -1.0, ""FRESH_OR_CONSENSUS"": -1.0, ""HELIOS_CONSENSUS"": 2.0, ""KEEP"": 0.0, ""OPAL_ALL"": 0.0}",False,True,0.8
2025-07-02,2025-07-03,2025-07-07,2025,2025-07,0,-0.0097826049169539,0.6801999699516412,0.7075912459577747,0.6801999699516412,0.6801999699516412,0.6801999699516412,STRUCTURAL_IRIS,63,-4,83,0.3015801702588838,0.0519864217720098,False,False,False,False,0.6801999699516412,0.3919475885157762,0,False,1,,True,14,8,7,1,0.8,False,0.6801999699516412,0.6801999699516412,0.6801999699516412,0.3919475885157762,2025-06-24,2025-07-01,False,0,False,,0.6801999699516412,False,53,10,4,6,-2,0.4469782331860116,False,False,False,False,0.6801999699516412,"{""COT_FRESH"": 0.0353478445426589, ""FRESH_OR_CONSENSUS"": 0.0353478445426589, ""HELIOS_CONSENSUS"": 0.44697823318601165, ""KEEP"": 0.0353478445426589, ""OPAL_ALL"": 0.44697823318601165}","{""COT_FRESH"": 0.0, ""FRESH_OR_CONSENSUS"": 0.0, ""HELIOS_CONSENSUS"": 2.0, ""KEEP"": 0.0, ""OPAL_ALL"": 2.0}",False,False,0.6801999699516412
2025-07-03,2025-07-04,2025-07-08,2025,2025-07,0,-0.008318081607495,0.2125605904109782,0.2699698970380568,0.2125605904109782,0.2125605904109782,0.2125605904109782,STRUCTURAL_IRIS,63,-4,83,0.3015801702588838,0.0519864217720098,False,False,False,False,0.2125605904109782,0.6688709898837397,0,False,0,,True,14,8,7,1,0.8,False,0.2125605904109782,0.2125605904109782,0.2125605904109782,0.6688709898837397,2025-06-24,2025-07-01,False,0,False,,0.2125605904109782,False,53,10,4,6,-2,0.4469782331860116,False,False,False,False,0.2125605904109782,"{""COT_FRESH"": 0.0353478445426589, ""FRESH_OR_CONSENSUS"": 0.0353478445426589, ""HELIOS_CONSENSUS"": 0.44697823318601165, ""KEEP"": 0.0353478445426589, ""OPAL_ALL"": 0.44697823318601165}","{""COT_FRESH"": 0.0, ""FRESH_OR_CONSENSUS"": 0.0, ""HELIOS_CONSENSUS"": 2.0, ""KEEP"": 0.0, ""OPAL_ALL"": 2.0}",False,False,0.2125605904109782
2025-07-04,2025-07-07,2025-07-09,2025,2025-07,0,-0.0137881143854163,0.4454797513325726,0.4873511066562321,0.4454797513325726,0.4454797513325726,0.4454797513325726,STRUCTURAL_IRIS,63,-6,84,0.2826378060623319,0.0381559227820855,False,False,False,True,0.7584566713831583,0.7584566713831583,0,False,0,,True,15,8,6,2,0.7,False,0.4454797513325726,0.4454797513325726,0.4454797513325726,0.7584566713831583,2025-06-24,2025-07-01,True,2,False,0.0,0.4454797513325726,False,53,10,4,6,-2,0.3166397073780623,False,True,False,False,0.4454797513325726,"{""COT_FRESH"": 0.02504043893290647, ""FRESH_OR_CONSENSUS"": 0.02504043893290647, ""HELIOS_CONSENSUS"": 0.3166397073780623, ""KEEP"": 0.3166397073780623, ""OPAL_ALL"": 0.3166397073780623}","{""COT_FRESH"": -2.0, ""FRESH_OR_CONSENSUS"": -2.0, ""HELIOS_CONSENSUS"": 0.0, ""KEEP"": 0.0, ""OPAL_ALL"": 0.0}",False,False,0.4454797513325726
2025-07-07,2025-07-08,2025-07-10,2025,2025-07,1,0.0060464143316681,0.7027096289387487,0.731527111440477,0.7027096289387487,0.7027096289387487,0.7027096289387487,STRUCTURAL_IRIS,63,-6,84,0.2826378060623319,0.0381559227820855,False,False,False,False,0.7027096289387487,0.2864553758725657,0,False,1,,True,15,8,6,2,0.7,False,0.7027096289387487,0.7027096289387487,0.7027096289387487,0.2864553758725657,2025-06-24,2025-07-01,False,0,False,,0.7027096289387487,False,53,10,4,6,-2,0.3166397073780623,False,False,False,False,0.7027096289387487,"{""COT_FRESH"": 0.02504043893290647, ""FRESH_OR_CONSENSUS"": 0.02504043893290647, ""HELIOS_CONSENSUS"": 0.3166397073780623, ""KEEP"": 0.3166397073780623, ""OPAL_ALL"": 0.3166397073780623}","{""COT_FRESH"": -2.0, ""FRESH_OR_CONSENSUS"": -2.0, ""HELIOS_CONSENSUS"": 0.0, ""KEEP"": 0.0, ""OPAL_ALL"": 0.0}",False,False,0.7027096289387487
2025-07-08,2025-07-09,2025-07-11,2025,2025-07,1,0.0041452081642936,0.3418333213208001,0.3089903452971829,0.3418333213208001,0.3418333213208001,0.3418333213208001,STRUCTURAL_IRIS,63,-6,84,0.2826378060623319,0.0381559227820855,False,False,False,True,0.7278249449235327,0.7278249449235327,0,False,0,,True,15,8,6,2,0.7,False,0.3418333213208001,0.3418333213208001,0.3418333213208001,0.7278249449235327,2025-07-01,2025-07-08,True,1,True,1.0,0.3418333213208001,False,53,10,4,6,-2,0.3667205852438752,False,True,False,False,0.3418333213208001,"{""COT_FRESH"": 0.02504043893290647, ""FRESH_OR_CONSENSUS"": 0.02504043893290647, ""HELIOS_CONSENSUS"": 0.3166397073780623, ""KEEP"": 0.3166397073780623, ""OPAL_ALL"": 0.3166397073780623}","{""COT_FRESH"": -2.0, ""FRESH_OR_CONSENSUS"": -2.0, ""HELIOS_CONSENSUS"": 0.0, ""KEEP"": 0.0, ""OPAL_ALL"": 0.0}",False,False,0.3418333213208001
2025-07-09,2025-07-10,2025-07-14,2025,2025-07,1,0.0227022799495893,0.7861645098178865,0.7385039939233888,0.7861645098178865,0.7861645098178865,0.7861645098178865,STRUCTURAL_IRIS,63,-6,84,0.2826378060623319,0.0381559227820855,False,False,False,False,0.7861645098178865,0.3721779594803154,0,False,1,,True,15,8,6,2,0.7,False,0.7861645098178865,0.7861645098178865,0.7861645098178865,0.3721779594803154,2025-07-01,2025-07-08,False,0,False,,0.7861645098178865,False,54,10,4,6,-2,0.0353478445426588,False,False,False,False,0.7861645098178865,"{""COT_FRESH"": 0.03534784454265889, ""FRESH_OR_CONSENSUS"": 0.03534784454265889, ""HELIOS_CONSENSUS"": 0.44697823318601154, ""KEEP"": 0.44697823318601154, ""OPAL_ALL"": 0.03534784454265889}","{""COT_FRESH"": -2.0, ""FRESH_OR_CONSENSUS"": -2.0, ""HELIOS_CONSENSUS"": 0.0, ""KEEP"": 0.0, ""OPAL_ALL"": -2.0}",False,False,0.7861645098178865
2025-07-10,2025-07-11,2025-07-15,2025,2025-07,1,0.0100067396475669,0.5314379054293734,0.5227395240315257,0.5314379054293734,0.5314379054293734,0.5314379054293734,STRUCTURAL_IRIS,63,-6,84,0.2826378060623319,0.0381559227820855,False,False,False,False,0.5314379054293734,0.8303929690184282,0,False,1,,True,15,8,6,2,0.7,False,0.5314379054293734,0.5314379054293734,0.5314379054293734,0.8303929690184282,2025-07-01,2025-07-08,False,0,False,,0.5314379054293734,False,54,10,4,6,-2,0.0353478445426588,False,False,False,False,0.5314379054293734,"{""COT_FRESH"": 0.03534784454265889, ""FRESH_OR_CONSENSUS"": 0.03534784454265889, ""HELIOS_CONSENSUS"": 0.44697823318601154, ""KEEP"": 0.44697823318601154, ""OPAL_ALL"": 0.03534784454265889}","{""COT_FRESH"": -2.0, ""FRESH_OR_CONSENSUS"": -2.0, ""HELIOS_CONSENSUS"": 0.0, ""KEEP"": 0.0, ""OPAL_ALL"": -2.0}",False,False,0.5314379054293734
2025-07-11,2025-07-14,2025-07-16,2025,2025-07,1,0.0010036777389461,0.683001383686535,0.6729931933254107,0.683001383686535,0.683001383686535,0.683001383686535,STRUCTURAL_IRIS,63,-6,84,0.2826378060623319,0.0381559227820855,False,False,False,False,0.683001383686535,0.3924233312213623,0,False,1,,True,15,8,6,2,0.7,False,0.683001383686535,0.683001383686535,0.683001383686535,0.3924233312213623,2025-07-01,2025-07-08,False,0,False,,0.683001383686535,False,55,10,5,5,0,0.2,False,False,False,False,0.683001383686535,"{""COT_FRESH"": 0.2, ""FRESH_OR_CONSENSUS"": 0.2, ""HELIOS_CONSENSUS"": 0.2, ""KEEP"": 0.2, ""OPAL_ALL"": 0.2}","{""COT_FRESH"": 0.0, ""FRESH_OR_CONSENSUS"": 0.0, ""HELIOS_CONSENSUS"": 0.0, ""KEEP"": 0.0, ""OPAL_ALL"": 0.0}",False,False,0.683001383686535
2025-07-14,2025-07-15,2025-07-17,2025,2025-07,0,-0.0102348921556731,0.3794835330960421,0.3201000312941072,0.3794835330960421,0.3794835330960421,0.3794835330960421,STRUCTURAL_IRIS,63,-5,84,0.2826378060623319,0.0381559227820855,False,False,False,True,0.7057567280183427,0.7057567280183427,0,False,0,,True,15,8,6,2,0.7,False,0.3794835330960421,0.3794835330960421,0.3794835330960421,0.7057567280183427,2025-07-01,2025-07-08,True,2,False,0.0,0.3794835330960421,False,55,10,5,5,0,0.2,False,True,False,False,0.3794835330960421,"{""COT_FRESH"": 0.2, ""FRESH_OR_CONSENSUS"": 0.2, ""HELIOS_CONSENSUS"": 0.2, ""KEEP"": 0.2, ""OPAL_ALL"": 0.2}","{""COT_FRESH"": 0.0, ""FRESH_OR_CONSENSUS"": 0.0, ""HELIOS_CONSENSUS"": 0.0, ""KEEP"": 0.0, ""OPAL_ALL"": 0.0}",False,False,0.3794835330960421
2025-07-15,2025-07-16,2025-07-18,2025,2025-07,0,-0.0023543096210733,0.2736667962623362,0.2622035862670931,0.2736667962623362,0.2736667962623362,0.2736667962623362,STRUCTURAL_IRIS,63,-5,84,0.2826378060623319,0.0381559227820855,False,False,False,False,0.2736667962623362,0.5683910234316504,0,False,0,,True,15,8,6,2,0.7,False,0.2736667962623362,0.2736667962623362,0.2736667962623362,0.5683910234316504,2025-07-08,2025-07-15,False,0,False,,0.2736667962623362,False,55,10,5,5,0,0.2,False,False,False,False,0.2736667962623362,"{""COT_FRESH"": 0.2, ""FRESH_OR_CONSENSUS"": 0.2, ""HELIOS_CONSENSUS"": 0.2, ""KEEP"": 0.2, ""OPAL_ALL"": 0.2}","{""COT_FRESH"": 0.0, ""FRESH_OR_CONSENSUS"": 0.0, ""HELIOS_CONSENSUS"": 0.0, ""KEEP"": 0.0, ""OPAL_ALL"": 0.0}",False,False,0.2736667962623362
2025-07-16,2025-07-17,2025-07-21,2025,2025-07,1,0.006923334129971,0.552776808987373,0.527075474113157,0.552776808987373,0.552776808987373,0.552776808987373,STRUCTURAL_IRIS,63,-5,84,0.2826378060623319,0.0381559227820855,True,False,False,False,0.552776808987373,0.6093016603029247,1,False,1,,True,15,8,6,2,0.7,False,0.552776808987373,0.552776808987373,0.552776808987373,0.6093016603029247,2025-07-08,2025-07-15,False,0,False,,0.552776808987373,False,55,10,5,5,0,0.2,False,False,False,False,0.552776808987373,"{""COT_FRESH"": 0.2, ""FRESH_OR_CONSENSUS"": 0.2, ""HELIOS_CONSENSUS"": 0.2, ""KEEP"": 0.2, ""OPAL_ALL"": 0.2}","{""COT_FRESH"": 0.0, ""FRESH_OR_CONSENSUS"": 0.0, ""HELIOS_CONSENSUS"": 0.0, ""KEEP"": 0.0, ""OPAL_ALL"": 0.0}",False,False,0.552776808987373
2025-07-17,2025-07-18,2025-07-22,2025,2025-07,1,0.0167690715569092,0.6749276138634487,0.5917157966862416,0.6749276138634487,0.6749276138634487,0.6749276138634487,STRUCTURAL_IRIS,63,-5,84,0.2826378060623319,0.0381559227820855,False,False,False,False,0.6749276138634487,0.5323122650319522,0,False,1,,True,15,8,6,2,0.7,False,0.6749276138634487,0.6749276138634487,0.6749276138634487,0.5323122650319522,2025-07-08,2025-07-15,False,0,False,,0.6749276138634487,False,56,10,4,6,-2,0.0411300341140528,False,False,False,False,0.6749276138634487,"{""COT_FRESH"": 0.14625839012487948, ""FRESH_OR_CONSENSUS"": 0.14625839012487948, ""HELIOS_CONSENSUS"": 0.14625839012487948, ""KEEP"": 0.5200947955113087, ""OPAL_ALL"": 0.04113003411405281}","{""COT_FRESH"": -1.0, ""FRESH_OR_CONSENSUS"": -1.0, ""HELIOS_CONSENSUS"": -1.0, ""KEEP"": 0.0, ""OPAL_ALL"": -2.0}",False,False,0.6749276138634487
2025-07-18,2025-07-21,2025-07-23,2025,2025-07,1,0.0231661482430736,0.5250510427255733,0.5387783689130797,0.5250510427255733,0.5250510427255733,0.5250510427255733,STRUCTURAL_IRIS,63,-5,84,0.2826378060623319,0.0381559227820855,False,False,False,False,0.5250510427255733,0.6302153245272726,0,False,1,,True,15,8,6,2,0.7,False,0.5250510427255733,0.5250510427255733,0.5250510427255733,0.6302153245272726,2025-07-08,2025-07-15,False,0,False,,0.5250510427255733,False,56,10,4,6,-2,0.0411300341140528,False,False,False,False,0.5250510427255733,"{""COT_FRESH"": 0.14625839012487948, ""FRESH_OR_CONSENSUS"": 0.14625839012487948, ""HELIOS_CONSENSUS"": 0.14625839012487948, ""KEEP"": 0.5200947955113087, ""OPAL_ALL"": 0.04113003411405281}","{""COT_FRESH"": -1.0, ""FRESH_OR_CONSENSUS"": -1.0, ""HELIOS_CONSENSUS"": -1.0, ""KEEP"": 0.0, ""OPAL_ALL"": -2.0}",False,False,0.5250510427255733
2025-07-21,2025-07-22,2025-07-24,2025,2025-07,0,-0.0003123071342947,0.7076320020670391,0.7949750149658711,0.7076320020670391,0.7076320020670391,0.7076320020670391,STRUCTURAL_IRIS,63,-5,84,0.2826378060623319,0.0381559227820855,False,False,False,False,0.7076320020670391,0.2727975323416014,0,False,1,,True,15,8,6,2,0.7,False,0.7076320020670391,0.7076320020670391,0.7076320020670391,0.2727975323416014,2025-07-08,2025-07-15,False,0,False,,0.7076320020670391,False,56,10,4,6,-2,0.0411300341140528,False,False,False,False,0.7076320020670391,"{""COT_FRESH"": 0.14625839012487948, ""FRESH_OR_CONSENSUS"": 0.14625839012487948, ""HELIOS_CONSENSUS"": 0.14625839012487948, ""KEEP"": 0.5200947955113087, ""OPAL_ALL"": 0.04113003411405281}","{""COT_FRESH"": -1.0, ""FRESH_OR_CONSENSUS"": -1.0, ""HELIOS_CONSENSUS"": -1.0, ""KEEP"": 0.0, ""OPAL_ALL"": -2.0}",False,False,0.7076320020670391
2025-07-22,2025-07-23,2025-07-25,2025,2025-07,0,-0.0115862381634523,0.7791383757159717,0.8083002452882232,0.7791383757159717,0.7791383757159717,0.7791383757159717,STRUCTURAL_IRIS,63,-5,84,0.2826378060623319,0.0381559227820855,False,False,False,False,0.7791383757159717,0.271612710369131,0,False,1,,True,15,8,6,2,0.7,False,0.7791383757159717,0.7791383757159717,0.7791383757159717,0.271612710369131,2025-07-15,2025-07-22,False,0,False,,0.7791383757159717,False,56,10,4,6,-2,0.0411300341140528,False,False,False,False,0.7791383757159717,"{""COT_FRESH"": 0.14625839012487948, ""FRESH_OR_CONSENSUS"": 0.14625839012487948, ""HELIOS_CONSENSUS"": 0.14625839012487948, ""KEEP"": 0.5200947955113087, ""OPAL_ALL"": 0.04113003411405281}","{""COT_FRESH"": -1.0, ""FRESH_OR_CONSENSUS"": -1.0, ""HELIOS_CONSENSUS"": -1.0, ""KEEP"": 0.0, ""OPAL_ALL"": -2.0}",False,False,0.7791383757159717
2025-07-23,2025-07-24,2025-07-28,2025,2025-07,0,-0.0271722524378878,0.1816108251440307,0.2422217659278286,0.1816108251440307,0.1816108251440307,0.1816108251440307,STRUCTURAL_IRIS,63,-5,84,0.2826378060623319,0.0381559227820855,False,False,False,False,0.1816108251440307,0.5570223845301299,0,False,0,,True,15,8,6,2,0.7,False,0.1816108251440307,0.1816108251440307,0.1816108251440307,0.5570223845301299,2025-07-15,2025-07-22,False,0,False,,0.1816108251440307,False,56,10,4,6,-2,0.0411300341140528,False,False,False,False,0.1816108251440307,"{""COT_FRESH"": 0.14625839012487948, ""FRESH_OR_CONSENSUS"": 0.14625839012487948, ""HELIOS_CONSENSUS"": 0.14625839012487948, ""KEEP"": 0.5200947955113087, ""OPAL_ALL"": 0.04113003411405281}","{""COT_FRESH"": -1.0, ""FRESH_OR_CONSENSUS"": -1.0, ""HELIOS_CONSENSUS"": -1.0, ""KEEP"": 0.0, ""OPAL_ALL"": -2.0}",False,False,0.1816108251440307
2025-07-24,2025-07-25,2025-07-29,2025,2025-07,0,-0.0109325030205784,0.4080310945560454,0.4799505028958781,0.4080310945560454,0.4080310945560454,0.4080310945560454,STRUCTURAL_IRIS,63,-5,84,0.2826378060623319,0.0381559227820855,False,False,False,True,0.842343792905336,0.842343792905336,0,False,0,,True,15,8,6,2,0.7,False,0.4080310945560454,0.4080310945560454,0.4080310945560454,0.842343792905336,2025-07-15,2025-07-22,True,1,True,0.0,0.4080310945560454,False,56,10,4,6,-2,0.3336468143638118,False,True,False,False,0.4080310945560454,"{""COT_FRESH"": 0.14625839012487948, ""FRESH_OR_CONSENSUS"": 0.14625839012487948, ""HELIOS_CONSENSUS"": 0.14625839012487948, ""KEEP"": 0.5200947955113087, ""OPAL_ALL"": 0.04113003411405281}","{""COT_FRESH"": -1.0, ""FRESH_OR_CONSENSUS"": -1.0, ""HELIOS_CONSENSUS"": -1.0, ""KEEP"": 0.0, ""OPAL_ALL"": -2.0}",False,False,0.4080310945560454
2025-07-25,2025-07-28,2025-07-30,2025,2025-07,0,-0.0044622208416309,0.5199852749354672,0.539773048123137,0.5199852749354672,0.5199852749354672,0.5199852749354672,STRUCTURAL_IRIS,63,-5,84,0.2826378060623319,0.0381559227820855,True,False,False,False,0.5199852749354672,0.6289407724326929,1,False,1,,True,15,8,6,2,0.7,False,0.5199852749354672,0.5199852749354672,0.5199852749354672,0.6289407724326929,2025-07-15,2025-07-22,False,0,False,,0.5199852749354672,False,56,10,4,6,-2,0.0411300341140528,False,False,False,False,0.5199852749354672,"{""COT_FRESH"": 0.14625839012487948, ""FRESH_OR_CONSENSUS"": 0.14625839012487948, ""HELIOS_CONSENSUS"": 0.14625839012487948, ""KEEP"": 0.5200947955113087, ""OPAL_ALL"": 0.04113003411405281}","{""COT_FRESH"": -1.0, ""FRESH_OR_CONSENSUS"": -1.0, ""HELIOS_CONSENSUS"": -1.0, ""KEEP"": 0.0, ""OPAL_ALL"": -2.0}",False,False,0.5199852749354672
2025-07-28,2025-07-29,2025-07-31,2025,2025-07,0,-0.0094507851657965,0.322887740609083,0.3615986850780761,0.322887740609083,0.322887740609083,0.322887740609083,STRUCTURAL_IRIS,63,-5,84,0.2826378060623319,0.0381559227820855,False,False,False,True,0.7564290921797604,0.7564290921797604,0,False,0,,True,15,8,6,2,0.7,False,0.322887740609083,0.322887740609083,0.322887740609083,0.7564290921797604,2025-07-15,2025-07-22,True,2,False,0.0,0.322887740609083,False,56,10,4,6,-2,0.0411300341140528,False,True,False,False,0.322887740609083,"{""COT_FRESH"": 0.14625839012487948, ""FRESH_OR_CONSENSUS"": 0.14625839012487948, ""HELIOS_CONSENSUS"": 0.14625839012487948, ""KEEP"": 0.5200947955113087, ""OPAL_ALL"": 0.04113003411405281}","{""COT_FRESH"": -1.0, ""FRESH_OR_CONSENSUS"": -1.0, ""HELIOS_CONSENSUS"": -1.0, ""KEEP"": 0.0, ""OPAL_ALL"": -2.0}",False,False,0.322887740609083
2025-07-29,2025-07-30,2025-08-01,2025,2025-07,0,-0.0090938556275445,0.5068553074904174,0.5366157221697033,0.5068553074904174,0.5068553074904174,0.5068553074904174,STRUCTURAL_IRIS,63,-5,84,0.2826378060623319,0.0381559227820855,False,False,False,False,0.5068553074904174,0.6410135441390143,0,False,1,,True,15,8,6,2,0.7,False,0.5068553074904174,0.5068553074904174,0.5068553074904174,0.6410135441390143,2025-07-22,2025-07-29,False,0,False,,0.5068553074904174,False,57,10,4,6,-2,0.0046953314834358,False,False,False,False,0.5068553074904174,"{""COT_FRESH"": 0.016696597478273314, ""FRESH_OR_CONSENSUS"": 0.016696597478273314, ""HELIOS_CONSENSUS"": 0.21113071355878618, ""KEEP"": 0.7507807600012312, ""OPAL_ALL"": 0.004695331483435847}","{""COT_FRESH"": -3.0, ""FRESH_OR_CONSENSUS"": -3.0, ""HELIOS_CONSENSUS"": -1.0, ""KEEP"": 0.0, ""OPAL_ALL"": -4.0}",False,False,0.5068553074904174
2025-07-30,2025-07-31,2025-08-04,2025,2025-07,1,0.0081755116652186,0.1428707700447254,0.1603769330349539,0.1428707700447254,0.1428707700447254,0.1428707700447254,STRUCTURAL_IRIS,63,-5,84,0.2826378060623319,0.0381559227820855,False,False,False,False,0.1428707700447254,0.62935084085469,0,False,0,,True,15,8,6,2,0.7,False,0.1428707700447254,0.1428707700447254,0.1428707700447254,0.62935084085469,2025-07-22,2025-07-29,False,0,False,,0.1428707700447254,False,57,10,4,6,-2,0.0046953314834358,False,False,False,False,0.1428707700447254,"{""COT_FRESH"": 0.016696597478273314, ""FRESH_OR_CONSENSUS"": 0.016696597478273314, ""HELIOS_CONSENSUS"": 0.21113071355878618, ""KEEP"": 0.7507807600012312, ""OPAL_ALL"": 0.004695331483435847}","{""COT_FRESH"": -3.0, ""FRESH_OR_CONSENSUS"": -3.0, ""HELIOS_CONSENSUS"": -1.0, ""KEEP"": 0.0, ""OPAL_ALL"": -4.0}",False,False,0.1428707700447254
2025-07-31,2025-08-01,2025-08-05,2025,2025-08,1,0.0169268139871317,0.2359825606550345,0.3873154433669044,0.2359825606550345,0.2359825606550345,0.2359825606550345,STRUCTURAL_IRIS,63,-5,84,0.2826378060623319,0.0381559227820855,False,False,False,False,0.2359825606550345,0.6608729373333122,0,False,0,,True,15,8,6,2,0.7,False,0.2359825606550345,0.2359825606550345,0.2359825606550345,0.6608729373333122,2025-07-22,2025-07-29,False,0,False,,0.2359825606550345,False,58,10,3,7,-4,0.0043260869923675,False,False,False,False,0.2359825606550345,"{""COT_FRESH"": 0.054703949999661695, ""FRESH_OR_CONSENSUS"": 0.054703949999661695, ""HELIOS_CONSENSUS"": 0.19452723132288302, ""KEEP"": 0.691738781685426, ""OPAL_ALL"": 0.0043260869923675335}","{""COT_FRESH"": -2.0, ""FRESH_OR_CONSENSUS"": -2.0, ""HELIOS_CONSENSUS"": -1.0, ""KEEP"": 0.0, ""OPAL_ALL"": -4.0}",False,False,0.2359825606550345
2025-08-01,2025-08-04,2025-08-06,2025,2025-08,1,0.0203684042327494,0.893440976700198,0.9190943503770906,0.893440976700198,0.893440976700198,0.893440976700198,STRUCTURAL_IRIS,63,-5,84,0.2826378060623319,0.0381559227820855,False,False,False,False,0.893440976700198,0.2545773825053868,0,False,1,,True,15,8,6,2,0.7,False,0.893440976700198,0.893440976700198,0.893440976700198,0.2545773825053868,2025-07-22,2025-07-29,False,0,False,,0.893440976700198,False,58,10,3,7,-4,0.0043260869923675,False,False,False,False,0.893440976700198,"{""COT_FRESH"": 0.054703949999661695, ""FRESH_OR_CONSENSUS"": 0.054703949999661695, ""HELIOS_CONSENSUS"": 0.19452723132288302, ""KEEP"": 0.691738781685426, ""OPAL_ALL"": 0.0043260869923675335}","{""COT_FRESH"": -2.0, ""FRESH_OR_CONSENSUS"": -2.0, ""HELIOS_CONSENSUS"": -1.0, ""KEEP"": 0.0, ""OPAL_ALL"": -4.0}",False,False,0.893440976700198
2025-08-04,2025-08-05,2025-08-07,2025,2025-08,1,0.0050185702955709,0.6420473860256213,0.6845493336335396,0.6420473860256213,0.6420473860256213,0.6420473860256213,STRUCTURAL_IRIS,63,-5,84,0.2826378060623319,0.0381559227820855,False,False,False,False,0.6420473860256213,0.3809529893613184,0,False,1,,True,15,8,6,2,0.7,False,0.6420473860256213,0.6420473860256213,0.6420473860256213,0.3809529893613184,2025-07-22,2025-07-29,False,0,False,,0.6420473860256213,False,58,10,3,7,-4,0.0043260869923675,False,False,False,False,0.6420473860256213,"{""COT_FRESH"": 0.054703949999661695, ""FRESH_OR_CONSENSUS"": 0.054703949999661695, ""HELIOS_CONSENSUS"": 0.19452723132288302, ""KEEP"": 0.691738781685426, ""OPAL_ALL"": 0.0043260869923675335}","{""COT_FRESH"": -2.0, ""FRESH_OR_CONSENSUS"": -2.0, ""HELIOS_CONSENSUS"": -1.0, ""KEEP"": 0.0, ""OPAL_ALL"": -4.0}",False,False,0.6420473860256213
2025-08-05,2025-08-06,2025-08-08,2025,2025-08,1,0.0100143581008314,0.5190357865375994,0.6243390338791363,0.5190357865375994,0.5190357865375994,0.5190357865375994,STRUCTURAL_IRIS,63,-5,84,0.2826378060623319,0.0381559227820855,False,False,False,False,0.5190357865375994,0.4785244296124936,0,False,1,,True,15,8,6,2,0.7,False,0.5190357865375994,0.5190357865375994,0.5190357865375994,0.4785244296124936,2025-07-29,2025-08-05,False,0,False,,0.5190357865375994,False,58,10,3,7,-4,0.0043260869923675,False,False,False,False,0.5190357865375994,"{""COT_FRESH"": 0.054703949999661695, ""FRESH_OR_CONSENSUS"": 0.054703949999661695, ""HELIOS_CONSENSUS"": 0.19452723132288302, ""KEEP"": 0.691738781685426, ""OPAL_ALL"": 0.0043260869923675335}","{""COT_FRESH"": -2.0, ""FRESH_OR_CONSENSUS"": -2.0, ""HELIOS_CONSENSUS"": -1.0, ""KEEP"": 0.0, ""OPAL_ALL"": -4.0}",False,False,0.5190357865375994
2025-08-06,2025-08-07,2025-08-11,2025,2025-08,0,-0.0013688848703449,0.5055213083451815,0.5368750716037592,0.5055213083451815,0.5055213083451815,0.5055213083451815,STRUCTURAL_IRIS,63,-5,84,0.2826378060623319,0.0381559227820855,False,False,False,False,0.5055213083451815,0.5606836848630111,0,False,1,,True,15,8,6,2,0.7,False,0.5055213083451815,0.5055213083451815,0.5055213083451815,0.5606836848630111,2025-07-29,2025-08-05,False,0,False,,0.5055213083451815,False,58,10,3,7,-4,0.0043260869923675,False,False,False,False,0.5055213083451815,"{""COT_FRESH"": 0.054703949999661695, ""FRESH_OR_CONSENSUS"": 0.054703949999661695, ""HELIOS_CONSENSUS"": 0.19452723132288302, ""KEEP"": 0.691738781685426, ""OPAL_ALL"": 0.0043260869923675335}","{""COT_FRESH"": -2.0, ""FRESH_OR_CONSENSUS"": -2.0, ""HELIOS_CONSENSUS"": -1.0, ""KEEP"": 0.0, ""OPAL_ALL"": -4.0}",False,False,0.5055213083451815
2025-08-07,2025-08-08,2025-08-12,2025,2025-08,0,-0.0084480312060621,0.7293214105322086,0.620545669801209,0.7293214105322086,0.7293214105322086,0.7293214105322086,STRUCTURAL_IRIS,63,-5,84,0.2826378060623319,0.0381559227820855,False,False,False,False,0.7293214105322086,0.4334408537058181,0,False,1,,True,15,8,6,2,0.7,False,0.7293214105322086,0.7293214105322086,0.7293214105322086,0.4334408537058181,2025-07-29,2025-08-05,False,0,False,,0.7293214105322086,False,58,10,3,7,-4,0.0043260869923675,False,False,False,False,0.7293214105322086,"{""COT_FRESH"": 0.054703949999661695, ""FRESH_OR_CONSENSUS"": 0.054703949999661695, ""HELIOS_CONSENSUS"": 0.19452723132288302, ""KEEP"": 0.691738781685426, ""OPAL_ALL"": 0.0043260869923675335}","{""COT_FRESH"": -2.0, ""FRESH_OR_CONSENSUS"": -2.0, ""HELIOS_CONSENSUS"": -1.0, ""KEEP"": 0.0, ""OPAL_ALL"": -4.0}",False,False,0.7293214105322086
2025-08-08,2025-08-11,2025-08-13,2025,2025-08,0,-0.0103712195085708,0.5859691078442205,0.5273501362445554,0.5859691078442205,0.5859691078442205,0.5859691078442205,STRUCTURAL_IRIS,63,-5,84,0.2826378060623319,0.0381559227820855,False,False,False,False,0.5859691078442205,0.7626941492005482,0,False,1,,True,15,8,6,2,0.7,False,0.5859691078442205,0.5859691078442205,0.5859691078442205,0.7626941492005482,2025-07-29,2025-08-05,False,0,False,,0.5859691078442205,False,58,10,3,7,-4,0.0043260869923675,False,False,False,False,0.5859691078442205,"{""COT_FRESH"": 0.054703949999661695, ""FRESH_OR_CONSENSUS"": 0.054703949999661695, ""HELIOS_CONSENSUS"": 0.19452723132288302, ""KEEP"": 0.691738781685426, ""OPAL_ALL"": 0.0043260869923675335}","{""COT_FRESH"": -2.0, ""FRESH_OR_CONSENSUS"": -2.0, ""HELIOS_CONSENSUS"": -1.0, ""KEEP"": 0.0, ""OPAL_ALL"": -4.0}",False,False,0.5859691078442205
2025-08-11,2025-08-12,2025-08-14,2025,2025-08,0,-0.0004169893430292,0.4536653124846186,0.3590180875741574,0.4536653124846186,0.4536653124846186,0.4536653124846186,STRUCTURAL_IRIS,63,-5,84,0.2826378060623319,0.0381559227820855,False,False,False,False,0.4536653124846186,0.6787929504390336,0,False,0,,True,15,8,6,2,0.7,False,0.4536653124846186,0.4536653124846186,0.4536653124846186,0.6787929504390336,2025-07-29,2025-08-05,False,0,False,,0.4536653124846186,False,58,10,3,7,-4,0.0043260869923675,False,False,False,False,0.4536653124846186,"{""COT_FRESH"": 0.054703949999661695, ""FRESH_OR_CONSENSUS"": 0.054703949999661695, ""HELIOS_CONSENSUS"": 0.19452723132288302, ""KEEP"": 0.691738781685426, ""OPAL_ALL"": 0.0043260869923675335}","{""COT_FRESH"": -2.0, ""FRESH_OR_CONSENSUS"": -2.0, ""HELIOS_CONSENSUS"": -1.0, ""KEEP"": 0.0, ""OPAL_ALL"": -4.0}",False,False,0.4536653124846186
2025-08-12,2025-08-13,2025-08-15,2025,2025-08,0,-0.0009563801742137,0.6093402034828015,0.4595766573653731,0.6093402034828015,0.6093402034828015,0.6093402034828015,STRUCTURAL_IRIS,63,-5,84,0.2826378060623319,0.0381559227820855,False,False,False,False,0.6093402034828015,0.7249763857057601,0,False,1,,True,15,8,6,2,0.7,False,0.6093402034828015,0.6093402034828015,0.6093402034828015,0.7249763857057601,2025-08-05,2025-08-12,False,0,False,,0.6093402034828015,False,58,10,3,7,-4,0.0043260869923675,False,False,False,False,0.6093402034828015,"{""COT_FRESH"": 0.054703949999661695, ""FRESH_OR_CONSENSUS"": 0.054703949999661695, ""HELIOS_CONSENSUS"": 0.19452723132288302, ""KEEP"": 0.691738781685426, ""OPAL_ALL"": 0.0043260869923675335}","{""COT_FRESH"": -2.0, ""FRESH_OR_CONSENSUS"": -2.0, ""HELIOS_CONSENSUS"": -1.0, ""KEEP"": 0.0, ""OPAL_ALL"": -4.0}",False,False,0.6093402034828015
2025-08-13,2025-08-14,2025-08-18,2025,2025-08,0,-0.0040533547784233,0.6726995202616539,0.569798901878767,0.6726995202616539,0.6726995202616539,0.6726995202616539,STRUCTURAL_IRIS,63,-4,84,0.2826378060623319,0.0381559227820855,False,False,False,False,0.6726995202616539,0.5697868614998229,0,False,1,,True,15,8,6,2,0.7,False,0.6726995202616539,0.6726995202616539,0.6726995202616539,0.5697868614998229,2025-08-05,2025-08-12,False,0,False,,0.6726995202616539,False,58,10,3,7,-4,0.0043260869923675,False,False,False,False,0.6726995202616539,"{""COT_FRESH"": 0.054703949999661695, ""FRESH_OR_CONSENSUS"": 0.054703949999661695, ""HELIOS_CONSENSUS"": 0.19452723132288302, ""KEEP"": 0.691738781685426, ""OPAL_ALL"": 0.0043260869923675335}","{""COT_FRESH"": -2.0, ""FRESH_OR_CONSENSUS"": -2.0, ""HELIOS_CONSENSUS"": -1.0, ""KEEP"": 0.0, ""OPAL_ALL"": -4.0}",False,False,0.6726995202616539
2025-08-14,2025-08-15,2025-08-19,2025,2025-08,0,-0.0056164817674741,0.4910243714588274,0.4222938835811586,0.4910243714588274,0.4910243714588274,0.4910243714588274,STRUCTURAL_IRIS,63,-4,84,0.2826378060623319,0.0381559227820855,False,False,False,False,0.4910243714588274,0.6398411362695792,0,False,0,,True,15,8,6,2,0.7,False,0.4910243714588274,0.4910243714588274,0.4910243714588274,0.6398411362695792,2025-08-05,2025-08-12,False,0,False,,0.4910243714588274,False,58,10,3,7,-4,0.0043260869923675,False,False,False,False,0.4910243714588274,"{""COT_FRESH"": 0.054703949999661695, ""FRESH_OR_CONSENSUS"": 0.054703949999661695, ""HELIOS_CONSENSUS"": 0.19452723132288302, ""KEEP"": 0.691738781685426, ""OPAL_ALL"": 0.0043260869923675335}","{""COT_FRESH"": -2.0, ""FRESH_OR_CONSENSUS"": -2.0, ""HELIOS_CONSENSUS"": -1.0, ""KEEP"": 0.0, ""OPAL_ALL"": -4.0}",False,False,0.4910243714588274
2025-08-15,2025-08-18,2025-08-20,2025,2025-08,0,-0.0051262178326905,0.5696853766122989,0.4712935794253575,0.5696853766122989,0.5696853766122989,0.5696853766122989,STRUCTURAL_IRIS,63,-3,85,0.3623630164605183,0.1375994902360284,False,False,False,False,0.5696853766122989,0.6940521345171182,0,False,1,,True,15,8,6,2,0.7,False,0.5696853766122989,0.5696853766122989,0.5696853766122989,0.6940521345171182,2025-08-05,2025-08-12,False,0,False,,0.5696853766122989,False,58,10,3,7,-4,0.0043260869923675,False,False,False,False,0.5696853766122989,"{""COT_FRESH"": 0.054703949999661695, ""FRESH_OR_CONSENSUS"": 0.054703949999661695, ""HELIOS_CONSENSUS"": 0.19452723132288302, ""KEEP"": 0.691738781685426, ""OPAL_ALL"": 0.0043260869923675335}","{""COT_FRESH"": -2.0, ""FRESH_OR_CONSENSUS"": -2.0, ""HELIOS_CONSENSUS"": -1.0, ""KEEP"": 0.0, ""OPAL_ALL"": -4.0}",False,False,0.5696853766122989
2025-08-18,2025-08-19,2025-08-21,2025,2025-08,0,-0.0026165696021149,0.5479032981861266,0.4134885149766791,0.5479032981861266,0.5479032981861266,0.5479032981861266,STRUCTURAL_IRIS,63,-3,85,0.3623630164605183,0.1375994902360284,False,False,False,False,0.5479032981861266,0.3811024853860553,0,False,1,,True,15,8,6,2,0.7,False,0.5479032981861266,0.5479032981861266,0.5479032981861266,0.3811024853860553,2025-08-05,2025-08-12,False,0,False,,0.5479032981861266,False,58,10,3,7,-4,0.0043260869923675,False,False,False,False,0.5479032981861266,"{""COT_FRESH"": 0.054703949999661695, ""FRESH_OR_CONSENSUS"": 0.054703949999661695, ""HELIOS_CONSENSUS"": 0.19452723132288302, ""KEEP"": 0.691738781685426, ""OPAL_ALL"": 0.0043260869923675335}","{""COT_FRESH"": -2.0, ""FRESH_OR_CONSENSUS"": -2.0, ""HELIOS_CONSENSUS"": -1.0, ""KEEP"": 0.0, ""OPAL_ALL"": -4.0}",False,False,0.5479032981861266
2025-08-19,2025-08-20,2025-08-22,2025,2025-08,0,-0.0028501586880361,0.4976278564963428,0.3598047055852458,0.4976278564963428,0.4976278564963428,0.4976278564963428,STRUCTURAL_IRIS,63,-4,85,0.3623630164605183,0.1375994902360284,False,False,False,False,0.4976278564963428,0.4232072255418851,0,False,0,,True,15,8,6,2,0.7,False,0.4976278564963428,0.4976278564963428,0.4976278564963428,0.4232072255418851,2025-08-12,2025-08-19,False,0,False,,0.4976278564963428,False,58,10,3,7,-4,0.0043260869923675,False,False,False,False,0.4976278564963428,"{""COT_FRESH"": 0.054703949999661695, ""FRESH_OR_CONSENSUS"": 0.054703949999661695, ""HELIOS_CONSENSUS"": 0.19452723132288302, ""KEEP"": 0.691738781685426, ""OPAL_ALL"": 0.0043260869923675335}","{""COT_FRESH"": -2.0, ""FRESH_OR_CONSENSUS"": -2.0, ""HELIOS_CONSENSUS"": -1.0, ""KEEP"": 0.0, ""OPAL_ALL"": -4.0}",False,False,0.4976278564963428
2025-08-20,2025-08-21,2025-08-26,2025,2025-08,1,0.0136267714571582,0.7434615572987097,0.7084415007616656,0.7434615572987097,0.7434615572987097,0.7434615572987097,STRUCTURAL_IRIS,63,-3,86,0.4516828581003131,0.2945698830872993,False,False,False,False,0.7434615572987097,0.2942603017596529,0,False,1,,True,15,8,6,2,0.7,False,0.7434615572987097,0.7434615572987097,0.7434615572987097,0.2942603017596529,2025-08-12,2025-08-19,False,0,False,,0.7434615572987097,False,58,10,3,7,-4,0.0043260869923675,False,False,False,False,0.7434615572987097,"{""COT_FRESH"": 0.054703949999661695, ""FRESH_OR_CONSENSUS"": 0.054703949999661695, ""HELIOS_CONSENSUS"": 0.19452723132288302, ""KEEP"": 0.691738781685426, ""OPAL_ALL"": 0.0043260869923675335}","{""COT_FRESH"": -2.0, ""FRESH_OR_CONSENSUS"": -2.0, ""HELIOS_CONSENSUS"": -1.0, ""KEEP"": 0.0, ""OPAL_ALL"": -4.0}",False,False,0.7434615572987097
2025-08-21,2025-08-22,2025-08-27,2025,2025-08,1,0.0125566991412207,0.6137692048026729,0.5139460376838956,0.6137692048026729,0.6137692048026729,0.6137692048026729,STRUCTURAL_IRIS,63,-2,87,0.5554282882545558,0.4912558553669594,False,False,False,False,0.6137692048026729,0.759376839068794,0,False,1,,True,15,8,6,2,0.7,False,0.6137692048026729,0.6137692048026729,0.6137692048026729,0.759376839068794,2025-08-12,2025-08-19,False,0,False,,0.6137692048026729,False,58,10,3,7,-4,0.0043260869923675,False,False,False,False,0.6137692048026729,"{""COT_FRESH"": 0.054703949999661695, ""FRESH_OR_CONSENSUS"": 0.054703949999661695, ""HELIOS_CONSENSUS"": 0.19452723132288302, ""KEEP"": 0.691738781685426, ""OPAL_ALL"": 0.0043260869923675335}","{""COT_FRESH"": -2.0, ""FRESH_OR_CONSENSUS"": -2.0, ""HELIOS_CONSENSUS"": -1.0, ""KEEP"": 0.0, ""OPAL_ALL"": -4.0}",False,False,0.6137692048026729
2025-08-22,2025-08-26,2025-08-28,2025,2025-08,1,0.0206511706173538,0.8869052021186389,0.8074372380775189,0.8869052021186389,0.8869052021186389,0.8869052021186389,STRUCTURAL_IRIS,63,-1,87,0.5554282882545558,0.4912558553669594,False,False,False,False,0.8869052021186389,0.3505206046261127,0,False,1,,True,15,8,6,2,0.7,False,0.8869052021186389,0.8869052021186389,0.8869052021186389,0.3505206046261127,2025-08-12,2025-08-19,False,0,False,,0.8869052021186389,False,58,10,3,7,-4,0.0043260869923675,False,False,False,False,0.8869052021186389,"{""COT_FRESH"": 0.054703949999661695, ""FRESH_OR_CONSENSUS"": 0.054703949999661695, ""HELIOS_CONSENSUS"": 0.19452723132288302, ""KEEP"": 0.691738781685426, ""OPAL_ALL"": 0.0043260869923675335}","{""COT_FRESH"": -2.0, ""FRESH_OR_CONSENSUS"": -2.0, ""HELIOS_CONSENSUS"": -1.0, ""KEEP"": 0.0, ""OPAL_ALL"": -4.0}",False,False,0.8869052021186389
2025-08-26,2025-08-27,2025-08-29,2025,2025-08,1,0.0102059761468641,0.7507006052278153,0.6700919932857291,0.7507006052278153,0.7507006052278153,0.7507006052278153,STRUCTURAL_IRIS,63,-1,87,0.5554282882545558,0.4912558553669594,False,False,False,False,0.7507006052278153,0.3112308215117584,0,False,1,,True,15,8,6,2,0.7,False,0.7507006052278153,0.7507006052278153,0.7507006052278153,0.3112308215117584,2025-08-19,2025-08-26,False,0,False,,0.7507006052278153,False,58,10,3,7,-4,0.0043260869923675,False,False,False,False,0.7507006052278153,"{""COT_FRESH"": 0.054703949999661695, ""FRESH_OR_CONSENSUS"": 0.054703949999661695, ""HELIOS_CONSENSUS"": 0.19452723132288302, ""KEEP"": 0.691738781685426, ""OPAL_ALL"": 0.0043260869923675335}","{""COT_FRESH"": -2.0, ""FRESH_OR_CONSENSUS"": -2.0, ""HELIOS_CONSENSUS"": -1.0, ""KEEP"": 0.0, ""OPAL_ALL"": -4.0}",False,False,0.7507006052278153
2025-08-27,2025-08-28,2025-09-01,2025,2025-08,1,0.0253710310866771,0.7100956113586258,0.6742131923489535,0.7100956113586258,0.7100956113586258,0.7100956113586258,STRUCTURAL_IRIS,63,-1,87,0.5554282882545558,0.4912558553669594,False,False,False,False,0.7100956113586258,0.3039040579077685,0,False,1,,True,15,8,6,2,0.7,False,0.7100956113586258,0.7100956113586258,0.7100956113586258,0.3039040579077685,2025-08-19,2025-08-26,False,0,False,,0.7100956113586258,False,58,10,3,7,-4,0.0043260869923675,False,False,False,False,0.7100956113586258,"{""COT_FRESH"": 0.054703949999661695, ""FRESH_OR_CONSENSUS"": 0.054703949999661695, ""HELIOS_CONSENSUS"": 0.19452723132288302, ""KEEP"": 0.691738781685426, ""OPAL_ALL"": 0.0043260869923675335}","{""COT_FRESH"": -2.0, ""FRESH_OR_CONSENSUS"": -2.0, ""HELIOS_CONSENSUS"": -1.0, ""KEEP"": 0.0, ""OPAL_ALL"": -4.0}",False,False,0.7100956113586258
2025-08-28,2025-08-29,2025-09-02,2025,2025-08,1,0.0233145372705996,0.8038195495626294,0.7238858120183805,0.8038195495626294,0.8038195495626294,0.8038195495626294,STRUCTURAL_IRIS,63,0,87,0.5554282882545558,0.4912558553669594,False,False,False,False,0.8038195495626294,0.262914561220173,0,False,1,,True,15,8,6,2,0.7,False,0.8038195495626294,0.8038195495626294,0.8038195495626294,0.262914561220173,2025-08-19,2025-08-26,False,0,False,,0.8038195495626294,False,58,10,3,7,-4,0.0043260869923675,False,False,False,False,0.8038195495626294,"{""COT_FRESH"": 0.054703949999661695, ""FRESH_OR_CONSENSUS"": 0.054703949999661695, ""HELIOS_CONSENSUS"": 0.19452723132288302, ""KEEP"": 0.691738781685426, ""OPAL_ALL"": 0.0043260869923675335}","{""COT_FRESH"": -2.0, ""FRESH_OR_CONSENSUS"": -2.0, ""HELIOS_CONSENSUS"": -1.0, ""KEEP"": 0.0, ""OPAL_ALL"": -4.0}",False,False,0.8038195495626294
2025-08-29,2025-09-01,2025-09-03,2025,2025-09,1,0.0372717526877605,0.867584439677074,0.833504631546321,0.867584439677074,0.867584439677074,0.867584439677074,STRUCTURAL_IRIS,63,0,87,0.5554282882545558,0.4912558553669594,False,False,False,False,0.867584439677074,0.1807494604931395,0,False,1,,True,15,8,6,2,0.7,False,0.867584439677074,0.867584439677074,0.867584439677074,0.1807494604931395,2025-08-19,2025-08-26,False,0,False,,0.867584439677074,False,58,10,3,7,-4,0.0043260869923675,False,False,False,False,0.867584439677074,"{""COT_FRESH"": 0.054703949999661695, ""FRESH_OR_CONSENSUS"": 0.054703949999661695, ""HELIOS_CONSENSUS"": 0.19452723132288302, ""KEEP"": 0.691738781685426, ""OPAL_ALL"": 0.0043260869923675335}","{""COT_FRESH"": -2.0, ""FRESH_OR_CONSENSUS"": -2.0, ""HELIOS_CONSENSUS"": -1.0, ""KEEP"": 0.0, ""OPAL_ALL"": -4.0}",False,False,0.867584439677074
2025-09-01,2025-09-02,2025-09-04,2025,2025-09,1,0.0201626350201707,0.5041592413370969,0.5420842588193661,0.5041592413370969,0.5041592413370969,0.5041592413370969,STRUCTURAL_IRIS,63,0,87,0.5554282882545558,0.4912558553669594,False,False,False,False,0.5041592413370969,0.732659898448732,0,False,1,,True,15,8,6,2,0.7,False,0.5041592413370969,0.5041592413370969,0.5041592413370969,0.732659898448732,2025-08-19,2025-08-26,False,0,False,,0.5041592413370969,False,58,10,3,7,-4,0.0043260869923675,False,False,False,False,0.5041592413370969,"{""COT_FRESH"": 0.054703949999661695, ""FRESH_OR_CONSENSUS"": 0.054703949999661695, ""HELIOS_CONSENSUS"": 0.19452723132288302, ""KEEP"": 0.691738781685426, ""OPAL_ALL"": 0.0043260869923675335}","{""COT_FRESH"": -2.0, ""FRESH_OR_CONSENSUS"": -2.0, ""HELIOS_CONSENSUS"": -1.0, ""KEEP"": 0.0, ""OPAL_ALL"": -4.0}",False,False,0.5041592413370969
2025-09-02,2025-09-03,2025-09-05,2025,2025-09,1,0.0200957435752506,0.872771946622083,0.8722766446284786,0.872771946622083,0.872771946622083,0.872771946622083,STRUCTURAL_IRIS,63,0,87,0.5554282882545558,0.4912558553669594,False,False,False,False,0.872771946622083,0.2186328264675236,0,False,1,,True,15,8,6,2,0.7,False,0.872771946622083,0.872771946622083,0.872771946622083,0.2186328264675236,2025-08-26,2025-09-02,False,0,False,,0.872771946622083,False,58,10,3,7,-4,0.0043260869923675,False,False,False,False,0.872771946622083,"{""COT_FRESH"": 0.054703949999661695, ""FRESH_OR_CONSENSUS"": 0.054703949999661695, ""HELIOS_CONSENSUS"": 0.19452723132288302, ""KEEP"": 0.691738781685426, ""OPAL_ALL"": 0.0043260869923675335}","{""COT_FRESH"": -2.0, ""FRESH_OR_CONSENSUS"": -2.0, ""HELIOS_CONSENSUS"": -1.0, ""KEEP"": 0.0, ""OPAL_ALL"": -4.0}",False,False,0.872771946622083
2025-09-03,2025-09-04,2025-09-08,2025,2025-09,1,0.0205956296327881,0.6281240120082636,0.6645594065057603,0.6281240120082636,0.6281240120082636,0.6281240120082636,STRUCTURAL_IRIS,63,0,87,0.5554282882545558,0.4912558553669594,False,False,False,False,0.6281240120082636,0.3778869561280134,0,False,1,,True,15,8,6,2,0.7,False,0.6281240120082636,0.6281240120082636,0.6281240120082636,0.3778869561280134,2025-08-26,2025-09-02,False,0,False,,0.6281240120082636,False,58,10,3,7,-4,0.0043260869923675,False,False,False,False,0.6281240120082636,"{""COT_FRESH"": 0.054703949999661695, ""FRESH_OR_CONSENSUS"": 0.054703949999661695, ""HELIOS_CONSENSUS"": 0.19452723132288302, ""KEEP"": 0.691738781685426, ""OPAL_ALL"": 0.0043260869923675335}","{""COT_FRESH"": -2.0, ""FRESH_OR_CONSENSUS"": -2.0, ""HELIOS_CONSENSUS"": -1.0, ""KEEP"": 0.0, ""OPAL_ALL"": -4.0}",False,False,0.6281240120082636
2025-09-04,2025-09-05,2025-09-09,2025,2025-09,1,0.0318784770067785,0.4520473657907005,0.5462927278635025,0.4520473657907005,0.4520473657907005,0.4520473657907005,STRUCTURAL_IRIS,63,-1,87,0.5554282882545558,0.4912558553669594,False,False,False,False,0.4520473657907005,0.6060117095341083,0,False,0,,True,15,8,6,2,0.7,False,0.4520473657907005,0.4520473657907005,0.4520473657907005,0.6060117095341083,2025-08-26,2025-09-02,False,0,False,,0.4520473657907005,False,58,10,3,7,-4,0.0043260869923675,False,False,False,False,0.4520473657907005,"{""COT_FRESH"": 0.054703949999661695, ""FRESH_OR_CONSENSUS"": 0.054703949999661695, ""HELIOS_CONSENSUS"": 0.19452723132288302, ""KEEP"": 0.691738781685426, ""OPAL_ALL"": 0.0043260869923675335}","{""COT_FRESH"": -2.0, ""FRESH_OR_CONSENSUS"": -2.0, ""HELIOS_CONSENSUS"": -1.0, ""KEEP"": 0.0, ""OPAL_ALL"": -4.0}",False,False,0.4520473657907005
2025-09-05,2025-09-08,2025-09-10,2025,2025-09,1,0.0271872200019407,0.7016858792554418,0.7529189773157822,0.7016858792554418,0.7016858792554418,0.7016858792554418,STRUCTURAL_IRIS,63,-1,87,0.5554282882545558,0.4912558553669594,False,False,False,False,0.7016858792554418,0.3253055204739974,0,False,1,,True,15,8,6,2,0.7,False,0.7016858792554418,0.7016858792554418,0.7016858792554418,0.3253055204739974,2025-08-26,2025-09-02,False,0,False,,0.7016858792554418,False,58,10,3,7,-4,0.0043260869923675,False,False,False,False,0.7016858792554418,"{""COT_FRESH"": 0.054703949999661695, ""FRESH_OR_CONSENSUS"": 0.054703949999661695, ""HELIOS_CONSENSUS"": 0.19452723132288302, ""KEEP"": 0.691738781685426, ""OPAL_ALL"": 0.0043260869923675335}","{""COT_FRESH"": -2.0, ""FRESH_OR_CONSENSUS"": -2.0, ""HELIOS_CONSENSUS"": -1.0, ""KEEP"": 0.0, ""OPAL_ALL"": -4.0}",False,False,0.7016858792554418
2025-09-08,2025-09-09,2025-09-11,2025,2025-09,1,0.0020613001785707,0.5997762452364106,0.7336098771981268,0.5997762452364106,0.5997762452364106,0.5997762452364106,STRUCTURAL_IRIS,63,-1,87,0.5554282882545558,0.4912558553669594,False,False,False,False,0.5997762452364106,0.2912517244701426,0,False,1,,True,15,8,6,2,0.7,False,0.5997762452364106,0.5997762452364106,0.5997762452364106,0.2912517244701426,2025-08-26,2025-09-02,False,0,False,,0.5997762452364106,False,58,10,3,7,-4,0.0043260869923675,False,False,False,False,0.5997762452364106,"{""COT_FRESH"": 0.054703949999661695, ""FRESH_OR_CONSENSUS"": 0.054703949999661695, ""HELIOS_CONSENSUS"": 0.19452723132288302, ""KEEP"": 0.691738781685426, ""OPAL_ALL"": 0.0043260869923675335}","{""COT_FRESH"": -2.0, ""FRESH_OR_CONSENSUS"": -2.0, ""HELIOS_CONSENSUS"": -1.0, ""KEEP"": 0.0, ""OPAL_ALL"": -4.0}",False,False,0.5997762452364106
2025-09-09,2025-09-10,2025-09-12,2025,2025-09,0,-0.0023974420514015,0.2420020017062876,0.3626201050316127,0.2420020017062876,0.2420020017062876,0.2420020017062876,STRUCTURAL_IRIS,63,0,88,0.6565357044196718,0.6783977060714431,False,False,False,False,0.2420020017062876,0.6558047770809567,0,False,0,,True,15,8,6,2,0.7,False,0.2420020017062876,0.2420020017062876,0.2420020017062876,0.6558047770809567,2025-09-02,2025-09-09,False,0,False,,0.2420020017062876,False,58,10,3,7,-4,0.0043260869923675,False,False,False,False,0.2420020017062876,"{""COT_FRESH"": 0.054703949999661695, ""FRESH_OR_CONSENSUS"": 0.054703949999661695, ""HELIOS_CONSENSUS"": 0.19452723132288302, ""KEEP"": 0.691738781685426, ""OPAL_ALL"": 0.0043260869923675335}","{""COT_FRESH"": -2.0, ""FRESH_OR_CONSENSUS"": -2.0, ""HELIOS_CONSENSUS"": -1.0, ""KEEP"": 0.0, ""OPAL_ALL"": -4.0}",False,False,0.2420020017062876
2025-09-10,2025-09-11,2025-09-15,2025,2025-09,0,-0.0022513256633041,0.34363850367026,0.4571033528373848,0.34363850367026,0.34363850367026,0.34363850367026,STRUCTURAL_IRIS,63,0,88,0.6565357044196718,0.6783977060714431,False,False,False,False,0.34363850367026,0.6503411559322402,0,False,0,,True,15,8,6,2,0.7,False,0.34363850367026,0.34363850367026,0.34363850367026,0.6503411559322402,2025-09-02,2025-09-09,False,0,False,,0.34363850367026,False,58,10,3,7,-4,0.0043260869923675,False,False,False,False,0.34363850367026,"{""COT_FRESH"": 0.054703949999661695, ""FRESH_OR_CONSENSUS"": 0.054703949999661695, ""HELIOS_CONSENSUS"": 0.19452723132288302, ""KEEP"": 0.691738781685426, ""OPAL_ALL"": 0.0043260869923675335}","{""COT_FRESH"": -2.0, ""FRESH_OR_CONSENSUS"": -2.0, ""HELIOS_CONSENSUS"": -1.0, ""KEEP"": 0.0, ""OPAL_ALL"": -4.0}",False,False,0.34363850367026
2025-09-11,2025-09-12,2025-09-16,2025,2025-09,1,0.0211812358512454,0.4918960789630346,0.5975357415883392,0.4918960789630346,0.4918960789630346,0.4918960789630346,STRUCTURAL_IRIS,63,0,88,0.6565357044196718,0.6783977060714431,False,False,False,False,0.4918960789630346,0.5020573576381839,0,False,0,,True,15,8,6,2,0.7,False,0.4918960789630346,0.4918960789630346,0.4918960789630346,0.5020573576381839,2025-09-02,2025-09-09,False,0,False,,0.4918960789630346,False,58,10,3,7,-4,0.0043260869923675,False,False,False,False,0.4918960789630346,"{""COT_FRESH"": 0.054703949999661695, ""FRESH_OR_CONSENSUS"": 0.054703949999661695, ""HELIOS_CONSENSUS"": 0.19452723132288302, ""KEEP"": 0.691738781685426, ""OPAL_ALL"": 0.0043260869923675335}","{""COT_FRESH"": -2.0, ""FRESH_OR_CONSENSUS"": -2.0, ""HELIOS_CONSENSUS"": -1.0, ""KEEP"": 0.0, ""OPAL_ALL"": -4.0}",False,False,0.4918960789630346
2025-09-12,2025-09-15,2025-09-17,2025,2025-09,1,0.0066575320573738,0.4783080738526208,0.5116908087390158,0.4783080738526208,0.4783080738526208,0.4783080738526208,STRUCTURAL_IRIS,63,0,88,0.6565357044196718,0.6783977060714431,False,False,False,False,0.4783080738526208,0.6448782960603991,0,False,0,,True,15,8,6,2,0.7,False,0.4783080738526208,0.4783080738526208,0.4783080738526208,0.6448782960603991,2025-09-02,2025-09-09,False,0,False,,0.4783080738526208,False,58,10,3,7,-4,0.0043260869923675,False,False,False,False,0.4783080738526208,"{""COT_FRESH"": 0.054703949999661695, ""FRESH_OR_CONSENSUS"": 0.054703949999661695, ""HELIOS_CONSENSUS"": 0.19452723132288302, ""KEEP"": 0.691738781685426, ""OPAL_ALL"": 0.0043260869923675335}","{""COT_FRESH"": -2.0, ""FRESH_OR_CONSENSUS"": -2.0, ""HELIOS_CONSENSUS"": -1.0, ""KEEP"": 0.0, ""OPAL_ALL"": -4.0}",False,False,0.4783080738526208
2025-09-15,2025-09-16,2025-09-18,2025,2025-09,1,0.0093699604233554,0.7424988307043174,0.7385100748497782,0.7424988307043174,0.7424988307043174,0.7424988307043174,STRUCTURAL_IRIS,63,0,88,0.6565357044196718,0.6783977060714431,False,False,False,False,0.7424988307043174,0.3202860965837567,0,False,1,,True,15,8,6,2,0.7,False,0.7424988307043174,0.7424988307043174,0.7424988307043174,0.3202860965837567,2025-09-02,2025-09-09,False,0,False,,0.7424988307043174,False,58,10,3,7,-4,0.0043260869923675,False,False,False,False,0.7424988307043174,"{""COT_FRESH"": 0.054703949999661695, ""FRESH_OR_CONSENSUS"": 0.054703949999661695, ""HELIOS_CONSENSUS"": 0.19452723132288302, ""KEEP"": 0.691738781685426, ""OPAL_ALL"": 0.0043260869923675335}","{""COT_FRESH"": -2.0, ""FRESH_OR_CONSENSUS"": -2.0, ""HELIOS_CONSENSUS"": -1.0, ""KEEP"": 0.0, ""OPAL_ALL"": -4.0}",False,False,0.7424988307043174
2025-09-16,2025-09-17,2025-09-19,2025,2025-09,0,-0.0102132598252266,0.5264253290798878,0.5055279596378831,0.5264253290798878,0.5264253290798878,0.5264253290798878,STRUCTURAL_IRIS,63,2,89,0.7373053405159621,0.8158016177992187,False,False,False,False,0.5264253290798878,0.6501199046064865,0,False,1,,True,15,8,6,2,0.7,False,0.5264253290798878,0.5264253290798878,0.5264253290798878,0.6501199046064865,2025-09-09,2025-09-16,False,0,False,,0.5264253290798878,False,58,10,3,7,-4,0.0043260869923675,False,False,False,False,0.5264253290798878,"{""COT_FRESH"": 0.054703949999661695, ""FRESH_OR_CONSENSUS"": 0.054703949999661695, ""HELIOS_CONSENSUS"": 0.19452723132288302, ""KEEP"": 0.691738781685426, ""OPAL_ALL"": 0.0043260869923675335}","{""COT_FRESH"": -2.0, ""FRESH_OR_CONSENSUS"": -2.0, ""HELIOS_CONSENSUS"": -1.0, ""KEEP"": 0.0, ""OPAL_ALL"": -4.0}",False,False,0.5264253290798878
2025-09-17,2025-09-18,2025-09-22,2025,2025-09,1,0.0139497184917922,0.3689539226375075,0.4019413896035093,0.4019413896035093,0.3689539226375075,0.4019413896035093,PATH_GLOBAL,63,3,90,0.7935533553385844,0.8989288476286494,False,False,False,True,0.7082261454057001,0.7082261454057001,0,False,0,,True,15,8,6,2,0.7,False,0.4019413896035093,0.4019413896035093,0.4019413896035093,0.7082261454057001,2025-09-09,2025-09-16,True,1,True,1.0,0.4019413896035093,False,58,10,3,7,-4,0.1137339869916909,False,True,False,False,0.4019413896035093,"{""COT_FRESH"": 0.054703949999661695, ""FRESH_OR_CONSENSUS"": 0.054703949999661695, ""HELIOS_CONSENSUS"": 0.19452723132288302, ""KEEP"": 0.691738781685426, ""OPAL_ALL"": 0.0043260869923675335}","{""COT_FRESH"": -2.0, ""FRESH_OR_CONSENSUS"": -2.0, ""HELIOS_CONSENSUS"": -1.0, ""KEEP"": 0.0, ""OPAL_ALL"": -4.0}",False,False,0.4019413896035093
2025-09-18,2025-09-19,2025-09-23,2025,2025-09,1,0.0310847521004751,0.3618349826107145,0.3894226066163417,0.3894226066163417,0.3618349826107145,0.3894226066163417,PATH_GLOBAL,63,4,90,0.7935533553385844,0.8989288476286494,False,False,False,False,0.3894226066163417,0.5758125741219693,0,False,0,,True,15,8,6,2,0.7,False,0.3894226066163417,0.3894226066163417,0.3894226066163417,0.5758125741219693,2025-09-09,2025-09-16,False,0,False,,0.3894226066163417,False,58,10,3,7,-4,0.0043260869923675,False,False,False,False,0.3894226066163417,"{""COT_FRESH"": 0.054703949999661695, ""FRESH_OR_CONSENSUS"": 0.054703949999661695, ""HELIOS_CONSENSUS"": 0.19452723132288302, ""KEEP"": 0.691738781685426, ""OPAL_ALL"": 0.0043260869923675335}","{""COT_FRESH"": -2.0, ""FRESH_OR_CONSENSUS"": -2.0, ""HELIOS_CONSENSUS"": -1.0, ""KEEP"": 0.0, ""OPAL_ALL"": -4.0}",False,False,0.3894226066163417
2025-09-19,2025-09-22,2025-09-24,2025,2025-09,1,0.0296820831514526,0.6709073542066585,0.7383419811683046,0.7383419811683046,0.6709073542066585,0.7383419811683046,PATH_GLOBAL,63,4,90,0.7935533553385844,0.8989288476286494,False,False,False,False,0.7383419811683046,0.2887167393068529,0,False,1,,True,15,8,6,2,0.7,False,0.7383419811683046,0.7383419811683046,0.7383419811683046,0.2887167393068529,2025-09-09,2025-09-16,False,0,False,,0.7383419811683046,False,58,10,3,7,-4,0.0043260869923675,False,False,False,False,0.7383419811683046,"{""COT_FRESH"": 0.054703949999661695, ""FRESH_OR_CONSENSUS"": 0.054703949999661695, ""HELIOS_CONSENSUS"": 0.19452723132288302, ""KEEP"": 0.691738781685426, ""OPAL_ALL"": 0.0043260869923675335}","{""COT_FRESH"": -2.0, ""FRESH_OR_CONSENSUS"": -2.0, ""HELIOS_CONSENSUS"": -1.0, ""KEEP"": 0.0, ""OPAL_ALL"": -4.0}",False,False,0.7383419811683046
2025-09-22,2025-09-23,2025-09-25,2025,2025-09,1,0.0083360019218096,0.7736530695160063,0.8060215069240141,0.8060215069240141,0.7736530695160063,0.8060215069240141,PATH_GLOBAL,63,4,90,0.7935533553385844,0.8989288476286494,False,False,False,False,0.8060215069240141,0.3090772183906105,0,False,1,,True,15,8,6,2,0.7,False,0.8060215069240141,0.8060215069240141,0.8060215069240141,0.3090772183906105,2025-09-09,2025-09-16,False,0,False,,0.8060215069240141,False,59,10,4,6,-2,0.0235341729072641,False,False,False,False,0.8060215069240141,"{""COT_FRESH"": 0.2975927715447559, ""FRESH_OR_CONSENSUS"": 0.2975927715447559, ""HELIOS_CONSENSUS"": 0.08368751245846806, ""KEEP"": 0.2975927715447559, ""OPAL_ALL"": 0.023534172907264162}","{""COT_FRESH"": 0.0, ""FRESH_OR_CONSENSUS"": 0.0, ""HELIOS_CONSENSUS"": -1.0, ""KEEP"": 0.0, ""OPAL_ALL"": -2.0}",False,False,0.8060215069240141
2025-09-23,2025-09-24,2025-09-26,2025,2025-09,0,-0.0105213152887274,0.5141569166818112,0.5473438119828332,0.5473438119828332,0.5141569166818112,0.5473438119828332,PATH_GLOBAL,63,4,90,0.7935533553385844,0.8989288476286494,False,False,False,False,0.5473438119828332,0.7584308043852424,0,False,1,,True,15,8,6,2,0.7,False,0.5473438119828332,0.5473438119828332,0.5473438119828332,0.7584308043852424,2025-09-16,2025-09-23,False,0,False,,0.5473438119828332,False,59,10,4,6,-2,0.0235341729072641,False,False,False,False,0.5473438119828332,"{""COT_FRESH"": 0.2975927715447559, ""FRESH_OR_CONSENSUS"": 0.2975927715447559, ""HELIOS_CONSENSUS"": 0.08368751245846806, ""KEEP"": 0.2975927715447559, ""OPAL_ALL"": 0.023534172907264162}","{""COT_FRESH"": 0.0, ""FRESH_OR_CONSENSUS"": 0.0, ""HELIOS_CONSENSUS"": -1.0, ""KEEP"": 0.0, ""OPAL_ALL"": -2.0}",False,False,0.5473438119828332
2025-09-24,2025-09-25,2025-09-29,2025,2025-09,1,0.0118193147334139,0.3639918208802006,0.3520021160654442,0.3520021160654442,0.3639918208802006,0.3520021160654442,PATH_GLOBAL,63,4,90,0.7935533553385844,0.8989288476286494,False,False,False,False,0.3520021160654442,0.5472751516365547,0,False,0,,True,15,8,6,2,0.7,False,0.3520021160654442,0.3520021160654442,0.3520021160654442,0.5472751516365547,2025-09-16,2025-09-23,False,0,False,,0.3520021160654442,False,59,10,4,6,-2,0.0235341729072641,False,False,False,False,0.3520021160654442,"{""COT_FRESH"": 0.2975927715447559, ""FRESH_OR_CONSENSUS"": 0.2975927715447559, ""HELIOS_CONSENSUS"": 0.08368751245846806, ""KEEP"": 0.2975927715447559, ""OPAL_ALL"": 0.023534172907264162}","{""COT_FRESH"": 0.0, ""FRESH_OR_CONSENSUS"": 0.0, ""HELIOS_CONSENSUS"": -1.0, ""KEEP"": 0.0, ""OPAL_ALL"": -2.0}",False,False,0.3520021160654442
2025-09-25,2025-09-26,2025-09-30,2025,2025-09,1,0.0143276318344469,0.5022848790057602,0.5088103797558217,0.5088103797558217,0.5022848790057602,0.5088103797558217,PATH_GLOBAL,63,4,90,0.7935533553385844,0.8989288476286494,False,False,False,False,0.5088103797558217,0.762176149897121,0,False,1,,True,15,8,6,2,0.7,False,0.5088103797558217,0.5088103797558217,0.5088103797558217,0.762176149897121,2025-09-16,2025-09-23,False,0,False,,0.5088103797558217,False,59,10,4,6,-2,0.0235341729072641,False,False,False,False,0.5088103797558217,"{""COT_FRESH"": 0.2975927715447559, ""FRESH_OR_CONSENSUS"": 0.2975927715447559, ""HELIOS_CONSENSUS"": 0.08368751245846806, ""KEEP"": 0.2975927715447559, ""OPAL_ALL"": 0.023534172907264162}","{""COT_FRESH"": 0.0, ""FRESH_OR_CONSENSUS"": 0.0, ""HELIOS_CONSENSUS"": -1.0, ""KEEP"": 0.0, ""OPAL_ALL"": -2.0}",False,False,0.5088103797558217
2025-09-26,2025-09-29,2025-10-01,2025,2025-09,1,0.035983632945024,0.5594905913440742,0.586282951293644,0.586282951293644,0.5594905913440742,0.586282951293644,PATH_GLOBAL,63,5,90,0.7935533553385844,0.8989288476286494,True,False,False,False,0.586282951293644,0.5704709251252984,1,False,1,,True,15,8,6,2,0.7,False,0.586282951293644,0.586282951293644,0.586282951293644,0.5704709251252984,2025-09-16,2025-09-23,False,0,False,,0.586282951293644,False,59,10,4,6,-2,0.0235341729072641,False,False,False,False,0.586282951293644,"{""COT_FRESH"": 0.2975927715447559, ""FRESH_OR_CONSENSUS"": 0.2975927715447559, ""HELIOS_CONSENSUS"": 0.08368751245846806, ""KEEP"": 0.2975927715447559, ""OPAL_ALL"": 0.023534172907264162}","{""COT_FRESH"": 0.0, ""FRESH_OR_CONSENSUS"": 0.0, ""HELIOS_CONSENSUS"": -1.0, ""KEEP"": 0.0, ""OPAL_ALL"": -2.0}",False,False,0.586282951293644
2025-09-29,2025-09-30,2025-10-02,2025,2025-09,1,0.0168136750700015,0.6563133432988173,0.669169273833026,0.669169273833026,0.6563133432988173,0.669169273833026,PATH_GLOBAL,63,5,90,0.7935533553385844,0.8989288476286494,False,False,False,False,0.669169273833026,0.54748378185595,0,False,1,,True,15,8,6,2,0.7,False,0.669169273833026,0.669169273833026,0.669169273833026,0.54748378185595,2025-09-16,2025-09-23,False,0,False,,0.669169273833026,False,59,10,4,6,-2,0.0235341729072641,False,False,False,False,0.669169273833026,"{""COT_FRESH"": 0.2975927715447559, ""FRESH_OR_CONSENSUS"": 0.2975927715447559, ""HELIOS_CONSENSUS"": 0.08368751245846806, ""KEEP"": 0.2975927715447559, ""OPAL_ALL"": 0.023534172907264162}","{""COT_FRESH"": 0.0, ""FRESH_OR_CONSENSUS"": 0.0, ""HELIOS_CONSENSUS"": -1.0, ""KEEP"": 0.0, ""OPAL_ALL"": -2.0}",False,False,0.669169273833026
2025-09-30,2025-10-01,2025-10-03,2025,2025-10,1,0.0141252470814858,0.7995632357387649,0.7786429580609057,0.7786429580609057,0.7995632357387649,0.7786429580609057,PATH_GLOBAL,63,5,90,0.7935533553385844,0.8989288476286494,False,False,False,False,0.7786429580609057,0.3847763993437748,0,False,1,,True,15,8,6,2,0.7,False,0.7786429580609057,0.7786429580609057,0.7786429580609057,0.3847763993437748,2025-09-23,2025-09-30,False,0,False,,0.7786429580609057,False,59,10,4,6,-2,0.0235341729072641,False,False,False,False,0.7786429580609057,"{""COT_FRESH"": 0.2975927715447559, ""FRESH_OR_CONSENSUS"": 0.2975927715447559, ""HELIOS_CONSENSUS"": 0.08368751245846806, ""KEEP"": 0.2975927715447559, ""OPAL_ALL"": 0.023534172907264162}","{""COT_FRESH"": 0.0, ""FRESH_OR_CONSENSUS"": 0.0, ""HELIOS_CONSENSUS"": -1.0, ""KEEP"": 0.0, ""OPAL_ALL"": -2.0}",False,False,0.7786429580609057
2025-10-01,2025-10-02,2025-10-06,2025,2025-10,1,0.0142694407071876,0.3993573575360046,0.3930115632892266,0.3930115632892266,0.3993573575360046,0.3930115632892266,PATH_GLOBAL,63,5,90,0.7935533553385844,0.8989288476286494,False,True,False,False,0.3930115632892266,0.4662536563067316,1,False,0,,True,15,8,6,2,0.7,False,0.3930115632892266,0.3930115632892266,0.3930115632892266,0.4662536563067316,2025-09-23,2025-09-30,False,0,False,,0.3930115632892266,False,59,10,4,6,-2,0.0235341729072641,False,False,False,False,0.3930115632892266,"{""COT_FRESH"": 0.2975927715447559, ""FRESH_OR_CONSENSUS"": 0.2975927715447559, ""HELIOS_CONSENSUS"": 0.08368751245846806, ""KEEP"": 0.2975927715447559, ""OPAL_ALL"": 0.023534172907264162}","{""COT_FRESH"": 0.0, ""FRESH_OR_CONSENSUS"": 0.0, ""HELIOS_CONSENSUS"": -1.0, ""KEEP"": 0.0, ""OPAL_ALL"": -2.0}",False,False,0.3930115632892266
2025-10-02,2025-10-03,2025-10-07,2025,2025-10,1,0.0216340486749082,0.3385648153013925,0.4160934728722661,0.4160934728722661,0.3385648153013925,0.4160934728722661,PATH_GLOBAL,63,6,90,0.7935533553385844,0.8989288476286494,False,True,False,True,0.7029846536640064,0.7029846536640064,1,True,0,1.0,True,15,8,6,2,0.7,True,0.5839065271277339,0.5335626108510936,0.7,0.7029846536640064,2025-09-23,2025-09-30,True,1,True,1.0,0.5839065271277339,False,59,10,4,6,-2,0.702407228455244,True,False,False,True,0.7,"{""COT_FRESH"": 0.2975927715447559, ""FRESH_OR_CONSENSUS"": 0.2975927715447559, ""HELIOS_CONSENSUS"": 0.08368751245846806, ""KEEP"": 0.2975927715447559, ""OPAL_ALL"": 0.023534172907264162}","{""COT_FRESH"": 0.0, ""FRESH_OR_CONSENSUS"": 0.0, ""HELIOS_CONSENSUS"": -1.0, ""KEEP"": 0.0, ""OPAL_ALL"": -2.0}",False,True,0.7
2025-10-03,2025-10-06,2025-10-08,2025,2025-10,1,0.044095827748203,0.5966066774816321,0.6628948357099604,0.6628948357099604,0.5966066774816321,0.6628948357099604,PATH_GLOBAL,63,6,90,0.7935533553385844,0.8989288476286494,False,False,False,False,0.6628948357099604,0.3790594040243323,0,False,1,,True,15,8,6,2,0.7,False,0.6628948357099604,0.6628948357099604,0.6628948357099604,0.3790594040243323,2025-09-23,2025-09-30,False,0,False,,0.6628948357099604,False,59,10,4,6,-2,0.0235341729072641,False,False,False,False,0.6628948357099604,"{""COT_FRESH"": 0.2975927715447559, ""FRESH_OR_CONSENSUS"": 0.2975927715447559, ""HELIOS_CONSENSUS"": 0.08368751245846806, ""KEEP"": 0.2975927715447559, ""OPAL_ALL"": 0.023534172907264162}","{""COT_FRESH"": 0.0, ""FRESH_OR_CONSENSUS"": 0.0, ""HELIOS_CONSENSUS"": -1.0, ""KEEP"": 0.0, ""OPAL_ALL"": -2.0}",False,False,0.6628948357099604
2025-10-06,2025-10-07,2025-10-09,2025,2025-10,1,0.0247176710640117,0.5983698690865565,0.6904265458048573,0.6904265458048573,0.5983698690865565,0.6904265458048573,PATH_GLOBAL,63,6,90,0.7935533553385844,0.8989288476286494,False,False,False,False,0.6904265458048573,0.38276110145564,0,False,1,,True,15,8,6,2,0.7,False,0.6904265458048573,0.6904265458048573,0.6904265458048573,0.38276110145564,2025-09-23,2025-09-30,False,0,False,,0.6904265458048573,False,59,10,4,6,-2,0.0235341729072641,False,False,False,False,0.6904265458048573,"{""COT_FRESH"": 0.2975927715447559, ""FRESH_OR_CONSENSUS"": 0.2975927715447559, ""HELIOS_CONSENSUS"": 0.08368751245846806, ""KEEP"": 0.2975927715447559, ""OPAL_ALL"": 0.023534172907264162}","{""COT_FRESH"": 0.0, ""FRESH_OR_CONSENSUS"": 0.0, ""HELIOS_CONSENSUS"": -1.0, ""KEEP"": 0.0, ""OPAL_ALL"": -2.0}",False,False,0.6904265458048573
2025-10-07,2025-10-08,2025-10-10,2025,2025-10,1,0.0089820775096672,0.6584690285523552,0.7383692508331502,0.7383692508331502,0.6584690285523552,0.7383692508331502,PATH_GLOBAL,63,6,90,0.7935533553385844,0.8989288476286494,False,False,False,False,0.7383692508331502,0.3104424540247784,0,False,1,,True,16,8,6,2,0.7,False,0.7383692508331502,0.7383692508331502,0.7383692508331502,0.3104424540247784,2025-09-30,2025-10-07,False,0,False,,0.7383692508331502,False,59,10,4,6,-2,0.008604189287735,False,False,False,False,0.7383692508331502,"{""COT_FRESH"": 0.38689677828349034, ""FRESH_OR_CONSENSUS"": 0.38689677828349034, ""HELIOS_CONSENSUS"": 0.10880112707264215, ""KEEP"": 0.10880112707264215, ""OPAL_ALL"": 0.008604189287735077}","{""COT_FRESH"": 1.0, ""FRESH_OR_CONSENSUS"": 1.0, ""HELIOS_CONSENSUS"": 0.0, ""KEEP"": 0.0, ""OPAL_ALL"": -2.0}",False,False,0.7383692508331502
2025-10-08,2025-10-09,2025-10-13,2025,2025-10,1,0.0089197632961555,0.4650181584602405,0.5913942500707692,0.5913942500707692,0.4650181584602405,0.5913942500707692,PATH_GLOBAL,63,6,90,0.7935533553385844,0.8989288476286494,False,False,False,False,0.5913942500707692,0.5729516093433846,0,False,1,,True,16,8,6,2,0.7,False,0.5913942500707692,0.5913942500707692,0.5913942500707692,0.5729516093433846,2025-09-30,2025-10-07,False,0,False,,0.5913942500707692,False,59,10,4,6,-2,0.008604189287735,False,False,False,False,0.5913942500707692,"{""COT_FRESH"": 0.38689677828349034, ""FRESH_OR_CONSENSUS"": 0.38689677828349034, ""HELIOS_CONSENSUS"": 0.10880112707264215, ""KEEP"": 0.10880112707264215, ""OPAL_ALL"": 0.008604189287735077}","{""COT_FRESH"": 1.0, ""FRESH_OR_CONSENSUS"": 1.0, ""HELIOS_CONSENSUS"": 0.0, ""KEEP"": 0.0, ""OPAL_ALL"": -2.0}",False,False,0.5913942500707692
2025-10-09,2025-10-10,2025-10-14,2025,2025-10,1,0.02522004544694,0.1418507002206906,0.2043341366840166,0.2043341366840166,0.1418507002206906,0.2043341366840166,PATH_GLOBAL,63,6,90,0.7935533553385844,0.8989288476286494,False,False,False,False,0.2043341366840166,0.61682642508886,0,False,0,,True,16,8,6,2,0.7,False,0.2043341366840166,0.2043341366840166,0.2043341366840166,0.61682642508886,2025-09-30,2025-10-07,False,0,False,,0.2043341366840166,False,59,10,4,6,-2,0.008604189287735,False,False,False,False,0.2043341366840166,"{""COT_FRESH"": 0.38689677828349034, ""FRESH_OR_CONSENSUS"": 0.38689677828349034, ""HELIOS_CONSENSUS"": 0.10880112707264215, ""KEEP"": 0.10880112707264215, ""OPAL_ALL"": 0.008604189287735077}","{""COT_FRESH"": 1.0, ""FRESH_OR_CONSENSUS"": 1.0, ""HELIOS_CONSENSUS"": 0.0, ""KEEP"": 0.0, ""OPAL_ALL"": -2.0}",False,False,0.2043341366840166
2025-10-10,2025-10-13,2025-10-15,2025,2025-10,1,0.0471922765451688,0.6027522945166524,0.7162050579818522,0.7162050579818522,0.6027522945166524,0.7162050579818522,PATH_GLOBAL,63,6,90,0.7935533553385844,0.8989288476286494,False,True,False,False,0.7162050579818522,0.4462277581495554,1,False,1,,True,16,8,6,2,0.7,False,0.7162050579818522,0.7162050579818522,0.7162050579818522,0.4462277581495554,2025-09-30,2025-10-07,False,0,False,,0.7162050579818522,False,59,10,4,6,-2,0.008604189287735,False,False,False,False,0.7162050579818522,"{""COT_FRESH"": 0.38689677828349034, ""FRESH_OR_CONSENSUS"": 0.38689677828349034, ""HELIOS_CONSENSUS"": 0.10880112707264215, ""KEEP"": 0.10880112707264215, ""OPAL_ALL"": 0.008604189287735077}","{""COT_FRESH"": 1.0, ""FRESH_OR_CONSENSUS"": 1.0, ""HELIOS_CONSENSUS"": 0.0, ""KEEP"": 0.0, ""OPAL_ALL"": -2.0}",False,False,0.7162050579818522
2025-10-13,2025-10-14,2025-10-16,2025,2025-10,1,0.0372853246216224,0.8035449679837317,0.8322009225299811,0.8322009225299811,0.8322009225299811,0.8322009225299811,PATH_GLOBAL,63,7,91,0.8306013441857487,0.9436215492985202,False,False,False,False,0.8322009225299811,0.2010919888075965,0,False,1,,True,16,8,6,2,0.7,False,0.8322009225299811,0.8322009225299811,0.8322009225299811,0.2010919888075965,2025-09-30,2025-10-07,False,0,False,,0.8322009225299811,False,59,10,4,6,-2,0.008604189287735,False,False,False,False,0.8322009225299811,"{""COT_FRESH"": 0.38689677828349034, ""FRESH_OR_CONSENSUS"": 0.38689677828349034, ""HELIOS_CONSENSUS"": 0.10880112707264215, ""KEEP"": 0.10880112707264215, ""OPAL_ALL"": 0.008604189287735077}","{""COT_FRESH"": 1.0, ""FRESH_OR_CONSENSUS"": 1.0, ""HELIOS_CONSENSUS"": 0.0, ""KEEP"": 0.0, ""OPAL_ALL"": -2.0}",False,False,0.8322009225299811
2025-10-14,2025-10-15,2025-10-17,2025,2025-10,1,0.0458577997442309,0.4484784625024475,0.489096096869144,0.489096096869144,0.489096096869144,0.489096096869144,PATH_GLOBAL,63,7,91,0.8306013441857487,0.9436215492985202,False,False,False,True,0.7968732475331455,0.7968732475331455,0,False,0,,True,16,8,6,2,0.7,False,0.489096096869144,0.489096096869144,0.489096096869144,0.7968732475331455,2025-10-07,2025-10-14,True,1,True,1.0,0.510903903130856,False,59,10,4,6,-2,0.7823977458547158,False,True,False,False,0.489096096869144,"{""COT_FRESH"": 0.38689677828349034, ""FRESH_OR_CONSENSUS"": 0.38689677828349034, ""HELIOS_CONSENSUS"": 0.10880112707264215, ""KEEP"": 0.10880112707264215, ""OPAL_ALL"": 0.008604189287735077}","{""COT_FRESH"": 1.0, ""FRESH_OR_CONSENSUS"": 1.0, ""HELIOS_CONSENSUS"": 0.0, ""KEEP"": 0.0, ""OPAL_ALL"": -2.0}",True,True,0.510903903130856
2025-10-15,2025-10-16,2025-10-20,2025,2025-10,1,0.0145668137092539,0.6132550542543475,0.6467971327113492,0.6467971327113492,0.6467971327113492,0.6467971327113492,PATH_GLOBAL,63,7,91,0.8306013441857487,0.9436215492985202,False,False,False,False,0.6467971327113492,0.5880431222802888,0,False,1,,True,16,8,6,2,0.7,False,0.6467971327113492,0.6467971327113492,0.6467971327113492,0.5880431222802888,2025-10-07,2025-10-14,False,0,False,,0.6467971327113492,False,59,10,4,6,-2,0.008604189287735,False,False,False,False,0.6467971327113492,"{""COT_FRESH"": 0.38689677828349034, ""FRESH_OR_CONSENSUS"": 0.38689677828349034, ""HELIOS_CONSENSUS"": 0.10880112707264215, ""KEEP"": 0.10880112707264215, ""OPAL_ALL"": 0.008604189287735077}","{""COT_FRESH"": 1.0, ""FRESH_OR_CONSENSUS"": 1.0, ""HELIOS_CONSENSUS"": 0.0, ""KEEP"": 0.0, ""OPAL_ALL"": -2.0}",False,False,0.6467971327113492
2025-10-16,2025-10-17,2025-10-21,2025,2025-10,1,0.0116580640764322,0.97563997516622,0.979173153976906,0.979173153976906,0.979173153976906,0.979173153976906,PATH_GLOBAL,63,7,91,0.8306013441857487,0.9436215492985202,False,False,False,False,0.979173153976906,0.1458671680042914,0,False,1,,True,16,8,6,2,0.7,False,0.979173153976906,0.979173153976906,0.979173153976906,0.1458671680042914,2025-10-07,2025-10-14,False,0,False,,0.979173153976906,False,59,10,4,6,-2,0.008604189287735,False,False,False,False,0.979173153976906,"{""COT_FRESH"": 0.38689677828349034, ""FRESH_OR_CONSENSUS"": 0.38689677828349034, ""HELIOS_CONSENSUS"": 0.10880112707264215, ""KEEP"": 0.10880112707264215, ""OPAL_ALL"": 0.008604189287735077}","{""COT_FRESH"": 1.0, ""FRESH_OR_CONSENSUS"": 1.0, ""HELIOS_CONSENSUS"": 0.0, ""KEEP"": 0.0, ""OPAL_ALL"": -2.0}",False,False,0.979173153976906
2025-10-17,2025-10-20,2025-10-22,2025,2025-10,0,-0.0610064730792025,0.0186872260741838,0.0312345622326926,0.0312345622326926,0.0312345622326926,0.0312345622326926,PATH_GLOBAL,63,7,91,0.8306013441857487,0.9436215492985202,False,False,False,False,0.0312345622326926,0.5592099564871567,0,False,0,,True,16,8,6,2,0.7,False,0.0312345622326926,0.0312345622326926,0.0312345622326926,0.5592099564871567,2025-10-07,2025-10-14,False,0,False,,0.0312345622326926,False,60,10,4,6,-2,0.0104724996719858,False,False,False,False,0.0312345622326926,"{""COT_FRESH"": 0.4709073973351425, ""FRESH_OR_CONSENSUS"": 0.4709073973351425, ""HELIOS_CONSENSUS"": 0.03724020598574343, ""KEEP"": 0.01047249967198586, ""OPAL_ALL"": 0.01047249967198586}","{""COT_FRESH"": 3.0, ""FRESH_OR_CONSENSUS"": 3.0, ""HELIOS_CONSENSUS"": 1.0, ""KEEP"": 0.0, ""OPAL_ALL"": 0.0}",False,False,0.0312345622326926
2025-10-20,2025-10-21,2025-10-23,2025,2025-10,0,-0.0303301301481159,0.9266638701644774,0.9607128611636696,0.9607128611636696,0.9607128611636696,0.9607128611636696,PATH_GLOBAL,63,7,91,0.8306013441857487,0.9436215492985202,False,False,False,False,0.9607128611636696,0.2833400436250292,0,False,1,,True,16,8,6,2,0.7,False,0.9607128611636696,0.9607128611636696,0.9607128611636696,0.2833400436250292,2025-10-07,2025-10-14,False,0,False,,0.9607128611636696,False,60,10,4,6,-2,0.0104724996719858,False,False,False,False,0.9607128611636696,"{""COT_FRESH"": 0.4709073973351425, ""FRESH_OR_CONSENSUS"": 0.4709073973351425, ""HELIOS_CONSENSUS"": 0.03724020598574343, ""KEEP"": 0.01047249967198586, ""OPAL_ALL"": 0.01047249967198586}","{""COT_FRESH"": 3.0, ""FRESH_OR_CONSENSUS"": 3.0, ""HELIOS_CONSENSUS"": 1.0, ""KEEP"": 0.0, ""OPAL_ALL"": 0.0}",False,False,0.9607128611636696
2025-10-21,2025-10-22,2025-10-24,2025,2025-10,0,-0.0492504932572857,0.0116059225417395,0.0205365345664401,0.0205365345664401,0.0205365345664401,0.0205365345664401,PATH_GLOBAL,63,7,91,0.8306013441857487,0.9436215492985202,False,False,False,False,0.0205365345664401,0.3406748829499044,0,False,0,,True,16,8,6,2,0.7,False,0.0205365345664401,0.0205365345664401,0.0205365345664401,0.3406748829499044,2025-10-14,2025-10-21,False,0,False,,0.0205365345664401,False,60,10,4,6,-2,0.0104724996719858,False,False,False,False,0.0205365345664401,"{""COT_FRESH"": 0.4709073973351425, ""FRESH_OR_CONSENSUS"": 0.4709073973351425, ""HELIOS_CONSENSUS"": 0.03724020598574343, ""KEEP"": 0.01047249967198586, ""OPAL_ALL"": 0.01047249967198586}","{""COT_FRESH"": 3.0, ""FRESH_OR_CONSENSUS"": 3.0, ""HELIOS_CONSENSUS"": 1.0, ""KEEP"": 0.0, ""OPAL_ALL"": 0.0}",False,False,0.0205365345664401
2025-10-22,2025-10-23,2025-10-27,2025,2025-10,0,-0.0127726364089468,0.4484287356885112,0.6223906474102106,0.6223906474102106,0.6223906474102106,0.6223906474102106,PATH_GLOBAL,63,7,91,0.8306013441857487,0.9436215492985202,False,False,False,False,0.6223906474102106,0.54301881848695,0,False,1,,True,16,8,6,2,0.7,False,0.6223906474102106,0.6223906474102106,0.6223906474102106,0.54301881848695,2025-10-14,2025-10-21,False,0,False,,0.6223906474102106,False,60,10,4,6,-2,0.0104724996719858,False,False,False,False,0.6223906474102106,"{""COT_FRESH"": 0.4709073973351425, ""FRESH_OR_CONSENSUS"": 0.4709073973351425, ""HELIOS_CONSENSUS"": 0.03724020598574343, ""KEEP"": 0.01047249967198586, ""OPAL_ALL"": 0.01047249967198586}","{""COT_FRESH"": 3.0, ""FRESH_OR_CONSENSUS"": 3.0, ""HELIOS_CONSENSUS"": 1.0, ""KEEP"": 0.0, ""OPAL_ALL"": 0.0}",False,False,0.6223906474102106
2025-10-23,2025-10-24,2025-10-28,2025,2025-10,0,-0.0536471787751866,0.3884635325019482,0.5397996086595427,0.5397996086595427,0.5397996086595427,0.5397996086595427,PATH_GLOBAL,63,7,91,0.8306013441857487,0.9436215492985202,False,False,True,False,0.5397996086595427,0.5929660544183865,1,False,1,,True,16,8,6,2,0.7,False,0.5397996086595427,0.5397996086595427,0.5397996086595427,0.5929660544183865,2025-10-14,2025-10-21,False,0,False,,0.5397996086595427,False,60,10,4,6,-2,0.0104724996719858,False,False,False,False,0.5397996086595427,"{""COT_FRESH"": 0.4709073973351425, ""FRESH_OR_CONSENSUS"": 0.4709073973351425, ""HELIOS_CONSENSUS"": 0.03724020598574343, ""KEEP"": 0.01047249967198586, ""OPAL_ALL"": 0.01047249967198586}","{""COT_FRESH"": 3.0, ""FRESH_OR_CONSENSUS"": 3.0, ""HELIOS_CONSENSUS"": 1.0, ""KEEP"": 0.0, ""OPAL_ALL"": 0.0}",False,False,0.5397996086595427
2025-10-24,2025-10-27,2025-10-29,2025,2025-10,0,-0.0111563211190676,0.6541979818237791,0.7660226691712475,0.7660226691712475,0.7660226691712475,0.7660226691712475,PATH_GLOBAL,63,7,91,0.8306013441857487,0.9436215492985202,False,False,False,False,0.7660226691712475,0.3656768124294955,0,False,1,,True,16,8,6,2,0.7,False,0.7660226691712475,0.7660226691712475,0.7660226691712475,0.3656768124294955,2025-10-14,2025-10-21,False,0,False,,0.7660226691712475,False,60,10,4,6,-2,0.0104724996719858,False,False,False,False,0.7660226691712475,"{""COT_FRESH"": 0.4709073973351425, ""FRESH_OR_CONSENSUS"": 0.4709073973351425, ""HELIOS_CONSENSUS"": 0.03724020598574343, ""KEEP"": 0.01047249967198586, ""OPAL_ALL"": 0.01047249967198586}","{""COT_FRESH"": 3.0, ""FRESH_OR_CONSENSUS"": 3.0, ""HELIOS_CONSENSUS"": 1.0, ""KEEP"": 0.0, ""OPAL_ALL"": 0.0}",False,False,0.7660226691712475
2025-10-27,2025-10-28,2025-10-30,2025,2025-10,0,-0.0108033635152689,0.0698849839202853,0.0999079356782334,0.0999079356782334,0.0999079356782334,0.0999079356782334,PATH_GLOBAL,63,6,92,0.6341795431908536,0.7252636120264542,False,False,False,False,0.0999079356782334,0.4527107855102141,0,False,0,,True,16,8,6,2,0.7,False,0.0999079356782334,0.0999079356782334,0.0999079356782334,0.4527107855102141,2025-10-14,2025-10-21,False,0,False,,0.0999079356782334,False,60,10,4,6,-2,0.0104724996719858,False,False,False,False,0.0999079356782334,"{""COT_FRESH"": 0.4709073973351425, ""FRESH_OR_CONSENSUS"": 0.4709073973351425, ""HELIOS_CONSENSUS"": 0.03724020598574343, ""KEEP"": 0.01047249967198586, ""OPAL_ALL"": 0.01047249967198586}","{""COT_FRESH"": 3.0, ""FRESH_OR_CONSENSUS"": 3.0, ""HELIOS_CONSENSUS"": 1.0, ""KEEP"": 0.0, ""OPAL_ALL"": 0.0}",False,False,0.0999079356782334
2025-10-28,2025-10-29,2025-10-31,2025,2025-10,1,0.026000404485068,0.7533885529503407,0.7221981947487711,0.7221981947487711,0.7221981947487711,0.7221981947487711,PATH_GLOBAL,63,5,93,0.4786184488530433,0.4772278669225235,False,False,False,False,0.7221981947487711,0.3084326531161698,0,False,1,,True,16,8,6,2,0.7,False,0.7221981947487711,0.7221981947487711,0.7221981947487711,0.3084326531161698,2025-10-21,2025-10-28,False,0,False,,0.7221981947487711,False,60,10,4,6,-2,0.0104724996719858,False,False,False,False,0.7221981947487711,"{""COT_FRESH"": 0.4709073973351425, ""FRESH_OR_CONSENSUS"": 0.4709073973351425, ""HELIOS_CONSENSUS"": 0.03724020598574343, ""KEEP"": 0.01047249967198586, ""OPAL_ALL"": 0.01047249967198586}","{""COT_FRESH"": 3.0, ""FRESH_OR_CONSENSUS"": 3.0, ""HELIOS_CONSENSUS"": 1.0, ""KEEP"": 0.0, ""OPAL_ALL"": 0.0}",False,False,0.7221981947487711
2025-10-29,2025-10-30,2025-11-03,2025,2025-10,0,-0.0075698889287477,0.0832411680127252,0.0825946459894966,0.0825946459894966,0.0825946459894966,0.0825946459894966,PATH_GLOBAL,63,5,93,0.4786184488530433,0.4772278669225235,False,False,False,False,0.0825946459894966,0.3385637050284228,0,False,0,,True,16,8,6,2,0.7,False,0.0825946459894966,0.0825946459894966,0.0825946459894966,0.3385637050284228,2025-10-21,2025-10-28,False,0,False,,0.0825946459894966,False,60,10,4,6,-2,0.0104724996719858,False,False,False,False,0.0825946459894966,"{""COT_FRESH"": 0.4709073973351425, ""FRESH_OR_CONSENSUS"": 0.4709073973351425, ""HELIOS_CONSENSUS"": 0.03724020598574343, ""KEEP"": 0.01047249967198586, ""OPAL_ALL"": 0.01047249967198586}","{""COT_FRESH"": 3.0, ""FRESH_OR_CONSENSUS"": 3.0, ""HELIOS_CONSENSUS"": 1.0, ""KEEP"": 0.0, ""OPAL_ALL"": 0.0}",False,False,0.0825946459894966
2025-10-30,2025-10-31,2025-11-04,2025,2025-10,1,0.0015791257934252,0.857566599576408,0.84232993081406,0.84232993081406,0.84232993081406,0.84232993081406,PATH_GLOBAL,63,5,93,0.4786184488530433,0.4772278669225235,False,False,False,False,0.84232993081406,0.3332530993836968,0,False,1,,True,16,8,6,2,0.7,False,0.84232993081406,0.84232993081406,0.84232993081406,0.3332530993836968,2025-10-21,2025-10-28,False,0,False,,0.84232993081406,False,60,10,4,6,-2,0.0104724996719858,False,False,False,False,0.84232993081406,"{""COT_FRESH"": 0.4709073973351425, ""FRESH_OR_CONSENSUS"": 0.4709073973351425, ""HELIOS_CONSENSUS"": 0.03724020598574343, ""KEEP"": 0.01047249967198586, ""OPAL_ALL"": 0.01047249967198586}","{""COT_FRESH"": 3.0, ""FRESH_OR_CONSENSUS"": 3.0, ""HELIOS_CONSENSUS"": 1.0, ""KEEP"": 0.0, ""OPAL_ALL"": 0.0}",False,False,0.84232993081406
2025-10-31,2025-11-03,2025-11-05,2025,2025-11,0,-0.012120904719558,0.5602736086460901,0.4911306451575177,0.4911306451575177,0.4911306451575177,0.4911306451575177,PATH_GLOBAL,63,5,93,0.4786184488530433,0.4772278669225235,False,False,False,True,0.7014480558883779,0.7014480558883779,0,False,0,,True,16,8,6,2,0.7,False,0.4911306451575177,0.4911306451575177,0.4911306451575177,0.7014480558883779,2025-10-21,2025-10-28,True,1,True,0.0,0.5088693548424823,False,60,10,4,6,-2,0.9522872943422708,False,True,False,False,0.4911306451575177,"{""COT_FRESH"": 0.4709073973351425, ""FRESH_OR_CONSENSUS"": 0.4709073973351425, ""HELIOS_CONSENSUS"": 0.03724020598574343, ""KEEP"": 0.01047249967198586, ""OPAL_ALL"": 0.01047249967198586}","{""COT_FRESH"": 3.0, ""FRESH_OR_CONSENSUS"": 3.0, ""HELIOS_CONSENSUS"": 1.0, ""KEEP"": 0.0, ""OPAL_ALL"": 0.0}",False,False,0.4911306451575177
2025-11-03,2025-11-04,2025-11-06,2025,2025-11,1,0.0025379930982521,0.5633141281913704,0.4940348913699642,0.4940348913699642,0.4940348913699642,0.4940348913699642,PATH_GLOBAL,63,5,93,0.4786184488530433,0.4772278669225235,False,False,True,True,0.7722685259940909,0.7722685259940909,1,True,0,1.0,True,16,8,6,2,0.7,True,0.5059651086300359,0.5023860434520143,0.7,0.7722685259940909,2025-10-21,2025-10-28,True,2,False,1.0,0.5059651086300359,False,60,10,4,6,-2,0.5186201029928718,True,False,False,True,0.7,"{""COT_FRESH"": 0.4709073973351425, ""FRESH_OR_CONSENSUS"": 0.4709073973351425, ""HELIOS_CONSENSUS"": 0.03724020598574343, ""KEEP"": 0.01047249967198586, ""OPAL_ALL"": 0.01047249967198586}","{""COT_FRESH"": 3.0, ""FRESH_OR_CONSENSUS"": 3.0, ""HELIOS_CONSENSUS"": 1.0, ""KEEP"": 0.0, ""OPAL_ALL"": 0.0}",False,True,0.7
2025-11-04,2025-11-05,2025-11-07,2025,2025-11,1,0.0034253887051046,0.1537803096634874,0.1794243973997884,0.1794243973997884,0.1794243973997884,0.1794243973997884,PATH_GLOBAL,63,5,93,0.4786184488530433,0.4772278669225235,False,False,False,False,0.1794243973997884,0.2830588641671417,0,False,0,,True,16,8,6,2,0.7,False,0.1794243973997884,0.1794243973997884,0.1794243973997884,0.2830588641671417,2025-10-28,2025-11-04,False,0,False,,0.1794243973997884,False,60,10,4,6,-2,0.0104724996719858,False,False,False,False,0.1794243973997884,"{""COT_FRESH"": 0.4709073973351425, ""FRESH_OR_CONSENSUS"": 0.4709073973351425, ""HELIOS_CONSENSUS"": 0.03724020598574343, ""KEEP"": 0.01047249967198586, ""OPAL_ALL"": 0.01047249967198586}","{""COT_FRESH"": 3.0, ""FRESH_OR_CONSENSUS"": 3.0, ""HELIOS_CONSENSUS"": 1.0, ""KEEP"": 0.0, ""OPAL_ALL"": 0.0}",False,False,0.1794243973997884
2025-11-05,2025-11-06,2025-11-10,2025,2025-11,1,0.0280405566939322,0.5964959106652103,0.6097867753629895,0.6097867753629895,0.6097867753629895,0.6097867753629895,PATH_GLOBAL,63,6,94,0.5989797646802156,0.6854165287253181,False,False,False,False,0.6097867753629895,0.2763795335559483,0,False,1,,True,16,8,6,2,0.7,False,0.6097867753629895,0.6097867753629895,0.6097867753629895,0.2763795335559483,2025-10-28,2025-11-04,False,0,False,,0.6097867753629895,False,61,10,4,6,-2,0.0324188327915906,False,False,False,False,0.6097867753629895,"{""COT_FRESH"": 0.4099404869128674, ""FRESH_OR_CONSENSUS"": 0.4099404869128674, ""HELIOS_CONSENSUS"": 0.11528136059108389, ""KEEP"": 0.03241883279159066, ""OPAL_ALL"": 0.03241883279159066}","{""COT_FRESH"": 2.0, ""FRESH_OR_CONSENSUS"": 2.0, ""HELIOS_CONSENSUS"": 1.0, ""KEEP"": 0.0, ""OPAL_ALL"": 0.0}",False,False,0.6097867753629895
2025-11-06,2025-11-07,2025-11-11,2025,2025-11,1,0.0327229569820253,0.3423133668583083,0.3531721804490839,0.3531721804490839,0.3531721804490839,0.3531721804490839,PATH_GLOBAL,63,5,95,0.4905723593558123,0.4839262496221103,False,False,False,False,0.3531721804490839,0.4607042707084609,0,False,0,,True,17,8,6,2,0.7,False,0.3531721804490839,0.3531721804490839,0.3531721804490839,0.4607042707084609,2025-10-28,2025-11-04,False,0,False,,0.3531721804490839,False,61,10,4,6,-2,0.0324188327915906,False,False,False,False,0.3531721804490839,"{""COT_FRESH"": 0.11528136059108389, ""FRESH_OR_CONSENSUS"": 0.4099404869128674, ""HELIOS_CONSENSUS"": 0.4099404869128674, ""KEEP"": 0.03241883279159066, ""OPAL_ALL"": 0.03241883279159066}","{""COT_FRESH"": 1.0, ""FRESH_OR_CONSENSUS"": 2.0, ""HELIOS_CONSENSUS"": 2.0, ""KEEP"": 0.0, ""OPAL_ALL"": 0.0}",False,False,0.3531721804490839
2025-11-07,2025-11-10,2025-11-12,2025,2025-11,1,0.027984352427951,0.4658094995930569,0.4988875387114936,0.4988875387114936,0.4988875387114936,0.4988875387114936,PATH_GLOBAL,63,5,95,0.4905723593558123,0.4839262496221103,True,False,False,False,0.4988875387114936,0.644577746680644,1,False,0,,True,17,8,6,2,0.7,False,0.4988875387114936,0.4988875387114936,0.4988875387114936,0.644577746680644,2025-10-28,2025-11-04,False,0,False,,0.4988875387114936,False,61,10,4,6,-2,0.0324188327915906,False,False,False,False,0.4988875387114936,"{""COT_FRESH"": 0.11528136059108389, ""FRESH_OR_CONSENSUS"": 0.4099404869128674, ""HELIOS_CONSENSUS"": 0.4099404869128674, ""KEEP"": 0.03241883279159066, ""OPAL_ALL"": 0.03241883279159066}","{""COT_FRESH"": 1.0, ""FRESH_OR_CONSENSUS"": 2.0, ""HELIOS_CONSENSUS"": 2.0, ""KEEP"": 0.0, ""OPAL_ALL"": 0.0}",False,False,0.4988875387114936
2025-11-10,2025-11-11,2025-11-13,2025,2025-11,1,0.03770944514235,0.8019621420853087,0.7847680626625777,0.7847680626625777,0.7847680626625777,0.7847680626625777,PATH_GLOBAL,63,5,95,0.4905723593558123,0.4839262496221103,False,False,False,False,0.7847680626625777,0.1882729998522827,0,False,1,,True,17,8,6,2,0.7,False,0.7847680626625777,0.7847680626625777,0.7847680626625777,0.1882729998522827,2025-10-28,2025-11-04,False,0,False,,0.7847680626625777,False,61,10,4,6,-2,0.0324188327915906,False,False,False,False,0.7847680626625777,"{""COT_FRESH"": 0.11528136059108389, ""FRESH_OR_CONSENSUS"": 0.4099404869128674, ""HELIOS_CONSENSUS"": 0.4099404869128674, ""KEEP"": 0.03241883279159066, ""OPAL_ALL"": 0.03241883279159066}","{""COT_FRESH"": 1.0, ""FRESH_OR_CONSENSUS"": 2.0, ""HELIOS_CONSENSUS"": 2.0, ""KEEP"": 0.0, ""OPAL_ALL"": 0.0}",False,False,0.7847680626625777
2025-11-11,2025-11-12,2025-11-14,2025,2025-11,1,0.0057117535114216,0.6631700516249046,0.5925419634877224,0.5925419634877224,0.5925419634877224,0.5925419634877224,PATH_GLOBAL,63,5,95,0.4905723593558123,0.4839262496221103,False,False,False,False,0.5925419634877224,0.6784165415669635,0,False,1,,True,17,8,6,2,0.7,False,0.5925419634877224,0.5925419634877224,0.5925419634877224,0.6784165415669635,2025-11-04,2025-11-11,False,0,False,,0.5925419634877224,False,61,10,4,6,-2,0.0324188327915906,False,False,False,False,0.5925419634877224,"{""COT_FRESH"": 0.11528136059108389, ""FRESH_OR_CONSENSUS"": 0.4099404869128674, ""HELIOS_CONSENSUS"": 0.4099404869128674, ""KEEP"": 0.03241883279159066, ""OPAL_ALL"": 0.03241883279159066}","{""COT_FRESH"": 1.0, ""FRESH_OR_CONSENSUS"": 2.0, ""HELIOS_CONSENSUS"": 2.0, ""KEEP"": 0.0, ""OPAL_ALL"": 0.0}",False,False,0.5925419634877224
2025-11-12,2025-11-13,2025-11-17,2025,2025-11,0,-0.0089964401832599,0.9033391237636204,0.8921039653319449,0.8921039653319449,0.8921039653319449,0.8921039653319449,PATH_GLOBAL,63,5,95,0.4905723593558123,0.4839262496221103,False,False,False,False,0.8921039653319449,0.1922473998224909,0,False,1,,True,17,8,6,2,0.7,False,0.8921039653319449,0.8921039653319449,0.8921039653319449,0.1922473998224909,2025-11-04,2025-11-11,False,0,False,,0.8921039653319449,False,61,10,4,6,-2,0.0324188327915906,False,False,False,False,0.8921039653319449,"{""COT_FRESH"": 0.11528136059108389, ""FRESH_OR_CONSENSUS"": 0.4099404869128674, ""HELIOS_CONSENSUS"": 0.4099404869128674, ""KEEP"": 0.03241883279159066, ""OPAL_ALL"": 0.03241883279159066}","{""COT_FRESH"": 1.0, ""FRESH_OR_CONSENSUS"": 2.0, ""HELIOS_CONSENSUS"": 2.0, ""KEEP"": 0.0, ""OPAL_ALL"": 0.0}",False,False,0.8921039653319449
2025-11-13,2025-11-14,2025-11-18,2025,2025-11,0,-0.0467134659912986,0.3305486533857488,0.2811957189215611,0.2811957189215611,0.2811957189215611,0.2811957189215611,PATH_GLOBAL,63,4,95,0.4905723593558123,0.4839262496221103,False,True,False,False,0.2811957189215611,0.4862558373018461,1,False,0,,True,17,8,6,2,0.7,False,0.2811957189215611,0.2811957189215611,0.2811957189215611,0.4862558373018461,2025-11-04,2025-11-11,False,0,False,,0.2811957189215611,False,61,10,4,6,-2,0.0324188327915906,False,False,False,False,0.2811957189215611,"{""COT_FRESH"": 0.11528136059108389, ""FRESH_OR_CONSENSUS"": 0.4099404869128674, ""HELIOS_CONSENSUS"": 0.4099404869128674, ""KEEP"": 0.03241883279159066, ""OPAL_ALL"": 0.03241883279159066}","{""COT_FRESH"": 1.0, ""FRESH_OR_CONSENSUS"": 2.0, ""HELIOS_CONSENSUS"": 2.0, ""KEEP"": 0.0, ""OPAL_ALL"": 0.0}",False,False,0.2811957189215611
2025-11-14,2025-11-17,2025-11-19,2025,2025-11,0,-0.0122223273594059,0.0772326853833224,0.0702724437664483,0.0702724437664483,0.0702724437664483,0.0702724437664483,PATH_GLOBAL,63,4,95,0.4905723593558123,0.4839262496221103,False,False,False,False,0.0702724437664483,0.4562284293904853,0,False,0,,True,17,8,6,2,0.7,False,0.0702724437664483,0.0702724437664483,0.0702724437664483,0.4562284293904853,2025-11-04,2025-11-11,False,0,False,,0.0702724437664483,False,61,10,4,6,-2,0.0324188327915906,False,False,False,False,0.0702724437664483,"{""COT_FRESH"": 0.11528136059108389, ""FRESH_OR_CONSENSUS"": 0.4099404869128674, ""HELIOS_CONSENSUS"": 0.4099404869128674, ""KEEP"": 0.03241883279159066, ""OPAL_ALL"": 0.03241883279159066}","{""COT_FRESH"": 1.0, ""FRESH_OR_CONSENSUS"": 2.0, ""HELIOS_CONSENSUS"": 2.0, ""KEEP"": 0.0, ""OPAL_ALL"": 0.0}",False,False,0.0702724437664483
2025-11-17,2025-11-18,2025-11-20,2025,2025-11,0,-0.0050701394558543,0.4220977515376926,0.4051701732346093,0.4051701732346093,0.4051701732346093,0.4051701732346093,PATH_GLOBAL,63,4,95,0.4905723593558123,0.4839262496221103,False,False,False,False,0.4051701732346093,0.6348894765037164,0,False,0,,True,17,8,6,2,0.7,False,0.4051701732346093,0.4051701732346093,0.4051701732346093,0.6348894765037164,2025-11-10,2025-11-17,False,0,False,,0.4051701732346093,False,61,10,4,6,-2,0.0324188327915906,False,False,False,False,0.4051701732346093,"{""COT_FRESH"": 0.11528136059108389, ""FRESH_OR_CONSENSUS"": 0.4099404869128674, ""HELIOS_CONSENSUS"": 0.4099404869128674, ""KEEP"": 0.03241883279159066, ""OPAL_ALL"": 0.03241883279159066}","{""COT_FRESH"": 1.0, ""FRESH_OR_CONSENSUS"": 2.0, ""HELIOS_CONSENSUS"": 2.0, ""KEEP"": 0.0, ""OPAL_ALL"": 0.0}",False,False,0.4051701732346093
2025-11-18,2025-11-19,2025-11-21,2025,2025-11,0,-0.0016717545548005,0.6252502268288856,0.6750284325883658,0.6750284325883658,0.6750284325883658,0.6750284325883658,PATH_GLOBAL,63,3,95,0.4905723593558123,0.4839262496221103,False,False,False,False,0.6750284325883658,0.3886702798567755,0,False,1,,True,17,8,6,2,0.7,False,0.6750284325883658,0.6750284325883658,0.6750284325883658,0.3886702798567755,2025-11-10,2025-11-17,False,0,False,,0.6750284325883658,False,61,10,4,6,-2,0.0324188327915906,False,False,False,False,0.6750284325883658,"{""COT_FRESH"": 0.11528136059108389, ""FRESH_OR_CONSENSUS"": 0.4099404869128674, ""HELIOS_CONSENSUS"": 0.4099404869128674, ""KEEP"": 0.03241883279159066, ""OPAL_ALL"": 0.03241883279159066}","{""COT_FRESH"": 1.0, ""FRESH_OR_CONSENSUS"": 2.0, ""HELIOS_CONSENSUS"": 2.0, ""KEEP"": 0.0, ""OPAL_ALL"": 0.0}",False,False,0.6750284325883658
2025-11-19,2025-11-20,2025-11-24,2025,2025-11,0,-0.0104419797965332,0.351453707978247,0.3672704549757483,0.3672704549757483,0.3672704549757483,0.3672704549757483,PATH_GLOBAL,63,2,95,0.4905723593558123,0.4839262496221103,False,False,False,False,0.3672704549757483,0.5728021650471335,0,False,0,,True,17,8,6,2,0.7,False,0.3672704549757483,0.3672704549757483,0.3672704549757483,0.5728021650471335,2025-11-10,2025-11-17,False,0,False,,0.3672704549757483,False,61,10,4,6,-2,0.0324188327915906,False,False,False,False,0.3672704549757483,"{""COT_FRESH"": 0.11528136059108389, ""FRESH_OR_CONSENSUS"": 0.4099404869128674, ""HELIOS_CONSENSUS"": 0.4099404869128674, ""KEEP"": 0.03241883279159066, ""OPAL_ALL"": 0.03241883279159066}","{""COT_FRESH"": 1.0, ""FRESH_OR_CONSENSUS"": 2.0, ""HELIOS_CONSENSUS"": 2.0, ""KEEP"": 0.0, ""OPAL_ALL"": 0.0}",False,False,0.3672704549757483
2025-11-20,2025-11-21,2025-11-25,2025,2025-11,1,0.0165028706535662,0.5383132859680397,0.6079252971597966,0.6079252971597966,0.6079252971597966,0.6079252971597966,PATH_GLOBAL,63,2,95,0.4905723593558123,0.4839262496221103,False,False,False,False,0.6079252971597966,0.4758401507099267,0,False,1,,True,17,8,6,2,0.7,False,0.6079252971597966,0.6079252971597966,0.6079252971597966,0.4758401507099267,2025-11-10,2025-11-17,False,0,False,,0.6079252971597966,False,61,10,4,6,-2,0.0324188327915906,False,False,False,False,0.6079252971597966,"{""COT_FRESH"": 0.11528136059108389, ""FRESH_OR_CONSENSUS"": 0.4099404869128674, ""HELIOS_CONSENSUS"": 0.4099404869128674, ""KEEP"": 0.03241883279159066, ""OPAL_ALL"": 0.03241883279159066}","{""COT_FRESH"": 1.0, ""FRESH_OR_CONSENSUS"": 2.0, ""HELIOS_CONSENSUS"": 2.0, ""KEEP"": 0.0, ""OPAL_ALL"": 0.0}",False,False,0.6079252971597966
2025-11-21,2025-11-24,2025-11-26,2025,2025-11,1,0.0297082377258194,0.4573877042289538,0.5614904089460224,0.5614904089460224,0.5614904089460224,0.5614904089460224,PATH_GLOBAL,63,2,95,0.4905723593558123,0.4839262496221103,True,False,False,False,0.5614904089460224,0.4590846177498142,1,False,1,,True,17,8,6,2,0.7,False,0.5614904089460224,0.5614904089460224,0.5614904089460224,0.4590846177498142,2025-11-10,2025-11-17,False,0,False,,0.5614904089460224,False,61,10,4,6,-2,0.0324188327915906,False,False,False,False,0.5614904089460224,"{""COT_FRESH"": 0.11528136059108389, ""FRESH_OR_CONSENSUS"": 0.4099404869128674, ""HELIOS_CONSENSUS"": 0.4099404869128674, ""KEEP"": 0.03241883279159066, ""OPAL_ALL"": 0.03241883279159066}","{""COT_FRESH"": 1.0, ""FRESH_OR_CONSENSUS"": 2.0, ""HELIOS_CONSENSUS"": 2.0, ""KEEP"": 0.0, ""OPAL_ALL"": 0.0}",False,False,0.5614904089460224
2025-11-24,2025-11-25,2025-11-27,2025,2025-11,1,0.0209325383952566,0.8664302395406206,0.8949065039585224,0.8949065039585224,0.8949065039585224,0.8949065039585224,PATH_GLOBAL,63,2,95,0.4905723593558123,0.4839262496221103,False,False,False,False,0.8949065039585224,0.1451051030355795,0,False,1,,True,17,8,6,2,0.7,False,0.8949065039585224,0.8949065039585224,0.8949065039585224,0.1451051030355795,2025-11-10,2025-11-17,False,0,False,,0.8949065039585224,False,61,10,4,6,-2,0.0324188327915906,False,False,False,False,0.8949065039585224,"{""COT_FRESH"": 0.11528136059108389, ""FRESH_OR_CONSENSUS"": 0.4099404869128674, ""HELIOS_CONSENSUS"": 0.4099404869128674, ""KEEP"": 0.03241883279159066, ""OPAL_ALL"": 0.03241883279159066}","{""COT_FRESH"": 1.0, ""FRESH_OR_CONSENSUS"": 2.0, ""HELIOS_CONSENSUS"": 2.0, ""KEEP"": 0.0, ""OPAL_ALL"": 0.0}",False,False,0.8949065039585224
2025-11-25,2025-11-26,2025-11-28,2025,2025-11,1,0.0070571071756924,0.519618649199104,0.5365251243287883,0.5365251243287883,0.5365251243287883,0.5365251243287883,PATH_GLOBAL,63,2,95,0.4905723593558123,0.4839262496221103,True,False,True,False,0.5365251243287883,0.528507776486244,2,False,1,,True,17,8,6,2,0.7,False,0.5365251243287883,0.5365251243287883,0.5365251243287883,0.528507776486244,2025-11-18,2025-11-25,False,0,False,,0.5365251243287883,False,61,10,4,6,-2,0.0324188327915906,False,False,False,False,0.5365251243287883,"{""COT_FRESH"": 0.11528136059108389, ""FRESH_OR_CONSENSUS"": 0.4099404869128674, ""HELIOS_CONSENSUS"": 0.4099404869128674, ""KEEP"": 0.03241883279159066, ""OPAL_ALL"": 0.03241883279159066}","{""COT_FRESH"": 1.0, ""FRESH_OR_CONSENSUS"": 2.0, ""HELIOS_CONSENSUS"": 2.0, ""KEEP"": 0.0, ""OPAL_ALL"": 0.0}",False,False,0.5365251243287883
2025-11-26,2025-11-27,2025-12-01,2025,2025-11,1,0.0233421814232475,0.551318473303887,0.5705264751744971,0.5705264751744971,0.5705264751744971,0.5705264751744971,PATH_GLOBAL,63,3,96,0.5757978340386095,0.6546614486658231,False,False,True,False,0.5705264751744971,0.5177598733054549,1,False,1,,True,17,8,6,2,0.7,False,0.5705264751744971,0.5705264751744971,0.5705264751744971,0.5177598733054549,2025-11-18,2025-11-25,False,0,False,,0.5705264751744971,False,61,10,4,6,-2,0.0324188327915906,False,False,False,False,0.5705264751744971,"{""COT_FRESH"": 0.11528136059108389, ""FRESH_OR_CONSENSUS"": 0.4099404869128674, ""HELIOS_CONSENSUS"": 0.4099404869128674, ""KEEP"": 0.03241883279159066, ""OPAL_ALL"": 0.03241883279159066}","{""COT_FRESH"": 1.0, ""FRESH_OR_CONSENSUS"": 2.0, ""HELIOS_CONSENSUS"": 2.0, ""KEEP"": 0.0, ""OPAL_ALL"": 0.0}",False,False,0.5705264751744971
2025-11-27,2025-11-28,2025-12-02,2025,2025-11,1,0.0076022285386803,0.5879474945163885,0.5513731539499345,0.5513731539499345,0.5513731539499345,0.5513731539499345,PATH_GLOBAL,63,3,96,0.5757978340386095,0.6546614486658231,False,False,False,False,0.5513731539499345,0.6845799298208933,0,False,1,,True,17,8,6,2,0.7,False,0.5513731539499345,0.5513731539499345,0.5513731539499345,0.6845799298208933,2025-11-18,2025-11-25,False,0,False,,0.5513731539499345,False,61,10,4,6,-2,0.0324188327915906,False,False,False,False,0.5513731539499345,"{""COT_FRESH"": 0.11528136059108389, ""FRESH_OR_CONSENSUS"": 0.4099404869128674, ""HELIOS_CONSENSUS"": 0.4099404869128674, ""KEEP"": 0.03241883279159066, ""OPAL_ALL"": 0.03241883279159066}","{""COT_FRESH"": 1.0, ""FRESH_OR_CONSENSUS"": 2.0, ""HELIOS_CONSENSUS"": 2.0, ""KEEP"": 0.0, ""OPAL_ALL"": 0.0}",False,False,0.5513731539499345
2025-11-28,2025-12-01,2025-12-03,2025,2025-12,1,0.0099279549460205,0.8569896182654122,0.7946191623304547,0.7946191623304547,0.7946191623304547,0.7946191623304547,PATH_GLOBAL,63,3,96,0.5757978340386095,0.6546614486658231,False,False,False,False,0.7946191623304547,0.1644741612369153,0,False,1,,True,17,8,6,2,0.7,False,0.7946191623304547,0.7946191623304547,0.7946191623304547,0.1644741612369153,2025-11-18,2025-11-25,False,0,False,,0.7946191623304547,False,61,10,4,6,-2,0.0324188327915906,False,False,False,False,0.7946191623304547,"{""COT_FRESH"": 0.11528136059108389, ""FRESH_OR_CONSENSUS"": 0.4099404869128674, ""HELIOS_CONSENSUS"": 0.4099404869128674, ""KEEP"": 0.03241883279159066, ""OPAL_ALL"": 0.03241883279159066}","{""COT_FRESH"": 1.0, ""FRESH_OR_CONSENSUS"": 2.0, ""HELIOS_CONSENSUS"": 2.0, ""KEEP"": 0.0, ""OPAL_ALL"": 0.0}",False,False,0.7946191623304547
2025-12-01,2025-12-02,2025-12-04,2025,2025-12,0,-0.0129177532054679,0.565877869132703,0.4526816174485454,0.4526816174485454,0.4526816174485454,0.4526816174485454,PATH_GLOBAL,63,3,96,0.5757978340386095,0.6546614486658231,False,False,False,False,0.4526816174485454,0.6274016054090111,0,False,0,,True,17,8,6,2,0.7,False,0.4526816174485454,0.4526816174485454,0.4526816174485454,0.6274016054090111,2025-11-18,2025-11-25,False,0,False,,0.4526816174485454,False,61,10,4,6,-2,0.0324188327915906,False,False,False,False,0.4526816174485454,"{""COT_FRESH"": 0.11528136059108389, ""FRESH_OR_CONSENSUS"": 0.4099404869128674, ""HELIOS_CONSENSUS"": 0.4099404869128674, ""KEEP"": 0.03241883279159066, ""OPAL_ALL"": 0.03241883279159066}","{""COT_FRESH"": 1.0, ""FRESH_OR_CONSENSUS"": 2.0, ""HELIOS_CONSENSUS"": 2.0, ""KEEP"": 0.0, ""OPAL_ALL"": 0.0}",False,False,0.4526816174485454
2025-12-02,2025-12-03,2025-12-05,2025,2025-12,1,0.0091204294625134,0.7358533549924915,0.5927146337259286,0.5927146337259286,0.5927146337259286,0.5927146337259286,PATH_GLOBAL,63,3,96,0.5757978340386095,0.6546614486658231,False,False,False,False,0.5927146337259286,0.5912733316126568,0,False,1,,True,17,8,6,2,0.7,False,0.5927146337259286,0.5927146337259286,0.5927146337259286,0.5912733316126568,2025-11-25,2025-12-02,False,0,False,,0.5927146337259286,False,61,10,4,6,-2,0.0324188327915906,False,False,False,False,0.5927146337259286,"{""COT_FRESH"": 0.11528136059108389, ""FRESH_OR_CONSENSUS"": 0.4099404869128674, ""HELIOS_CONSENSUS"": 0.4099404869128674, ""KEEP"": 0.03241883279159066, ""OPAL_ALL"": 0.03241883279159066}","{""COT_FRESH"": 1.0, ""FRESH_OR_CONSENSUS"": 2.0, ""HELIOS_CONSENSUS"": 2.0, ""KEEP"": 0.0, ""OPAL_ALL"": 0.0}",False,False,0.5927146337259286
2025-12-03,2025-12-04,2025-12-08,2025,2025-12,1,0.0007733446349457,0.6542243818335238,0.5369026358312092,0.5369026358312092,0.5369026358312092,0.5369026358312092,PATH_GLOBAL,63,3,96,0.5757978340386095,0.6546614486658231,True,False,True,False,0.5369026358312092,0.6292290742582685,2,False,1,,True,17,8,6,2,0.7,False,0.5369026358312092,0.5369026358312092,0.5369026358312092,0.6292290742582685,2025-11-25,2025-12-02,False,0,False,,0.5369026358312092,False,61,10,4,6,-2,0.0324188327915906,False,False,False,False,0.5369026358312092,"{""COT_FRESH"": 0.11528136059108389, ""FRESH_OR_CONSENSUS"": 0.4099404869128674, ""HELIOS_CONSENSUS"": 0.4099404869128674, ""KEEP"": 0.03241883279159066, ""OPAL_ALL"": 0.03241883279159066}","{""COT_FRESH"": 1.0, ""FRESH_OR_CONSENSUS"": 2.0, ""HELIOS_CONSENSUS"": 2.0, ""KEEP"": 0.0, ""OPAL_ALL"": 0.0}",False,False,0.5369026358312092
2025-12-04,2025-12-05,2025-12-09,2025,2025-12,1,0.0012731503858495,0.6312747679262795,0.5964423206302767,0.5964423206302767,0.5964423206302767,0.5964423206302767,PATH_GLOBAL,63,4,97,0.6340546639861951,0.7737215811970473,False,False,False,False,0.5964423206302767,0.5559989788673604,0,False,1,,True,17,8,6,2,0.7,False,0.5964423206302767,0.5964423206302767,0.5964423206302767,0.5559989788673604,2025-11-25,2025-12-02,False,0,False,,0.5964423206302767,False,61,10,4,6,-2,0.0324188327915906,False,False,False,False,0.5964423206302767,"{""COT_FRESH"": 0.11528136059108389, ""FRESH_OR_CONSENSUS"": 0.4099404869128674, ""HELIOS_CONSENSUS"": 0.4099404869128674, ""KEEP"": 0.03241883279159066, ""OPAL_ALL"": 0.03241883279159066}","{""COT_FRESH"": 1.0, ""FRESH_OR_CONSENSUS"": 2.0, ""HELIOS_CONSENSUS"": 2.0, ""KEEP"": 0.0, ""OPAL_ALL"": 0.0}",False,False,0.5964423206302767
2025-12-05,2025-12-08,2025-12-10,2025,2025-12,0,-0.0077595764514089,0.4227342313114867,0.3704582080719827,0.3704582080719827,0.3704582080719827,0.3704582080719827,PATH_GLOBAL,63,3,97,0.6340546639861951,0.7737215811970473,False,False,False,False,0.3704582080719827,0.4490159518854624,0,False,0,,True,17,8,6,2,0.7,False,0.3704582080719827,0.3704582080719827,0.3704582080719827,0.4490159518854624,2025-11-25,2025-12-02,False,0,False,,0.3704582080719827,False,61,10,4,6,-2,0.0324188327915906,False,False,False,False,0.3704582080719827,"{""COT_FRESH"": 0.11528136059108389, ""FRESH_OR_CONSENSUS"": 0.4099404869128674, ""HELIOS_CONSENSUS"": 0.4099404869128674, ""KEEP"": 0.03241883279159066, ""OPAL_ALL"": 0.03241883279159066}","{""COT_FRESH"": 1.0, ""FRESH_OR_CONSENSUS"": 2.0, ""HELIOS_CONSENSUS"": 2.0, ""KEEP"": 0.0, ""OPAL_ALL"": 0.0}",False,False,0.3704582080719827
2025-12-08,2025-12-09,2025-12-11,2025,2025-12,1,0.0022333900964138,0.4564241243876463,0.4360669747113649,0.4360669747113649,0.4360669747113649,0.4360669747113649,PATH_GLOBAL,63,3,97,0.6340546639861951,0.7737215811970473,False,False,False,False,0.4360669747113649,0.4910612315790442,0,False,0,,True,17,8,6,2,0.7,False,0.4360669747113649,0.4360669747113649,0.4360669747113649,0.4910612315790442,2025-11-25,2025-12-02,False,0,False,,0.4360669747113649,False,61,10,4,6,-2,0.0324188327915906,False,False,False,False,0.4360669747113649,"{""COT_FRESH"": 0.11528136059108389, ""FRESH_OR_CONSENSUS"": 0.4099404869128674, ""HELIOS_CONSENSUS"": 0.4099404869128674, ""KEEP"": 0.03241883279159066, ""OPAL_ALL"": 0.03241883279159066}","{""COT_FRESH"": 1.0, ""FRESH_OR_CONSENSUS"": 2.0, ""HELIOS_CONSENSUS"": 2.0, ""KEEP"": 0.0, ""OPAL_ALL"": 0.0}",False,False,0.4360669747113649
2025-12-09,2025-12-10,2025-12-12,2025,2025-12,1,0.0269010338474075,0.5502435971846922,0.5879482738027547,0.5879482738027547,0.5879482738027547,0.5879482738027547,PATH_GLOBAL,63,3,97,0.6340546639861951,0.7737215811970473,False,False,False,False,0.5879482738027547,0.6390186507719117,0,False,1,,True,17,8,6,2,0.7,False,0.5879482738027547,0.5879482738027547,0.5879482738027547,0.6390186507719117,2025-12-02,2025-12-09,False,0,False,,0.5879482738027547,False,61,10,4,6,-2,0.0324188327915906,False,False,False,False,0.5879482738027547,"{""COT_FRESH"": 0.11528136059108389, ""FRESH_OR_CONSENSUS"": 0.4099404869128674, ""HELIOS_CONSENSUS"": 0.4099404869128674, ""KEEP"": 0.03241883279159066, ""OPAL_ALL"": 0.03241883279159066}","{""COT_FRESH"": 1.0, ""FRESH_OR_CONSENSUS"": 2.0, ""HELIOS_CONSENSUS"": 2.0, ""KEEP"": 0.0, ""OPAL_ALL"": 0.0}",False,False,0.5879482738027547
2025-12-10,2025-12-11,2025-12-15,2025,2025-12,1,0.0342633382692721,0.7987613814929199,0.7705554052553901,0.7705554052553901,0.7705554052553901,0.7705554052553901,PATH_GLOBAL,63,3,97,0.6340546639861951,0.7737215811970473,False,False,False,False,0.7705554052553901,0.446545589752609,0,False,1,,True,17,8,6,2,0.7,False,0.7705554052553901,0.7705554052553901,0.7705554052553901,0.446545589752609,2025-12-02,2025-12-09,False,0,False,,0.7705554052553901,False,61,10,4,6,-2,0.0324188327915906,False,False,False,False,0.7705554052553901,"{""COT_FRESH"": 0.11528136059108389, ""FRESH_OR_CONSENSUS"": 0.4099404869128674, ""HELIOS_CONSENSUS"": 0.4099404869128674, ""KEEP"": 0.03241883279159066, ""OPAL_ALL"": 0.03241883279159066}","{""COT_FRESH"": 1.0, ""FRESH_OR_CONSENSUS"": 2.0, ""HELIOS_CONSENSUS"": 2.0, ""KEEP"": 0.0, ""OPAL_ALL"": 0.0}",False,False,0.7705554052553901
2025-12-11,2025-12-12,2025-12-16,2025,2025-12,1,0.0147709345306139,0.900929644358381,0.8636195261005709,0.8636195261005709,0.8636195261005709,0.8636195261005709,PATH_GLOBAL,63,3,97,0.6340546639861951,0.7737215811970473,False,False,False,False,0.8636195261005709,0.3211420361585329,0,False,1,,True,17,8,6,2,0.7,False,0.8636195261005709,0.8636195261005709,0.8636195261005709,0.3211420361585329,2025-12-02,2025-12-09,False,0,False,,0.8636195261005709,False,61,10,4,6,-2,0.0324188327915906,False,False,False,False,0.8636195261005709,"{""COT_FRESH"": 0.11528136059108389, ""FRESH_OR_CONSENSUS"": 0.4099404869128674, ""HELIOS_CONSENSUS"": 0.4099404869128674, ""KEEP"": 0.03241883279159066, ""OPAL_ALL"": 0.03241883279159066}","{""COT_FRESH"": 1.0, ""FRESH_OR_CONSENSUS"": 2.0, ""HELIOS_CONSENSUS"": 2.0, ""KEEP"": 0.0, ""OPAL_ALL"": 0.0}",False,False,0.8636195261005709
2025-12-12,2025-12-15,2025-12-17,2025,2025-12,0,-0.0010770933421855,0.6446773740296062,0.5355391711615742,0.5355391711615742,0.5355391711615742,0.5355391711615742,PATH_GLOBAL,63,2,97,0.6340546639861951,0.7737215811970473,False,False,False,False,0.5355391711615742,0.6799872682463691,0,False,1,,True,17,8,6,2,0.7,False,0.5355391711615742,0.5355391711615742,0.5355391711615742,0.6799872682463691,2025-12-02,2025-12-09,False,0,False,,0.5355391711615742,False,61,10,4,6,-2,0.0324188327915906,False,False,False,False,0.5355391711615742,"{""COT_FRESH"": 0.11528136059108389, ""FRESH_OR_CONSENSUS"": 0.4099404869128674, ""HELIOS_CONSENSUS"": 0.4099404869128674, ""KEEP"": 0.03241883279159066, ""OPAL_ALL"": 0.03241883279159066}","{""COT_FRESH"": 1.0, ""FRESH_OR_CONSENSUS"": 2.0, ""HELIOS_CONSENSUS"": 2.0, ""KEEP"": 0.0, ""OPAL_ALL"": 0.0}",False,False,0.5355391711615742
2025-12-15,2025-12-16,2025-12-18,2025,2025-12,0,-0.0036724412167634,0.3901882046946197,0.3245486431419046,0.3245486431419046,0.3245486431419046,0.3245486431419046,PATH_GLOBAL,63,1,97,0.6340546639861951,0.7737215811970473,False,False,False,False,0.3245486431419046,0.4467727123650034,0,False,0,,True,17,8,6,2,0.7,False,0.3245486431419046,0.3245486431419046,0.3245486431419046,0.4467727123650034,2025-12-02,2025-12-09,False,0,False,,0.3245486431419046,False,61,10,4,6,-2,0.0324188327915906,False,False,False,False,0.3245486431419046,"{""COT_FRESH"": 0.11528136059108389, ""FRESH_OR_CONSENSUS"": 0.4099404869128674, ""HELIOS_CONSENSUS"": 0.4099404869128674, ""KEEP"": 0.03241883279159066, ""OPAL_ALL"": 0.03241883279159066}","{""COT_FRESH"": 1.0, ""FRESH_OR_CONSENSUS"": 2.0, ""HELIOS_CONSENSUS"": 2.0, ""KEEP"": 0.0, ""OPAL_ALL"": 0.0}",False,False,0.3245486431419046
2025-12-16,2025-12-17,2025-12-19,2025,2025-12,1,0.011925104706823,0.6530396859837441,0.6390406275493071,0.6390406275493071,0.6390406275493071,0.6390406275493071,PATH_GLOBAL,63,1,97,0.6340546639861951,0.7737215811970473,False,False,False,False,0.6390406275493071,0.5664022483202935,0,False,1,,True,17,8,6,2,0.7,False,0.6390406275493071,0.6390406275493071,0.6390406275493071,0.5664022483202935,2025-12-09,2025-12-16,False,0,False,,0.6390406275493071,False,61,10,4,6,-2,0.0324188327915906,False,False,False,False,0.6390406275493071,"{""COT_FRESH"": 0.11528136059108389, ""FRESH_OR_CONSENSUS"": 0.4099404869128674, ""HELIOS_CONSENSUS"": 0.4099404869128674, ""KEEP"": 0.03241883279159066, ""OPAL_ALL"": 0.03241883279159066}","{""COT_FRESH"": 1.0, ""FRESH_OR_CONSENSUS"": 2.0, ""HELIOS_CONSENSUS"": 2.0, ""KEEP"": 0.0, ""OPAL_ALL"": 0.0}",False,False,0.6390406275493071
2025-12-17,2025-12-18,2025-12-22,2025,2025-12,1,0.0209273829711732,0.6409395808710047,0.6642045871230787,0.6642045871230787,0.6642045871230787,0.6642045871230787,PATH_GLOBAL,63,1,97,0.6340546639861951,0.7737215811970473,False,False,False,False,0.6642045871230787,0.5433014850409806,0,False,1,,True,17,8,6,2,0.7,False,0.6642045871230787,0.6642045871230787,0.6642045871230787,0.5433014850409806,2025-12-09,2025-12-16,False,0,False,,0.6642045871230787,False,61,10,4,6,-2,0.0324188327915906,False,False,False,False,0.6642045871230787,"{""COT_FRESH"": 0.11528136059108389, ""FRESH_OR_CONSENSUS"": 0.4099404869128674, ""HELIOS_CONSENSUS"": 0.4099404869128674, ""KEEP"": 0.03241883279159066, ""OPAL_ALL"": 0.03241883279159066}","{""COT_FRESH"": 1.0, ""FRESH_OR_CONSENSUS"": 2.0, ""HELIOS_CONSENSUS"": 2.0, ""KEEP"": 0.0, ""OPAL_ALL"": 0.0}",False,False,0.6642045871230787
2025-12-18,2025-12-19,2025-12-23,2025,2025-12,1,0.0364102035603399,0.5443517703394696,0.6063529498369257,0.6063529498369257,0.6063529498369257,0.6063529498369257,PATH_GLOBAL,63,1,97,0.6340546639861951,0.7737215811970473,False,False,False,False,0.6063529498369257,0.6599746169288584,0,False,1,,True,17,8,6,2,0.7,False,0.6063529498369257,0.6063529498369257,0.6063529498369257,0.6599746169288584,2025-12-09,2025-12-16,False,0,False,,0.6063529498369257,False,61,10,4,6,-2,0.0324188327915906,False,False,False,False,0.6063529498369257,"{""COT_FRESH"": 0.11528136059108389, ""FRESH_OR_CONSENSUS"": 0.4099404869128674, ""HELIOS_CONSENSUS"": 0.4099404869128674, ""KEEP"": 0.03241883279159066, ""OPAL_ALL"": 0.03241883279159066}","{""COT_FRESH"": 1.0, ""FRESH_OR_CONSENSUS"": 2.0, ""HELIOS_CONSENSUS"": 2.0, ""KEEP"": 0.0, ""OPAL_ALL"": 0.0}",False,False,0.6063529498369257
2025-12-19,2025-12-22,2025-12-24,2025,2025-12,1,0.034800039896985,0.4825580168440552,0.5734465270127136,0.5734465270127136,0.5734465270127136,0.5734465270127136,PATH_GLOBAL,63,1,97,0.6340546639861951,0.7737215811970473,False,False,False,False,0.5734465270127136,0.5970947774619374,0,False,1,,True,17,8,6,2,0.7,False,0.5734465270127136,0.5734465270127136,0.5734465270127136,0.5970947774619374,2025-12-09,2025-12-16,False,0,False,,0.5734465270127136,False,61,10,4,6,-2,0.0324188327915906,False,False,False,False,0.5734465270127136,"{""COT_FRESH"": 0.11528136059108389, ""FRESH_OR_CONSENSUS"": 0.4099404869128674, ""HELIOS_CONSENSUS"": 0.4099404869128674, ""KEEP"": 0.03241883279159066, ""OPAL_ALL"": 0.03241883279159066}","{""COT_FRESH"": 1.0, ""FRESH_OR_CONSENSUS"": 2.0, ""HELIOS_CONSENSUS"": 2.0, ""KEEP"": 0.0, ""OPAL_ALL"": 0.0}",False,False,0.5734465270127136
2025-12-22,2025-12-23,2025-12-29,2025,2025-12,1,0.0116542099862295,0.7715656702983392,0.7861095337073575,0.7861095337073575,0.7861095337073575,0.7861095337073575,PATH_GLOBAL,63,1,97,0.6340546639861951,0.7737215811970473,False,False,False,False,0.7861095337073575,0.3296514001098616,0,False,1,,True,17,8,6,2,0.7,False,0.7861095337073575,0.7861095337073575,0.7861095337073575,0.3296514001098616,2025-12-09,2025-12-16,False,0,False,,0.7861095337073575,False,61,10,4,6,-2,0.0324188327915906,False,False,False,False,0.7861095337073575,"{""COT_FRESH"": 0.11528136059108389, ""FRESH_OR_CONSENSUS"": 0.4099404869128674, ""HELIOS_CONSENSUS"": 0.4099404869128674, ""KEEP"": 0.03241883279159066, ""OPAL_ALL"": 0.03241883279159066}","{""COT_FRESH"": 1.0, ""FRESH_OR_CONSENSUS"": 2.0, ""HELIOS_CONSENSUS"": 2.0, ""KEEP"": 0.0, ""OPAL_ALL"": 0.0}",False,False,0.7861095337073575
2025-12-23,2025-12-24,2025-12-30,2025,2025-12,0,-0.0208319731163034,0.556590847564477,0.61866406537412,0.61866406537412,0.61866406537412,0.61866406537412,PATH_GLOBAL,63,1,97,0.6340546639861951,0.7737215811970473,False,False,False,False,0.61866406537412,0.6602978445418031,0,False,1,,True,17,8,6,2,0.7,False,0.61866406537412,0.61866406537412,0.61866406537412,0.6602978445418031,2025-12-16,2025-12-23,False,0,False,,0.61866406537412,False,61,10,4,6,-2,0.0324188327915906,False,False,False,False,0.61866406537412,"{""COT_FRESH"": 0.11528136059108389, ""FRESH_OR_CONSENSUS"": 0.4099404869128674, ""HELIOS_CONSENSUS"": 0.4099404869128674, ""KEEP"": 0.03241883279159066, ""OPAL_ALL"": 0.03241883279159066}","{""COT_FRESH"": 1.0, ""FRESH_OR_CONSENSUS"": 2.0, ""HELIOS_CONSENSUS"": 2.0, ""KEEP"": 0.0, ""OPAL_ALL"": 0.0}",False,False,0.61866406537412
2025-12-24,2025-12-29,2025-12-31,2025,2025-12,0,-0.0393394490005319,0.3585758551983526,0.4709367632467797,0.4709367632467797,0.4709367632467797,0.4709367632467797,PATH_GLOBAL,63,2,98,0.678908228225511,0.8542720092860852,False,False,False,False,0.4709367632467797,0.6102824031490426,0,False,0,,True,17,8,6,2,0.7,False,0.4709367632467797,0.4709367632467797,0.4709367632467797,0.6102824031490426,2025-12-16,2025-12-23,False,0,False,,0.4709367632467797,False,61,10,4,6,-2,0.0324188327915906,False,False,False,False,0.4709367632467797,"{""COT_FRESH"": 0.11528136059108389, ""FRESH_OR_CONSENSUS"": 0.4099404869128674, ""HELIOS_CONSENSUS"": 0.4099404869128674, ""KEEP"": 0.03241883279159066, ""OPAL_ALL"": 0.03241883279159066}","{""COT_FRESH"": 1.0, ""FRESH_OR_CONSENSUS"": 2.0, ""HELIOS_CONSENSUS"": 2.0, ""KEEP"": 0.0, ""OPAL_ALL"": 0.0}",False,False,0.4709367632467797
2025-12-29,2025-12-30,2026-01-02,2025,2025-12,0,-0.0160327247632037,0.0223558952200609,0.0260834858583838,0.0260834858583838,0.0260834858583838,0.0260834858583838,PATH_GLOBAL,63,2,98,0.678908228225511,0.8542720092860852,False,False,False,False,0.0260834858583838,0.3583834265340622,0,False,0,,True,17,8,6,2,0.7,False,0.0260834858583838,0.0260834858583838,0.0260834858583838,0.3583834265340622,2025-12-16,2025-12-23,False,0,False,,0.0260834858583838,False,61,10,4,6,-2,0.0324188327915906,False,False,False,False,0.0260834858583838,"{""COT_FRESH"": 0.11528136059108389, ""FRESH_OR_CONSENSUS"": 0.4099404869128674, ""HELIOS_CONSENSUS"": 0.4099404869128674, ""KEEP"": 0.03241883279159066, ""OPAL_ALL"": 0.03241883279159066}","{""COT_FRESH"": 1.0, ""FRESH_OR_CONSENSUS"": 2.0, ""HELIOS_CONSENSUS"": 2.0, ""KEEP"": 0.0, ""OPAL_ALL"": 0.0}",False,False,0.0260834858583838
2025-12-30,2025-12-31,2026-01-05,2025,2025-12,1,0.0107069223584453,0.243220961192213,0.242100916011596,0.242100916011596,0.242100916011596,0.242100916011596,PATH_GLOBAL,63,2,98,0.678908228225511,0.8542720092860852,False,False,False,False,0.242100916011596,0.5286044072380524,0,False,0,,True,17,8,6,2,0.7,False,0.242100916011596,0.242100916011596,0.242100916011596,0.5286044072380524,2025-12-23,2025-12-30,False,0,False,,0.242100916011596,False,61,10,4,6,-2,0.0324188327915906,False,False,False,False,0.242100916011596,"{""COT_FRESH"": 0.11528136059108389, ""FRESH_OR_CONSENSUS"": 0.4099404869128674, ""HELIOS_CONSENSUS"": 0.4099404869128674, ""KEEP"": 0.03241883279159066, ""OPAL_ALL"": 0.03241883279159066}","{""COT_FRESH"": 1.0, ""FRESH_OR_CONSENSUS"": 2.0, ""HELIOS_CONSENSUS"": 2.0, ""KEEP"": 0.0, ""OPAL_ALL"": 0.0}",False,False,0.242100916011596
2025-12-31,2026-01-02,2026-01-06,2026,2026-01,1,0.0330597299238039,0.4705054626677566,0.5102599179006198,0.5102599179006198,0.5102599179006198,0.5102599179006198,PATH_GLOBAL,63,2,98,0.678908228225511,0.8542720092860852,False,False,False,False,0.5102599179006198,0.5301853165723067,0,False,1,,True,17,8,6,2,0.7,False,0.5102599179006198,0.5102599179006198,0.5102599179006198,0.5301853165723067,2025-12-23,2025-12-30,False,0,False,,0.5102599179006198,False,61,10,4,6,-2,0.0324188327915906,False,False,False,False,0.5102599179006198,"{""COT_FRESH"": 0.11528136059108389, ""FRESH_OR_CONSENSUS"": 0.4099404869128674, ""HELIOS_CONSENSUS"": 0.4099404869128674, ""KEEP"": 0.03241883279159066, ""OPAL_ALL"": 0.03241883279159066}","{""COT_FRESH"": 1.0, ""FRESH_OR_CONSENSUS"": 2.0, ""HELIOS_CONSENSUS"": 2.0, ""KEEP"": 0.0, ""OPAL_ALL"": 0.0}",False,False,0.5102599179006198
2026-01-02,2026-01-05,2026-01-07,2026,2026-01,1,0.0164364344117402,0.3190061158184319,0.2564027664119707,0.2564027664119707,0.2564027664119707,0.2564027664119707,PATH_GLOBAL,63,2,98,0.678908228225511,0.8542720092860852,False,False,False,False,0.2564027664119707,0.2692796616492318,0,False,0,,True,17,8,6,2,0.7,False,0.2564027664119707,0.2564027664119707,0.2564027664119707,0.2692796616492318,2025-12-23,2025-12-30,False,0,False,,0.2564027664119707,False,61,10,4,6,-2,0.0324188327915906,False,False,False,False,0.2564027664119707,"{""COT_FRESH"": 0.11528136059108389, ""FRESH_OR_CONSENSUS"": 0.4099404869128674, ""HELIOS_CONSENSUS"": 0.4099404869128674, ""KEEP"": 0.03241883279159066, ""OPAL_ALL"": 0.03241883279159066}","{""COT_FRESH"": 1.0, ""FRESH_OR_CONSENSUS"": 2.0, ""HELIOS_CONSENSUS"": 2.0, ""KEEP"": 0.0, ""OPAL_ALL"": 0.0}",False,False,0.2564027664119707
2026-01-05,2026-01-06,2026-01-08,2026,2026-01,0,-0.0010373444913626,0.7234327267934336,0.718105069119823,0.718105069119823,0.718105069119823,0.718105069119823,PATH_GLOBAL,63,2,98,0.678908228225511,0.8542720092860852,False,False,False,False,0.718105069119823,0.4983152949267952,0,False,1,,True,17,8,6,2,0.7,False,0.718105069119823,0.718105069119823,0.718105069119823,0.4983152949267952,2025-12-23,2025-12-30,False,0,False,,0.718105069119823,False,61,10,4,6,-2,0.0324188327915906,False,False,False,False,0.718105069119823,"{""COT_FRESH"": 0.11528136059108389, ""FRESH_OR_CONSENSUS"": 0.4099404869128674, ""HELIOS_CONSENSUS"": 0.4099404869128674, ""KEEP"": 0.03241883279159066, ""OPAL_ALL"": 0.03241883279159066}","{""COT_FRESH"": 1.0, ""FRESH_OR_CONSENSUS"": 2.0, ""HELIOS_CONSENSUS"": 2.0, ""KEEP"": 0.0, ""OPAL_ALL"": 0.0}",False,False,0.718105069119823
2026-01-06,2026-01-07,2026-01-09,2026,2026-01,1,0.0041349461365939,0.8242475209511975,0.8338513270674565,0.8338513270674565,0.8338513270674565,0.8338513270674565,PATH_GLOBAL,63,3,99,0.7147935046004263,0.9064271032357076,False,False,False,False,0.8338513270674565,0.2790393353046274,0,False,1,,True,17,8,6,2,0.7,False,0.8338513270674565,0.8338513270674565,0.8338513270674565,0.2790393353046274,2025-12-30,2026-01-06,False,0,False,,0.8338513270674565,False,61,10,4,6,-2,0.0324188327915906,False,False,False,False,0.8338513270674565,"{""COT_FRESH"": 0.11528136059108389, ""FRESH_OR_CONSENSUS"": 0.4099404869128674, ""HELIOS_CONSENSUS"": 0.4099404869128674, ""KEEP"": 0.03241883279159066, ""OPAL_ALL"": 0.03241883279159066}","{""COT_FRESH"": 1.0, ""FRESH_OR_CONSENSUS"": 2.0, ""HELIOS_CONSENSUS"": 2.0, ""KEEP"": 0.0, ""OPAL_ALL"": 0.0}",False,False,0.8338513270674565
2026-01-07,2026-01-08,2026-01-12,2026,2026-01,1,0.0283309450800684,0.3897683614896804,0.508473292623244,0.508473292623244,0.508473292623244,0.508473292623244,PATH_GLOBAL,63,3,99,0.7147935046004263,0.9064271032357076,False,False,False,False,0.508473292623244,0.5670554676228159,0,False,1,,True,17,8,6,2,0.7,False,0.508473292623244,0.508473292623244,0.508473292623244,0.5670554676228159,2025-12-30,2026-01-06,False,0,False,,0.508473292623244,False,61,10,4,6,-2,0.0324188327915906,False,False,False,False,0.508473292623244,"{""COT_FRESH"": 0.11528136059108389, ""FRESH_OR_CONSENSUS"": 0.4099404869128674, ""HELIOS_CONSENSUS"": 0.4099404869128674, ""KEEP"": 0.03241883279159066, ""OPAL_ALL"": 0.03241883279159066}","{""COT_FRESH"": 1.0, ""FRESH_OR_CONSENSUS"": 2.0, ""HELIOS_CONSENSUS"": 2.0, ""KEEP"": 0.0, ""OPAL_ALL"": 0.0}",False,False,0.508473292623244
2026-01-08,2026-01-09,2026-01-13,2026,2026-01,1,0.0334366526700004,0.7069842901652863,0.8169865852935833,0.8169865852935833,0.8169865852935833,0.8169865852935833,PATH_GLOBAL,63,3,99,0.7147935046004263,0.9064271032357076,False,False,False,False,0.8169865852935833,0.3268192190668827,0,False,1,,True,17,8,6,2,0.7,False,0.8169865852935833,0.8169865852935833,0.8169865852935833,0.3268192190668827,2025-12-30,2026-01-06,False,0,False,,0.8169865852935833,False,61,10,4,6,-2,0.0324188327915906,False,False,False,False,0.8169865852935833,"{""COT_FRESH"": 0.11528136059108389, ""FRESH_OR_CONSENSUS"": 0.4099404869128674, ""HELIOS_CONSENSUS"": 0.4099404869128674, ""KEEP"": 0.03241883279159066, ""OPAL_ALL"": 0.03241883279159066}","{""COT_FRESH"": 1.0, ""FRESH_OR_CONSENSUS"": 2.0, ""HELIOS_CONSENSUS"": 2.0, ""KEEP"": 0.0, ""OPAL_ALL"": 0.0}",False,False,0.8169865852935833
2026-01-09,2026-01-12,2026-01-14,2026,2026-01,1,0.0355477774611599,0.7218078101669004,0.7899952107040946,0.7899952107040946,0.7899952107040946,0.7899952107040946,PATH_GLOBAL,63,3,99,0.7147935046004263,0.9064271032357076,False,False,False,False,0.7899952107040946,0.36712497032878,0,False,1,,True,17,8,6,2,0.7,False,0.7899952107040946,0.7899952107040946,0.7899952107040946,0.36712497032878,2025-12-30,2026-01-06,False,0,False,,0.7899952107040946,False,61,10,4,6,-2,0.0324188327915906,False,False,False,False,0.7899952107040946,"{""COT_FRESH"": 0.11528136059108389, ""FRESH_OR_CONSENSUS"": 0.4099404869128674, ""HELIOS_CONSENSUS"": 0.4099404869128674, ""KEEP"": 0.03241883279159066, ""OPAL_ALL"": 0.03241883279159066}","{""COT_FRESH"": 1.0, ""FRESH_OR_CONSENSUS"": 2.0, ""HELIOS_CONSENSUS"": 2.0, ""KEEP"": 0.0, ""OPAL_ALL"": 0.0}",False,False,0.7899952107040946
2026-01-12,2026-01-13,2026-01-15,2026,2026-01,1,0.0050876310983519,0.5969094595487076,0.6246594150797088,0.6246594150797088,0.6246594150797088,0.6246594150797088,PATH_GLOBAL,63,4,100,0.7440845291516527,0.9389520982536304,False,False,False,False,0.6246594150797088,0.5556592850506283,0,False,1,,True,17,8,6,2,0.7,False,0.6246594150797088,0.6246594150797088,0.6246594150797088,0.5556592850506283,2025-12-30,2026-01-06,False,0,False,,0.6246594150797088,False,61,10,4,6,-2,0.0324188327915906,False,False,False,False,0.6246594150797088,"{""COT_FRESH"": 0.11528136059108389, ""FRESH_OR_CONSENSUS"": 0.4099404869128674, ""HELIOS_CONSENSUS"": 0.4099404869128674, ""KEEP"": 0.03241883279159066, ""OPAL_ALL"": 0.03241883279159066}","{""COT_FRESH"": 1.0, ""FRESH_OR_CONSENSUS"": 2.0, ""HELIOS_CONSENSUS"": 2.0, ""KEEP"": 0.0, ""OPAL_ALL"": 0.0}",False,False,0.6246594150797088
2026-01-13,2026-01-14,2026-01-16,2026,2026-01,1,0.0053209846926755,0.5332238121276084,0.5546630785668759,0.5546630785668759,0.5546630785668759,0.5546630785668759,PATH_GLOBAL,63,3,100,0.7440845291516527,0.9389520982536304,False,False,False,False,0.5546630785668759,0.5993207877075916,0,False,1,,True,17,8,6,2,0.7,False,0.5546630785668759,0.5546630785668759,0.5546630785668759,0.5993207877075916,2026-01-06,2026-01-13,False,0,False,,0.5546630785668759,False,61,10,4,6,-2,0.0324188327915906,False,False,False,False,0.5546630785668759,"{""COT_FRESH"": 0.11528136059108389, ""FRESH_OR_CONSENSUS"": 0.4099404869128674, ""HELIOS_CONSENSUS"": 0.4099404869128674, ""KEEP"": 0.03241883279159066, ""OPAL_ALL"": 0.03241883279159066}","{""COT_FRESH"": 1.0, ""FRESH_OR_CONSENSUS"": 2.0, ""HELIOS_CONSENSUS"": 2.0, ""KEEP"": 0.0, ""OPAL_ALL"": 0.0}",False,False,0.5546630785668759
2026-01-14,2026-01-15,2026-01-19,2026,2026-01,1,0.0068725096937443,0.5440849198180339,0.5113894992243353,0.5113894992243353,0.5113894992243353,0.5113894992243353,PATH_GLOBAL,63,3,100,0.7440845291516527,0.9389520982536304,False,False,False,False,0.5113894992243353,0.5754160550557735,0,False,1,,True,17,8,6,2,0.7,False,0.5113894992243353,0.5113894992243353,0.5113894992243353,0.5754160550557735,2026-01-06,2026-01-13,False,0,False,,0.5113894992243353,False,61,10,4,6,-2,0.0324188327915906,False,False,False,False,0.5113894992243353,"{""COT_FRESH"": 0.11528136059108389, ""FRESH_OR_CONSENSUS"": 0.4099404869128674, ""HELIOS_CONSENSUS"": 0.4099404869128674, ""KEEP"": 0.03241883279159066, ""OPAL_ALL"": 0.03241883279159066}","{""COT_FRESH"": 1.0, ""FRESH_OR_CONSENSUS"": 2.0, ""HELIOS_CONSENSUS"": 2.0, ""KEEP"": 0.0, ""OPAL_ALL"": 0.0}",False,False,0.5113894992243353
2026-01-15,2026-01-16,2026-01-20,2026,2026-01,1,0.0241788737694912,0.660748027379677,0.5886892820975728,0.5886892820975728,0.5886892820975728,0.5886892820975728,PATH_GLOBAL,63,3,100,0.7440845291516527,0.9389520982536304,False,False,False,False,0.5886892820975728,0.5669170600679648,0,False,1,,True,17,8,6,2,0.7,False,0.5886892820975728,0.5886892820975728,0.5886892820975728,0.5669170600679648,2026-01-06,2026-01-13,False,0,False,,0.5886892820975728,False,61,10,4,6,-2,0.0324188327915906,False,False,False,False,0.5886892820975728,"{""COT_FRESH"": 0.11528136059108389, ""FRESH_OR_CONSENSUS"": 0.4099404869128674, ""HELIOS_CONSENSUS"": 0.4099404869128674, ""KEEP"": 0.03241883279159066, ""OPAL_ALL"": 0.03241883279159066}","{""COT_FRESH"": 1.0, ""FRESH_OR_CONSENSUS"": 2.0, ""HELIOS_CONSENSUS"": 2.0, ""KEEP"": 0.0, ""OPAL_ALL"": 0.0}",False,False,0.5886892820975728
2026-01-16,2026-01-19,2026-01-21,2026,2026-01,1,0.0535615972637885,0.577015921931493,0.5105301860600364,0.5105301860600364,0.5105301860600364,0.5105301860600364,PATH_GLOBAL,63,3,100,0.7440845291516527,0.9389520982536304,False,False,False,False,0.5105301860600364,0.5760290139822469,0,False,1,,True,17,8,6,2,0.7,False,0.5105301860600364,0.5105301860600364,0.5105301860600364,0.5760290139822469,2026-01-06,2026-01-13,False,0,False,,0.5105301860600364,False,61,10,4,6,-2,0.0324188327915906,False,False,False,False,0.5105301860600364,"{""COT_FRESH"": 0.11528136059108389, ""FRESH_OR_CONSENSUS"": 0.4099404869128674, ""HELIOS_CONSENSUS"": 0.4099404869128674, ""KEEP"": 0.03241883279159066, ""OPAL_ALL"": 0.03241883279159066}","{""COT_FRESH"": 1.0, ""FRESH_OR_CONSENSUS"": 2.0, ""HELIOS_CONSENSUS"": 2.0, ""KEEP"": 0.0, ""OPAL_ALL"": 0.0}",False,False,0.5105301860600364
2026-01-19,2026-01-20,2026-01-22,2026,2026-01,1,0.0338476018036743,0.6639066463950317,0.5942325962602661,0.5942325962602661,0.5942325962602661,0.5942325962602661,PATH_GLOBAL,63,3,100,0.7440845291516527,0.9389520982536304,False,False,False,False,0.5942325962602661,0.5471069491985956,0,False,1,,True,17,8,6,2,0.7,False,0.5942325962602661,0.5942325962602661,0.5942325962602661,0.5471069491985956,2026-01-06,2026-01-13,False,0,False,,0.5942325962602661,False,61,10,4,6,-2,0.0324188327915906,False,False,False,False,0.5942325962602661,"{""COT_FRESH"": 0.11528136059108389, ""FRESH_OR_CONSENSUS"": 0.4099404869128674, ""HELIOS_CONSENSUS"": 0.4099404869128674, ""KEEP"": 0.03241883279159066, ""OPAL_ALL"": 0.03241883279159066}","{""COT_FRESH"": 1.0, ""FRESH_OR_CONSENSUS"": 2.0, ""HELIOS_CONSENSUS"": 2.0, ""KEEP"": 0.0, ""OPAL_ALL"": 0.0}",False,False,0.5942325962602661
2026-01-20,2026-01-21,2026-01-23,2026,2026-01,1,0.0419225857389045,0.8455179828865546,0.7668390314422551,0.7668390314422551,0.7668390314422551,0.7668390314422551,PATH_GLOBAL,63,3,100,0.7440845291516527,0.9389520982536304,False,False,False,False,0.7668390314422551,0.2927503551461557,0,False,1,,True,17,8,6,2,0.7,False,0.7668390314422551,0.7668390314422551,0.7668390314422551,0.2927503551461557,2026-01-13,2026-01-20,False,0,False,,0.7668390314422551,False,61,10,4,6,-2,0.0324188327915906,False,False,False,False,0.7668390314422551,"{""COT_FRESH"": 0.11528136059108389, ""FRESH_OR_CONSENSUS"": 0.4099404869128674, ""HELIOS_CONSENSUS"": 0.4099404869128674, ""KEEP"": 0.03241883279159066, ""OPAL_ALL"": 0.03241883279159066}","{""COT_FRESH"": 1.0, ""FRESH_OR_CONSENSUS"": 2.0, ""HELIOS_CONSENSUS"": 2.0, ""KEEP"": 0.0, ""OPAL_ALL"": 0.0}",False,False,0.7668390314422551
2026-01-21,2026-01-22,2026-01-26,2026,2026-01,1,0.0467822864387135,0.4850998365339665,0.51063880468927,0.51063880468927,0.51063880468927,0.51063880468927,PATH_GLOBAL,63,3,100,0.7440845291516527,0.9389520982536304,False,False,False,False,0.51063880468927,0.5024796905714026,0,False,1,,True,17,8,6,2,0.7,False,0.51063880468927,0.51063880468927,0.51063880468927,0.5024796905714026,2026-01-13,2026-01-20,False,0,False,,0.51063880468927,False,61,10,4,6,-2,0.0324188327915906,False,False,False,False,0.51063880468927,"{""COT_FRESH"": 0.11528136059108389, ""FRESH_OR_CONSENSUS"": 0.4099404869128674, ""HELIOS_CONSENSUS"": 0.4099404869128674, ""KEEP"": 0.03241883279159066, ""OPAL_ALL"": 0.03241883279159066}","{""COT_FRESH"": 1.0, ""FRESH_OR_CONSENSUS"": 2.0, ""HELIOS_CONSENSUS"": 2.0, ""KEEP"": 0.0, ""OPAL_ALL"": 0.0}",False,False,0.51063880468927
2026-01-22,2026-01-23,2026-01-27,2026,2026-01,1,0.0529797620008024,0.924922954353776,0.9537573609380328,0.9537573609380328,0.9537573609380328,0.9537573609380328,PATH_GLOBAL,63,3,100,0.7440845291516527,0.9389520982536304,False,False,False,False,0.9537573609380328,0.14126469107525,0,False,1,,True,17,8,6,2,0.7,False,0.9537573609380328,0.9537573609380328,0.9537573609380328,0.14126469107525,2026-01-13,2026-01-20,False,0,False,,0.9537573609380328,False,61,10,4,6,-2,0.0324188327915906,False,False,False,False,0.9537573609380328,"{""COT_FRESH"": 0.11528136059108389, ""FRESH_OR_CONSENSUS"": 0.4099404869128674, ""HELIOS_CONSENSUS"": 0.4099404869128674, ""KEEP"": 0.03241883279159066, ""OPAL_ALL"": 0.03241883279159066}","{""COT_FRESH"": 1.0, ""FRESH_OR_CONSENSUS"": 2.0, ""HELIOS_CONSENSUS"": 2.0, ""KEEP"": 0.0, ""OPAL_ALL"": 0.0}",False,False,0.9537573609380328
2026-01-23,2026-01-26,2026-01-28,2026,2026-01,1,0.0689414444544559,0.8107484089297079,0.8451462336751616,0.8451462336751616,0.8451462336751616,0.8451462336751616,PATH_GLOBAL,63,3,100,0.7440845291516527,0.9389520982536304,False,False,False,False,0.8451462336751616,0.2190475930367315,0,False,1,,True,17,8,6,2,0.7,False,0.8451462336751616,0.8451462336751616,0.8451462336751616,0.2190475930367315,2026-01-13,2026-01-20,False,0,False,,0.8451462336751616,False,61,10,4,6,-2,0.0324188327915906,False,False,False,False,0.8451462336751616,"{""COT_FRESH"": 0.11528136059108389, ""FRESH_OR_CONSENSUS"": 0.4099404869128674, ""HELIOS_CONSENSUS"": 0.4099404869128674, ""KEEP"": 0.03241883279159066, ""OPAL_ALL"": 0.03241883279159066}","{""COT_FRESH"": 1.0, ""FRESH_OR_CONSENSUS"": 2.0, ""HELIOS_CONSENSUS"": 2.0, ""KEEP"": 0.0, ""OPAL_ALL"": 0.0}",False,False,0.8451462336751616
2026-01-26,2026-01-27,2026-01-29,2026,2026-01,1,0.0770821019562504,0.1693264022798311,0.1615063249962209,0.1615063249962209,0.1615063249962209,0.1615063249962209,PATH_GLOBAL,63,4,101,0.7683812339063262,0.9586775794944568,False,True,False,False,0.1615063249962209,0.3628423664156497,1,False,0,,True,17,8,6,2,0.7,False,0.1615063249962209,0.1615063249962209,0.1615063249962209,0.3628423664156497,2026-01-13,2026-01-20,False,0,False,,0.1615063249962209,False,61,10,4,6,-2,0.0324188327915906,False,False,False,False,0.1615063249962209,"{""COT_FRESH"": 0.11528136059108389, ""FRESH_OR_CONSENSUS"": 0.4099404869128674, ""HELIOS_CONSENSUS"": 0.4099404869128674, ""KEEP"": 0.03241883279159066, ""OPAL_ALL"": 0.03241883279159066}","{""COT_FRESH"": 1.0, ""FRESH_OR_CONSENSUS"": 2.0, ""HELIOS_CONSENSUS"": 2.0, ""KEEP"": 0.0, ""OPAL_ALL"": 0.0}",False,False,0.1615063249962209
2026-01-27,2026-01-28,2026-01-30,2026,2026-01,0,-0.0048564107839569,0.9695752648481728,0.9514166943488224,0.9514166943488224,0.9514166943488224,0.9514166943488224,PATH_GLOBAL,63,5,101,0.7683812339063262,0.9586775794944568,False,False,False,False,0.9514166943488224,0.3443733485864718,0,False,1,,True,17,8,6,2,0.7,False,0.9514166943488224,0.9514166943488224,0.9514166943488224,0.3443733485864718,2026-01-20,2026-01-27,False,0,False,,0.9514166943488224,False,61,10,4,6,-2,0.0324188327915906,False,False,False,False,0.9514166943488224,"{""COT_FRESH"": 0.11528136059108389, ""FRESH_OR_CONSENSUS"": 0.4099404869128674, ""HELIOS_CONSENSUS"": 0.4099404869128674, ""KEEP"": 0.03241883279159066, ""OPAL_ALL"": 0.03241883279159066}","{""COT_FRESH"": 1.0, ""FRESH_OR_CONSENSUS"": 2.0, ""HELIOS_CONSENSUS"": 2.0, ""KEEP"": 0.0, ""OPAL_ALL"": 0.0}",False,False,0.9514166943488224
2026-01-28,2026-01-29,2026-02-02,2026,2026-01,0,-0.1190473819167448,0.9955221849998136,0.9903277954120446,0.9903277954120446,0.9903277954120446,0.9903277954120446,PATH_GLOBAL,63,6,101,0.7683812339063262,0.9586775794944568,False,False,False,False,0.9903277954120446,0.2165726721962196,0,False,1,,True,17,8,6,2,0.7,False,0.9903277954120446,0.9903277954120446,0.9903277954120446,0.2165726721962196,2026-01-20,2026-01-27,False,0,False,,0.9903277954120446,False,61,10,4,6,-2,0.0324188327915906,False,False,False,False,0.9903277954120446,"{""COT_FRESH"": 0.11528136059108389, ""FRESH_OR_CONSENSUS"": 0.4099404869128674, ""HELIOS_CONSENSUS"": 0.4099404869128674, ""KEEP"": 0.03241883279159066, ""OPAL_ALL"": 0.03241883279159066}","{""COT_FRESH"": 1.0, ""FRESH_OR_CONSENSUS"": 2.0, ""HELIOS_CONSENSUS"": 2.0, ""KEEP"": 0.0, ""OPAL_ALL"": 0.0}",False,False,0.9903277954120446
2026-01-29,2026-01-30,2026-02-03,2026,2026-01,0,-0.1110070100153088,0.2071499078947377,0.0994568611478592,0.0994568611478592,0.0994568611478592,0.0994568611478592,PATH_GLOBAL,63,6,101,0.7683812339063262,0.9586775794944568,False,False,False,False,0.0994568611478592,0.478996414253654,0,False,0,,True,17,8,6,2,0.7,False,0.0994568611478592,0.0994568611478592,0.0994568611478592,0.478996414253654,2026-01-20,2026-01-27,False,0,False,,0.0994568611478592,False,61,10,4,6,-2,0.0324188327915906,False,False,False,False,0.0994568611478592,"{""COT_FRESH"": 0.11528136059108389, ""FRESH_OR_CONSENSUS"": 0.4099404869128674, ""HELIOS_CONSENSUS"": 0.4099404869128674, ""KEEP"": 0.03241883279159066, ""OPAL_ALL"": 0.03241883279159066}","{""COT_FRESH"": 1.0, ""FRESH_OR_CONSENSUS"": 2.0, ""HELIOS_CONSENSUS"": 2.0, ""KEEP"": 0.0, ""OPAL_ALL"": 0.0}",False,False,0.0994568611478592
2026-01-30,2026-02-02,2026-02-04,2026,2026-02,0,-0.0023133512373069,0.0097510585595812,0.0121014795222752,0.0121014795222752,0.0121014795222752,0.0121014795222752,PATH_GLOBAL,63,6,101,0.7683812339063262,0.9586775794944568,False,False,False,False,0.0121014795222752,0.5446996232308318,0,False,0,,True,17,8,6,2,0.7,False,0.0121014795222752,0.0121014795222752,0.0121014795222752,0.5446996232308318,2026-01-20,2026-01-27,False,0,False,,0.0121014795222752,False,61,10,4,6,-2,0.0324188327915906,False,False,False,False,0.0121014795222752,"{""COT_FRESH"": 0.11528136059108389, ""FRESH_OR_CONSENSUS"": 0.4099404869128674, ""HELIOS_CONSENSUS"": 0.4099404869128674, ""KEEP"": 0.03241883279159066, ""OPAL_ALL"": 0.03241883279159066}","{""COT_FRESH"": 1.0, ""FRESH_OR_CONSENSUS"": 2.0, ""HELIOS_CONSENSUS"": 2.0, ""KEEP"": 0.0, ""OPAL_ALL"": 0.0}",False,False,0.0121014795222752
2026-02-02,2026-02-03,2026-02-05,2026,2026-02,1,0.0363912732732407,0.0709305181603811,0.17708360840707,0.17708360840707,0.17708360840707,0.17708360840707,PATH_GLOBAL,63,6,101,0.7683812339063262,0.9586775794944568,True,False,True,False,0.17708360840707,0.604665804366834,2,False,0,,True,17,8,6,2,0.7,False,0.17708360840707,0.17708360840707,0.17708360840707,0.604665804366834,2026-01-20,2026-01-27,False,0,False,,0.17708360840707,False,61,10,4,6,-2,0.0324188327915906,False,False,False,False,0.17708360840707,"{""COT_FRESH"": 0.11528136059108389, ""FRESH_OR_CONSENSUS"": 0.4099404869128674, ""HELIOS_CONSENSUS"": 0.4099404869128674, ""KEEP"": 0.03241883279159066, ""OPAL_ALL"": 0.03241883279159066}","{""COT_FRESH"": 1.0, ""FRESH_OR_CONSENSUS"": 2.0, ""HELIOS_CONSENSUS"": 2.0, ""KEEP"": 0.0, ""OPAL_ALL"": 0.0}",False,False,0.17708360840707
2026-02-03,2026-02-04,2026-02-06,2026,2026-02,0,-0.0109356546088684,0.7142323559151854,0.8484971225068894,0.8484971225068894,0.8484971225068894,0.8484971225068894,PATH_GLOBAL,63,6,101,0.7683812339063262,0.9586775794944568,False,False,True,False,0.8484971225068894,0.5873430419078387,1,False,1,,True,17,8,6,2,0.7,False,0.8484971225068894,0.8484971225068894,0.8484971225068894,0.5873430419078387,2026-01-27,2026-02-03,False,0,False,,0.8484971225068894,False,61,10,4,6,-2,0.0324188327915906,False,False,False,False,0.8484971225068894,"{""COT_FRESH"": 0.11528136059108389, ""FRESH_OR_CONSENSUS"": 0.4099404869128674, ""HELIOS_CONSENSUS"": 0.4099404869128674, ""KEEP"": 0.03241883279159066, ""OPAL_ALL"": 0.03241883279159066}","{""COT_FRESH"": 1.0, ""FRESH_OR_CONSENSUS"": 2.0, ""HELIOS_CONSENSUS"": 2.0, ""KEEP"": 0.0, ""OPAL_ALL"": 0.0}",False,False,0.8484971225068894
2026-02-04,2026-02-05,2026-02-09,2026,2026-02,0,-0.0117979316036352,0.1885437482028719,0.2534062692589757,0.2534062692589757,0.2534062692589757,0.2534062692589757,PATH_GLOBAL,63,6,101,0.7683812339063262,0.9586775794944568,False,False,False,False,0.2534062692589757,0.4575062706739782,0,False,0,,True,17,8,6,2,0.7,False,0.2534062692589757,0.2534062692589757,0.2534062692589757,0.4575062706739782,2026-01-27,2026-02-03,False,0,False,,0.2534062692589757,False,61,10,4,6,-2,0.0324188327915906,False,False,False,False,0.2534062692589757,"{""COT_FRESH"": 0.11528136059108389, ""FRESH_OR_CONSENSUS"": 0.4099404869128674, ""HELIOS_CONSENSUS"": 0.4099404869128674, ""KEEP"": 0.03241883279159066, ""OPAL_ALL"": 0.03241883279159066}","{""COT_FRESH"": 1.0, ""FRESH_OR_CONSENSUS"": 2.0, ""HELIOS_CONSENSUS"": 2.0, ""KEEP"": 0.0, ""OPAL_ALL"": 0.0}",False,False,0.2534062692589757
2026-02-05,2026-02-06,2026-02-10,2026,2026-02,1,0.0381289846986974,0.0272350420402318,0.087962995709153,0.087962995709153,0.087962995709153,0.087962995709153,PATH_GLOBAL,63,5,101,0.7683812339063262,0.9586775794944568,False,False,False,False,0.087962995709153,0.4931142741808573,0,False,0,,True,17,8,6,2,0.7,False,0.087962995709153,0.087962995709153,0.087962995709153,0.4931142741808573,2026-01-27,2026-02-03,False,0,False,,0.087962995709153,False,61,10,4,6,-2,0.0324188327915906,False,False,False,False,0.087962995709153,"{""COT_FRESH"": 0.11528136059108389, ""FRESH_OR_CONSENSUS"": 0.4099404869128674, ""HELIOS_CONSENSUS"": 0.4099404869128674, ""KEEP"": 0.03241883279159066, ""OPAL_ALL"": 0.03241883279159066}","{""COT_FRESH"": 1.0, ""FRESH_OR_CONSENSUS"": 2.0, ""HELIOS_CONSENSUS"": 2.0, ""KEEP"": 0.0, ""OPAL_ALL"": 0.0}",False,False,0.087962995709153
2026-02-06,2026-02-09,2026-02-11,2026,2026-02,1,0.0402855166855703,0.6751339676303072,0.9076843545161049,0.9076843545161049,0.9076843545161049,0.9076843545161049,PATH_GLOBAL,63,6,101,0.7683812339063262,0.9586775794944568,False,False,False,False,0.9076843545161049,0.2131574839176139,0,False,1,,True,17,8,6,2,0.7,False,0.9076843545161049,0.9076843545161049,0.9076843545161049,0.2131574839176139,2026-01-27,2026-02-03,False,0,False,,0.9076843545161049,False,61,10,4,6,-2,0.0324188327915906,False,False,False,False,0.9076843545161049,"{""COT_FRESH"": 0.11528136059108389, ""FRESH_OR_CONSENSUS"": 0.4099404869128674, ""HELIOS_CONSENSUS"": 0.4099404869128674, ""KEEP"": 0.03241883279159066, ""OPAL_ALL"": 0.03241883279159066}","{""COT_FRESH"": 1.0, ""FRESH_OR_CONSENSUS"": 2.0, ""HELIOS_CONSENSUS"": 2.0, ""KEEP"": 0.0, ""OPAL_ALL"": 0.0}",False,False,0.9076843545161049
2026-02-09,2026-02-10,2026-02-12,2026,2026-02,1,0.0114296745639823,0.6469072366515644,0.7393644783854043,0.7393644783854043,0.7393644783854043,0.7393644783854043,PATH_GLOBAL,63,6,101,0.7683812339063262,0.9586775794944568,False,False,True,False,0.7393644783854043,0.5471258921917624,1,False,1,,True,17,8,6,2,0.7,False,0.7393644783854043,0.7393644783854043,0.7393644783854043,0.5471258921917624,2026-01-27,2026-02-03,False,0,False,,0.7393644783854043,False,61,10,4,6,-2,0.0324188327915906,False,False,False,False,0.7393644783854043,"{""COT_FRESH"": 0.11528136059108389, ""FRESH_OR_CONSENSUS"": 0.4099404869128674, ""HELIOS_CONSENSUS"": 0.4099404869128674, ""KEEP"": 0.03241883279159066, ""OPAL_ALL"": 0.03241883279159066}","{""COT_FRESH"": 1.0, ""FRESH_OR_CONSENSUS"": 2.0, ""HELIOS_CONSENSUS"": 2.0, ""KEEP"": 0.0, ""OPAL_ALL"": 0.0}",False,False,0.7393644783854043
2026-02-10,2026-02-11,2026-02-13,2026,2026-02,0,-0.0191321244123327,0.3714797798738762,0.4409990701415102,0.4409990701415102,0.4409990701415102,0.4409990701415102,PATH_GLOBAL,63,6,101,0.7683812339063262,0.9586775794944568,False,False,True,False,0.4409990701415102,0.5254110185208498,1,False,0,,True,17,8,6,2,0.7,False,0.4409990701415102,0.4409990701415102,0.4409990701415102,0.5254110185208498,2026-02-03,2026-02-10,False,0,False,,0.4409990701415102,False,61,10,4,6,-2,0.0324188327915906,False,False,False,False,0.4409990701415102,"{""COT_FRESH"": 0.11528136059108389, ""FRESH_OR_CONSENSUS"": 0.4099404869128674, ""HELIOS_CONSENSUS"": 0.4099404869128674, ""KEEP"": 0.03241883279159066, ""OPAL_ALL"": 0.03241883279159066}","{""COT_FRESH"": 1.0, ""FRESH_OR_CONSENSUS"": 2.0, ""HELIOS_CONSENSUS"": 2.0, ""KEEP"": 0.0, ""OPAL_ALL"": 0.0}",False,False,0.4409990701415102
2026-02-11,2026-02-12,2026-02-16,2026,2026-02,0,-0.0184963392727518,0.6773819671422847,0.6711844124265678,0.6711844124265678,0.6711844124265678,0.6711844124265678,PATH_GLOBAL,63,6,101,0.7683812339063262,0.9586775794944568,False,False,True,False,0.6711844124265678,0.5928647247608401,1,False,1,,True,17,8,6,2,0.7,False,0.6711844124265678,0.6711844124265678,0.6711844124265678,0.5928647247608401,2026-02-03,2026-02-10,False,0,False,,0.6711844124265678,False,61,10,4,6,-2,0.0324188327915906,False,False,False,False,0.6711844124265678,"{""COT_FRESH"": 0.11528136059108389, ""FRESH_OR_CONSENSUS"": 0.4099404869128674, ""HELIOS_CONSENSUS"": 0.4099404869128674, ""KEEP"": 0.03241883279159066, ""OPAL_ALL"": 0.03241883279159066}","{""COT_FRESH"": 1.0, ""FRESH_OR_CONSENSUS"": 2.0, ""HELIOS_CONSENSUS"": 2.0, ""KEEP"": 0.0, ""OPAL_ALL"": 0.0}",False,False,0.6711844124265678
2026-02-12,2026-02-13,2026-02-17,2026,2026-02,0,-0.035049452731886,0.0533412037291376,0.0548644934624916,0.0548644934624916,0.0548644934624916,0.0548644934624916,PATH_GLOBAL,63,6,101,0.7683812339063262,0.9586775794944568,False,False,False,False,0.0548644934624916,0.364922470915356,0,False,0,,True,17,8,6,2,0.7,False,0.0548644934624916,0.0548644934624916,0.0548644934624916,0.364922470915356,2026-02-03,2026-02-10,False,0,False,,0.0548644934624916,False,61,10,4,6,-2,0.0324188327915906,False,False,False,False,0.0548644934624916,"{""COT_FRESH"": 0.11528136059108389, ""FRESH_OR_CONSENSUS"": 0.4099404869128674, ""HELIOS_CONSENSUS"": 0.4099404869128674, ""KEEP"": 0.03241883279159066, ""OPAL_ALL"": 0.03241883279159066}","{""COT_FRESH"": 1.0, ""FRESH_OR_CONSENSUS"": 2.0, ""HELIOS_CONSENSUS"": 2.0, ""KEEP"": 0.0, ""OPAL_ALL"": 0.0}",False,False,0.0548644934624916
2026-02-13,2026-02-16,2026-02-18,2026,2026-02,1,0.009747803770777,0.8231903336923383,0.8374916107972863,0.8374916107972863,0.8374916107972863,0.8374916107972863,PATH_GLOBAL,63,6,101,0.7683812339063262,0.9586775794944568,False,False,False,False,0.8374916107972863,0.3823232307910433,0,False,1,,True,17,8,6,2,0.7,False,0.8374916107972863,0.8374916107972863,0.8374916107972863,0.3823232307910433,2026-02-03,2026-02-10,False,0,False,,0.8374916107972863,False,61,10,4,6,-2,0.0324188327915906,False,False,False,False,0.8374916107972863,"{""COT_FRESH"": 0.11528136059108389, ""FRESH_OR_CONSENSUS"": 0.4099404869128674, ""HELIOS_CONSENSUS"": 0.4099404869128674, ""KEEP"": 0.03241883279159066, ""OPAL_ALL"": 0.03241883279159066}","{""COT_FRESH"": 1.0, ""FRESH_OR_CONSENSUS"": 2.0, ""HELIOS_CONSENSUS"": 2.0, ""KEEP"": 0.0, ""OPAL_ALL"": 0.0}",False,False,0.8374916107972863
2026-02-16,2026-02-17,2026-02-19,2026,2026-02,1,0.0048422168344344,0.297135363722129,0.4077895346761329,0.4077895346761329,0.4077895346761329,0.4077895346761329,PATH_GLOBAL,63,6,101,0.7683812339063262,0.9586775794944568,False,False,False,False,0.4077895346761329,0.3538254793107368,0,False,0,,True,17,8,6,2,0.7,False,0.4077895346761329,0.4077895346761329,0.4077895346761329,0.3538254793107368,2026-02-03,2026-02-10,False,0,False,,0.4077895346761329,False,61,10,4,6,-2,0.0324188327915906,False,False,False,False,0.4077895346761329,"{""COT_FRESH"": 0.11528136059108389, ""FRESH_OR_CONSENSUS"": 0.4099404869128674, ""HELIOS_CONSENSUS"": 0.4099404869128674, ""KEEP"": 0.03241883279159066, ""OPAL_ALL"": 0.03241883279159066}","{""COT_FRESH"": 1.0, ""FRESH_OR_CONSENSUS"": 2.0, ""HELIOS_CONSENSUS"": 2.0, ""KEEP"": 0.0, ""OPAL_ALL"": 0.0}",False,False,0.4077895346761329
2026-02-17,2026-02-18,2026-02-20,2026,2026-02,1,0.0380588469951782,0.1545939088293408,0.2364176803427243,0.2364176803427243,0.2364176803427243,0.2364176803427243,PATH_GLOBAL,63,6,101,0.7683812339063262,0.9586775794944568,False,False,False,False,0.2364176803427243,0.4679515260856237,0,False,0,,True,17,8,6,2,0.7,False,0.2364176803427243,0.2364176803427243,0.2364176803427243,0.4679515260856237,2026-02-10,2026-02-17,False,0,False,,0.2364176803427243,False,61,10,4,6,-2,0.0324188327915906,False,False,False,False,0.2364176803427243,"{""COT_FRESH"": 0.11528136059108389, ""FRESH_OR_CONSENSUS"": 0.4099404869128674, ""HELIOS_CONSENSUS"": 0.4099404869128674, ""KEEP"": 0.03241883279159066, ""OPAL_ALL"": 0.03241883279159066}","{""COT_FRESH"": 1.0, ""FRESH_OR_CONSENSUS"": 2.0, ""HELIOS_CONSENSUS"": 2.0, ""KEEP"": 0.0, ""OPAL_ALL"": 0.0}",False,False,0.2364176803427243
2026-02-18,2026-02-19,2026-02-23,2026,2026-02,1,0.0417954447359476,0.7481571185135928,0.8133827895768835,0.8133827895768835,0.8133827895768835,0.8133827895768835,PATH_GLOBAL,63,6,101,0.7683812339063262,0.9586775794944568,False,False,False,False,0.8133827895768835,0.4052638068629112,0,False,1,,True,17,8,6,2,0.7,False,0.8133827895768835,0.8133827895768835,0.8133827895768835,0.4052638068629112,2026-02-10,2026-02-17,False,0,False,,0.8133827895768835,False,61,10,4,6,-2,0.0324188327915906,False,False,False,False,0.8133827895768835,"{""COT_FRESH"": 0.11528136059108389, ""FRESH_OR_CONSENSUS"": 0.4099404869128674, ""HELIOS_CONSENSUS"": 0.4099404869128674, ""KEEP"": 0.03241883279159066, ""OPAL_ALL"": 0.03241883279159066}","{""COT_FRESH"": 1.0, ""FRESH_OR_CONSENSUS"": 2.0, ""HELIOS_CONSENSUS"": 2.0, ""KEEP"": 0.0, ""OPAL_ALL"": 0.0}",False,False,0.8133827895768835
2026-02-19,2026-02-20,2026-02-24,2026,2026-02,1,0.0265403835505763,0.5803512260411664,0.6246949325045165,0.6246949325045165,0.6246949325045165,0.6246949325045165,PATH_GLOBAL,63,6,101,0.7683812339063262,0.9586775794944568,False,False,False,False,0.6246949325045165,0.6229916716553753,0,False,1,,True,17,8,6,2,0.7,False,0.6246949325045165,0.6246949325045165,0.6246949325045165,0.6229916716553753,2026-02-10,2026-02-17,False,0,False,,0.6246949325045165,False,61,10,4,6,-2,0.0324188327915906,False,False,False,False,0.6246949325045165,"{""COT_FRESH"": 0.11528136059108389, ""FRESH_OR_CONSENSUS"": 0.4099404869128674, ""HELIOS_CONSENSUS"": 0.4099404869128674, ""KEEP"": 0.03241883279159066, ""OPAL_ALL"": 0.03241883279159066}","{""COT_FRESH"": 1.0, ""FRESH_OR_CONSENSUS"": 2.0, ""HELIOS_CONSENSUS"": 2.0, ""KEEP"": 0.0, ""OPAL_ALL"": 0.0}",False,False,0.6246949325045165
2026-02-20,2026-02-23,2026-02-25,2026,2026-02,1,0.0286069904361418,0.8932934943781802,0.8823419907539002,0.8823419907539002,0.8823419907539002,0.8823419907539002,PATH_GLOBAL,63,6,101,0.7683812339063262,0.9586775794944568,False,False,False,False,0.8823419907539002,0.2756739785916176,0,False,1,,True,17,8,6,2,0.7,False,0.8823419907539002,0.8823419907539002,0.8823419907539002,0.2756739785916176,2026-02-10,2026-02-17,False,0,False,,0.8823419907539002,False,61,10,4,6,-2,0.0324188327915906,False,False,False,False,0.8823419907539002,"{""COT_FRESH"": 0.11528136059108389, ""FRESH_OR_CONSENSUS"": 0.4099404869128674, ""HELIOS_CONSENSUS"": 0.4099404869128674, ""KEEP"": 0.03241883279159066, ""OPAL_ALL"": 0.03241883279159066}","{""COT_FRESH"": 1.0, ""FRESH_OR_CONSENSUS"": 2.0, ""HELIOS_CONSENSUS"": 2.0, ""KEEP"": 0.0, ""OPAL_ALL"": 0.0}",False,False,0.8823419907539002
2026-02-23,2026-02-24,2026-02-26,2026,2026-02,0,-0.0068392848480354,0.9083664727772478,0.8865084583070791,0.8865084583070791,0.8865084583070791,0.8865084583070791,PATH_GLOBAL,63,6,101,0.7683812339063262,0.9586775794944568,False,False,False,False,0.8865084583070791,0.3476994563744408,0,False,1,,True,17,8,6,2,0.7,False,0.8865084583070791,0.8865084583070791,0.8865084583070791,0.3476994563744408,2026-02-10,2026-02-17,False,0,False,,0.8865084583070791,False,61,10,4,6,-2,0.0324188327915906,False,False,False,False,0.8865084583070791,"{""COT_FRESH"": 0.11528136059108389, ""FRESH_OR_CONSENSUS"": 0.4099404869128674, ""HELIOS_CONSENSUS"": 0.4099404869128674, ""KEEP"": 0.03241883279159066, ""OPAL_ALL"": 0.03241883279159066}","{""COT_FRESH"": 1.0, ""FRESH_OR_CONSENSUS"": 2.0, ""HELIOS_CONSENSUS"": 2.0, ""KEEP"": 0.0, ""OPAL_ALL"": 0.0}",False,False,0.8865084583070791
2026-02-24,2026-02-25,2026-02-27,2026,2026-02,0,-0.3789565804735227,0.5444073847192643,0.3763466688788006,0.3763466688788006,0.3763466688788006,0.3763466688788006,PATH_GLOBAL,63,6,101,0.7683812339063262,0.9586775794944568,False,False,False,False,0.3763466688788006,0.5173791169660752,0,False,0,,True,17,8,6,2,0.7,False,0.3763466688788006,0.3763466688788006,0.3763466688788006,0.5173791169660752,2026-02-17,2026-02-24,False,0,False,,0.3763466688788006,False,61,10,4,6,-2,0.0324188327915906,False,False,False,False,0.3763466688788006,"{""COT_FRESH"": 0.11528136059108389, ""FRESH_OR_CONSENSUS"": 0.4099404869128674, ""HELIOS_CONSENSUS"": 0.4099404869128674, ""KEEP"": 0.03241883279159066, ""OPAL_ALL"": 0.03241883279159066}","{""COT_FRESH"": 1.0, ""FRESH_OR_CONSENSUS"": 2.0, ""HELIOS_CONSENSUS"": 2.0, ""KEEP"": 0.0, ""OPAL_ALL"": 0.0}",False,False,0.3763466688788006
2026-02-25,2026-02-26,2026-03-02,2026,2026-02,1,0.0269712914383761,0.4987309065949054,0.3649896540449752,0.3649896540449752,0.3649896540449752,0.3649896540449752,PATH_GLOBAL,63,6,101,0.7683812339063262,0.9586775794944568,False,False,False,False,0.3649896540449752,0.5330048985161816,0,False,0,,True,17,8,6,2,0.7,False,0.3649896540449752,0.3649896540449752,0.3649896540449752,0.5330048985161816,2026-02-17,2026-02-24,False,0,False,,0.3649896540449752,False,61,10,4,6,-2,0.0324188327915906,False,False,False,False,0.3649896540449752,"{""COT_FRESH"": 0.11528136059108389, ""FRESH_OR_CONSENSUS"": 0.4099404869128674, ""HELIOS_CONSENSUS"": 0.4099404869128674, ""KEEP"": 0.03241883279159066, ""OPAL_ALL"": 0.03241883279159066}","{""COT_FRESH"": 1.0, ""FRESH_OR_CONSENSUS"": 2.0, ""HELIOS_CONSENSUS"": 2.0, ""KEEP"": 0.0, ""OPAL_ALL"": 0.0}",False,False,0.3649896540449752
2026-02-26,2026-02-27,2026-03-03,2026,2026-02,1,0.0076961853936182,0.6310139136467942,0.5578122753826532,0.5578122753826532,0.5578122753826532,0.5578122753826532,PATH_GLOBAL,63,5,101,0.7683812339063262,0.9586775794944568,False,False,False,False,0.5578122753826532,0.6305743172539016,0,False,1,,True,17,8,6,2,0.7,False,0.5578122753826532,0.5578122753826532,0.5578122753826532,0.6305743172539016,2026-02-17,2026-02-24,False,0,False,,0.5578122753826532,False,61,10,4,6,-2,0.0324188327915906,False,False,False,False,0.5578122753826532,"{""COT_FRESH"": 0.11528136059108389, ""FRESH_OR_CONSENSUS"": 0.4099404869128674, ""HELIOS_CONSENSUS"": 0.4099404869128674, ""KEEP"": 0.03241883279159066, ""OPAL_ALL"": 0.03241883279159066}","{""COT_FRESH"": 1.0, ""FRESH_OR_CONSENSUS"": 2.0, ""HELIOS_CONSENSUS"": 2.0, ""KEEP"": 0.0, ""OPAL_ALL"": 0.0}",False,False,0.5578122753826532
2026-02-27,2026-03-02,2026-03-04,2026,2026-03,1,0.383170769797027,0.9541562833390916,0.8891592979503046,0.8891592979503046,0.8891592979503046,0.8891592979503046,PATH_GLOBAL,63,6,102,0.7888341744765373,0.9704225093440592,False,False,False,False,0.8891592979503046,0.2350003251457545,0,False,1,,True,17,8,6,2,0.7,False,0.8891592979503046,0.8891592979503046,0.8891592979503046,0.2350003251457545,2026-02-17,2026-02-24,False,0,False,,0.8891592979503046,False,61,10,4,6,-2,0.0324188327915906,False,False,False,False,0.8891592979503046,"{""COT_FRESH"": 0.11528136059108389, ""FRESH_OR_CONSENSUS"": 0.4099404869128674, ""HELIOS_CONSENSUS"": 0.4099404869128674, ""KEEP"": 0.03241883279159066, ""OPAL_ALL"": 0.03241883279159066}","{""COT_FRESH"": 1.0, ""FRESH_OR_CONSENSUS"": 2.0, ""HELIOS_CONSENSUS"": 2.0, ""KEEP"": 0.0, ""OPAL_ALL"": 0.0}",False,False,0.8891592979503046
2026-03-02,2026-03-03,2026-03-05,2026,2026-03,0,-0.0423788025665939,0.2820351754539589,0.2233442814043423,0.2233442814043423,0.2233442814043423,0.2233442814043423,PATH_GLOBAL,63,6,102,0.7888341744765373,0.9704225093440592,False,True,False,False,0.2233442814043423,0.4616837878731601,1,False,0,,True,17,8,6,2,0.7,False,0.2233442814043423,0.2233442814043423,0.2233442814043423,0.4616837878731601,2026-02-17,2026-02-24,False,0,False,,0.2233442814043423,False,61,10,4,6,-2,0.0324188327915906,False,False,False,False,0.2233442814043423,"{""COT_FRESH"": 0.11528136059108389, ""FRESH_OR_CONSENSUS"": 0.4099404869128674, ""HELIOS_CONSENSUS"": 0.4099404869128674, ""KEEP"": 0.03241883279159066, ""OPAL_ALL"": 0.03241883279159066}","{""COT_FRESH"": 1.0, ""FRESH_OR_CONSENSUS"": 2.0, ""HELIOS_CONSENSUS"": 2.0, ""KEEP"": 0.0, ""OPAL_ALL"": 0.0}",False,False,0.2233442814043423
2026-03-03,2026-03-04,2026-03-06,2026,2026-03,0,-0.0181099638425537,0.0269958439912575,0.026336281924859,0.026336281924859,0.026336281924859,0.026336281924859,PATH_GLOBAL,63,6,102,0.7888341744765373,0.9704225093440592,False,False,False,False,0.026336281924859,0.3840705966606748,0,False,0,,True,17,8,6,2,0.7,False,0.026336281924859,0.026336281924859,0.026336281924859,0.3840705966606748,2026-02-24,2026-03-03,False,0,False,,0.026336281924859,False,61,10,4,6,-2,0.0324188327915906,False,False,False,False,0.026336281924859,"{""COT_FRESH"": 0.11528136059108389, ""FRESH_OR_CONSENSUS"": 0.4099404869128674, ""HELIOS_CONSENSUS"": 0.4099404869128674, ""KEEP"": 0.03241883279159066, ""OPAL_ALL"": 0.03241883279159066}","{""COT_FRESH"": 1.0, ""FRESH_OR_CONSENSUS"": 2.0, ""HELIOS_CONSENSUS"": 2.0, ""KEEP"": 0.0, ""OPAL_ALL"": 0.0}",False,False,0.026336281924859
2026-03-04,2026-03-05,2026-03-09,2026,2026-03,0,-0.0040117199755036,0.3401669244973205,0.2896714875498257,0.2896714875498257,0.2896714875498257,0.2896714875498257,PATH_GLOBAL,63,6,102,0.7888341744765373,0.9704225093440592,False,False,False,False,0.2896714875498257,0.3762365804556555,0,False,0,,True,17,8,6,2,0.7,False,0.2896714875498257,0.2896714875498257,0.2896714875498257,0.3762365804556555,2026-02-24,2026-03-03,False,0,False,,0.2896714875498257,False,61,10,4,6,-2,0.0324188327915906,False,False,False,False,0.2896714875498257,"{""COT_FRESH"": 0.11528136059108389, ""FRESH_OR_CONSENSUS"": 0.4099404869128674, ""HELIOS_CONSENSUS"": 0.4099404869128674, ""KEEP"": 0.03241883279159066, ""OPAL_ALL"": 0.03241883279159066}","{""COT_FRESH"": 1.0, ""FRESH_OR_CONSENSUS"": 2.0, ""HELIOS_CONSENSUS"": 2.0, ""KEEP"": 0.0, ""OPAL_ALL"": 0.0}",False,False,0.2896714875498257
2026-03-05,2026-03-06,2026-03-10,2026,2026-03,1,0.0102774353330984,0.2340702037914741,0.1960608265304453,0.1960608265304453,0.1960608265304453,0.1960608265304453,PATH_GLOBAL,63,6,102,0.7888341744765373,0.9704225093440592,False,False,False,False,0.1960608265304453,0.2949604844991048,0,False,0,,True,17,8,6,2,0.7,False,0.1960608265304453,0.1960608265304453,0.1960608265304453,0.2949604844991048,2026-02-24,2026-03-03,False,0,False,,0.1960608265304453,False,61,10,4,6,-2,0.0324188327915906,False,False,False,False,0.1960608265304453,"{""COT_FRESH"": 0.11528136059108389, ""FRESH_OR_CONSENSUS"": 0.4099404869128674, ""HELIOS_CONSENSUS"": 0.4099404869128674, ""KEEP"": 0.03241883279159066, ""OPAL_ALL"": 0.03241883279159066}","{""COT_FRESH"": 1.0, ""FRESH_OR_CONSENSUS"": 2.0, ""HELIOS_CONSENSUS"": 2.0, ""KEEP"": 0.0, ""OPAL_ALL"": 0.0}",False,False,0.1960608265304453
2026-03-06,2026-03-09,2026-03-11,2026,2026-03,1,0.0118628988588993,0.7584637768683768,0.8467904312499158,0.8467904312499158,0.8467904312499158,0.8467904312499158,PATH_GLOBAL,63,5,102,0.7888341744765373,0.9704225093440592,False,False,False,False,0.8467904312499158,0.3876756838578731,0,False,1,,True,17,8,6,2,0.7,False,0.8467904312499158,0.8467904312499158,0.8467904312499158,0.3876756838578731,2026-02-24,2026-03-03,False,0,False,,0.8467904312499158,False,61,10,4,6,-2,0.0324188327915906,False,False,False,False,0.8467904312499158,"{""COT_FRESH"": 0.11528136059108389, ""FRESH_OR_CONSENSUS"": 0.4099404869128674, ""HELIOS_CONSENSUS"": 0.4099404869128674, ""KEEP"": 0.03241883279159066, ""OPAL_ALL"": 0.03241883279159066}","{""COT_FRESH"": 1.0, ""FRESH_OR_CONSENSUS"": 2.0, ""HELIOS_CONSENSUS"": 2.0, ""KEEP"": 0.0, ""OPAL_ALL"": 0.0}",False,False,0.8467904312499158
2026-03-09,2026-03-10,2026-03-12,2026,2026-03,1,0.0008911564024337,0.7744161167041592,0.7358457555288526,0.7358457555288526,0.7358457555288526,0.7358457555288526,PATH_GLOBAL,63,5,102,0.7888341744765373,0.9704225093440592,False,False,False,False,0.7358457555288526,0.5625999320600318,0,False,1,,True,17,8,6,2,0.7,False,0.7358457555288526,0.7358457555288526,0.7358457555288526,0.5625999320600318,2026-02-24,2026-03-03,False,0,False,,0.7358457555288526,False,61,10,4,6,-2,0.0324188327915906,False,False,False,False,0.7358457555288526,"{""COT_FRESH"": 0.11528136059108389, ""FRESH_OR_CONSENSUS"": 0.4099404869128674, ""HELIOS_CONSENSUS"": 0.4099404869128674, ""KEEP"": 0.03241883279159066, ""OPAL_ALL"": 0.03241883279159066}","{""COT_FRESH"": 1.0, ""FRESH_OR_CONSENSUS"": 2.0, ""HELIOS_CONSENSUS"": 2.0, ""KEEP"": 0.0, ""OPAL_ALL"": 0.0}",False,False,0.7358457555288526
2026-03-10,2026-03-11,2026-03-13,2026,2026-03,0,-0.0211460215758075,0.6683936901618576,0.6460255679679356,0.6460255679679356,0.6460255679679356,0.6460255679679356,PATH_GLOBAL,63,5,102,0.7888341744765373,0.9704225093440592,False,False,True,True,0.2650812823442992,0.7349187176557008,1,True,1,1.0,True,17,8,6,2,0.7,True,0.3539744320320643,0.4415897728128257,0.3,0.7349187176557008,2026-03-03,2026-03-10,True,1,True,1.0,0.3539744320320643,False,61,10,4,6,-2,0.9675811672084094,True,False,False,True,0.3,"{""COT_FRESH"": 0.11528136059108389, ""FRESH_OR_CONSENSUS"": 0.4099404869128674, ""HELIOS_CONSENSUS"": 0.4099404869128674, ""KEEP"": 0.03241883279159066, ""OPAL_ALL"": 0.03241883279159066}","{""COT_FRESH"": 1.0, ""FRESH_OR_CONSENSUS"": 2.0, ""HELIOS_CONSENSUS"": 2.0, ""KEEP"": 0.0, ""OPAL_ALL"": 0.0}",False,True,0.3
2026-03-11,2026-03-12,2026-03-16,2026,2026-03,0,-0.035292078348633,0.4909763130627561,0.4829862801945369,0.4829862801945369,0.4829862801945369,0.4829862801945369,PATH_GLOBAL,63,5,102,0.7888341744765373,0.9704225093440592,False,False,True,False,0.4829862801945369,0.5489425284632973,1,False,0,,True,17,8,6,2,0.7,False,0.4829862801945369,0.4829862801945369,0.4829862801945369,0.5489425284632973,2026-03-03,2026-03-10,False,0,False,,0.4829862801945369,False,61,10,4,6,-2,0.0324188327915906,False,False,False,False,0.4829862801945369,"{""COT_FRESH"": 0.11528136059108389, ""FRESH_OR_CONSENSUS"": 0.4099404869128674, ""HELIOS_CONSENSUS"": 0.4099404869128674, ""KEEP"": 0.03241883279159066, ""OPAL_ALL"": 0.03241883279159066}","{""COT_FRESH"": 1.0, ""FRESH_OR_CONSENSUS"": 2.0, ""HELIOS_CONSENSUS"": 2.0, ""KEEP"": 0.0, ""OPAL_ALL"": 0.0}",False,False,0.4829862801945369
2026-03-12,2026-03-13,2026-03-17,2026,2026-03,0,-0.0255268805368178,0.1834259885377491,0.1787777908598796,0.1787777908598796,0.1787777908598796,0.1787777908598796,PATH_GLOBAL,63,5,102,0.7888341744765373,0.9704225093440592,False,False,False,False,0.1787777908598796,0.1594782440678601,0,False,0,,True,17,8,6,2,0.7,False,0.1787777908598796,0.1787777908598796,0.1787777908598796,0.1594782440678601,2026-03-03,2026-03-10,False,0,False,,0.1787777908598796,False,61,10,4,6,-2,0.0324188327915906,False,False,False,False,0.1787777908598796,"{""COT_FRESH"": 0.11528136059108389, ""FRESH_OR_CONSENSUS"": 0.4099404869128674, ""HELIOS_CONSENSUS"": 0.4099404869128674, ""KEEP"": 0.03241883279159066, ""OPAL_ALL"": 0.03241883279159066}","{""COT_FRESH"": 1.0, ""FRESH_OR_CONSENSUS"": 2.0, ""HELIOS_CONSENSUS"": 2.0, ""KEEP"": 0.0, ""OPAL_ALL"": 0.0}",False,False,0.1787777908598796
2026-03-13,2026-03-16,2026-03-18,2026,2026-03,0,-0.0298039607440471,0.1774350476725745,0.2088964885210137,0.2088964885210137,0.2088964885210137,0.2088964885210137,PATH_GLOBAL,63,5,102,0.7888341744765373,0.9704225093440592,False,False,False,False,0.2088964885210137,0.3936583025258421,0,False,0,,True,18,8,7,1,0.8,False,0.2088964885210137,0.2088964885210137,0.2088964885210137,0.3936583025258421,2026-03-03,2026-03-10,False,0,False,,0.2088964885210137,False,61,10,4,6,-2,0.1088011270726421,False,False,False,False,0.2088964885210137,"{""COT_FRESH"": 0.10880112707264215, ""FRESH_OR_CONSENSUS"": 0.3868967782834903, ""HELIOS_CONSENSUS"": 0.3868967782834903, ""KEEP"": 0.008604189287735075, ""OPAL_ALL"": 0.10880112707264215}","{""COT_FRESH"": 2.0, ""FRESH_OR_CONSENSUS"": 3.0, ""HELIOS_CONSENSUS"": 3.0, ""KEEP"": 0.0, ""OPAL_ALL"": 2.0}",False,False,0.2088964885210137
2026-03-16,2026-03-17,2026-03-19,2026,2026-03,0,-0.0583685461551514,0.5947243678845078,0.589236782341483,0.589236782341483,0.589236782341483,0.589236782341483,PATH_GLOBAL,63,5,102,0.7888341744765373,0.9704225093440592,False,False,False,True,0.2897420014118055,0.7102579985881945,0,False,1,,True,18,8,7,1,0.8,False,0.589236782341483,0.589236782341483,0.589236782341483,0.7102579985881945,2026-03-03,2026-03-10,True,2,False,1.0,0.589236782341483,False,61,10,4,6,-2,0.1088011270726421,False,True,False,False,0.589236782341483,"{""COT_FRESH"": 0.10880112707264215, ""FRESH_OR_CONSENSUS"": 0.3868967782834903, ""HELIOS_CONSENSUS"": 0.3868967782834903, ""KEEP"": 0.008604189287735075, ""OPAL_ALL"": 0.10880112707264215}","{""COT_FRESH"": 2.0, ""FRESH_OR_CONSENSUS"": 3.0, ""HELIOS_CONSENSUS"": 3.0, ""KEEP"": 0.0, ""OPAL_ALL"": 2.0}",False,False,0.589236782341483
2026-03-17,2026-03-18,2026-03-20,2026,2026-03,0,-0.0807896810814374,0.4033288486385812,0.4214710467002673,0.4214710467002673,0.4214710467002673,0.4214710467002673,PATH_GLOBAL,63,5,102,0.7888341744765373,0.9704225093440592,False,False,False,False,0.4214710467002673,0.4715245006324408,0,False,0,,True,18,8,7,1,0.8,False,0.4214710467002673,0.4214710467002673,0.4214710467002673,0.4715245006324408,2026-03-10,2026-03-17,False,0,False,,0.4214710467002673,False,61,10,4,6,-2,0.1088011270726421,False,False,False,False,0.4214710467002673,"{""COT_FRESH"": 0.10880112707264215, ""FRESH_OR_CONSENSUS"": 0.3868967782834903, ""HELIOS_CONSENSUS"": 0.3868967782834903, ""KEEP"": 0.008604189287735075, ""OPAL_ALL"": 0.10880112707264215}","{""COT_FRESH"": 2.0, ""FRESH_OR_CONSENSUS"": 3.0, ""HELIOS_CONSENSUS"": 3.0, ""KEEP"": 0.0, ""OPAL_ALL"": 2.0}",False,False,0.4214710467002673
2026-03-18,2026-03-19,2026-03-23,2026,2026-03,0,-0.12002536841787,0.0379350513440605,0.0433247600841284,0.0433247600841284,0.0433247600841284,0.0433247600841284,PATH_GLOBAL,63,5,102,0.7888341744765373,0.9704225093440592,False,False,False,False,0.0433247600841284,0.1967200539782471,0,False,0,,True,18,8,7,1,0.8,False,0.0433247600841284,0.0433247600841284,0.0433247600841284,0.1967200539782471,2026-03-10,2026-03-17,False,0,False,,0.0433247600841284,False,61,10,4,6,-2,0.1088011270726421,False,False,False,False,0.0433247600841284,"{""COT_FRESH"": 0.10880112707264215, ""FRESH_OR_CONSENSUS"": 0.3868967782834903, ""HELIOS_CONSENSUS"": 0.3868967782834903, ""KEEP"": 0.008604189287735075, ""OPAL_ALL"": 0.10880112707264215}","{""COT_FRESH"": 2.0, ""FRESH_OR_CONSENSUS"": 3.0, ""HELIOS_CONSENSUS"": 3.0, ""KEEP"": 0.0, ""OPAL_ALL"": 2.0}",False,False,0.0433247600841284
2026-03-19,2026-03-20,2026-03-24,2026,2026-03,0,-0.0703926196155701,0.0850906194309592,0.0928848901736406,0.0928848901736406,0.0928848901736406,0.0928848901736406,PATH_GLOBAL,63,5,102,0.7888341744765373,0.9704225093440592,False,False,False,False,0.0928848901736406,0.5182173268063501,0,False,0,,True,18,8,7,1,0.8,False,0.0928848901736406,0.0928848901736406,0.0928848901736406,0.5182173268063501,2026-03-10,2026-03-17,False,0,False,,0.0928848901736406,False,62,10,5,5,0,0.3893044563440209,False,False,False,False,0.0928848901736406,"{""COT_FRESH"": 0.10947820194459121, ""FRESH_OR_CONSENSUS"": 0.38930445634402094, ""HELIOS_CONSENSUS"": 0.10947820194459121, ""KEEP"": 0.0024346834227757254, ""OPAL_ALL"": 0.38930445634402094}","{""COT_FRESH"": 3.0, ""FRESH_OR_CONSENSUS"": 4.0, ""HELIOS_CONSENSUS"": 3.0, ""KEEP"": 0.0, ""OPAL_ALL"": 4.0}",False,False,0.0928848901736406
2026-03-20,2026-03-23,2026-03-25,2026,2026-03,0,-0.015437303042609,0.0132047252523118,0.0124569996368241,0.0124569996368241,0.0124569996368241,0.0124569996368241,PATH_GLOBAL,63,5,102,0.7888341744765373,0.9704225093440592,False,False,False,False,0.0124569996368241,0.2756156242109323,0,False,0,,True,18,8,7,1,0.8,False,0.0124569996368241,0.0124569996368241,0.0124569996368241,0.2756156242109323,2026-03-10,2026-03-17,False,0,False,,0.0124569996368241,False,62,10,5,5,0,0.3893044563440209,False,False,False,False,0.0124569996368241,"{""COT_FRESH"": 0.10947820194459121, ""FRESH_OR_CONSENSUS"": 0.38930445634402094, ""HELIOS_CONSENSUS"": 0.10947820194459121, ""KEEP"": 0.0024346834227757254, ""OPAL_ALL"": 0.38930445634402094}","{""COT_FRESH"": 3.0, ""FRESH_OR_CONSENSUS"": 4.0, ""HELIOS_CONSENSUS"": 3.0, ""KEEP"": 0.0, ""OPAL_ALL"": 4.0}",False,False,0.0124569996368241
2026-03-23,2026-03-24,2026-03-26,2026,2026-03,1,0.0170261768061598,0.98064471910417,0.9787189820422216,0.9787189820422216,0.9787189820422216,0.9787189820422216,PATH_GLOBAL,63,5,102,0.7888341744765373,0.9704225093440592,False,False,False,False,0.9787189820422216,0.6080341987621448,0,False,1,,True,18,8,7,1,0.8,False,0.9787189820422216,0.9787189820422216,0.9787189820422216,0.6080341987621448,2026-03-10,2026-03-17,False,0,False,,0.9787189820422216,False,62,10,5,5,0,0.3893044563440209,False,False,False,False,0.9787189820422216,"{""COT_FRESH"": 0.10947820194459121, ""FRESH_OR_CONSENSUS"": 0.38930445634402094, ""HELIOS_CONSENSUS"": 0.10947820194459121, ""KEEP"": 0.0024346834227757254, ""OPAL_ALL"": 0.38930445634402094}","{""COT_FRESH"": 3.0, ""FRESH_OR_CONSENSUS"": 4.0, ""HELIOS_CONSENSUS"": 3.0, ""KEEP"": 0.0, ""OPAL_ALL"": 4.0}",False,False,0.9787189820422216
2026-03-24,2026-03-25,2026-03-27,2026,2026-03,1,0.0131562284136807,0.8114511299376327,0.8556565177452312,0.8556565177452312,0.8556565177452312,0.8556565177452312,PATH_GLOBAL,63,5,102,0.7888341744765373,0.9704225093440592,False,False,False,False,0.8556565177452312,0.6539780345196122,0,False,1,,True,18,8,7,1,0.8,False,0.8556565177452312,0.8556565177452312,0.8556565177452312,0.6539780345196122,2026-03-17,2026-03-24,False,0,False,,0.8556565177452312,False,62,10,5,5,0,0.3893044563440209,False,False,False,False,0.8556565177452312,"{""COT_FRESH"": 0.10947820194459121, ""FRESH_OR_CONSENSUS"": 0.38930445634402094, ""HELIOS_CONSENSUS"": 0.10947820194459121, ""KEEP"": 0.0024346834227757254, ""OPAL_ALL"": 0.38930445634402094}","{""COT_FRESH"": 3.0, ""FRESH_OR_CONSENSUS"": 4.0, ""HELIOS_CONSENSUS"": 3.0, ""KEEP"": 0.0, ""OPAL_ALL"": 4.0}",False,False,0.8556565177452312
2026-03-25,2026-03-26,2026-03-30,2026,2026-03,0,-0.0080325791509275,0.2570743400357979,0.2951867498585059,0.2951867498585059,0.2951867498585059,0.2951867498585059,PATH_GLOBAL,63,5,102,0.7888341744765373,0.9704225093440592,False,False,False,False,0.2951867498585059,0.3936399987418451,0,False,0,,True,18,8,7,1,0.8,False,0.2951867498585059,0.2951867498585059,0.2951867498585059,0.3936399987418451,2026-03-17,2026-03-24,False,0,False,,0.2951867498585059,False,62,10,5,5,0,0.3893044563440209,False,False,False,False,0.2951867498585059,"{""COT_FRESH"": 0.10947820194459121, ""FRESH_OR_CONSENSUS"": 0.38930445634402094, ""HELIOS_CONSENSUS"": 0.10947820194459121, ""KEEP"": 0.0024346834227757254, ""OPAL_ALL"": 0.38930445634402094}","{""COT_FRESH"": 3.0, ""FRESH_OR_CONSENSUS"": 4.0, ""HELIOS_CONSENSUS"": 3.0, ""KEEP"": 0.0, ""OPAL_ALL"": 4.0}",False,False,0.2951867498585059
2026-03-26,2026-03-27,2026-03-31,2026,2026-03,1,0.0341635771566279,0.1422723793660703,0.1811617059300612,0.1811617059300612,0.1811617059300612,0.1811617059300612,PATH_GLOBAL,63,4,102,0.7888341744765373,0.9704225093440592,False,False,False,False,0.1811617059300612,0.45917126159535,0,False,0,,True,18,8,7,1,0.8,False,0.1811617059300612,0.1811617059300612,0.1811617059300612,0.45917126159535,2026-03-17,2026-03-24,False,0,False,,0.1811617059300612,False,62,10,5,5,0,0.3893044563440209,False,False,False,False,0.1811617059300612,"{""COT_FRESH"": 0.10947820194459121, ""FRESH_OR_CONSENSUS"": 0.38930445634402094, ""HELIOS_CONSENSUS"": 0.10947820194459121, ""KEEP"": 0.0024346834227757254, ""OPAL_ALL"": 0.38930445634402094}","{""COT_FRESH"": 3.0, ""FRESH_OR_CONSENSUS"": 4.0, ""HELIOS_CONSENSUS"": 3.0, ""KEEP"": 0.0, ""OPAL_ALL"": 4.0}",False,False,0.1811617059300612
2026-03-27,2026-03-30,2026-04-01,2026,2026-03,1,0.0598797862662897,0.7914773713910727,0.8083788924060956,0.8083788924060956,0.8083788924060956,0.8083788924060956,PATH_GLOBAL,63,4,102,0.7888341744765373,0.9704225093440592,False,False,False,False,0.8083788924060956,0.6312069113386337,0,False,1,,True,18,8,7,1,0.8,False,0.8083788924060956,0.8083788924060956,0.8083788924060956,0.6312069113386337,2026-03-17,2026-03-24,False,0,False,,0.8083788924060956,False,62,10,5,5,0,0.3893044563440209,False,False,False,False,0.8083788924060956,"{""COT_FRESH"": 0.10947820194459121, ""FRESH_OR_CONSENSUS"": 0.38930445634402094, ""HELIOS_CONSENSUS"": 0.10947820194459121, ""KEEP"": 0.0024346834227757254, ""OPAL_ALL"": 0.38930445634402094}","{""COT_FRESH"": 3.0, ""FRESH_OR_CONSENSUS"": 4.0, ""HELIOS_CONSENSUS"": 3.0, ""KEEP"": 0.0, ""OPAL_ALL"": 4.0}",False,False,0.8083788924060956
2026-03-30,2026-03-31,2026-04-02,2026,2026-03,1,0.0313383231470873,0.5096136471007088,0.4605055424588155,0.4605055424588155,0.4605055424588155,0.4605055424588155,PATH_GLOBAL,63,4,102,0.7888341744765373,0.9704225093440592,False,False,False,False,0.4605055424588155,0.5208709030104262,0,False,0,,True,18,8,7,1,0.8,False,0.4605055424588155,0.4605055424588155,0.4605055424588155,0.5208709030104262,2026-03-17,2026-03-24,False,0,False,,0.4605055424588155,False,62,10,5,5,0,0.3893044563440209,False,False,False,False,0.4605055424588155,"{""COT_FRESH"": 0.10947820194459121, ""FRESH_OR_CONSENSUS"": 0.38930445634402094, ""HELIOS_CONSENSUS"": 0.10947820194459121, ""KEEP"": 0.0024346834227757254, ""OPAL_ALL"": 0.38930445634402094}","{""COT_FRESH"": 3.0, ""FRESH_OR_CONSENSUS"": 4.0, ""HELIOS_CONSENSUS"": 3.0, ""KEEP"": 0.0, ""OPAL_ALL"": 4.0}",False,False,0.4605055424588155
2026-03-31,2026-04-01,2026-04-03,2026,2026-04,1,0.0165276982610124,0.9183316783203695,0.8969851133223747,0.8969851133223747,0.8969851133223747,0.8969851133223747,PATH_GLOBAL,63,4,102,0.7888341744765373,0.9704225093440592,False,False,False,False,0.8969851133223747,0.3933115694196683,0,False,1,,True,18,8,7,1,0.8,False,0.8969851133223747,0.8969851133223747,0.8969851133223747,0.3933115694196683,2026-03-24,2026-03-31,False,0,False,,0.8969851133223747,False,62,10,5,5,0,0.3893044563440209,False,False,False,False,0.8969851133223747,"{""COT_FRESH"": 0.10947820194459121, ""FRESH_OR_CONSENSUS"": 0.38930445634402094, ""HELIOS_CONSENSUS"": 0.10947820194459121, ""KEEP"": 0.0024346834227757254, ""OPAL_ALL"": 0.38930445634402094}","{""COT_FRESH"": 3.0, ""FRESH_OR_CONSENSUS"": 4.0, ""HELIOS_CONSENSUS"": 3.0, ""KEEP"": 0.0, ""OPAL_ALL"": 4.0}",False,False,0.8969851133223747
2026-04-01,2026-04-02,2026-04-06,2026,2026-04,0,-0.0149924400427902,0.7928934693204416,0.7843592968441258,0.7843592968441258,0.7843592968441258,0.7843592968441258,PATH_GLOBAL,63,4,102,0.7888341744765373,0.9704225093440592,False,False,True,False,0.7843592968441258,0.6464828876937151,1,False,1,,True,18,8,7,1,0.8,False,0.7843592968441258,0.7843592968441258,0.7843592968441258,0.6464828876937151,2026-03-24,2026-03-31,False,0,False,,0.7843592968441258,False,62,10,5,5,0,0.3893044563440209,False,False,False,False,0.7843592968441258,"{""COT_FRESH"": 0.10947820194459121, ""FRESH_OR_CONSENSUS"": 0.38930445634402094, ""HELIOS_CONSENSUS"": 0.10947820194459121, ""KEEP"": 0.0024346834227757254, ""OPAL_ALL"": 0.38930445634402094}","{""COT_FRESH"": 3.0, ""FRESH_OR_CONSENSUS"": 4.0, ""HELIOS_CONSENSUS"": 3.0, ""KEEP"": 0.0, ""OPAL_ALL"": 4.0}",False,False,0.7843592968441258
2026-04-02,2026-04-03,2026-04-07,2026,2026-04,1,0.0022401659158665,0.8302259825504678,0.8277100140946897,0.8277100140946897,0.8277100140946897,0.8277100140946897,PATH_GLOBAL,63,3,103,0.6649385022760562,0.8423858207124016,False,False,False,False,0.8277100140946897,0.5740374240048303,0,False,1,,True,18,8,7,1,0.8,False,0.8277100140946897,0.8277100140946897,0.8277100140946897,0.5740374240048303,2026-03-24,2026-03-31,False,0,False,,0.8277100140946897,False,62,10,5,5,0,0.3893044563440209,False,False,False,False,0.8277100140946897,"{""COT_FRESH"": 0.10947820194459121, ""FRESH_OR_CONSENSUS"": 0.38930445634402094, ""HELIOS_CONSENSUS"": 0.10947820194459121, ""KEEP"": 0.0024346834227757254, ""OPAL_ALL"": 0.38930445634402094}","{""COT_FRESH"": 3.0, ""FRESH_OR_CONSENSUS"": 4.0, ""HELIOS_CONSENSUS"": 3.0, ""KEEP"": 0.0, ""OPAL_ALL"": 4.0}",False,False,0.8277100140946897
2026-04-03,2026-04-06,2026-04-08,2026,2026-04,1,0.0211215637633259,0.5293461352919416,0.5285864853696371,0.5285864853696371,0.5285864853696371,0.5285864853696371,PATH_GLOBAL,63,2,103,0.6649385022760562,0.8423858207124016,False,False,True,False,0.5285864853696371,0.650491552205567,1,False,1,,True,18,8,7,1,0.8,False,0.5285864853696371,0.5285864853696371,0.5285864853696371,0.650491552205567,2026-03-24,2026-03-31,False,0,False,,0.5285864853696371,False,62,10,5,5,0,0.3893044563440209,False,False,False,False,0.5285864853696371,"{""COT_FRESH"": 0.10947820194459121, ""FRESH_OR_CONSENSUS"": 0.38930445634402094, ""HELIOS_CONSENSUS"": 0.10947820194459121, ""KEEP"": 0.0024346834227757254, ""OPAL_ALL"": 0.38930445634402094}","{""COT_FRESH"": 3.0, ""FRESH_OR_CONSENSUS"": 4.0, ""HELIOS_CONSENSUS"": 3.0, ""KEEP"": 0.0, ""OPAL_ALL"": 4.0}",False,False,0.5285864853696371
2026-04-06,2026-04-07,2026-04-09,2026,2026-04,1,0.0173676428722943,0.3310191396223711,0.3477204916510699,0.3477204916510699,0.3477204916510699,0.3477204916510699,PATH_GLOBAL,63,2,103,0.6649385022760562,0.8423858207124016,False,False,False,False,0.3477204916510699,0.2300292235693162,0,False,0,,True,18,8,7,1,0.8,False,0.3477204916510699,0.3477204916510699,0.3477204916510699,0.2300292235693162,2026-03-24,2026-03-31,False,0,False,,0.3477204916510699,False,62,10,5,5,0,0.3893044563440209,False,False,False,False,0.3477204916510699,"{""COT_FRESH"": 0.10947820194459121, ""FRESH_OR_CONSENSUS"": 0.38930445634402094, ""HELIOS_CONSENSUS"": 0.10947820194459121, ""KEEP"": 0.0024346834227757254, ""OPAL_ALL"": 0.38930445634402094}","{""COT_FRESH"": 3.0, ""FRESH_OR_CONSENSUS"": 4.0, ""HELIOS_CONSENSUS"": 3.0, ""KEEP"": 0.0, ""OPAL_ALL"": 4.0}",False,False,0.3477204916510699
2026-04-07,2026-04-08,2026-04-10,2026,2026-04,1,0.0191135630903947,0.5956504778950055,0.6312434079557436,0.6312434079557436,0.6312434079557436,0.6312434079557436,PATH_GLOBAL,63,2,103,0.6649385022760562,0.8423858207124016,False,False,True,False,0.6312434079557436,0.6640939511352029,1,False,1,,True,18,8,7,1,0.8,False,0.6312434079557436,0.6312434079557436,0.6312434079557436,0.6640939511352029,2026-03-31,2026-04-07,False,0,False,,0.6312434079557436,False,62,10,5,5,0,0.3893044563440209,False,False,False,False,0.6312434079557436,"{""COT_FRESH"": 0.10947820194459121, ""FRESH_OR_CONSENSUS"": 0.38930445634402094, ""HELIOS_CONSENSUS"": 0.10947820194459121, ""KEEP"": 0.0024346834227757254, ""OPAL_ALL"": 0.38930445634402094}","{""COT_FRESH"": 3.0, ""FRESH_OR_CONSENSUS"": 4.0, ""HELIOS_CONSENSUS"": 3.0, ""KEEP"": 0.0, ""OPAL_ALL"": 4.0}",False,False,0.6312434079557436
2026-04-08,2026-04-09,2026-04-13,2026,2026-04,0,-0.0108933195119537,0.161080750906122,0.1604994817552254,0.1604994817552254,0.1604994817552254,0.1604994817552254,PATH_GLOBAL,63,2,103,0.6649385022760562,0.8423858207124016,False,True,False,False,0.1604994817552254,0.3849318504187523,1,False,0,,True,18,8,7,1,0.8,False,0.1604994817552254,0.1604994817552254,0.1604994817552254,0.3849318504187523,2026-03-31,2026-04-07,False,0,False,,0.1604994817552254,False,62,10,5,5,0,0.3893044563440209,False,False,False,False,0.1604994817552254,"{""COT_FRESH"": 0.10947820194459121, ""FRESH_OR_CONSENSUS"": 0.38930445634402094, ""HELIOS_CONSENSUS"": 0.10947820194459121, ""KEEP"": 0.0024346834227757254, ""OPAL_ALL"": 0.38930445634402094}","{""COT_FRESH"": 3.0, ""FRESH_OR_CONSENSUS"": 4.0, ""HELIOS_CONSENSUS"": 3.0, ""KEEP"": 0.0, ""OPAL_ALL"": 4.0}",False,False,0.1604994817552254
2026-04-09,2026-04-10,2026-04-14,2026,2026-04,1,0.0104419343333572,0.7678262733043978,0.7754360262719739,0.7754360262719739,0.7754360262719739,0.7754360262719739,PATH_GLOBAL,63,1,103,0.6649385022760562,0.8423858207124016,False,False,False,False,0.7754360262719739,0.5557786534875135,0,False,1,,True,18,8,7,1,0.8,False,0.7754360262719739,0.7754360262719739,0.7754360262719739,0.5557786534875135,2026-03-31,2026-04-07,False,0,False,,0.7754360262719739,False,62,10,5,5,0,0.3893044563440209,False,False,False,False,0.7754360262719739,"{""COT_FRESH"": 0.10947820194459121, ""FRESH_OR_CONSENSUS"": 0.38930445634402094, ""HELIOS_CONSENSUS"": 0.10947820194459121, ""KEEP"": 0.0024346834227757254, ""OPAL_ALL"": 0.38930445634402094}","{""COT_FRESH"": 3.0, ""FRESH_OR_CONSENSUS"": 4.0, ""HELIOS_CONSENSUS"": 3.0, ""KEEP"": 0.0, ""OPAL_ALL"": 4.0}",False,False,0.7754360262719739
2026-04-10,2026-04-13,2026-04-15,2026,2026-04,1,0.0109312169594972,0.5857917097182231,0.6078556232723636,0.6078556232723636,0.6078556232723636,0.6078556232723636,PATH_GLOBAL,63,1,103,0.6649385022760562,0.8423858207124016,False,False,True,False,0.6078556232723636,0.6717560294649089,1,False,1,,True,18,8,7,1,0.8,False,0.6078556232723636,0.6078556232723636,0.6078556232723636,0.6717560294649089,2026-03-31,2026-04-07,False,0,False,,0.6078556232723636,False,62,10,5,5,0,0.3893044563440209,False,False,False,False,0.6078556232723636,"{""COT_FRESH"": 0.10947820194459121, ""FRESH_OR_CONSENSUS"": 0.38930445634402094, ""HELIOS_CONSENSUS"": 0.10947820194459121, ""KEEP"": 0.0024346834227757254, ""OPAL_ALL"": 0.38930445634402094}","{""COT_FRESH"": 3.0, ""FRESH_OR_CONSENSUS"": 4.0, ""HELIOS_CONSENSUS"": 3.0, ""KEEP"": 0.0, ""OPAL_ALL"": 4.0}",False,False,0.6078556232723636
2026-04-13,2026-04-14,2026-04-16,2026,2026-04,1,0.0178635735396682,0.6264458269850413,0.6378809033250631,0.6378809033250631,0.6378809033250631,0.6378809033250631,PATH_GLOBAL,63,1,103,0.6649385022760562,0.8423858207124016,False,False,False,False,0.6378809033250631,0.6461349989277007,0,False,1,,True,18,8,7,1,0.8,False,0.6378809033250631,0.6378809033250631,0.6378809033250631,0.6461349989277007,2026-03-31,2026-04-07,False,0,False,,0.6378809033250631,False,62,10,5,5,0,0.3893044563440209,False,False,False,False,0.6378809033250631,"{""COT_FRESH"": 0.10947820194459121, ""FRESH_OR_CONSENSUS"": 0.38930445634402094, ""HELIOS_CONSENSUS"": 0.10947820194459121, ""KEEP"": 0.0024346834227757254, ""OPAL_ALL"": 0.38930445634402094}","{""COT_FRESH"": 3.0, ""FRESH_OR_CONSENSUS"": 4.0, ""HELIOS_CONSENSUS"": 3.0, ""KEEP"": 0.0, ""OPAL_ALL"": 4.0}",False,False,0.6378809033250631
2026-04-14,2026-04-15,2026-04-17,2026,2026-04,1,0.0051305786841962,0.8051171233768334,0.7928803656508808,0.7928803656508808,0.7928803656508808,0.7928803656508808,PATH_GLOBAL,63,1,103,0.6649385022760562,0.8423858207124016,False,False,False,False,0.7928803656508808,0.4213510161645148,0,False,1,,True,18,8,7,1,0.8,False,0.7928803656508808,0.7928803656508808,0.7928803656508808,0.4213510161645148,2026-04-07,2026-04-14,False,0,False,,0.7928803656508808,False,62,10,5,5,0,0.3893044563440209,False,False,False,False,0.7928803656508808,"{""COT_FRESH"": 0.10947820194459121, ""FRESH_OR_CONSENSUS"": 0.38930445634402094, ""HELIOS_CONSENSUS"": 0.10947820194459121, ""KEEP"": 0.0024346834227757254, ""OPAL_ALL"": 0.38930445634402094}","{""COT_FRESH"": 3.0, ""FRESH_OR_CONSENSUS"": 4.0, ""HELIOS_CONSENSUS"": 3.0, ""KEEP"": 0.0, ""OPAL_ALL"": 4.0}",False,False,0.7928803656508808
2026-04-15,2026-04-16,2026-04-20,2026,2026-04,0,-0.0022675039099369,0.4725858814136647,0.4431039307606055,0.4431039307606055,0.4431039307606055,0.4431039307606055,PATH_GLOBAL,63,1,103,0.6649385022760562,0.8423858207124016,False,False,False,False,0.4431039307606055,0.4892027223083747,0,False,0,,True,18,8,7,1,0.8,False,0.4431039307606055,0.4431039307606055,0.4431039307606055,0.4892027223083747,2026-04-07,2026-04-14,False,0,False,,0.4431039307606055,False,62,10,5,5,0,0.3893044563440209,False,False,False,False,0.4431039307606055,"{""COT_FRESH"": 0.10947820194459121, ""FRESH_OR_CONSENSUS"": 0.38930445634402094, ""HELIOS_CONSENSUS"": 0.10947820194459121, ""KEEP"": 0.0024346834227757254, ""OPAL_ALL"": 0.38930445634402094}","{""COT_FRESH"": 3.0, ""FRESH_OR_CONSENSUS"": 4.0, ""HELIOS_CONSENSUS"": 3.0, ""KEEP"": 0.0, ""OPAL_ALL"": 4.0}",False,False,0.4431039307606055
2026-04-16,2026-04-17,2026-04-21,2026,2026-04,0,-0.009485693857888,0.3833685016613567,0.3575783852876245,0.3575783852876245,0.3575783852876245,0.3575783852876245,PATH_GLOBAL,63,1,103,0.6649385022760562,0.8423858207124016,False,False,False,False,0.3575783852876245,0.5022603311975651,0,False,0,,True,18,8,7,1,0.8,False,0.3575783852876245,0.3575783852876245,0.3575783852876245,0.5022603311975651,2026-04-07,2026-04-14,False,0,False,,0.3575783852876245,False,62,10,5,5,0,0.3893044563440209,False,False,False,False,0.3575783852876245,"{""COT_FRESH"": 0.10947820194459121, ""FRESH_OR_CONSENSUS"": 0.38930445634402094, ""HELIOS_CONSENSUS"": 0.10947820194459121, ""KEEP"": 0.0024346834227757254, ""OPAL_ALL"": 0.38930445634402094}","{""COT_FRESH"": 3.0, ""FRESH_OR_CONSENSUS"": 4.0, ""HELIOS_CONSENSUS"": 3.0, ""KEEP"": 0.0, ""OPAL_ALL"": 4.0}",False,False,0.3575783852876245
2026-04-17,2026-04-20,2026-04-22,2026,2026-04,0,-0.0153155026367113,0.7387211354318813,0.7281495598469133,0.7281495598469133,0.7281495598469133,0.7281495598469133,PATH_GLOBAL,63,1,103,0.6649385022760562,0.8423858207124016,True,False,False,False,0.7281495598469133,0.6290919651225232,1,False,1,,True,18,8,7,1,0.8,False,0.7281495598469133,0.7281495598469133,0.7281495598469133,0.6290919651225232,2026-04-07,2026-04-14,False,0,False,,0.7281495598469133,False,62,10,5,5,0,0.3893044563440209,False,False,False,False,0.7281495598469133,"{""COT_FRESH"": 0.10947820194459121, ""FRESH_OR_CONSENSUS"": 0.38930445634402094, ""HELIOS_CONSENSUS"": 0.10947820194459121, ""KEEP"": 0.0024346834227757254, ""OPAL_ALL"": 0.38930445634402094}","{""COT_FRESH"": 3.0, ""FRESH_OR_CONSENSUS"": 4.0, ""HELIOS_CONSENSUS"": 3.0, ""KEEP"": 0.0, ""OPAL_ALL"": 4.0}",False,False,0.7281495598469133
2026-04-20,2026-04-21,2026-04-23,2026,2026-04,0,-0.0188579719907445,0.729075059831251,0.7042074908454019,0.7042074908454019,0.7042074908454019,0.7042074908454019,PATH_GLOBAL,63,1,103,0.6649385022760562,0.8423858207124016,False,False,False,False,0.7042074908454019,0.5635658202418345,0,False,1,,True,18,8,7,1,0.8,False,0.7042074908454019,0.7042074908454019,0.7042074908454019,0.5635658202418345,2026-04-07,2026-04-14,False,0,False,,0.7042074908454019,False,62,10,5,5,0,0.3893044563440209,False,False,False,False,0.7042074908454019,"{""COT_FRESH"": 0.10947820194459121, ""FRESH_OR_CONSENSUS"": 0.38930445634402094, ""HELIOS_CONSENSUS"": 0.10947820194459121, ""KEEP"": 0.0024346834227757254, ""OPAL_ALL"": 0.38930445634402094}","{""COT_FRESH"": 3.0, ""FRESH_OR_CONSENSUS"": 4.0, ""HELIOS_CONSENSUS"": 3.0, ""KEEP"": 0.0, ""OPAL_ALL"": 4.0}",False,False,0.7042074908454019
2026-04-21,2026-04-22,2026-04-24,2026,2026-04,0,-0.0136278482380591,0.2654059991252443,0.2660181684297709,0.2660181684297709,0.2660181684297709,0.2660181684297709,PATH_GLOBAL,63,1,103,0.6649385022760562,0.8423858207124016,True,False,False,False,0.2660181684297709,0.438362051335337,1,False,0,,True,18,8,7,1,0.8,False,0.2660181684297709,0.2660181684297709,0.2660181684297709,0.438362051335337,2026-04-14,2026-04-21,False,0,False,,0.2660181684297709,False,62,10,5,5,0,0.3893044563440209,False,False,False,False,0.2660181684297709,"{""COT_FRESH"": 0.10947820194459121, ""FRESH_OR_CONSENSUS"": 0.38930445634402094, ""HELIOS_CONSENSUS"": 0.10947820194459121, ""KEEP"": 0.0024346834227757254, ""OPAL_ALL"": 0.38930445634402094}","{""COT_FRESH"": 3.0, ""FRESH_OR_CONSENSUS"": 4.0, ""HELIOS_CONSENSUS"": 3.0, ""KEEP"": 0.0, ""OPAL_ALL"": 4.0}",False,False,0.2660181684297709
2026-04-22,2026-04-23,2026-04-27,2026,2026-04,0,-0.0102450346216095,0.4130380605558404,0.4014858277804246,0.4014858277804246,0.4014858277804246,0.4014858277804246,PATH_GLOBAL,63,1,103,0.6649385022760562,0.8423858207124016,False,False,False,False,0.4014858277804246,0.4850809390674169,0,False,0,,True,18,8,7,1,0.8,False,0.4014858277804246,0.4014858277804246,0.4014858277804246,0.4850809390674169,2026-04-14,2026-04-21,False,0,False,,0.4014858277804246,False,62,10,5,5,0,0.3893044563440209,False,False,False,False,0.4014858277804246,"{""COT_FRESH"": 0.10947820194459121, ""FRESH_OR_CONSENSUS"": 0.38930445634402094, ""HELIOS_CONSENSUS"": 0.10947820194459121, ""KEEP"": 0.0024346834227757254, ""OPAL_ALL"": 0.38930445634402094}","{""COT_FRESH"": 3.0, ""FRESH_OR_CONSENSUS"": 4.0, ""HELIOS_CONSENSUS"": 3.0, ""KEEP"": 0.0, ""OPAL_ALL"": 4.0}",False,False,0.4014858277804246
2026-04-23,2026-04-24,2026-04-28,2026,2026-04,0,-0.0200948663477643,0.539187354150424,0.5427122751447202,0.539187354150424,0.5427122751447202,0.5427122751447202,PATH_GLOBAL,63,0,103,0.6649385022760562,0.8423858207124016,False,False,False,False,0.5427122751447202,0.6000903524136807,0,False,1,,True,18,8,7,1,0.8,False,0.5427122751447202,0.5427122751447202,0.5427122751447202,0.6000903524136807,2026-04-14,2026-04-21,False,0,False,,0.5427122751447202,False,62,10,5,5,0,0.3893044563440209,False,False,False,False,0.5427122751447202,"{""COT_FRESH"": 0.10947820194459121, ""FRESH_OR_CONSENSUS"": 0.38930445634402094, ""HELIOS_CONSENSUS"": 0.10947820194459121, ""KEEP"": 0.0024346834227757254, ""OPAL_ALL"": 0.38930445634402094}","{""COT_FRESH"": 3.0, ""FRESH_OR_CONSENSUS"": 4.0, ""HELIOS_CONSENSUS"": 3.0, ""KEEP"": 0.0, ""OPAL_ALL"": 4.0}",False,False,0.5427122751447202
2026-04-24,2026-04-27,2026-04-29,2026,2026-04,0,-0.0290407292114404,0.6617982711686241,0.6785045096786323,0.6617982711686241,0.6785045096786323,0.6785045096786323,PATH_GLOBAL,63,0,103,0.6649385022760562,0.8423858207124016,False,False,False,False,0.6785045096786323,0.6342941881279516,0,False,1,,True,18,8,7,1,0.8,False,0.6785045096786323,0.6785045096786323,0.6785045096786323,0.6342941881279516,2026-04-14,2026-04-21,False,0,False,,0.6785045096786323,False,62,10,5,5,0,0.3893044563440209,False,False,False,False,0.6785045096786323,"{""COT_FRESH"": 0.10947820194459121, ""FRESH_OR_CONSENSUS"": 0.38930445634402094, ""HELIOS_CONSENSUS"": 0.10947820194459121, ""KEEP"": 0.0024346834227757254, ""OPAL_ALL"": 0.38930445634402094}","{""COT_FRESH"": 3.0, ""FRESH_OR_CONSENSUS"": 4.0, ""HELIOS_CONSENSUS"": 3.0, ""KEEP"": 0.0, ""OPAL_ALL"": 4.0}",False,False,0.6785045096786323
2026-04-27,2026-04-28,2026-04-30,2026,2026-04,0,-0.0203737921226416,0.3806457345758623,0.3833193993259792,0.3806457345758623,0.3833193993259792,0.3833193993259792,PATH_GLOBAL,63,0,103,0.6649385022760562,0.8423858207124016,False,False,False,False,0.3833193993259792,0.4120779190069962,0,False,0,,True,18,8,7,1,0.8,False,0.3833193993259792,0.3833193993259792,0.3833193993259792,0.4120779190069962,2026-04-14,2026-04-21,False,0,False,,0.3833193993259792,False,62,10,5,5,0,0.3893044563440209,False,False,False,False,0.3833193993259792,"{""COT_FRESH"": 0.10947820194459121, ""FRESH_OR_CONSENSUS"": 0.38930445634402094, ""HELIOS_CONSENSUS"": 0.10947820194459121, ""KEEP"": 0.0024346834227757254, ""OPAL_ALL"": 0.38930445634402094}","{""COT_FRESH"": 3.0, ""FRESH_OR_CONSENSUS"": 4.0, ""HELIOS_CONSENSUS"": 3.0, ""KEEP"": 0.0, ""OPAL_ALL"": 4.0}",False,False,0.3833193993259792
2026-04-28,2026-04-29,2026-05-01,2026,2026-04,0,-0.0017967003206753,0.3159817438466591,0.3108191274083046,0.3159817438466591,0.3108191274083046,0.3108191274083046,PATH_GLOBAL,63,0,103,0.6649385022760562,0.8423858207124016,False,False,False,False,0.3108191274083046,0.5269584521954421,0,False,0,,True,18,8,7,1,0.8,False,0.3108191274083046,0.3108191274083046,0.3108191274083046,0.5269584521954421,2026-04-21,2026-04-28,False,0,False,,0.3108191274083046,False,62,10,5,5,0,0.3893044563440209,False,False,False,False,0.3108191274083046,"{""COT_FRESH"": 0.10947820194459121, ""FRESH_OR_CONSENSUS"": 0.38930445634402094, ""HELIOS_CONSENSUS"": 0.10947820194459121, ""KEEP"": 0.0024346834227757254, ""OPAL_ALL"": 0.38930445634402094}","{""COT_FRESH"": 3.0, ""FRESH_OR_CONSENSUS"": 4.0, ""HELIOS_CONSENSUS"": 3.0, ""KEEP"": 0.0, ""OPAL_ALL"": 4.0}",False,False,0.3108191274083046
2026-04-29,2026-04-30,2026-05-04,2026,2026-04,1,0.0001379813333155,0.3172244357371697,0.3066631381099266,0.3172244357371697,0.3066631381099266,0.3066631381099266,PATH_GLOBAL,63,0,103,0.6649385022760562,0.8423858207124016,False,False,False,False,0.3066631381099266,0.4745508217792756,0,False,0,,True,18,8,7,1,0.8,False,0.3066631381099266,0.3066631381099266,0.3066631381099266,0.4745508217792756,2026-04-21,2026-04-28,False,0,False,,0.3066631381099266,False,62,10,5,5,0,0.3893044563440209,False,False,False,False,0.3066631381099266,"{""COT_FRESH"": 0.10947820194459121, ""FRESH_OR_CONSENSUS"": 0.38930445634402094, ""HELIOS_CONSENSUS"": 0.10947820194459121, ""KEEP"": 0.0024346834227757254, ""OPAL_ALL"": 0.38930445634402094}","{""COT_FRESH"": 3.0, ""FRESH_OR_CONSENSUS"": 4.0, ""HELIOS_CONSENSUS"": 3.0, ""KEEP"": 0.0, ""OPAL_ALL"": 4.0}",False,False,0.3066631381099266
2026-04-30,2026-05-01,2026-05-05,2026,2026-05,0,-0.01108340411372,0.6722672250761681,0.6479516178058797,0.6722672250761681,0.6479516178058797,0.6479516178058797,PATH_GLOBAL,63,0,103,0.6649385022760562,0.8423858207124016,False,False,False,False,0.6479516178058797,0.682763449542179,0,False,1,,True,18,8,7,1,0.8,False,0.6479516178058797,0.6479516178058797,0.6479516178058797,0.682763449542179,2026-04-21,2026-04-28,False,0,False,,0.6479516178058797,False,62,10,5,5,0,0.3893044563440209,False,False,False,False,0.6479516178058797,"{""COT_FRESH"": 0.10947820194459121, ""FRESH_OR_CONSENSUS"": 0.38930445634402094, ""HELIOS_CONSENSUS"": 0.10947820194459121, ""KEEP"": 0.0024346834227757254, ""OPAL_ALL"": 0.38930445634402094}","{""COT_FRESH"": 3.0, ""FRESH_OR_CONSENSUS"": 4.0, ""HELIOS_CONSENSUS"": 3.0, ""KEEP"": 0.0, ""OPAL_ALL"": 4.0}",False,False,0.6479516178058797
2026-05-01,2026-05-04,2026-05-06,2026,2026-05,1,0.0140316447310143,0.8158238161132967,0.7887350072133921,0.8158238161132967,0.7887350072133921,0.7887350072133921,PATH_GLOBAL,63,0,103,0.6649385022760562,0.8423858207124016,False,False,False,False,0.7887350072133921,0.4625519412627497,0,False,1,,True,18,8,7,1,0.8,False,0.7887350072133921,0.7887350072133921,0.7887350072133921,0.4625519412627497,2026-04-21,2026-04-28,False,0,False,,0.7887350072133921,False,62,10,5,5,0,0.3893044563440209,False,False,False,False,0.7887350072133921,"{""COT_FRESH"": 0.10947820194459121, ""FRESH_OR_CONSENSUS"": 0.38930445634402094, ""HELIOS_CONSENSUS"": 0.10947820194459121, ""KEEP"": 0.0024346834227757254, ""OPAL_ALL"": 0.38930445634402094}","{""COT_FRESH"": 3.0, ""FRESH_OR_CONSENSUS"": 4.0, ""HELIOS_CONSENSUS"": 3.0, ""KEEP"": 0.0, ""OPAL_ALL"": 4.0}",False,False,0.7887350072133921
2026-05-04,2026-05-05,2026-05-07,2026,2026-05,1,0.0326382754766076,0.2803112387469589,0.2546583215913189,0.2803112387469589,0.2546583215913189,0.2546583215913189,PATH_GLOBAL,63,0,103,0.6649385022760562,0.8423858207124016,False,False,False,False,0.2546583215913189,0.3501739373953305,0,False,0,,True,18,8,7,1,0.8,False,0.2546583215913189,0.2546583215913189,0.2546583215913189,0.3501739373953305,2026-04-21,2026-04-28,False,0,False,,0.2546583215913189,False,62,10,5,5,0,0.3893044563440209,False,False,False,False,0.2546583215913189,"{""COT_FRESH"": 0.10947820194459121, ""FRESH_OR_CONSENSUS"": 0.38930445634402094, ""HELIOS_CONSENSUS"": 0.10947820194459121, ""KEEP"": 0.0024346834227757254, ""OPAL_ALL"": 0.38930445634402094}","{""COT_FRESH"": 3.0, ""FRESH_OR_CONSENSUS"": 4.0, ""HELIOS_CONSENSUS"": 3.0, ""KEEP"": 0.0, ""OPAL_ALL"": 4.0}",False,False,0.2546583215913189
2026-05-05,2026-05-06,2026-05-08,2026,2026-05,1,0.0354966018078703,0.587961087287306,0.5592876507960872,0.587961087287306,0.5592876507960872,0.5592876507960872,PATH_GLOBAL,63,0,103,0.6649385022760562,0.8423858207124016,False,False,False,False,0.5592876507960872,0.5661037021895529,0,False,1,,True,18,8,7,1,0.8,False,0.5592876507960872,0.5592876507960872,0.5592876507960872,0.5661037021895529,2026-04-28,2026-05-05,False,0,False,,0.5592876507960872,False,62,10,5,5,0,0.3893044563440209,False,False,False,False,0.5592876507960872,"{""COT_FRESH"": 0.10947820194459121, ""FRESH_OR_CONSENSUS"": 0.38930445634402094, ""HELIOS_CONSENSUS"": 0.10947820194459121, ""KEEP"": 0.0024346834227757254, ""OPAL_ALL"": 0.38930445634402094}","{""COT_FRESH"": 3.0, ""FRESH_OR_CONSENSUS"": 4.0, ""HELIOS_CONSENSUS"": 3.0, ""KEEP"": 0.0, ""OPAL_ALL"": 4.0}",False,False,0.5592876507960872
2026-05-06,2026-05-07,2026-05-11,2026,2026-05,1,0.0056120185727694,0.5746187748208182,0.5352764154203288,0.5746187748208182,0.5352764154203288,0.5352764154203288,PATH_GLOBAL,63,0,103,0.6649385022760562,0.8423858207124016,False,False,False,False,0.5352764154203288,0.55981669138119,0,False,1,,True,18,8,7,1,0.8,False,0.5352764154203288,0.5352764154203288,0.5352764154203288,0.55981669138119,2026-04-28,2026-05-05,False,0,False,,0.5352764154203288,False,62,10,5,5,0,0.3893044563440209,False,False,False,False,0.5352764154203288,"{""COT_FRESH"": 0.10947820194459121, ""FRESH_OR_CONSENSUS"": 0.38930445634402094, ""HELIOS_CONSENSUS"": 0.10947820194459121, ""KEEP"": 0.0024346834227757254, ""OPAL_ALL"": 0.38930445634402094}","{""COT_FRESH"": 3.0, ""FRESH_OR_CONSENSUS"": 4.0, ""HELIOS_CONSENSUS"": 3.0, ""KEEP"": 0.0, ""OPAL_ALL"": 4.0}",False,False,0.5352764154203288
2026-05-07,2026-05-08,2026-05-12,2026,2026-05,0,-0.0023641425506438,0.4393435895032239,0.3928503766140102,0.4393435895032239,0.3928503766140102,0.3928503766140102,PATH_GLOBAL,63,0,103,0.6649385022760562,0.8423858207124016,False,False,False,False,0.3928503766140102,0.3549127120258284,0,False,0,,True,18,8,7,1,0.8,False,0.3928503766140102,0.3928503766140102,0.3928503766140102,0.3549127120258284,2026-04-28,2026-05-05,False,0,False,,0.3928503766140102,False,62,10,5,5,0,0.3893044563440209,False,False,False,False,0.3928503766140102,"{""COT_FRESH"": 0.10947820194459121, ""FRESH_OR_CONSENSUS"": 0.38930445634402094, ""HELIOS_CONSENSUS"": 0.10947820194459121, ""KEEP"": 0.0024346834227757254, ""OPAL_ALL"": 0.38930445634402094}","{""COT_FRESH"": 3.0, ""FRESH_OR_CONSENSUS"": 4.0, ""HELIOS_CONSENSUS"": 3.0, ""KEEP"": 0.0, ""OPAL_ALL"": 4.0}",False,False,0.3928503766140102
2026-05-08,2026-05-11,2026-05-13,2026,2026-05,0,-0.0044949146853097,0.5714477678504194,0.5336561891068333,0.5714477678504194,0.5336561891068333,0.5336561891068333,PATH_GLOBAL,63,0,103,0.6649385022760562,0.8423858207124016,True,False,False,False,0.5336561891068333,0.6969285409187301,1,False,1,,True,18,8,7,1,0.8,False,0.5336561891068333,0.5336561891068333,0.5336561891068333,0.6969285409187301,2026-04-28,2026-05-05,False,0,False,,0.5336561891068333,False,62,10,5,5,0,0.3893044563440209,False,False,False,False,0.5336561891068333,"{""COT_FRESH"": 0.10947820194459121, ""FRESH_OR_CONSENSUS"": 0.38930445634402094, ""HELIOS_CONSENSUS"": 0.10947820194459121, ""KEEP"": 0.0024346834227757254, ""OPAL_ALL"": 0.38930445634402094}","{""COT_FRESH"": 3.0, ""FRESH_OR_CONSENSUS"": 4.0, ""HELIOS_CONSENSUS"": 3.0, ""KEEP"": 0.0, ""OPAL_ALL"": 4.0}",False,False,0.5336561891068333
2026-05-11,2026-05-12,2026-05-14,2026,2026-05,0,-0.0035606525201986,0.8885554999465768,0.8554240784039168,0.8885554999465768,0.8554240784039168,0.8554240784039168,PATH_GLOBAL,63,0,103,0.6649385022760562,0.8423858207124016,False,False,False,False,0.8554240784039168,0.4158197217444846,0,False,1,,True,18,8,7,1,0.8,False,0.8554240784039168,0.8554240784039168,0.8554240784039168,0.4158197217444846,2026-04-28,2026-05-05,False,0,False,,0.8554240784039168,False,62,10,5,5,0,0.3893044563440209,False,False,False,False,0.8554240784039168,"{""COT_FRESH"": 0.10947820194459121, ""FRESH_OR_CONSENSUS"": 0.38930445634402094, ""HELIOS_CONSENSUS"": 0.10947820194459121, ""KEEP"": 0.0024346834227757254, ""OPAL_ALL"": 0.38930445634402094}","{""COT_FRESH"": 3.0, ""FRESH_OR_CONSENSUS"": 4.0, ""HELIOS_CONSENSUS"": 3.0, ""KEEP"": 0.0, ""OPAL_ALL"": 4.0}",False,False,0.8554240784039168
2026-05-12,2026-05-13,2026-05-15,2026,2026-05,0,-0.0298274668211511,0.6729422408729525,0.5845541381193315,0.6729422408729525,0.5845541381193315,0.5845541381193315,PATH_GLOBAL,63,0,103,0.6649385022760562,0.8423858207124016,False,False,False,False,0.5845541381193315,0.6349182597570777,0,False,1,,True,18,8,7,1,0.8,False,0.5845541381193315,0.5845541381193315,0.5845541381193315,0.6349182597570777,2026-05-05,2026-05-12,False,0,False,,0.5845541381193315,False,62,10,5,5,0,0.3893044563440209,False,False,False,False,0.5845541381193315,"{""COT_FRESH"": 0.10947820194459121, ""FRESH_OR_CONSENSUS"": 0.38930445634402094, ""HELIOS_CONSENSUS"": 0.10947820194459121, ""KEEP"": 0.0024346834227757254, ""OPAL_ALL"": 0.38930445634402094}","{""COT_FRESH"": 3.0, ""FRESH_OR_CONSENSUS"": 4.0, ""HELIOS_CONSENSUS"": 3.0, ""KEEP"": 0.0, ""OPAL_ALL"": 4.0}",False,False,0.5845541381193315
2026-05-13,2026-05-14,2026-05-18,2026,2026-05,0,-0.0324367496995544,0.5706895370427261,0.4773031519539754,0.5706895370427261,0.4773031519539754,0.4773031519539754,PATH_GLOBAL,63,0,103,0.6649385022760562,0.8423858207124016,False,False,False,False,0.4773031519539754,0.4492452977277901,0,False,0,,True,18,8,7,1,0.8,False,0.4773031519539754,0.4773031519539754,0.4773031519539754,0.4492452977277901,2026-05-05,2026-05-12,False,0,False,,0.4773031519539754,False,62,10,5,5,0,0.3893044563440209,False,False,False,False,0.4773031519539754,"{""COT_FRESH"": 0.10947820194459121, ""FRESH_OR_CONSENSUS"": 0.38930445634402094, ""HELIOS_CONSENSUS"": 0.10947820194459121, ""KEEP"": 0.0024346834227757254, ""OPAL_ALL"": 0.38930445634402094}","{""COT_FRESH"": 3.0, ""FRESH_OR_CONSENSUS"": 4.0, ""HELIOS_CONSENSUS"": 3.0, ""KEEP"": 0.0, ""OPAL_ALL"": 4.0}",False,False,0.4773031519539754
2026-05-14,2026-05-15,2026-05-19,2026,2026-05,0,-0.0347954859178986,0.3667838721780021,0.3142154232471468,0.3667838721780021,0.3142154232471468,0.3142154232471468,PATH_GLOBAL,63,0,103,0.6649385022760562,0.8423858207124016,False,False,False,False,0.3142154232471468,0.2661309365069667,0,False,0,,True,18,8,7,1,0.8,False,0.3142154232471468,0.3142154232471468,0.3142154232471468,0.2661309365069667,2026-05-05,2026-05-12,False,0,False,,0.3142154232471468,False,62,10,5,5,0,0.3893044563440209,False,False,False,False,0.3142154232471468,"{""COT_FRESH"": 0.10947820194459121, ""FRESH_OR_CONSENSUS"": 0.38930445634402094, ""HELIOS_CONSENSUS"": 0.10947820194459121, ""KEEP"": 0.0024346834227757254, ""OPAL_ALL"": 0.38930445634402094}","{""COT_FRESH"": 3.0, ""FRESH_OR_CONSENSUS"": 4.0, ""HELIOS_CONSENSUS"": 3.0, ""KEEP"": 0.0, ""OPAL_ALL"": 4.0}",False,False,0.3142154232471468
2026-05-15,2026-05-18,2026-05-20,2026,2026-05,0,-0.0141978006556117,0.459225648029289,0.4362098890759188,0.459225648029289,0.4362098890759188,0.4362098890759188,PATH_GLOBAL,63,0,103,0.6649385022760562,0.8423858207124016,False,False,False,False,0.4362098890759188,0.5290175325165548,0,False,0,,True,18,8,7,1,0.8,False,0.4362098890759188,0.4362098890759188,0.4362098890759188,0.5290175325165548,2026-05-05,2026-05-12,False,0,False,,0.4362098890759188,False,62,10,5,5,0,0.3893044563440209,False,False,False,False,0.4362098890759188,"{""COT_FRESH"": 0.10947820194459121, ""FRESH_OR_CONSENSUS"": 0.38930445634402094, ""HELIOS_CONSENSUS"": 0.10947820194459121, ""KEEP"": 0.0024346834227757254, ""OPAL_ALL"": 0.38930445634402094}","{""COT_FRESH"": 3.0, ""FRESH_OR_CONSENSUS"": 4.0, ""HELIOS_CONSENSUS"": 3.0, ""KEEP"": 0.0, ""OPAL_ALL"": 4.0}",False,False,0.4362098890759188
2026-05-18,2026-05-19,2026-05-21,2026,2026-05,0,-0.0036507688536883,0.64113778986658,0.6363865487479491,0.64113778986658,0.6363865487479491,0.6363865487479491,PATH_GLOBAL,63,1,104,0.7204964700320252,0.9220955863838104,False,False,False,False,0.6363865487479491,0.6357673740541382,0,False,1,,True,18,8,7,1,0.8,False,0.6363865487479491,0.6363865487479491,0.6363865487479491,0.6357673740541382,2026-05-05,2026-05-12,False,0,False,,0.6363865487479491,False,62,10,5,5,0,0.3893044563440209,False,False,False,False,0.6363865487479491,"{""COT_FRESH"": 0.10947820194459121, ""FRESH_OR_CONSENSUS"": 0.38930445634402094, ""HELIOS_CONSENSUS"": 0.10947820194459121, ""KEEP"": 0.0024346834227757254, ""OPAL_ALL"": 0.38930445634402094}","{""COT_FRESH"": 3.0, ""FRESH_OR_CONSENSUS"": 4.0, ""HELIOS_CONSENSUS"": 3.0, ""KEEP"": 0.0, ""OPAL_ALL"": 4.0}",False,False,0.6363865487479491
2026-05-19,2026-05-20,2026-05-22,2026,2026-05,0,-0.0010039495418823,0.2341636806393763,0.2483464127593491,0.2341636806393763,0.2483464127593491,0.2483464127593491,PATH_GLOBAL,63,1,104,0.7204964700320252,0.9220955863838104,False,False,False,False,0.2483464127593491,0.261214076676057,0,False,0,,True,18,8,7,1,0.8,False,0.2483464127593491,0.2483464127593491,0.2483464127593491,0.261214076676057,2026-05-12,2026-05-19,False,0,False,,0.2483464127593491,False,62,10,5,5,0,0.3893044563440209,False,False,False,False,0.2483464127593491,"{""COT_FRESH"": 0.10947820194459121, ""FRESH_OR_CONSENSUS"": 0.38930445634402094, ""HELIOS_CONSENSUS"": 0.10947820194459121, ""KEEP"": 0.0024346834227757254, ""OPAL_ALL"": 0.38930445634402094}","{""COT_FRESH"": 3.0, ""FRESH_OR_CONSENSUS"": 4.0, ""HELIOS_CONSENSUS"": 3.0, ""KEEP"": 0.0, ""OPAL_ALL"": 4.0}",False,False,0.2483464127593491
2026-05-20,2026-05-21,2026-05-25,2026,2026-05,1,0.0138299724797677,0.8113892039576736,0.8332497991320313,0.8113892039576736,0.8332497991320313,0.8332497991320313,PATH_GLOBAL,63,1,104,0.7204964700320252,0.9220955863838104,False,False,False,False,0.8332497991320313,0.4470504687086729,0,False,1,,True,18,8,7,1,0.8,False,0.8332497991320313,0.8332497991320313,0.8332497991320313,0.4470504687086729,2026-05-12,2026-05-19,False,0,False,,0.8332497991320313,False,62,10,5,5,0,0.3893044563440209,False,False,False,False,0.8332497991320313,"{""COT_FRESH"": 0.10947820194459121, ""FRESH_OR_CONSENSUS"": 0.38930445634402094, ""HELIOS_CONSENSUS"": 0.10947820194459121, ""KEEP"": 0.0024346834227757254, ""OPAL_ALL"": 0.38930445634402094}","{""COT_FRESH"": 3.0, ""FRESH_OR_CONSENSUS"": 4.0, ""HELIOS_CONSENSUS"": 3.0, ""KEEP"": 0.0, ""OPAL_ALL"": 4.0}",False,False,0.8332497991320313
2026-05-21,2026-05-22,2026-05-26,2026,2026-05,0,-0.0021013169130118,0.5954989064423453,0.6103509240212163,0.5954989064423453,0.6103509240212163,0.6103509240212163,PATH_GLOBAL,63,1,104,0.7204964700320252,0.9220955863838104,False,False,False,False,0.6103509240212163,0.6573408529153841,0,False,1,,True,18,8,7,1,0.8,False,0.6103509240212163,0.6103509240212163,0.6103509240212163,0.6573408529153841,2026-05-12,2026-05-19,False,0,False,,0.6103509240212163,False,62,10,5,5,0,0.3893044563440209,False,False,False,False,0.6103509240212163,"{""COT_FRESH"": 0.10947820194459121, ""FRESH_OR_CONSENSUS"": 0.38930445634402094, ""HELIOS_CONSENSUS"": 0.10947820194459121, ""KEEP"": 0.0024346834227757254, ""OPAL_ALL"": 0.38930445634402094}","{""COT_FRESH"": 3.0, ""FRESH_OR_CONSENSUS"": 4.0, ""HELIOS_CONSENSUS"": 3.0, ""KEEP"": 0.0, ""OPAL_ALL"": 4.0}",False,False,0.6103509240212163
2026-05-22,2026-05-25,2026-05-27,2026,2026-05,0,-0.0108465324222985,0.492397168227242,0.4771329570623873,0.492397168227242,0.4771329570623873,0.4771329570623873,PATH_GLOBAL,63,1,104,0.7204964700320252,0.9220955863838104,False,False,False,False,0.4771329570623873,0.4899619622824258,0,False,0,,True,18,8,7,1,0.8,False,0.4771329570623873,0.4771329570623873,0.4771329570623873,0.4899619622824258,2026-05-12,2026-05-19,False,0,False,,0.4771329570623873,False,62,10,5,5,0,0.3893044563440209,False,False,False,False,0.4771329570623873,"{""COT_FRESH"": 0.10947820194459121, ""FRESH_OR_CONSENSUS"": 0.38930445634402094, ""HELIOS_CONSENSUS"": 0.10947820194459121, ""KEEP"": 0.0024346834227757254, ""OPAL_ALL"": 0.38930445634402094}","{""COT_FRESH"": 3.0, ""FRESH_OR_CONSENSUS"": 4.0, ""HELIOS_CONSENSUS"": 3.0, ""KEEP"": 0.0, ""OPAL_ALL"": 4.0}",False,False,0.4771329570623873
2026-05-25,2026-05-26,2026-05-28,2026,2026-05,0,-0.0287166754724562,0.6257161804038448,0.5933531321879452,0.6257161804038448,0.5933531321879452,0.5933531321879452,PATH_GLOBAL,63,1,104,0.7204964700320252,0.9220955863838104,False,False,False,False,0.5933531321879452,0.503176498933512,0,False,1,,True,18,8,7,1,0.8,False,0.5933531321879452,0.5933531321879452,0.5933531321879452,0.503176498933512,2026-05-12,2026-05-19,False,0,False,,0.5933531321879452,False,62,10,5,5,0,0.3893044563440209,False,False,False,False,0.5933531321879452,"{""COT_FRESH"": 0.10947820194459121, ""FRESH_OR_CONSENSUS"": 0.38930445634402094, ""HELIOS_CONSENSUS"": 0.10947820194459121, ""KEEP"": 0.0024346834227757254, ""OPAL_ALL"": 0.38930445634402094}","{""COT_FRESH"": 3.0, ""FRESH_OR_CONSENSUS"": 4.0, ""HELIOS_CONSENSUS"": 3.0, ""KEEP"": 0.0, ""OPAL_ALL"": 4.0}",False,False,0.5933531321879452
2026-05-26,2026-05-27,2026-05-29,2026,2026-05,1,0.0020637926740045,0.5229359162345361,0.4908804783013033,0.5229359162345361,0.4908804783013033,0.4908804783013033,PATH_GLOBAL,63,1,104,0.7204964700320252,0.9220955863838104,False,False,False,False,0.4908804783013033,0.4987476167718181,0,False,0,,True,18,8,7,1,0.8,False,0.4908804783013033,0.4908804783013033,0.4908804783013033,0.4987476167718181,2026-05-19,2026-05-26,False,0,False,,0.4908804783013033,False,62,10,5,5,0,0.3893044563440209,False,False,False,False,0.4908804783013033,"{""COT_FRESH"": 0.10947820194459121, ""FRESH_OR_CONSENSUS"": 0.38930445634402094, ""HELIOS_CONSENSUS"": 0.10947820194459121, ""KEEP"": 0.0024346834227757254, ""OPAL_ALL"": 0.38930445634402094}","{""COT_FRESH"": 3.0, ""FRESH_OR_CONSENSUS"": 4.0, ""HELIOS_CONSENSUS"": 3.0, ""KEEP"": 0.0, ""OPAL_ALL"": 4.0}",False,False,0.4908804783013033
2026-05-27,2026-05-28,2026-06-01,2026,2026-05,1,0.0060472861208075,0.3152368334561133,0.2895465440681345,0.3152368334561133,0.2895465440681345,0.2895465440681345,PATH_GLOBAL,63,0,104,0.7204964700320252,0.9220955863838104,False,False,False,False,0.2895465440681345,0.419217239639482,0,False,0,,True,18,8,7,1,0.8,False,0.2895465440681345,0.2895465440681345,0.2895465440681345,0.419217239639482,2026-05-19,2026-05-26,False,0,False,,0.2895465440681345,False,62,10,5,5,0,0.3893044563440209,False,False,False,False,0.2895465440681345,"{""COT_FRESH"": 0.10947820194459121, ""FRESH_OR_CONSENSUS"": 0.38930445634402094, ""HELIOS_CONSENSUS"": 0.10947820194459121, ""KEEP"": 0.0024346834227757254, ""OPAL_ALL"": 0.38930445634402094}","{""COT_FRESH"": 3.0, ""FRESH_OR_CONSENSUS"": 4.0, ""HELIOS_CONSENSUS"": 3.0, ""KEEP"": 0.0, ""OPAL_ALL"": 4.0}",False,False,0.2895465440681345
2026-05-28,2026-05-29,2026-06-02,2026,2026-05,1,0.0149155671546139,0.9550799933596906,0.9528455726650216,0.9550799933596906,0.9528455726650216,0.9528455726650216,PATH_GLOBAL,63,0,104,0.7204964700320252,0.9220955863838104,False,False,False,False,0.9528455726650216,0.2634820436610417,0,False,1,,True,18,8,7,1,0.8,False,0.9528455726650216,0.9528455726650216,0.9528455726650216,0.2634820436610417,2026-05-19,2026-05-26,False,0,False,,0.9528455726650216,False,62,10,5,5,0,0.3893044563440209,False,False,False,False,0.9528455726650216,"{""COT_FRESH"": 0.10947820194459121, ""FRESH_OR_CONSENSUS"": 0.38930445634402094, ""HELIOS_CONSENSUS"": 0.10947820194459121, ""KEEP"": 0.0024346834227757254, ""OPAL_ALL"": 0.38930445634402094}","{""COT_FRESH"": 3.0, ""FRESH_OR_CONSENSUS"": 4.0, ""HELIOS_CONSENSUS"": 3.0, ""KEEP"": 0.0, ""OPAL_ALL"": 4.0}",False,False,0.9528455726650216
2026-05-29,2026-06-01,2026-06-03,2026,2026-06,0,-0.0165141449322191,0.7037194226298137,0.7056932759145882,0.7037194226298137,0.7056932759145882,0.7056932759145882,PATH_GLOBAL,63,-1,105,0.6149953869134503,0.7749365803511931,False,False,False,False,0.7056932759145882,0.6039066164984646,0,False,1,,True,18,8,7,1,0.8,False,0.7056932759145882,0.7056932759145882,0.7056932759145882,0.6039066164984646,2026-05-19,2026-05-26,False,0,False,,0.7056932759145882,False,62,10,5,5,0,0.3893044563440209,False,False,False,False,0.7056932759145882,"{""COT_FRESH"": 0.10947820194459121, ""FRESH_OR_CONSENSUS"": 0.38930445634402094, ""HELIOS_CONSENSUS"": 0.10947820194459121, ""KEEP"": 0.0024346834227757254, ""OPAL_ALL"": 0.38930445634402094}","{""COT_FRESH"": 3.0, ""FRESH_OR_CONSENSUS"": 4.0, ""HELIOS_CONSENSUS"": 3.0, ""KEEP"": 0.0, ""OPAL_ALL"": 4.0}",False,False,0.7056932759145882
2026-06-01,2026-06-02,2026-06-04,2026,2026-06,0,-0.0052491452770104,0.4568554786851033,0.4511404054348202,0.4568554786851033,0.4511404054348202,0.4511404054348202,PATH_GLOBAL,63,-1,105,0.6149953869134503,0.7749365803511931,False,False,False,False,0.4511404054348202,0.6038884220165684,0,False,0,,True,18,8,7,1,0.8,False,0.4511404054348202,0.4511404054348202,0.4511404054348202,0.6038884220165684,2026-05-19,2026-05-26,False,0,False,,0.4511404054348202,False,62,10,5,5,0,0.3893044563440209,False,False,False,False,0.4511404054348202,"{""COT_FRESH"": 0.10947820194459121, ""FRESH_OR_CONSENSUS"": 0.38930445634402094, ""HELIOS_CONSENSUS"": 0.10947820194459121, ""KEEP"": 0.0024346834227757254, ""OPAL_ALL"": 0.38930445634402094}","{""COT_FRESH"": 3.0, ""FRESH_OR_CONSENSUS"": 4.0, ""HELIOS_CONSENSUS"": 3.0, ""KEEP"": 0.0, ""OPAL_ALL"": 4.0}",False,False,0.4511404054348202
2026-06-02,2026-06-03,2026-06-05,2026,2026-06,0,-0.0224871364434256,0.327465077330081,0.3252488694271282,0.327465077330081,0.3252488694271282,0.3252488694271282,PATH_GLOBAL,63,-1,105,0.6149953869134503,0.7749365803511931,False,False,False,False,0.3252488694271282,0.2351483395243569,0,False,0,,True,18,8,7,1,0.8,False,0.3252488694271282,0.3252488694271282,0.3252488694271282,0.2351483395243569,2026-05-26,2026-06-02,False,0,False,,0.3252488694271282,False,62,10,5,5,0,0.3893044563440209,False,False,False,False,0.3252488694271282,"{""COT_FRESH"": 0.10947820194459121, ""FRESH_OR_CONSENSUS"": 0.38930445634402094, ""HELIOS_CONSENSUS"": 0.10947820194459121, ""KEEP"": 0.0024346834227757254, ""OPAL_ALL"": 0.38930445634402094}","{""COT_FRESH"": 3.0, ""FRESH_OR_CONSENSUS"": 4.0, ""HELIOS_CONSENSUS"": 3.0, ""KEEP"": 0.0, ""OPAL_ALL"": 4.0}",False,False,0.3252488694271282
2026-06-03,2026-06-04,2026-06-08,2026,2026-06,0,-0.0309072959451071,0.4852820420544575,0.4820956030347044,0.4852820420544575,0.4820956030347044,0.4820956030347044,PATH_GLOBAL,63,-1,105,0.6149953869134503,0.7749365803511931,False,False,False,False,0.4820956030347044,0.5776093684079413,0,False,0,,True,18,8,7,1,0.8,False,0.4820956030347044,0.4820956030347044,0.4820956030347044,0.5776093684079413,2026-05-26,2026-06-02,False,0,False,,0.4820956030347044,False,62,10,5,5,0,0.3893044563440209,False,False,False,False,0.4820956030347044,"{""COT_FRESH"": 0.10947820194459121, ""FRESH_OR_CONSENSUS"": 0.38930445634402094, ""HELIOS_CONSENSUS"": 0.10947820194459121, ""KEEP"": 0.0024346834227757254, ""OPAL_ALL"": 0.38930445634402094}","{""COT_FRESH"": 3.0, ""FRESH_OR_CONSENSUS"": 4.0, ""HELIOS_CONSENSUS"": 3.0, ""KEEP"": 0.0, ""OPAL_ALL"": 4.0}",False,False,0.4820956030347044
2026-06-04,2026-06-05,2026-06-09,2026,2026-06,0,-0.0384695672988996,0.5593700236875324,0.5499680486392661,0.5593700236875324,0.5499680486392661,0.5499680486392661,PATH_GLOBAL,63,-1,105,0.6149953869134503,0.7749365803511931,False,False,False,True,0.2753856035596034,0.7246143964403966,0,False,1,,True,18,8,7,1,0.8,False,0.5499680486392661,0.5499680486392661,0.5499680486392661,0.7246143964403966,2026-05-26,2026-06-02,True,1,True,1.0,0.4500319513607339,False,62,10,5,5,0,0.888087114632633,False,True,False,False,0.5499680486392661,"{""COT_FRESH"": 0.10947820194459121, ""FRESH_OR_CONSENSUS"": 0.38930445634402094, ""HELIOS_CONSENSUS"": 0.10947820194459121, ""KEEP"": 0.0024346834227757254, ""OPAL_ALL"": 0.38930445634402094}","{""COT_FRESH"": 3.0, ""FRESH_OR_CONSENSUS"": 4.0, ""HELIOS_CONSENSUS"": 3.0, ""KEEP"": 0.0, ""OPAL_ALL"": 4.0}",True,True,0.45003195136073393
2026-06-05,2026-06-08,2026-06-10,2026,2026-06,0,-0.0598515776246885,0.0651906082219248,0.0636734206026282,0.0651906082219248,0.0636734206026282,0.0636734206026282,PATH_GLOBAL,63,-1,105,0.6149953869134503,0.7749365803511931,False,False,False,False,0.0636734206026282,0.237289410777816,0,False,0,,True,18,8,7,1,0.8,False,0.0636734206026282,0.0636734206026282,0.0636734206026282,0.237289410777816,2026-05-26,2026-06-02,False,0,False,,0.0636734206026282,False,62,10,5,5,0,0.3893044563440209,False,False,False,False,0.0636734206026282,"{""COT_FRESH"": 0.10947820194459121, ""FRESH_OR_CONSENSUS"": 0.38930445634402094, ""HELIOS_CONSENSUS"": 0.10947820194459121, ""KEEP"": 0.0024346834227757254, ""OPAL_ALL"": 0.38930445634402094}","{""COT_FRESH"": 3.0, ""FRESH_OR_CONSENSUS"": 4.0, ""HELIOS_CONSENSUS"": 3.0, ""KEEP"": 0.0, ""OPAL_ALL"": 4.0}",False,False,0.0636734206026282
2026-06-08,2026-06-09,2026-06-11,2026,2026-06,0,-0.0491625283616522,0.7635201631683761,0.7642665966147902,0.7635201631683761,0.7642665966147902,0.7642665966147902,PATH_GLOBAL,63,-1,105,0.6149953869134503,0.7749365803511931,False,False,False,False,0.7642665966147902,0.4972074330888035,0,False,1,,True,18,8,7,1,0.8,False,0.7642665966147902,0.7642665966147902,0.7642665966147902,0.4972074330888035,2026-05-26,2026-06-02,False,0,False,,0.7642665966147902,False,62,10,5,5,0,0.3893044563440209,False,False,False,False,0.7642665966147902,"{""COT_FRESH"": 0.10947820194459121, ""FRESH_OR_CONSENSUS"": 0.38930445634402094, ""HELIOS_CONSENSUS"": 0.10947820194459121, ""KEEP"": 0.0024346834227757254, ""OPAL_ALL"": 0.38930445634402094}","{""COT_FRESH"": 3.0, ""FRESH_OR_CONSENSUS"": 4.0, ""HELIOS_CONSENSUS"": 3.0, ""KEEP"": 0.0, ""OPAL_ALL"": 4.0}",False,False,0.7642665966147902
2026-06-09,2026-06-10,2026-06-12,2026,2026-06,0,-0.0236148830806284,0.2063266288587613,0.2072471221243149,0.2063266288587613,0.2072471221243149,0.2072471221243149,PATH_GLOBAL,63,-1,105,0.6149953869134503,0.7749365803511931,False,False,False,False,0.2072471221243149,0.3387289525043771,0,False,0,,True,18,8,7,1,0.8,False,0.2072471221243149,0.2072471221243149,0.2072471221243149,0.3387289525043771,2026-06-02,2026-06-09,False,0,False,,0.2072471221243149,False,63,10,5,5,0,0.723049997683787,False,False,False,False,0.2072471221243149,"{""COT_FRESH"": 0.057180097412171366, ""FRESH_OR_CONSENSUS"": 0.20333241084841655, ""HELIOS_CONSENSUS"": 0.016079893640285673, ""KEEP"": 0.0003576004153394349, ""OPAL_ALL"": 0.723049997683787}","{""COT_FRESH"": 4.0, ""FRESH_OR_CONSENSUS"": 5.0, ""HELIOS_CONSENSUS"": 3.0, ""KEEP"": 0.0, ""OPAL_ALL"": 6.0}",False,False,0.2072471221243149
2026-06-10,2026-06-11,2026-06-15,2026,2026-06,1,0.0425007479834057,0.1023966737989016,0.1007851379501732,0.1023966737989016,0.1007851379501732,0.1007851379501732,PATH_GLOBAL,63,-1,105,0.6149953869134503,0.7749365803511931,False,False,False,False,0.1007851379501732,0.342857422975357,0,False,0,,True,18,8,7,1,0.8,False,0.1007851379501732,0.1007851379501732,0.1007851379501732,0.342857422975357,2026-06-02,2026-06-09,False,0,False,,0.1007851379501732,False,63,10,5,5,0,0.723049997683787,False,False,False,False,0.1007851379501732,"{""COT_FRESH"": 0.057180097412171366, ""FRESH_OR_CONSENSUS"": 0.20333241084841655, ""HELIOS_CONSENSUS"": 0.016079893640285673, ""KEEP"": 0.0003576004153394349, ""OPAL_ALL"": 0.723049997683787}","{""COT_FRESH"": 4.0, ""FRESH_OR_CONSENSUS"": 5.0, ""HELIOS_CONSENSUS"": 3.0, ""KEEP"": 0.0, ""OPAL_ALL"": 6.0}",False,False,0.1007851379501732
2026-06-11,2026-06-12,2026-06-16,2026,2026-06,1,0.051714529043963,0.9454963680697916,0.9391792198943084,0.9454963680697916,0.9391792198943084,0.9391792198943084,PATH_GLOBAL,63,-1,105,0.6149953869134503,0.7749365803511931,False,False,False,False,0.9391792198943084,0.4591160096770548,0,False,1,,True,18,8,7,1,0.8,False,0.9391792198943084,0.9391792198943084,0.9391792198943084,0.4591160096770548,2026-06-02,2026-06-09,False,0,False,,0.9391792198943084,False,63,10,5,5,0,0.723049997683787,False,False,False,False,0.9391792198943084,"{""COT_FRESH"": 0.057180097412171366, ""FRESH_OR_CONSENSUS"": 0.20333241084841655, ""HELIOS_CONSENSUS"": 0.016079893640285673, ""KEEP"": 0.0003576004153394349, ""OPAL_ALL"": 0.723049997683787}","{""COT_FRESH"": 4.0, ""FRESH_OR_CONSENSUS"": 5.0, ""HELIOS_CONSENSUS"": 3.0, ""KEEP"": 0.0, ""OPAL_ALL"": 6.0}",False,False,0.9391792198943084
2026-06-12,2026-06-15,2026-06-17,2026,2026-06,1,0.026747592048209,0.6489900753061557,0.6128855348383645,0.6489900753061557,0.6128855348383645,0.6128855348383645,PATH_GLOBAL,63,-1,105,0.6149953869134503,0.7749365803511931,False,False,False,False,0.6128855348383645,0.6164376679556648,0,False,1,,True,18,8,7,1,0.8,False,0.6128855348383645,0.6128855348383645,0.6128855348383645,0.6164376679556648,2026-06-02,2026-06-09,False,0,False,,0.6128855348383645,False,63,10,5,5,0,0.723049997683787,False,False,False,False,0.6128855348383645,"{""COT_FRESH"": 0.057180097412171366, ""FRESH_OR_CONSENSUS"": 0.20333241084841655, ""HELIOS_CONSENSUS"": 0.016079893640285673, ""KEEP"": 0.0003576004153394349, ""OPAL_ALL"": 0.723049997683787}","{""COT_FRESH"": 4.0, ""FRESH_OR_CONSENSUS"": 5.0, ""HELIOS_CONSENSUS"": 3.0, ""KEEP"": 0.0, ""OPAL_ALL"": 6.0}",False,False,0.6128855348383645
2026-06-15,2026-06-16,2026-06-18,2026,2026-06,0,-0.0152543199959568,0.4013778693863246,0.3679367377596903,0.4013778693863246,0.3679367377596903,0.3679367377596903,PATH_GLOBAL,63,-1,105,0.6149953869134503,0.7749365803511931,False,True,False,False,0.3679367377596903,0.4396906374653905,1,False,0,,True,18,8,7,1,0.8,False,0.3679367377596903,0.3679367377596903,0.3679367377596903,0.4396906374653905,2026-06-02,2026-06-09,False,0,False,,0.3679367377596903,False,63,10,5,5,0,0.723049997683787,False,False,False,False,0.3679367377596903,"{""COT_FRESH"": 0.057180097412171366, ""FRESH_OR_CONSENSUS"": 0.20333241084841655, ""HELIOS_CONSENSUS"": 0.016079893640285673, ""KEEP"": 0.0003576004153394349, ""OPAL_ALL"": 0.723049997683787}","{""COT_FRESH"": 4.0, ""FRESH_OR_CONSENSUS"": 5.0, ""HELIOS_CONSENSUS"": 3.0, ""KEEP"": 0.0, ""OPAL_ALL"": 6.0}",False,False,0.3679367377596903
2026-06-16,2026-06-17,2026-06-19,2026,2026-06,0,-0.0408913525511036,0.5413977578722169,0.5045640736562284,0.5413977578722169,0.5045640736562284,0.5045640736562284,PATH_GLOBAL,63,-1,105,0.6149953869134503,0.7749365803511931,False,False,False,False,0.5045640736562284,0.5150908428720856,0,False,1,,True,18,8,7,1,0.8,False,0.5045640736562284,0.5045640736562284,0.5045640736562284,0.5150908428720856,2026-06-09,2026-06-16,False,0,False,,0.5045640736562284,False,63,10,5,5,0,0.723049997683787,False,False,False,False,0.5045640736562284,"{""COT_FRESH"": 0.057180097412171366, ""FRESH_OR_CONSENSUS"": 0.20333241084841655, ""HELIOS_CONSENSUS"": 0.016079893640285673, ""KEEP"": 0.0003576004153394349, ""OPAL_ALL"": 0.723049997683787}","{""COT_FRESH"": 4.0, ""FRESH_OR_CONSENSUS"": 5.0, ""HELIOS_CONSENSUS"": 3.0, ""KEEP"": 0.0, ""OPAL_ALL"": 6.0}",False,False,0.5045640736562284
2026-06-17,2026-06-18,2026-06-22,2026,2026-06,0,-0.0301061214552429,0.3245915641223437,0.2918772812012565,0.3245915641223437,0.2918772812012565,0.2918772812012565,PATH_GLOBAL,63,-1,105,0.6149953869134503,0.7749365803511931,False,False,False,False,0.2918772812012565,0.4687401233709086,0,False,0,,True,18,8,7,1,0.8,False,0.2918772812012565,0.2918772812012565,0.2918772812012565,0.4687401233709086,2026-06-09,2026-06-16,False,0,False,,0.2918772812012565,False,63,10,5,5,0,0.723049997683787,False,False,False,False,0.2918772812012565,"{""COT_FRESH"": 0.057180097412171366, ""FRESH_OR_CONSENSUS"": 0.20333241084841655, ""HELIOS_CONSENSUS"": 0.016079893640285673, ""KEEP"": 0.0003576004153394349, ""OPAL_ALL"": 0.723049997683787}","{""COT_FRESH"": 4.0, ""FRESH_OR_CONSENSUS"": 5.0, ""HELIOS_CONSENSUS"": 3.0, ""KEEP"": 0.0, ""OPAL_ALL"": 6.0}",False,False,0.2918772812012565
2026-06-18,2026-06-19,2026-06-23,2026,2026-06,0,-0.0320507021006273,0.1885123346976317,0.1695559793482623,0.1885123346976317,0.1695559793482623,0.1695559793482623,PATH_GLOBAL,63,-1,105,0.6149953869134503,0.7749365803511931,False,False,False,False,0.1695559793482623,0.2691612853027472,0,False,0,,True,18,8,7,1,0.8,False,0.1695559793482623,0.1695559793482623,0.1695559793482623,0.2691612853027472,2026-06-09,2026-06-16,False,0,False,,0.1695559793482623,False,63,10,5,5,0,0.723049997683787,False,False,False,False,0.1695559793482623,"{""COT_FRESH"": 0.057180097412171366, ""FRESH_OR_CONSENSUS"": 0.20333241084841655, ""HELIOS_CONSENSUS"": 0.016079893640285673, ""KEEP"": 0.0003576004153394349, ""OPAL_ALL"": 0.723049997683787}","{""COT_FRESH"": 4.0, ""FRESH_OR_CONSENSUS"": 5.0, ""HELIOS_CONSENSUS"": 3.0, ""KEEP"": 0.0, ""OPAL_ALL"": 6.0}",False,False,0.1695559793482623
2026-06-19,2026-06-22,2026-06-24,2026,2026-06,0,-0.0291832105058217,0.5632146913950773,0.5526119905038474,0.5632146913950773,0.5526119905038474,0.5526119905038474,PATH_GLOBAL,63,-1,105,0.6149953869134503,0.7749365803511931,False,False,False,False,0.5526119905038474,0.5578538696719894,0,False,1,,True,18,8,7,1,0.8,False,0.5526119905038474,0.5526119905038474,0.5526119905038474,0.5578538696719894,2026-06-09,2026-06-16,False,0,False,,0.5526119905038474,False,63,10,5,5,0,0.723049997683787,False,False,False,False,0.5526119905038474,"{""COT_FRESH"": 0.057180097412171366, ""FRESH_OR_CONSENSUS"": 0.20333241084841655, ""HELIOS_CONSENSUS"": 0.016079893640285673, ""KEEP"": 0.0003576004153394349, ""OPAL_ALL"": 0.723049997683787}","{""COT_FRESH"": 4.0, ""FRESH_OR_CONSENSUS"": 5.0, ""HELIOS_CONSENSUS"": 3.0, ""KEEP"": 0.0, ""OPAL_ALL"": 6.0}",False,False,0.5526119905038474
2026-06-22,2026-06-23,2026-06-25,2026,2026-06,0,-0.0452335719492087,0.5412519759719565,0.535633816029732,0.5412519759719565,0.535633816029732,0.535633816029732,PATH_GLOBAL,63,-1,105,0.6149953869134503,0.7749365803511931,False,False,False,False,0.535633816029732,0.5896576045985498,0,False,1,,True,18,8,7,1,0.8,False,0.535633816029732,0.535633816029732,0.535633816029732,0.5896576045985498,2026-06-09,2026-06-16,False,0,False,,0.535633816029732,False,63,10,5,5,0,0.723049997683787,False,False,False,False,0.535633816029732,"{""COT_FRESH"": 0.057180097412171366, ""FRESH_OR_CONSENSUS"": 0.20333241084841655, ""HELIOS_CONSENSUS"": 0.016079893640285673, ""KEEP"": 0.0003576004153394349, ""OPAL_ALL"": 0.723049997683787}","{""COT_FRESH"": 4.0, ""FRESH_OR_CONSENSUS"": 5.0, ""HELIOS_CONSENSUS"": 3.0, ""KEEP"": 0.0, ""OPAL_ALL"": 6.0}",False,False,0.535633816029732
2026-06-23,2026-06-24,2026-06-26,2026,2026-06,0,-0.0193030972813819,0.6072680176192778,0.6190425560028843,0.6072680176192778,0.6190425560028843,0.6190425560028843,PATH_GLOBAL,63,-1,105,0.6149953869134503,0.7749365803511931,False,False,False,True,0.2782204046049223,0.7217795953950776,0,False,1,,True,18,8,7,1,0.8,False,0.6190425560028843,0.6190425560028843,0.6190425560028843,0.7217795953950776,2026-06-16,2026-06-23,True,1,True,1.0,0.3809574439971157,False,63,10,5,5,0,0.9835625059443748,False,True,False,False,0.6190425560028843,"{""COT_FRESH"": 0.057180097412171366, ""FRESH_OR_CONSENSUS"": 0.20333241084841655, ""HELIOS_CONSENSUS"": 0.016079893640285673, ""KEEP"": 0.0003576004153394349, ""OPAL_ALL"": 0.723049997683787}","{""COT_FRESH"": 4.0, ""FRESH_OR_CONSENSUS"": 5.0, ""HELIOS_CONSENSUS"": 3.0, ""KEEP"": 0.0, ""OPAL_ALL"": 6.0}",True,True,0.38095744399711573
2026-06-24,2026-06-25,2026-06-29,2026,2026-06,1,0.0004852229892842,0.1420010471179277,0.1572262754717939,0.1420010471179277,0.1572262754717939,0.1572262754717939,PATH_GLOBAL,63,-1,105,0.6149953869134503,0.7749365803511931,False,False,False,False,0.1572262754717939,0.4769052047483605,0,False,0,,True,18,8,7,1,0.8,False,0.1572262754717939,0.1572262754717939,0.1572262754717939,0.4769052047483605,2026-06-16,2026-06-23,False,0,False,,0.1572262754717939,False,63,10,5,5,0,0.723049997683787,False,False,False,False,0.1572262754717939,"{""COT_FRESH"": 0.057180097412171366, ""FRESH_OR_CONSENSUS"": 0.20333241084841655, ""HELIOS_CONSENSUS"": 0.016079893640285673, ""KEEP"": 0.0003576004153394349, ""OPAL_ALL"": 0.723049997683787}","{""COT_FRESH"": 4.0, ""FRESH_OR_CONSENSUS"": 5.0, ""HELIOS_CONSENSUS"": 3.0, ""KEEP"": 0.0, ""OPAL_ALL"": 6.0}",False,False,0.1572262754717939
2026-06-25,2026-06-26,2026-06-30,2026,2026-06,1,0.0015465360681447,0.7088536362951681,0.7320224044038269,0.7088536362951681,0.7320224044038269,0.7320224044038269,PATH_GLOBAL,63,-1,105,0.6149953869134503,0.7749365803511931,False,False,False,False,0.7320224044038269,0.577460300678682,0,False,1,,True,18,8,7,1,0.8,False,0.7320224044038269,0.7320224044038269,0.7320224044038269,0.577460300678682,2026-06-16,2026-06-23,False,0,False,,0.7320224044038269,False,63,10,5,5,0,0.723049997683787,False,False,False,False,0.7320224044038269,"{""COT_FRESH"": 0.057180097412171366, ""FRESH_OR_CONSENSUS"": 0.20333241084841655, ""HELIOS_CONSENSUS"": 0.016079893640285673, ""KEEP"": 0.0003576004153394349, ""OPAL_ALL"": 0.723049997683787}","{""COT_FRESH"": 4.0, ""FRESH_OR_CONSENSUS"": 5.0, ""HELIOS_CONSENSUS"": 3.0, ""KEEP"": 0.0, ""OPAL_ALL"": 6.0}",False,False,0.7320224044038269
2026-06-26,2026-06-29,2026-07-01,2026,2026-06,0,-0.0073619416947728,0.8723192621596376,0.8758828103780044,0.8723192621596376,0.8758828103780044,0.8758828103780044,PATH_GLOBAL,63,-1,105,0.6149953869134503,0.7749365803511931,False,False,False,False,0.8758828103780044,0.401246835337608,0,False,1,,True,18,8,7,1,0.8,False,0.8758828103780044,0.8758828103780044,0.8758828103780044,0.401246835337608,2026-06-16,2026-06-23,False,0,False,,0.8758828103780044,True,64,10,6,4,2,0.723049997683787,False,False,False,False,0.8758828103780044,"{""COT_FRESH"": 0.057180097412171366, ""FRESH_OR_CONSENSUS"": 0.20333241084841655, ""HELIOS_CONSENSUS"": 0.016079893640285673, ""KEEP"": 0.0003576004153394349, ""OPAL_ALL"": 0.723049997683787}","{""COT_FRESH"": 4.0, ""FRESH_OR_CONSENSUS"": 5.0, ""HELIOS_CONSENSUS"": 3.0, ""KEEP"": 0.0, ""OPAL_ALL"": 6.0}",False,False,0.8758828103780044
2026-06-29,2026-06-30,2026-07-02,2026,2026-06,1,0.0122649614251593,0.3546837531874172,0.3764383705847656,0.3546837531874172,0.3764383705847656,0.3764383705847656,PATH_GLOBAL,63,-1,105,0.6149953869134503,0.7749365803511931,False,False,False,False,0.3764383705847656,0.4355637370028771,0,False,0,,True,18,8,7,1,0.8,False,0.3764383705847656,0.3764383705847656,0.3764383705847656,0.4355637370028771,2026-06-16,2026-06-23,False,0,False,,0.3764383705847656,True,64,10,6,4,2,0.723049997683787,False,False,False,False,0.3764383705847656,"{""COT_FRESH"": 0.057180097412171366, ""FRESH_OR_CONSENSUS"": 0.20333241084841655, ""HELIOS_CONSENSUS"": 0.016079893640285673, ""KEEP"": 0.0003576004153394349, ""OPAL_ALL"": 0.723049997683787}","{""COT_FRESH"": 4.0, ""FRESH_OR_CONSENSUS"": 5.0, ""HELIOS_CONSENSUS"": 3.0, ""KEEP"": 0.0, ""OPAL_ALL"": 6.0}",False,False,0.3764383705847656
2026-06-30,2026-07-01,2026-07-03,2026,2026-07,1,0.0393519434722169,0.5349592217807924,0.5388431545928011,0.5349592217807924,0.5388431545928011,0.5388431545928011,PATH_GLOBAL,63,0,105,0.6149953869134503,0.7749365803511931,False,False,False,False,0.5388431545928011,0.5666879177789007,0,False,1,,True,18,8,7,1,0.8,False,0.5388431545928011,0.5388431545928011,0.5388431545928011,0.5666879177789007,2026-06-23,2026-06-30,False,0,False,,0.5388431545928011,True,64,10,6,4,2,0.723049997683787,False,False,False,False,0.5388431545928011,"{""COT_FRESH"": 0.057180097412171366, ""FRESH_OR_CONSENSUS"": 0.20333241084841655, ""HELIOS_CONSENSUS"": 0.016079893640285673, ""KEEP"": 0.0003576004153394349, ""OPAL_ALL"": 0.723049997683787}","{""COT_FRESH"": 4.0, ""FRESH_OR_CONSENSUS"": 5.0, ""HELIOS_CONSENSUS"": 3.0, ""KEEP"": 0.0, ""OPAL_ALL"": 6.0}",False,False,0.5388431545928011
2026-07-01,2026-07-02,2026-07-06,2026,2026-07,1,0.0341129191765136,0.8581517251769241,0.8519189080643405,0.8581517251769241,0.8519189080643405,0.8519189080643405,PATH_GLOBAL,63,0,105,0.6149953869134503,0.7749365803511931,False,False,False,False,0.8519189080643405,0.5402724908401105,0,False,1,,True,18,8,7,1,0.8,False,0.8519189080643405,0.8519189080643405,0.8519189080643405,0.5402724908401105,2026-06-23,2026-06-30,False,0,False,,0.8519189080643405,True,64,10,6,4,2,0.723049997683787,False,False,False,False,0.8519189080643405,"{""COT_FRESH"": 0.057180097412171366, ""FRESH_OR_CONSENSUS"": 0.20333241084841655, ""HELIOS_CONSENSUS"": 0.016079893640285673, ""KEEP"": 0.0003576004153394349, ""OPAL_ALL"": 0.723049997683787}","{""COT_FRESH"": 4.0, ""FRESH_OR_CONSENSUS"": 5.0, ""HELIOS_CONSENSUS"": 3.0, ""KEEP"": 0.0, ""OPAL_ALL"": 6.0}",False,False,0.8519189080643405
2026-07-02,2026-07-03,2026-07-07,2026,2026-07,1,0.0107386193539441,0.8271677628253418,0.8039159680923685,0.8271677628253418,0.8039159680923685,0.8039159680923685,PATH_GLOBAL,63,0,105,0.6149953869134503,0.7749365803511931,False,False,False,False,0.8039159680923685,0.5245368798475776,0,False,1,,True,18,8,7,1,0.8,False,0.8039159680923685,0.8039159680923685,0.8039159680923685,0.5245368798475776,2026-06-23,2026-06-30,False,0,False,,0.8039159680923685,True,64,10,6,4,2,0.723049997683787,False,False,False,False,0.8039159680923685,"{""COT_FRESH"": 0.057180097412171366, ""FRESH_OR_CONSENSUS"": 0.20333241084841655, ""HELIOS_CONSENSUS"": 0.016079893640285673, ""KEEP"": 0.0003576004153394349, ""OPAL_ALL"": 0.723049997683787}","{""COT_FRESH"": 4.0, ""FRESH_OR_CONSENSUS"": 5.0, ""HELIOS_CONSENSUS"": 3.0, ""KEEP"": 0.0, ""OPAL_ALL"": 6.0}",False,False,0.8039159680923685
2026-07-03,2026-07-06,2026-07-08,2026,2026-07,0,-0.0214892749424807,0.511267377557996,0.4811321536121486,0.511267377557996,0.4811321536121486,0.4811321536121486,PATH_GLOBAL,63,0,105,0.6149953869134503,0.7749365803511931,False,True,False,False,0.4811321536121486,0.5124612593468769,1,False,0,,True,18,8,7,1,0.8,False,0.4811321536121486,0.4811321536121486,0.4811321536121486,0.5124612593468769,2026-06-23,2026-06-30,False,0,False,,0.4811321536121486,True,64,10,6,4,2,0.723049997683787,False,False,False,False,0.4811321536121486,"{""COT_FRESH"": 0.057180097412171366, ""FRESH_OR_CONSENSUS"": 0.20333241084841655, ""HELIOS_CONSENSUS"": 0.016079893640285673, ""KEEP"": 0.0003576004153394349, ""OPAL_ALL"": 0.723049997683787}","{""COT_FRESH"": 4.0, ""FRESH_OR_CONSENSUS"": 5.0, ""HELIOS_CONSENSUS"": 3.0, ""KEEP"": 0.0, ""OPAL_ALL"": 6.0}",False,False,0.4811321536121486
2026-07-06,2026-07-07,2026-07-09,2026,2026-07,0,-0.0129839424172804,0.6280232850551172,0.6124499315214867,0.6280232850551172,0.6124499315214867,0.6124499315214867,PATH_GLOBAL,63,0,105,0.6149953869134503,0.7749365803511931,False,False,False,False,0.6124499315214867,0.5867846014314939,0,False,1,,True,18,8,7,1,0.8,False,0.6124499315214867,0.6124499315214867,0.6124499315214867,0.5867846014314939,2026-06-23,2026-06-30,False,0,False,,0.6124499315214867,True,64,10,6,4,2,0.723049997683787,False,False,False,False,0.6124499315214867,"{""COT_FRESH"": 0.057180097412171366, ""FRESH_OR_CONSENSUS"": 0.20333241084841655, ""HELIOS_CONSENSUS"": 0.016079893640285673, ""KEEP"": 0.0003576004153394349, ""OPAL_ALL"": 0.723049997683787}","{""COT_FRESH"": 4.0, ""FRESH_OR_CONSENSUS"": 5.0, ""HELIOS_CONSENSUS"": 3.0, ""KEEP"": 0.0, ""OPAL_ALL"": 6.0}",False,False,0.6124499315214867
2026-07-07,2026-07-08,2026-07-10,2026,2026-07,0,-0.0056394478010456,0.4442737338377318,0.4368835332682736,0.4442737338377318,0.4368835332682736,0.4368835332682736,PATH_GLOBAL,63,0,105,0.6149953869134503,0.7749365803511931,False,False,False,False,0.4368835332682736,0.6408475070685464,0,False,0,,True,18,8,7,1,0.8,False,0.4368835332682736,0.4368835332682736,0.4368835332682736,0.6408475070685464,2026-06-30,2026-07-07,False,0,False,,0.4368835332682736,True,64,10,6,4,2,0.723049997683787,False,False,False,False,0.4368835332682736,"{""COT_FRESH"": 0.057180097412171366, ""FRESH_OR_CONSENSUS"": 0.20333241084841655, ""HELIOS_CONSENSUS"": 0.016079893640285673, ""KEEP"": 0.0003576004153394349, ""OPAL_ALL"": 0.723049997683787}","{""COT_FRESH"": 4.0, ""FRESH_OR_CONSENSUS"": 5.0, ""HELIOS_CONSENSUS"": 3.0, ""KEEP"": 0.0, ""OPAL_ALL"": 6.0}",False,False,0.4368835332682736
2026-07-08,2026-07-09,2026-07-13,2026,2026-07,0,-0.0108312217142931,0.5560061690897361,0.5449185999650731,0.5560061690897361,0.5449185999650731,0.5449185999650731,PATH_GLOBAL,63,1,106,0.6778508464398978,0.8798248247437644,False,False,False,False,0.5449185999650731,0.6144567735447864,0,False,1,,True,18,8,7,1,0.8,False,0.5449185999650731,0.5449185999650731,0.5449185999650731,0.6144567735447864,2026-06-30,2026-07-07,False,0,False,,0.5449185999650731,True,64,10,6,4,2,0.723049997683787,False,False,False,False,0.5449185999650731,"{""COT_FRESH"": 0.057180097412171366, ""FRESH_OR_CONSENSUS"": 0.20333241084841655, ""HELIOS_CONSENSUS"": 0.016079893640285673, ""KEEP"": 0.0003576004153394349, ""OPAL_ALL"": 0.723049997683787}","{""COT_FRESH"": 4.0, ""FRESH_OR_CONSENSUS"": 5.0, ""HELIOS_CONSENSUS"": 3.0, ""KEEP"": 0.0, ""OPAL_ALL"": 6.0}",False,False,0.5449185999650731
2026-07-09,2026-07-10,2026-07-14,2026,2026-07,0,-0.0163561245063727,0.6883679224006517,0.6868961589016641,0.6883679224006517,0.6868961589016641,0.6868961589016641,PATH_GLOBAL,63,1,106,0.6778508464398978,0.8798248247437644,False,False,False,False,0.6868961589016641,0.5645272120102146,0,False,1,,True,18,8,7,1,0.8,False,0.6868961589016641,0.6868961589016641,0.6868961589016641,0.5645272120102146,2026-06-30,2026-07-07,False,0,False,,0.6868961589016641,True,64,10,6,4,2,0.723049997683787,False,False,False,False,0.6868961589016641,"{""COT_FRESH"": 0.057180097412171366, ""FRESH_OR_CONSENSUS"": 0.20333241084841655, ""HELIOS_CONSENSUS"": 0.016079893640285673, ""KEEP"": 0.0003576004153394349, ""OPAL_ALL"": 0.723049997683787}","{""COT_FRESH"": 4.0, ""FRESH_OR_CONSENSUS"": 5.0, ""HELIOS_CONSENSUS"": 3.0, ""KEEP"": 0.0, ""OPAL_ALL"": 6.0}",False,False,0.6868961589016641
2026-07-10,2026-07-13,2026-07-15,2026,2026-07,0,-0.0160903057470039,0.6920517288721548,0.6785969383563297,0.6920517288721548,0.6785969383563297,0.6785969383563297,PATH_GLOBAL,63,1,106,0.6778508464398978,0.8798248247437644,False,False,False,False,0.6785969383563297,0.5210162075382224,0,False,1,,True,18,8,7,1,0.8,False,0.6785969383563297,0.6785969383563297,0.6785969383563297,0.5210162075382224,2026-06-30,2026-07-07,False,0,False,,0.6785969383563297,True,64,10,6,4,2,0.723049997683787,False,False,False,False,0.6785969383563297,"{""COT_FRESH"": 0.057180097412171366, ""FRESH_OR_CONSENSUS"": 0.20333241084841655, ""HELIOS_CONSENSUS"": 0.016079893640285673, ""KEEP"": 0.0003576004153394349, ""OPAL_ALL"": 0.723049997683787}","{""COT_FRESH"": 4.0, ""FRESH_OR_CONSENSUS"": 5.0, ""HELIOS_CONSENSUS"": 3.0, ""KEEP"": 0.0, ""OPAL_ALL"": 6.0}",False,False,0.6785969383563297
2026-07-13,2026-07-14,2026-07-16,2026,2026-07,0,-0.0069118146841039,0.194663141411053,0.1917190034150479,0.194663141411053,0.1917190034150479,0.1917190034150479,PATH_GLOBAL,63,1,106,0.6778508464398978,0.8798248247437644,False,False,False,False,0.1917190034150479,0.3862655239522017,0,False,0,,True,18,8,7,1,0.8,False,0.1917190034150479,0.1917190034150479,0.1917190034150479,0.3862655239522017,2026-06-30,2026-07-07,False,0,False,,0.1917190034150479,True,64,10,6,4,2,0.723049997683787,False,False,False,False,0.1917190034150479,"{""COT_FRESH"": 0.057180097412171366, ""FRESH_OR_CONSENSUS"": 0.20333241084841655, ""HELIOS_CONSENSUS"": 0.016079893640285673, ""KEEP"": 0.0003576004153394349, ""OPAL_ALL"": 0.723049997683787}","{""COT_FRESH"": 4.0, ""FRESH_OR_CONSENSUS"": 5.0, ""HELIOS_CONSENSUS"": 3.0, ""KEEP"": 0.0, ""OPAL_ALL"": 6.0}",False,False,0.1917190034150479
2026-07-14,2026-07-15,2026-07-17,2026,2026-07,0,-0.0099411446801312,0.7342931782657677,0.7301411469796852,0.7342931782657677,0.7301411469796852,0.7301411469796852,PATH_GLOBAL,63,1,106,0.6778508464398978,0.8798248247437644,False,False,False,False,0.7301411469796852,0.5438606880682174,0,False,1,,True,18,8,7,1,0.8,False,0.7301411469796852,0.7301411469796852,0.7301411469796852,0.5438606880682174,2026-07-07,2026-07-14,False,0,False,,0.7301411469796852,True,64,10,6,4,2,0.723049997683787,False,False,False,False,0.7301411469796852,"{""COT_FRESH"": 0.057180097412171366, ""FRESH_OR_CONSENSUS"": 0.20333241084841655, ""HELIOS_CONSENSUS"": 0.016079893640285673, ""KEEP"": 0.0003576004153394349, ""OPAL_ALL"": 0.723049997683787}","{""COT_FRESH"": 4.0, ""FRESH_OR_CONSENSUS"": 5.0, ""HELIOS_CONSENSUS"": 3.0, ""KEEP"": 0.0, ""OPAL_ALL"": 6.0}",False,False,0.7301411469796852
2026-07-15,2026-07-16,2026-07-20,2026,2026-07,0,-0.007981320117178,0.7470970430007742,0.7316588892289174,0.7470970430007742,0.7316588892289174,0.7316588892289174,PATH_GLOBAL,63,1,106,0.6778508464398978,0.8798248247437644,False,False,False,False,0.7316588892289174,0.6003210403732664,0,False,1,,True,18,8,7,1,0.8,False,0.7316588892289174,0.7316588892289174,0.7316588892289174,0.6003210403732664,2026-07-07,2026-07-14,False,0,False,,0.7316588892289174,True,64,10,6,4,2,0.723049997683787,False,False,False,False,0.7316588892289174,"{""COT_FRESH"": 0.057180097412171366, ""FRESH_OR_CONSENSUS"": 0.20333241084841655, ""HELIOS_CONSENSUS"": 0.016079893640285673, ""KEEP"": 0.0003576004153394349, ""OPAL_ALL"": 0.723049997683787}","{""COT_FRESH"": 4.0, ""FRESH_OR_CONSENSUS"": 5.0, ""HELIOS_CONSENSUS"": 3.0, ""KEEP"": 0.0, ""OPAL_ALL"": 6.0}",False,False,0.7316588892289174
2026-07-16,2026-07-17,2026-07-21,2026,2026-07,1,0.0121796099535001,0.2328082583524215,0.2286462165510104,0.2328082583524215,0.2286462165510104,0.2286462165510104,PATH_GLOBAL,63,1,106,0.6778508464398978,0.8798248247437644,False,False,False,False,0.2286462165510104,0.5366374596804923,0,False,0,,True,18,8,7,1,0.8,False,0.2286462165510104,0.2286462165510104,0.2286462165510104,0.5366374596804923,2026-07-07,2026-07-14,False,0,False,,0.2286462165510104,True,64,10,6,4,2,0.723049997683787,False,False,False,False,0.2286462165510104,"{""COT_FRESH"": 0.057180097412171366, ""FRESH_OR_CONSENSUS"": 0.20333241084841655, ""HELIOS_CONSENSUS"": 0.016079893640285673, ""KEEP"": 0.0003576004153394349, ""OPAL_ALL"": 0.723049997683787}","{""COT_FRESH"": 4.0, ""FRESH_OR_CONSENSUS"": 5.0, ""HELIOS_CONSENSUS"": 3.0, ""KEEP"": 0.0, ""OPAL_ALL"": 6.0}",False,False,0.2286462165510104
2026-07-17,2026-07-20,2026-07-22,2026,2026-07,1,0.0317969939740524,0.6501611755424904,0.6599935466585718,0.6501611755424904,0.6599935466585718,0.6599935466585718,PATH_GLOBAL,63,1,106,0.6778508464398978,0.8798248247437644,False,False,False,False,0.6599935466585718,0.6269238740470974,0,False,1,,True,18,8,7,1,0.8,False,0.6599935466585718,0.6599935466585718,0.6599935466585718,0.6269238740470974,2026-07-07,2026-07-14,False,0,False,,0.6599935466585718,True,64,10,6,4,2,0.723049997683787,False,False,False,False,0.6599935466585718,"{""COT_FRESH"": 0.057180097412171366, ""FRESH_OR_CONSENSUS"": 0.20333241084841655, ""HELIOS_CONSENSUS"": 0.016079893640285673, ""KEEP"": 0.0003576004153394349, ""OPAL_ALL"": 0.723049997683787}","{""COT_FRESH"": 4.0, ""FRESH_OR_CONSENSUS"": 5.0, ""HELIOS_CONSENSUS"": 3.0, ""KEEP"": 0.0, ""OPAL_ALL"": 6.0}",False,False,0.6599935466585718
2026-07-20,2026-07-21,2026-07-23,2026,2026-07,1,0.0171175339594373,0.4979906723246329,0.4721954265093955,0.4979906723246329,0.4721954265093955,0.4721954265093955,PATH_GLOBAL,63,1,106,0.6778508464398978,0.8798248247437644,False,False,False,False,0.4721954265093955,0.6743486972265934,0,False,0,,True,18,8,7,1,0.8,False,0.4721954265093955,0.4721954265093955,0.4721954265093955,0.6743486972265934,2026-07-07,2026-07-14,False,0,False,,0.4721954265093955,True,64,10,6,4,2,0.723049997683787,False,False,False,False,0.4721954265093955,"{""COT_FRESH"": 0.057180097412171366, ""FRESH_OR_CONSENSUS"": 0.20333241084841655, ""HELIOS_CONSENSUS"": 0.016079893640285673, ""KEEP"": 0.0003576004153394349, ""OPAL_ALL"": 0.723049997683787}","{""COT_FRESH"": 4.0, ""FRESH_OR_CONSENSUS"": 5.0, ""HELIOS_CONSENSUS"": 3.0, ""KEEP"": 0.0, ""OPAL_ALL"": 6.0}",False,False,0.4721954265093955
2026-07-21,2026-07-22,2026-07-24,2026,2026-07,0,-0.0026131495662138,0.6388230175499141,0.6123899089382134,0.6388230175499141,0.6123899089382134,0.6123899089382134,PATH_GLOBAL,63,1,106,0.6778508464398978,0.8798248247437644,False,False,False,False,0.6123899089382134,0.5749175182073751,0,False,1,,True,18,8,7,1,0.8,False,0.6123899089382134,0.6123899089382134,0.6123899089382134,0.5749175182073751,2026-07-14,2026-07-21,False,0,False,,0.6123899089382134,True,64,10,6,4,2,0.723049997683787,False,False,False,False,0.6123899089382134,"{""COT_FRESH"": 0.057180097412171366, ""FRESH_OR_CONSENSUS"": 0.20333241084841655, ""HELIOS_CONSENSUS"": 0.016079893640285673, ""KEEP"": 0.0003576004153394349, ""OPAL_ALL"": 0.723049997683787}","{""COT_FRESH"": 4.0, ""FRESH_OR_CONSENSUS"": 5.0, ""HELIOS_CONSENSUS"": 3.0, ""KEEP"": 0.0, ""OPAL_ALL"": 6.0}",False,False,0.6123899089382134
2026-07-22,2026-07-23,2026-07-27,2026,2026-07,0,-0.0097863383896712,0.6090180497426316,0.5884437433745678,0.6090180497426316,0.5884437433745678,0.5884437433745678,PATH_GLOBAL,63,1,106,0.6778508464398978,0.8798248247437644,False,False,False,False,0.5884437433745678,0.6456848085647042,0,False,1,,True,18,8,7,1,0.8,False,0.5884437433745678,0.5884437433745678,0.5884437433745678,0.6456848085647042,2026-07-14,2026-07-21,False,0,False,,0.5884437433745678,True,64,10,6,4,2,0.723049997683787,False,False,False,False,0.5884437433745678,"{""COT_FRESH"": 0.057180097412171366, ""FRESH_OR_CONSENSUS"": 0.20333241084841655, ""HELIOS_CONSENSUS"": 0.016079893640285673, ""KEEP"": 0.0003576004153394349, ""OPAL_ALL"": 0.723049997683787}","{""COT_FRESH"": 4.0, ""FRESH_OR_CONSENSUS"": 5.0, ""HELIOS_CONSENSUS"": 3.0, ""KEEP"": 0.0, ""OPAL_ALL"": 6.0}",False,False,0.5884437433745678
2026-07-23,2026-07-24,2026-07-28,2026,2026-07,0,-0.0112494274049455,0.2923397832651437,0.2683293764758439,0.2923397832651437,0.2683293764758439,0.2683293764758439,PATH_GLOBAL,63,1,106,0.6778508464398978,0.8798248247437644,False,False,False,False,0.2683293764758439,0.4847457840823221,0,False,0,,True,18,8,7,1,0.8,False,0.2683293764758439,0.2683293764758439,0.2683293764758439,0.4847457840823221,2026-07-14,2026-07-21,False,0,False,,0.2683293764758439,True,64,10,6,4,2,0.723049997683787,False,False,False,False,0.2683293764758439,"{""COT_FRESH"": 0.057180097412171366, ""FRESH_OR_CONSENSUS"": 0.20333241084841655, ""HELIOS_CONSENSUS"": 0.016079893640285673, ""KEEP"": 0.0003576004153394349, ""OPAL_ALL"": 0.723049997683787}","{""COT_FRESH"": 4.0, ""FRESH_OR_CONSENSUS"": 5.0, ""HELIOS_CONSENSUS"": 3.0, ""KEEP"": 0.0, ""OPAL_ALL"": 6.0}",False,False,0.2683293764758439
2026-07-24,2026-07-27,2026-07-29,2026,2026-07,0,-0.0031373912722266,0.5787331768703299,0.5576788019613671,0.5787331768703299,0.5576788019613671,0.5576788019613671,PATH_GLOBAL,63,1,106,0.6778508464398978,0.8798248247437644,False,False,False,False,0.5576788019613671,0.729867522436487,0,False,1,,True,18,8,7,1,0.8,False,0.5576788019613671,0.5576788019613671,0.5576788019613671,0.729867522436487,2026-07-14,2026-07-21,False,0,False,,0.5576788019613671,True,64,10,6,4,2,0.723049997683787,False,False,False,False,0.5576788019613671,"{""COT_FRESH"": 0.057180097412171366, ""FRESH_OR_CONSENSUS"": 0.20333241084841655, ""HELIOS_CONSENSUS"": 0.016079893640285673, ""KEEP"": 0.0003576004153394349, ""OPAL_ALL"": 0.723049997683787}","{""COT_FRESH"": 4.0, ""FRESH_OR_CONSENSUS"": 5.0, ""HELIOS_CONSENSUS"": 3.0, ""KEEP"": 0.0, ""OPAL_ALL"": 6.0}",False,False,0.5576788019613671
2026-07-27,2026-07-28,2026-07-30,2026,2026-07,0,-0.0014492969041425,0.4194454338292866,0.3917656502883133,0.4194454338292866,0.3917656502883133,0.3917656502883133,PATH_GLOBAL,63,1,106,0.6778508464398978,0.8798248247437644,False,False,False,False,0.3917656502883133,0.5494511425753963,0,False,0,,True,18,8,7,1,0.8,False,0.3917656502883133,0.3917656502883133,0.3917656502883133,0.5494511425753963,2026-07-14,2026-07-21,False,0,False,,0.3917656502883133,True,64,10,6,4,2,0.723049997683787,False,False,False,False,0.3917656502883133,"{""COT_FRESH"": 0.057180097412171366, ""FRESH_OR_CONSENSUS"": 0.20333241084841655, ""HELIOS_CONSENSUS"": 0.016079893640285673, ""KEEP"": 0.0003576004153394349, ""OPAL_ALL"": 0.723049997683787}","{""COT_FRESH"": 4.0, ""FRESH_OR_CONSENSUS"": 5.0, ""HELIOS_CONSENSUS"": 3.0, ""KEEP"": 0.0, ""OPAL_ALL"": 6.0}",False,False,0.3917656502883133
2026-07-28,2026-07-29,2026-07-31,2026,2026-07,1,0.0056959521665487,0.4801503713705559,0.4739569688480233,0.4801503713705559,0.4739569688480233,0.4739569688480233,PATH_GLOBAL,63,1,106,0.6778508464398978,0.8798248247437644,False,False,False,True,0.7141403565205291,0.7141403565205291,0,False,0,,True,18,8,7,1,0.8,False,0.4739569688480233,0.4739569688480233,0.4739569688480233,0.7141403565205291,2026-07-21,2026-07-28,True,1,True,1.0,0.5260430311519767,True,64,10,6,4,2,0.9835625059443748,False,True,True,True,0.5260430311519767,"{""COT_FRESH"": 0.057180097412171366, ""FRESH_OR_CONSENSUS"": 0.20333241084841655, ""HELIOS_CONSENSUS"": 0.016079893640285673, ""KEEP"": 0.0003576004153394349, ""OPAL_ALL"": 0.723049997683787}","{""COT_FRESH"": 4.0, ""FRESH_OR_CONSENSUS"": 5.0, ""HELIOS_CONSENSUS"": 3.0, ""KEEP"": 0.0, ""OPAL_ALL"": 6.0}",False,True,0.5260430311519767
2026-07-29,2026-07-30,2026-08-03,2026,2026-07,1,0.0033940780885721,0.7350350380828581,0.7282569174928413,0.7350350380828581,0.7282569174928413,0.7282569174928413,PATH_GLOBAL,63,1,106,0.6778508464398978,0.8798248247437644,False,False,False,False,0.7282569174928413,0.672778124528224,0,False,1,,True,18,8,7,1,0.8,False,0.7282569174928413,0.7282569174928413,0.7282569174928413,0.672778124528224,2026-07-21,2026-07-28,False,0,False,,0.7282569174928413,True,64,10,6,4,2,0.723049997683787,False,False,False,False,0.7282569174928413,"{""COT_FRESH"": 0.057180097412171366, ""FRESH_OR_CONSENSUS"": 0.20333241084841655, ""HELIOS_CONSENSUS"": 0.016079893640285673, ""KEEP"": 0.0003576004153394349, ""OPAL_ALL"": 0.723049997683787}","{""COT_FRESH"": 4.0, ""FRESH_OR_CONSENSUS"": 5.0, ""HELIOS_CONSENSUS"": 3.0, ""KEEP"": 0.0, ""OPAL_ALL"": 6.0}",False,False,0.7282569174928413
2026-07-30,2026-07-31,2026-08-04,2026,2026-07,0,-0.0030498862452493,0.7901772043425302,0.7858467937268329,0.7901772043425302,0.7858467937268329,0.7858467937268329,PATH_GLOBAL,63,1,106,0.6778508464398978,0.8798248247437644,False,False,False,False,0.7858467937268329,0.5128665266802015,0,False,1,,True,18,8,7,1,0.8,False,0.7858467937268329,0.7858467937268329,0.7858467937268329,0.5128665266802015,2026-07-21,2026-07-28,False,0,False,,0.7858467937268329,True,64,10,6,4,2,0.723049997683787,False,False,False,False,0.7858467937268329,"{""COT_FRESH"": 0.057180097412171366, ""FRESH_OR_CONSENSUS"": 0.20333241084841655, ""HELIOS_CONSENSUS"": 0.016079893640285673, ""KEEP"": 0.0003576004153394349, ""OPAL_ALL"": 0.723049997683787}","{""COT_FRESH"": 4.0, ""FRESH_OR_CONSENSUS"": 5.0, ""HELIOS_CONSENSUS"": 3.0, ""KEEP"": 0.0, ""OPAL_ALL"": 6.0}",False,False,0.7858467937268329
2026-07-31,2026-08-03,2026-08-05,2026,2026-08,1,0.0309111463397286,0.4273539985028898,0.4177726842284363,0.4273539985028898,0.4177726842284363,0.4177726842284363,PATH_GLOBAL,63,1,106,0.6778508464398978,0.8798248247437644,False,True,False,True,0.7246407207753722,0.7246407207753722,1,True,0,1.0,True,18,8,7,1,0.8,True,0.5822273157715637,0.5493363894629383,0.8,0.7246407207753722,2026-07-21,2026-07-28,True,2,False,1.0,0.5822273157715637,True,65,10,6,4,2,0.9417895059548644,True,False,False,True,0.8,"{""COT_FRESH"": 0.057848712158935466, ""FRESH_OR_CONSENSUS"": 0.20571000470608997, ""HELIOS_CONSENSUS"": 0.004574780453651556, ""KEEP"": 0.0003617818862002036, ""OPAL_ALL"": 0.7315047207951229}","{""COT_FRESH"": 4.0, ""FRESH_OR_CONSENSUS"": 5.0, ""HELIOS_CONSENSUS"": 2.0, ""KEEP"": 0.0, ""OPAL_ALL"": 6.0}",False,True,0.8
2026-08-03,2026-08-04,2026-08-06,2026,2026-08,1,0.0498407883126783,0.5073628272225544,0.4993110593195172,0.5073628272225544,0.4993110593195172,0.4993110593195172,PATH_GLOBAL,63,1,106,0.6778508464398978,0.8798248247437644,False,False,True,True,0.807514566727537,0.807514566727537,1,True,0,1.0,True,18,8,7,1,0.8,True,0.5006889406804829,0.5004133644082898,0.8,0.807514566727537,2026-07-21,2026-07-28,True,3,False,1.0,0.5006889406804829,True,65,10,6,4,2,0.9417895059548644,True,False,False,True,0.8,"{""COT_FRESH"": 0.057848712158935466, ""FRESH_OR_CONSENSUS"": 0.20571000470608997, ""HELIOS_CONSENSUS"": 0.004574780453651556, ""KEEP"": 0.0003617818862002036, ""OPAL_ALL"": 0.7315047207951229}","{""COT_FRESH"": 4.0, ""FRESH_OR_CONSENSUS"": 5.0, ""HELIOS_CONSENSUS"": 2.0, ""KEEP"": 0.0, ""OPAL_ALL"": 6.0}",False,True,0.8
2026-08-04,2026-08-05,2026-08-07,2026,2026-08,1,0.0575613454182827,0.673130573097282,0.6433729414253523,0.673130573097282,0.6433729414253523,0.6433729414253523,PATH_GLOBAL,63,1,106,0.6778508464398978,0.8798248247437644,False,False,False,False,0.6433729414253523,0.62347820241621,0,False,1,,True,18,8,7,1,0.8,False,0.6433729414253523,0.6433729414253523,0.6433729414253523,0.62347820241621,2026-07-28,2026-08-04,False,0,False,,0.6433729414253523,True,65,10,6,4,2,0.7315047207951229,False,False,False,False,0.6433729414253523,"{""COT_FRESH"": 0.057848712158935466, ""FRESH_OR_CONSENSUS"": 0.20571000470608997, ""HELIOS_CONSENSUS"": 0.004574780453651556, ""KEEP"": 0.0003617818862002036, ""OPAL_ALL"": 0.7315047207951229}","{""COT_FRESH"": 4.0, ""FRESH_OR_CONSENSUS"": 5.0, ""HELIOS_CONSENSUS"": 2.0, ""KEEP"": 0.0, ""OPAL_ALL"": 6.0}",False,False,0.6433729414253523
2026-08-05,2026-08-06,2026-08-10,2026,2026-08,1,0.0384305943834909,0.8981218075504697,0.894242083950621,0.8981218075504697,0.894242083950621,0.894242083950621,PATH_GLOBAL,63,1,106,0.6778508464398978,0.8798248247437644,False,False,False,False,0.894242083950621,0.4614192816726852,0,False,1,,True,19,8,7,1,0.8,False,0.894242083950621,0.894242083950621,0.894242083950621,0.4614192816726852,2026-07-28,2026-08-04,False,0,False,,0.894242083950621,True,65,10,6,4,2,0.7540412465702302,False,False,False,False,0.894242083950621,"{""COT_FRESH"": 0.016769107370276676, ""FRESH_OR_CONSENSUS"": 0.21204761086427998, ""HELIOS_CONSENSUS"": 0.016769107370276676, ""KEEP"": 0.0003729278249365325, ""OPAL_ALL"": 0.7540412465702302}","{""COT_FRESH"": 3.0, ""FRESH_OR_CONSENSUS"": 5.0, ""HELIOS_CONSENSUS"": 3.0, ""KEEP"": 0.0, ""OPAL_ALL"": 6.0}",False,False,0.894242083950621
2026-08-06,2026-08-07,2026-08-11,2026,2026-08,1,0.0291992898198628,0.3534946078927417,0.3599735715519788,0.3534946078927417,0.3599735715519788,0.3599735715519788,PATH_GLOBAL,63,0,107,0.5837795370139288,0.7266103263034928,False,False,False,False,0.3599735715519788,0.6919034169971742,0,False,0,,True,20,8,7,1,0.8,False,0.3599735715519788,0.3599735715519788,0.3599735715519788,0.6919034169971742,2026-07-28,2026-08-04,False,0,False,,0.3599735715519788,True,65,10,6,4,2,0.7729397835612586,False,False,False,False,0.3599735715519788,"{""COT_FRESH"": 0.0048339125000343855, ""FRESH_OR_CONSENSUS"": 0.21736216048077023, ""HELIOS_CONSENSUS"": 0.0048339125000343855, ""KEEP"": 3.0230957902475175e-05, ""OPAL_ALL"": 0.7729397835612586}","{""COT_FRESH"": 4.0, ""FRESH_OR_CONSENSUS"": 7.0, ""HELIOS_CONSENSUS"": 4.0, ""KEEP"": 0.0, ""OPAL_ALL"": 8.0}",False,False,0.3599735715519788
2026-08-07,2026-08-10,2026-08-12,2026,2026-08,1,0.0220882908566863,0.7531102124081577,0.7550648822123844,0.7531102124081577,0.7550648822123844,0.7550648822123844,PATH_GLOBAL,63,0,107,0.5837795370139288,0.7266103263034928,False,False,False,False,0.7550648822123844,0.6093715446299945,0,False,1,,True,20,8,7,1,0.8,False,0.7550648822123844,0.7550648822123844,0.7550648822123844,0.6093715446299945,2026-07-28,2026-08-04,False,0,False,,0.7550648822123844,True,65,10,6,4,2,0.7729397835612586,False,False,False,False,0.7550648822123844,"{""COT_FRESH"": 0.0048339125000343855, ""FRESH_OR_CONSENSUS"": 0.21736216048077023, ""HELIOS_CONSENSUS"": 0.0048339125000343855, ""KEEP"": 3.0230957902475175e-05, ""OPAL_ALL"": 0.7729397835612586}","{""COT_FRESH"": 4.0, ""FRESH_OR_CONSENSUS"": 7.0, ""HELIOS_CONSENSUS"": 4.0, ""KEEP"": 0.0, ""OPAL_ALL"": 8.0}",False,False,0.7550648822123844
2026-08-10,2026-08-11,2026-08-13,2026,2026-08,1,0.006575979885047,0.7603792175432936,0.7580251346235773,0.7603792175432936,0.7580251346235773,0.7580251346235773,PATH_GLOBAL,63,0,107,0.5837795370139288,0.7266103263034928,False,False,False,False,0.7580251346235773,0.5656052027092954,0,False,1,,True,20,8,7,1,0.8,False,0.7580251346235773,0.7580251346235773,0.7580251346235773,0.5656052027092954,2026-07-28,2026-08-04,False,0,False,,0.7580251346235773,True,65,10,6,4,2,0.7729397835612586,False,False,False,False,0.7580251346235773,"{""COT_FRESH"": 0.0048339125000343855, ""FRESH_OR_CONSENSUS"": 0.21736216048077023, ""HELIOS_CONSENSUS"": 0.0048339125000343855, ""KEEP"": 3.0230957902475175e-05, ""OPAL_ALL"": 0.7729397835612586}","{""COT_FRESH"": 4.0, ""FRESH_OR_CONSENSUS"": 7.0, ""HELIOS_CONSENSUS"": 4.0, ""KEEP"": 0.0, ""OPAL_ALL"": 8.0}",False,False,0.7580251346235773
2026-08-11,2026-08-12,2026-08-14,2026,2026-08,0,-0.0063134555479986,0.4813789117108062,0.4789147606851086,0.4813789117108062,0.4789147606851086,0.4789147606851086,PATH_GLOBAL,63,0,107,0.5837795370139288,0.7266103263034928,False,False,False,True,0.8508369088739827,0.8508369088739827,0,False,0,,True,20,8,7,1,0.8,False,0.4789147606851086,0.4789147606851086,0.4789147606851086,0.8508369088739827,2026-08-04,2026-08-11,True,1,True,0.0,0.5210852393148915,True,65,10,6,4,2,0.9951358565420632,False,True,True,True,0.5210852393148915,"{""COT_FRESH"": 0.0048339125000343855, ""FRESH_OR_CONSENSUS"": 0.21736216048077023, ""HELIOS_CONSENSUS"": 0.0048339125000343855, ""KEEP"": 3.0230957902475175e-05, ""OPAL_ALL"": 0.7729397835612586}","{""COT_FRESH"": 4.0, ""FRESH_OR_CONSENSUS"": 7.0, ""HELIOS_CONSENSUS"": 4.0, ""KEEP"": 0.0, ""OPAL_ALL"": 8.0}",False,True,0.5210852393148915
2026-08-12,2026-08-13,2026-08-17,2026,2026-08,0,-0.0005992631966162,0.561801233083575,0.5608285589847779,0.561801233083575,0.5608285589847779,0.5608285589847779,PATH_GLOBAL,63,0,107,0.5837795370139288,0.7266103263034928,False,False,False,True,0.2384414778992061,0.7615585221007939,0,False,1,,True,20,8,7,1,0.8,False,0.5608285589847779,0.5608285589847779,0.5608285589847779,0.7615585221007939,2026-08-04,2026-08-11,True,2,False,1.0,0.4391714410152221,True,65,10,6,4,2,0.7729397835612586,False,True,True,True,0.4391714410152221,"{""COT_FRESH"": 0.0048339125000343855, ""FRESH_OR_CONSENSUS"": 0.21736216048077023, ""HELIOS_CONSENSUS"": 0.0048339125000343855, ""KEEP"": 3.0230957902475175e-05, ""OPAL_ALL"": 0.7729397835612586}","{""COT_FRESH"": 4.0, ""FRESH_OR_CONSENSUS"": 7.0, ""HELIOS_CONSENSUS"": 4.0, ""KEEP"": 0.0, ""OPAL_ALL"": 8.0}",False,True,0.4391714410152221
2026-08-13,2026-08-14,2026-08-18,2026,2026-08,1,0.0002876127929909,0.4131796695866438,0.4117211851451604,0.4131796695866438,0.4117211851451604,0.4117211851451604,PATH_GLOBAL,63,-1,107,0.5837795370139288,0.7266103263034928,False,False,False,True,0.783099589142647,0.783099589142647,0,False,0,,True,20,8,7,1,0.8,False,0.4117211851451604,0.4117211851451604,0.4117211851451604,0.783099589142647,2026-08-04,2026-08-11,True,3,False,1.0,0.5882788148548397,True,65,10,6,4,2,0.7729397835612586,False,True,True,True,0.5882788148548397,"{""COT_FRESH"": 0.0048339125000343855, ""FRESH_OR_CONSENSUS"": 0.21736216048077023, ""HELIOS_CONSENSUS"": 0.0048339125000343855, ""KEEP"": 3.0230957902475175e-05, ""OPAL_ALL"": 0.7729397835612586}","{""COT_FRESH"": 4.0, ""FRESH_OR_CONSENSUS"": 7.0, ""HELIOS_CONSENSUS"": 4.0, ""KEEP"": 0.0, ""OPAL_ALL"": 8.0}",False,True,0.5882788148548397
2026-08-14,2026-08-17,2026-08-19,2026,2026-08,1,0.0137807796795515,0.7215243579342485,0.7248602103588802,0.7215243579342485,0.7248602103588802,0.7248602103588802,PATH_GLOBAL,63,-1,107,0.5837795370139288,0.7266103263034928,False,False,False,False,0.7248602103588802,0.5848960027357918,0,False,1,,True,20,8,7,1,0.8,False,0.7248602103588802,0.7248602103588802,0.7248602103588802,0.5848960027357918,2026-08-04,2026-08-11,False,0,False,,0.7248602103588802,True,66,10,6,4,2,0.7540412465702302,False,False,False,False,0.7248602103588802,"{""COT_FRESH"": 0.016769107370276676, ""FRESH_OR_CONSENSUS"": 0.21204761086427998, ""HELIOS_CONSENSUS"": 0.016769107370276676, ""KEEP"": 0.0003729278249365325, ""OPAL_ALL"": 0.7540412465702302}","{""COT_FRESH"": 3.0, ""FRESH_OR_CONSENSUS"": 5.0, ""HELIOS_CONSENSUS"": 3.0, ""KEEP"": 0.0, ""OPAL_ALL"": 6.0}",False,False,0.7248602103588802
2026-08-17,2026-08-18,2026-08-20,2026,2026-08,1,0.0218059300053339,0.6364564625121809,0.639049705701918,0.6364564625121809,0.639049705701918,0.639049705701918,PATH_GLOBAL,63,-1,107,0.5837795370139288,0.7266103263034928,False,False,False,False,0.639049705701918,0.6778167186708791,0,False,1,,True,20,8,7,1,0.8,False,0.639049705701918,0.639049705701918,0.639049705701918,0.6778167186708791,2026-08-04,2026-08-11,False,0,False,,0.639049705701918,True,67,10,7,3,4,0.9156802790692524,False,False,False,False,0.639049705701918,"{""COT_FRESH"": 0.005726601788607551, ""FRESH_OR_CONSENSUS"": 0.0724136473595319, ""HELIOS_CONSENSUS"": 0.005726601788607551, ""KEEP"": 0.0004528699940007436, ""OPAL_ALL"": 0.9156802790692523}","{""COT_FRESH"": 2.0, ""FRESH_OR_CONSENSUS"": 4.0, ""HELIOS_CONSENSUS"": 2.0, ""KEEP"": 0.0, ""OPAL_ALL"": 6.0}",False,False,0.639049705701918
2026-08-18,2026-08-19,2026-08-21,2026,2026-08,1,0.0441155114186256,0.2453739534846826,0.2559154277541727,0.2453739534846826,0.2559154277541727,0.2559154277541727,PATH_GLOBAL,63,-1,107,0.5837795370139288,0.7266103263034928,False,False,False,False,0.2559154277541727,0.5313427241890513,0,False,0,,True,20,8,7,1,0.8,False,0.2559154277541727,0.2559154277541727,0.2559154277541727,0.5313427241890513,2026-08-11,2026-08-18,False,0,False,,0.2559154277541727,True,68,10,8,2,6,0.9156802790692524,False,False,False,False,0.2559154277541727,"{""COT_FRESH"": 0.005726601788607551, ""FRESH_OR_CONSENSUS"": 0.0724136473595319, ""HELIOS_CONSENSUS"": 0.005726601788607551, ""KEEP"": 0.0004528699940007436, ""OPAL_ALL"": 0.9156802790692523}","{""COT_FRESH"": 2.0, ""FRESH_OR_CONSENSUS"": 4.0, ""HELIOS_CONSENSUS"": 2.0, ""KEEP"": 0.0, ""OPAL_ALL"": 6.0}",False,False,0.2559154277541727
2026-08-19,2026-08-20,2026-08-24,2026,2026-08,1,0.0504625395201084,0.9788986196750288,0.97996231390523,0.9788986196750288,0.97996231390523,0.97996231390523,PATH_GLOBAL,63,-1,107,0.5837795370139288,0.7266103263034928,False,False,False,False,0.97996231390523,0.4225324868242883,0,False,1,,True,20,8,7,1,0.8,False,0.97996231390523,0.97996231390523,0.97996231390523,0.4225324868242883,2026-08-11,2026-08-18,False,0,False,,0.97996231390523,True,68,10,8,2,6,0.9156802790692524,False,False,False,False,0.97996231390523,"{""COT_FRESH"": 0.005726601788607551, ""FRESH_OR_CONSENSUS"": 0.0724136473595319, ""HELIOS_CONSENSUS"": 0.005726601788607551, ""KEEP"": 0.0004528699940007436, ""OPAL_ALL"": 0.9156802790692523}","{""COT_FRESH"": 2.0, ""FRESH_OR_CONSENSUS"": 4.0, ""HELIOS_CONSENSUS"": 2.0, ""KEEP"": 0.0, ""OPAL_ALL"": 6.0}",False,False,0.97996231390523
2026-08-20,2026-08-21,2026-08-25,2026,2026-08,1,0.0318112493998672,0.7288674285075134,0.7205138881707791,0.7288674285075134,0.7205138881707791,0.7205138881707791,PATH_GLOBAL,63,-1,107,0.5837795370139288,0.7266103263034928,False,False,False,True,0.2639926518994746,0.7360073481005254,0,False,1,,True,20,8,7,1,0.8,False,0.7205138881707791,0.7205138881707791,0.7205138881707791,0.7360073481005254,2026-08-11,2026-08-18,True,1,True,0.0,0.2794861118292209,True,68,10,8,2,6,0.9938205282173918,False,True,True,True,0.2794861118292209,"{""COT_FRESH"": 0.005726601788607551, ""FRESH_OR_CONSENSUS"": 0.0724136473595319, ""HELIOS_CONSENSUS"": 0.005726601788607551, ""KEEP"": 0.0004528699940007436, ""OPAL_ALL"": 0.9156802790692523}","{""COT_FRESH"": 2.0, ""FRESH_OR_CONSENSUS"": 4.0, ""HELIOS_CONSENSUS"": 2.0, ""KEEP"": 0.0, ""OPAL_ALL"": 6.0}",False,True,0.2794861118292209
2026-08-21,2026-08-24,2026-08-26,2026,2026-08,1,0.0092167753149813,0.6470077587904973,0.6426184393627357,0.6470077587904973,0.6426184393627357,0.6426184393627357,PATH_GLOBAL,63,-1,107,0.5837795370139288,0.7266103263034928,False,False,False,True,0.2399196750508371,0.7600803249491629,0,False,1,,True,20,8,7,1,0.8,False,0.6426184393627357,0.6426184393627357,0.6426184393627357,0.7600803249491629,2026-08-11,2026-08-18,True,2,False,0.0,0.3573815606372643,True,68,10,8,2,6,0.9156802790692524,False,True,True,True,0.3573815606372643,"{""COT_FRESH"": 0.005726601788607551, ""FRESH_OR_CONSENSUS"": 0.0724136473595319, ""HELIOS_CONSENSUS"": 0.005726601788607551, ""KEEP"": 0.0004528699940007436, ""OPAL_ALL"": 0.9156802790692523}","{""COT_FRESH"": 2.0, ""FRESH_OR_CONSENSUS"": 4.0, ""HELIOS_CONSENSUS"": 2.0, ""KEEP"": 0.0, ""OPAL_ALL"": 6.0}",False,True,0.3573815606372643
2026-08-24,2026-08-25,2026-08-27,2026,2026-08,0,-0.0090575042639794,0.5942878282496677,0.6108913652109338,0.5942878282496677,0.6108913652109338,0.6108913652109338,PATH_GLOBAL,63,-1,107,0.5837795370139288,0.7266103263034928,False,False,False,True,0.2160144806383165,0.7839855193616835,0,False,1,,True,20,8,7,1,0.8,False,0.6108913652109338,0.6108913652109338,0.6108913652109338,0.7839855193616835,2026-08-11,2026-08-18,True,3,False,1.0,0.3891086347890662,True,68,10,8,2,6,0.9156802790692524,False,True,True,True,0.3891086347890662,"{""COT_FRESH"": 0.005726601788607551, ""FRESH_OR_CONSENSUS"": 0.0724136473595319, ""HELIOS_CONSENSUS"": 0.005726601788607551, ""KEEP"": 0.0004528699940007436, ""OPAL_ALL"": 0.9156802790692523}","{""COT_FRESH"": 2.0, ""FRESH_OR_CONSENSUS"": 4.0, ""HELIOS_CONSENSUS"": 2.0, ""KEEP"": 0.0, ""OPAL_ALL"": 6.0}",False,True,0.3891086347890662
2026-08-25,2026-08-26,2026-08-28,2026,2026-08,0,-0.0211818553410563,0.6889852636040253,0.6910579168269709,0.6889852636040253,0.6910579168269709,0.6910579168269709,PATH_GLOBAL,63,-1,107,0.5837795370139288,0.7266103263034928,False,False,False,True,0.2559179333701032,0.7440820666298967,0,False,1,,True,20,8,7,1,0.8,False,0.6910579168269709,0.6910579168269709,0.6910579168269709,0.7440820666298967,2026-08-18,2026-08-25,True,1,True,1.0,0.308942083173029,True,69,10,7,3,4,0.9271053094496812,False,True,True,True,0.308942083173029,"{""COT_FRESH"": 0.005342174741394307, ""FRESH_OR_CONSENSUS"": 0.06755251580892434, ""HELIOS_CONSENSUS"": 0.06755251580892434, ""KEEP"": 0.005342174741394307, ""OPAL_ALL"": 0.8542106188993627}","{""COT_FRESH"": 0.0, ""FRESH_OR_CONSENSUS"": 2.0, ""HELIOS_CONSENSUS"": 2.0, ""KEEP"": 0.0, ""OPAL_ALL"": 4.0}",False,True,0.308942083173029
2026-08-26,2026-08-27,2026-08-31,2026,2026-08,0,-0.0402718242816912,0.3904292392813995,0.3742935788372112,0.3904292392813995,0.3742935788372112,0.3742935788372112,PATH_GLOBAL,63,0,107,0.5837795370139288,0.7266103263034928,False,False,False,True,0.7421043173943557,0.7421043173943557,0,False,0,,True,20,8,7,1,0.8,False,0.3742935788372112,0.3742935788372112,0.3742935788372112,0.7421043173943557,2026-08-18,2026-08-25,True,2,False,0.0,0.3742935788372112,True,70,10,6,4,2,0.4197208966791034,False,True,False,False,0.3742935788372112,"{""COT_FRESH"": 0.009334164164062275, ""FRESH_OR_CONSENSUS"": 0.11803175724861058, ""HELIOS_CONSENSUS"": 0.4197208966791034, ""KEEP"": 0.03319228522912031, ""OPAL_ALL"": 0.4197208966791034}","{""COT_FRESH"": -1.0, ""FRESH_OR_CONSENSUS"": 1.0, ""HELIOS_CONSENSUS"": 2.0, ""KEEP"": 0.0, ""OPAL_ALL"": 2.0}",False,False,0.3742935788372112
2026-08-27,2026-08-28,2026-09-01,2026,2026-08,0,-0.0494608442614443,0.4840407762902109,0.4723117582362515,0.4840407762902109,0.4723117582362515,0.4723117582362515,PATH_GLOBAL,63,0,107,0.5837795370139288,0.7266103263034928,False,False,True,True,0.8874608013712524,0.8874608013712524,1,True,0,0.0,True,20,8,7,1,0.8,True,0.5276882417637485,0.5166129450582491,0.8,0.8874608013712524,2026-08-18,2026-08-25,True,3,False,0.0,0.5276882417637485,True,71,10,7,3,4,0.9605733491852,True,False,False,True,0.8,"{""COT_FRESH"": 0.0028894293470551917, ""FRESH_OR_CONSENSUS"": 0.03653722146774474, ""HELIOS_CONSENSUS"": 0.4620180638587277, ""KEEP"": 0.03653722146774474, ""OPAL_ALL"": 0.4620180638587277}","{""COT_FRESH"": -2.0, ""FRESH_OR_CONSENSUS"": 0.0, ""HELIOS_CONSENSUS"": 2.0, ""KEEP"": 0.0, ""OPAL_ALL"": 2.0}",False,True,0.8
2026-08-28,2026-08-31,2026-09-02,2026,2026-08,0,-0.0462378548507739,0.0695127734662579,0.0651286259104166,0.0695127734662579,0.0651286259104166,0.0651286259104166,PATH_GLOBAL,63,0,107,0.5837795370139288,0.7266103263034928,False,False,False,False,0.0651286259104166,0.616718083275431,0,False,0,,True,20,8,7,1,0.8,False,0.0651286259104166,0.0651286259104166,0.0651286259104166,0.616718083275431,2026-08-18,2026-08-25,False,0,False,,0.0651286259104166,True,72,10,7,3,4,0.6841735482907255,False,False,False,False,0.0651286259104166,"{""COT_FRESH"": 0.015215321102625884, ""FRESH_OR_CONSENSUS"": 0.05410567770336059, ""HELIOS_CONSENSUS"": 0.19239977519992743, ""KEEP"": 0.05410567770336059, ""OPAL_ALL"": 0.6841735482907255}","{""COT_FRESH"": -1.0, ""FRESH_OR_CONSENSUS"": 0.0, ""HELIOS_CONSENSUS"": 1.0, ""KEEP"": 0.0, ""OPAL_ALL"": 2.0}",False,False,0.0651286259104166
2026-08-31,2026-09-01,2026-09-03,2026,2026-09,1,0.0024591734680055,0.6506341305193148,0.6273727806184738,0.6506341305193148,0.6273727806184738,0.6273727806184738,PATH_GLOBAL,63,0,107,0.5837795370139288,0.7266103263034928,False,False,False,True,0.2686316792380577,0.7313683207619422,0,False,1,,True,20,8,7,1,0.8,False,0.6273727806184738,0.6273727806184738,0.6273727806184738,0.7313683207619422,2026-08-18,2026-08-25,True,4,False,0.0,0.6273727806184738,True,73,10,6,4,2,0.2807072905799987,False,True,False,False,0.6273727806184738,"{""COT_FRESH"": 0.0789390641300018, ""FRESH_OR_CONSENSUS"": 0.0789390641300018, ""HELIOS_CONSENSUS"": 0.28070729057999877, ""KEEP"": 0.28070729057999877, ""OPAL_ALL"": 0.28070729057999877}","{""COT_FRESH"": -1.0, ""FRESH_OR_CONSENSUS"": -1.0, ""HELIOS_CONSENSUS"": 0.0, ""KEEP"": 0.0, ""OPAL_ALL"": 0.0}",False,False,0.6273727806184738
2026-09-01,2026-09-02,2026-09-04,2026,2026-09,1,0.015568877157478,0.2806708611073515,0.2652745362839993,0.2806708611073515,0.2652745362839993,0.2652745362839993,PATH_GLOBAL,63,0,107,0.5837795370139288,0.7266103263034928,False,False,False,False,0.2652745362839993,0.6467565039810957,0,False,0,,True,21,8,6,2,0.7,False,0.2652745362839993,0.2652745362839993,0.2652745362839993,0.6467565039810957,2026-08-25,2026-09-01,False,0,False,,0.2652745362839993,True,73,10,6,4,2,0.2807072905799987,False,False,False,False,0.2652745362839993,"{""COT_FRESH"": 0.28070729057999877, ""FRESH_OR_CONSENSUS"": 0.0789390641300018, ""HELIOS_CONSENSUS"": 0.0789390641300018, ""KEEP"": 0.28070729057999877, ""OPAL_ALL"": 0.28070729057999877}","{""COT_FRESH"": 0.0, ""FRESH_OR_CONSENSUS"": -1.0, ""HELIOS_CONSENSUS"": -1.0, ""KEEP"": 0.0, ""OPAL_ALL"": 0.0}",False,False,0.2652745362839993
2026-09-02,2026-09-03,2026-09-07,2026,2026-09,1,0.0143427915777457,0.8562929890632096,0.8508575099001046,0.8562929890632096,0.8508575099001046,0.8508575099001046,PATH_GLOBAL,63,0,107,0.5837795370139288,0.7266103263034928,False,False,False,False,0.8508575099001046,0.5363371310234254,0,False,1,,True,21,8,6,2,0.7,False,0.8508575099001046,0.8508575099001046,0.8508575099001046,0.5363371310234254,2026-08-25,2026-09-01,False,0,False,,0.8508575099001046,True,73,10,6,4,2,0.2807072905799987,False,False,False,False,0.8508575099001046,"{""COT_FRESH"": 0.28070729057999877, ""FRESH_OR_CONSENSUS"": 0.0789390641300018, ""HELIOS_CONSENSUS"": 0.0789390641300018, ""KEEP"": 0.28070729057999877, ""OPAL_ALL"": 0.28070729057999877}","{""COT_FRESH"": 0.0, ""FRESH_OR_CONSENSUS"": -1.0, ""HELIOS_CONSENSUS"": -1.0, ""KEEP"": 0.0, ""OPAL_ALL"": 0.0}",False,False,0.8508575099001046
2026-09-03,2026-09-04,2026-09-08,2026,2026-09,0,-0.0117381551801408,0.7057120936759563,0.6966144461740189,0.7057120936759563,0.6966144461740189,0.6966144461740189,PATH_GLOBAL,63,0,107,0.5837795370139288,0.7266103263034928,False,False,False,True,0.2990420595958749,0.7009579404041251,0,False,1,,True,21,8,6,2,0.7,False,0.6966144461740189,0.6966144461740189,0.6966144461740189,0.7009579404041251,2026-08-25,2026-09-01,True,1,True,1.0,0.3033855538259811,True,74,10,5,5,0,0.5149690436040248,False,True,True,True,0.3033855538259811,"{""COT_FRESH"": 0.37857112642536045, ""FRESH_OR_CONSENSUS"": 0.10645982997061451, ""HELIOS_CONSENSUS"": 0.10645982997061451, ""KEEP"": 0.37857112642536045, ""OPAL_ALL"": 0.029938087208049968}","{""COT_FRESH"": 0.0, ""FRESH_OR_CONSENSUS"": -1.0, ""HELIOS_CONSENSUS"": -1.0, ""KEEP"": 0.0, ""OPAL_ALL"": -2.0}",False,True,0.3033855538259811
2026-09-04,2026-09-07,2026-09-09,2026,2026-09,0,-0.0126185352726498,0.3163661300455955,0.3040241224702817,0.3163661300455955,0.3040241224702817,0.3040241224702817,PATH_GLOBAL,63,0,107,0.5837795370139288,0.7266103263034928,False,False,False,True,0.769531463943325,0.769531463943325,0,False,0,,True,21,8,6,2,0.7,False,0.3040241224702817,0.3040241224702817,0.3040241224702817,0.769531463943325,2026-08-25,2026-09-01,True,2,False,0.0,0.3040241224702817,True,74,10,5,5,0,0.0299380872080499,False,True,False,False,0.3040241224702817,"{""COT_FRESH"": 0.37857112642536045, ""FRESH_OR_CONSENSUS"": 0.10645982997061451, ""HELIOS_CONSENSUS"": 0.10645982997061451, ""KEEP"": 0.37857112642536045, ""OPAL_ALL"": 0.029938087208049968}","{""COT_FRESH"": 0.0, ""FRESH_OR_CONSENSUS"": -1.0, ""HELIOS_CONSENSUS"": -1.0, ""KEEP"": 0.0, ""OPAL_ALL"": -2.0}",False,False,0.3040241224702817
2026-09-07,2026-09-08,2026-09-10,2026,2026-09,0,-0.0072268259378393,0.5695381450502989,0.5516878701716053,0.5695381450502989,0.5516878701716053,0.5516878701716053,PATH_GLOBAL,63,0,107,0.5837795370139288,0.7266103263034928,False,False,False,False,0.5516878701716053,0.8473488750562835,0,False,1,,True,21,8,6,2,0.7,False,0.5516878701716053,0.5516878701716053,0.5516878701716053,0.8473488750562835,2026-08-25,2026-09-01,False,0,False,,0.5516878701716053,True,74,10,5,5,0,0.0299380872080499,False,False,False,False,0.5516878701716053,"{""COT_FRESH"": 0.37857112642536045, ""FRESH_OR_CONSENSUS"": 0.10645982997061451, ""HELIOS_CONSENSUS"": 0.10645982997061451, ""KEEP"": 0.37857112642536045, ""OPAL_ALL"": 0.029938087208049968}","{""COT_FRESH"": 0.0, ""FRESH_OR_CONSENSUS"": -1.0, ""HELIOS_CONSENSUS"": -1.0, ""KEEP"": 0.0, ""OPAL_ALL"": -2.0}",False,False,0.5516878701716053
2026-09-08,2026-09-09,2026-09-11,2026,2026-09,0,-0.01168202317729,0.2857044517716916,0.2631311954617433,0.2857044517716916,0.2631311954617433,0.2631311954617433,PATH_GLOBAL,63,0,107,0.5837795370139288,0.7266103263034928,False,False,False,False,0.2631311954617433,0.5886981541457246,0,False,0,,True,21,8,6,2,0.7,False,0.2631311954617433,0.2631311954617433,0.2631311954617433,0.5886981541457246,2026-09-01,2026-09-08,False,0,False,,0.2631311954617433,True,75,10,5,5,0,0.0133667750154276,False,False,False,False,0.2631311954617433,"{""COT_FRESH"": 0.6010516524643483, ""FRESH_OR_CONSENSUS"": 0.16902466210012804, ""HELIOS_CONSENSUS"": 0.04753224831996792, ""KEEP"": 0.16902466210012804, ""OPAL_ALL"": 0.013366775015427657}","{""COT_FRESH"": 1.0, ""FRESH_OR_CONSENSUS"": 0.0, ""HELIOS_CONSENSUS"": -1.0, ""KEEP"": 0.0, ""OPAL_ALL"": -2.0}",False,False,0.2631311954617433
2026-09-09,2026-09-10,2026-09-14,2026,2026-09,0,-0.0202988148019753,0.5779873484160907,0.5430448897797451,0.5779873484160907,0.5430448897797451,0.5430448897797451,PATH_GLOBAL,63,0,107,0.5837795370139288,0.7266103263034928,False,False,False,True,0.2224764417657999,0.7775235582342,0,False,1,,True,21,8,6,2,0.7,False,0.5430448897797451,0.5430448897797451,0.5430448897797451,0.7775235582342,2026-09-01,2026-09-08,True,1,True,1.0,0.4569551102202549,True,76,10,5,5,0,0.92704382071358,False,True,True,True,0.4569551102202549,"{""COT_FRESH"": 0.720051483848697, ""FRESH_OR_CONSENSUS"": 0.2024891841711406, ""HELIOS_CONSENSUS"": 0.016013209754383417, ""KEEP"": 0.05694296953203659, ""OPAL_ALL"": 0.004503152693742367}","{""COT_FRESH"": 2.0, ""FRESH_OR_CONSENSUS"": 1.0, ""HELIOS_CONSENSUS"": -1.0, ""KEEP"": 0.0, ""OPAL_ALL"": -2.0}",False,True,0.4569551102202549
2026-09-10,2026-09-11,2026-09-15,2026,2026-09,0,-0.0192620327368765,0.1696955872954961,0.1618300330468039,0.1696955872954961,0.1618300330468039,0.1618300330468039,PATH_GLOBAL,63,0,107,0.5837795370139288,0.7266103263034928,False,False,False,False,0.1618300330468039,0.5656502843023993,0,False,0,,True,21,8,6,2,0.7,False,0.1618300330468039,0.1618300330468039,0.1618300330468039,0.5656502843023993,2026-09-01,2026-09-08,False,0,False,,0.1618300330468039,True,76,10,5,5,0,0.0045031526937423,False,False,False,False,0.1618300330468039,"{""COT_FRESH"": 0.720051483848697, ""FRESH_OR_CONSENSUS"": 0.2024891841711406, ""HELIOS_CONSENSUS"": 0.016013209754383417, ""KEEP"": 0.05694296953203659, ""OPAL_ALL"": 0.004503152693742367}","{""COT_FRESH"": 2.0, ""FRESH_OR_CONSENSUS"": 1.0, ""HELIOS_CONSENSUS"": -1.0, ""KEEP"": 0.0, ""OPAL_ALL"": -2.0}",False,False,0.1618300330468039
2026-09-11,2026-09-14,2026-09-16,2026,2026-09,0,-0.0072379346609537,0.5472268191689792,0.5451997953907847,0.5472268191689792,0.5451997953907847,0.5451997953907847,PATH_GLOBAL,63,0,107,0.5837795370139288,0.7266103263034928,False,False,False,True,0.2256605062896735,0.7743394937103265,0,False,1,,True,21,8,6,2,0.7,False,0.5451997953907847,0.5451997953907847,0.5451997953907847,0.7743394937103265,2026-09-01,2026-09-08,True,2,False,1.0,0.5451997953907847,True,76,10,5,5,0,0.0045031526937423,False,True,False,False,0.5451997953907847,"{""COT_FRESH"": 0.720051483848697, ""FRESH_OR_CONSENSUS"": 0.2024891841711406, ""HELIOS_CONSENSUS"": 0.016013209754383417, ""KEEP"": 0.05694296953203659, ""OPAL_ALL"": 0.004503152693742367}","{""COT_FRESH"": 2.0, ""FRESH_OR_CONSENSUS"": 1.0, ""HELIOS_CONSENSUS"": -1.0, ""KEEP"": 0.0, ""OPAL_ALL"": -2.0}",False,False,0.5451997953907847
2026-09-14,2026-09-15,2026-09-17,2026,2026-09,1,0.0050528314840382,0.5147592562778288,0.5004954485785125,0.5147592562778288,0.5004954485785125,0.5004954485785125,PATH_GLOBAL,63,0,107,0.5837795370139288,0.7266103263034928,False,False,False,False,0.5004954485785125,0.8314543730722176,0,False,1,,True,21,8,6,2,0.7,False,0.5004954485785125,0.5004954485785125,0.5004954485785125,0.8314543730722176,2026-09-01,2026-09-08,False,0,False,,0.5004954485785125,True,77,10,5,5,0,0.0166965974782733,False,False,False,False,0.5004954485785125,"{""COT_FRESH"": 0.7507807600012312, ""FRESH_OR_CONSENSUS"": 0.21113071355878624, ""HELIOS_CONSENSUS"": 0.004695331483435847, ""KEEP"": 0.016696597478273314, ""OPAL_ALL"": 0.016696597478273314}","{""COT_FRESH"": 3.0, ""FRESH_OR_CONSENSUS"": 2.0, ""HELIOS_CONSENSUS"": -1.0, ""KEEP"": 0.0, ""OPAL_ALL"": 0.0}",False,False,0.5004954485785125
2026-09-15,2026-09-16,2026-09-18,2026,2026-09,1,0.0187109910598389,0.6447325604344554,0.6381869103535617,0.6447325604344554,0.6381869103535617,0.6381869103535617,PATH_GLOBAL,63,0,107,0.5837795370139288,0.7266103263034928,False,False,False,False,0.6381869103535617,0.5895022545698209,0,False,1,,True,21,8,6,2,0.7,False,0.6381869103535617,0.6381869103535617,0.6381869103535617,0.5895022545698209,2026-09-08,2026-09-15,False,0,False,,0.6381869103535617,True,77,10,5,5,0,0.0166965974782733,False,False,False,False,0.6381869103535617,"{""COT_FRESH"": 0.7507807600012312, ""FRESH_OR_CONSENSUS"": 0.21113071355878624, ""HELIOS_CONSENSUS"": 0.004695331483435847, ""KEEP"": 0.016696597478273314, ""OPAL_ALL"": 0.016696597478273314}","{""COT_FRESH"": 3.0, ""FRESH_OR_CONSENSUS"": 2.0, ""HELIOS_CONSENSUS"": -1.0, ""KEEP"": 0.0, ""OPAL_ALL"": 0.0}",False,False,0.6381869103535617
2026-09-16,2026-09-17,2026-09-21,2026,2026-09,1,0.0087964016107226,0.1882596988874176,0.1857058798338428,0.1882596988874176,0.1857058798338428,0.1857058798338428,PATH_GLOBAL,63,0,107,0.5837795370139288,0.7266103263034928,False,False,False,True,0.7427065708427265,0.7427065708427265,0,False,0,,True,21,8,6,2,0.7,False,0.1857058798338428,0.1857058798338428,0.1857058798338428,0.7427065708427265,2026-09-08,2026-09-15,True,1,True,1.0,0.8142941201661572,True,78,10,5,5,0,0.9786080710382908,False,True,True,True,0.8142941201661572,"{""COT_FRESH"": 0.7507807600012312, ""FRESH_OR_CONSENSUS"": 0.21113071355878624, ""HELIOS_CONSENSUS"": 0.004695331483435847, ""KEEP"": 0.016696597478273314, ""OPAL_ALL"": 0.016696597478273314}","{""COT_FRESH"": 3.0, ""FRESH_OR_CONSENSUS"": 2.0, ""HELIOS_CONSENSUS"": -1.0, ""KEEP"": 0.0, ""OPAL_ALL"": 0.0}",False,True,0.8142941201661572
2026-09-17,2026-09-18,2026-09-22,2026,2026-09,1,0.002332533424035,0.6836872807324432,0.6768840444080856,0.6836872807324432,0.6768840444080856,0.6768840444080856,PATH_GLOBAL,63,0,107,0.5837795370139288,0.7266103263034928,False,False,False,False,0.6768840444080856,0.6438957985986785,0,False,1,,True,21,8,6,2,0.7,False,0.6768840444080856,0.6768840444080856,0.6768840444080856,0.6438957985986785,2026-09-08,2026-09-15,False,0,False,,0.6768840444080856,True,78,10,5,5,0,0.0166965974782733,False,False,False,False,0.6768840444080856,"{""COT_FRESH"": 0.7507807600012312, ""FRESH_OR_CONSENSUS"": 0.21113071355878624, ""HELIOS_CONSENSUS"": 0.004695331483435847, ""KEEP"": 0.016696597478273314, ""OPAL_ALL"": 0.016696597478273314}","{""COT_FRESH"": 3.0, ""FRESH_OR_CONSENSUS"": 2.0, ""HELIOS_CONSENSUS"": -1.0, ""KEEP"": 0.0, ""OPAL_ALL"": 0.0}",False,False,0.6768840444080856
2026-09-18,2026-09-21,2026-09-23,2026,2026-09,0,-0.014007857009205,0.4930018323219199,0.468429392822529,0.4930018323219199,0.468429392822529,0.468429392822529,PATH_GLOBAL,63,0,107,0.5837795370139288,0.7266103263034928,False,False,False,True,0.8038959603963237,0.8038959603963237,0,False,0,,True,21,8,6,2,0.7,False,0.468429392822529,0.468429392822529,0.468429392822529,0.8038959603963237,2026-09-08,2026-09-15,True,2,False,0.0,0.468429392822529,True,78,10,5,5,0,0.0166965974782733,False,True,False,False,0.468429392822529,"{""COT_FRESH"": 0.7507807600012312, ""FRESH_OR_CONSENSUS"": 0.21113071355878624, ""HELIOS_CONSENSUS"": 0.004695331483435847, ""KEEP"": 0.016696597478273314, ""OPAL_ALL"": 0.016696597478273314}","{""COT_FRESH"": 3.0, ""FRESH_OR_CONSENSUS"": 2.0, ""HELIOS_CONSENSUS"": -1.0, ""KEEP"": 0.0, ""OPAL_ALL"": 0.0}",False,False,0.468429392822529
2026-09-21,2026-09-22,2026-09-24,2026,2026-09,0,-0.0185619586910461,0.5131550598651321,0.4968165719112692,0.5131550598651321,0.4968165719112692,0.4968165719112692,PATH_GLOBAL,63,0,107,0.5837795370139288,0.7266103263034928,False,False,False,True,0.817459856059907,0.817459856059907,0,False,0,,True,21,8,6,2,0.7,False,0.4968165719112692,0.4968165719112692,0.4968165719112692,0.817459856059907,2026-09-08,2026-09-15,True,3,False,0.0,0.4968165719112692,True,79,10,6,4,2,0.0166965974782733,False,True,False,False,0.4968165719112692,"{""COT_FRESH"": 0.7507807600012312, ""FRESH_OR_CONSENSUS"": 0.21113071355878624, ""HELIOS_CONSENSUS"": 0.004695331483435847, ""KEEP"": 0.016696597478273314, ""OPAL_ALL"": 0.016696597478273314}","{""COT_FRESH"": 3.0, ""FRESH_OR_CONSENSUS"": 2.0, ""HELIOS_CONSENSUS"": -1.0, ""KEEP"": 0.0, ""OPAL_ALL"": 0.0}",False,False,0.4968165719112692
2026-09-22,2026-09-23,2026-09-25,2026,2026-09,0,-0.0127088909061519,0.6655947896887643,0.6493106010803441,0.6655947896887643,0.6493106010803441,0.6493106010803441,PATH_GLOBAL,63,0,107,0.5837795370139288,0.7266103263034928,False,False,False,False,0.6493106010803441,0.5403328621973402,0,False,1,,True,21,8,6,2,0.7,False,0.6493106010803441,0.6493106010803441,0.6493106010803441,0.5403328621973402,2026-09-15,2026-09-22,False,0,False,,0.6493106010803441,True,79,10,6,4,2,0.0166965974782733,False,False,False,False,0.6493106010803441,"{""COT_FRESH"": 0.7507807600012312, ""FRESH_OR_CONSENSUS"": 0.21113071355878624, ""HELIOS_CONSENSUS"": 0.004695331483435847, ""KEEP"": 0.016696597478273314, ""OPAL_ALL"": 0.016696597478273314}","{""COT_FRESH"": 3.0, ""FRESH_OR_CONSENSUS"": 2.0, ""HELIOS_CONSENSUS"": -1.0, ""KEEP"": 0.0, ""OPAL_ALL"": 0.0}",False,False,0.6493106010803441
2026-09-23,2026-09-24,2026-09-28,2026,2026-09,0,-0.0361457820978272,0.3631590779911927,0.3504428426933152,0.3631590779911927,0.3504428426933152,0.3504428426933152,PATH_GLOBAL,63,0,107,0.5837795370139288,0.7266103263034928,False,False,False,False,0.3504428426933152,0.5735992545105024,0,False,0,,True,21,8,6,2,0.7,False,0.3504428426933152,0.3504428426933152,0.3504428426933152,0.5735992545105024,2026-09-15,2026-09-22,False,0,False,,0.3504428426933152,True,80,10,6,4,2,0.0166965974782733,False,False,False,False,0.3504428426933152,"{""COT_FRESH"": 0.7507807600012312, ""FRESH_OR_CONSENSUS"": 0.21113071355878624, ""HELIOS_CONSENSUS"": 0.004695331483435847, ""KEEP"": 0.016696597478273314, ""OPAL_ALL"": 0.016696597478273314}","{""COT_FRESH"": 3.0, ""FRESH_OR_CONSENSUS"": 2.0, ""HELIOS_CONSENSUS"": -1.0, ""KEEP"": 0.0, ""OPAL_ALL"": 0.0}",False,False,0.3504428426933152
2026-09-24,2026-09-25,2026-09-29,2026,2026-09,0,-0.0290460352206907,0.5707727824139852,0.5647673278077225,0.5707727824139852,0.5647673278077225,0.5647673278077225,PATH_GLOBAL,63,1,108,0.6474714036733615,0.8431507415910564,False,False,False,False,0.5647673278077225,0.6831973223592903,0,False,1,,True,21,8,6,2,0.7,False,0.5647673278077225,0.5647673278077225,0.5647673278077225,0.6831973223592903,2026-09-15,2026-09-22,False,0,False,,0.5647673278077225,True,81,10,5,5,0,0.0107605344992405,False,False,False,False,0.5647673278077225,"{""COT_FRESH"": 0.48385919825113916, ""FRESH_OR_CONSENSUS"": 0.48385919825113916, ""HELIOS_CONSENSUS"": 0.010760534499240589, ""KEEP"": 0.010760534499240589, ""OPAL_ALL"": 0.010760534499240589}","{""COT_FRESH"": 3.0, ""FRESH_OR_CONSENSUS"": 3.0, ""HELIOS_CONSENSUS"": 0.0, ""KEEP"": 0.0, ""OPAL_ALL"": 0.0}",False,False,0.5647673278077225
