feature_cutoff_date,forecast_issue_date,target_end_date_h3,year,month,y_up,target_r3,momentum_up,v5_pred,rescue_target,opal_override_check,hourly_cutoff,hourly_source_ts,hourly_stale_h,delta,dc_mode,event_age_bars,overshoot_ratio,retracement_ratio,dc_event_count,eligible_base,overshoot_rank,dcx_candidate,opal_candidate,v5_correct,dcx_pred,dcx_correct,block,ifbc_score,ifbc_count60,llrs_pressure,llrs_incremental,llrs_external_opposes,ocs_candidate,dcx_only,ocs_only,overlap,union_candidate,union_pred,union_correct
2025-01-16,2025-01-17,2025-01-21,2025,2025-01,1,0.0051392212728168,1,1,0,False,2025-01-16 21:00:00+00:00,2025-01-16 21:00:00+00:00,0.0,0.002380568439621644,-1,1,0.09964424161153541,0.0,22,False,,False,False,True,1,True,2025_H1,,,,,,False,False,False,False,False,1,True
2025-01-17,2025-01-20,2025-01-22,2025,2025-01,1,0.0201461458865224,0,1,0,True,2025-01-17 21:00:00+00:00,2025-01-17 21:00:00+00:00,0.0,0.0023453834144850916,-1,3,1.9938283471258438,0.12452231656084668,23,False,,False,True,True,1,True,2025_H1,,,,,,False,False,False,False,False,1,True
2025-01-21,2025-01-22,2025-01-24,2025,2025-01,1,0.0180798559708558,1,1,0,False,2025-01-21 21:00:00+00:00,2025-01-21 21:00:00+00:00,0.0,0.0023751749409708367,1,7,3.4770682318671056,0.2898928394806726,24,True,,False,False,True,1,True,2025_H1,,,,,,False,False,False,False,False,1,True
2025-01-22,2025-01-23,2025-01-27,2025,2025-01,1,0.0025148142974599,0,0,1,False,2025-01-22 21:00:00+00:00,2025-01-22 21:00:00+00:00,0.0,0.0022955606502410575,1,6,0.08626899310846102,0.6608862383927061,27,False,,False,False,False,0,False,2025_H1,,,,,,False,False,False,False,False,0,False
2025-01-23,2025-01-24,2025-01-28,2025,2025-01,0,-0.0012748367203989,1,1,1,False,2025-01-23 21:00:00+00:00,2025-01-23 21:00:00+00:00,0.0,0.002276161262315668,1,5,1.7094023474191582,0.4769172929138801,27,True,,False,False,False,1,False,2025_H1,,,,,,False,False,False,False,False,1,False
2025-01-24,2025-01-27,2025-01-29,2025,2025-01,0,-0.0042130449536807,0,0,0,True,2025-01-24 21:00:00+00:00,2025-01-24 21:00:00+00:00,0.0,0.002275689756845445,-1,6,0.9731834219135186,0.0,25,True,,False,True,True,0,True,2025_H1,,,,,,False,False,False,False,False,0,True
2025-01-27,2025-01-28,2025-01-30,2025,2025-01,1,0.0039853981789672,0,0,1,False,2025-01-27 21:00:00+00:00,2025-01-27 21:00:00+00:00,0.0,0.0023488009165890666,1,1,0.2121783098634429,0.04652933265040274,27,False,,False,False,False,0,False,2025_H1,,,,,,False,False,False,False,False,0,False
2025-01-28,2025-01-29,2025-01-31,2025,2025-01,1,0.0172717113276029,1,1,0,False,2025-01-28 21:00:00+00:00,2025-01-28 21:00:00+00:00,0.0,0.0023430246655644638,1,24,4.826248754266388,0.26170471457097694,26,True,,False,False,True,1,True,2025_H1,,,,,,False,False,False,False,False,1,True
2025-01-29,2025-01-30,2025-02-03,2025,2025-01,1,0.0125146810729162,0,0,1,False,2025-01-29 21:00:00+00:00,2025-01-29 21:00:00+00:00,0.0,0.0022538184289468965,-1,4,0.24813093740117584,0.6085064022961433,26,True,,False,False,False,0,False,2025_H1,,,,,,False,False,False,False,False,0,False
2025-01-30,2025-01-31,2025-02-04,2025,2025-01,1,0.0125373868969427,1,1,0,False,2025-01-30 21:00:00+00:00,2025-01-30 21:00:00+00:00,0.0,0.002275689756845445,1,1,0.7755283313124816,0.0,29,True,,False,False,True,1,True,2025_H1,,,,,,False,False,False,False,False,1,True
2025-01-31,2025-02-03,2025-02-05,2025,2025-02,1,0.029056110044691,1,1,0,False,2025-01-31 21:00:00+00:00,2025-01-31 21:00:00+00:00,0.0,0.0022538184289468965,-1,5,3.339361258999077,0.4546428539724528,28,False,,False,False,True,1,True,2025_H1,,,,,,False,False,False,False,False,1,True
2025-02-03,2025-02-04,2025-02-06,2025,2025-02,1,0.0237131713873792,1,1,0,False,2025-02-03 21:00:00+00:00,2025-02-03 21:00:00+00:00,0.0,0.002323965878729073,-1,0,0.10049743074727717,0.0,28,False,,False,False,True,1,True,2025_H1,,,,,,False,False,False,False,False,1,True
2025-02-04,2025-02-05,2025-02-07,2025,2025-02,1,0.0187517048878598,1,1,0,False,2025-02-04 21:00:00+00:00,2025-02-04 21:00:00+00:00,0.0,0.002336828497220278,1,9,4.164959667849136,0.2232719370009953,27,True,,False,False,True,1,True,2025_H1,,,,,,False,False,False,False,False,1,True
2025-02-05,2025-02-06,2025-02-10,2025,2025-02,1,0.0075398798963989,0,0,1,False,2025-02-05 21:00:00+00:00,2025-02-05 21:00:00+00:00,0.0,0.0023465071447730246,-1,4,1.947009466765128,0.38428006241904766,27,True,,False,False,False,0,False,2025_H1,,,,,,False,False,False,False,False,0,False
2025-02-06,2025-02-07,2025-02-11,2025,2025-02,1,0.0158289034061394,0,1,0,False,2025-02-06 21:00:00+00:00,2025-02-06 21:00:00+00:00,0.0,0.002353770535462818,1,6,1.884965781927791,0.191693953159565,29,False,,False,False,True,1,True,2025_H1,,,,,,False,False,False,False,False,1,True
2025-02-07,2025-02-10,2025-02-12,2025,2025-02,1,0.005878482266207,0,0,1,False,2025-02-07 21:00:00+00:00,2025-02-07 21:00:00+00:00,0.0,0.002366271429695921,-1,5,1.9055078379050938,0.23436402984652274,31,True,,False,False,False,0,False,2025_H1,,,-0.0867324998742333,-0.1676708616528978,False,False,False,False,False,False,0,False
2025-02-10,2025-02-11,2025-02-13,2025,2025-02,1,0.0075348713617664,1,1,0,False,2025-02-10 21:00:00+00:00,2025-02-10 21:00:00+00:00,0.0,0.002450485414823511,1,0,0.16891305171641724,0.0,30,True,,False,False,True,1,True,2025_H1,,,-0.1109885607359421,0.1101105918401263,False,False,False,False,False,False,1,True
2025-02-11,2025-02-12,2025-02-14,2025,2025-02,1,0.0106760753284939,0,0,1,False,2025-02-11 21:00:00+00:00,2025-02-11 21:00:00+00:00,0.0,0.0024641657910215997,-1,1,0.23248414873546813,0.06934076912694055,32,True,,False,False,False,0,False,2025_H1,,,0.1880672101412746,-0.0179102528815481,True,False,False,False,False,False,0,False
2025-02-12,2025-02-13,2025-02-17,2025,2025-02,1,0.0051370420238936,1,1,0,False,2025-02-12 21:00:00+00:00,2025-02-12 21:00:00+00:00,0.0,0.0024621652570409047,-1,2,0.1935427198208912,0.9440175847149869,34,False,,False,False,True,1,True,2025_H1,,,-0.359082860346497,-0.1217211963364239,False,False,False,False,False,False,1,True
2025-02-13,2025-02-14,2025-02-18,2025,2025-02,0,-0.0029521329989231,1,1,1,False,2025-02-13 21:00:00+00:00,2025-02-13 21:00:00+00:00,0.0,0.002459737072313839,1,7,1.9803849024142846,0.0,35,True,,False,False,False,1,False,2025_H1,,,-0.3944548724068038,-0.0895589068414952,False,False,False,False,False,False,1,False
2025-02-14,2025-02-17,2025-02-19,2025,2025-02,1,0.0021589652156889,0,0,1,False,2025-02-14 21:00:00+00:00,2025-02-14 21:00:00+00:00,0.0,0.0024286378168878464,-1,8,8.424940598882586,0.0,32,True,,False,False,False,0,False,2025_H1,,,0.3587455655050793,0.3695765706619555,True,False,False,False,False,False,0,False
2025-02-18,2025-02-19,2025-02-21,2025,2025-02,1,0.0071422146361465,1,1,0,False,2025-02-18 21:00:00+00:00,2025-02-18 21:00:00+00:00,0.0,0.00250028155678228,1,20,7.536802418894754,0.05416657791714437,31,True,,False,False,True,1,True,2025_H1,,,-0.2344965067010584,0.0258995997175674,False,False,False,False,False,False,1,True
2025-02-19,2025-02-20,2025-02-24,2025,2025-02,0,-0.001291419040994,0,0,0,False,2025-02-19 21:00:00+00:00,2025-02-19 21:00:00+00:00,0.0,0.00250028155678228,1,1,0.425575417871453,0.20334279900596366,31,False,,False,False,True,0,True,2025_H1,,,0.154757612622326,-0.091746608977907,True,False,False,False,False,False,0,True
2025-02-20,2025-02-21,2025-02-25,2025,2025-02,0,-0.0037319172759081,0,0,0,False,2025-02-20 21:00:00+00:00,2025-02-20 21:00:00+00:00,0.0,0.0025375276674828307,1,5,0.10697198665546952,0.4397333997697086,32,False,,False,False,True,0,True,2025_H1,,,0.1816846323755864,-0.0293411854905385,True,False,False,False,False,False,0,True
2025-02-21,2025-02-24,2025-02-26,2025,2025-02,0,-0.0055277597650055,1,1,1,False,2025-02-21 21:00:00+00:00,2025-02-21 21:00:00+00:00,0.0,0.0026621653946063972,-1,2,0.41200485823221267,0.28030128541282706,31,False,,False,False,False,1,False,2025_H1,,,0.1370368289892653,0.3531985640221878,True,False,False,False,False,False,1,False
2025-02-24,2025-02-25,2025-02-27,2025,2025-02,0,-0.0167863687019774,1,1,1,False,2025-02-24 21:00:00+00:00,2025-02-24 21:00:00+00:00,0.0,0.0026756528086053777,1,3,1.0575575937571404,0.0,33,True,,False,False,False,1,False,2025_H1,,,0.0880217755558971,0.3538799543072338,True,False,False,False,False,False,1,False
2025-02-25,2025-02-26,2025-02-28,2025,2025-02,0,-0.0277956017260641,0,0,0,False,2025-02-25 21:00:00+00:00,2025-02-25 21:00:00+00:00,0.0,0.0027633859431230867,1,4,1.5047019890583908,0.0,33,False,,False,False,True,0,True,2025_H1,,,0.1836460775215791,-0.0186093453084095,True,False,False,False,False,False,0,True
2025-02-26,2025-02-27,2025-03-03,2025,2025-02,0,-0.0156701812462371,1,1,1,False,2025-02-26 21:00:00+00:00,2025-02-26 21:00:00+00:00,0.0,0.002660243003716811,1,6,1.1216225571495286,0.0,37,True,,False,False,False,1,False,2025_H1,,,-0.1034192497679084,0.0611050065870139,False,False,False,False,False,False,1,False
2025-02-27,2025-02-28,2025-03-04,2025,2025-02,1,0.0068754848025235,0,0,1,False,2025-02-27 21:00:00+00:00,2025-02-27 21:00:00+00:00,0.0,0.0027027249472855175,-1,2,0.8552665633795774,0.42305775500344833,38,True,,False,False,False,0,False,2025_H1,,,-0.5491884849465217,-0.6796271665091486,False,False,False,False,False,False,0,False
2025-02-28,2025-03-03,2025-03-05,2025,2025-03,1,0.0194846191212378,0,0,1,True,2025-02-28 21:00:00+00:00,2025-02-28 21:00:00+00:00,0.0,0.0028940803144879013,1,6,1.5278613707975384,0.0,30,False,,False,True,False,0,False,2025_H1,,,0.4184720969839155,0.3179078004717184,True,False,False,False,False,False,0,False
2025-03-03,2025-03-04,2025-03-06,2025,2025-03,1,0.0115774530130439,1,1,0,False,2025-03-03 21:00:00+00:00,2025-03-03 21:00:00+00:00,0.0,0.0029273380050516273,1,1,0.5089888460793549,0.0,32,True,,False,False,True,1,True,2025_H1,,,0.329711062714049,0.4490981592935298,True,False,False,False,False,False,1,True
2025-03-04,2025-03-05,2025-03-07,2025,2025-03,1,0.0023670273997429,0,1,0,False,2025-03-04 21:00:00+00:00,2025-03-04 21:00:00+00:00,0.0,0.002962824261412589,1,5,0.6983505179922198,0.057627039246069885,31,False,,False,False,True,1,True,2025_H1,,,,,,False,False,False,False,False,1,True
2025-03-05,2025-03-06,2025-03-10,2025,2025-03,0,-0.0053610218092385,0,1,1,False,2025-03-05 21:00:00+00:00,2025-03-05 21:00:00+00:00,0.0,0.0028748525457191754,1,7,1.809511034063171,0.5577122614937084,36,False,,False,False,False,1,False,2025_H1,,,,,,False,False,False,False,False,1,False
2025-03-06,2025-03-07,2025-03-11,2025,2025-03,1,0.0040584052539553,1,1,0,False,2025-03-06 21:00:00+00:00,2025-03-06 21:00:00+00:00,0.0,0.002881115257819644,1,10,1.906927632765818,0.6887901206674772,38,True,,False,False,True,1,True,2025_H1,,,0.3039154583794674,0.4297622000230601,True,False,False,False,False,False,1,True
2025-03-07,2025-03-10,2025-03-12,2025,2025-03,0,-0.0016803556705022,0,1,1,False,2025-03-07 21:00:00+00:00,2025-03-07 21:00:00+00:00,0.0,0.0028915800808171355,-1,6,1.5546143015471705,0.5219090764614066,42,False,,False,False,False,1,False,2025_H1,,,,,,False,False,False,False,False,1,False
2025-03-10,2025-03-11,2025-03-13,2025,2025-03,1,0.0145553516779191,0,1,0,False,2025-03-10 20:00:00+00:00,2025-03-10 20:00:00+00:00,0.0,0.0028309685498180137,-1,4,2.344659625764175,0.3297843983865316,44,False,,False,False,True,1,True,2025_H1,,,,,,False,False,False,False,False,1,True
2025-03-11,2025-03-12,2025-03-14,2025,2025-03,1,0.0292243414539535,1,1,0,False,2025-03-11 20:00:00+00:00,2025-03-11 20:00:00+00:00,0.0,0.0029097478579149794,1,18,3.2676443419927894,0.28207257866837143,39,True,,False,False,True,1,True,2025_H1,,,-0.1518955260199792,-0.0457763345732026,False,False,False,False,False,False,1,True
2025-03-12,2025-03-13,2025-03-17,2025,2025-03,1,0.0279387011661427,1,1,0,False,2025-03-12 20:00:00+00:00,2025-03-12 20:00:00+00:00,0.0,0.002768740039624351,1,41,5.798808070553106,0.07362854362622,34,True,,False,False,True,1,True,2025_H1,,,-0.2713853887841018,-0.1473744387997361,False,False,False,False,False,False,1,True
2025-03-13,2025-03-14,2025-03-18,2025,2025-03,1,0.0258296223774464,1,1,0,False,2025-03-13 20:00:00+00:00,2025-03-13 20:00:00+00:00,0.0,0.0027532326063437473,1,11,5.890342957743934,0.0,32,True,,False,False,True,1,True,2025_H1,,,-0.0035474699125939,0.1527017316187799,False,False,False,False,False,False,1,True
2025-03-14,2025-03-17,2025-03-19,2025,2025-03,1,0.0113195935082726,0,0,1,False,2025-03-14 20:00:00+00:00,2025-03-14 20:00:00+00:00,0.0,0.002689076120082401,-1,7,1.3664011509591347,0.21122650618668476,33,True,,False,False,False,0,False,2025_H1,,,0.2194126988624394,0.0721583136230733,True,False,False,False,False,False,0,False
2025-03-17,2025-03-18,2025-03-20,2025,2025-03,1,0.0099795758779841,1,1,0,False,2025-03-17 20:00:00+00:00,2025-03-17 20:00:00+00:00,0.0,0.002604733997626507,1,6,1.0076861026084085,0.0,33,True,,False,False,True,1,True,2025_H1,,,-0.2573254457175384,-0.1349522733408467,False,False,False,False,False,False,1,True
2025-03-18,2025-03-19,2025-03-21,2025,2025-03,1,0.003171983495517,1,1,0,False,2025-03-18 20:00:00+00:00,2025-03-18 20:00:00+00:00,0.0,0.0026736663151938345,1,29,5.120025439332465,0.2581463755853954,28,True,,False,False,True,1,True,2025_H1,,,-0.3952144144691492,-0.2391912626452558,False,False,False,False,False,False,1,True
2025-03-19,2025-03-20,2025-03-24,2025,2025-03,0,-0.0012367565578561,1,1,1,False,2025-03-19 20:00:00+00:00,2025-03-19 20:00:00+00:00,0.0,0.0024311488341504095,1,2,1.8619817590631311,0.0,32,True,,False,False,False,1,False,2025_H1,,,-0.1235102890219086,0.0399242029901958,False,False,False,False,False,False,1,False
2025-03-20,2025-03-21,2025-03-25,2025,2025-03,0,-0.0016039556646208,1,1,1,False,2025-03-20 20:00:00+00:00,2025-03-20 20:00:00+00:00,0.0,0.0024311488341504095,1,6,0.7553340886657399,0.0,31,True,,False,False,False,1,False,2025_H1,,,0.0191583255122102,0.1518796377135455,True,False,False,False,False,False,1,False
2025-03-21,2025-03-24,2025-03-26,2025,2025-03,0,-0.0031223437969853,0,0,0,True,2025-03-21 20:00:00+00:00,2025-03-21 20:00:00+00:00,0.0,0.0024063252979944494,1,6,1.3809592644094593,0.0,29,False,,False,True,True,0,True,2025_H1,,,0.3534931677575317,0.2256204358157706,True,False,False,False,False,False,0,True
2025-03-24,2025-03-25,2025-03-27,2025,2025-03,1,0.0070536880231245,0,0,1,False,2025-03-24 20:00:00+00:00,2025-03-24 20:00:00+00:00,0.0,0.002416528091834902,-1,6,1.7785514508359193,0.603851889616454,27,True,,False,False,False,0,False,2025_H1,,,0.159706628142822,0.0488653727755419,True,False,False,False,False,False,0,False
2025-03-25,2025-03-26,2025-03-28,2025,2025-03,1,0.0161040949005859,0,1,0,True,2025-03-25 20:00:00+00:00,2025-03-25 20:00:00+00:00,0.0,0.0023967104524413863,-1,5,0.39116654229629083,0.28961865344931564,27,False,,False,True,True,1,True,2025_H1,,,,,,False,False,False,False,False,1,True
2025-03-26,2025-03-27,2025-03-31,2025,2025-03,1,0.0320278757150185,0,0,1,True,2025-03-26 20:00:00+00:00,2025-03-26 20:00:00+00:00,0.0,0.0022249833929315344,-1,7,0.7073529173459503,0.7579889012477617,32,True,,False,True,False,0,False,2025_H1,,,0.0007992733892398,-0.1160283755455579,True,False,False,False,False,False,0,False
2025-03-27,2025-03-28,2025-04-01,2025,2025-03,1,0.0258133105917216,1,1,0,False,2025-03-27 20:00:00+00:00,2025-03-27 20:00:00+00:00,0.0,0.0023086005792452013,1,6,1.7465848182428219,0.028219541534458253,31,True,,False,False,True,1,True,2025_H1,,,0.0917380165408315,0.2240458771908858,True,False,False,False,False,False,1,True
2025-03-28,2025-03-31,2025-04-02,2025,2025-03,1,0.0182822218431202,1,1,0,False,2025-03-28 20:00:00+00:00,2025-03-28 20:00:00+00:00,0.0,0.0023086005792452013,1,0,0.07102562373602062,0.0,36,True,,False,False,True,1,True,2025_H1,,,-0.0941326672829046,0.1214510125852975,False,False,False,False,False,False,1,True
2025-03-31,2025-04-01,2025-04-03,2025,2025-04,1,0.0025446731664924,1,1,0,False,2025-03-31 20:00:00+00:00,2025-03-31 20:00:00+00:00,0.0,0.002261528505670185,1,2,0.4729254695787642,0.0,44,True,,False,False,True,1,True,2025_H1,,,-0.2208053932639062,-0.0949372896564939,False,False,False,False,False,False,1,True
2025-04-01,2025-04-02,2025-04-04,2025,2025-04,0,-0.01324394940771,0,0,0,False,2025-04-01 20:00:00+00:00,2025-04-01 20:00:00+00:00,0.0,0.002261528505670185,1,3,0.7153926710511975,0.3369165469296349,47,False,,False,False,True,0,True,2025_H1,,,0.3634307046384964,0.249388559553827,True,False,False,False,False,False,0,True
2025-04-02,2025-04-03,2025-04-07,2025,2025-04,0,-0.033145919326773,1,0,0,False,2025-04-02 20:00:00+00:00,2025-04-02 20:00:00+00:00,0.0,0.0022028879542941304,1,0,2.901254817327557,0.0,48,False,,False,False,True,0,True,2025_H1,,,,,,False,False,False,False,False,0,True
2025-04-03,2025-04-04,2025-04-08,2025,2025-04,0,-0.0409298915865586,0,0,0,True,2025-04-03 20:00:00+00:00,2025-04-03 20:00:00+00:00,0.0,0.0022838501933177824,1,0,0.5375192461864661,0.0,48,False,,False,True,True,0,True,2025_H1,,,0.0770720909576347,0.0590699469984481,True,False,False,False,False,False,0,True
2025-04-04,2025-04-07,2025-04-09,2025,2025-04,0,-0.0148657994348753,0,0,0,False,2025-04-04 20:00:00+00:00,2025-04-04 20:00:00+00:00,0.0,0.0023305749274413756,1,4,1.4064237534978052,0.21054942298738535,52,False,,False,False,True,0,True,2025_H1,,,0.0939080203067453,0.0917146048780195,True,False,False,False,False,False,0,True
2025-04-07,2025-04-08,2025-04-10,2025,2025-04,1,0.0266008264204868,0,0,1,False,2025-04-07 20:00:00+00:00,2025-04-07 20:00:00+00:00,0.0,0.0024007971268193984,1,1,1.5216912255850232,0.0,56,False,,False,False,False,0,False,2025_H1,,,0.1814421689476452,0.3968690361434199,True,False,False,False,False,False,0,False
2025-04-08,2025-04-09,2025-04-11,2025,2025-04,1,0.0679265956870164,0,0,1,False,2025-04-08 20:00:00+00:00,2025-04-08 20:00:00+00:00,0.0,0.002484698571860733,-1,5,2.5148754260408035,0.0,60,True,,False,False,False,0,False,2025_H1,,,-0.2141847446398441,-0.1801580093928337,False,False,False,False,False,False,0,False
2025-04-09,2025-04-10,2025-04-14,2025,2025-04,1,0.0561808283979437,1,1,0,False,2025-04-09 20:00:00+00:00,2025-04-09 20:00:00+00:00,0.0,0.002701189037304097,-1,0,0.28760184574900005,0.0,53,False,,False,False,True,1,True,2025_H1,,,1.036132793898765,1.1644717802331308,True,False,False,False,False,False,1,True
2025-04-10,2025-04-11,2025-04-15,2025,2025-04,1,0.0381163918501938,1,1,0,False,2025-04-10 20:00:00+00:00,2025-04-10 20:00:00+00:00,0.0,0.0028718315588696086,1,11,6.983363682864343,0.0,50,True,,False,False,True,1,True,2025_H1,,,-0.3409256103072879,-0.2182684181841517,False,False,False,False,False,False,1,True
2025-04-11,2025-04-14,2025-04-16,2025,2025-04,1,0.0278164341082509,1,1,0,False,2025-04-11 20:00:00+00:00,2025-04-11 20:00:00+00:00,0.0,0.0029509437509247505,1,3,0.460713828157362,0.0,56,True,,False,False,True,1,True,2025_H1,,,-0.0133248598522066,0.0745907566229959,False,False,False,False,False,False,1,True
2025-04-17,2025-04-22,2025-04-24,2025,2025-04,1,0.002013403330639,1,1,0,False,2025-04-17 20:00:00+00:00,2025-04-17 20:00:00+00:00,0.0,0.003338200739172237,1,4,2.344794566774439,0.0,46,True,,False,False,True,1,True,2025_H1,,,-0.4290093667379768,-0.0848854693855326,False,False,False,False,False,False,1,True
2025-04-22,2025-04-23,2025-04-25,2025,2025-04,0,-0.0460101433950713,0,0,0,False,2025-04-22 20:00:00+00:00,2025-04-22 20:00:00+00:00,0.0,0.00384753790224579,-1,14,7.750870073921994,0.337354191112597,29,True,,False,False,True,0,True,2025_H1,,,0.2308600279184733,0.2602060532295763,True,False,False,False,False,False,0,True
2025-04-23,2025-04-24,2025-04-28,2025,2025-04,0,-0.0163960415067259,0,0,0,False,2025-04-23 20:00:00+00:00,2025-04-23 20:00:00+00:00,0.0,0.0043152539710265,1,4,0.35627802114965645,0.40675489086247096,30,False,,False,False,True,0,True,2025_H1,,,0.3826356689653653,0.2428014944005592,True,False,False,False,False,False,0,True
2025-04-24,2025-04-25,2025-04-29,2025,2025-04,0,-0.0048450290384238,1,1,1,False,2025-04-24 20:00:00+00:00,2025-04-24 20:00:00+00:00,0.0,0.0044884727223539755,1,4,1.318632389943037,0.0,30,True,,False,False,False,1,False,2025_H1,,,-0.0342145676815521,0.2081324470649962,False,False,False,False,False,False,1,False
2025-04-25,2025-04-28,2025-04-30,2025,2025-04,0,-0.004571939946801,1,1,1,False,2025-04-25 20:00:00+00:00,2025-04-25 20:00:00+00:00,0.0,0.004796159478789974,1,3,1.6462964581656805,0.0,25,True,,False,False,False,1,False,2025_H1,,,0.0107910543543377,0.3210558526321118,True,False,False,False,False,False,1,False
2025-04-28,2025-04-29,2025-05-01,2025,2025-04,0,-0.0162662709558753,1,1,1,False,2025-04-28 20:00:00+00:00,2025-04-28 20:00:00+00:00,0.0,0.004958226541257993,1,9,3.739756768527856,0.46237787363189037,25,True,,False,False,False,1,False,2025_H1,,,-0.1083974472999555,0.1797032612380281,False,False,False,False,False,False,1,False
2025-04-29,2025-04-30,2025-05-02,2025,2025-04,0,-0.0157801997519384,1,0,0,True,2025-04-29 20:00:00+00:00,2025-04-29 20:00:00+00:00,0.0,0.004853066749414658,1,4,0.3621082323057784,0.7108878260025641,24,False,,False,True,True,0,True,2025_H1,,,,,,False,False,False,False,False,0,True
2025-04-30,2025-05-01,2025-05-06,2025,2025-05,1,0.0279378388914074,1,1,0,False,2025-04-30 20:00:00+00:00,2025-04-30 20:00:00+00:00,0.0,0.004853066749414658,-1,0,0.37568419251511154,0.0,24,False,,False,False,True,1,True,2025_H1,,,0.3881744893457843,0.4776358986325302,True,False,False,False,False,False,1,True
2025-05-01,2025-05-02,2025-05-07,2025,2025-05,1,0.0454520405091963,1,1,0,False,2025-05-01 20:00:00+00:00,2025-05-01 20:00:00+00:00,0.0,0.004958226541257993,1,8,1.1974720001723778,0.0,25,True,,False,False,True,1,True,2025_H1,,,-0.5701009471787382,-0.3813824129246616,False,False,False,False,False,False,1,True
2025-05-02,2025-05-06,2025-05-08,2025,2025-05,1,0.0236377532691481,0,0,1,False,2025-05-02 20:00:00+00:00,2025-05-02 20:00:00+00:00,0.0,0.005274280916380825,-1,5,1.3958597274743572,0.9012613312139097,23,True,,False,False,False,0,False,2025_H1,,,0.0441415522300214,0.0812802644887885,True,False,False,False,False,False,0,False
2025-05-06,2025-05-07,2025-05-09,2025,2025-05,0,-0.0157871314273372,1,1,1,False,2025-05-06 20:00:00+00:00,2025-05-06 20:00:00+00:00,0.0,0.005502865488365316,1,11,2.998315764505973,0.0,24,True,,False,False,False,1,False,2025_H1,,,-0.0689154004703741,0.3768109309039049,False,False,False,False,False,False,1,False
2025-05-07,2025-05-08,2025-05-12,2025,2025-05,0,-0.046429034701683,0,0,0,False,2025-05-07 20:00:00+00:00,2025-05-07 20:00:00+00:00,0.0,0.005233064705153723,-1,1,0.6810506922902212,0.0,27,True,,False,False,True,0,True,2025_H1,,,-0.2903892937962587,-0.3330830768717834,False,False,False,False,False,False,0,True
2025-05-08,2025-05-09,2025-05-13,2025,2025-05,0,-0.0263843543528826,0,0,0,False,2025-05-08 20:00:00+00:00,2025-05-08 20:00:00+00:00,0.0,0.005468786679131199,-1,5,1.8499881363673163,0.0,27,True,,False,False,True,0,True,2025_H1,,,0.3995055806215095,0.5894213900961539,True,False,False,False,False,False,0,True
2025-05-09,2025-05-12,2025-05-14,2025,2025-05,0,-0.0285280352541475,0,0,0,False,2025-05-09 20:00:00+00:00,2025-05-09 20:00:00+00:00,0.0,0.005115768794233588,-1,0,0.24084616978958706,0.0,30,True,,False,False,True,0,True,2025_H1,0.9098360655737704,6.0,0.4199517861761462,0.3032635014599177,True,True,False,True,False,True,1,False
2025-05-12,2025-05-13,2025-05-15,2025,2025-05,0,-0.0160311224160857,1,0,0,False,2025-05-12 20:00:00+00:00,2025-05-12 20:00:00+00:00,0.0,0.005105135946003259,-1,3,0.05329869008304873,0.8841827363847115,28,False,,False,False,True,0,True,2025_H1,,,,,,False,False,False,False,False,0,True
2025-05-13,2025-05-14,2025-05-16,2025,2025-05,0,-0.013629226387542,0,0,0,False,2025-05-13 20:00:00+00:00,2025-05-13 20:00:00+00:00,0.0,0.005142369483975173,1,5,0.5640830021071361,0.21499414470878683,29,False,,False,False,True,0,True,2025_H1,0.4758064516129032,2.0,0.2845517893961835,0.1539141495889382,True,False,False,False,False,False,0,True
2025-05-14,2025-05-15,2025-05-19,2025,2025-05,1,0.0025038652957668,0,0,1,False,2025-05-14 20:00:00+00:00,2025-05-14 20:00:00+00:00,0.0,0.005213670124678771,-1,18,3.9008743484278106,0.2775824295763689,28,True,,False,False,False,0,False,2025_H1,0.1031746031746031,2.0,0.0524448986370927,-0.0173800794233149,True,False,False,False,False,False,0,False
2025-05-15,2025-05-16,2025-05-20,2025,2025-05,1,0.0209374555338376,1,1,0,False,2025-05-15 20:00:00+00:00,2025-05-15 20:00:00+00:00,0.0,0.005502865488365316,1,14,5.373505281715054,0.0,23,True,,False,False,True,1,True,2025_H1,0.109375,1.0,-0.0776759774212909,0.1235744160439205,False,False,False,False,False,False,1,True
2025-05-16,2025-05-19,2025-05-21,2025,2025-05,1,0.0307372018931267,1,0,1,False,2025-05-16 20:00:00+00:00,2025-05-16 20:00:00+00:00,0.0,0.005411136545745876,1,7,1.3090683190326071,0.0,24,False,,False,False,False,0,False,2025_H1,,,,,,False,False,False,False,False,0,False
2025-05-19,2025-05-20,2025-05-22,2025,2025-05,1,0.0204286739741992,0,0,1,False,2025-05-19 20:00:00+00:00,2025-05-19 20:00:00+00:00,0.0,0.005502865488365316,-1,3,0.07185879426420812,0.1968866061164517,26,True,,False,False,False,0,False,2025_H1,0.5307692307692308,2.0,0.0029684547396272,-0.0250896960306026,True,False,False,False,False,False,0,False
2025-05-20,2025-05-21,2025-05-23,2025,2025-05,1,0.0279075132964067,1,1,0,False,2025-05-20 20:00:00+00:00,2025-05-20 20:00:00+00:00,0.0,0.0055205153917681216,1,12,3.861349381174561,0.23091321582744886,25,True,,False,False,True,1,True,2025_H1,0.106060606060606,0.0,-0.2859913984381763,0.0099039944855724,False,False,False,False,False,False,1,True
2025-05-21,2025-05-22,2025-05-27,2025,2025-05,0,-0.0043899555817868,1,0,0,False,2025-05-21 20:00:00+00:00,2025-05-21 20:00:00+00:00,0.0,0.005105135946003259,-1,8,0.04056262225718335,0.7278015583669224,23,False,,False,False,True,0,True,2025_H1,,,,,,False,False,False,False,False,0,True
2025-05-22,2025-05-23,2025-05-28,2025,2025-05,1,0.0047528965151216,0,0,1,False,2025-05-22 20:00:00+00:00,2025-05-22 20:00:00+00:00,0.0,0.004877142470678386,-1,7,0.7021469240263521,0.510894346196993,25,True,,False,False,False,0,False,2025_H1,0.5746268656716418,3.0,0.0157436762624403,-0.0282046704431094,True,False,False,False,False,False,0,False
2025-05-23,2025-05-27,2025-05-29,2025,2025-05,0,-0.0154943332768002,1,1,1,False,2025-05-23 20:00:00+00:00,2025-05-23 20:00:00+00:00,0.0,0.004991644014168628,1,6,0.36282994575866284,0.31597436107132404,22,True,,False,False,False,1,False,2025_H1,0.4705882352941176,0.0,-0.221360163691287,-0.1207304513404886,False,False,False,False,False,False,1,False
2025-05-27,2025-05-28,2025-05-30,2025,2025-05,0,-0.0006677492546236,0,0,0,False,2025-05-27 20:00:00+00:00,2025-05-27 20:00:00+00:00,0.0,0.004629762428606021,1,1,0.055427577772427294,0.20936288633717023,22,False,,False,False,True,0,True,2025_H1,0.8985507246376812,6.0,0.1176824542100587,0.0547678140214313,True,True,False,True,False,True,1,False
2025-05-28,2025-05-29,2025-06-02,2025,2025-05,1,0.0070349410769572,0,0,1,False,2025-05-28 20:00:00+00:00,2025-05-28 20:00:00+00:00,0.0,0.004696330780083358,-1,7,1.5071323315908465,0.0,21,True,,False,False,False,0,False,2025_H1,0.3142857142857143,0.0,0.0780216054414785,0.0590861165285311,True,False,False,False,False,False,0,False
2025-05-29,2025-05-30,2025-06-03,2025,2025-05,1,0.0238971158485419,1,1,0,False,2025-05-29 20:00:00+00:00,2025-05-29 20:00:00+00:00,0.0,0.004877142470678386,1,17,4.812146765337261,0.3922004196564113,21,True,,False,False,True,1,True,2025_H1,0.647887323943662,4.0,-0.1451388208055645,-0.0373985710143849,False,False,False,False,False,False,1,True
2025-05-30,2025-06-02,2025-06-04,2025,2025-06,1,0.0208971572700646,0,0,1,True,2025-05-30 20:00:00+00:00,2025-05-30 20:00:00+00:00,0.0,0.004742674115012946,1,4,0.15311012750301728,0.3560836705401549,22,False,,False,True,False,0,False,2025_H1,0.6805555555555556,4.0,-0.0049386078145706,-0.1004882985892771,False,False,False,False,False,False,0,False
2025-06-02,2025-06-03,2025-06-05,2025,2025-06,1,0.012034554742236,1,1,0,False,2025-06-02 20:00:00+00:00,2025-06-02 20:00:00+00:00,0.0,0.004809873313383228,1,27,5.55977501238362,0.0,18,True,,False,False,True,1,True,2025_H1,0.1027397260273972,0.0,-0.1792164260557465,-0.0991104901341063,False,False,False,False,False,False,1,True
2025-06-03,2025-06-04,2025-06-06,2025,2025-06,0,-0.0006404289603409,0,1,1,False,2025-06-03 20:00:00+00:00,2025-06-03 20:00:00+00:00,0.0,0.004588004172537019,-1,19,1.8525557634256216,0.4199423505082265,18,False,,False,False,False,1,False,2025_H1,,,,,,False,False,False,False,False,1,False
2025-06-04,2025-06-05,2025-06-09,2025,2025-06,0,-0.0135612549953453,1,1,1,False,2025-06-04 20:00:00+00:00,2025-06-04 20:00:00+00:00,0.0,0.004299299924069189,1,6,1.2798966654094293,0.4309204861002006,19,True,,False,False,False,1,False,2025_H1,0.6554054054054055,4.0,0.0082493583908585,0.0911432868266019,True,False,False,False,False,False,1,False
2025-06-05,2025-06-06,2025-06-10,2025,2025-06,0,-0.0172647940826273,0,0,0,False,2025-06-05 20:00:00+00:00,2025-06-05 20:00:00+00:00,0.0,0.004346583252927694,-1,8,2.7937558942390393,0.5458103044715155,21,True,,False,False,True,0,True,2025_H1,0.7333333333333334,3.0,0.3540909249405728,0.3268624970025284,True,False,False,False,False,False,0,True
2025-06-06,2025-06-09,2025-06-11,2025,2025-06,0,-0.0053629043332633,0,0,0,False,2025-06-06 20:00:00+00:00,2025-06-06 20:00:00+00:00,0.0,0.0041799398006965305,-1,11,3.644578597069002,0.0,20,True,,False,False,True,0,True,2025_H1,0.1710526315789473,1.0,0.274724381776854,0.2542668671160176,True,False,False,False,False,False,0,True
2025-06-09,2025-06-10,2025-06-12,2025,2025-06,1,0.0127729809028731,1,1,0,False,2025-06-09 20:00:00+00:00,2025-06-09 20:00:00+00:00,0.0,0.004208568361934617,1,17,2.0547678149937028,0.8292297025012191,17,True,,False,False,True,1,True,2025_H1,0.487012987012987,3.0,-0.1227293020691485,-0.0391263013866838,False,False,False,False,False,False,1,True
2025-06-10,2025-06-11,2025-06-13,2025,2025-06,1,0.0274326797376551,0,1,0,False,2025-06-10 20:00:00+00:00,2025-06-10 20:00:00+00:00,0.0,0.004207171512708108,-1,6,0.5948323379348679,0.19194237937687164,18,False,,False,False,True,1,True,2025_H1,,,,,,False,False,False,False,False,1,True
2025-06-11,2025-06-12,2025-06-16,2025,2025-06,1,0.0234489827422115,1,1,0,False,2025-06-11 20:00:00+00:00,2025-06-11 20:00:00+00:00,0.0,0.00412551152311913,1,2,1.2722930489592876,0.0,20,True,,False,False,True,1,True,2025_H1,0.8269230769230769,5.0,-0.3299036571795517,-0.3251898726447826,False,False,False,False,False,False,1,True
2025-06-12,2025-06-13,2025-06-17,2025,2025-06,1,0.0059635245717362,1,1,0,False,2025-06-12 20:00:00+00:00,2025-06-12 20:00:00+00:00,0.0,0.004132103415842359,1,11,2.298494655245021,0.4542714363071792,21,True,0.639344262295082,False,False,True,1,True,2025_H1,0.5253164556962024,2.0,-0.0953615232672961,-0.0536803453659857,False,False,False,False,False,False,1,True
2025-06-13,2025-06-16,2025-06-18,2025,2025-06,0,-0.0114239908601214,1,0,0,False,2025-06-13 20:00:00+00:00,2025-06-13 20:00:00+00:00,0.0,0.00394390879703721,1,8,0.6258640489477205,0.36692946103556656,22,False,0.1774193548387097,False,False,True,0,True,2025_H1,,,,,,False,False,False,False,False,0,True
2025-06-16,2025-06-17,2025-06-19,2025,2025-06,0,-0.0138044989847901,0,0,0,False,2025-06-16 20:00:00+00:00,2025-06-16 20:00:00+00:00,0.0,0.003773647974067984,-1,2,0.6225888341948372,0.10901181840941754,24,True,0.1774193548387097,False,False,True,0,True,2025_H1,0.49375,1.0,0.1315788337666326,0.1302014734569775,True,False,False,False,False,False,0,True
2025-06-17,2025-06-18,2025-06-20,2025,2025-06,0,-0.0075419393374653,1,0,0,False,2025-06-17 20:00:00+00:00,2025-06-17 20:00:00+00:00,0.0,0.003559108078538209,-1,6,0.5831780311836109,0.7102358723631913,29,False,0.1746031746031746,False,False,True,0,True,2025_H1,,,,,,False,False,False,False,False,0,True
2025-06-18,2025-06-19,2025-06-23,2025,2025-06,0,-0.0054416052785622,0,0,0,True,2025-06-18 20:00:00+00:00,2025-06-18 20:00:00+00:00,0.0,0.003414871889127369,-1,2,1.223306069715308,0.17295381890770256,28,True,0.36507936507936506,False,True,True,0,True,2025_H1,0.3518518518518518,0.0,0.2835815658588644,0.2817800160897383,True,False,False,False,False,False,0,True
2025-06-19,2025-06-20,2025-06-24,2025,2025-06,0,-0.0152320974299719,1,1,1,False,2025-06-19 20:00:00+00:00,2025-06-19 18:00:00+00:00,2.0,0.0033167758912027168,1,10,0.6399740787644479,0.4002594597628883,26,True,0.1875,False,False,False,1,False,2025_H1,0.5365853658536586,2.0,,,,False,False,False,False,False,1,False
2025-06-20,2025-06-23,2025-06-25,2025,2025-06,0,-0.0098090654787751,1,1,1,False,2025-06-20 20:00:00+00:00,2025-06-20 20:00:00+00:00,0.0,0.0031072774028872985,1,7,1.6326732630788536,0.3136512452175141,32,True,0.47692307692307695,False,False,False,1,False,2025_H1,0.7289156626506024,4.0,0.0960649160375095,0.0671029548185082,True,False,False,False,False,False,1,False
2025-06-23,2025-06-24,2025-06-26,2025,2025-06,0,-0.0068027473227525,1,1,1,False,2025-06-23 20:00:00+00:00,2025-06-23 20:00:00+00:00,0.0,0.0030073052350507723,-1,2,1.076461983582529,0.0,38,False,0.3333333333333333,False,False,False,1,False,2025_H1,0.5357142857142857,3.0,0.1881772909517935,0.2164520483460609,True,False,False,False,False,False,1,False
2025-06-24,2025-06-25,2025-06-27,2025,2025-06,0,-0.0100670721151231,0,0,0,True,2025-06-24 20:00:00+00:00,2025-06-24 20:00:00+00:00,0.0,0.0031048621440099566,1,5,1.2168366284033727,0.0,35,False,0.36363636363636365,False,True,True,0,True,2025_H1,0.5,2.0,-0.1490973757442882,-0.1691552278211304,False,False,False,False,False,False,0,True
2025-06-25,2025-06-26,2025-06-30,2025,2025-06,0,-0.0136827572386252,1,0,0,False,2025-06-25 20:00:00+00:00,2025-06-25 20:00:00+00:00,0.0,0.0030476467448963263,1,5,1.005079682469214,0.2156631969704049,36,False,0.30303030303030304,False,False,True,0,True,2025_H1,,,,,,False,False,False,False,False,0,True
2025-06-26,2025-06-27,2025-07-01,2025,2025-06,1,0.0008827908733144,0,0,1,False,2025-06-26 20:00:00+00:00,2025-06-26 20:00:00+00:00,0.0,0.0027898001118007443,1,4,0.7930200427863278,0.5680520516709445,35,False,0.2727272727272727,False,False,False,0,False,2025_H1,0.4767441860465116,0.0,-0.2395639987022103,-0.2871912740236013,False,False,False,False,False,False,0,False
2025-06-27,2025-06-30,2025-07-02,2025,2025-06,1,0.0157745072538324,0,0,1,True,2025-06-27 20:00:00+00:00,2025-06-27 20:00:00+00:00,0.0,0.002773620618146566,-1,22,6.136814153786945,0.5270298248855572,34,True,0.9393939393939394,True,True,False,1,True,2025_H1,0.6954022988505747,4.0,-0.0520201267398542,-0.0388844694030374,False,False,True,False,False,True,1,True
2025-06-30,2025-07-01,2025-07-03,2025,2025-07,1,0.0219556897411934,1,1,0,False,2025-06-30 20:00:00+00:00,2025-06-30 20:00:00+00:00,0.0,0.0027827521034229363,1,6,2.4034705130084624,0.5957233340214003,34,True,0.6716417910447762,False,False,True,1,True,2025_H2,0.5795454545454546,2.0,0.171229466567281,0.2102693404582065,True,False,False,False,False,False,1,True
2025-07-01,2025-07-02,2025-07-04,2025,2025-07,0,-0.0028306780323148,0,1,1,True,2025-07-01 20:00:00+00:00,2025-07-01 20:00:00+00:00,0.0,0.002773620618146566,-1,5,0.8251945127994468,0.03226851401079149,30,False,0.2647058823529412,False,True,False,1,False,2025_H2,,,,,,False,False,False,False,False,1,False
2025-07-02,2025-07-03,2025-07-07,2025,2025-07,0,-0.0097826049169539,1,1,1,False,2025-07-02 20:00:00+00:00,2025-07-02 20:00:00+00:00,0.0,0.0027039962270913875,1,4,1.3236712974176736,0.0,29,True,0.4117647058823529,False,False,False,1,False,2025_H2,0.3202247191011236,1.0,-0.0140579192409829,0.0303616455155387,False,False,False,False,False,False,1,False
2025-07-03,2025-07-04,2025-07-08,2025,2025-07,0,-0.008318081607495,0,0,0,False,2025-07-03 20:00:00+00:00,2025-07-03 17:00:00+00:00,3.0,0.002716240731559516,1,1,0.13569429801307353,0.13215461869183306,28,False,0.043478260869565216,False,False,True,0,True,2025_H2,,,-0.0197307095759626,0.0680740824866791,False,False,False,False,False,False,0,True
2025-07-07,2025-07-08,2025-07-10,2025,2025-07,1,0.0060464143316681,1,1,0,False,2025-07-07 20:00:00+00:00,2025-07-07 20:00:00+00:00,0.0,0.0027137744922463014,1,7,3.0070765771832413,0.07709428278198942,25,True,0.7246376811594203,False,False,True,1,True,2025_H2,0.2833333333333333,2.0,-0.0676090936914328,2.392654969292396e-05,False,False,False,False,False,False,1,True
2025-07-08,2025-07-09,2025-07-11,2025,2025-07,1,0.0041452081642936,0,0,1,True,2025-07-08 20:00:00+00:00,2025-07-08 20:00:00+00:00,0.0,0.0027039962270913875,1,3,0.11725709672670893,0.4576781490537354,23,False,0.04285714285714286,False,True,False,0,False,2025_H2,0.7692307692307692,4.0,-0.0896233757882934,-0.1167441810169976,False,False,False,False,False,False,0,False
2025-07-09,2025-07-10,2025-07-14,2025,2025-07,1,0.0227022799495893,1,1,0,False,2025-07-09 20:00:00+00:00,2025-07-09 20:00:00+00:00,0.0,0.0027137744922463014,1,8,2.5083456113797977,0.19958501075836596,26,True,0.6714285714285714,False,False,True,1,True,2025_H2,0.5652173913043479,3.0,0.1122990431591029,0.1137876206986681,True,False,False,False,False,False,1,True
2025-07-10,2025-07-11,2025-07-15,2025,2025-07,1,0.0100067396475669,0,1,0,False,2025-07-10 20:00:00+00:00,2025-07-10 20:00:00+00:00,0.0,0.0026078255520962657,1,1,0.37112002901026414,0.11503261894078287,25,False,0.11267605633802817,False,False,True,1,True,2025_H2,,,,,,False,False,False,False,False,1,True
2025-07-11,2025-07-14,2025-07-16,2025,2025-07,1,0.0010036777389461,1,1,0,False,2025-07-11 20:00:00+00:00,2025-07-11 20:00:00+00:00,0.0,0.00266058280794379,1,10,2.581221068900951,0.434628896018868,23,True,0.6901408450704225,False,False,True,1,True,2025_H2,0.2741935483870967,0.0,-0.0588550938488898,-0.0261022212654943,False,False,False,False,False,False,1,True
2025-07-14,2025-07-15,2025-07-17,2025,2025-07,0,-0.0102348921556731,0,0,0,True,2025-07-14 20:00:00+00:00,2025-07-14 20:00:00+00:00,0.0,0.002646782159709815,-1,8,2.5683411296908347,0.11272743109736016,23,True,0.6805555555555556,False,True,True,0,True,2025_H2,0.2872340425531915,1.0,-0.0392589311884453,-0.0690295009556403,False,False,False,False,False,False,0,True
2025-07-15,2025-07-16,2025-07-18,2025,2025-07,0,-0.0023543096210733,0,0,0,False,2025-07-15 20:00:00+00:00,2025-07-15 20:00:00+00:00,0.0,0.0026635364200000566,-1,9,3.7494888834251516,0.0,23,True,0.7945205479452054,False,False,True,0,True,2025_H2,0.1526315789473684,0.0,0.2976317677860933,0.253927741976264,True,False,False,False,False,False,0,True
2025-07-16,2025-07-17,2025-07-21,2025,2025-07,1,0.006923334129971,1,1,0,False,2025-07-16 20:00:00+00:00,2025-07-16 20:00:00+00:00,0.0,0.00266058280794379,1,6,2.1658654559956974,0.8842162044558752,25,True,0.5945945945945946,False,False,True,1,True,2025_H2,0.5572916666666666,3.0,-0.0600834053632027,-0.0204623779423861,False,False,False,False,False,False,1,True
2025-07-17,2025-07-18,2025-07-22,2025,2025-07,1,0.0167690715569092,1,1,0,False,2025-07-17 20:00:00+00:00,2025-07-17 20:00:00+00:00,0.0,0.002688435373001674,1,6,2.0366309990857454,0.0,25,True,0.5733333333333334,False,False,True,1,True,2025_H2,0.5567010309278351,2.0,-0.1668100576307155,-0.116525153474021,False,False,False,False,False,False,1,True
2025-07-18,2025-07-21,2025-07-23,2025,2025-07,1,0.0231661482430736,1,1,0,False,2025-07-18 20:00:00+00:00,2025-07-18 20:00:00+00:00,0.0,0.0027039962270913875,-1,2,0.3867247933408782,0.1653579286314826,24,False,0.10526315789473684,False,False,True,1,True,2025_H2,0.8367346938775511,6.0,0.0647631427896262,0.1118559671511541,True,False,False,False,False,False,1,True
2025-07-21,2025-07-22,2025-07-24,2025,2025-07,0,-0.0003123071342947,1,1,1,False,2025-07-21 20:00:00+00:00,2025-07-21 20:00:00+00:00,0.0,0.002733513743963023,1,16,5.454355454880586,0.36453245000622364,24,True,0.8947368421052632,False,False,False,1,False,2025_H2,0.1919191919191919,0.0,-0.1569742569736843,-0.0937776308843403,False,False,False,False,False,False,1,False
2025-07-22,2025-07-23,2025-07-25,2025,2025-07,0,-0.0115862381634523,1,1,1,False,2025-07-22 20:00:00+00:00,2025-07-22 20:00:00+00:00,0.0,0.0027269096312352303,1,8,4.359395716072392,0.24482636663899154,24,True,0.8311688311688312,False,False,False,1,False,2025_H2,0.19,2.0,0.2624785842245911,0.2735732746305057,True,False,False,False,False,False,1,False
2025-07-23,2025-07-24,2025-07-28,2025,2025-07,0,-0.0271722524378878,0,0,0,False,2025-07-23 20:00:00+00:00,2025-07-23 20:00:00+00:00,0.0,0.0027039962270913875,-1,8,4.1902800079209594,0.14153935813444143,24,True,0.8205128205128205,False,False,True,0,True,2025_H2,0.2920792079207921,1.0,0.3471036865916396,0.3021637679059606,True,False,False,False,False,False,0,True
2025-07-24,2025-07-25,2025-07-29,2025,2025-07,0,-0.0109325030205784,0,0,0,True,2025-07-24 20:00:00+00:00,2025-07-24 20:00:00+00:00,0.0,0.0026690835533669244,1,7,1.269653933300576,0.7105618320999514,22,False,0.31645569620253167,False,True,True,0,True,2025_H2,0.7156862745098038,5.0,-0.0152570107286728,-0.0283124606183988,False,False,False,False,False,False,0,True
2025-07-25,2025-07-28,2025-07-30,2025,2025-07,0,-0.0044622208416309,1,1,1,False,2025-07-25 20:00:00+00:00,2025-07-25 20:00:00+00:00,0.0,0.00273252367855914,1,2,0.2842467104018486,0.1534233239639598,22,True,0.08860759493670886,False,False,False,1,False,2025_H2,0.9757281553398058,6.0,0.0362819001676483,0.0411106709977788,True,False,False,False,False,False,1,False
2025-07-28,2025-07-29,2025-07-31,2025,2025-07,0,-0.0094507851657965,0,0,0,True,2025-07-28 20:00:00+00:00,2025-07-28 20:00:00+00:00,0.0,0.002735536125511473,1,5,0.7457117609119716,0.27566478543988454,22,False,0.2125,False,True,True,0,True,2025_H2,0.5817307692307692,2.0,-0.0205620141966856,-0.0268581339888535,False,False,False,False,False,False,0,True
2025-07-29,2025-07-30,2025-08-01,2025,2025-07,0,-0.0090938556275445,1,1,1,False,2025-07-29 20:00:00+00:00,2025-07-29 20:00:00+00:00,0.0,0.0025754503210810853,1,6,0.4970871281474908,0.10506368007340491,22,True,0.1375,False,False,False,1,False,2025_H2,0.7380952380952381,3.0,-0.1724040884315117,-0.1695917509294137,False,False,False,False,False,False,1,False
2025-07-30,2025-07-31,2025-08-04,2025,2025-07,1,0.0081755116652186,0,0,1,False,2025-07-30 20:00:00+00:00,2025-07-30 20:00:00+00:00,0.0,0.002600251770168427,-1,2,2.778400323510646,0.670820658188809,23,True,0.6790123456790124,False,False,False,0,False,2025_H2,0.0943396226415094,0.0,0.2807514296263538,0.1884835976732946,True,False,False,False,False,False,0,False
2025-07-31,2025-08-01,2025-08-05,2025,2025-08,1,0.0169268139871317,0,0,1,False,2025-07-31 20:00:00+00:00,2025-07-31 20:00:00+00:00,0.0,0.002600251770168427,-1,6,1.0770212135731307,0.0,25,True,0.2926829268292683,False,False,False,0,False,2025_H2,0.3130841121495327,0.0,-0.2184847105711844,-0.246877913724387,False,False,False,False,False,False,0,False
2025-08-01,2025-08-04,2025-08-06,2025,2025-08,1,0.0203684042327494,1,1,0,False,2025-08-01 20:00:00+00:00,2025-08-01 20:00:00+00:00,0.0,0.002642558016198393,1,10,7.774960999490648,0.0,25,True,0.9879518072289156,False,False,True,1,True,2025_H2,0.0601851851851851,0.0,-0.0780897512509527,-0.1198300307079124,False,False,False,False,False,False,1,True
2025-08-04,2025-08-05,2025-08-07,2025,2025-08,1,0.0050185702955709,1,1,0,False,2025-08-04 20:00:00+00:00,2025-08-04 20:00:00+00:00,0.0,0.002620308880611155,-1,6,0.3682110208023615,0.43436890328475314,26,False,0.10714285714285714,False,False,True,1,True,2025_H2,0.6697247706422018,4.0,0.0158941077128843,0.0409979047008952,True,False,False,False,False,False,1,True
2025-08-05,2025-08-06,2025-08-08,2025,2025-08,1,0.0100143581008314,1,1,0,False,2025-08-05 20:00:00+00:00,2025-08-05 20:00:00+00:00,0.0,0.0025754503210810853,-1,3,0.18559362682952882,0.16959232028001778,28,False,0.047619047619047616,False,False,True,1,True,2025_H2,0.3,1.0,-0.0373335368383318,0.0294584035770847,False,False,False,False,False,False,1,True
2025-08-06,2025-08-07,2025-08-11,2025,2025-08,0,-0.0013688848703449,1,1,1,False,2025-08-06 20:00:00+00:00,2025-08-06 20:00:00+00:00,0.0,0.0024918697445910354,1,8,1.7185720752716775,0.5258726913845359,28,True,0.4523809523809524,False,False,False,1,False,2025_H2,0.4324324324324324,1.0,0.0431120845454516,0.0978935322048568,True,False,False,False,False,False,1,False
2025-08-07,2025-08-08,2025-08-12,2025,2025-08,0,-0.0084480312060621,1,1,1,False,2025-08-07 20:00:00+00:00,2025-08-07 20:00:00+00:00,0.0,0.00247303497264717,1,8,3.40104432995476,0.0,30,True,0.7294117647058823,False,False,False,1,False,2025_H2,0.7946428571428572,5.0,0.1350216561375792,0.1058980237622417,True,True,False,True,False,True,0,True
2025-08-08,2025-08-11,2025-08-13,2025,2025-08,0,-0.0103712195085708,0,1,1,False,2025-08-08 20:00:00+00:00,2025-08-08 20:00:00+00:00,0.0,0.0025628326306117444,1,0,3.213730246565764,0.0,34,False,0.7093023255813954,False,False,False,1,False,2025_H2,,,,,,False,False,False,False,False,1,False
2025-08-11,2025-08-12,2025-08-14,2025,2025-08,0,-0.0004169893430292,0,0,0,False,2025-08-11 20:00:00+00:00,2025-08-11 20:00:00+00:00,0.0,0.0025835095291997234,-1,22,9.974767508801294,0.0,33,True,1.0,False,False,True,0,True,2025_H2,0.752212389380531,5.0,0.0169632787293141,-0.0046428833837929,True,False,False,False,False,False,0,True
2025-08-12,2025-08-13,2025-08-15,2025,2025-08,0,-0.0009563801742137,0,1,1,False,2025-08-12 20:00:00+00:00,2025-08-12 20:00:00+00:00,0.0,0.0024825996308894815,1,5,0.6259510737698968,0.14215181850043382,35,False,0.16091954022988506,False,False,False,1,False,2025_H2,,,,,,False,False,False,False,False,1,False
2025-08-13,2025-08-14,2025-08-18,2025,2025-08,0,-0.0040533547784233,1,1,1,False,2025-08-13 20:00:00+00:00,2025-08-13 20:00:00+00:00,0.0,0.0023386435174268527,-1,8,0.5421676309829867,0.3389939048902117,37,False,0.14942528735632185,False,False,False,1,False,2025_H2,0.8947368421052632,5.0,-0.0689594496854158,-0.078491901832847,False,False,False,False,False,False,1,False
2025-08-14,2025-08-15,2025-08-19,2025,2025-08,0,-0.0056164817674741,0,0,0,False,2025-08-14 20:00:00+00:00,2025-08-14 20:00:00+00:00,0.0,0.0023246093895998854,-1,7,2.0813820663452614,0.254446399516429,35,True,0.5632183908045977,False,False,True,0,True,2025_H2,0.3739130434782609,1.0,0.0384339255042249,0.0506368379375658,True,False,False,False,False,False,0,True
2025-08-15,2025-08-18,2025-08-20,2025,2025-08,0,-0.0051262178326905,0,1,1,False,2025-08-15 20:00:00+00:00,2025-08-15 20:00:00+00:00,0.0,0.0022047361266421817,-1,10,0.4328182534048538,0.10729033031502783,36,False,0.10227272727272728,False,False,False,1,False,2025_H2,,,,,,False,False,False,False,False,1,False
2025-08-18,2025-08-19,2025-08-21,2025,2025-08,0,-0.0026165696021149,0,1,1,False,2025-08-18 20:00:00+00:00,2025-08-18 20:00:00+00:00,0.0,0.0023038766503216124,-1,14,2.239255719584549,0.06425150121260252,36,False,0.5795454545454546,False,False,False,1,False,2025_H2,,,,,,False,False,False,False,False,1,False
2025-08-19,2025-08-20,2025-08-22,2025,2025-08,0,-0.0028501586880361,0,0,0,False,2025-08-19 20:00:00+00:00,2025-08-19 20:00:00+00:00,0.0,0.0021828868594315765,-1,8,2.9382349137490675,0.0,32,True,0.6818181818181818,False,False,True,0,True,2025_H2,0.0689655172413793,0.0,0.0791249392714336,0.0864725495191256,True,False,False,False,False,False,0,True
2025-08-20,2025-08-21,2025-08-26,2025,2025-08,1,0.0136267714571582,1,1,0,False,2025-08-20 20:00:00+00:00,2025-08-20 20:00:00+00:00,0.0,0.0021828868594315765,1,15,3.9149938349072873,0.0,31,True,0.797752808988764,False,False,True,1,True,2025_H2,0.0854700854700854,0.0,0.3542721941129975,0.3795717876188597,True,False,False,False,False,False,1,True
2025-08-21,2025-08-22,2025-08-27,2025,2025-08,1,0.0125566991412207,0,1,0,False,2025-08-21 20:00:00+00:00,2025-08-21 20:00:00+00:00,0.0,0.0021487548681147217,1,8,1.327299131637407,0.6047943949908505,31,False,0.35555555555555557,False,False,True,1,True,2025_H2,,,,,,False,False,False,False,False,1,True
2025-08-22,2025-08-26,2025-08-28,2025,2025-08,1,0.0206511706173538,1,1,0,False,2025-08-22 20:00:00+00:00,2025-08-22 20:00:00+00:00,0.0,0.0021395484859390024,1,7,6.481907071108325,0.10937245519057309,27,True,0.9333333333333333,False,False,True,1,True,2025_H2,0.1101694915254237,0.0,-0.0482721787889148,-0.0127904075049182,False,False,False,False,False,False,1,True
2025-08-26,2025-08-27,2025-08-29,2025,2025-08,1,0.0102059761468641,1,1,0,False,2025-08-26 20:00:00+00:00,2025-08-26 20:00:00+00:00,0.0,0.002053138891762174,1,6,2.520794727230636,0.0,26,True,0.6153846153846154,False,False,True,1,True,2025_H2,0.5714285714285714,2.0,-0.1470834145680847,-0.0415208834021159,False,False,False,False,False,False,1,True
2025-08-27,2025-08-28,2025-09-01,2025,2025-08,1,0.0253710310866771,1,1,0,False,2025-08-27 20:00:00+00:00,2025-08-27 20:00:00+00:00,0.0,0.0021413184173821875,1,6,2.6945197443823288,0.0,24,True,0.6413043478260869,False,False,True,1,True,2025_H2,0.5666666666666667,3.0,-0.0826859865816375,0.0180242067065356,False,False,False,False,False,False,1,True
2025-08-28,2025-08-29,2025-09-02,2025,2025-08,1,0.0233145372705996,1,1,0,False,2025-08-28 20:00:00+00:00,2025-08-28 20:00:00+00:00,0.0,0.002090907624953786,1,14,3.795151368377734,0.1925568663361265,22,True,0.7634408602150538,False,False,True,1,True,2025_H2,0.5330578512396694,2.0,-0.062928170225676,0.0466444079764162,False,False,False,False,False,False,1,True
2025-08-29,2025-09-01,2025-09-03,2025,2025-09,1,0.0372717526877605,1,1,0,False,2025-08-29 20:00:00+00:00,2025-08-29 20:00:00+00:00,0.0,0.0019734425274418044,-1,2,0.13933457894530715,0.9376254348119579,27,False,0.031914893617021274,False,False,True,1,True,2025_H2,0.1033057851239669,0.0,-0.0694377193747848,0.0445687353314893,False,False,False,False,False,False,1,True
2025-09-02,2025-09-03,2025-09-05,2025,2025-09,1,0.0200957435752506,1,1,0,False,2025-09-02 20:00:00+00:00,2025-09-02 20:00:00+00:00,0.0,0.0020405843553659153,1,6,6.062135138884301,0.0,28,True,0.9148936170212766,False,False,True,1,True,2025_H2,0.1363636363636363,1.0,-0.0251731215895981,0.1067265138720358,False,False,False,False,False,False,1,True
2025-09-03,2025-09-04,2025-09-08,2025,2025-09,1,0.0205956296327881,1,1,0,False,2025-09-03 20:00:00+00:00,2025-09-03 20:00:00+00:00,0.0,0.0020915546550765995,-1,2,1.385050462965284,0.05282459197483261,28,False,0.3473684210526316,False,False,True,1,True,2025_H2,0.6446280991735538,4.0,-0.1472781440555226,-0.0321859667012161,False,False,False,False,False,False,1,True
2025-09-04,2025-09-05,2025-09-09,2025,2025-09,1,0.0318784770067785,1,0,1,False,2025-09-04 20:00:00+00:00,2025-09-04 20:00:00+00:00,0.0,0.002180270682710983,-1,3,0.4879697110346119,0.22920894039593634,28,False,0.11578947368421053,False,False,False,0,False,2025_H2,,,,,,False,False,False,False,False,0,False
2025-09-05,2025-09-08,2025-09-10,2025,2025-09,1,0.0271872200019407,1,1,0,False,2025-09-05 20:00:00+00:00,2025-09-05 20:00:00+00:00,0.0,0.0022283798015738654,-1,0,0.4524929505685695,0.0,31,False,0.09473684210526316,False,False,True,1,True,2025_H2,0.3016528925619834,1.0,0.0512253582538754,0.169182332732719,True,False,False,False,False,False,1,True
2025-09-08,2025-09-09,2025-09-11,2025,2025-09,1,0.0020613001785707,1,1,0,False,2025-09-08 20:00:00+00:00,2025-09-08 20:00:00+00:00,0.0,0.002342300731146274,1,14,5.791396598602664,0.4524977293978756,28,True,0.8842105263157894,False,False,True,1,True,2025_H2,0.4173553719008264,2.0,-0.1437007588859266,0.0062651947355863,False,False,False,False,False,False,1,True
2025-09-09,2025-09-10,2025-09-12,2025,2025-09,0,-0.0023974420514015,0,0,0,False,2025-09-09 20:00:00+00:00,2025-09-09 20:00:00+00:00,0.0,0.0022482660309286473,-1,6,4.069817979325863,0.0,32,True,0.78125,False,False,True,0,True,2025_H2,0.2024793388429752,0.0,-0.0623010236197554,-0.2165443258751904,False,False,False,False,False,False,0,True
2025-09-10,2025-09-11,2025-09-15,2025,2025-09,0,-0.0022513256633041,0,0,0,False,2025-09-10 20:00:00+00:00,2025-09-10 20:00:00+00:00,0.0,0.0022185132565581966,-1,8,0.711379357934094,0.0,30,True,0.18556701030927836,False,False,True,0,True,2025_H2,0.7520661157024793,4.0,0.0300143779212346,-0.1080681675224407,True,False,False,False,False,False,0,True
2025-09-11,2025-09-12,2025-09-16,2025,2025-09,1,0.0211812358512454,1,0,1,False,2025-09-11 20:00:00+00:00,2025-09-11 20:00:00+00:00,0.0,0.002236097600550657,1,8,1.5013386627246683,0.24341807854070133,30,False,0.35714285714285715,False,False,False,0,False,2025_H2,,,,,,False,False,False,False,False,0,False
2025-09-12,2025-09-15,2025-09-17,2025,2025-09,1,0.0066575320573738,1,0,1,False,2025-09-12 20:00:00+00:00,2025-09-12 20:00:00+00:00,0.0,0.0022235672589525635,-1,0,0.07395415611936594,0.0,30,False,0.030612244897959183,False,False,False,0,False,2025_H2,,,,,,False,False,False,False,False,0,False
2025-09-15,2025-09-16,2025-09-18,2025,2025-09,1,0.0093699604233554,1,1,0,False,2025-09-15 20:00:00+00:00,2025-09-15 20:00:00+00:00,0.0,0.0022482660309286473,1,8,4.653437328489039,0.21520232402916248,31,True,0.8163265306122449,False,False,True,1,True,2025_H2,0.2851239669421487,1.0,-0.1215569836718658,0.0310859142060195,False,False,False,False,False,False,1,True
2025-09-16,2025-09-17,2025-09-19,2025,2025-09,0,-0.0102132598252266,0,1,1,False,2025-09-16 20:00:00+00:00,2025-09-16 20:00:00+00:00,0.0,0.002298053139307754,-1,8,0.6335827994408116,0.6074697387396897,29,False,0.1414141414141414,False,False,False,1,False,2025_H2,,,,,,False,False,False,False,False,1,False
2025-09-17,2025-09-18,2025-09-22,2025,2025-09,1,0.0139497184917922,0,0,1,True,2025-09-17 20:00:00+00:00,2025-09-17 20:00:00+00:00,0.0,0.002342300731146274,1,1,0.1913709101716549,0.18483155422630784,31,False,0.04040404040404041,False,True,False,0,False,2025_H2,0.6611570247933884,4.0,0.067487276940582,-0.1113038054215355,True,False,False,False,False,False,0,False
2025-09-18,2025-09-19,2025-09-23,2025,2025-09,1,0.0310847521004751,0,0,1,False,2025-09-18 20:00:00+00:00,2025-09-18 20:00:00+00:00,0.0,0.002480594290892313,-1,8,2.7809530017139807,0.7020376012395045,30,True,0.6262626262626263,False,False,False,0,False,2025_H2,0.4380165289256198,1.0,0.0508399138903264,-0.081796756886035,True,False,False,False,False,False,0,False
2025-09-19,2025-09-22,2025-09-24,2025,2025-09,1,0.0296820831514526,1,1,0,False,2025-09-19 20:00:00+00:00,2025-09-19 20:00:00+00:00,0.0,0.0024357100244598584,-1,0,0.33833396227236634,0.0,32,False,0.08,False,False,True,1,True,2025_H2,0.0950413223140495,0.0,-0.1352091538358928,-0.0362038031202671,False,False,False,False,False,False,1,True
2025-09-22,2025-09-23,2025-09-25,2025,2025-09,1,0.0083360019218096,1,1,0,False,2025-09-22 20:00:00+00:00,2025-09-22 20:00:00+00:00,0.0,0.002512344290778401,1,22,7.112050476653168,0.0947442151990032,31,True,0.95,False,False,True,1,True,2025_H2,0.4338842975206611,0.0,-0.1379731590450905,-0.0242333917305919,False,False,False,False,False,False,1,True
2025-09-23,2025-09-24,2025-09-26,2025,2025-09,0,-0.0105213152887274,0,1,1,False,2025-09-23 20:00:00+00:00,2025-09-23 20:00:00+00:00,0.0,0.002635901074295788,-1,6,1.9323289759553002,0.7901611275138313,28,False,0.45544554455445546,False,False,False,1,False,2025_H2,,,,,,False,False,False,False,False,1,False
2025-09-24,2025-09-25,2025-09-29,2025,2025-09,1,0.0118193147334139,0,0,1,False,2025-09-24 20:00:00+00:00,2025-09-24 20:00:00+00:00,0.0,0.00271562341044973,1,0,0.12544239300423107,0.0,28,False,0.0297029702970297,False,False,False,0,False,2025_H2,0.2892561983471075,1.0,0.1710381704951432,-0.0423411647401567,True,False,False,False,False,False,0,False
2025-09-25,2025-09-26,2025-09-30,2025,2025-09,1,0.0143276318344469,0,1,0,False,2025-09-25 20:00:00+00:00,2025-09-25 20:00:00+00:00,0.0,0.002794663996287028,1,3,1.2942987525252247,0.557991159032923,31,False,0.3069306930693069,False,False,True,1,True,2025_H2,,,,,,False,False,False,False,False,1,True
2025-09-26,2025-09-29,2025-10-01,2025,2025-09,1,0.035983632945024,1,1,0,False,2025-09-26 20:00:00+00:00,2025-09-26 20:00:00+00:00,0.0,0.002830834686241346,1,0,0.22631050443673262,0.0,30,True,0.039603960396039604,False,False,True,1,True,2025_H2,0.2479338842975206,1.0,-0.5423494641534001,-0.2083428219181049,False,False,False,False,False,False,1,True
2025-09-29,2025-09-30,2025-10-02,2025,2025-09,1,0.0168136750700015,1,1,0,False,2025-09-29 20:00:00+00:00,2025-09-29 20:00:00+00:00,0.0,0.0028314842969265896,1,6,0.7781351110873366,0.0,35,True,0.21568627450980393,False,False,True,1,True,2025_H2,0.6859504132231404,4.0,-0.3511011538367344,-0.1405105482172365,False,False,False,False,False,False,1,True
2025-09-30,2025-10-01,2025-10-03,2025,2025-10,1,0.0141252470814858,1,1,0,False,2025-09-30 20:00:00+00:00,2025-09-30 20:00:00+00:00,0.0,0.002963781055449921,1,1,0.853725249462597,0.0,34,True,0.22330097087378642,False,False,True,1,True,2025_H2,0.4710743801652892,2.0,-0.2115237744930303,-0.0765466241867791,False,False,False,False,False,False,1,True
2025-10-01,2025-10-02,2025-10-06,2025,2025-10,1,0.0142694407071876,0,0,1,False,2025-10-01 20:00:00+00:00,2025-10-01 20:00:00+00:00,0.0,0.0028505905954743227,-1,8,1.9385700021038563,0.4689594273977021,38,True,0.47115384615384615,False,False,False,0,False,2025_H2,0.7024793388429752,4.0,0.2127799694324358,-0.0165769046340399,True,False,False,False,False,False,0,False
2025-10-02,2025-10-03,2025-10-07,2025,2025-10,1,0.0216340486749082,0,1,0,True,2025-10-02 20:00:00+00:00,2025-10-02 20:00:00+00:00,0.0,0.0028501691241755722,1,4,1.6316846542704364,0.0,36,False,0.37142857142857144,False,True,True,1,True,2025_H2,,,,,,False,False,False,False,False,1,True
2025-10-03,2025-10-06,2025-10-08,2025,2025-10,1,0.044095827748203,1,1,0,False,2025-10-03 20:00:00+00:00,2025-10-03 20:00:00+00:00,0.0,0.0029098124990749596,1,15,3.293533355668398,0.4832120746658394,31,True,0.6857142857142857,False,False,True,1,True,2025_H2,0.4173553719008264,2.0,-0.2794927425137646,-0.1252318267219262,False,False,False,False,False,False,1,True
2025-10-06,2025-10-07,2025-10-09,2025,2025-10,1,0.0247176710640117,1,1,0,False,2025-10-06 20:00:00+00:00,2025-10-06 20:00:00+00:00,0.0,0.003088378368377498,1,38,8.946930331121559,0.16249035857129926,29,True,0.9905660377358491,False,False,True,1,True,2025_H2,0.6239669421487604,3.0,-0.3506969296184712,-0.1712221992931758,False,False,False,False,False,False,1,True
2025-10-07,2025-10-08,2025-10-10,2025,2025-10,1,0.0089820775096672,1,1,0,False,2025-10-07 20:00:00+00:00,2025-10-07 20:00:00+00:00,0.0,0.002922321512922821,1,3,0.6432271225462312,0.0,31,True,0.14953271028037382,False,False,True,1,True,2025_H2,0.9049586776859504,5.0,0.1452551005918186,0.3693271268779207,True,True,False,True,False,True,0,False
2025-10-08,2025-10-09,2025-10-13,2025,2025-10,1,0.0089197632961555,1,1,0,False,2025-10-08 20:00:00+00:00,2025-10-08 20:00:00+00:00,0.0,0.003035968543239953,-1,1,0.4407134451353113,0.0,30,False,0.09259259259259259,False,False,True,1,True,2025_H2,0.8884297520661157,5.0,-0.4692384267529157,-0.1493988043738705,False,False,False,False,False,False,1,True
2025-10-09,2025-10-10,2025-10-14,2025,2025-10,1,0.02522004544694,0,0,1,False,2025-10-09 20:00:00+00:00,2025-10-09 20:00:00+00:00,0.0,0.0032028918188888866,1,1,1.1745000706884974,0.0,31,False,0.28703703703703703,False,False,False,0,False,2025_H2,0.243801652892562,1.0,0.2728432616924597,0.0283193001946311,True,False,False,False,False,False,0,False
2025-10-10,2025-10-13,2025-10-15,2025,2025-10,1,0.0471922765451688,1,1,0,False,2025-10-10 20:00:00+00:00,2025-10-10 20:00:00+00:00,0.0,0.0034269994846241048,-1,0,1.0135670666837768,0.0,32,False,0.25925925925925924,False,False,True,1,True,2025_H2,0.8884297520661157,6.0,-0.7754599052462638,-0.5308162774211515,False,False,False,False,False,False,1,True
2025-10-13,2025-10-14,2025-10-16,2025,2025-10,1,0.0372853246216224,1,1,0,False,2025-10-13 20:00:00+00:00,2025-10-13 20:00:00+00:00,0.0,0.003601865150629102,1,22,7.8518236888379125,0.0,27,True,0.9722222222222222,False,False,True,1,True,2025_H2,0.1818181818181818,0.0,-0.0986112588688938,0.0809313958280693,False,False,False,False,False,False,1,True
2025-10-14,2025-10-15,2025-10-17,2025,2025-10,1,0.0458577997442309,0,1,0,True,2025-10-14 20:00:00+00:00,2025-10-14 20:00:00+00:00,0.0,0.0037573180353875912,1,7,1.6848297479287941,0.31972719583855636,29,False,0.3853211009174312,False,True,True,1,True,2025_H2,,,,,,False,False,False,False,False,1,True
2025-10-15,2025-10-16,2025-10-20,2025,2025-10,1,0.0145668137092539,1,1,0,False,2025-10-15 20:00:00+00:00,2025-10-15 20:00:00+00:00,0.0,0.00380525591080616,1,1,0.18418174522357955,0.06841863581399373,27,True,0.03669724770642202,False,False,True,1,True,2025_H2,0.8223140495867769,4.0,-0.173440913112174,0.0240951075072804,False,False,False,False,False,False,1,True
2025-10-16,2025-10-17,2025-10-21,2025,2025-10,1,0.0116580640764322,1,1,0,False,2025-10-16 20:00:00+00:00,2025-10-16 20:00:00+00:00,0.0,0.004045911612886144,1,14,6.262882694979651,0.0,25,True,0.9090909090909091,False,False,True,1,True,2025_H2,0.1735537190082644,0.0,0.1384242499703264,0.1268524371638117,True,False,False,False,False,False,1,True
2025-10-17,2025-10-20,2025-10-22,2025,2025-10,0,-0.0610064730792025,0,0,0,False,2025-10-17 20:00:00+00:00,2025-10-17 20:00:00+00:00,0.0,0.004165280911736957,-1,0,1.0595829551697298,0.0,28,True,0.2702702702702703,False,False,True,0,True,2025_H2,0.1446280991735537,0.0,0.1574190600922546,-0.0645000161563071,True,False,False,False,False,False,0,True
2025-10-20,2025-10-21,2025-10-23,2025,2025-10,0,-0.0303301301481159,1,1,1,False,2025-10-20 20:00:00+00:00,2025-10-20 20:00:00+00:00,0.0,0.004314360081286495,-1,0,0.05733866928047043,0.0,36,False,0.008928571428571428,False,False,False,1,False,2025_H2,0.371900826446281,1.0,-0.2290143004688415,0.0707052042764504,False,False,False,False,False,False,1,False
2025-10-21,2025-10-22,2025-10-24,2025,2025-10,0,-0.0492504932572857,0,0,0,False,2025-10-21 20:00:00+00:00,2025-10-21 20:00:00+00:00,0.0,0.004383922124740813,-1,13,11.609443500678552,0.7895428575434214,36,True,1.0,True,False,True,1,False,2025_H2,0.0454545454545454,1.0,-0.3080499775988289,0.2000462335979153,False,False,True,False,False,True,1,False
2025-10-22,2025-10-23,2025-10-27,2025,2025-10,0,-0.0127726364089468,1,1,1,False,2025-10-22 20:00:00+00:00,2025-10-22 20:00:00+00:00,0.0,0.004550981081755445,1,5,3.8095747774732196,0.18140257700277249,35,True,0.7256637168141593,False,False,False,1,False,2025_H2,0.4669421487603306,2.0,0.2686921116912361,0.9165137084568648,True,False,False,False,False,False,1,False
2025-10-23,2025-10-24,2025-10-28,2025,2025-10,0,-0.0536471787751866,1,1,1,False,2025-10-23 20:00:00+00:00,2025-10-23 20:00:00+00:00,0.0,0.004767307856822889,-1,1,0.5114627335413724,0.43585837166204233,33,False,0.13157894736842105,False,False,False,1,False,2025_H2,0.5826446280991735,3.0,-0.0938628089071953,-0.0688201945546625,False,False,False,False,False,False,1,False
2025-10-24,2025-10-27,2025-10-29,2025,2025-10,0,-0.0111563211190676,1,1,1,False,2025-10-24 20:00:00+00:00,2025-10-24 20:00:00+00:00,0.0,0.004902940245161247,-1,3,0.33236208972847947,0.8941177376459597,32,False,0.08771929824561403,False,False,False,1,False,2025_H2,0.3264462809917355,0.0,-0.2102596641176151,-0.0207882020953646,False,False,False,False,False,False,1,False
2025-10-27,2025-10-28,2025-10-30,2025,2025-10,0,-0.0108033635152689,0,0,0,False,2025-10-27 20:00:00+00:00,2025-10-27 20:00:00+00:00,0.0,0.005185093306574018,-1,7,2.0208806764986513,0.0,32,True,0.4824561403508772,False,False,True,0,True,2025_H2,0.2727272727272727,0.0,0.2330591344207246,0.1871868685798839,True,False,False,False,False,False,0,True
2025-10-28,2025-10-29,2025-10-31,2025,2025-10,1,0.026000404485068,1,1,0,False,2025-10-28 20:00:00+00:00,2025-10-28 20:00:00+00:00,0.0,0.0053023540691912174,1,10,2.183731371625455,0.49838388823783464,32,True,0.5217391304347826,False,False,True,1,True,2025_H2,0.2190082644628099,0.0,-0.1240404992195715,-0.0483535927748985,False,False,False,False,False,False,1,True
2025-10-29,2025-10-30,2025-11-03,2025,2025-10,0,-0.0075698889287477,0,0,0,False,2025-10-29 20:00:00+00:00,2025-10-29 20:00:00+00:00,0.0,0.005370303392498776,-1,5,3.5315019493339204,0.0,36,True,0.6896551724137931,False,False,True,0,True,2025_H2,0.1322314049586777,0.0,-0.2139073065100764,0.0822467055952531,False,False,False,False,False,False,0,True
2025-10-30,2025-10-31,2025-11-04,2025,2025-10,1,0.0015791257934252,1,1,0,False,2025-10-30 20:00:00+00:00,2025-10-30 20:00:00+00:00,0.0,0.005504215523014722,1,7,1.980080739847941,0.0,35,True,0.46153846153846156,False,False,True,1,True,2025_H2,0.2975206611570248,0.0,-0.326391234504049,-0.1115739591416757,False,False,False,False,False,False,1,True
2025-10-31,2025-11-03,2025-11-05,2025,2025-11,0,-0.012120904719558,0,0,0,True,2025-10-31 20:00:00+00:00,2025-10-31 20:00:00+00:00,0.0,0.005656737460733474,-1,4,0.9160145490438744,0.989226279703161,32,True,0.2288135593220339,False,True,True,0,True,2025_H2,0.5867768595041323,3.0,-0.082055812178804,-0.0094143291140362,False,False,False,False,False,False,0,True
2025-11-03,2025-11-04,2025-11-06,2025,2025-11,1,0.0025379930982521,0,1,0,True,2025-11-03 21:00:00+00:00,2025-11-03 21:00:00+00:00,0.0,0.005595226078150439,1,7,0.06200347046012435,0.9060859476446166,33,False,0.008403361344537815,False,True,True,1,True,2025_H2,,,,,,False,False,False,False,False,1,True
2025-11-04,2025-11-05,2025-11-07,2025,2025-11,1,0.0034253887051046,0,0,1,False,2025-11-04 21:00:00+00:00,2025-11-04 21:00:00+00:00,0.0,0.005561816145473131,-1,7,1.9634743390829204,0.0,35,True,0.46218487394957986,False,False,False,0,False,2025_H2,0.2190082644628099,1.0,-0.0187585555754202,0.0362005776349556,False,False,False,False,False,False,0,False
2025-11-05,2025-11-06,2025-11-10,2025,2025-11,1,0.0280405566939322,1,1,0,False,2025-11-05 21:00:00+00:00,2025-11-05 21:00:00+00:00,0.0,0.005733762297944089,1,18,1.4867735311214534,0.32748947443121745,27,True,0.35,False,False,True,1,True,2025_H2,0.4834710743801653,2.0,-0.2038375060311188,-0.145230922973601,False,False,False,False,False,False,1,True
2025-11-06,2025-11-07,2025-11-11,2025,2025-11,1,0.0327229569820253,0,0,1,False,2025-11-06 21:00:00+00:00,2025-11-06 21:00:00+00:00,0.0,0.005644951262342879,-1,7,0.8749848762035187,0.0,26,True,0.2231404958677686,False,False,False,0,False,2025_H2,0.3760330578512396,2.0,0.0516169424794898,0.0263449620169475,True,False,False,False,False,False,0,False
2025-11-07,2025-11-10,2025-11-12,2025,2025-11,1,0.027984352427951,0,0,1,False,2025-11-07 21:00:00+00:00,2025-11-07 21:00:00+00:00,0.0,0.005162860808345826,1,20,0.6070801964674801,0.46333450433891754,31,False,0.12396694214876033,False,False,False,0,False,2025_H2,0.5619834710743802,3.0,-0.1285357586474666,-0.2092923486252927,False,False,False,False,False,False,0,False
2025-11-10,2025-11-11,2025-11-13,2025,2025-11,1,0.03770944514235,1,1,0,False,2025-11-10 21:00:00+00:00,2025-11-10 21:00:00+00:00,0.0,0.005384892717468226,1,43,5.3494128544954,0.0,29,True,0.8347107438016529,False,False,True,1,True,2025_H2,0.4256198347107438,1.0,-0.1529615626683318,0.0348810829955857,False,False,False,False,False,False,1,True
2025-11-11,2025-11-12,2025-11-14,2025,2025-11,1,0.0057117535114216,0,1,0,False,2025-11-11 21:00:00+00:00,2025-11-11 21:00:00+00:00,0.0,0.005179716972605775,1,1,0.08137033953654398,0.11673906950171535,27,False,0.024793388429752067,False,False,True,1,True,2025_H2,,,,,,False,False,False,False,False,1,True
2025-11-12,2025-11-13,2025-11-17,2025,2025-11,0,-0.0089964401832599,1,1,1,False,2025-11-12 21:00:00+00:00,2025-11-12 21:00:00+00:00,0.0,0.005179716972605775,1,13,3.7780565523389615,0.555218829480195,24,True,0.71900826446281,False,False,False,1,False,2025_H2,0.1033057851239669,0.0,-0.2137895646896006,-0.0921263117579103,False,False,False,False,False,False,1,False
2025-11-13,2025-11-14,2025-11-18,2025,2025-11,0,-0.0467134659912986,0,0,0,False,2025-11-13 21:00:00+00:00,2025-11-13 21:00:00+00:00,0.0,0.0052277191926553,-1,7,2.903684973064533,0.5920271077263306,20,True,0.628099173553719,False,False,True,0,True,2025_H2,0.2603305785123967,1.0,-0.1619253221011432,-0.1847599571918229,False,False,False,False,False,False,0,True
2025-11-14,2025-11-17,2025-11-19,2025,2025-11,0,-0.0122223273594059,0,0,0,False,2025-11-14 21:00:00+00:00,2025-11-14 21:00:00+00:00,0.0,0.005384892717468226,1,7,1.3021209383090988,0.584204959180823,20,False,0.3140495867768595,False,False,True,0,True,2025_H2,0.2644628099173554,0.0,-0.1518736771760057,-0.1484299103807174,False,False,False,False,False,False,0,True
2025-11-17,2025-11-18,2025-11-20,2025,2025-11,0,-0.0050701394558543,0,0,0,False,2025-11-17 21:00:00+00:00,2025-11-17 21:00:00+00:00,0.0,0.0050111047773366835,1,1,0.6744622431988359,0.0,18,False,0.1487603305785124,False,False,True,0,True,2025_H2,0.4628099173553719,3.0,-0.1846734374614174,-0.1701688662441061,False,False,False,False,False,False,0,True
2025-11-18,2025-11-19,2025-11-21,2025,2025-11,0,-0.0016717545548005,1,1,1,False,2025-11-18 21:00:00+00:00,2025-11-18 21:00:00+00:00,0.0,0.005046871431515498,1,13,2.624689833956978,0.7245313081501923,18,True,0.5950413223140496,False,False,False,1,False,2025_H2,0.4876033057851239,2.0,-0.1576848148496896,-0.0789464651123132,False,False,False,False,False,False,1,False
2025-11-19,2025-11-20,2025-11-24,2025,2025-11,0,-0.0104419797965332,0,0,0,False,2025-11-19 21:00:00+00:00,2025-11-19 21:00:00+00:00,0.0,0.004928578171356612,-1,6,1.7406472325688955,0.22400174456319263,22,True,0.38016528925619836,False,False,True,0,True,2025_H2,0.4297520661157025,3.0,-0.2617012417428895,-0.2523668501864908,False,False,False,False,False,False,0,True
2025-11-20,2025-11-21,2025-11-25,2025,2025-11,1,0.0165028706535662,1,1,0,False,2025-11-20 21:00:00+00:00,2025-11-20 21:00:00+00:00,0.0,0.0046215171744403705,1,2,0.9583780493798603,0.40830512651837403,26,True,0.2231404958677686,False,False,True,1,True,2025_H2,0.9421487603305784,6.0,-0.0188693042390598,0.0636506473226206,False,False,False,False,False,False,1,True
2025-11-21,2025-11-24,2025-11-26,2025,2025-11,1,0.0297082377258194,1,1,0,False,2025-11-21 21:00:00+00:00,2025-11-21 21:00:00+00:00,0.0,0.004624060124440277,-1,1,0.8648359894931161,0.7966370642022907,26,False,0.2066115702479339,False,False,True,1,True,2025_H2,0.7727272727272727,4.0,-0.31991827950639,-0.3082705834074586,False,False,False,False,False,False,1,True
2025-11-24,2025-11-25,2025-11-27,2025,2025-11,1,0.0209325383952566,1,1,0,False,2025-11-24 21:00:00+00:00,2025-11-24 21:00:00+00:00,0.0,0.004656490286296666,1,13,3.9344285323651995,0.0,27,True,0.7768595041322314,False,False,True,1,True,2025_H2,0.2231404958677686,0.0,-0.4490186024253451,-0.2601829009873404,False,False,False,False,False,False,1,True
2025-11-25,2025-11-26,2025-11-28,2025,2025-11,1,0.0070571071756924,1,1,0,False,2025-11-25 21:00:00+00:00,2025-11-25 21:00:00+00:00,0.0,0.004619602602114803,1,1,1.3759762862577765,0.0,34,True,0.3305785123966942,False,False,True,1,True,2025_H2,0.0578512396694214,2.0,-0.2764227697022556,-0.0978672746012026,False,False,False,False,False,False,1,True
2025-11-26,2025-11-27,2025-12-01,2025,2025-11,1,0.0233421814232475,1,1,0,False,2025-11-26 21:00:00+00:00,2025-11-26 21:00:00+00:00,0.0,0.0044971060856946465,1,6,0.3322902537275705,0.30184137401659067,35,True,0.0743801652892562,False,False,True,1,True,2025_H2,0.7107438016528925,4.0,-0.2031443225336672,-0.1432853562121357,False,False,False,False,False,False,1,True
2025-11-28,2025-12-01,2025-12-03,2025,2025-12,1,0.0099279549460205,1,1,0,False,2025-11-28 21:00:00+00:00,2025-11-28 18:00:00+00:00,3.0,0.004499143339270262,1,4,3.0857148988361973,0.0,35,True,0.6611570247933884,False,False,True,1,True,2025_H2,,,-0.6529744737229197,-0.413072072671059,False,False,False,False,False,False,1,True
2025-12-01,2025-12-02,2025-12-04,2025,2025-12,0,-0.0129177532054679,0,0,0,False,2025-12-01 21:00:00+00:00,2025-12-01 21:00:00+00:00,0.0,0.004371196380273723,-1,6,0.7018332327490573,0.3274373360734549,36,True,0.14049586776859505,False,False,True,0,True,2025_H2,0.8057851239669422,5.0,0.0111310432263936,-0.0302964430468885,True,False,False,False,False,False,0,True
2025-12-02,2025-12-03,2025-12-05,2025,2025-12,1,0.0091204294625134,1,1,0,False,2025-12-02 21:00:00+00:00,2025-12-02 21:00:00+00:00,0.0,0.004251456527792463,1,4,1.2734897241664493,0.16086605507277343,36,True,0.2975206611570248,False,False,True,1,True,2025_H2,0.6363636363636364,4.0,-0.4423934104038163,-0.2546539546746819,False,False,False,False,False,False,1,True
2025-12-03,2025-12-04,2025-12-08,2025,2025-12,1,0.0007733446349457,1,1,0,False,2025-12-03 21:00:00+00:00,2025-12-03 21:00:00+00:00,0.0,0.004306663621348683,-1,7,1.224531522893758,0.24700490000883785,35,False,0.2892561983471074,False,False,True,1,True,2025_H2,0.9504132231404958,6.0,-0.1365481385996805,-0.1324926397453978,False,False,False,False,False,False,1,True
2025-12-04,2025-12-05,2025-12-09,2025,2025-12,1,0.0012731503858495,1,1,0,False,2025-12-04 21:00:00+00:00,2025-12-04 21:00:00+00:00,0.0,0.004257140974496032,1,12,1.0165712480932938,0.4817423914022775,33,True,0.2396694214876033,False,False,True,1,True,2025_H2,0.7396694214876034,4.0,-0.103136971764,-0.0588749843620007,False,False,False,False,False,False,1,True
2025-12-05,2025-12-08,2025-12-10,2025,2025-12,0,-0.0077595764514089,0,0,0,False,2025-12-05 21:00:00+00:00,2025-12-05 21:00:00+00:00,0.0,0.004138645642183469,-1,5,1.6826484468053122,0.0,31,True,0.39669421487603307,False,False,True,0,True,2025_H2,0.834710743801653,4.0,-0.0997054950781971,0.0209153770257368,False,False,False,False,False,False,0,True
2025-12-08,2025-12-09,2025-12-11,2025,2025-12,1,0.0022333900964138,0,0,1,False,2025-12-08 21:00:00+00:00,2025-12-08 21:00:00+00:00,0.0,0.004117315508150199,-1,7,0.9813653134133502,0.4666498227284088,29,True,0.23140495867768596,False,False,False,0,False,2025_H2,0.4008264462809917,1.0,0.2042716973424242,0.1347380031031106,True,False,False,False,False,False,0,False
2025-12-09,2025-12-10,2025-12-12,2025,2025-12,1,0.0269010338474075,1,1,0,False,2025-12-09 21:00:00+00:00,2025-12-09 21:00:00+00:00,0.0,0.003956349117372859,1,12,1.0279816562827462,0.32792072033823344,28,True,0.256198347107438,False,False,True,1,True,2025_H2,0.128099173553719,2.0,-0.0116916424916575,0.0044052879596671,False,False,False,False,False,False,1,True
2025-12-10,2025-12-11,2025-12-15,2025,2025-12,1,0.0342633382692721,1,1,0,False,2025-12-10 21:00:00+00:00,2025-12-10 21:00:00+00:00,0.0,0.0037402171505407367,1,2,1.4024879097428697,0.05024295133715462,31,True,0.35537190082644626,False,False,True,1,True,2025_H2,0.371900826446281,0.0,-0.461738239942635,-0.2271141439625373,False,False,False,False,False,False,1,True
2025-12-11,2025-12-12,2025-12-16,2025,2025-12,1,0.0147709345306139,1,1,0,False,2025-12-11 21:00:00+00:00,2025-12-11 21:00:00+00:00,0.0,0.0037563068783255105,1,7,3.630107461413753,0.0,25,True,0.7107438016528925,False,False,True,1,True,2025_H2,0.1570247933884297,0.0,0.167914172327867,0.3093646320865776,True,False,False,False,False,False,1,True
2025-12-12,2025-12-15,2025-12-17,2025,2025-12,0,-0.0010770933421855,0,1,1,False,2025-12-12 21:00:00+00:00,2025-12-12 21:00:00+00:00,0.0,0.0037563068783255105,1,1,0.04730702818244637,0.0,22,False,0.008264462809917356,False,False,False,1,False,2025_H2,,,,,,False,False,False,False,False,1,False
2025-12-15,2025-12-16,2025-12-18,2025,2025-12,0,-0.0036724412167634,0,0,0,False,2025-12-15 21:00:00+00:00,2025-12-15 21:00:00+00:00,0.0,0.003910893553189965,-1,7,2.065341881478767,0.3600914814922381,19,True,0.49586776859504134,False,False,True,0,True,2025_H2,0.4214876033057851,2.0,0.0351178697619907,0.0855025120247163,True,False,False,False,False,False,0,True
2025-12-16,2025-12-17,2025-12-19,2025,2025-12,1,0.011925104706823,1,1,0,False,2025-12-16 21:00:00+00:00,2025-12-16 21:00:00+00:00,0.0,0.0037402171505407367,-1,5,0.4832975478647298,0.012355451045299615,19,False,0.09090909090909091,False,False,True,1,True,2025_H2,0.5785123966942148,2.0,-0.0714371035254616,-0.0839712166650403,False,False,False,False,False,False,1,True
2025-12-17,2025-12-18,2025-12-22,2025,2025-12,1,0.0209273829711732,1,1,0,False,2025-12-17 21:00:00+00:00,2025-12-17 21:00:00+00:00,0.0,0.0037064798217265604,1,8,0.7265966177424049,0.13575936125070917,19,True,0.1652892561983471,False,False,True,1,True,2025_H2,0.6818181818181819,3.0,0.0414439072417393,0.0908817895444711,True,False,False,False,False,False,1,True
2025-12-18,2025-12-19,2025-12-23,2025,2025-12,1,0.0364102035603399,1,1,0,False,2025-12-18 21:00:00+00:00,2025-12-18 21:00:00+00:00,0.0,0.0035007150725316905,-1,4,1.4414562380645732,0.43889219480862957,22,False,0.36363636363636365,False,False,True,1,True,2025_H2,0.9214876033057852,6.0,-0.0063854850150427,0.0214304180024072,False,False,False,False,False,False,1,True
2025-12-19,2025-12-22,2025-12-24,2025,2025-12,1,0.034800039896985,1,1,0,False,2025-12-19 21:00:00+00:00,2025-12-19 21:00:00+00:00,0.0,0.0032718781611835723,1,0,0.18658062817158724,0.0,25,True,0.03305785123966942,False,False,True,1,True,2025_H2,0.2809917355371901,0.0,-0.0405830500260648,-0.0145269529354647,False,False,False,False,False,False,1,True
2025-12-22,2025-12-23,2025-12-29,2025,2025-12,1,0.0116542099862295,1,1,0,False,2025-12-22 21:00:00+00:00,2025-12-22 21:00:00+00:00,0.0,0.0032438283183759964,1,23,6.683938061371492,0.0,22,True,0.9338842975206612,False,False,True,1,True,2025_H2,0.731404958677686,4.0,-0.0779739079843747,-0.0354589617117857,False,False,False,False,False,False,1,True
2025-12-23,2025-12-24,2025-12-30,2025,2025-12,0,-0.0208319731163034,1,1,1,False,2025-12-23 21:00:00+00:00,2025-12-23 21:00:00+00:00,0.0,0.0032228056557093154,1,5,2.2475101110725992,0.6041687822262339,25,True,0.5371900826446281,False,False,False,1,False,2025_H2,0.6900826446280992,3.0,-0.0414049374741608,0.0145913750151536,False,False,False,False,False,False,1,False
2025-12-24,2025-12-29,2025-12-31,2025,2025-12,0,-0.0393394490005319,0,0,0,False,2025-12-24 21:00:00+00:00,2025-12-24 18:00:00+00:00,3.0,0.003207944887154035,1,2,0.4424285641469143,0.19380229869699786,28,False,0.08264462809917356,False,False,True,0,True,2025_H2,,,0.371958899081673,0.2562924672438192,True,False,False,False,False,False,0,True
2025-12-29,2025-12-30,2026-01-02,2025,2025-12,0,-0.0160327247632037,0,0,0,False,2025-12-29 21:00:00+00:00,2025-12-29 21:00:00+00:00,0.0,0.003207944887154035,1,5,0.1963231147440442,0.6871296346041781,31,False,0.04132231404958678,False,False,True,0,True,2025_H2,0.1611570247933884,0.0,0.3237467183248174,0.2441599552205469,True,False,False,False,False,False,0,True
2025-12-30,2025-12-31,2026-01-05,2025,2025-12,1,0.0107069223584453,0,0,1,False,2025-12-30 21:00:00+00:00,2025-12-30 21:00:00+00:00,0.0,0.0032438283183759964,-1,7,3.549049777126128,0.0,30,True,0.7107438016528925,False,False,False,0,False,2025_H2,0.7355371900826446,4.0,0.1795488329956978,0.1047715150263754,True,True,False,True,False,True,1,True
2025-12-31,2026-01-02,2026-01-06,2026,2026-01,1,0.0330597299238039,0,1,0,False,2025-12-31 21:00:00+00:00,2025-12-31 21:00:00+00:00,0.0,0.0032603322047242145,-1,5,1.5571826924758418,0.5811325754131808,35,False,0.371900826446281,False,False,True,1,True,2026_H1,,,,,,False,False,False,False,False,1,True
2026-01-02,2026-01-05,2026-01-07,2026,2026-01,1,0.0164364344117402,0,0,1,False,2026-01-02 21:00:00+00:00,2026-01-02 21:00:00+00:00,0.0,0.0035094980248686625,1,1,0.052099311659020556,0.7689464053180759,37,False,0.008264462809917356,False,False,False,0,False,2026_H1,0.1322314049586777,0.0,0.0064036002994998,-0.0834185966237238,True,False,False,False,False,False,0,False
2026-01-05,2026-01-06,2026-01-08,2026,2026-01,0,-0.0010373444913626,1,1,1,False,2026-01-05 21:00:00+00:00,2026-01-05 21:00:00+00:00,0.0,0.0035945873834988262,1,7,1.3994901608198904,0.0,33,True,0.34710743801652894,False,False,False,1,False,2026_H1,0.28099173553719,1.0,0.0846491050825418,0.1234792869745867,True,False,False,False,False,False,1,False
2026-01-06,2026-01-07,2026-01-09,2026,2026-01,1,0.0041349461365939,1,1,0,False,2026-01-06 21:00:00+00:00,2026-01-06 21:00:00+00:00,0.0,0.0035945873834988262,1,10,2.054481498251031,0.0,33,True,0.48760330578512395,False,False,True,1,True,2026_H1,0.2314049586776859,0.0,-0.4792970262475722,-0.4024504933055688,False,False,False,False,False,False,1,True
2026-01-07,2026-01-08,2026-01-12,2026,2026-01,1,0.0283309450800684,0,1,0,False,2026-01-07 21:00:00+00:00,2026-01-07 21:00:00+00:00,0.0,0.003558244266514521,1,5,0.2969398075067254,0.4463319435272844,37,False,0.06611570247933884,False,False,True,1,True,2026_H1,,,,,,False,False,False,False,False,1,True
2026-01-08,2026-01-09,2026-01-13,2026,2026-01,1,0.0334366526700004,1,1,0,False,2026-01-08 21:00:00+00:00,2026-01-08 21:00:00+00:00,0.0,0.003637877281532198,1,6,2.507422424541179,0.0,37,True,0.5619834710743802,False,False,True,1,True,2026_H1,0.4008264462809917,0.0,-0.0304044752334549,0.0443559372438837,False,False,False,False,False,False,1,True
2026-01-09,2026-01-12,2026-01-14,2026,2026-01,1,0.0355477774611599,1,1,0,False,2026-01-09 21:00:00+00:00,2026-01-09 21:00:00+00:00,0.0,0.003674344865145507,1,1,0.34116732197161503,0.9175665861361405,36,True,0.0743801652892562,False,False,True,1,True,2026_H1,0.2024793388429752,0.0,-0.1263324226917143,-0.0990273088486739,False,False,False,False,False,False,1,True
2026-01-12,2026-01-13,2026-01-15,2026,2026-01,1,0.0050876310983519,1,1,0,False,2026-01-12 21:00:00+00:00,2026-01-12 21:00:00+00:00,0.0,0.003915515483971177,-1,1,0.5266999773668412,0.3049616057704026,34,False,0.11570247933884298,False,False,True,1,True,2026_H1,0.8677685950413223,4.0,,,,False,False,False,False,False,1,True
2026-01-13,2026-01-14,2026-01-16,2026,2026-01,1,0.0053209846926755,0,1,0,False,2026-01-13 21:00:00+00:00,2026-01-13 21:00:00+00:00,0.0,0.004016961979124822,-1,4,1.4158444507207042,0.016245237833011718,33,False,0.35537190082644626,False,False,True,1,True,2026_H1,,,,,,False,False,False,False,False,1,True
2026-01-14,2026-01-15,2026-01-19,2026,2026-01,1,0.0068725096937443,0,1,0,False,2026-01-14 21:00:00+00:00,2026-01-14 21:00:00+00:00,0.0,0.003897202268690947,1,3,0.40647658607810505,0.7078173027260699,33,False,0.09090909090909091,False,False,True,1,True,2026_H1,,,,,,False,False,False,False,False,1,True
2026-01-15,2026-01-16,2026-01-20,2026,2026-01,1,0.0241788737694912,1,1,0,False,2026-01-15 21:00:00+00:00,2026-01-15 21:00:00+00:00,0.0,0.0038196857439150023,1,7,0.73328393172132,0.09064726238497581,32,True,0.18181818181818182,False,False,True,1,True,2026_H1,0.859504132231405,6.0,-0.0672364734650283,-0.0491743222370801,False,False,False,False,False,False,1,True
2026-01-16,2026-01-19,2026-01-21,2026,2026-01,1,0.0535615972637885,0,1,0,False,2026-01-16 21:00:00+00:00,2026-01-16 21:00:00+00:00,0.0,0.003674344865145507,1,5,0.5601386222150828,0.0,32,False,0.11570247933884298,False,False,True,1,True,2026_H1,,,,,,False,False,False,False,False,1,True
2026-01-20,2026-01-21,2026-01-23,2026,2026-01,1,0.0419225857389045,1,1,0,False,2026-01-20 21:00:00+00:00,2026-01-20 21:00:00+00:00,0.0,0.0037078680286715127,1,23,10.217952952002216,0.0,30,True,0.9917355371900827,False,False,True,1,True,2026_H1,0.71900826446281,4.0,-0.0320330106046702,0.0500591046712254,False,False,False,False,False,False,1,True
2026-01-21,2026-01-22,2026-01-26,2026,2026-01,1,0.0467822864387135,0,1,0,False,2026-01-21 21:00:00+00:00,2026-01-21 21:00:00+00:00,0.0,0.003735384783811746,1,1,1.938856129760022,0.0,34,False,0.4297520661157025,False,False,True,1,True,2026_H1,,,,,,False,False,False,False,False,1,True
2026-01-22,2026-01-23,2026-01-27,2026,2026-01,1,0.0529797620008024,1,1,0,False,2026-01-22 21:00:00+00:00,2026-01-22 21:00:00+00:00,0.0,0.00400694045935257,1,21,7.156969445611492,0.0,28,True,0.9421487603305785,False,False,True,1,True,2026_H1,0.0826446280991735,0.0,-0.0301244711411194,0.1073341767948535,False,False,False,False,False,False,1,True
2026-01-23,2026-01-26,2026-01-28,2026,2026-01,1,0.0689414444544559,1,1,0,False,2026-01-23 21:00:00+00:00,2026-01-23 21:00:00+00:00,0.0,0.004247416996438602,1,9,2.470905157934656,0.0,27,True,0.5371900826446281,False,False,True,1,True,2026_H1,0.2190082644628099,0.0,0.0060721650758947,0.1461821836330348,True,False,False,False,False,False,1,True
2026-01-26,2026-01-27,2026-01-29,2026,2026-01,1,0.0770821019562504,0,0,1,False,2026-01-26 21:00:00+00:00,2026-01-26 21:00:00+00:00,0.0,0.004217202982387036,-1,0,1.103762171398872,0.0,32,True,0.256198347107438,False,False,False,0,False,2026_H1,0.3925619834710744,0.0,0.0554318744731293,0.0996986748267215,True,False,False,False,False,False,0,False
2026-01-27,2026-01-28,2026-01-30,2026,2026-01,0,-0.0048564107839569,1,1,1,False,2026-01-27 21:00:00+00:00,2026-01-27 21:00:00+00:00,0.0,0.004323311567828725,1,6,4.879474587708739,0.0,31,True,0.8429752066115702,False,False,False,1,False,2026_H1,0.8347107438016529,4.0,-0.136746343852663,0.1587954318164952,False,False,False,False,False,False,1,False
2026-01-28,2026-01-29,2026-02-02,2026,2026-01,0,-0.1190473819167448,1,1,1,False,2026-01-28 21:00:00+00:00,2026-01-28 21:00:00+00:00,0.0,0.004457911530117542,1,7,5.415538488947974,0.0,31,True,0.859504132231405,False,False,False,1,False,2026_H1,0.7272727272727273,4.0,-0.1759516182378678,0.338493022215088,False,False,False,False,False,False,1,False
2026-01-29,2026-01-30,2026-02-03,2026,2026-01,0,-0.1110070100153088,0,0,0,False,2026-01-29 21:00:00+00:00,2026-01-29 21:00:00+00:00,0.0,0.004611985228187621,1,1,2.595904557315723,0.5003333702462149,32,False,0.5785123966942148,False,False,True,0,True,2026_H1,0.4173553719008264,2.0,0.0283153419731301,-0.6356765575755554,True,False,False,False,False,False,0,True
2026-02-02,2026-02-03,2026-02-05,2026,2026-02,1,0.0363912732732407,0,0,1,False,2026-02-02 21:00:00+00:00,2026-02-02 21:00:00+00:00,0.0,0.00488731759868255,-1,1,0.35627786853757637,0.20117806254666082,32,True,0.0743801652892562,False,False,False,0,False,2026_H1,0.4338842975206611,3.0,0.3060961469501047,0.2468277123653199,True,False,False,False,False,False,0,False
2026-02-03,2026-02-04,2026-02-06,2026,2026-02,0,-0.0109356546088684,1,1,1,False,2026-02-03 21:00:00+00:00,2026-02-03 21:00:00+00:00,0.0,0.005145213153697981,1,1,0.5703986673533225,0.0,30,True,0.09917355371900827,False,False,False,1,False,2026_H1,0.8305785123966942,6.0,0.3087568566585243,0.3813679086323974,True,True,False,True,False,True,0,True
2026-02-04,2026-02-05,2026-02-09,2026,2026-02,0,-0.0117979316036352,0,0,0,False,2026-02-04 21:00:00+00:00,2026-02-04 21:00:00+00:00,0.0,0.0052853706451800875,1,3,1.4863920154074688,0.0,31,False,0.35537190082644626,False,False,True,0,True,2026_H1,0.1446280991735537,0.0,-0.0929875530286284,-0.1647925348861083,False,False,False,False,False,False,0,True
2026-02-05,2026-02-06,2026-02-10,2026,2026-02,1,0.0381289846986974,0,0,1,False,2026-02-05 21:00:00+00:00,2026-02-05 21:00:00+00:00,0.0,0.005288831522441306,-1,3,3.435982536854221,0.0,35,True,0.6859504132231405,False,False,False,0,False,2026_H1,0.3925619834710744,2.0,0.282078853923226,0.1750040352268225,True,False,False,False,False,False,0,False
2026-02-06,2026-02-09,2026-02-11,2026,2026-02,1,0.0402855166855703,1,1,0,False,2026-02-06 21:00:00+00:00,2026-02-06 21:00:00+00:00,0.0,0.005611993002209381,1,11,3.5694625809095473,0.0,35,True,0.7024793388429752,False,False,True,1,True,2026_H1,0.2024793388429752,0.0,0.1339274869026469,0.2062431426477049,True,False,False,False,False,False,1,True
2026-02-09,2026-02-10,2026-02-12,2026,2026-02,1,0.0114296745639823,1,1,0,False,2026-02-09 21:00:00+00:00,2026-02-09 21:00:00+00:00,0.0,0.005756729664598836,1,7,2.146519637186293,0.6377329800651952,37,True,0.48760330578512395,False,False,True,1,True,2026_H1,0.3181818181818182,1.0,0.0230970043724795,0.1158571327227607,True,False,False,False,False,False,1,True
2026-02-10,2026-02-11,2026-02-13,2026,2026-02,0,-0.0191321244123327,0,0,0,False,2026-02-10 21:00:00+00:00,2026-02-10 21:00:00+00:00,0.0,0.005847313676346388,-1,6,0.4540481505895312,0.4036348688718214,40,True,0.09090909090909091,False,False,True,0,True,2026_H1,0.6280991735537189,3.0,0.2814550224265205,0.2281370911084801,True,False,False,False,False,False,0,True
2026-02-11,2026-02-12,2026-02-16,2026,2026-02,0,-0.0184963392727518,1,1,1,False,2026-02-11 21:00:00+00:00,2026-02-11 21:00:00+00:00,0.0,0.005756729664598836,1,4,0.16502516749874094,0.2956308088074792,40,True,0.01652892561983471,False,False,False,1,False,2026_H1,0.9462809917355371,6.0,-0.0906026834700766,-0.0047678544350236,False,False,False,False,False,False,1,False
2026-02-12,2026-02-13,2026-02-17,2026,2026-02,0,-0.035049452731886,0,0,0,False,2026-02-12 21:00:00+00:00,2026-02-12 21:00:00+00:00,0.0,0.005711362360467653,-1,22,5.320323133718383,0.2233646060213234,38,True,0.8429752066115702,False,False,True,0,True,2026_H1,0.0785123966942148,0.0,-0.1086194056532918,0.0173913291069497,False,False,False,False,False,False,0,True
2026-02-13,2026-02-16,2026-02-18,2026,2026-02,1,0.009747803770777,1,1,0,False,2026-02-13 21:00:00+00:00,2026-02-13 21:00:00+00:00,0.0,0.00581386707923226,1,8,1.8585209321254106,0.26566682720088725,41,True,0.4049586776859504,False,False,True,1,True,2026_H1,0.5826446280991735,3.0,0.1009701394796469,0.2099572294502149,True,False,False,False,False,False,1,True
2026-02-17,2026-02-18,2026-02-20,2026,2026-02,1,0.0380588469951782,0,0,1,False,2026-02-17 21:00:00+00:00,2026-02-17 21:00:00+00:00,0.0,0.006368124434014355,1,3,0.16666115762843609,0.691253995553656,34,False,0.024793388429752067,False,False,False,0,False,2026_H1,0.5826446280991735,3.0,-0.0225611442499143,-0.0809975435902849,False,False,False,False,False,False,0,False
2026-02-18,2026-02-19,2026-02-23,2026,2026-02,1,0.0417954447359476,1,1,0,False,2026-02-18 21:00:00+00:00,2026-02-18 21:00:00+00:00,0.0,0.006617729505431491,1,19,3.4062296215879417,0.7572627791840444,33,True,0.6694214876033058,False,False,True,1,True,2026_H1,0.4917355371900826,0.0,-0.1568829503214206,-0.1004418270287377,False,False,False,False,False,False,1,True
2026-02-19,2026-02-20,2026-02-24,2026,2026-02,1,0.0265403835505763,0,1,0,False,2026-02-19 21:00:00+00:00,2026-02-19 21:00:00+00:00,0.0,0.006789642568535648,-1,3,0.021391677693266137,0.43524760243657273,31,False,0.008264462809917356,False,False,True,1,True,2026_H1,,,,,,False,False,False,False,False,1,True
2026-02-20,2026-02-23,2026-02-25,2026,2026-02,1,0.0286069904361418,1,1,0,False,2026-02-20 21:00:00+00:00,2026-02-20 21:00:00+00:00,0.0,0.00683013268164423,-1,0,0.10522502680838708,0.0,29,False,0.01652892561983471,False,False,True,1,True,2026_H1,0.4132231404958678,2.0,-0.1313333376647815,0.0049575208224254,False,False,False,False,False,False,1,True
2026-02-23,2026-02-24,2026-02-26,2026,2026-02,0,-0.0068392848480354,1,1,1,False,2026-02-23 21:00:00+00:00,2026-02-23 21:00:00+00:00,0.0,0.007035107971069543,1,7,1.6755551578731203,0.20841405695131393,25,True,0.36363636363636365,False,False,False,1,False,2026_H1,0.2768595041322314,1.0,0.043613513122564,0.1177149281885009,True,False,False,False,False,False,1,False
2026-02-24,2026-02-25,2026-02-27,2026,2026-02,1,0.0092521294964093,0,0,1,False,2026-02-24 21:00:00+00:00,2026-02-24 21:00:00+00:00,0.0,0.006768138033749871,1,6,0.42390984943593973,0.6142912711494318,25,False,0.09090909090909091,False,False,False,0,False,2026_H1,0.7851239669421488,5.0,0.0094058166529918,-0.0741511381628185,True,False,False,False,False,False,0,False
2026-02-25,2026-02-26,2026-03-02,2026,2026-02,1,0.0269712914383761,0,0,1,False,2026-02-25 21:00:00+00:00,2026-02-25 21:00:00+00:00,0.0,0.006359871015085616,-1,1,0.8684314951666987,0.4191590667188488,25,True,0.19834710743801653,False,False,False,0,False,2026_H1,0.7024793388429752,4.0,-0.0028450857366217,-0.0451249660449265,False,False,False,False,False,False,0,False
2026-02-26,2026-02-27,2026-03-03,2026,2026-02,1,0.0076961853936182,0,1,0,False,2026-02-26 21:00:00+00:00,2026-02-26 21:00:00+00:00,0.0,0.006195245386636294,1,1,0.018715946991813198,0.37195777969821586,27,False,0.008264462809917356,False,False,True,1,True,2026_H1,,,,,,False,False,False,False,False,1,True
2026-02-27,2026-03-02,2026-03-04,2026,2026-03,0,-0.005037940172905,1,1,1,False,2026-02-27 21:00:00+00:00,2026-02-27 21:00:00+00:00,0.0,0.006185332607013372,-1,0,0.02569497580466955,0.0,27,False,0.008264462809917356,False,False,False,1,False,2026_H1,0.1859504132231405,0.0,0.0061791031671954,0.1456538509211286,True,False,False,False,False,False,1,False
2026-03-02,2026-03-03,2026-03-05,2026,2026-03,0,-0.0423788025665939,0,0,0,False,2026-03-02 21:00:00+00:00,2026-03-02 21:00:00+00:00,0.0,0.005981508405891844,1,2,0.32175497597110264,0.3192826536349148,29,False,0.05785123966942149,False,False,True,0,True,2026_H1,0.1363636363636363,0.0,0.0530122113713341,-0.0411663850298281,True,False,False,False,False,False,0,True
2026-03-03,2026-03-04,2026-03-06,2026,2026-03,0,-0.0181099638425537,0,0,0,False,2026-03-03 21:00:00+00:00,2026-03-03 21:00:00+00:00,0.0,0.006078776068200398,-1,1,0.5092472848333225,0.0,29,True,0.10743801652892562,False,False,True,0,True,2026_H1,0.5578512396694215,3.0,0.1246019100590669,0.0253481361749059,True,False,False,False,False,False,0,True
2026-03-04,2026-03-05,2026-03-09,2026,2026-03,0,-0.0040117199755036,0,0,0,False,2026-03-04 21:00:00+00:00,2026-03-04 21:00:00+00:00,0.0,0.005556152658408031,-1,7,1.0695854869386336,0.24122240034892475,32,True,0.2644628099173554,False,False,True,0,True,2026_H1,0.3016528925619834,1.0,-0.0212460558926585,-0.0653660718082981,False,False,False,False,False,False,0,True
2026-03-05,2026-03-06,2026-03-10,2026,2026-03,1,0.0102774353330984,0,0,1,False,2026-03-05 21:00:00+00:00,2026-03-05 21:00:00+00:00,0.0,0.0053559849407252,-1,16,3.7402625513095455,0.8118763860484532,30,True,0.743801652892562,False,False,False,0,False,2026_H1,0.2892561983471075,1.0,-0.3041249564160068,-0.3262199132443463,False,False,False,False,False,False,0,False
2026-03-06,2026-03-09,2026-03-11,2026,2026-03,1,0.0118628988588993,1,1,0,False,2026-03-06 21:00:00+00:00,2026-03-06 21:00:00+00:00,0.0,0.005240861731220292,1,7,2.132944381734956,0.428560917536622,33,True,0.48760330578512395,False,False,True,1,True,2026_H1,0.2272727272727273,0.0,-0.0021788886645733,0.0643714909743005,False,False,False,False,False,False,1,True
2026-03-09,2026-03-10,2026-03-12,2026,2026-03,1,0.0008911564024337,1,1,0,False,2026-03-09 20:00:00+00:00,2026-03-09 20:00:00+00:00,0.0,0.005162439212121228,1,5,1.6125835466029412,0.06770128748106714,33,True,0.35537190082644626,False,False,True,1,True,2026_H1,0.4710743801652892,2.0,0.3899497838536366,0.446068850690106,True,False,False,False,False,False,1,True
2026-03-10,2026-03-11,2026-03-13,2026,2026-03,0,-0.0211460215758075,1,0,0,True,2026-03-10 20:00:00+00:00,2026-03-10 20:00:00+00:00,0.0,0.004956193998566505,-1,2,0.5195357942080178,0.0,35,False,0.09917355371900827,False,True,True,0,True,2026_H1,,,,,,False,False,False,False,False,0,True
2026-03-11,2026-03-12,2026-03-16,2026,2026-03,0,-0.035292078348633,0,0,0,False,2026-03-11 20:00:00+00:00,2026-03-11 20:00:00+00:00,0.0,0.004715814379961714,-1,12,1.1207869362048528,0.4299482578111876,34,True,0.2727272727272727,False,False,True,0,True,2026_H1,0.7066115702479339,4.0,-0.1211268712404897,-0.1861146450425935,False,False,False,False,False,False,0,True
2026-03-12,2026-03-13,2026-03-17,2026,2026-03,0,-0.0255268805368178,0,0,0,False,2026-03-12 20:00:00+00:00,2026-03-12 20:00:00+00:00,0.0,0.004940339915994407,-1,7,3.3366680310502534,0.0,34,True,0.6776859504132231,False,False,True,0,True,2026_H1,0.1157024793388429,0.0,0.2480084976891211,0.1918295534435138,True,False,False,False,False,False,0,True
2026-03-13,2026-03-16,2026-03-18,2026,2026-03,0,-0.0298039607440471,0,0,0,False,2026-03-13 20:00:00+00:00,2026-03-13 20:00:00+00:00,0.0,0.0050217926585691686,-1,6,3.019513862882282,0.043616236656775054,38,True,0.6611570247933884,False,False,True,0,True,2026_H1,0.4669421487603306,3.0,0.175989769194401,0.1927452980557027,True,False,False,False,False,False,0,True
2026-03-16,2026-03-17,2026-03-19,2026,2026-03,0,-0.0583685461551514,1,1,1,True,2026-03-16 20:00:00+00:00,2026-03-16 20:00:00+00:00,0.0,0.004940339915994407,1,2,0.10799331181894847,0.3228764343179675,38,True,0.008264462809917356,False,True,False,1,False,2026_H1,0.8016528925619835,4.0,-0.0909728682261035,-0.0432270945793669,False,False,False,False,False,False,1,False
2026-03-17,2026-03-18,2026-03-20,2026,2026-03,0,-0.0807896810814374,0,0,0,False,2026-03-17 20:00:00+00:00,2026-03-17 20:00:00+00:00,0.0,0.004752240536955554,-1,14,0.6674962022803398,0.36562263322633803,35,True,0.14049586776859505,False,False,True,0,True,2026_H1,0.7355371900826446,4.0,0.0059905784441617,-0.0248210943357424,True,False,False,False,False,False,0,True
2026-03-18,2026-03-19,2026-03-23,2026,2026-03,0,-0.12002536841787,0,0,0,False,2026-03-18 20:00:00+00:00,2026-03-18 20:00:00+00:00,0.0,0.00452103885158639,-1,2,2.2408514796975454,0.0,33,True,0.5289256198347108,False,False,True,0,True,2026_H1,0.0661157024793388,0.0,0.1656820368279831,0.0971191965784971,True,False,False,False,False,False,0,True
2026-03-19,2026-03-20,2026-03-24,2026,2026-03,0,-0.0703926196155701,0,0,0,False,2026-03-19 20:00:00+00:00,2026-03-19 20:00:00+00:00,0.0,0.0046036716100283925,1,3,2.047063535853425,0.0,36,False,0.4628099173553719,False,False,True,0,True,2026_H1,0.8057851239669421,4.0,0.0372028047128549,0.0248821732720116,True,False,False,False,False,False,0,True
2026-03-20,2026-03-23,2026-03-25,2026,2026-03,0,-0.015437303042609,0,0,0,False,2026-03-20 20:00:00+00:00,2026-03-20 20:00:00+00:00,0.0,0.005012631692845382,-1,2,2.9102611204283138,0.0,38,True,0.6446280991735537,False,False,True,0,True,2026_H1,0.128099173553719,0.0,-0.1617194123832766,-0.1411509649979689,False,False,False,False,False,False,0,True
2026-03-23,2026-03-24,2026-03-26,2026,2026-03,1,0.0170261768061598,1,1,0,False,2026-03-23 20:00:00+00:00,2026-03-23 20:00:00+00:00,0.0,0.005568212124846816,-1,1,1.008436076813393,0.36276890803640643,34,False,0.2396694214876033,False,False,True,1,True,2026_H1,0.2024793388429752,0.0,0.168639011689801,0.1240765767084515,True,False,False,False,False,False,1,True
2026-03-24,2026-03-25,2026-03-27,2026,2026-03,1,0.0131562284136807,1,1,0,False,2026-03-24 20:00:00+00:00,2026-03-24 20:00:00+00:00,0.0,0.005743492209218104,1,0,2.4024803600147755,0.0,43,True,0.5371900826446281,False,False,True,1,True,2026_H1,0.6818181818181819,5.0,-0.0953422978500774,-0.2560673887359999,False,False,False,False,False,False,1,True
2026-03-25,2026-03-26,2026-03-30,2026,2026-03,0,-0.0080325791509275,0,0,0,False,2026-03-25 20:00:00+00:00,2026-03-25 20:00:00+00:00,0.0,0.005763808290345729,-1,8,1.8315848141364486,0.0,45,True,0.4049586776859504,False,False,True,0,True,2026_H1,0.5206611570247934,0.0,-0.0587013836268025,-0.0747679002851257,False,False,False,False,False,False,0,True
2026-03-26,2026-03-27,2026-03-31,2026,2026-03,1,0.0341635771566279,0,0,1,False,2026-03-26 20:00:00+00:00,2026-03-26 20:00:00+00:00,0.0,0.005990138181987348,-1,5,2.8070121977035147,0.5960723368687216,43,True,0.628099173553719,False,False,False,0,False,2026_H1,0.8057851239669421,5.0,-0.1266600687068019,-0.0517365560509111,False,False,False,False,False,False,0,False
2026-03-27,2026-03-30,2026-04-01,2026,2026-03,1,0.0598797862662897,1,1,0,False,2026-03-27 20:00:00+00:00,2026-03-27 20:00:00+00:00,0.0,0.006383426035739603,1,2,0.05802452844670894,0.8846561083580776,46,True,0.008264462809917356,False,False,True,1,True,2026_H1,0.4297520661157025,2.0,-0.0173045798318373,-0.0386923261368466,False,False,False,False,False,False,1,True
2026-03-30,2026-03-31,2026-04-02,2026,2026-03,1,0.0313383231470873,0,0,1,False,2026-03-30 20:00:00+00:00,2026-03-30 20:00:00+00:00,0.0,0.006683267157834294,-1,7,1.3210809090743771,0.38276664942406,46,True,0.2975206611570248,False,False,False,0,False,2026_H1,0.7520661157024793,4.0,-0.0391539455598973,-0.0003016253409916,False,False,False,False,False,False,0,False
2026-03-31,2026-04-01,2026-04-03,2026,2026-04,1,0.0165276982610124,1,1,0,False,2026-03-31 20:00:00+00:00,2026-03-31 20:00:00+00:00,0.0,0.006652337367824224,1,9,3.4242904218651637,0.43756630925532325,46,True,0.7107438016528925,False,False,True,1,True,2026_H1,0.3925619834710744,0.0,-0.1973902860621614,-0.2690589404231651,False,False,False,False,False,False,1,True
2026-04-01,2026-04-02,2026-04-06,2026,2026-04,0,-0.0149924400427902,1,1,1,False,2026-04-01 20:00:00+00:00,2026-04-01 20:00:00+00:00,0.0,0.006332604848627632,-1,2,0.16857231823213506,0.16841548757467223,51,False,0.03305785123966942,False,False,False,1,False,2026_H1,0.640495867768595,4.0,-0.0301542904019908,0.008983625243939,False,False,False,False,False,False,1,False
2026-04-02,2026-04-03,2026-04-07,2026,2026-04,1,0.0022401659158665,1,1,0,False,2026-04-02 20:00:00+00:00,2026-04-02 20:00:00+00:00,0.0,0.006626497959646649,-1,3,0.03569066276030375,0.8689246568202702,51,False,0.008264462809917356,False,False,True,1,True,2026_H1,0.3512396694214876,1.0,-0.0226440253160913,-0.0234508731065157,False,False,False,False,False,False,1,True
2026-04-06,2026-04-07,2026-04-09,2026,2026-04,1,0.0173676428722943,0,0,1,False,2026-04-06 20:00:00+00:00,2026-04-06 20:00:00+00:00,0.0,0.006448587841078712,-1,4,0.5410122146707141,0.0,47,True,0.11570247933884298,False,False,False,0,False,2026_H1,0.6652892561983471,5.0,0.0555674472336396,0.0240039078142424,True,False,False,False,False,False,0,False
2026-04-07,2026-04-08,2026-04-10,2026,2026-04,1,0.0191135630903947,1,1,0,False,2026-04-07 20:00:00+00:00,2026-04-07 20:00:00+00:00,0.0,0.0060163874374250526,1,3,1.6547591522113414,0.0,47,True,0.36363636363636365,False,False,True,1,True,2026_H1,0.8099173553719008,6.0,-0.1887936284471122,-0.2610783748994912,False,False,False,False,False,False,1,True
2026-04-08,2026-04-09,2026-04-13,2026,2026-04,0,-0.0108933195119537,0,0,0,False,2026-04-08 20:00:00+00:00,2026-04-08 20:00:00+00:00,0.0,0.0060163874374250526,-1,17,3.526991712651396,0.5227501585444503,39,True,0.7272727272727273,False,False,True,0,True,2026_H1,0.3429752066115702,0.0,0.021004741221791,0.0188485342931984,True,False,False,False,False,False,0,True
2026-04-09,2026-04-10,2026-04-14,2026,2026-04,1,0.0104419343333572,1,1,0,False,2026-04-09 20:00:00+00:00,2026-04-09 20:00:00+00:00,0.0,0.006075671323913845,-1,1,0.08895983815897075,0.0,35,False,0.01652892561983471,False,False,True,1,True,2026_H1,0.3347107438016529,0.0,-0.1525153058573125,-0.1450060313752628,False,False,False,False,False,False,1,True
2026-04-10,2026-04-13,2026-04-15,2026,2026-04,1,0.0109312169594972,1,1,0,False,2026-04-10 20:00:00+00:00,2026-04-10 20:00:00+00:00,0.0,0.006170786471120238,1,8,0.22695802440867915,0.9584040451675896,33,True,0.05785123966942149,False,False,True,1,True,2026_H1,0.6487603305785123,4.0,0.2766532833585312,0.2796376837201965,True,False,False,False,False,False,1,True
2026-04-13,2026-04-14,2026-04-16,2026,2026-04,1,0.0178635735396682,1,1,0,False,2026-04-13 20:00:00+00:00,2026-04-13 20:00:00+00:00,0.0,0.006075671323913845,1,20,1.9966985208167114,0.0,29,True,0.4462809917355372,False,False,True,1,True,2026_H1,0.6900826446280992,4.0,0.0530764647533523,0.0490348264377399,True,False,False,False,False,False,1,True
2026-04-14,2026-04-15,2026-04-17,2026,2026-04,1,0.0051305786841962,1,1,0,False,2026-04-14 20:00:00+00:00,2026-04-14 20:00:00+00:00,0.0,0.0060127815988915145,1,43,5.552819651188757,0.1435385064655624,24,True,0.8925619834710744,False,False,True,1,True,2026_H1,0.2975206611570248,0.0,-0.1557954793695124,-0.1550599860342902,False,False,False,False,False,False,1,True
2026-04-15,2026-04-16,2026-04-20,2026,2026-04,0,-0.0022675039099369,0,0,0,False,2026-04-15 20:00:00+00:00,2026-04-15 20:00:00+00:00,0.0,0.0060127815988915145,-1,3,0.3076833811942592,0.0,24,True,0.0743801652892562,False,False,True,0,True,2026_H1,0.640495867768595,5.0,0.0077576118857545,-0.0078249841366198,True,False,False,False,False,False,0,True
2026-04-16,2026-04-17,2026-04-21,2026,2026-04,0,-0.009485693857888,0,0,0,False,2026-04-16 20:00:00+00:00,2026-04-16 20:00:00+00:00,0.0,0.0060163874374250526,-1,7,0.5821055759295566,0.04145407642721816,24,True,0.1487603305785124,False,False,True,0,True,2026_H1,0.487603305785124,0.0,0.0064507016826081,-0.0007350825504078,True,False,False,False,False,False,0,True
2026-04-17,2026-04-20,2026-04-22,2026,2026-04,0,-0.0153155026367113,1,1,1,False,2026-04-17 20:00:00+00:00,2026-04-17 20:00:00+00:00,0.0,0.005933344381462646,1,8,2.42030802279765,0.8097303038514453,19,True,0.5619834710743802,False,False,False,1,False,2026_H1,0.5,3.0,-0.1882443435575699,-0.1526169694635734,False,False,False,False,False,False,1,False
2026-04-20,2026-04-21,2026-04-23,2026,2026-04,0,-0.0188579719907445,1,1,1,False,2026-04-20 20:00:00+00:00,2026-04-20 20:00:00+00:00,0.0,0.005841169277912783,1,13,1.3501008739417073,0.0,19,True,0.33884297520661155,False,False,False,1,False,2026_H1,0.9297520661157024,5.0,-0.0328620796412767,-0.0310445068842782,False,False,False,False,False,False,1,False
2026-04-21,2026-04-22,2026-04-24,2026,2026-04,0,-0.0136278482380591,0,0,0,False,2026-04-21 20:00:00+00:00,2026-04-21 20:00:00+00:00,0.0,0.005637680652124111,1,0,0.5112474200592817,0.0,23,False,0.1322314049586777,False,False,True,0,True,2026_H1,0.3305785123966942,2.0,0.1816358120652348,0.1625197717386891,True,False,False,False,False,False,0,True
2026-04-22,2026-04-23,2026-04-27,2026,2026-04,0,-0.0102450346216095,0,0,0,False,2026-04-22 20:00:00+00:00,2026-04-22 20:00:00+00:00,0.0,0.005354072291260614,-1,6,0.575287595102164,0.4755411177066435,19,True,0.1487603305785124,False,False,True,0,True,2026_H1,0.7768595041322314,6.0,0.0333339958059187,0.049299229004631,True,False,False,False,False,False,0,True
2026-04-23,2026-04-24,2026-04-28,2026,2026-04,0,-0.0200948663477643,0,1,1,False,2026-04-23 20:00:00+00:00,2026-04-23 20:00:00+00:00,0.0,0.005068114721566097,-1,3,1.046866565503671,0.0,20,False,0.2892561983471074,False,False,False,1,False,2026_H1,,,,,,False,False,False,False,False,1,False
2026-04-24,2026-04-27,2026-04-29,2026,2026-04,0,-0.0290407292114404,1,1,1,False,2026-04-24 20:00:00+00:00,2026-04-24 20:00:00+00:00,0.0,0.005010881494365016,1,9,1.4038657641238004,0.12624348190044082,20,True,0.38016528925619836,False,False,False,1,False,2026_H1,0.5,2.0,-0.092454510049612,-0.1045402112361411,False,False,False,False,False,False,1,False
2026-04-27,2026-04-28,2026-04-30,2026,2026-04,0,-0.0203737921226416,0,0,0,False,2026-04-27 20:00:00+00:00,2026-04-27 20:00:00+00:00,0.0,0.004774628467429487,-1,8,1.4754662697602583,0.5759369924182407,19,True,0.3884297520661157,False,False,True,0,True,2026_H1,0.6487603305785123,4.0,0.0051746545465351,0.0278649233589757,True,False,False,False,False,False,0,True
2026-04-28,2026-04-29,2026-05-01,2026,2026-04,0,-0.0017967003206753,0,0,0,False,2026-04-28 20:00:00+00:00,2026-04-28 20:00:00+00:00,0.0,0.00460803242273311,1,8,0.6255636979069235,0.0,23,False,0.15702479338842976,False,False,True,0,True,2026_H1,0.7231404958677685,6.0,0.0266862193508857,0.0780115832926862,True,False,False,False,False,False,0,True
2026-04-29,2026-04-30,2026-05-04,2026,2026-04,1,0.0001379813333155,0,0,1,False,2026-04-29 20:00:00+00:00,2026-04-29 20:00:00+00:00,0.0,0.004487701397121846,1,5,0.32768801633791206,0.2199209652470484,26,False,0.0743801652892562,False,False,False,0,False,2026_H1,0.615702479338843,3.0,-0.0146372937234415,0.0362927143121976,False,False,False,False,False,False,0,False
2026-04-30,2026-05-01,2026-05-05,2026,2026-05,0,-0.01108340411372,1,1,1,False,2026-04-30 20:00:00+00:00,2026-04-30 20:00:00+00:00,0.0,0.0043347407323270915,-1,7,0.5922369114860487,0.7775932608529097,25,False,0.15702479338842976,False,False,False,1,False,2026_H1,0.8016528925619835,6.0,-0.1884937122382328,-0.2214657756219093,False,False,False,False,False,False,1,False
2026-05-01,2026-05-04,2026-05-06,2026,2026-05,1,0.0140316447310143,1,1,0,False,2026-05-01 20:00:00+00:00,2026-05-01 20:00:00+00:00,0.0,0.004286134789795781,1,0,0.0825321803684479,0.0,29,True,0.01652892561983471,False,False,True,1,True,2026_H1,0.2975206611570248,0.0,-0.044330071562889,-0.054859442993677,False,False,False,False,False,False,1,True
2026-05-04,2026-05-05,2026-05-07,2026,2026-05,1,0.0326382754766076,0,0,1,False,2026-05-04 20:00:00+00:00,2026-05-04 20:00:00+00:00,0.0,0.004102501809280845,-1,21,5.6016448508970145,0.6462191123513797,30,True,0.8925619834710744,True,False,False,1,True,2026_H1,0.2479338842975206,0.0,0.0252580325949171,0.0151086660740849,True,False,True,False,False,True,1,True
2026-05-05,2026-05-06,2026-05-08,2026,2026-05,1,0.0354966018078703,0,1,0,False,2026-05-05 20:00:00+00:00,2026-05-05 20:00:00+00:00,0.0,0.003962670912886601,-1,4,0.5043210751769502,0.09945254112558008,31,False,0.11570247933884298,False,False,True,1,True,2026_H1,,,,,,False,False,False,False,False,1,True
2026-05-06,2026-05-07,2026-05-11,2026,2026-05,1,0.0056120185727694,0,1,0,False,2026-05-06 20:00:00+00:00,2026-05-06 20:00:00+00:00,0.0,0.004179031717169934,-1,4,0.02755248587754103,0.4634540312049926,31,False,0.008264462809917356,False,False,True,1,True,2026_H1,,,,,,False,False,False,False,False,1,True
2026-05-07,2026-05-08,2026-05-12,2026,2026-05,0,-0.0023641425506438,0,0,0,False,2026-05-07 20:00:00+00:00,2026-05-07 20:00:00+00:00,0.0,0.004059332746516375,-1,5,3.0220319879636923,0.0,30,True,0.6776859504132231,False,False,True,0,True,2026_H1,0.5041322314049587,2.0,0.0249819805343147,0.0105102942077056,True,False,False,False,False,False,0,True
2026-05-08,2026-05-11,2026-05-13,2026,2026-05,0,-0.0044949146853097,1,0,0,True,2026-05-08 20:00:00+00:00,2026-05-08 20:00:00+00:00,0.0,0.003915709239827869,-1,6,1.2210826174550338,0.7623146792663399,34,False,0.3140495867768595,False,True,True,0,True,2026_H1,,,,,,False,False,False,False,False,0,True
2026-05-11,2026-05-12,2026-05-14,2026,2026-05,0,-0.0035606525201986,1,1,1,False,2026-05-11 20:00:00+00:00,2026-05-11 20:00:00+00:00,0.0,0.004177899265485507,1,8,3.089827425715458,0.00504859143183104,28,True,0.6859504132231405,False,False,False,1,False,2026_H1,0.1942148760330578,0.0,-0.1229683639743454,-0.1209653899052484,False,False,False,False,False,False,1,False
2026-05-12,2026-05-13,2026-05-15,2026,2026-05,0,-0.0298274668211511,1,1,1,False,2026-05-12 20:00:00+00:00,2026-05-12 20:00:00+00:00,0.0,0.004325534397162656,1,2,1.4653354800794183,0.029374697137973024,25,True,0.371900826446281,False,False,False,1,False,2026_H1,0.9462809917355371,5.0,-0.0411559760507774,-0.0598930196842199,False,False,False,False,False,False,1,False
2026-05-13,2026-05-14,2026-05-18,2026,2026-05,0,-0.0324367496995544,0,0,0,False,2026-05-13 20:00:00+00:00,2026-05-13 20:00:00+00:00,0.0,0.0042673738437848385,-1,18,0.9173494817208276,0.5444230343603784,25,True,0.24793388429752067,False,False,True,0,True,2026_H1,0.7975206611570248,6.0,-0.1418822706745469,-0.1545798576817969,False,False,False,False,False,False,0,True
2026-05-14,2026-05-15,2026-05-19,2026,2026-05,0,-0.0347954859178986,0,0,0,False,2026-05-14 20:00:00+00:00,2026-05-14 20:00:00+00:00,0.0,0.004004787106344665,-1,7,2.0069373692921455,0.0,29,True,0.49586776859504134,False,False,True,0,True,2026_H1,0.3099173553719008,0.0,-0.0088442240886803,-0.0472748263216675,False,False,False,False,False,False,0,True
2026-05-15,2026-05-18,2026-05-20,2026,2026-05,0,-0.0141978006556117,0,0,0,False,2026-05-15 20:00:00+00:00,2026-05-15 20:00:00+00:00,0.0,0.004212577251002436,1,3,0.052991637714125406,0.10925615551218958,27,False,0.008264462809917356,False,False,True,0,True,2026_H1,0.6239669421487604,5.0,0.1712151544673284,0.1576536377705694,True,False,False,False,False,False,0,True
2026-05-18,2026-05-19,2026-05-21,2026,2026-05,0,-0.0036507688536883,1,1,1,False,2026-05-18 20:00:00+00:00,2026-05-18 20:00:00+00:00,0.0,0.0042673738437848385,1,1,0.5947246742051767,0.0,28,True,0.15702479338842976,False,False,False,1,False,2026_H1,0.6735537190082646,4.0,-0.2474379527441763,-0.2285612105474811,False,False,False,False,False,False,1,False
2026-05-19,2026-05-20,2026-05-22,2026,2026-05,0,-0.0010039495418823,0,0,0,False,2026-05-19 20:00:00+00:00,2026-05-19 20:00:00+00:00,0.0,0.004320751138463308,-1,18,4.108254183481348,0.0,28,True,0.8512396694214877,False,False,True,0,True,2026_H1,0.0785123966942148,0.0,0.147180692814972,0.0484170558575404,True,False,False,False,False,False,0,True
2026-05-20,2026-05-21,2026-05-25,2026,2026-05,1,0.0138299724797677,1,1,0,False,2026-05-20 20:00:00+00:00,2026-05-20 20:00:00+00:00,0.0,0.004320751138463308,1,12,3.3093234289691154,0.09670139450266221,25,True,0.7107438016528925,False,False,True,1,True,2026_H1,0.5743801652892562,3.0,0.1303396394168701,0.1722376531761286,True,False,False,False,False,False,1,True
2026-05-21,2026-05-22,2026-05-26,2026,2026-05,0,-0.0021013169130118,1,1,1,False,2026-05-21 20:00:00+00:00,2026-05-21 20:00:00+00:00,0.0,0.004286134789795781,1,3,1.4778618874174902,0.4564960461701059,27,True,0.4049586776859504,False,False,False,1,False,2026_H1,0.6570247933884298,3.0,0.0847359433620018,0.1471875266471186,True,False,False,False,False,False,1,False
2026-05-22,2026-05-25,2026-05-27,2026,2026-05,0,-0.0108465324222985,0,0,0,False,2026-05-22 20:00:00+00:00,2026-05-22 20:00:00+00:00,0.0,0.004087157799788521,1,5,0.1820716415400316,0.0,33,False,0.04132231404958678,False,False,True,0,True,2026_H1,0.7520661157024793,6.0,0.0096581508060253,-0.0111842514002894,True,False,False,False,False,False,0,True
2026-05-26,2026-05-27,2026-05-29,2026,2026-05,1,0.0020637926740045,0,0,1,False,2026-05-26 20:00:00+00:00,2026-05-26 20:00:00+00:00,0.0,0.004011658197265788,1,1,0.036031732144454987,0.07743572481555663,33,False,0.008264462809917356,False,False,False,0,False,2026_H1,0.7355371900826446,5.0,0.2961477631642797,0.2227399012642508,True,True,False,True,False,True,1,True
2026-05-27,2026-05-28,2026-06-01,2026,2026-05,1,0.0060472861208075,0,0,1,False,2026-05-27 20:00:00+00:00,2026-05-27 20:00:00+00:00,0.0,0.004038561257623918,1,4,0.6771886937223018,0.0,32,False,0.18181818181818182,False,False,False,0,False,2026_H1,0.6694214876033058,4.0,-0.1541196766507116,-0.1944184623460221,False,False,False,False,False,False,0,False
2026-05-28,2026-05-29,2026-06-02,2026,2026-05,1,0.0149155671546139,1,1,0,False,2026-05-28 20:00:00+00:00,2026-05-28 20:00:00+00:00,0.0,0.004183713080067264,1,11,6.462009300054304,0.7643148596687804,30,True,0.9421487603305785,True,False,True,0,False,2026_H1,0.2727272727272727,0.0,-0.0164668059966268,0.0008251183790241,False,False,True,False,False,True,0,False
2026-05-29,2026-06-01,2026-06-03,2026,2026-06,0,-0.0165141449322191,1,1,1,False,2026-05-29 20:00:00+00:00,2026-05-29 20:00:00+00:00,0.0,0.004222230055067833,-1,1,0.3056420209591272,0.8368525636592403,29,False,0.0743801652892562,False,False,False,1,False,2026_H1,0.4049586776859504,2.0,0.147646490527073,0.2111646667993606,True,False,False,False,False,False,1,False
2026-06-01,2026-06-02,2026-06-04,2026,2026-06,0,-0.0052491452770104,0,0,0,False,2026-06-01 20:00:00+00:00,2026-06-01 20:00:00+00:00,0.0,0.004320751138463308,1,5,0.9240529745191806,0.13837817227902527,30,False,0.2644628099173554,False,False,True,0,True,2026_H1,0.5826446280991735,3.0,0.3267212681201804,0.3108311135038259,True,False,False,False,False,False,0,True
2026-06-02,2026-06-03,2026-06-05,2026,2026-06,0,-0.0224871364434256,0,0,0,False,2026-06-02 20:00:00+00:00,2026-06-02 20:00:00+00:00,0.0,0.0043830487541267615,-1,8,1.6132197825714123,0.2626828759010632,24,True,0.4297520661157025,False,False,True,0,True,2026_H1,0.5619834710743802,1.0,-0.0966483398268862,-0.128399032573673,False,False,False,False,False,False,0,True
2026-06-03,2026-06-04,2026-06-08,2026,2026-06,0,-0.0309072959451071,0,0,0,False,2026-06-03 20:00:00+00:00,2026-06-03 20:00:00+00:00,0.0,0.004183713080067264,-1,5,0.4896664635757696,0.0,23,True,0.11570247933884298,False,False,True,0,True,2026_H1,0.4710743801652892,2.0,0.1364034800649197,0.1258153331393817,True,False,False,False,False,False,0,True
2026-06-04,2026-06-05,2026-06-09,2026,2026-06,0,-0.0384695672988996,1,0,0,True,2026-06-04 20:00:00+00:00,2026-06-04 20:00:00+00:00,0.0,0.004183713080067264,-1,6,1.4399186765466658,0.49421597263070727,26,False,0.39669421487603307,False,True,True,0,True,2026_H1,,,,,,False,False,False,False,False,0,True
2026-06-05,2026-06-08,2026-06-10,2026,2026-06,0,-0.0598515776246885,0,0,0,False,2026-06-05 20:00:00+00:00,2026-06-05 20:00:00+00:00,0.0,0.00424723630795576,1,0,0.1787420405432166,0.0,28,False,0.04132231404958678,False,False,True,0,True,2026_H1,0.1074380165289256,0.0,0.9343864201131044,0.903567477475684,True,False,False,False,False,False,0,True
2026-06-08,2026-06-09,2026-06-11,2026,2026-06,0,-0.0491625283616522,1,1,1,False,2026-06-08 20:00:00+00:00,2026-06-08 20:00:00+00:00,0.0,0.004347696627514885,1,9,1.809133153170682,0.6488958659764651,27,True,0.4793388429752066,False,False,False,1,False,2026_H1,0.5661157024793388,3.0,-0.1186352842553083,-0.1504804483259462,False,False,False,False,False,False,1,False
2026-06-09,2026-06-10,2026-06-12,2026,2026-06,0,-0.0236148830806284,0,0,0,False,2026-06-09 20:00:00+00:00,2026-06-09 20:00:00+00:00,0.0,0.004320751138463308,-1,6,3.9214426394147233,0.4758056419805577,27,True,0.8347107438016529,False,False,True,0,True,2026_H1,0.1570247933884297,0.0,0.0083749924271308,0.0167070768750027,True,False,False,False,False,False,0,True
2026-06-10,2026-06-11,2026-06-15,2026,2026-06,1,0.0425007479834057,0,0,1,False,2026-06-10 20:00:00+00:00,2026-06-10 20:00:00+00:00,0.0,0.004373907172011471,-1,6,5.0018693144658455,0.0,24,True,0.8842975206611571,False,False,False,0,False,2026_H1,0.5578512396694215,3.0,0.103722693659246,0.1928559933803115,True,False,False,False,False,False,0,False
2026-06-11,2026-06-12,2026-06-16,2026,2026-06,1,0.051714529043963,1,1,0,False,2026-06-11 20:00:00+00:00,2026-06-11 20:00:00+00:00,0.0,0.004284146778195108,1,3,6.8147943968224896,0.0,33,True,0.9504132231404959,False,False,True,1,True,2026_H1,0.0867768595041322,0.0,-0.0443220120725111,-0.0848069406918972,False,False,False,False,False,False,1,True
2026-06-12,2026-06-15,2026-06-17,2026,2026-06,1,0.026747592048209,0,1,0,False,2026-06-12 20:00:00+00:00,2026-06-12 20:00:00+00:00,0.0,0.0043830487541267615,1,5,0.8957404098733596,0.16141667885545014,29,False,0.24793388429752067,False,False,True,1,True,2026_H1,,,,,,False,False,False,False,False,1,True
2026-06-15,2026-06-16,2026-06-18,2026,2026-06,0,-0.0152543199959568,0,0,0,False,2026-06-15 20:00:00+00:00,2026-06-15 20:00:00+00:00,0.0,0.0046846766078214586,-1,3,1.3283864951192932,0.0,31,True,0.34710743801652894,False,False,True,0,True,2026_H1,0.7066115702479339,4.0,-0.1063590220906074,-0.0184212219033983,False,False,False,False,False,False,0,True
2026-06-16,2026-06-17,2026-06-19,2026,2026-06,0,-0.0408913525511036,0,1,1,False,2026-06-16 20:00:00+00:00,2026-06-16 20:00:00+00:00,0.0,0.004443211320656282,-1,7,0.6259757089410941,0.4450892569242485,31,False,0.17355371900826447,False,False,False,1,False,2026_H1,,,,,,False,False,False,False,False,1,False
2026-06-17,2026-06-18,2026-06-22,2026,2026-06,0,-0.0301061214552429,0,0,0,False,2026-06-17 20:00:00+00:00,2026-06-17 20:00:00+00:00,0.0,0.004443211320656282,1,0,0.16085268954707493,0.0,34,False,0.03305785123966942,False,False,True,0,True,2026_H1,0.359504132231405,2.0,-0.8611008431871465,-0.7460495964516084,False,False,False,False,False,False,0,True
2026-06-18,2026-06-19,2026-06-23,2026,2026-06,0,-0.0320507021006273,0,0,0,False,2026-06-18 20:00:00+00:00,2026-06-18 20:00:00+00:00,0.0,0.00461210072088214,-1,13,4.653997876979978,0.0,33,True,0.859504132231405,False,False,True,0,True,2026_H1,0.5371900826446281,1.0,-0.1643852830388621,-0.104291859535227,False,False,False,False,False,False,0,True
2026-06-22,2026-06-23,2026-06-25,2026,2026-06,0,-0.0452335719492087,0,1,1,False,2026-06-22 20:00:00+00:00,2026-06-22 20:00:00+00:00,0.0,0.004676505686503241,-1,5,1.7140084652471763,0.0,35,False,0.47107438016528924,False,False,False,1,False,2026_H1,,,,,,False,False,False,False,False,1,False
2026-06-23,2026-06-24,2026-06-26,2026,2026-06,0,-0.0193030972813819,1,0,0,True,2026-06-23 20:00:00+00:00,2026-06-23 20:00:00+00:00,0.0,0.00476349674936305,-1,2,0.40365170233510494,0.0,33,False,0.10743801652892562,False,True,True,0,True,2026_H1,,,,,,False,False,False,False,False,0,True
2026-06-24,2026-06-25,2026-06-29,2026,2026-06,1,0.0004852229892842,0,0,1,False,2026-06-24 20:00:00+00:00,2026-06-24 20:00:00+00:00,0.0,0.005057846819538803,1,0,0.3137681656724006,0.0,34,False,0.08264462809917356,False,False,False,0,False,2026_H1,0.5785123966942148,3.0,-0.774061572226886,-0.6285174922792993,False,False,False,False,False,False,0,False
2026-06-25,2026-06-26,2026-06-30,2026,2026-06,1,0.0015465360681447,1,1,0,False,2026-06-25 20:00:00+00:00,2026-06-25 20:00:00+00:00,0.0,0.005113774055887532,1,8,2.1727203950606677,0.7677975262291642,32,True,0.5867768595041323,False,False,True,1,True,2026_H1,0.6280991735537189,3.0,0.1551074836305552,0.0341546935534601,True,False,False,False,False,False,1,True
2026-06-26,2026-06-29,2026-07-01,2026,2026-06,0,-0.0073619416947728,1,1,1,False,2026-06-26 20:00:00+00:00,2026-06-26 20:00:00+00:00,0.0,0.005057846819538803,-1,2,0.16379272961484379,0.6817194883218262,30,False,0.03305785123966942,False,False,False,1,False,2026_H1,0.3760330578512396,0.0,-0.084177656245342,-0.1904404182279674,False,False,False,False,False,False,1,False
2026-06-29,2026-06-30,2026-07-02,2026,2026-06,1,0.0122649614251593,0,0,1,False,2026-06-29 20:00:00+00:00,2026-06-29 20:00:00+00:00,0.0,0.004963773298148233,-1,25,2.888573812680062,0.13499899932319628,28,True,0.6694214876033058,False,False,False,0,False,2026_H1,0.6983471074380165,4.0,-0.2126400111288771,-0.0998234509669288,False,False,False,False,False,False,0,False
2026-06-30,2026-07-01,2026-07-03,2026,2026-07,1,0.0393519434722169,0,1,0,False,2026-06-30 20:00:00+00:00,2026-06-30 20:00:00+00:00,0.0,0.004963773298148233,-1,1,0.5071217371134166,0.0,28,False,0.11570247933884298,False,False,True,1,True,2026_H2,,,,,,False,False,False,False,False,1,True
2026-07-01,2026-07-02,2026-07-06,2026,2026-07,1,0.0341129191765136,1,1,0,False,2026-07-01 20:00:00+00:00,2026-07-01 20:00:00+00:00,0.0,0.005163570989605404,-1,4,2.007461896519368,0.0,28,False,0.5371900826446281,False,False,True,1,True,2026_H2,0.524793388429752,0.0,0.1244141411922894,0.0300371801827848,True,False,False,False,False,False,1,True
2026-07-02,2026-07-03,2026-07-07,2026,2026-07,1,0.0107386193539441,1,1,0,False,2026-07-02 20:00:00+00:00,2026-07-02 20:00:00+00:00,0.0,0.0052350541210692825,-1,3,0.39985113844173625,0.7404781854525371,29,False,0.09917355371900827,False,False,True,1,True,2026_H2,0.4380165289256198,2.0,0.0948811331886933,0.0186450372439761,True,False,False,False,False,False,1,True
2026-07-06,2026-07-07,2026-07-09,2026,2026-07,0,-0.0129839424172804,1,1,1,False,2026-07-06 20:00:00+00:00,2026-07-06 20:00:00+00:00,0.0,0.005353852424464733,1,3,0.6622638342485845,0.0,30,True,0.17355371900826447,False,False,False,1,False,2026_H2,0.6983471074380165,4.0,0.1149473367096466,-0.0679915297890003,True,False,False,False,False,False,1,False
2026-07-07,2026-07-08,2026-07-10,2026,2026-07,0,-0.0056394478010456,0,0,0,False,2026-07-07 20:00:00+00:00,2026-07-07 20:00:00+00:00,0.0,0.005427119003416969,-1,5,1.9968104098900796,0.0,29,True,0.5289256198347108,False,False,True,0,True,2026_H2,0.6239669421487604,4.0,-0.2707521008874771,-0.2324658410827621,False,False,False,False,False,False,0,True
2026-07-08,2026-07-09,2026-07-13,2026,2026-07,0,-0.0108312217142931,1,1,1,False,2026-07-08 20:00:00+00:00,2026-07-08 20:00:00+00:00,0.0,0.005353852424464733,1,4,1.2951480198446441,0.3424794424095886,30,True,0.32231404958677684,False,False,False,1,False,2026_H2,0.9090909090909092,6.0,0.1760564771545295,-0.0549391444694907,True,False,False,False,False,False,1,False
2026-07-09,2026-07-10,2026-07-14,2026,2026-07,0,-0.0163561245063727,1,1,1,False,2026-07-09 20:00:00+00:00,2026-07-09 20:00:00+00:00,0.0,0.00546866339535601,1,27,3.554879705815579,0.5963768833448283,25,True,0.7933884297520661,False,False,False,1,False,2026_H2,0.4586776859504132,2.0,0.1768200275231464,0.0643545699856326,True,False,False,False,False,False,1,False
2026-07-10,2026-07-13,2026-07-15,2026,2026-07,0,-0.0160903057470039,1,1,1,False,2026-07-10 20:00:00+00:00,2026-07-10 20:00:00+00:00,0.0,0.005180791718874644,-1,16,1.0781741395938251,0.5638799900031611,25,False,0.2975206611570248,False,False,False,1,False,2026_H2,0.9132231404958676,6.0,0.1940712000811527,0.0201930283916419,True,True,False,True,False,True,0,True
2026-07-13,2026-07-14,2026-07-16,2026,2026-07,0,-0.0069118146841039,0,0,0,False,2026-07-13 20:00:00+00:00,2026-07-13 20:00:00+00:00,0.0,0.005180791718874644,-1,7,2.9544452562465042,0.40488339449767924,25,True,0.6859504132231405,False,False,True,0,True,2026_H2,0.2148760330578512,1.0,-0.2042850838334855,-0.1075181585991292,False,False,False,False,False,False,0,True
2026-07-14,2026-07-15,2026-07-17,2026,2026-07,0,-0.0099411446801312,1,1,1,False,2026-07-14 20:00:00+00:00,2026-07-14 20:00:00+00:00,0.0,0.004868804556747541,-1,5,0.7486877250690772,0.0,29,False,0.21487603305785125,False,False,False,1,False,2026_H2,0.2892561983471074,0.0,0.0333944919534353,0.0204043181700009,True,False,False,False,False,False,1,False
2026-07-15,2026-07-16,2026-07-20,2026,2026-07,0,-0.007981320117178,1,1,1,False,2026-07-15 20:00:00+00:00,2026-07-15 20:00:00+00:00,0.0,0.004762499596262515,1,3,0.4707754285600602,0.09291583989977709,28,True,0.10743801652892562,False,False,False,1,False,2026_H2,0.9338842975206612,5.0,0.1453270903390096,0.0413828784426387,True,True,False,True,False,True,0,True
2026-07-16,2026-07-17,2026-07-21,2026,2026-07,1,0.0121796099535001,0,0,1,False,2026-07-16 20:00:00+00:00,2026-07-16 20:00:00+00:00,0.0,0.004762499596262515,-1,19,3.6334612424882873,0.0,27,True,0.8181818181818182,False,False,False,0,False,2026_H2,0.2066115702479339,1.0,0.0484155032878029,0.1084502367339425,True,False,False,False,False,False,0,False
2026-07-17,2026-07-20,2026-07-22,2026,2026-07,1,0.0317969939740524,1,1,0,False,2026-07-17 20:00:00+00:00,2026-07-17 20:00:00+00:00,0.0,0.004886155419611349,1,7,1.7958925361394047,0.26973044899510984,27,True,0.47107438016528924,False,False,True,1,True,2026_H2,0.4380165289256198,1.0,0.0981933418036397,-0.063394327787034,True,False,False,False,False,False,1,True
2026-07-20,2026-07-21,2026-07-23,2026,2026-07,1,0.0171175339594373,0,0,1,False,2026-07-20 20:00:00+00:00,2026-07-20 20:00:00+00:00,0.0,0.0044398738538360405,-1,8,0.19344150901597595,0.1460227500542532,32,True,0.049586776859504134,False,False,False,0,False,2026_H2,0.7768595041322314,6.0,-0.0066733595563454,0.1157565374458475,False,False,False,False,False,False,0,False
2026-07-21,2026-07-22,2026-07-24,2026,2026-07,0,-0.0026131495662138,1,1,1,False,2026-07-21 20:00:00+00:00,2026-07-21 20:00:00+00:00,0.0,0.0043848609381820225,1,5,0.7582241894774201,0.3572725017480829,32,True,0.21487603305785125,False,False,False,1,False,2026_H2,0.8512396694214877,6.0,0.0605140644720448,-0.0692960604088612,True,False,False,False,False,False,1,False
2026-07-22,2026-07-23,2026-07-27,2026,2026-07,0,-0.0097863383896712,1,1,1,False,2026-07-22 20:00:00+00:00,2026-07-22 20:00:00+00:00,0.0,0.0044398738538360405,-1,2,0.5795180316723625,0.0,31,False,0.15702479338842976,False,False,False,1,False,2026_H2,0.7685950413223142,4.0,0.0072820484655962,-0.0292521785218406,True,False,False,False,False,False,1,False
2026-07-23,2026-07-24,2026-07-28,2026,2026-07,0,-0.0112494274049455,0,0,0,False,2026-07-23 20:00:00+00:00,2026-07-23 20:00:00+00:00,0.0,0.004413975747266541,-1,25,5.635886160659424,0.4701168776322904,28,True,0.9504132231404959,False,False,True,0,True,2026_H2,0.4256198347107438,0.0,-0.1511594151057355,-0.080989029775156,False,False,False,False,False,False,0,True
2026-07-24,2026-07-27,2026-07-29,2026,2026-07,0,-0.0031373912722266,0,1,1,False,2026-07-24 20:00:00+00:00,2026-07-24 20:00:00+00:00,0.0,0.004422945942356371,-1,2,0.3227630539442172,0.817918076281696,28,False,0.0743801652892562,False,False,False,1,False,2026_H2,,,,,,False,False,False,False,False,1,False
2026-07-27,2026-07-28,2026-07-30,2026,2026-07,0,-0.0014492969041425,0,0,0,False,2026-07-27 20:00:00+00:00,2026-07-27 20:00:00+00:00,0.0,0.004413975747266541,-1,17,1.0032891515445057,0.15558712503597955,27,True,0.2727272727272727,False,False,True,0,True,2026_H2,0.6487603305785123,4.0,-0.1155552901802947,-0.001684128061537,False,False,False,False,False,False,0,True
2026-07-28,2026-07-29,2026-07-31,2026,2026-07,1,0.0056959521665487,0,1,0,True,2026-07-28 20:00:00+00:00,2026-07-28 20:00:00+00:00,0.0,0.004404371709553878,-1,3,0.3167680503900785,0.32145401809561497,28,False,0.0743801652892562,False,True,True,1,True,2026_H2,,,,,,False,False,False,False,False,1,True
2026-07-29,2026-07-30,2026-08-03,2026,2026-07,1,0.0033940780885721,1,1,0,False,2026-07-29 20:00:00+00:00,2026-07-29 20:00:00+00:00,0.0,0.004404371709553878,1,0,0.17512979869072118,0.0,31,True,0.04132231404958678,False,False,True,1,True,2026_H2,0.6942148760330579,4.0,-0.1025256136830749,-0.3638448651222699,False,False,False,False,False,False,1,True
2026-07-30,2026-07-31,2026-08-04,2026,2026-07,0,-0.0030498862452493,1,1,1,False,2026-07-30 20:00:00+00:00,2026-07-30 20:00:00+00:00,0.0,0.0044072558369716575,1,12,3.481881007149637,0.5009147090987129,30,True,0.7851239669421488,False,False,False,1,False,2026_H2,0.5371900826446281,2.0,0.2180664922646223,0.1066803333432191,True,False,False,False,False,False,1,False
2026-07-31,2026-08-03,2026-08-05,2026,2026-08,1,0.0309111463397286,0,1,0,True,2026-07-31 20:00:00+00:00,2026-07-31 20:00:00+00:00,0.0,0.004279957631146303,1,6,0.6144435731027003,0.15922658220910926,28,False,0.18181818181818182,False,True,True,1,True,2026_H2,,,,,,False,False,False,False,False,1,True
2026-08-03,2026-08-04,2026-08-06,2026,2026-08,1,0.0498407883126783,0,1,0,True,2026-08-03 20:00:00+00:00,2026-08-03 20:00:00+00:00,0.0,0.004080995207180749,1,1,0.4647397561144908,0.0,24,False,0.11570247933884298,False,True,True,1,True,2026_H2,,,,,,False,False,False,False,False,1,True
2026-08-04,2026-08-05,2026-08-07,2026,2026-08,1,0.0575613454182827,1,1,0,False,2026-08-04 20:00:00+00:00,2026-08-04 20:00:00+00:00,0.0,0.004053133653820318,1,9,1.7076740160464872,0.9648842891785903,23,True,0.4793388429752066,False,False,True,1,True,2026_H2,0.6983471074380165,5.0,0.2235503957808207,0.1734601251579366,True,False,False,False,False,False,1,True
2026-08-05,2026-08-06,2026-08-10,2026,2026-08,1,0.0384305943834909,1,1,0,False,2026-08-05 20:00:00+00:00,2026-08-05 20:00:00+00:00,0.0,0.004096208153364422,1,9,4.964772286969196,0.7468925529841667,23,True,0.9008264462809917,True,False,True,0,False,2026_H2,0.5619834710743802,3.0,-0.0164791800088351,-0.0528827299150473,False,False,True,False,False,True,0,False
2026-08-06,2026-08-07,2026-08-11,2026,2026-08,1,0.0291992898198628,0,1,0,True,2026-08-06 20:00:00+00:00,2026-08-06 20:00:00+00:00,0.0,0.004060010050347174,-1,5,1.3249250409370177,0.41289914232985137,27,False,0.35537190082644626,False,True,True,1,True,2026_H2,,,,,,False,False,False,False,False,1,True
2026-08-07,2026-08-10,2026-08-12,2026,2026-08,1,0.0220882908566863,1,1,0,False,2026-08-07 20:00:00+00:00,2026-08-07 20:00:00+00:00,0.0,0.004162241937505584,-1,6,0.7668652181785276,0.5576503779698926,30,False,0.23140495867768596,False,False,True,1,True,2026_H2,0.8884297520661157,4.0,0.0592603946007753,0.0506609674469537,True,False,False,False,False,False,1,True
2026-08-10,2026-08-11,2026-08-13,2026,2026-08,1,0.006575979885047,1,1,0,False,2026-08-10 20:00:00+00:00,2026-08-10 20:00:00+00:00,0.0,0.004349031917924684,1,6,2.7677092971334263,0.0,30,True,0.6611570247933884,False,False,True,1,True,2026_H2,0.4380165289256198,1.0,-0.1644257266216618,-0.2654733087219882,False,False,False,False,False,False,1,True
2026-08-11,2026-08-12,2026-08-14,2026,2026-08,0,-0.0063134555479986,0,1,1,True,2026-08-11 20:00:00+00:00,2026-08-11 20:00:00+00:00,0.0,0.004394158893935796,-1,3,0.3222046260514239,0.0,32,False,0.08264462809917356,False,True,False,1,False,2026_H2,,,,,,False,False,False,False,False,1,False
2026-08-12,2026-08-13,2026-08-17,2026,2026-08,0,-0.0005992631966162,1,0,0,True,2026-08-12 20:00:00+00:00,2026-08-12 20:00:00+00:00,0.0,0.004383178913603736,-1,4,0.9662127728958755,0.4803755866584439,33,False,0.2644628099173554,False,True,True,0,True,2026_H2,,,,,,False,False,False,False,False,0,True
2026-08-13,2026-08-14,2026-08-18,2026,2026-08,1,0.0002876127929909,0,1,0,True,2026-08-13 20:00:00+00:00,2026-08-13 20:00:00+00:00,0.0,0.004400332588358147,-1,7,1.7019304512993372,0.04640890369458449,32,False,0.47107438016528924,False,True,True,1,True,2026_H2,,,,,,False,False,False,False,False,1,True
2026-08-14,2026-08-17,2026-08-19,2026,2026-08,1,0.0137807796795515,1,1,0,False,2026-08-14 20:00:00+00:00,2026-08-14 20:00:00+00:00,0.0,0.004457242392400751,1,14,2.9836576582587573,0.8538502256921541,30,True,0.7024793388429752,False,False,True,1,True,2026_H2,0.756198347107438,4.0,-0.1176558863385073,-0.0784033557362728,False,False,False,False,False,False,1,True
2026-08-17,2026-08-18,2026-08-20,2026,2026-08,1,0.0218059300053339,1,1,0,False,2026-08-17 20:00:00+00:00,2026-08-17 20:00:00+00:00,0.0,0.004457242392400751,-1,2,0.08817150191184345,0.5021240637316035,32,False,0.024793388429752067,False,False,True,1,True,2026_H2,0.6652892561983471,6.0,-0.3621779064585302,-0.2981824182656066,False,False,False,False,False,False,1,True
2026-08-18,2026-08-19,2026-08-21,2026,2026-08,1,0.0441155114186256,0,0,1,False,2026-08-18 20:00:00+00:00,2026-08-18 20:00:00+00:00,0.0,0.0045804865343379575,-1,19,4.000482930681355,0.0,30,True,0.8677685950413223,False,False,False,0,False,2026_H2,0.243801652892562,0.0,-0.0736466153046306,-0.1896367139497957,False,False,False,False,False,False,0,False
2026-08-19,2026-08-20,2026-08-24,2026,2026-08,1,0.0504625395201084,1,1,0,False,2026-08-19 20:00:00+00:00,2026-08-19 20:00:00+00:00,0.0,0.004602629260031854,1,12,8.28826859436866,0.0,29,True,0.9917355371900827,False,False,True,1,True,2026_H2,0.024793388429752,0.0,-0.217104773758135,-0.1683288738296014,False,False,False,False,False,False,1,True
2026-08-20,2026-08-21,2026-08-25,2026,2026-08,1,0.0318112493998672,1,0,1,True,2026-08-20 20:00:00+00:00,2026-08-20 20:00:00+00:00,0.0,0.00456203908443964,1,6,1.9746901785890005,0.46902188327617333,27,False,0.5041322314049587,False,True,False,0,False,2026_H2,,,,,,False,False,False,False,False,0,False
2026-08-21,2026-08-24,2026-08-26,2026,2026-08,1,0.0092167753149813,1,0,1,True,2026-08-21 20:00:00+00:00,2026-08-21 20:00:00+00:00,0.0,0.00456203908443964,1,29,6.783750200478876,0.2808099561538791,24,False,0.9669421487603306,False,True,False,0,False,2026_H2,,,,,,False,False,False,False,False,0,False
2026-08-24,2026-08-25,2026-08-27,2026,2026-08,0,-0.0090575042639794,1,0,0,True,2026-08-24 20:00:00+00:00,2026-08-24 20:00:00+00:00,0.0,0.004464878751730517,-1,5,0.6452088418848042,0.8098475719290987,26,False,0.18181818181818182,False,True,True,0,True,2026_H2,,,,,,False,False,False,False,False,0,True
2026-08-25,2026-08-26,2026-08-28,2026,2026-08,0,-0.0211818553410563,1,0,0,True,2026-08-25 20:00:00+00:00,2026-08-25 20:00:00+00:00,0.0,0.00456203908443964,1,5,1.4265611637518225,0.3483313545961559,24,False,0.3884297520661157,False,True,True,0,True,2026_H2,,,,,,False,False,False,False,False,0,True
2026-08-26,2026-08-27,2026-08-31,2026,2026-08,0,-0.0402718242816912,0,0,0,True,2026-08-26 20:00:00+00:00,2026-08-26 20:00:00+00:00,0.0,0.00456203908443964,-1,20,2.8619631196825392,0.033002171414474514,23,True,0.6446280991735537,False,True,True,0,True,2026_H2,0.7107438016528926,4.0,-0.0073619486753193,-0.1376614725452588,False,False,False,False,False,False,0,True
2026-08-27,2026-08-28,2026-09-01,2026,2026-08,0,-0.0494608442614443,0,1,1,True,2026-08-27 20:00:00+00:00,2026-08-27 20:00:00+00:00,0.0,0.004508200079362368,1,5,1.0713810393281393,0.6899033618479266,24,False,0.2975206611570248,False,True,False,1,False,2026_H2,,,,,,False,False,False,False,False,1,False
2026-08-28,2026-08-31,2026-09-02,2026,2026-08,0,-0.0462378548507739,0,0,0,False,2026-08-28 20:00:00+00:00,2026-08-28 20:00:00+00:00,0.0,0.004512761310312641,1,0,0.14764404042124463,0.0,26,False,0.03305785123966942,False,False,True,0,True,2026_H2,0.0619834710743801,0.0,0.2257065985935815,-0.1333719060370505,True,False,False,False,False,False,0,True
2026-08-31,2026-09-01,2026-09-03,2026,2026-09,1,0.0024591734680055,1,1,0,True,2026-08-31 20:00:00+00:00,2026-08-31 20:00:00+00:00,0.0,0.004559562181214005,1,1,0.6086357132720445,0.22909419098114076,27,True,0.18181818181818182,False,True,True,1,True,2026_H2,0.9462809917355371,6.0,-0.2562762251864141,-0.207089166191722,False,False,False,False,False,False,1,True
2026-09-01,2026-09-02,2026-09-04,2026,2026-09,1,0.015568877157478,0,0,1,False,2026-09-01 20:00:00+00:00,2026-09-01 20:00:00+00:00,0.0,0.004613144944346281,-1,16,5.286240367530243,0.0842439153269611,25,True,0.9090909090909091,False,False,False,0,False,2026_H2,0.6033057851239669,3.0,0.4076022467583061,0.3368096051708403,True,False,False,False,False,False,0,False
2026-09-02,2026-09-03,2026-09-07,2026,2026-09,1,0.0143427915777457,1,1,0,False,2026-09-02 20:00:00+00:00,2026-09-02 20:00:00+00:00,0.0,0.004766156914197239,1,15,3.762701245711909,0.16083070200495442,23,True,0.8347107438016529,False,False,True,1,True,2026_H2,0.3636363636363636,2.0,-0.1552973557393165,-0.1138843453712045,False,False,False,False,False,False,1,True
2026-09-03,2026-09-04,2026-09-08,2026,2026-09,0,-0.0117381551801408,1,1,1,False,2026-09-03 20:00:00+00:00,2026-09-03 20:00:00+00:00,0.0,0.0046208782307441965,1,5,0.13245752761181515,0.993571112976674,23,True,0.03305785123966942,False,False,False,1,False,2026_H2,0.3884297520661157,1.0,-0.0189211266181651,0.0617297253815635,False,False,False,False,False,False,1,False
2026-09-04,2026-09-07,2026-09-09,2026,2026-09,0,-0.0126185352726498,0,1,1,True,2026-09-04 20:00:00+00:00,2026-09-04 20:00:00+00:00,0.0,0.00463453136585823,1,6,1.0793456217701967,0.3371355772601132,25,False,0.3140495867768595,False,True,False,1,False,2026_H2,,,,,,False,False,False,False,False,1,False
2026-09-08,2026-09-09,2026-09-11,2026,2026-09,0,-0.01168202317729,0,0,0,False,2026-09-08 20:00:00+00:00,2026-09-08 20:00:00+00:00,0.0,0.004583983016758886,-1,14,3.105987293701531,0.0,26,True,0.71900826446281,False,False,True,0,True,2026_H2,0.6363636363636364,4.0,0.1517583414081631,0.0989238306819461,True,False,False,False,False,False,0,True
2026-09-09,2026-09-10,2026-09-14,2026,2026-09,0,-0.0202988148019753,1,1,1,True,2026-09-09 20:00:00+00:00,2026-09-09 20:00:00+00:00,0.0,0.004595631021549806,-1,5,0.0017552750076003782,0.22029289959568663,25,False,0.008264462809917356,False,True,False,1,False,2026_H2,0.640495867768595,3.0,0.0487789567463295,0.1234200148055182,True,False,False,False,False,False,1,False
2026-09-10,2026-09-11,2026-09-15,2026,2026-09,0,-0.0192620327368765,0,0,0,False,2026-09-10 20:00:00+00:00,2026-09-10 20:00:00+00:00,0.0,0.004508200079362368,-1,2,1.5301747647950423,0.0,27,True,0.4214876033057851,False,False,True,0,True,2026_H2,0.1487603305785124,0.0,0.3752784805195088,0.3302419971392458,True,False,False,False,False,False,0,True
2026-09-11,2026-09-14,2026-09-16,2026,2026-09,0,-0.0072379346609537,1,1,1,True,2026-09-11 20:00:00+00:00,2026-09-11 20:00:00+00:00,0.0,0.0045760086481800855,-1,6,1.7115618267011168,0.9836052562940889,27,False,0.4793388429752066,False,True,False,1,False,2026_H2,0.5330578512396694,3.0,-0.1464318361975944,-0.1100119420547217,False,False,False,False,False,False,1,False
2026-09-14,2026-09-15,2026-09-17,2026,2026-09,1,0.0050528314840382,0,1,0,True,2026-09-14 20:00:00+00:00,2026-09-14 20:00:00+00:00,0.0,0.004616606251785171,-1,1,0.6169743430231048,0.7950210791027846,25,False,0.19834710743801653,False,True,True,1,True,2026_H2,,,,,,False,False,False,False,False,1,True
2026-09-15,2026-09-16,2026-09-18,2026,2026-09,1,0.0187109910598389,1,1,0,False,2026-09-15 20:00:00+00:00,2026-09-15 20:00:00+00:00,0.0,0.004508200079362368,1,9,1.3537257449623161,0.7818118000951518,29,True,0.36363636363636365,False,False,True,1,True,2026_H2,0.5950413223140496,3.0,-0.2460749660617167,-0.1285637771507976,False,False,False,False,False,False,1,True
2026-09-16,2026-09-17,2026-09-21,2026,2026-09,1,0.0087964016107226,0,1,0,True,2026-09-16 20:00:00+00:00,2026-09-16 20:00:00+00:00,0.0,0.00458887870239888,-1,2,3.8944386289584676,0.0607974060100542,27,False,0.8429752066115702,False,True,True,1,True,2026_H2,,,,,,False,False,False,False,False,1,True
2026-09-17,2026-09-18,2026-09-22,2026,2026-09,1,0.002332533424035,1,1,0,False,2026-09-17 20:00:00+00:00,2026-09-17 20:00:00+00:00,0.0,0.004725426538476185,-1,2,0.5977877381381153,0.0,30,False,0.19008264462809918,False,False,True,1,True,2026_H2,0.6115702479338843,3.0,-0.0737542793684885,0.0314103104278465,False,False,False,False,False,False,1,True
2026-09-18,2026-09-21,2026-09-23,2026,2026-09,0,-0.014007857009205,0,0,0,True,2026-09-18 20:00:00+00:00,2026-09-18 20:00:00+00:00,0.0,0.0046526954274188626,1,4,1.1300658938659958,0.3106357195814655,33,False,0.32231404958677684,False,True,True,0,True,2026_H2,0.8140495867768596,5.0,-0.1629700012908382,-0.2803901774764039,False,False,False,False,False,False,0,True
2026-09-21,2026-09-22,2026-09-24,2026,2026-09,0,-0.0185619586910461,0,1,1,False,2026-09-21 20:00:00+00:00,2026-09-21 20:00:00+00:00,0.0,0.004615599119260239,-1,7,0.4995937971329114,0.20285988236651908,33,False,0.14049586776859505,False,False,False,1,False,2026_H2,,,,,,False,False,False,False,False,1,False
2026-09-22,2026-09-23,2026-09-25,2026,2026-09,0,-0.0127088909061519,1,1,1,False,2026-09-22 20:00:00+00:00,2026-09-22 20:00:00+00:00,0.0,0.00458887870239888,1,12,2.2067438450075314,0.2773941196805687,34,True,0.5785123966942148,False,False,False,1,False,2026_H2,0.396694214876033,1.0,-0.1043694879616599,-0.0061494596845821,False,False,False,False,False,False,1,False
2026-09-23,2026-09-24,2026-09-28,2026,2026-09,0,-0.0361457820978272,0,0,0,False,2026-09-23 20:00:00+00:00,2026-09-23 20:00:00+00:00,0.0,0.004634080123688378,-1,19,3.142617635460165,0.21978280929960792,33,True,0.7272727272727273,False,False,True,0,True,2026_H2,0.578512396694215,2.0,0.1569133682646648,0.0929983040000053,True,False,False,False,False,False,0,True
2026-09-24,2026-09-25,2026-09-29,2026,2026-09,0,-0.0290460352206907,1,1,1,False,2026-09-24 20:00:00+00:00,2026-09-24 20:00:00+00:00,0.0,0.00458887870239888,1,4,0.12025288203708032,0.0,33,True,0.03305785123966942,False,False,False,1,False,2026_H2,0.7396694214876034,5.0,-0.1458711635098355,-0.0811367294043826,False,False,False,False,False,False,1,False
