label_date,partition,window,eligibility_status,direction,old_direction,return,old_return,direction_changed,abs_return_delta
2023-01-02,SOBTI_5_ET,ASIA_MORNING_LIT,EXCLUDE_BOTH_BOUNDARIES_MISSING,,,,,False,
2023-01-02,SOBTI_5_ET,ASIA_AFTERNOON_LIT,EXCLUDE_BOTH_BOUNDARIES_MISSING,,,,,False,
2023-01-02,SOBTI_5_ET,EUROPE_LIT,EXCLUDE_BOTH_BOUNDARIES_MISSING,,,,,False,
2023-01-02,SOBTI_5_ET,NY_LONDON_LIT,EXCLUDE_BOTH_BOUNDARIES_MISSING,,,,,False,
2023-01-02,SOBTI_5_ET,US_LATE_LIT,EXCLUDE_START_BOUNDARY_MISSING,,,,,False,
2023-01-03,SOBTI_5_ET,ASIA_MORNING_LIT,TRAINABLE,UP,UP,0.006906961214492524,0.0068960128880068,False,1.094832648572408e-05
2023-01-03,SOBTI_5_ET,ASIA_AFTERNOON_LIT,TRAINABLE,DOWN,DOWN,-0.0007383290836170397,-0.0007111625169438,False,2.716656667323971e-05
2023-01-03,SOBTI_5_ET,EUROPE_LIT,TRAINABLE,DOWN,DOWN,-0.0032814479054017465,-0.0033194505777365,False,3.80026723347535e-05
2023-01-03,SOBTI_5_ET,NY_LONDON_LIT,TRAINABLE,UP,UP,0.0014226812727184956,0.0014281376515183,False,5.456378799804278e-06
2023-01-03,SOBTI_5_ET,US_LATE_LIT,TRAINABLE,UP,UP,0.003957118743347143,0.0039353896713882,False,2.172907195894299e-05
2023-01-04,SOBTI_5_ET,ASIA_MORNING_LIT,TRAINABLE,UP,UP,0.0008241270784630217,0.0008620526907172,False,3.7925612254178305e-05
2023-01-04,SOBTI_5_ET,ASIA_AFTERNOON_LIT,TRAINABLE,UP,UP,0.008271185199603792,0.008287430013482,False,1.624481387820821e-05
2023-01-04,SOBTI_5_ET,EUROPE_LIT,TRAINABLE,DOWN,DOWN,-0.0054455525409667915,-0.0054455525409667,False,9.194034422677078e-17
2023-01-04,SOBTI_5_ET,NY_LONDON_LIT,TRAINABLE,DOWN,DOWN,-0.0015212702748939044,-0.0014888712590147,False,3.239901587920443e-05
2023-01-04,SOBTI_5_ET,US_LATE_LIT,TRAINABLE,UP,UP,0.004289540788762869,0.0042625661804429,False,2.6974608319968972e-05
2023-01-05,SOBTI_5_ET,ASIA_MORNING_LIT,TRAINABLE,DOWN,DOWN,-0.003910941454787986,-0.0038571620490875,False,5.377940570048612e-05
2023-01-05,SOBTI_5_ET,ASIA_AFTERNOON_LIT,TRAINABLE,DOWN,DOWN,-0.0032252617332587663,-0.0033007750527248,False,7.551331946603363e-05
2023-01-05,SOBTI_5_ET,EUROPE_LIT,TRAINABLE,DOWN,DOWN,-0.0013906731172282916,-0.0013311543965669,False,5.9518720661391614e-05
2023-01-05,SOBTI_5_ET,NY_LONDON_LIT,TRAINABLE,DOWN,DOWN,-0.006886953771215398,-0.0068923126653213,False,5.358894105901742e-06
2023-01-05,SOBTI_5_ET,US_LATE_LIT,TRAINABLE,UP,UP,0.001451274225328092,0.0015167474582717,False,6.547323294360812e-05
2023-01-06,SOBTI_5_ET,ASIA_MORNING_LIT,TRAINABLE,UP,UP,0.0027130132989341416,0.0027402797368738,False,2.7266437939658245e-05
2023-01-06,SOBTI_5_ET,ASIA_AFTERNOON_LIT,TRAINABLE,DOWN,DOWN,-0.0004460120148368496,-0.0005167215020073,False,7.070948717045043e-05
2023-01-06,SOBTI_5_ET,EUROPE_LIT,TRAINABLE,DOWN,DOWN,-0.000658409986896924,-0.0006584099868969,False,2.3960868011929648e-17
2023-01-06,SOBTI_5_ET,NY_LONDON_LIT,TRAINABLE,UP,UP,0.01734285521480028,0.0172720625610378,False,7.079265376247826e-05
2023-01-06,SOBTI_5_ET,US_LATE_LIT,NOT_ELIGIBLE_WEEKLY_CLOSE_FRIDAY,,,,,False,
2023-01-09,SOBTI_5_ET,ASIA_MORNING_LIT,TRAINABLE,UP,UP,0.0015524382714895424,0.0015524382714895,False,4.228388472693467e-17
2023-01-09,SOBTI_5_ET,ASIA_AFTERNOON_LIT,TRAINABLE,DOWN,DOWN,-0.00128279060052372,-0.0012721345224573,False,1.0656078066420029e-05
2023-01-09,SOBTI_5_ET,EUROPE_LIT,TRAINABLE,DOWN,DOWN,-0.0007248061473051903,-0.0007408106242525,False,1.600447694730968e-05
2023-01-09,SOBTI_5_ET,NY_LONDON_LIT,TRAINABLE,DOWN,DOWN,-0.001237333089502246,-0.0012533440980787,False,1.601100857645402e-05
2023-01-09,SOBTI_5_ET,US_LATE_LIT,TRAINABLE,UP,UP,0.0010146373297945654,0.0010039463689928,False,1.0690960801765454e-05
2023-01-10,SOBTI_5_ET,ASIA_MORNING_LIT,TRAINABLE,DOWN,DOWN,-0.001306996043227815,-0.0013069960432278,False,1.496198998029996e-17
2023-01-10,SOBTI_5_ET,ASIA_AFTERNOON_LIT,TRAINABLE,UP,UP,0.00032042055083825183,0.0002456616291384,False,7.475892169985182e-05
2023-01-10,SOBTI_5_ET,EUROPE_LIT,TRAINABLE,DOWN,DOWN,-0.0007259939668496918,-0.0007687371759361,False,4.274320908640827e-05
2023-01-10,SOBTI_5_ET,NY_LONDON_LIT,TRAINABLE,UP,UP,0.00278874748037361,0.0027727044422498,False,1.6043038123809972e-05
2023-01-10,SOBTI_5_ET,US_LATE_LIT,TRAINABLE,DOWN,DOWN,-0.0020511014424480223,-0.0021150274309224,False,6.39259884743777e-05
2023-01-11,SOBTI_5_ET,ASIA_MORNING_LIT,TRAINABLE,UP,UP,0.002220917038944892,0.0022316054308646,False,1.0688391919708076e-05
2023-01-11,SOBTI_5_ET,ASIA_AFTERNOON_LIT,TRAINABLE,DOWN,DOWN,-0.0005043964006052892,-0.0005362809050647,False,3.18845044594108e-05
2023-01-11,SOBTI_5_ET,EUROPE_LIT,TRAINABLE,DOWN,DOWN,-0.0026349882076657227,-0.0026987329954443,False,6.374478777857731e-05
2023-01-11,SOBTI_5_ET,NY_LONDON_LIT,TRAINABLE,UP,UP,0.0002503475765303076,0.0002770086319283,False,2.6661055397992435e-05
2023-01-11,SOBTI_5_ET,US_LATE_LIT,TRAINABLE,UP,UP,0.001517725591940966,0.0014910772452494,False,2.6648346691566073e-05
2023-01-12,SOBTI_5_ET,ASIA_MORNING_LIT,TRAINABLE,UP,UP,0.0014942385340914743,0.0014942385340914,False,7.43762690325056e-17
2023-01-12,SOBTI_5_ET,ASIA_AFTERNOON_LIT,TRAINABLE,DOWN,DOWN,-0.000918443844099448,-0.0009343813259347,False,1.5937481835251975e-05
2023-01-12,SOBTI_5_ET,EUROPE_LIT,TRAINABLE,UP,UP,0.0030342907568010613,0.0030076945878545,False,2.6596168946561426e-05
2023-01-12,SOBTI_5_ET,NY_LONDON_LIT,TRAINABLE,UP,UP,0.004879423129523053,0.0048900296957896,False,1.0606566266547351e-05
2023-01-12,SOBTI_5_ET,US_LATE_LIT,TRAINABLE,UP,UP,0.0010913831157215448,0.0010861056396032,False,5.277476118344766e-06
2023-01-13,SOBTI_5_ET,ASIA_MORNING_LIT,TRAINABLE,DOWN,DOWN,-0.00071102799897238,-0.0007057562485318,False,5.271750440579955e-06
2023-01-13,SOBTI_5_ET,ASIA_AFTERNOON_LIT,TRAINABLE,UP,UP,0.004880648386909492,0.004859521774865,False,2.1126612044492128e-05
2023-01-13,SOBTI_5_ET,EUROPE_LIT,TRAINABLE,DOWN,DOWN,-0.0041113970991991655,-0.0041113970991991,False,6.591949208711867e-17
2023-01-13,SOBTI_5_ET,NY_LONDON_LIT,TRAINABLE,UP,UP,0.012285033375162069,0.0122428161677088,False,4.221720745326875e-05
2023-01-13,SOBTI_5_ET,US_LATE_LIT,NOT_ELIGIBLE_WEEKLY_CLOSE_FRIDAY,,,,,False,
2023-01-16,SOBTI_5_ET,ASIA_MORNING_LIT,TRAINABLE,UP,UP,0.0004988722911725141,0.0004988722911725,False,1.4094628242311558e-17
2023-01-16,SOBTI_5_ET,ASIA_AFTERNOON_LIT,TRAINABLE,DOWN,DOWN,-0.0021757033027813844,-0.0021548125774543,False,2.089072532708439e-05
2023-01-16,SOBTI_5_ET,EUROPE_LIT,TRAINABLE,UP,UP,0.0012705449839711669,0.0012705449839711,False,6.678685382510707e-17
2023-01-16,SOBTI_5_ET,NY_LONDON_LIT,TRAINABLE,UP,UP,0.00025071282392286065,0.0002193541380728,False,3.135868585006066e-05
2023-01-16,SOBTI_5_ET,US_LATE_LIT,TRAINABLE,DOWN,DOWN,-0.0011851683296359994,-0.0011747138980385,False,1.0454431597499295e-05
2023-01-17,SOBTI_5_ET,ASIA_MORNING_LIT,TRAINABLE,DOWN,DOWN,-0.001207426657157229,-0.0012283559294988,False,2.0929272341570996e-05
2023-01-17,SOBTI_5_ET,ASIA_AFTERNOON_LIT,TRAINABLE,DOWN,DOWN,-0.0001518311427879393,-0.0001623112816605,False,1.048013887256069e-05
2023-01-17,SOBTI_5_ET,EUROPE_LIT,TRAINABLE,DOWN,DOWN,-0.0001832332473793441,-0.0002513023804243,False,6.806913304495589e-05
2023-01-17,SOBTI_5_ET,NY_LONDON_LIT,TRAINABLE,DOWN,DOWN,-0.0018067395053482649,-0.0018014972678647,False,5.242237483564852e-06
2023-01-17,SOBTI_5_ET,US_LATE_LIT,TRAINABLE,UP,UP,0.0014270197162067344,0.0014007612241877,False,2.625849201903438e-05
2023-01-18,SOBTI_5_ET,ASIA_MORNING_LIT,TRAINABLE,DOWN,DOWN,-0.005438199507076025,-0.0053596023307704,False,7.859717630562431e-05
2023-01-18,SOBTI_5_ET,ASIA_AFTERNOON_LIT,TRAINABLE,UP,UP,0.004861204025110144,0.0048507474393464,False,1.0456585763743767e-05
2023-01-18,SOBTI_5_ET,EUROPE_LIT,TRAINABLE,UP,UP,0.0027875583083130095,0.0027927935269229,False,5.235218609890308e-06
2023-01-18,SOBTI_5_ET,NY_LONDON_LIT,TRAINABLE,DOWN,DOWN,-0.006811368543638174,-0.0068217472354515,False,1.03786918133255e-05
2023-01-18,SOBTI_5_ET,US_LATE_LIT,TRAINABLE,DOWN,DOWN,-0.0012288387532857215,-0.0012760842107822,False,4.724545749647865e-05
2023-01-19,SOBTI_5_ET,ASIA_MORNING_LIT,TRAINABLE,UP,UP,0.004558673523040291,0.0045744000673018,False,1.5726544261508886e-05
2023-01-19,SOBTI_5_ET,ASIA_AFTERNOON_LIT,TRAINABLE,UP,UP,0.002638792056867345,0.0026440324259313,False,5.24036906395485e-06
2023-01-19,SOBTI_5_ET,EUROPE_LIT,TRAINABLE,DOWN,DOWN,-0.003618769886140516,-0.0036083136532373,False,1.0456232903216078e-05
2023-01-19,SOBTI_5_ET,NY_LONDON_LIT,TRAINABLE,UP,UP,0.01060204808921883,0.0108850648806155,False,0.00028301679139667094
2023-01-19,SOBTI_5_ET,US_LATE_LIT,TRAINABLE,UP,UP,0.0014879023610059328,0.0014153165737011,False,7.258578730483267e-05
2023-01-20,SOBTI_5_ET,ASIA_MORNING_LIT,TRAINABLE,DOWN,DOWN,-0.0031269297273790464,-0.003126929727379,False,4.640385298237959e-17
2023-01-20,SOBTI_5_ET,ASIA_AFTERNOON_LIT,TRAINABLE,UP,UP,0.0025983372344877687,0.0025775713232683,False,2.076591121946865e-05
2023-01-20,SOBTI_5_ET,EUROPE_LIT,TRAINABLE,DOWN,DOWN,-0.0022761117979649415,-0.0022346867515377,False,4.1425046427241274e-05
2023-01-20,SOBTI_5_ET,NY_LONDON_LIT,TRAINABLE,UP,UP,0.0009850114531235743,0.0009591250265461,False,2.588642657747433e-05
2023-01-20,SOBTI_5_ET,US_LATE_LIT,NOT_ELIGIBLE_WEEKLY_CLOSE_FRIDAY,,,,,False,
2023-01-23,SOBTI_5_ET,ASIA_MORNING_LIT,TRAINABLE,DOWN,DOWN,-0.001479920081759345,-0.0014592632229367,False,2.0656858822644918e-05
2023-01-23,SOBTI_5_ET,ASIA_AFTERNOON_LIT,TRAINABLE,DOWN,DOWN,-0.0008421152897841733,-0.0008056941884322,False,3.642110135197328e-05
2023-01-23,SOBTI_5_ET,EUROPE_LIT,TRAINABLE,UP,UP,0.0022838874338089177,0.0023514568981628,False,6.756946435388213e-05
2023-01-23,SOBTI_5_ET,NY_LONDON_LIT,TRAINABLE,UP,UP,0.0005346111891777472,0.0004983053993627,False,3.630578981504717e-05
2023-01-23,SOBTI_5_ET,US_LATE_LIT,TRAINABLE,UP,UP,0.004201997206941144,0.0042382849143953,False,3.628770745415632e-05
2023-01-24,SOBTI_5_ET,ASIA_MORNING_LIT,TRAINABLE,DOWN,DOWN,-0.0014618921558278153,-0.0014360379951658,False,2.5854160662015227e-05
2023-01-24,SOBTI_5_ET,ASIA_AFTERNOON_LIT,TRAINABLE,UP,UP,0.001662663160614919,0.00165232566893,False,1.0337491684918928e-05
2023-01-24,SOBTI_5_ET,EUROPE_LIT,TRAINABLE,DOWN,DOWN,-0.0015877392195398077,-0.0015670983416224,False,2.0640877917407763e-05
2023-01-24,SOBTI_5_ET,NY_LONDON_LIT,TRAINABLE,DOWN,DOWN,-0.0003562887144701321,-0.0003356206026533,False,2.0668111816832106e-05
2023-01-24,SOBTI_5_ET,US_LATE_LIT,TRAINABLE,UP,UP,0.000645611128831769,0.0007230999589586,False,7.7488830126831e-05
2023-01-25,SOBTI_5_ET,ASIA_MORNING_LIT,TRAINABLE,DOWN,DOWN,-0.002714773742231835,-0.0027147737422318,False,3.5128150388530344e-17
2023-01-25,SOBTI_5_ET,ASIA_AFTERNOON_LIT,TRAINABLE,UP,UP,0.0009327843828621507,0.0009327843828621,False,5.074066167232161e-17
2023-01-25,SOBTI_5_ET,EUROPE_LIT,TRAINABLE,DOWN,DOWN,-0.0026248575464953294,-0.0026093105279885,False,1.554701850682962e-05
2023-01-25,SOBTI_5_ET,NY_LONDON_LIT,TRAINABLE,UP,UP,0.0070905206580724744,0.0071683345392903,False,7.781388121782563e-05
2023-01-25,SOBTI_5_ET,US_LATE_LIT,TRAINABLE,UP,UP,0.002741832631394381,0.0027366737150211,False,5.158916373280975e-06
2023-01-26,SOBTI_5_ET,ASIA_MORNING_LIT,TRAINABLE,UP,UP,0.0005910805668516428,0.0005447770371456,False,4.6303529706042735e-05
2023-01-26,SOBTI_5_ET,ASIA_AFTERNOON_LIT,TRAINABLE,DOWN,DOWN,-0.0019511034607277988,-0.0019922211563524,False,4.111769562460113e-05
2023-01-26,SOBTI_5_ET,EUROPE_LIT,TRAINABLE,DOWN,DOWN,-0.0035396409821381036,-0.0035756290470655,False,3.598806492739618e-05
2023-01-26,SOBTI_5_ET,NY_LONDON_LIT,TRAINABLE,DOWN,DOWN,-0.0033974235187814728,-0.0033251271459919,False,7.229637278957255e-05
2023-01-26,SOBTI_5_ET,US_LATE_LIT,TRAINABLE,DOWN,DOWN,-0.00011402002432703284,-8.290896023199767e-05,False,3.111106409503517e-05
2023-01-27,SOBTI_5_ET,ASIA_MORNING_LIT,TRAINABLE,DOWN,DOWN,-0.004693963632940834,-0.004714644408832,False,2.0680775891165903e-05
2023-01-27,SOBTI_5_ET,ASIA_AFTERNOON_LIT,TRAINABLE,DOWN,DOWN,-0.00018189170266691423,-0.0002079039998486,False,2.6012297181685762e-05
2023-01-27,SOBTI_5_ET,EUROPE_LIT,TRAINABLE,UP,UP,0.003623291807618445,0.0036492471338702,False,2.5955326251755027e-05
2023-01-27,SOBTI_5_ET,NY_LONDON_LIT,TRAINABLE,UP,UP,0.00043511973181109553,0.0005179441867073,False,8.282445489620448e-05
2023-01-27,SOBTI_5_ET,US_LATE_LIT,NOT_ELIGIBLE_WEEKLY_CLOSE_FRIDAY,,,,,False,
2023-01-30,SOBTI_5_ET,ASIA_MORNING_LIT,TRAINABLE,UP,UP,0.002028445541395696,0.0020492181319355,False,2.0772590539804188e-05
2023-01-30,SOBTI_5_ET,ASIA_AFTERNOON_LIT,TRAINABLE,DOWN,DOWN,-0.0047996820925970685,-0.0049291232175957,False,0.00012944112499863134
2023-01-30,SOBTI_5_ET,EUROPE_LIT,TRAINABLE,UP,UP,0.0022061888077498093,0.0022790421897487,False,7.285338199889075e-05
2023-01-30,SOBTI_5_ET,NY_LONDON_LIT,TRAINABLE,DOWN,DOWN,-0.0010953931031200126,-0.0010798031454014,False,1.558995771861263e-05
2023-01-30,SOBTI_5_ET,US_LATE_LIT,TRAINABLE,UP,UP,0.0005924767078755444,0.0005924767078755,False,4.445228907190568e-17
2023-01-31,SOBTI_5_ET,ASIA_MORNING_LIT,TRAINABLE,DOWN,DOWN,-0.002700916150706001,-0.0026957148835061,False,5.201267199900911e-06
2023-01-31,SOBTI_5_ET,ASIA_AFTERNOON_LIT,TRAINABLE,DOWN,DOWN,-0.0041662428843930455,-0.0041506272657233,False,1.5615618669745715e-05
2023-01-31,SOBTI_5_ET,EUROPE_LIT,TRAINABLE,DOWN,DOWN,-0.00010482636742936702,-0.0001205699824027,False,1.5743614973332988e-05
2023-01-31,SOBTI_5_ET,NY_LONDON_LIT,TRAINABLE,UP,UP,0.011954661772005437,0.0119336677541261,False,2.0994017879336774e-05
2023-01-31,SOBTI_5_ET,US_LATE_LIT,TRAINABLE,DOWN,DOWN,-0.0014352658554579456,-0.0014455768967224,False,1.0311041264454354e-05
2023-02-01,SOBTI_5_ET,ASIA_MORNING_LIT,TRAINABLE,UP,UP,0.00010894674838501928,0.0001141408660805,False,5.194117695480726e-06
2023-02-01,SOBTI_5_ET,ASIA_AFTERNOON_LIT,TRAINABLE,DOWN,DOWN,-0.0007682421232899639,-0.0007682421232899,False,6.385950795939621e-17
2023-02-01,SOBTI_5_ET,EUROPE_LIT,TRAINABLE,UP,UP,0.0024987714483668544,0.002805254151575,False,0.00030648270320814564
2023-02-01,SOBTI_5_ET,NY_LONDON_LIT,TRAINABLE,DOWN,DOWN,-0.0027404300729910736,-0.0029527810730585,False,0.00021235100006742648
2023-02-01,SOBTI_5_ET,US_LATE_LIT,TRAINABLE,UP,UP,0.014683041463044777,0.0146310377440073,False,5.200371903747725e-05
2023-02-02,SOBTI_5_ET,ASIA_MORNING_LIT,TRAINABLE,DOWN,DOWN,-0.00023553510004536982,-0.0002201625378586,False,1.5372562186769808e-05
2023-02-02,SOBTI_5_ET,ASIA_AFTERNOON_LIT,TRAINABLE,UP,UP,0.0031659152758074516,0.003124957704071,False,4.095757173645147e-05
2023-02-02,SOBTI_5_ET,EUROPE_LIT,TRAINABLE,DOWN,DOWN,-0.0023645180070679395,-0.0022112842930973,False,0.00015323371397063957
2023-02-02,SOBTI_5_ET,NY_LONDON_LIT,TRAINABLE,DOWN,DOWN,-0.02031951908199925,-0.0203963062479324,False,7.678716593315094e-05
2023-02-02,SOBTI_5_ET,US_LATE_LIT,TRAINABLE,UP,UP,0.0020533873178905093,0.0020533873178905,False,9.107298248878237e-18
2023-02-03,SOBTI_5_ET,ASIA_MORNING_LIT,TRAINABLE,DOWN,DOWN,-0.0016945882671922652,-0.0016998075990551,False,5.219331862834839e-06
2023-02-03,SOBTI_5_ET,ASIA_AFTERNOON_LIT,TRAINABLE,DOWN,DOWN,-0.0005691839247861097,-0.0005535017663497,False,1.5682158436409652e-05
2023-02-03,SOBTI_5_ET,EUROPE_LIT,TRAINABLE,UP,UP,0.0006008118687057529,0.0006269597913755,False,2.6147922669747157e-05
2023-02-03,SOBTI_5_ET,NY_LONDON_LIT,TRAINABLE,DOWN,DOWN,-0.026554504705102455,-0.0265805735913066,False,2.606888620414541e-05
2023-02-03,SOBTI_5_ET,US_LATE_LIT,NOT_ELIGIBLE_WEEKLY_CLOSE_FRIDAY,,,,,False,
2023-02-06,SOBTI_5_ET,ASIA_MORNING_LIT,TRAINABLE,UP,UP,0.0022479735647331633,0.0022479735647331,False,6.331740687315346e-17
2023-02-06,SOBTI_5_ET,ASIA_AFTERNOON_LIT,TRAINABLE,DOWN,DOWN,-0.000644034246359837,-0.0006813309170285,False,3.7296670668663e-05
2023-02-06,SOBTI_5_ET,EUROPE_LIT,TRAINABLE,DOWN,DOWN,-0.002689795765184355,-0.0027004538957449,False,1.0658130560544776e-05
2023-02-06,SOBTI_5_ET,NY_LONDON_LIT,TRAINABLE,DOWN,DOWN,-0.0014526936449525962,-0.0014687268007925,False,1.6033155839903848e-05
2023-02-06,SOBTI_5_ET,US_LATE_LIT,TRAINABLE,UP,UP,0.002107412201409975,0.0020218119189996,False,8.560028241037495e-05
2023-02-07,SOBTI_5_ET,ASIA_MORNING_LIT,TRAINABLE,DOWN,DOWN,-0.0003256005089612435,-0.0003149140566359,False,1.0686452325343507e-05
2023-02-07,SOBTI_5_ET,ASIA_AFTERNOON_LIT,TRAINABLE,UP,UP,0.0007895458575950531,0.0007948860338369,False,5.340176241846908e-06
2023-02-07,SOBTI_5_ET,EUROPE_LIT,TRAINABLE,DOWN,DOWN,-0.002851857243264422,-0.0028625291128281,False,1.0671869563678299e-05
2023-02-07,SOBTI_5_ET,NY_LONDON_LIT,TRAINABLE,UP,UP,0.000839339473203804,0.0008339882203045,False,5.351252899303939e-06
2023-02-07,SOBTI_5_ET,US_LATE_LIT,TRAINABLE,UP,UP,0.0021739443722570417,0.0020938097685141,False,8.013460374294186e-05
2023-02-08,SOBTI_5_ET,ASIA_MORNING_LIT,TRAINABLE,UP,UP,0.0007302467602132712,0.0007249751017543,False,5.27165845897121e-06
2023-02-08,SOBTI_5_ET,ASIA_AFTERNOON_LIT,TRAINABLE,UP,UP,0.002630879526040575,0.0026415362936833,False,1.065676764272494e-05
2023-02-08,SOBTI_5_ET,EUROPE_LIT,TRAINABLE,DOWN,DOWN,-0.001476660426440235,-0.0014607147332431,False,1.5945693197134958e-05
2023-02-08,SOBTI_5_ET,NY_LONDON_LIT,TRAINABLE,DOWN,DOWN,-0.0017022644851441004,-0.0017341493293003,False,3.188484415619962e-05
2023-02-08,SOBTI_5_ET,US_LATE_LIT,TRAINABLE,UP,UP,0.00022383154910654568,0.0001811598450414,False,4.267170406514569e-05
2023-02-09,SOBTI_5_ET,ASIA_MORNING_LIT,TRAINABLE,UP,UP,0.0013053325514844616,0.0012467381137695,False,5.8594437714961636e-05
2023-02-09,SOBTI_5_ET,ASIA_AFTERNOON_LIT,TRAINABLE,UP,UP,0.0022442046477368915,0.0022495280114787,False,5.323363741808595e-06
2023-02-09,SOBTI_5_ET,EUROPE_LIT,TRAINABLE,DOWN,DOWN,-0.0013105984230241674,-0.0012946641763326,False,1.5934246691567348e-05
2023-02-09,SOBTI_5_ET,NY_LONDON_LIT,TRAINABLE,DOWN,DOWN,-0.008532685276310348,-0.0085326852763103,False,4.85722573273506e-17
2023-02-09,SOBTI_5_ET,US_LATE_LIT,TRAINABLE,DOWN,DOWN,-0.002089913831907819,-0.0020684575482819,False,2.1456283625919184e-05
2023-02-10,SOBTI_5_ET,ASIA_MORNING_LIT,TRAINABLE,DOWN,DOWN,-0.004140109307292694,-0.0041347341180354,False,5.375189257294036e-06
2023-02-10,SOBTI_5_ET,ASIA_AFTERNOON_LIT,TRAINABLE,UP,UP,0.0057753680859531364,0.005721604413805,False,5.37636721481367e-05
2023-02-10,SOBTI_5_ET,EUROPE_LIT,TRAINABLE,DOWN,DOWN,-0.0033845347524700253,-0.0034112957374305,False,2.676098496047453e-05
2023-02-10,SOBTI_5_ET,NY_LONDON_LIT,TRAINABLE,DOWN,UP,-1.0735669678352266e-05,1.0741034830452634e-05,True,2.14767045088049e-05
2023-02-10,SOBTI_5_ET,US_LATE_LIT,NOT_ELIGIBLE_WEEKLY_CLOSE_FRIDAY,,,,,False,
2023-02-13,SOBTI_5_ET,ASIA_MORNING_LIT,TRAINABLE,DOWN,DOWN,-0.001369897240221074,-0.0013430101764877,False,2.688706373337401e-05
2023-02-13,SOBTI_5_ET,ASIA_AFTERNOON_LIT,TRAINABLE,DOWN,DOWN,-0.0006815588755894053,-0.0006976768110933,False,1.6117935503894682e-05
2023-02-13,SOBTI_5_ET,EUROPE_LIT,TRAINABLE,DOWN,DOWN,-0.0007034762143174333,-0.0005316553002681,False,0.00017182091404933334
2023-02-13,SOBTI_5_ET,NY_LONDON_LIT,TRAINABLE,DOWN,DOWN,-0.004427481654000087,-0.0044221031143574,False,5.3785396426867665e-06
2023-02-13,SOBTI_5_ET,US_LATE_LIT,TRAINABLE,UP,UP,0.0020454915887246905,0.0020400891589804,False,5.402429744290338e-06
2023-02-14,SOBTI_5_ET,ASIA_MORNING_LIT,TRAINABLE,UP,UP,0.0007324966931570032,0.0007486704467867,False,1.617375362969681e-05
2023-02-14,SOBTI_5_ET,ASIA_AFTERNOON_LIT,TRAINABLE,DOWN,DOWN,-3.7608538874800423e-05,-8.059356650957916e-05,False,4.298502763477874e-05
2023-02-14,SOBTI_5_ET,EUROPE_LIT,TRAINABLE,UP,UP,0.00021502311498489135,0.0002473169091483,False,3.229379416340867e-05
2023-02-14,SOBTI_5_ET,NY_LONDON_LIT,TRAINABLE,DOWN,DOWN,-0.003940287895561445,-0.0039887112339742,False,4.842333841275498e-05
2023-02-14,SOBTI_5_ET,US_LATE_LIT,TRAINABLE,UP,UP,0.003319239707463728,0.0032922271209423,False,2.7012586521428083e-05
2023-02-15,SOBTI_5_ET,ASIA_MORNING_LIT,TRAINABLE,DOWN,DOWN,-0.0055999173378350475,-0.0055891477591255,False,1.076957870954718e-05
2023-02-15,SOBTI_5_ET,ASIA_AFTERNOON_LIT,TRAINABLE,DOWN,DOWN,-0.004894019894095547,-0.0050837661972306,False,0.00018974630313505284
2023-02-15,SOBTI_5_ET,EUROPE_LIT,TRAINABLE,UP,UP,4.907638023610161e-05,0.0002560807590759,False,0.0002070043788397984
2023-02-15,SOBTI_5_ET,NY_LONDON_LIT,TRAINABLE,UP,UP,0.00015789301272506329,0.0001906022233495,False,3.2709210624436716e-05
2023-02-15,SOBTI_5_ET,US_LATE_LIT,TRAINABLE,UP,UP,0.002640833485309413,0.0026462839815366,False,5.450496227187105e-06
2023-02-16,SOBTI_5_ET,ASIA_MORNING_LIT,TRAINABLE,DOWN,DOWN,-0.0008688925166917549,-0.0009069452918342,False,3.805277514244503e-05
2023-02-16,SOBTI_5_ET,ASIA_AFTERNOON_LIT,TRAINABLE,UP,UP,0.0037811425199780757,0.0037157685475668,False,6.537397241127571e-05
2023-02-16,SOBTI_5_ET,EUROPE_LIT,TRAINABLE,DOWN,DOWN,-0.0012755962715599312,-0.0012484936911809,False,2.710258037903106e-05
2023-02-16,SOBTI_5_ET,NY_LONDON_LIT,TRAINABLE,UP,UP,0.0018424422670588747,0.0017337659891252,False,0.0001086762779336746
2023-02-16,SOBTI_5_ET,US_LATE_LIT,TRAINABLE,DOWN,DOWN,-0.007622843418898739,-0.0076607931241537,False,3.7949705254961e-05
2023-02-17,SOBTI_5_ET,ASIA_MORNING_LIT,TRAINABLE,DOWN,DOWN,-0.0012083339064741239,-0.0012137411441045,False,5.407237630376122e-06
2023-02-17,SOBTI_5_ET,ASIA_AFTERNOON_LIT,TRAINABLE,DOWN,DOWN,-0.001880107861366831,-0.0019513645549944,False,7.125669362756902e-05
2023-02-17,SOBTI_5_ET,EUROPE_LIT,TRAINABLE,UP,UP,0.0032677790517021688,0.0032073725324686,False,6.040651923356873e-05
2023-02-17,SOBTI_5_ET,NY_LONDON_LIT,TRAINABLE,UP,UP,0.00858937282400496,0.0085784129902299,False,1.0959833775059033e-05
2023-02-17,SOBTI_5_ET,US_LATE_LIT,NOT_ELIGIBLE_WEEKLY_CLOSE_FRIDAY,,,,,False,
2023-02-20,SOBTI_5_ET,ASIA_MORNING_LIT,TRAINABLE,UP,UP,0.002211604563652214,0.002244174987072,False,3.257042341978577e-05
2023-02-20,SOBTI_5_ET,ASIA_AFTERNOON_LIT,TRAINABLE,UP,UP,0.0008678987319412634,0.0008896127447661,False,2.1714012824836613e-05
2023-02-20,SOBTI_5_ET,EUROPE_LIT,TRAINABLE,DOWN,DOWN,-0.0011923529123123444,-0.0011869278791759,False,5.4250331364444175e-06
2023-02-20,SOBTI_5_ET,NY_LONDON_LIT,TRAINABLE,DOWN,DOWN,-0.0008681523390231538,-0.0008681523390231,False,5.377642775528102e-17
2023-02-20,SOBTI_5_ET,US_LATE_LIT,EXCLUDE_START_BOUNDARY_MISSING,,UP,,0.0005322044604652,False,
2023-02-21,SOBTI_5_ET,ASIA_MORNING_LIT,TRAINABLE,DOWN,DOWN,-0.0024208181294573805,-0.0024316793170372,False,1.086118757981933e-05
2023-02-21,SOBTI_5_ET,ASIA_AFTERNOON_LIT,TRAINABLE,DOWN,DOWN,-0.00297005455416377,-0.0029918296342107,False,2.177508004692994e-05
2023-02-21,SOBTI_5_ET,EUROPE_LIT,TRAINABLE,UP,UP,0.00026733921565447183,0.0002400973392127,False,2.7241876441771838e-05
2023-02-21,SOBTI_5_ET,NY_LONDON_LIT,TRAINABLE,UP,UP,0.0002508945673729279,0.0002508945673729,False,2.791820594150174e-17
2023-02-21,SOBTI_5_ET,US_LATE_LIT,TRAINABLE,UP,UP,0.0014451449030132846,0.0014287739888356,False,1.637091417768465e-05
2023-02-22,SOBTI_5_ET,ASIA_MORNING_LIT,TRAINABLE,DOWN,DOWN,-0.00033762443277796095,-0.0004193186543994,False,8.169422162143908e-05
2023-02-22,SOBTI_5_ET,ASIA_AFTERNOON_LIT,TRAINABLE,UP,UP,7.624737196132436e-05,7.079607424453904e-05,False,5.451297716785319e-06
2023-02-22,SOBTI_5_ET,EUROPE_LIT,TRAINABLE,UP,UP,0.002864320744153881,0.0029568555537937,False,9.253480963981918e-05
2023-02-22,SOBTI_5_ET,NY_LONDON_LIT,TRAINABLE,DOWN,DOWN,-0.00747624706747263,-0.0075577039981568,False,8.145693068417007e-05
2023-02-22,SOBTI_5_ET,US_LATE_LIT,TRAINABLE,DOWN,DOWN,-6.016740456071812e-05,-0.0001094534699989,False,4.928606543818188e-05
2023-02-23,SOBTI_5_ET,ASIA_MORNING_LIT,TRAINABLE,UP,UP,0.00018607485326027629,0.0001805980243092,False,5.476828951076293e-06
2023-02-23,SOBTI_5_ET,ASIA_AFTERNOON_LIT,TRAINABLE,DOWN,DOWN,-0.0017750445708230034,-0.0018405792163777,False,6.553464555469663e-05
2023-02-23,SOBTI_5_ET,EUROPE_LIT,TRAINABLE,DOWN,DOWN,-0.00042126978504986035,-0.000361091513898,False,6.017827115186033e-05
2023-02-23,SOBTI_5_ET,NY_LONDON_LIT,TRAINABLE,DOWN,DOWN,-0.002167638216973411,-0.0021238051881514,False,4.383302882201082e-05
2023-02-23,SOBTI_5_ET,US_LATE_LIT,TRAINABLE,UP,UP,0.0017279040662472323,0.0016839804891661,False,4.3923577081132195e-05
2023-02-24,SOBTI_5_ET,ASIA_MORNING_LIT,TRAINABLE,DOWN,DOWN,-0.00048190461177677335,-0.000487386239361,False,5.481627584226663e-06
2023-02-24,SOBTI_5_ET,ASIA_AFTERNOON_LIT,TRAINABLE,DOWN,DOWN,-0.0014243367092822146,-0.0014188529496773,False,5.483759604914479e-06
2023-02-24,SOBTI_5_ET,EUROPE_LIT,TRAINABLE,DOWN,DOWN,-0.0030612682943474967,-0.0031874368228155,False,0.00012616852846800315
2023-02-24,SOBTI_5_ET,NY_LONDON_LIT,TRAINABLE,DOWN,DOWN,-0.0032691104698931994,-0.003203072131399,False,6.603833849419928e-05
2023-02-24,SOBTI_5_ET,US_LATE_LIT,NOT_ELIGIBLE_WEEKLY_CLOSE_FRIDAY,,,,,False,
2023-02-27,SOBTI_5_ET,ASIA_MORNING_LIT,TRAINABLE,DOWN,DOWN,-0.0025856042605038043,-0.0025249659567663,False,6.063830373750434e-05
2023-02-27,SOBTI_5_ET,ASIA_AFTERNOON_LIT,TRAINABLE,UP,UP,0.0016803042473600982,0.001785288717546,False,0.00010498447018590174
2023-02-27,SOBTI_5_ET,EUROPE_LIT,TRAINABLE,DOWN,DOWN,-0.0005020331733849304,-0.0005517393735479,False,4.970620016296959e-05
2023-02-27,SOBTI_5_ET,NY_LONDON_LIT,TRAINABLE,UP,UP,0.004052052335202561,0.0040023186950322,False,4.973364017036089e-05
2023-02-27,SOBTI_5_ET,US_LATE_LIT,TRAINABLE,DOWN,DOWN,-0.0007092538821480421,-0.0006928080687526,False,1.644581339544206e-05
2023-02-28,SOBTI_5_ET,ASIA_MORNING_LIT,TRAINABLE,DOWN,DOWN,-0.0016836539863869238,-0.0017331521832847,False,4.949819689777633e-05
2023-02-28,SOBTI_5_ET,ASIA_AFTERNOON_LIT,TRAINABLE,DOWN,DOWN,-0.0023148127735095336,-0.0023479094787201,False,3.309670521056641e-05
2023-02-28,SOBTI_5_ET,EUROPE_LIT,TRAINABLE,DOWN,DOWN,-0.00041433717101624357,-0.0004253972112345,False,1.1060040218256425e-05
2023-02-28,SOBTI_5_ET,NY_LONDON_LIT,TRAINABLE,UP,UP,0.011031630265361914,0.0110370963167667,False,5.466051404785788e-06
2023-02-28,SOBTI_5_ET,US_LATE_LIT,TRAINABLE,DOWN,DOWN,-8.19484858294306e-05,-9.289244344601322e-05,False,1.0943957616582622e-05
2023-03-01,SOBTI_5_ET,ASIA_MORNING_LIT,TRAINABLE,UP,UP,0.000759926733620242,0.0007325642978153,False,2.7362435804942006e-05
2023-03-01,SOBTI_5_ET,ASIA_AFTERNOON_LIT,TRAINABLE,DOWN,DOWN,-1.6310216278347944e-05,-2.176876743009704e-05,False,5.458551151749095e-06
2023-03-01,SOBTI_5_ET,EUROPE_LIT,TRAINABLE,UP,UP,0.0036972973252413777,0.0036972973252413,False,7.762887554996212e-17
2023-03-01,SOBTI_5_ET,NY_LONDON_LIT,TRAINABLE,DOWN,DOWN,-0.0011898878214275932,-0.0012605239298738,False,7.063610844620688e-05
2023-03-01,SOBTI_5_ET,US_LATE_LIT,TRAINABLE,DOWN,DOWN,-0.002747220182061194,-0.0027199930516145,False,2.722713044669414e-05
2023-03-02,SOBTI_5_ET,ASIA_MORNING_LIT,TRAINABLE,UP,UP,0.0003491141386240404,0.0003654949726468,False,1.638083402275963e-05
2023-03-02,SOBTI_5_ET,ASIA_AFTERNOON_LIT,TRAINABLE,DOWN,DOWN,-0.0008892162609539511,-0.0007037437353238,False,0.00018547252563015117
2023-03-02,SOBTI_5_ET,EUROPE_LIT,TRAINABLE,UP,UP,0.0004968416400858988,0.0004585865153432,False,3.8255124742698815e-05
2023-03-02,SOBTI_5_ET,NY_LONDON_LIT,TRAINABLE,UP,UP,0.0022646890420394694,0.0023628833028441,False,9.819426080463073e-05
2023-03-02,SOBTI_5_ET,US_LATE_LIT,TRAINABLE,UP,UP,0.0011215307194372137,0.0011160865276969,False,5.444191740313796e-06
2023-03-03,SOBTI_5_ET,ASIA_MORNING_LIT,TRAINABLE,DOWN,DOWN,-0.00010329713356571624,-0.0001087406940131,False,5.443560447383769e-06
2023-03-03,SOBTI_5_ET,ASIA_AFTERNOON_LIT,TRAINABLE,UP,UP,0.0008793334126266927,0.0008521688907807,False,2.7164521845992728e-05
2023-03-03,SOBTI_5_ET,EUROPE_LIT,TRAINABLE,UP,UP,0.001014088855190165,0.0006995840548609,False,0.00031450480032926506
2023-03-03,SOBTI_5_ET,NY_LONDON_LIT,TRAINABLE,UP,UP,0.0030834768578693605,0.0030617784896282,False,2.1698368241160337e-05
2023-03-03,SOBTI_5_ET,US_LATE_LIT,NOT_ELIGIBLE_WEEKLY_CLOSE_FRIDAY,,,,,False,
2023-03-06,SOBTI_5_ET,ASIA_MORNING_LIT,TRAINABLE,UP,UP,0.0013224062686161275,0.0013224062686161,False,2.7538735181131813e-17
2023-03-06,SOBTI_5_ET,ASIA_AFTERNOON_LIT,TRAINABLE,UP,UP,0.0003398498169135955,0.0003344499809336,False,5.399835979995522e-06
2023-03-06,SOBTI_5_ET,EUROPE_LIT,TRAINABLE,DOWN,DOWN,-0.0011055123545335999,-0.0010192139690894,False,8.629838544419984e-05
2023-03-06,SOBTI_5_ET,NY_LONDON_LIT,TRAINABLE,DOWN,DOWN,-0.0028340234108363838,-0.0028717833989483,False,3.775998811191613e-05
2023-03-06,SOBTI_5_ET,US_LATE_LIT,TRAINABLE,UP,UP,0.0004006074069933252,0.0004006074069933,False,2.5207700510287978e-17
2023-03-07,SOBTI_5_ET,ASIA_MORNING_LIT,TRAINABLE,UP,UP,0.0001136256617428888,0.0001244541110045,False,1.0828449261611201e-05
2023-03-07,SOBTI_5_ET,ASIA_AFTERNOON_LIT,TRAINABLE,DOWN,DOWN,-0.00021649149889324537,-0.0002056566411164,False,1.083485777684536e-05
2023-03-07,SOBTI_5_ET,EUROPE_LIT,TRAINABLE,DOWN,DOWN,-0.00414106077938825,-0.0041356422361403,False,5.418543247950186e-06
2023-03-07,SOBTI_5_ET,NY_LONDON_LIT,TRAINABLE,DOWN,DOWN,-0.013985813286573223,-0.0139151449228439,False,7.066836372932386e-05
2023-03-07,SOBTI_5_ET,US_LATE_LIT,TRAINABLE,DOWN,DOWN,-0.0009812085198332987,-0.0009867263466583,False,5.5178268250012825e-06
2023-03-08,SOBTI_5_ET,ASIA_MORNING_LIT,TRAINABLE,DOWN,DOWN,-0.000849690748366827,-0.0008331871311115,False,1.6503617255326998e-05
2023-03-08,SOBTI_5_ET,ASIA_AFTERNOON_LIT,TRAINABLE,UP,UP,0.0012970808805921052,0.0013025394502252,False,5.458569633094669e-06
2023-03-08,SOBTI_5_ET,EUROPE_LIT,TRAINABLE,UP,UP,0.0006063863412228976,0.000600868727119,False,5.5176141038976384e-06
2023-03-08,SOBTI_5_ET,NY_LONDON_LIT,TRAINABLE,UP,UP,0.00042418744616501414,0.000418673145432,False,5.5143007330141496e-06
2023-03-08,SOBTI_5_ET,US_LATE_LIT,TRAINABLE,DOWN,DOWN,-0.002026414022251677,-0.0020484619942897,False,2.204797203802329e-05
2023-03-09,SOBTI_5_ET,ASIA_MORNING_LIT,TRAINABLE,UP,UP,0.0005517789505102844,0.0005463218566899,False,5.457093820384349e-06
2023-03-09,SOBTI_5_ET,ASIA_AFTERNOON_LIT,TRAINABLE,UP,UP,0.0003912995072696823,0.0004023357841245,False,1.1036276854817684e-05
2023-03-09,SOBTI_5_ET,EUROPE_LIT,TRAINABLE,UP,UP,0.0015756510711508742,0.0015591066192082,False,1.654445194267432e-05
2023-03-09,SOBTI_5_ET,NY_LONDON_LIT,TRAINABLE,UP,UP,0.007816583863601068,0.0077780435364658,False,3.854032713526776e-05
2023-03-09,SOBTI_5_ET,US_LATE_LIT,TRAINABLE,DOWN,DOWN,-0.0005130485691531295,-0.0005349002355441,False,2.185166639097054e-05
2023-03-10,SOBTI_5_ET,ASIA_MORNING_LIT,TRAINABLE,DOWN,DOWN,-0.0010813041482995445,-0.0010813041482995,False,4.445228907190568e-17
2023-03-10,SOBTI_5_ET,ASIA_AFTERNOON_LIT,TRAINABLE,UP,UP,0.0010318393031565343,0.0010155102095188,False,1.6329093637734325e-05
2023-03-10,SOBTI_5_ET,EUROPE_LIT,TRAINABLE,UP,UP,0.001805198570915545,0.0016906836419636,False,0.0001145149289519449
2023-03-10,SOBTI_5_ET,NY_LONDON_LIT,TRAINABLE,UP,UP,0.01455903082945631,0.0145208855010581,False,3.814532839820951e-05
2023-03-10,SOBTI_5_ET,US_LATE_LIT,NOT_ELIGIBLE_WEEKLY_CLOSE_FRIDAY,,,,,False,
2023-03-13,SOBTI_5_ET,ASIA_MORNING_LIT,TRAINABLE,UP,UP,0.0030952509780415305,0.0030952509780415,False,3.0357660829594124e-17
2023-03-13,SOBTI_5_ET,ASIA_AFTERNOON_LIT,TRAINABLE,DOWN,DOWN,-0.0037225725375698016,-0.0037704767281675,False,4.79041905976983e-05
2023-03-13,SOBTI_5_ET,EUROPE_LIT,TRAINABLE,UP,UP,0.008759818265010821,0.0087331011350504,False,2.671712996042165e-05
2023-03-13,SOBTI_5_ET,NY_LONDON_LIT,TRAINABLE,UP,UP,0.011345808402832613,0.0114040137187796,False,5.8205315946986e-05
2023-03-13,SOBTI_5_ET,US_LATE_LIT,TRAINABLE,UP,UP,0.0006540256621565543,0.0007168121257237,False,6.278646356714572e-05
2023-03-14,SOBTI_5_ET,ASIA_MORNING_LIT,TRAINABLE,DOWN,DOWN,-0.004067755601339207,-0.0040468208576073,False,2.093474373190702e-05
2023-03-14,SOBTI_5_ET,ASIA_AFTERNOON_LIT,TRAINABLE,UP,UP,0.005495120300129441,0.0054951203001294,False,4.163336342344337e-17
2023-03-14,SOBTI_5_ET,EUROPE_LIT,TRAINABLE,DOWN,DOWN,-0.004126250512499041,-0.004105310732889,False,2.0939779610040787e-05
2023-03-14,SOBTI_5_ET,NY_LONDON_LIT,TRAINABLE,UP,UP,0.002541595270136199,0.0025573648438437,False,1.5769573707501323e-05
2023-03-14,SOBTI_5_ET,US_LATE_LIT,TRAINABLE,DOWN,DOWN,-0.0038812834083652437,-0.0039441379459316,False,6.285453756635622e-05
2023-03-15,SOBTI_5_ET,ASIA_MORNING_LIT,TRAINABLE,UP,UP,0.001204244750824257,0.0012094455248656,False,5.200774041342867e-06
2023-03-15,SOBTI_5_ET,ASIA_AFTERNOON_LIT,TRAINABLE,DOWN,DOWN,-0.0009891717991125093,-0.0010101758034638,False,2.1004004351290627e-05
2023-03-15,SOBTI_5_ET,EUROPE_LIT,TRAINABLE,UP,UP,0.01015442893911156,0.0102439916311103,False,8.956269199874092e-05
2023-03-15,SOBTI_5_ET,NY_LONDON_LIT,TRAINABLE,UP,UP,0.0010895877213104033,0.0011156809792922,False,2.609325798179677e-05
2023-03-15,SOBTI_5_ET,US_LATE_LIT,TRAINABLE,DOWN,DOWN,-0.003457870270391128,-0.0034682959418604,False,1.0425671469272216e-05
2023-03-16,SOBTI_5_ET,ASIA_MORNING_LIT,TRAINABLE,DOWN,DOWN,-0.00026652069676547097,-0.0002717516750809,False,5.23097831542905e-06
2023-03-16,SOBTI_5_ET,ASIA_AFTERNOON_LIT,TRAINABLE,DOWN,DOWN,-0.0005324362105251224,-0.0004436777026157,False,8.875850790942234e-05
2023-03-16,SOBTI_5_ET,EUROPE_LIT,TRAINABLE,UP,UP,0.006292687286201026,0.0063710356146602,False,7.834832845917371e-05
2023-03-16,SOBTI_5_ET,NY_LONDON_LIT,TRAINABLE,DOWN,DOWN,-0.0045300943097699164,-0.0044989907400148,False,3.110356975511656e-05
2023-03-16,SOBTI_5_ET,US_LATE_LIT,TRAINABLE,UP,UP,0.0006151143829917771,0.0007141844638618,False,9.907008087002285e-05
2023-03-17,SOBTI_5_ET,ASIA_MORNING_LIT,TRAINABLE,UP,UP,0.0049691999217880145,0.0050056931152866,False,3.64931934985855e-05
2023-03-17,SOBTI_5_ET,ASIA_AFTERNOON_LIT,TRAINABLE,DOWN,DOWN,-0.0007457426935310041,-0.0007146454615796,False,3.109723195140405e-05
2023-03-17,SOBTI_5_ET,EUROPE_LIT,TRAINABLE,UP,UP,0.0028294984168790727,0.0028813054701661,False,5.18070532870272e-05
2023-03-17,SOBTI_5_ET,NY_LONDON_LIT,TRAINABLE,UP,UP,0.023392699900673275,0.023403044977879,False,1.0345077205726333e-05
2023-03-17,SOBTI_5_ET,US_LATE_LIT,NOT_ELIGIBLE_WEEKLY_CLOSE_FRIDAY,,,,,False,
2023-03-20,SOBTI_5_ET,ASIA_MORNING_LIT,TRAINABLE,UP,UP,0.0008822584140111278,0.0009177872659413,False,3.552885193017219e-05
2023-03-20,SOBTI_5_ET,ASIA_AFTERNOON_LIT,TRAINABLE,UP,UP,0.015386027456601115,0.015375894954396,False,1.0132502205113803e-05
2023-03-20,SOBTI_5_ET,EUROPE_LIT,TRAINABLE,DOWN,DOWN,-0.011105528140402887,-0.0111204967381242,False,1.4968597721312302e-05
2023-03-20,SOBTI_5_ET,NY_LONDON_LIT,TRAINABLE,DOWN,DOWN,-0.0010282979347228105,-0.0010131660474462,False,1.5131887276610516e-05
2023-03-20,SOBTI_5_ET,US_LATE_LIT,TRAINABLE,DOWN,DOWN,-0.0006912577956285082,-0.0007114608351665,False,2.02030395379918e-05
2023-03-21,SOBTI_5_ET,ASIA_MORNING_LIT,TRAINABLE,UP,UP,0.0011714744657300713,0.0011815831774515,False,1.0108711721428746e-05
2023-03-21,SOBTI_5_ET,ASIA_AFTERNOON_LIT,TRAINABLE,DOWN,DOWN,-0.002741250056793154,-0.0027412500567931,False,5.421010862427522e-17
2023-03-21,SOBTI_5_ET,EUROPE_LIT,TRAINABLE,DOWN,DOWN,-0.004566020873304821,-0.0045306110394831,False,3.5409833821721005e-05
2023-03-21,SOBTI_5_ET,NY_LONDON_LIT,TRAINABLE,DOWN,DOWN,-0.013760527710593662,-0.0137453178696322,False,1.5209840961462329e-05
2023-03-21,SOBTI_5_ET,US_LATE_LIT,TRAINABLE,UP,UP,0.0021243026847534985,0.0020572685604709,False,6.703412428259864e-05
2023-03-22,SOBTI_5_ET,ASIA_MORNING_LIT,TRAINABLE,DOWN,DOWN,-0.001502441573038693,-0.0015127428416666,False,1.0301268627906915e-05
2023-03-22,SOBTI_5_ET,ASIA_AFTERNOON_LIT,TRAINABLE,DOWN,DOWN,-0.0015571929302135024,-0.0017170640227176,False,0.0001598710925040977
2023-03-22,SOBTI_5_ET,EUROPE_LIT,TRAINABLE,UP,UP,0.0036775499845498327,0.0032798887318712,False,0.0003976612526786329
2023-03-22,SOBTI_5_ET,NY_LONDON_LIT,TRAINABLE,UP,UP,0.009035084913971536,0.0124689662901131,False,0.003433881376141564
2023-03-22,SOBTI_5_ET,US_LATE_LIT,TRAINABLE,UP,UP,0.002074584051607875,0.0028576658521251,False,0.0007830818005172251
2023-03-23,SOBTI_5_ET,ASIA_MORNING_LIT,EXCLUDE_END_BOUNDARY_MISSING,,UP,,0.0006946295078,False,
2023-03-23,SOBTI_5_ET,ASIA_AFTERNOON_LIT,TRAINABLE,UP,UP,0.0024266096263787507,0.0024013674679717,False,2.524215840705047e-05
2023-03-23,SOBTI_5_ET,EUROPE_LIT,TRAINABLE,DOWN,DOWN,-0.002183831829213889,-0.0021383958535519,False,4.5435975661989054e-05
2023-03-23,SOBTI_5_ET,NY_LONDON_LIT,TRAINABLE,UP,UP,0.010654241473446735,0.0105380048384422,False,0.00011623663500453553
2023-03-23,SOBTI_5_ET,US_LATE_LIT,TRAINABLE,DOWN,DOWN,-0.0027858657318609037,-0.0029109032418634,False,0.00012503751000249612
2023-03-24,SOBTI_5_ET,ASIA_MORNING_LIT,TRAINABLE,DOWN,DOWN,-0.0016051325074515344,-0.001590069153785,False,1.5063353666534265e-05
2023-03-24,SOBTI_5_ET,ASIA_AFTERNOON_LIT,TRAINABLE,DOWN,DOWN,-0.0014167399687693427,-0.0014318219857776,False,1.5082017008257245e-05
2023-03-24,SOBTI_5_ET,EUROPE_LIT,TRAINABLE,UP,UP,0.004165838238738617,0.0041507345960025,False,1.5103642736117619e-05
2023-03-24,SOBTI_5_ET,NY_LONDON_LIT,TRAINABLE,DOWN,DOWN,-0.009229115506968144,-0.0092191448176881,False,9.97068928004427e-06
2023-03-24,SOBTI_5_ET,US_LATE_LIT,NOT_ELIGIBLE_WEEKLY_CLOSE_FRIDAY,,,,,False,
2023-03-27,SOBTI_5_ET,ASIA_MORNING_LIT,TRAINABLE,UP,UP,0.0006840447049714093,0.0006789730120833,False,5.071692888109348e-06
2023-03-27,SOBTI_5_ET,ASIA_AFTERNOON_LIT,TRAINABLE,DOWN,DOWN,-0.0024944053149058565,-0.0025450940579616,False,5.068874305574336e-05
2023-03-27,SOBTI_5_ET,EUROPE_LIT,TRAINABLE,DOWN,DOWN,-0.00668392444863164,-0.0068516373274767,False,0.0001677128788450605
2023-03-27,SOBTI_5_ET,NY_LONDON_LIT,TRAINABLE,DOWN,DOWN,-4.0978949067294046e-05,-0.0001535623038295,False,0.00011258335476220594
2023-03-27,SOBTI_5_ET,US_LATE_LIT,TRAINABLE,UP,UP,0.0029586103816996445,0.0028203958784416,False,0.0001382145032580444
2023-03-28,SOBTI_5_ET,ASIA_MORNING_LIT,TRAINABLE,UP,UP,0.0006584725917571088,0.0006686301098,False,1.0157518042891141e-05
2023-03-28,SOBTI_5_ET,ASIA_AFTERNOON_LIT,TRAINABLE,DOWN,DOWN,-0.0010874277548681421,-0.0010874277548681,False,4.206704429243757e-17
2023-03-28,SOBTI_5_ET,EUROPE_LIT,TRAINABLE,UP,UP,0.0002453146481449231,0.0002606573547374,False,1.5342706592476915e-05
2023-03-28,SOBTI_5_ET,NY_LONDON_LIT,TRAINABLE,UP,UP,0.007608049972878561,0.007613164578859,False,5.114605980439078e-06
2023-03-28,SOBTI_5_ET,US_LATE_LIT,TRAINABLE,DOWN,DOWN,-0.0007758610219577022,-0.0006592406717356,False,0.00011662035022210219
2023-03-29,SOBTI_5_ET,ASIA_MORNING_LIT,TRAINABLE,DOWN,DOWN,-0.001826714847350308,-0.001816556226679,False,1.0158620671308098e-05
2023-03-29,SOBTI_5_ET,ASIA_AFTERNOON_LIT,TRAINABLE,DOWN,DOWN,-0.0028070848694015105,-0.0028375660392291,False,3.0481169827589662e-05
2023-03-29,SOBTI_5_ET,EUROPE_LIT,TRAINABLE,UP,UP,0.0029986587654522445,0.0029986587654522,False,4.466912950640278e-17
2023-03-29,SOBTI_5_ET,NY_LONDON_LIT,TRAINABLE,UP,UP,0.00044743639057420737,0.0004728233212347,False,2.5386930660492644e-05
2023-03-29,SOBTI_5_ET,US_LATE_LIT,TRAINABLE,DOWN,DOWN,-0.0031203544192536237,-0.0031305287864611,False,1.0174367207476179e-05
2023-03-30,SOBTI_5_ET,ASIA_MORNING_LIT,TRAINABLE,DOWN,DOWN,-0.0005302187496970534,-0.000530218749697,False,5.345116710353537e-17
2023-03-30,SOBTI_5_ET,ASIA_AFTERNOON_LIT,TRAINABLE,UP,UP,0.0025325848951149865,0.0025325848951149,False,8.673617379884035e-17
2023-03-30,SOBTI_5_ET,EUROPE_LIT,TRAINABLE,UP,UP,0.0006912696072949309,0.0007420884628286,False,5.081885553366908e-05
2023-03-30,SOBTI_5_ET,NY_LONDON_LIT,TRAINABLE,UP,UP,0.006536839050458765,0.0065520916867611,False,1.5252636302334928e-05
2023-03-30,SOBTI_5_ET,US_LATE_LIT,TRAINABLE,DOWN,DOWN,-0.001009214130053504,-0.0009991118966116,False,1.0102233441903943e-05
2023-03-31,SOBTI_5_ET,ASIA_MORNING_LIT,TRAINABLE,UP,UP,0.0008485523454937471,0.0008536085138926,False,5.0561683988528325e-06
2023-03-31,SOBTI_5_ET,ASIA_AFTERNOON_LIT,TRAINABLE,DOWN,DOWN,-0.0005608962543854901,-0.0005254934619187,False,3.540279246679002e-05
2023-03-31,SOBTI_5_ET,EUROPE_LIT,TRAINABLE,UP,UP,0.0012134233155021157,0.0012134233155021,False,1.5612511283791264e-17
2023-03-31,SOBTI_5_ET,NY_LONDON_LIT,TRAINABLE,DOWN,DOWN,-0.005837529519832074,-0.0058072007825278,False,3.032873730427453e-05
2023-03-31,SOBTI_5_ET,US_LATE_LIT,NOT_ELIGIBLE_WEEKLY_CLOSE_FRIDAY,,,,,False,
2023-04-03,SOBTI_5_ET,ASIA_MORNING_LIT,TRAINABLE,DOWN,DOWN,-0.005436685494332738,-0.0054315850652016,False,5.1004291311378125e-06
2023-04-03,SOBTI_5_ET,ASIA_AFTERNOON_LIT,TRAINABLE,UP,UP,0.0028713026485287507,0.0029071044910067,False,3.5801842477949184e-05
2023-04-03,SOBTI_5_ET,EUROPE_LIT,TRAINABLE,UP,UP,0.009823984862510127,0.0097168345320304,False,0.00010715033047972722
2023-04-03,SOBTI_5_ET,NY_LONDON_LIT,TRAINABLE,UP,UP,0.003229675518243269,0.0032650300485963,False,3.535453035303105e-05
2023-04-03,SOBTI_5_ET,US_LATE_LIT,TRAINABLE,DOWN,DOWN,-0.0009974760628390644,-0.0009873908734421,False,1.008518939696443e-05
2023-04-04,SOBTI_5_ET,ASIA_MORNING_LIT,TRAINABLE,DOWN,DOWN,-0.0017297009878008973,-0.0017347488185717,False,5.047830770802623e-06
2023-04-04,SOBTI_5_ET,ASIA_AFTERNOON_LIT,TRAINABLE,UP,UP,0.0008334705756594118,0.0008435781168671,False,1.0107541207688125e-05
2023-04-04,SOBTI_5_ET,EUROPE_LIT,TRAINABLE,UP,UP,0.0003482148805378227,0.0003583189494189,False,1.0104068881077312e-05
2023-04-04,SOBTI_5_ET,NY_LONDON_LIT,TRAINABLE,UP,UP,0.01895477230825149,0.0189850131151918,False,3.0240806940310533e-05
2023-04-04,SOBTI_5_ET,US_LATE_LIT,TRAINABLE,DOWN,DOWN,-5.4453093316753076e-05,-4.9496960709993765e-05,False,4.9561326067593114e-06
2023-04-05,SOBTI_5_ET,ASIA_MORNING_LIT,TRAINABLE,UP,UP,0.0013368603994812212,0.0012972687931394,False,3.9591606341821215e-05
2023-04-05,SOBTI_5_ET,ASIA_AFTERNOON_LIT,TRAINABLE,UP,UP,0.0017888557164869034,0.0018184756092067,False,2.9619892719796566e-05
2023-04-05,SOBTI_5_ET,EUROPE_LIT,TRAINABLE,DOWN,DOWN,-0.0021752461914065213,-0.0021358049576732,False,3.9441233733321195e-05
2023-04-05,SOBTI_5_ET,NY_LONDON_LIT,TRAINABLE,DOWN,DOWN,-0.00042510838128262396,-0.0003905308498338,False,3.457753144882396e-05
2023-04-05,SOBTI_5_ET,US_LATE_LIT,TRAINABLE,DOWN,DOWN,-0.0025170409088379753,-0.0024823954723172,False,3.464543652077507e-05
2023-04-06,SOBTI_5_ET,ASIA_MORNING_LIT,TRAINABLE,DOWN,DOWN,-0.002617530348864916,-0.0026175303488649,False,1.6046192152785466e-17
2023-04-06,SOBTI_5_ET,ASIA_AFTERNOON_LIT,TRAINABLE,UP,UP,0.0008843155816546933,0.0009389584083632,False,5.46428267085067e-05
2023-04-06,SOBTI_5_ET,EUROPE_LIT,TRAINABLE,UP,UP,0.0019108636886777663,0.0019108636886777,False,6.635317295611287e-17
2023-04-06,SOBTI_5_ET,NY_LONDON_LIT,TRAINABLE,DOWN,DOWN,-0.005023213763790335,-0.0050033785290024,False,1.983523478793492e-05
2023-04-06,SOBTI_5_ET,US_LATE_LIT,EXCLUDE_END_BOUNDARY_MISSING,,,,,False,
2023-04-07,SOBTI_5_ET,ASIA_MORNING_LIT,EXCLUDE_BOTH_BOUNDARIES_MISSING,,,,,False,
2023-04-07,SOBTI_5_ET,ASIA_AFTERNOON_LIT,EXCLUDE_BOTH_BOUNDARIES_MISSING,,,,,False,
2023-04-07,SOBTI_5_ET,EUROPE_LIT,EXCLUDE_BOTH_BOUNDARIES_MISSING,,,,,False,
2023-04-07,SOBTI_5_ET,NY_LONDON_LIT,EXCLUDE_BOTH_BOUNDARIES_MISSING,,,,,False,
2023-04-07,SOBTI_5_ET,US_LATE_LIT,NOT_ELIGIBLE_WEEKLY_CLOSE_FRIDAY,,,,,False,
2023-04-10,SOBTI_5_ET,ASIA_MORNING_LIT,TRAINABLE,DOWN,DOWN,-0.00309668664994045,-0.0030466698922255,False,5.001675771494976e-05
2023-04-10,SOBTI_5_ET,ASIA_AFTERNOON_LIT,TRAINABLE,UP,UP,0.0015658434016174727,0.00162104457718,False,5.5201175562527354e-05
2023-04-10,SOBTI_5_ET,EUROPE_LIT,TRAINABLE,UP,UP,0.002931204138116872,0.0028911392006496,False,4.0064937467272025e-05
2023-04-10,SOBTI_5_ET,NY_LONDON_LIT,TRAINABLE,DOWN,DOWN,-0.006420078543612928,-0.0063401796674517,False,7.989887616122789e-05
2023-04-10,SOBTI_5_ET,US_LATE_LIT,TRAINABLE,UP,UP,0.0022475865667563877,0.0022123549739399,False,3.523159281648789e-05
2023-04-11,SOBTI_5_ET,ASIA_MORNING_LIT,TRAINABLE,UP,UP,0.001956623396864643,0.0019866950391658,False,3.0071642301157143e-05
2023-04-11,SOBTI_5_ET,ASIA_AFTERNOON_LIT,TRAINABLE,UP,UP,0.0005448166387984621,0.0005697714079668,False,2.4954769168337955e-05
2023-04-11,SOBTI_5_ET,EUROPE_LIT,TRAINABLE,DOWN,DOWN,-0.0007092649345493696,-0.0007142650345514,False,5.000100002030433e-06
2023-04-11,SOBTI_5_ET,NY_LONDON_LIT,TRAINABLE,UP,UP,0.002279363934367007,0.0023043793049186,False,2.5015370551593075e-05
2023-04-11,SOBTI_5_ET,US_LATE_LIT,TRAINABLE,UP,UP,0.00021441894224638602,0.0001545727472664,False,5.9846194979986024e-05
2023-04-12,SOBTI_5_ET,ASIA_MORNING_LIT,TRAINABLE,UP,UP,0.0055947993117455574,0.005639662061873,False,4.486275012744248e-05
2023-04-12,SOBTI_5_ET,ASIA_AFTERNOON_LIT,TRAINABLE,DOWN,DOWN,-0.00267924769870842,-0.0027684171207786,False,8.916942207017964e-05
2023-04-12,SOBTI_5_ET,EUROPE_LIT,TRAINABLE,DOWN,DOWN,-0.0027860498886178586,-0.0028803784553076,False,9.432856668974143e-05
2023-04-12,SOBTI_5_ET,NY_LONDON_LIT,TRAINABLE,UP,UP,0.0031377257909719347,0.0031476988956145,False,9.973104642565372e-06
2023-04-12,SOBTI_5_ET,US_LATE_LIT,TRAINABLE,UP,UP,0.0018817299862967651,0.0017973060195024,False,8.442396679436519e-05
2023-04-13,SOBTI_5_ET,ASIA_MORNING_LIT,TRAINABLE,DOWN,DOWN,-0.00038162498826221913,-0.0003965079762333,False,1.4882987971080893e-05
2023-04-13,SOBTI_5_ET,ASIA_AFTERNOON_LIT,TRAINABLE,UP,UP,0.0022344702186902765,0.002219596904448,False,1.4873314242276614e-05
2023-04-13,SOBTI_5_ET,EUROPE_LIT,TRAINABLE,UP,UP,0.002877144255544861,0.0028672473768192,False,9.896878725661369e-06
2023-04-13,SOBTI_5_ET,NY_LONDON_LIT,TRAINABLE,UP,UP,0.006210986470709834,0.0061715712908287,False,3.9415179881133536e-05
2023-04-13,SOBTI_5_ET,US_LATE_LIT,TRAINABLE,UP,UP,0.0003771837766100017,0.0003820878025924,False,4.904025982398327e-06
2023-04-14,SOBTI_5_ET,ASIA_MORNING_LIT,TRAINABLE,UP,UP,0.0007590991157340188,0.0007492948098748,False,9.804305859218787e-06
2023-04-14,SOBTI_5_ET,ASIA_AFTERNOON_LIT,TRAINABLE,DOWN,DOWN,-0.002110687811919587,-0.0020568228967623,False,5.386491515728701e-05
2023-04-14,SOBTI_5_ET,EUROPE_LIT,TRAINABLE,DOWN,DOWN,-0.0021494238666504017,-0.0021494238666504,False,1.734723475976807e-18
2023-04-14,SOBTI_5_ET,NY_LONDON_LIT,TRAINABLE,DOWN,DOWN,-0.01441931217972059,-0.0144095269944624,False,9.785185258189e-06
2023-04-14,SOBTI_5_ET,US_LATE_LIT,NOT_ELIGIBLE_WEEKLY_CLOSE_FRIDAY,,,,,False,
2023-04-17,SOBTI_5_ET,ASIA_MORNING_LIT,EXCLUDE_START_BOUNDARY_MISSING,,,,,False,
2023-04-17,SOBTI_5_ET,ASIA_AFTERNOON_LIT,EXCLUDE_END_BOUNDARY_MISSING,,UP,,0.0027809538187628,False,
2023-04-17,SOBTI_5_ET,EUROPE_LIT,EXCLUDE_END_BOUNDARY_MISSING,,DOWN,,-0.0014661249753591,False,
2023-04-17,SOBTI_5_ET,NY_LONDON_LIT,TRAINABLE,DOWN,DOWN,-0.007331563072389802,-0.0073813211754398,False,4.975810304999866e-05
2023-04-17,SOBTI_5_ET,US_LATE_LIT,TRAINABLE,UP,UP,0.00046127693642783463,0.0004763349266889,False,1.5057990261065383e-05
2023-04-18,SOBTI_5_ET,ASIA_MORNING_LIT,TRAINABLE,UP,UP,0.002977115549894327,0.0030071570488119,False,3.0041498917573236e-05
2023-04-18,SOBTI_5_ET,ASIA_AFTERNOON_LIT,TRAINABLE,UP,UP,0.0015205167933496355,0.0013254474175294,False,0.00019506937582023558
2023-04-18,SOBTI_5_ET,EUROPE_LIT,TRAINABLE,UP,UP,0.0009540657093893845,0.001009006044031,False,5.494033464161548e-05
2023-04-18,SOBTI_5_ET,NY_LONDON_LIT,TRAINABLE,UP,UP,0.0005239739296512003,0.0004690295933202,False,5.494433633100029e-05
2023-04-18,SOBTI_5_ET,US_LATE_LIT,TRAINABLE,UP,UP,0.0012319958410931253,0.0012170179110955,False,1.4977929997625353e-05
2023-04-19,SOBTI_5_ET,ASIA_MORNING_LIT,TRAINABLE,DOWN,DOWN,-0.001434698780831356,-0.0014197390570853,False,1.4959723746056077e-05
2023-04-19,SOBTI_5_ET,ASIA_AFTERNOON_LIT,TRAINABLE,DOWN,DOWN,-0.004825675622683101,-0.0047857724359186,False,3.990318676450142e-05
2023-04-19,SOBTI_5_ET,EUROPE_LIT,TRAINABLE,DOWN,DOWN,-0.011813935937069697,-0.0117938583143929,False,2.0077622676797566e-05
2023-04-19,SOBTI_5_ET,NY_LONDON_LIT,TRAINABLE,UP,UP,0.012259369639117113,0.0122137218111659,False,4.564782795121215e-05
2023-04-19,SOBTI_5_ET,US_LATE_LIT,TRAINABLE,UP,UP,0.00044610262292343883,0.0004311087141799,False,1.4993908743538844e-05
2023-04-20,SOBTI_5_ET,ASIA_MORNING_LIT,TRAINABLE,DOWN,DOWN,-0.0016235098663905934,-0.0016285257256254,False,5.01585923480671e-06
2023-04-20,SOBTI_5_ET,ASIA_AFTERNOON_LIT,TRAINABLE,UP,UP,0.003287473821453224,0.0033326903701951,False,4.521654874187599e-05
2023-04-20,SOBTI_5_ET,EUROPE_LIT,TRAINABLE,UP,UP,0.0010404851201961662,0.0010004852208249,False,3.9999899371266244e-05
2023-04-20,SOBTI_5_ET,NY_LONDON_LIT,TRAINABLE,UP,UP,0.001704077875185117,0.0016891305732624,False,1.4947301922717043e-05
2023-04-20,SOBTI_5_ET,US_LATE_LIT,TRAINABLE,UP,UP,9.976002764267022e-05,0.0001047540158236,False,4.993988180929782e-06
2023-04-21,SOBTI_5_ET,ASIA_MORNING_LIT,TRAINABLE,DOWN,DOWN,-0.0013518621983218404,-0.001361849128513,False,9.986930191159581e-06
2023-04-21,SOBTI_5_ET,ASIA_AFTERNOON_LIT,TRAINABLE,DOWN,DOWN,-0.006681995031689536,-0.0065169650243377,False,0.0001650300073518362
2023-04-21,SOBTI_5_ET,EUROPE_LIT,TRAINABLE,UP,UP,0.0008457885489612238,0.0008407492058377,False,5.03934312352382e-06
2023-04-21,SOBTI_5_ET,NY_LONDON_LIT,TRAINABLE,DOWN,DOWN,-0.00417499086395412,-0.0041900961935305,False,1.5105329576379709e-05
2023-04-21,SOBTI_5_ET,US_LATE_LIT,NOT_ELIGIBLE_WEEKLY_CLOSE_FRIDAY,,,,,False,
2023-04-24,SOBTI_5_ET,ASIA_MORNING_LIT,TRAINABLE,DOWN,DOWN,-0.0014566896803702711,-0.001486899967477,False,3.0210287106728932e-05
2023-04-24,SOBTI_5_ET,ASIA_AFTERNOON_LIT,TRAINABLE,UP,UP,0.002295407203672495,0.0025330202034501,False,0.00023761299977760521
2023-04-24,SOBTI_5_ET,EUROPE_LIT,TRAINABLE,UP,UP,0.00011598727051920221,0.0001764999562432,False,6.05126857239978e-05
2023-04-24,SOBTI_5_ET,NY_LONDON_LIT,TRAINABLE,UP,UP,0.0032018212783213595,0.0032774651745499,False,7.56438962285404e-05
2023-04-24,SOBTI_5_ET,US_LATE_LIT,TRAINABLE,UP,UP,0.0036235689267118953,0.0036789073129097,False,5.533838619780447e-05
2023-04-25,SOBTI_5_ET,ASIA_MORNING_LIT,TRAINABLE,DOWN,DOWN,-0.0008112520165323156,-0.0008162042962374,False,4.952279705084414e-06
2023-04-25,SOBTI_5_ET,ASIA_AFTERNOON_LIT,TRAINABLE,UP,UP,0.0010637980888055232,0.001103981243987,False,4.0183155181476886e-05
2023-04-25,SOBTI_5_ET,EUROPE_LIT,TRAINABLE,DOWN,DOWN,-0.008736647488486127,-0.0087065479929722,False,3.009949551392721e-05
2023-04-25,SOBTI_5_ET,NY_LONDON_LIT,TRAINABLE,UP,UP,0.010760036741028989,0.0108257733600538,False,6.573661902481084e-05
2023-04-25,SOBTI_5_ET,US_LATE_LIT,TRAINABLE,DOWN,DOWN,-0.0005952438460691267,-0.0005852292892755,False,1.0014556793626751e-05
2023-04-26,SOBTI_5_ET,ASIA_MORNING_LIT,TRAINABLE,DOWN,DOWN,-0.001546648483489843,-0.0015516586940085,False,5.010210518656931e-06
2023-04-26,SOBTI_5_ET,ASIA_AFTERNOON_LIT,TRAINABLE,UP,UP,0.0012324942636481317,0.0012725559887658,False,4.0061725117668257e-05
2023-04-26,SOBTI_5_ET,EUROPE_LIT,TRAINABLE,DOWN,DOWN,-0.0012859652189377568,-0.0013110044996847,False,2.5039280746943192e-05
2023-04-26,SOBTI_5_ET,NY_LONDON_LIT,TRAINABLE,DOWN,DOWN,-0.004895194077108256,-0.004875130344243,False,2.006373286525618e-05
2023-04-26,SOBTI_5_ET,US_LATE_LIT,TRAINABLE,UP,UP,0.002754112323859914,0.0028246069091069,False,7.04945852469858e-05
2023-04-27,SOBTI_5_ET,ASIA_MORNING_LIT,TRAINABLE,UP,UP,0.003891109250664382,0.0039112124783284,False,2.0103227664018328e-05
2023-04-27,SOBTI_5_ET,ASIA_AFTERNOON_LIT,TRAINABLE,UP,UP,0.000920104618200801,0.0009651504743874,False,4.504585618659901e-05
2023-04-27,SOBTI_5_ET,EUROPE_LIT,TRAINABLE,DOWN,DOWN,-0.0023880209547423314,-0.0023630767836241,False,2.4944171118231398e-05
2023-04-27,SOBTI_5_ET,NY_LONDON_LIT,TRAINABLE,DOWN,DOWN,-0.004046165754990172,-0.0040962323583952,False,5.006660340502785e-05
2023-04-27,SOBTI_5_ET,US_LATE_LIT,TRAINABLE,DOWN,DOWN,-0.0014180041763812712,-0.0013576052346305,False,6.039894175077125e-05
2023-04-28,SOBTI_5_ET,ASIA_MORNING_LIT,TRAINABLE,UP,UP,0.0013796113504138674,0.0013846514799682,False,5.040129554332532e-06
2023-04-28,SOBTI_5_ET,ASIA_AFTERNOON_LIT,TRAINABLE,DOWN,DOWN,-0.0022888380805953235,-0.0022636611383786,False,2.5176942216723498e-05
2023-04-28,SOBTI_5_ET,EUROPE_LIT,TRAINABLE,DOWN,DOWN,-6.554302230110665e-05,-5.046308540090916e-05,False,1.5079936900197488e-05
2023-04-28,SOBTI_5_ET,NY_LONDON_LIT,TRAINABLE,UP,UP,0.003453832765174303,0.0034285974281353,False,2.5235337039002798e-05
2023-04-28,SOBTI_5_ET,US_LATE_LIT,NOT_ELIGIBLE_WEEKLY_CLOSE_FRIDAY,,,,,False,
2023-05-01,SOBTI_5_ET,ASIA_MORNING_LIT,TRAINABLE,DOWN,DOWN,-0.0010887073635311717,-0.0011088833676505,False,2.0176004119328364e-05
2023-05-01,SOBTI_5_ET,ASIA_AFTERNOON_LIT,TRAINABLE,DOWN,DOWN,-0.00015146314177383324,-0.0001514631417738,False,3.323079658668071e-17
2023-05-01,SOBTI_5_ET,EUROPE_LIT,TRAINABLE,UP,UP,0.004271236158170266,0.0042661824147136,False,5.053743456666544e-06
2023-05-01,SOBTI_5_ET,NY_LONDON_LIT,TRAINABLE,DOWN,DOWN,-0.0034235807563457454,-0.0034436495287912,False,2.0068772445454644e-05
2023-05-01,SOBTI_5_ET,US_LATE_LIT,TRAINABLE,DOWN,DOWN,-5.554630540494099e-05,-2.5248320638660005e-05,False,3.0297984766280983e-05
2023-05-02,SOBTI_5_ET,ASIA_MORNING_LIT,TRAINABLE,DOWN,DOWN,-6.053696255514662e-05,-6.55867541815569e-05,False,5.049791626410283e-06
2023-05-02,SOBTI_5_ET,ASIA_AFTERNOON_LIT,TRAINABLE,DOWN,DOWN,-0.0004738659304913684,-0.0005545389763776,False,8.067304588623163e-05
2023-05-02,SOBTI_5_ET,EUROPE_LIT,TRAINABLE,UP,UP,0.0018963994108347482,0.0019165939934049,False,2.0194582570151913e-05
2023-05-02,SOBTI_5_ET,NY_LONDON_LIT,TRAINABLE,UP,UP,0.014412210286320226,0.0143467688843914,False,6.544140192882644e-05
2023-05-02,SOBTI_5_ET,US_LATE_LIT,TRAINABLE,UP,UP,0.0006898278386220369,0.000689827838622,False,3.686287386450715e-17
2023-05-03,SOBTI_5_ET,ASIA_MORNING_LIT,TRAINABLE,UP,UP,0.0006744643852958365,0.0007091549225435,False,3.469053724766344e-05
2023-05-03,SOBTI_5_ET,ASIA_AFTERNOON_LIT,TRAINABLE,DOWN,DOWN,-0.0008182552984202784,-0.0008281833423677,False,9.928043947421525e-06
2023-05-03,SOBTI_5_ET,EUROPE_LIT,TRAINABLE,UP,UP,0.0005161849156685161,0.000555870449602,False,3.968553393348393e-05
2023-05-03,SOBTI_5_ET,NY_LONDON_LIT,TRAINABLE,UP,UP,0.0028969275758830015,0.0032094337826034,False,0.00031250620672039833
2023-05-03,SOBTI_5_ET,US_LATE_LIT,TRAINABLE,UP,UP,0.015871985288193224,0.0158719852881932,False,2.42861286636753e-17
2023-05-04,SOBTI_5_ET,ASIA_MORNING_LIT,TRAINABLE,DOWN,DOWN,-0.006434546980070066,-0.0064297332271165,False,4.813752953566029e-06
2023-05-04,SOBTI_5_ET,ASIA_AFTERNOON_LIT,TRAINABLE,DOWN,DOWN,-0.004496863404428342,-0.0044870672545276,False,9.796149900741409e-06
2023-05-04,SOBTI_5_ET,EUROPE_LIT,TRAINABLE,UP,UP,0.00367658727089637,0.003652045493721,False,2.4541777175369952e-05
2023-05-04,SOBTI_5_ET,NY_LONDON_LIT,TRAINABLE,UP,UP,0.0025269921930930472,0.0026788365326979,False,0.00015184433960485286
2023-05-04,SOBTI_5_ET,US_LATE_LIT,TRAINABLE,UP,UP,0.000742359781270796,0.0007423597812707,False,9.606031248221569e-17
2023-05-05,SOBTI_5_ET,ASIA_MORNING_LIT,TRAINABLE,UP,UP,0.0003953614534473182,0.0003855904040213,False,9.771049426018235e-06
2023-05-05,SOBTI_5_ET,ASIA_AFTERNOON_LIT,TRAINABLE,DOWN,DOWN,-0.002299922304475066,-0.0023780065144315,False,7.808420995643372e-05
2023-05-05,SOBTI_5_ET,EUROPE_LIT,TRAINABLE,DOWN,DOWN,-0.0036709635465492774,-0.0036758630598826,False,4.899513333322513e-06
2023-05-05,SOBTI_5_ET,NY_LONDON_LIT,TRAINABLE,DOWN,DOWN,-0.010061213675389591,-0.0100464609062302,False,1.4752769159390514e-05
2023-05-05,SOBTI_5_ET,US_LATE_LIT,NOT_ELIGIBLE_WEEKLY_CLOSE_FRIDAY,,,,,False,
2023-05-08,SOBTI_5_ET,ASIA_MORNING_LIT,TRAINABLE,UP,UP,0.0017493879741379281,0.0017444272731728,False,4.960700965128207e-06
2023-05-08,SOBTI_5_ET,ASIA_AFTERNOON_LIT,TRAINABLE,DOWN,DOWN,-5.9390078136933866e-05,-8.902578645797465e-05,False,2.9635708321040788e-05
2023-05-08,SOBTI_5_ET,EUROPE_LIT,TRAINABLE,DOWN,UP,-1.4843896794958233e-05,6.428564364746592e-05,True,7.912954044242415e-05
2023-05-08,SOBTI_5_ET,NY_LONDON_LIT,TRAINABLE,UP,DOWN,3.953503300579975e-05,-3.953503300591077e-05,True,7.907006601171052e-05
2023-05-08,SOBTI_5_ET,US_LATE_LIT,TRAINABLE,DOWN,DOWN,-0.0011174725177762745,-0.0011372704831001,False,1.9797965323825432e-05
2023-05-09,SOBTI_5_ET,ASIA_MORNING_LIT,TRAINABLE,UP,UP,0.001400880141376959,0.0013860741635438,False,1.4805977833158958e-05
2023-05-09,SOBTI_5_ET,ASIA_AFTERNOON_LIT,TRAINABLE,DOWN,DOWN,-0.002637719017099749,-0.0026525248111556,False,1.4805794055851133e-05
2023-05-09,SOBTI_5_ET,EUROPE_LIT,TRAINABLE,UP,UP,0.004038820394684617,0.0039893369848926,False,4.948340979201663e-05
2023-05-09,SOBTI_5_ET,NY_LONDON_LIT,TRAINABLE,UP,UP,0.002624427056905132,0.0026342845130182,False,9.857456113068156e-06
2023-05-09,SOBTI_5_ET,US_LATE_LIT,TRAINABLE,UP,UP,0.00012277169074370597,0.0001374600958243,False,1.468840508059402e-05
2023-05-10,SOBTI_5_ET,ASIA_MORNING_LIT,TRAINABLE,DOWN,DOWN,-0.0028086154790603057,-0.0028135305819272,False,4.9151028668941235e-06
2023-05-10,SOBTI_5_ET,ASIA_AFTERNOON_LIT,TRAINABLE,DOWN,DOWN,-0.0004679974845503976,-0.0004630660613111,False,4.9314232392975695e-06
2023-05-10,SOBTI_5_ET,EUROPE_LIT,TRAINABLE,UP,UP,0.0001922322421781253,0.0002415052467692,False,4.9273004591074714e-05
2023-05-10,SOBTI_5_ET,NY_LONDON_LIT,TRAINABLE,UP,UP,0.0007982694267820722,0.0007490033914181,False,4.9266035363972234e-05
2023-05-10,SOBTI_5_ET,US_LATE_LIT,TRAINABLE,UP,UP,0.0021812586153804325,0.0022452693288437,False,6.40107134632674e-05
2023-05-11,SOBTI_5_ET,ASIA_MORNING_LIT,TRAINABLE,DOWN,DOWN,-0.0013166148552906654,-0.0013313682048574,False,1.4753349566734662e-05
2023-05-11,SOBTI_5_ET,ASIA_AFTERNOON_LIT,TRAINABLE,DOWN,DOWN,-0.0029429905295330627,-0.0030660256621561,False,0.0001230351326230372
2023-05-11,SOBTI_5_ET,EUROPE_LIT,TRAINABLE,UP,UP,0.005469726771743844,0.0055141358933734,False,4.4409121629556715e-05
2023-05-11,SOBTI_5_ET,NY_LONDON_LIT,TRAINABLE,DOWN,DOWN,-0.01129177958446248,-0.011301603432701,False,9.823848238520172e-06
2023-05-11,SOBTI_5_ET,US_LATE_LIT,TRAINABLE,UP,UP,0.0010129949500610191,0.0009683245159461,False,4.467043411491916e-05
2023-05-12,SOBTI_5_ET,ASIA_MORNING_LIT,TRAINABLE,DOWN,DOWN,-0.0023415370791433077,-0.0023316036035657,False,9.93347557760784e-06
2023-05-12,SOBTI_5_ET,ASIA_AFTERNOON_LIT,TRAINABLE,DOWN,UP,-3.482063854987061e-05,9.949605842773934e-06,True,4.477024439264454e-05
2023-05-12,SOBTI_5_ET,EUROPE_LIT,TRAINABLE,DOWN,DOWN,-0.00363293669042819,-0.0037074983543928,False,7.456166396460975e-05
2023-05-12,SOBTI_5_ET,NY_LONDON_LIT,TRAINABLE,UP,UP,0.004938409860288484,0.0049434031262383,False,4.993265949816e-06
2023-05-12,SOBTI_5_ET,US_LATE_LIT,NOT_ELIGIBLE_WEEKLY_CLOSE_FRIDAY,,,,,False,
2023-05-15,SOBTI_5_ET,ASIA_MORNING_LIT,TRAINABLE,UP,UP,0.0011778571854561548,0.001197756595034,False,1.9899409577845252e-05
2023-05-15,SOBTI_5_ET,ASIA_AFTERNOON_LIT,TRAINABLE,UP,UP,0.001066017313870793,0.001046165364325,False,1.985194954579289e-05
2023-05-15,SOBTI_5_ET,EUROPE_LIT,TRAINABLE,DOWN,DOWN,-0.002882604682948431,-0.0028380427978248,False,4.456188512363089e-05
2023-05-15,SOBTI_5_ET,NY_LONDON_LIT,TRAINABLE,UP,UP,0.0017980737619678333,0.0017682465167527,False,2.9827245215133203e-05
2023-05-15,SOBTI_5_ET,US_LATE_LIT,TRAINABLE,DOWN,DOWN,-0.0005354766547207568,-0.000495830081411,False,3.9646573309756825e-05
2023-05-16,SOBTI_5_ET,ASIA_MORNING_LIT,TRAINABLE,UP,UP,0.0004960760508396778,0.0004812384161592,False,1.4837634680477736e-05
2023-05-16,SOBTI_5_ET,ASIA_AFTERNOON_LIT,TRAINABLE,DOWN,DOWN,-0.004555962575356731,-0.0046550875774723,False,9.912500211556839e-05
2023-05-16,SOBTI_5_ET,EUROPE_LIT,TRAINABLE,DOWN,DOWN,-0.0010957235870038273,-0.0011106805538975,False,1.4956966893672763e-05
2023-05-16,SOBTI_5_ET,NY_LONDON_LIT,TRAINABLE,DOWN,DOWN,-0.0076139572938730415,-0.0075740875343561,False,3.9869759516941196e-05
2023-05-16,SOBTI_5_ET,US_LATE_LIT,TRAINABLE,UP,UP,0.0008993589170598337,0.0008842740569592,False,1.508486010063368e-05
2023-05-17,SOBTI_5_ET,ASIA_MORNING_LIT,TRAINABLE,DOWN,DOWN,-0.0003614155959409393,-0.0003614155959409,False,3.9302328752599536e-17
2023-05-17,SOBTI_5_ET,ASIA_AFTERNOON_LIT,TRAINABLE,UP,UP,0.0003619979863764833,0.0003820662550875,False,2.0068268711016693e-05
2023-05-17,SOBTI_5_ET,EUROPE_LIT,TRAINABLE,DOWN,DOWN,-0.0012813911960691815,-0.0012160585518785,False,6.533264419068146e-05
2023-05-17,SOBTI_5_ET,NY_LONDON_LIT,TRAINABLE,DOWN,DOWN,-0.002193710794855197,-0.0021433472832546,False,5.036351160059684e-05
2023-05-17,SOBTI_5_ET,US_LATE_LIT,TRAINABLE,UP,UP,0.00018150648303549843,0.0001109116647406,False,7.059481829489843e-05
2023-05-18,SOBTI_5_ET,ASIA_MORNING_LIT,TRAINABLE,DOWN,DOWN,-0.0008268221444468482,-0.0008318687537151,False,5.046609268251822e-06
2023-05-18,SOBTI_5_ET,ASIA_AFTERNOON_LIT,TRAINABLE,DOWN,DOWN,-0.0004951544585266587,-0.0005103277155212,False,1.517325699454126e-05
2023-05-18,SOBTI_5_ET,EUROPE_LIT,TRAINABLE,DOWN,DOWN,-0.001991810447240616,-0.0020827700909445,False,9.095964370388386e-05
2023-05-18,SOBTI_5_ET,NY_LONDON_LIT,TRAINABLE,DOWN,DOWN,-0.00824211625958271,-0.0082674707409411,False,2.535448135839065e-05
2023-05-18,SOBTI_5_ET,US_LATE_LIT,TRAINABLE,UP,UP,3.579218474203394e-05,1.022633849756538e-05,False,2.556584624446856e-05
2023-05-19,SOBTI_5_ET,ASIA_MORNING_LIT,TRAINABLE,UP,UP,0.0026000225283626666,0.0025795700605211,False,2.04524678415665e-05
2023-05-19,SOBTI_5_ET,ASIA_AFTERNOON_LIT,TRAINABLE,UP,UP,0.001967291897660095,0.00196729189766,False,9.497611030973019e-17
2023-05-19,SOBTI_5_ET,EUROPE_LIT,TRAINABLE,DOWN,DOWN,-0.0010935735910629907,-0.0011851582810815,False,9.158469001850937e-05
2023-05-19,SOBTI_5_ET,NY_LONDON_LIT,TRAINABLE,UP,UP,0.009222798871582505,0.0092737152961825,False,5.09164245999956e-05
2023-05-19,SOBTI_5_ET,US_LATE_LIT,NOT_ELIGIBLE_WEEKLY_CLOSE_FRIDAY,,,,,False,
2023-05-22,SOBTI_5_ET,ASIA_MORNING_LIT,EXCLUDE_BOTH_BOUNDARIES_MISSING,,,,,False,
2023-05-22,SOBTI_5_ET,ASIA_AFTERNOON_LIT,EXCLUDE_START_BOUNDARY_MISSING,,,,,False,
2023-05-22,SOBTI_5_ET,EUROPE_LIT,TRAINABLE,DOWN,DOWN,-0.0009772375786590848,-0.00093669398668,False,4.0543591979084765e-05
2023-05-22,SOBTI_5_ET,NY_LONDON_LIT,TRAINABLE,UP,UP,0.0003445944523821076,0.0003648817070351,False,2.0287254652992396e-05
2023-05-22,SOBTI_5_ET,US_LATE_LIT,TRAINABLE,DOWN,DOWN,-0.0032524976189030053,-0.0031511388736904,False,0.00010135874521260534
2023-05-23,SOBTI_5_ET,ASIA_MORNING_LIT,TRAINABLE,DOWN,DOWN,-0.00321705472667444,-0.0032170547266744,False,3.9898639947466563e-17
2023-05-23,SOBTI_5_ET,ASIA_AFTERNOON_LIT,TRAINABLE,DOWN,DOWN,-0.0028593367084405186,-0.0026299981275643,False,0.0002293385808762186
2023-05-23,SOBTI_5_ET,EUROPE_LIT,TRAINABLE,UP,UP,0.0010527485995768249,0.0010476331832123,False,5.11541636452487e-06
2023-05-23,SOBTI_5_ET,NY_LONDON_LIT,TRAINABLE,UP,UP,0.008591623785019875,0.0085763548558359,False,1.5268929183975127e-05
2023-05-23,SOBTI_5_ET,US_LATE_LIT,TRAINABLE,DOWN,DOWN,-0.00029360725690374956,-0.0002936072569037,False,4.954803928258755e-17
2023-05-24,SOBTI_5_ET,ASIA_MORNING_LIT,TRAINABLE,DOWN,DOWN,-0.0002379504864111759,-0.0002683540106528,False,3.0403524241624097e-05
2023-05-24,SOBTI_5_ET,ASIA_AFTERNOON_LIT,TRAINABLE,DOWN,DOWN,-0.0022756465824976813,-0.0023565129480547,False,8.086636555701887e-05
2023-05-24,SOBTI_5_ET,EUROPE_LIT,TRAINABLE,UP,UP,0.004668471090113702,0.0046228658601259,False,4.560522998780202e-05
2023-05-24,SOBTI_5_ET,NY_LONDON_LIT,TRAINABLE,DOWN,DOWN,-0.009314240548271568,-0.009288987259042,False,2.52532892295685e-05
2023-05-24,SOBTI_5_ET,US_LATE_LIT,TRAINABLE,DOWN,DOWN,-0.002011678056074717,-0.0021033811790955,False,9.170312302078263e-05
2023-05-25,SOBTI_5_ET,ASIA_MORNING_LIT,TRAINABLE,DOWN,DOWN,-0.0008982433218672758,-0.0008880309077361,False,1.0212414131175861e-05
2023-05-25,SOBTI_5_ET,ASIA_AFTERNOON_LIT,TRAINABLE,UP,UP,0.0016399379283127402,0.0016246015701508,False,1.533635816194012e-05
2023-05-25,SOBTI_5_ET,EUROPE_LIT,TRAINABLE,UP,UP,0.0006987534555396024,0.0006885423998532,False,1.0211055686402417e-05
2023-05-25,SOBTI_5_ET,NY_LONDON_LIT,TRAINABLE,DOWN,DOWN,-0.00908778435584312,-0.0090877843558431,False,2.0816681711721685e-17
2023-05-25,SOBTI_5_ET,US_LATE_LIT,TRAINABLE,DOWN,DOWN,-0.0016357103828135156,-0.001620263964425,False,1.544641838851558e-05
2023-05-26,SOBTI_5_ET,ASIA_MORNING_LIT,TRAINABLE,UP,UP,0.0036167213824733757,0.0035960927341001,False,2.0628648373275608e-05
2023-05-26,SOBTI_5_ET,ASIA_AFTERNOON_LIT,TRAINABLE,UP,UP,0.0016215760010138691,0.001636985958296,False,1.5409957282130817e-05
2023-05-26,SOBTI_5_ET,EUROPE_LIT,TRAINABLE,DOWN,DOWN,-0.00015884278230160476,-0.0001690992973851,False,1.0256515083495243e-05
2023-05-26,SOBTI_5_ET,NY_LONDON_LIT,TRAINABLE,DOWN,DOWN,-0.0027771726048081424,-0.0027823017296813,False,5.129124873157372e-06
2023-05-26,SOBTI_5_ET,US_LATE_LIT,NOT_ELIGIBLE_WEEKLY_CLOSE_FRIDAY,,,,,False,
2023-05-29,SOBTI_5_ET,ASIA_MORNING_LIT,TRAINABLE,UP,UP,0.001895395841919889,0.001879990307132,False,1.5405534787889122e-05
2023-05-29,SOBTI_5_ET,ASIA_AFTERNOON_LIT,TRAINABLE,UP,UP,9.249425256152577e-05,0.0001335982398611,False,4.1103987299574224e-05
2023-05-29,SOBTI_5_ET,EUROPE_LIT,TRAINABLE,UP,UP,0.00042150116473571586,0.0004574546394489,False,3.595347471318415e-05
2023-05-29,SOBTI_5_ET,NY_LONDON_LIT,TRAINABLE,DOWN,DOWN,-0.0016234138204413995,-0.0016234138204413,False,9.952975943416931e-17
2023-05-29,SOBTI_5_ET,US_LATE_LIT,EXCLUDE_START_BOUNDARY_MISSING,,DOWN,,-0.00026244531821,False,
2023-05-30,SOBTI_5_ET,ASIA_MORNING_LIT,TRAINABLE,DOWN,DOWN,-0.0003448854411464142,-0.0003500378249829,False,5.152383836485837e-06
2023-05-30,SOBTI_5_ET,ASIA_AFTERNOON_LIT,TRAINABLE,UP,UP,0.00029969614450964244,0.0002893507468735,False,1.034539763614242e-05
2023-05-30,SOBTI_5_ET,EUROPE_LIT,TRAINABLE,UP,UP,0.0126774742113136,0.0126929878188941,False,1.5513607580499786e-05
2023-05-30,SOBTI_5_ET,NY_LONDON_LIT,TRAINABLE,DOWN,DOWN,-0.0007039825596421023,-0.0007244030072204,False,2.0420447578297718e-05
2023-05-30,SOBTI_5_ET,US_LATE_LIT,TRAINABLE,UP,UP,0.00038797878368668215,0.0004339083246975,False,4.592954101081785e-05
2023-05-31,SOBTI_5_ET,ASIA_MORNING_LIT,TRAINABLE,DOWN,DOWN,-0.0008164278695390603,-0.0008215357421704,False,5.107872631339655e-06
2023-05-31,SOBTI_5_ET,ASIA_AFTERNOON_LIT,TRAINABLE,DOWN,DOWN,-0.0009289578671082266,-0.0008064064962975,False,0.00012255137081072657
2023-05-31,SOBTI_5_ET,EUROPE_LIT,TRAINABLE,UP,UP,0.0013996107280145331,0.0013791579476942,False,2.0452780320333102e-05
2023-05-31,SOBTI_5_ET,NY_LONDON_LIT,TRAINABLE,UP,UP,0.003305476489251946,0.0032901580305859,False,1.5318458666045958e-05
2023-05-31,SOBTI_5_ET,US_LATE_LIT,TRAINABLE,DOWN,DOWN,-0.0004270679301631164,-0.0003406140915201,False,8.645383864301637e-05
2023-06-01,SOBTI_5_ET,ASIA_MORNING_LIT,TRAINABLE,DOWN,DOWN,-0.0006713899071583151,-0.0007018757267688,False,3.048581961048486e-05
2023-06-01,SOBTI_5_ET,ASIA_AFTERNOON_LIT,TRAINABLE,DOWN,DOWN,-0.0037673671097767647,-0.0037673671097767,False,6.461844948013606e-17
2023-06-01,SOBTI_5_ET,EUROPE_LIT,TRAINABLE,UP,UP,0.005697998097986101,0.005646909848777,False,5.108824920910075e-05
2023-06-01,SOBTI_5_ET,NY_LONDON_LIT,TRAINABLE,UP,UP,0.004893640832648982,0.0048377476285801,False,5.589320406888202e-05
2023-06-01,SOBTI_5_ET,US_LATE_LIT,TRAINABLE,DOWN,DOWN,-0.0007636367314326487,-0.0007636367314326,False,4.868067754459915e-17
2023-06-02,SOBTI_5_ET,ASIA_MORNING_LIT,TRAINABLE,UP,UP,0.0036439371011252053,0.0036034708761205,False,4.046622500470526e-05
2023-06-02,SOBTI_5_ET,ASIA_AFTERNOON_LIT,TRAINABLE,DOWN,DOWN,-0.0002172972579789212,-0.000207178890056,False,1.0118367922921174e-05
2023-06-02,SOBTI_5_ET,EUROPE_LIT,TRAINABLE,UP,UP,0.00035384218032130654,0.000358897357479,False,5.055177157693475e-06
2023-06-02,SOBTI_5_ET,NY_LONDON_LIT,TRAINABLE,DOWN,DOWN,-0.014038255983182424,-0.0140281371280726,False,1.011885510982316e-05
2023-06-02,SOBTI_5_ET,US_LATE_LIT,NOT_ELIGIBLE_WEEKLY_CLOSE_FRIDAY,,,,,False,
2023-06-05,SOBTI_5_ET,ASIA_MORNING_LIT,TRAINABLE,DOWN,DOWN,-0.0010377117195417007,-0.0010377117195417,False,6.505213034913027e-19
2023-06-05,SOBTI_5_ET,ASIA_AFTERNOON_LIT,TRAINABLE,DOWN,DOWN,-0.001059389260964716,-0.001043945384198,False,1.5443876766716054e-05
2023-06-05,SOBTI_5_ET,EUROPE_LIT,TRAINABLE,DOWN,DOWN,-7.72331544190985e-05,-3.091488416795407e-05,False,4.631827025114443e-05
2023-06-05,SOBTI_5_ET,NY_LONDON_LIT,TRAINABLE,UP,UP,0.00964284662551429,0.0096531556809464,False,1.0309055432110303e-05
2023-06-05,SOBTI_5_ET,US_LATE_LIT,TRAINABLE,UP,UP,1.0203353186133413e-05,1.5307579342538347e-05,False,5.104226156404934e-06
2023-06-06,SOBTI_5_ET,ASIA_MORNING_LIT,TRAINABLE,DOWN,DOWN,-0.000571088896095806,-0.0005710888960958,False,6.071532165918825e-18
2023-06-06,SOBTI_5_ET,ASIA_AFTERNOON_LIT,TRAINABLE,DOWN,DOWN,-0.0014334673378436635,-0.0015048922657678,False,7.142492792413645e-05
2023-06-06,SOBTI_5_ET,EUROPE_LIT,TRAINABLE,UP,UP,0.002835517417745459,0.0028304032038093,False,5.114213936158792e-06
2023-06-06,SOBTI_5_ET,NY_LONDON_LIT,TRAINABLE,UP,UP,0.0006521349409196464,0.0006470331235417,False,5.101817377946446e-06
2023-06-06,SOBTI_5_ET,US_LATE_LIT,TRAINABLE,UP,UP,0.0004226230895285621,0.0004633338481339,False,4.07107586053379e-05
2023-06-07,SOBTI_5_ET,ASIA_MORNING_LIT,TRAINABLE,DOWN,DOWN,-0.0008752983400831527,-0.0008702042184507,False,5.0941216324526745e-06
2023-06-07,SOBTI_5_ET,ASIA_AFTERNOON_LIT,TRAINABLE,DOWN,DOWN,-0.0033672206723645015,-0.0032551648835726,False,0.00011205578879190138
2023-06-07,SOBTI_5_ET,EUROPE_LIT,TRAINABLE,UP,UP,0.0023866966254906252,0.0023918125122857,False,5.115886795074853e-06
2023-06-07,SOBTI_5_ET,NY_LONDON_LIT,TRAINABLE,DOWN,DOWN,-0.009422167802912718,-0.0094272714826627,False,5.103679749983089e-06
2023-06-07,SOBTI_5_ET,US_LATE_LIT,TRAINABLE,UP,UP,0.0017603302653896868,0.0017963342600986,False,3.600399470891306e-05
2023-06-08,SOBTI_5_ET,ASIA_MORNING_LIT,TRAINABLE,DOWN,DOWN,-5.651148688068375e-05,-3.5939435469645176e-05,False,2.0572051411038572e-05
2023-06-08,SOBTI_5_ET,ASIA_AFTERNOON_LIT,TRAINABLE,DOWN,DOWN,-0.0013503989843888231,-0.0013555386963419,False,5.13971195307693e-06
2023-06-08,SOBTI_5_ET,EUROPE_LIT,TRAINABLE,UP,UP,0.0008946857248455231,0.000822698926117,False,7.198679872852311e-05
2023-06-08,SOBTI_5_ET,NY_LONDON_LIT,TRAINABLE,UP,UP,0.00879508751332958,0.0087745228194739,False,2.0564693855680202e-05
2023-06-08,SOBTI_5_ET,US_LATE_LIT,TRAINABLE,DOWN,DOWN,-0.00011202778541663516,-0.000122223240749,False,1.0195455332364837e-05
2023-06-09,SOBTI_5_ET,ASIA_MORNING_LIT,TRAINABLE,UP,UP,0.0006315639356617719,0.0005959365991301,False,3.5627336531671985e-05
2023-06-09,SOBTI_5_ET,ASIA_AFTERNOON_LIT,TRAINABLE,UP,UP,0.0007028838719154162,0.0007130807814197,False,1.0196909504283811e-05
2023-06-09,SOBTI_5_ET,EUROPE_LIT,TRAINABLE,UP,UP,0.0009466850623831569,0.0009415902406506,False,5.094821732556866e-06
2023-06-09,SOBTI_5_ET,NY_LONDON_LIT,TRAINABLE,DOWN,DOWN,-0.0020187075397318788,-0.0020441576847867,False,2.545014505482123e-05
2023-06-09,SOBTI_5_ET,US_LATE_LIT,NOT_ELIGIBLE_WEEKLY_CLOSE_FRIDAY,,,,,False,
2023-06-12,SOBTI_5_ET,ASIA_MORNING_LIT,TRAINABLE,DOWN,DOWN,-0.0013786065870515785,-0.0013632789215675,False,1.5327665484078526e-05
2023-06-12,SOBTI_5_ET,ASIA_AFTERNOON_LIT,TRAINABLE,UP,UP,0.0006840683675066739,0.0006789581221571,False,5.110245349573893e-06
2023-06-12,SOBTI_5_ET,EUROPE_LIT,TRAINABLE,UP,UP,0.0019998821410720513,0.0019896685849496,False,1.0213556122451277e-05
2023-06-12,SOBTI_5_ET,NY_LONDON_LIT,TRAINABLE,DOWN,DOWN,-0.003971430747395255,-0.0039612374725116,False,1.0193274883654388e-05
2023-06-12,SOBTI_5_ET,US_LATE_LIT,TRAINABLE,UP,UP,0.0008945641126711923,0.0008945641126711,False,9.226560487851643e-17
2023-06-13,SOBTI_5_ET,ASIA_MORNING_LIT,TRAINABLE,UP,UP,0.0011746875594369488,0.0012001879397949,False,2.5500380357951213e-05
2023-06-13,SOBTI_5_ET,ASIA_AFTERNOON_LIT,TRAINABLE,UP,UP,0.0018413524958231786,0.0018260330127057,False,1.5319483117478714e-05
2023-06-13,SOBTI_5_ET,EUROPE_LIT,TRAINABLE,DOWN,DOWN,-0.00010690243503841401,-0.0001170903593934,False,1.0187924354985989e-05
2023-06-13,SOBTI_5_ET,NY_LONDON_LIT,TRAINABLE,DOWN,DOWN,-0.011034416969816663,-0.0110445500750794,False,1.0133105262736739e-05
2023-06-13,SOBTI_5_ET,US_LATE_LIT,TRAINABLE,UP,UP,0.0012254385306036397,0.0012202845019688,False,5.154028634839778e-06
2023-06-14,SOBTI_5_ET,ASIA_MORNING_LIT,TRAINABLE,UP,UP,0.00168672793181468,0.0016764941492282,False,1.0233782586479894e-05
2023-06-14,SOBTI_5_ET,ASIA_AFTERNOON_LIT,TRAINABLE,UP,UP,0.0009707343179510275,0.0010734343837073,False,0.00010270006575627245
2023-06-14,SOBTI_5_ET,EUROPE_LIT,TRAINABLE,DOWN,DOWN,-0.00103633357563504,-0.0010261251693873,False,1.0208406247739924e-05
2023-06-14,SOBTI_5_ET,NY_LONDON_LIT,TRAINABLE,DOWN,DOWN,-0.0012120642466312281,-0.0012223463102611,False,1.02820636298719e-05
2023-06-14,SOBTI_5_ET,US_LATE_LIT,TRAINABLE,DOWN,DOWN,-0.0027356148181110207,-0.002787021206022,False,5.1406387910979314e-05
2023-06-15,SOBTI_5_ET,ASIA_MORNING_LIT,TRAINABLE,DOWN,DOWN,-0.0018666721381129792,-0.0018254403413826,False,4.1231796730379234e-05
2023-06-15,SOBTI_5_ET,ASIA_AFTERNOON_LIT,TRAINABLE,DOWN,DOWN,-0.0011210852971944574,-0.0010900571212394,False,3.1028175955057384e-05
2023-06-15,SOBTI_5_ET,EUROPE_LIT,TRAINABLE,DOWN,DOWN,-0.002549740049397786,-0.0025859170286282,False,3.6176979230413946e-05
2023-06-15,SOBTI_5_ET,NY_LONDON_LIT,TRAINABLE,UP,UP,0.015405335215438187,0.0154053352154381,False,8.673617379884035e-17
2023-06-15,SOBTI_5_ET,US_LATE_LIT,TRAINABLE,DOWN,DOWN,-0.0006689918567044373,-0.0006587684952009,False,1.0223361503537243e-05
2023-06-16,SOBTI_5_ET,ASIA_MORNING_LIT,TRAINABLE,UP,UP,0.0001890677964770937,0.0001379786119046,False,5.108918457249372e-05
2023-06-16,SOBTI_5_ET,ASIA_AFTERNOON_LIT,TRAINABLE,UP,UP,0.0019266644763451524,0.0019317800755751,False,5.115599229947544e-06
2023-06-16,SOBTI_5_ET,EUROPE_LIT,TRAINABLE,UP,UP,0.002636987714874639,0.0026625163952274,False,2.552868035276103e-05
2023-06-16,SOBTI_5_ET,NY_LONDON_LIT,TRAINABLE,DOWN,DOWN,-0.00361691659400476,-0.0036525567533546,False,3.564015934984016e-05
2023-06-16,SOBTI_5_ET,US_LATE_LIT,NOT_ELIGIBLE_WEEKLY_CLOSE_FRIDAY,,,,,False,
2023-06-19,SOBTI_5_ET,ASIA_MORNING_LIT,TRAINABLE,DOWN,DOWN,-0.000848456952611043,-0.0008689165390145,False,2.045958640345695e-05
2023-06-19,SOBTI_5_ET,ASIA_AFTERNOON_LIT,TRAINABLE,DOWN,DOWN,-0.0017628858694366256,-0.0017373721978005,False,2.5513671636125633e-05
2023-06-19,SOBTI_5_ET,EUROPE_LIT,TRAINABLE,DOWN,DOWN,-0.002584948775100404,-0.0026208160763642,False,3.5867301263795785e-05
2023-06-19,SOBTI_5_ET,NY_LONDON_LIT,TRAINABLE,UP,UP,0.0009443768845973644,0.0009443768845973,False,6.440160904563896e-17
2023-06-19,SOBTI_5_ET,US_LATE_LIT,EXCLUDE_START_BOUNDARY_MISSING,,UP,,0.000348626617862,False,
2023-06-20,SOBTI_5_ET,ASIA_MORNING_LIT,TRAINABLE,DOWN,DOWN,-0.0004407967259739687,-0.0003844202193984,False,5.6376506575568674e-05
2023-06-20,SOBTI_5_ET,ASIA_AFTERNOON_LIT,TRAINABLE,UP,UP,0.0027261083012153353,0.0028031316867636,False,7.70233855482646e-05
2023-06-20,SOBTI_5_ET,EUROPE_LIT,TRAINABLE,DOWN,DOWN,-0.0009829724626514436,-0.0009522860902073,False,3.06863724441436e-05
2023-06-20,SOBTI_5_ET,NY_LONDON_LIT,TRAINABLE,DOWN,DOWN,-0.007163893698631574,-0.0071690232178386,False,5.129519207025882e-06
2023-06-20,SOBTI_5_ET,US_LATE_LIT,TRAINABLE,DOWN,DOWN,-0.0002786741461227038,-0.0003509388653378,False,7.226471921509622e-05
2023-06-21,SOBTI_5_ET,ASIA_MORNING_LIT,TRAINABLE,DOWN,DOWN,-6.195850749235454e-05,-5.679013532577937e-05,False,5.168372166575175e-06
2023-06-21,SOBTI_5_ET,ASIA_AFTERNOON_LIT,TRAINABLE,UP,UP,0.0001394947600221741,0.0001343235040121,False,5.1712560100740834e-06
2023-06-21,SOBTI_5_ET,EUROPE_LIT,TRAINABLE,DOWN,DOWN,-0.0006973129754191953,-0.0007128246598653,False,1.5511684446104673e-05
2023-06-21,SOBTI_5_ET,NY_LONDON_LIT,TRAINABLE,UP,UP,0.0006409608419597479,0.0006616578412192,False,2.0696999259452154e-05
2023-06-21,SOBTI_5_ET,US_LATE_LIT,TRAINABLE,DOWN,DOWN,-0.0017924746716831974,-0.001833774146032,False,4.129947434880249e-05
2023-06-22,SOBTI_5_ET,ASIA_MORNING_LIT,TRAINABLE,UP,UP,0.0005329941717531206,0.0005329941717531,False,2.0599841277224584e-17
2023-06-22,SOBTI_5_ET,ASIA_AFTERNOON_LIT,TRAINABLE,DOWN,DOWN,-0.000259104951896183,-0.0002383558273484,False,2.0749124547782976e-05
2023-06-22,SOBTI_5_ET,EUROPE_LIT,TRAINABLE,DOWN,DOWN,-0.0009796554068417507,-0.0009848439246921,False,5.188517850349345e-06
2023-06-22,SOBTI_5_ET,NY_LONDON_LIT,TRAINABLE,DOWN,DOWN,-0.006433686526822635,-0.0064440737923587,False,1.0387265536065081e-05
2023-06-22,SOBTI_5_ET,US_LATE_LIT,TRAINABLE,UP,UP,0.00039688451012209747,0.0002976960206908,False,9.918848943129746e-05
2023-06-23,SOBTI_5_ET,ASIA_MORNING_LIT,TRAINABLE,DOWN,DOWN,-0.0019681546848193676,-0.0019681546848193,False,6.765421556309548e-17
2023-06-23,SOBTI_5_ET,ASIA_AFTERNOON_LIT,TRAINABLE,DOWN,DOWN,-0.0007461867370690545,-0.0006992376198095,False,4.694911725955451e-05
2023-06-23,SOBTI_5_ET,EUROPE_LIT,TRAINABLE,UP,UP,0.0021828051435401896,0.0022088783868787,False,2.607324333851052e-05
2023-06-23,SOBTI_5_ET,NY_LONDON_LIT,TRAINABLE,UP,UP,0.0003022477928884548,0.0003178322493173,False,1.558445642884515e-05
2023-06-23,SOBTI_5_ET,US_LATE_LIT,NOT_ELIGIBLE_WEEKLY_CLOSE_FRIDAY,,,,,False,
2023-06-26,SOBTI_5_ET,ASIA_MORNING_LIT,TRAINABLE,UP,UP,4.1506827616277775e-05,5.189910736702608e-05,False,1.0392279750748308e-05
2023-06-26,SOBTI_5_ET,ASIA_AFTERNOON_LIT,TRAINABLE,UP,UP,0.0015639450904594288,0.0014236524612651,False,0.00014029262919432878
2023-06-26,SOBTI_5_ET,EUROPE_LIT,TRAINABLE,UP,UP,0.002085759806604859,0.0020701840967447,False,1.5575709860158812e-05
2023-06-26,SOBTI_5_ET,NY_LONDON_LIT,TRAINABLE,DOWN,DOWN,-0.0038315323875168783,-0.0037900696796547,False,4.146270786217852e-05
2023-06-26,SOBTI_5_ET,US_LATE_LIT,TRAINABLE,DOWN,DOWN,-0.0006340696255318079,-0.000623726751616,False,1.0342873915807874e-05
2023-06-27,SOBTI_5_ET,ASIA_MORNING_LIT,TRAINABLE,UP,UP,0.0031724542091073893,0.0031828035381766,False,1.0349329069210891e-05
2023-06-27,SOBTI_5_ET,ASIA_AFTERNOON_LIT,TRAINABLE,DOWN,DOWN,-0.00016594855178031498,-0.0001866467527021,False,2.0698200921785026e-05
2023-06-27,SOBTI_5_ET,EUROPE_LIT,TRAINABLE,DOWN,DOWN,-0.002639663664877556,-0.0026811300253237,False,4.146636044614384e-05
2023-06-27,SOBTI_5_ET,NY_LONDON_LIT,TRAINABLE,DOWN,DOWN,-0.005028255847061236,-0.00507503871234,False,4.678286527876399e-05
2023-06-27,SOBTI_5_ET,US_LATE_LIT,TRAINABLE,UP,UP,0.001494731835808949,0.0014947318358089,False,4.90059381963448e-17
2023-06-28,SOBTI_5_ET,ASIA_MORNING_LIT,TRAINABLE,UP,UP,0.00010956873935175082,4.695132158261117e-05,False,6.261741776913965e-05
2023-06-28,SOBTI_5_ET,ASIA_AFTERNOON_LIT,TRAINABLE,DOWN,DOWN,-0.00290746658162111,-0.002870953275867,False,3.65133057541097e-05
2023-06-28,SOBTI_5_ET,EUROPE_LIT,TRAINABLE,DOWN,DOWN,-0.0016123419131226502,-0.0016175820923945,False,5.240179271849858e-06
2023-06-28,SOBTI_5_ET,NY_LONDON_LIT,TRAINABLE,UP,UP,0.002852397526650785,0.0028104710923579,False,4.192643429288493e-05
2023-06-28,SOBTI_5_ET,US_LATE_LIT,TRAINABLE,DOWN,DOWN,-0.0012758437797666389,-0.0012914813449786,False,1.5637565211961205e-05
2023-06-29,SOBTI_5_ET,ASIA_MORNING_LIT,TRAINABLE,DOWN,DOWN,-0.002879520265386404,-0.002895242448894,False,1.572218350759597e-05
2023-06-29,SOBTI_5_ET,ASIA_AFTERNOON_LIT,TRAINABLE,UP,UP,4.199734123644383e-05,6.302700038807174e-05,False,2.102965915162791e-05
2023-06-29,SOBTI_5_ET,EUROPE_LIT,TRAINABLE,UP,UP,0.003151177671590677,0.0031406632420931,False,1.0514429497576923e-05
2023-06-29,SOBTI_5_ET,NY_LONDON_LIT,TRAINABLE,DOWN,DOWN,-0.0010890294751486618,-0.0010680664539436,False,2.0963021205061723e-05
2023-06-29,SOBTI_5_ET,US_LATE_LIT,TRAINABLE,UP,UP,0.00044548451745285433,0.0004035765407761,False,4.190797667675433e-05
2023-06-30,SOBTI_5_ET,ASIA_MORNING_LIT,TRAINABLE,DOWN,DOWN,-0.0002724386498436093,-0.0002724386498436,False,9.324138683375338e-18
2023-06-30,SOBTI_5_ET,ASIA_AFTERNOON_LIT,TRAINABLE,DOWN,DOWN,-0.0010318874621334517,-0.0010371307980568,False,5.24333592334821e-06
2023-06-30,SOBTI_5_ET,EUROPE_LIT,TRAINABLE,DOWN,DOWN,-0.0009281163694181416,-0.0009071264945761,False,2.0989874842041595e-05
2023-06-30,SOBTI_5_ET,NY_LONDON_LIT,TRAINABLE,UP,UP,0.0075155349589057785,0.007536549139804,False,2.1014180898221504e-05
2023-06-30,SOBTI_5_ET,US_LATE_LIT,NOT_ELIGIBLE_WEEKLY_CLOSE_FRIDAY,,,,,False,
2023-07-03,SOBTI_5_ET,ASIA_MORNING_LIT,TRAINABLE,DOWN,DOWN,-0.0002660236975626784,-0.0002608024328568,False,5.221264705878388e-06
2023-07-03,SOBTI_5_ET,ASIA_AFTERNOON_LIT,TRAINABLE,DOWN,DOWN,-0.0017040140400309545,-0.0017196627338071,False,1.5648693776145525e-05
2023-07-03,SOBTI_5_ET,EUROPE_LIT,TRAINABLE,DOWN,DOWN,-0.001602512939902323,-0.0015972877230329,False,5.225216869423005e-06
2023-07-03,SOBTI_5_ET,NY_LONDON_LIT,TRAINABLE,UP,UP,0.00456433738985873,0.004522536747209,False,4.180064264973013e-05
2023-07-03,SOBTI_5_ET,US_LATE_LIT,TRAINABLE,UP,UP,1.5567584042974758e-05,5.210013917400502e-06,False,1.0357570125574256e-05
2023-07-04,SOBTI_5_ET,ASIA_MORNING_LIT,TRAINABLE,UP,UP,0.0007338274177359771,0.0007442473912826,False,1.0419973546622885e-05
2023-07-04,SOBTI_5_ET,ASIA_AFTERNOON_LIT,TRAINABLE,UP,UP,0.0014086495111589326,0.0013826332939328,False,2.6016217226132498e-05
2023-07-04,SOBTI_5_ET,EUROPE_LIT,TRAINABLE,UP,UP,0.0011160522640709658,0.0011212483232716,False,5.196059200634259e-06
2023-07-04,SOBTI_5_ET,NY_LONDON_LIT,TRAINABLE,DOWN,DOWN,-0.0013584843048396467,-0.0013584843048396,False,4.662069341687669e-17
2023-07-04,SOBTI_5_ET,US_LATE_LIT,EXCLUDE_START_BOUNDARY_MISSING,,UP,,0.0004205919003115,False,
2023-07-05,SOBTI_5_ET,ASIA_MORNING_LIT,TRAINABLE,DOWN,DOWN,-0.001245597607062554,-0.0012352073769015,False,1.0390230161054156e-05
2023-07-05,SOBTI_5_ET,ASIA_AFTERNOON_LIT,TRAINABLE,DOWN,DOWN,-0.0009344925094375567,-0.0009916598431025,False,5.7167333664943226e-05
2023-07-05,SOBTI_5_ET,EUROPE_LIT,TRAINABLE,UP,UP,0.0017565885413579618,0.001725437770452,False,3.115077090596187e-05
2023-07-05,SOBTI_5_ET,NY_LONDON_LIT,TRAINABLE,DOWN,DOWN,-0.005634206797193175,-0.0056290135686506,False,5.19322854257518e-06
2023-07-05,SOBTI_5_ET,US_LATE_LIT,TRAINABLE,UP,UP,0.0003756378224260004,0.0004434693616477,False,6.78315392216996e-05
2023-07-06,SOBTI_5_ET,ASIA_MORNING_LIT,TRAINABLE,UP,UP,0.0007561629365366862,0.0007249036473087,False,3.125928922798624e-05
2023-07-06,SOBTI_5_ET,ASIA_AFTERNOON_LIT,TRAINABLE,UP,UP,0.0005104461339213717,0.0006875849747385,False,0.00017713884081712824
2023-07-06,SOBTI_5_ET,EUROPE_LIT,TRAINABLE,UP,UP,0.0028680490978298945,0.0028680490978298,False,9.454242944073599e-17
2023-07-06,SOBTI_5_ET,NY_LONDON_LIT,TRAINABLE,DOWN,DOWN,-0.008216242234926341,-0.0082369618141838,False,2.0719579257458612e-05
2023-07-06,SOBTI_5_ET,US_LATE_LIT,TRAINABLE,DOWN,DOWN,-3.667031143850252e-05,-8.375505412605566e-05,False,4.708474268755314e-05
2023-07-07,SOBTI_5_ET,ASIA_MORNING_LIT,TRAINABLE,UP,UP,0.0007484028917028596,0.0007536419464198,False,5.239054716940487e-06
2023-07-07,SOBTI_5_ET,ASIA_AFTERNOON_LIT,TRAINABLE,UP,UP,0.0007734910249688198,0.0007891804556876,False,1.5689430718780133e-05
2023-07-07,SOBTI_5_ET,EUROPE_LIT,TRAINABLE,UP,UP,0.0014099743964699485,0.0014413337360559,False,3.135933958595149e-05
2023-07-07,SOBTI_5_ET,NY_LONDON_LIT,TRAINABLE,UP,UP,0.004234327186764197,0.004291678332577,False,5.735114581280256e-05
2023-07-07,SOBTI_5_ET,US_LATE_LIT,NOT_ELIGIBLE_WEEKLY_CLOSE_FRIDAY,,,,,False,
2023-07-10,SOBTI_5_ET,ASIA_MORNING_LIT,TRAINABLE,DOWN,DOWN,-0.0002805741232927428,-0.000311784824591,False,3.12107012982572e-05
2023-07-10,SOBTI_5_ET,ASIA_AFTERNOON_LIT,TRAINABLE,UP,UP,0.0018795667937461236,0.0018691432393289,False,1.0423554417223575e-05
2023-07-10,SOBTI_5_ET,EUROPE_LIT,TRAINABLE,UP,UP,0.00023903463309693507,0.0002442366869217,False,5.202053824764953e-06
2023-07-10,SOBTI_5_ET,NY_LONDON_LIT,TRAINABLE,UP,UP,0.00033772880772131586,0.0003169256733104,False,2.080313441091584e-05
2023-07-10,SOBTI_5_ET,US_LATE_LIT,TRAINABLE,UP,UP,0.000576579492670648,0.0005765794926706,False,4.8030156241107846e-17
2023-07-11,SOBTI_5_ET,ASIA_MORNING_LIT,TRAINABLE,UP,UP,0.00023356674694730017,0.0002075912385191,False,2.597550842820017e-05
2023-07-11,SOBTI_5_ET,ASIA_AFTERNOON_LIT,TRAINABLE,UP,UP,0.0015295651813214128,0.0015192469226701,False,1.031825865131287e-05
2023-07-11,SOBTI_5_ET,EUROPE_LIT,TRAINABLE,UP,UP,0.0025005564831208638,0.0024539824893483,False,4.6573993772563646e-05
2023-07-11,SOBTI_5_ET,NY_LONDON_LIT,TRAINABLE,DOWN,DOWN,-0.002659740996240445,-0.0026752448718891,False,1.5503875648655192e-05
2023-07-11,SOBTI_5_ET,US_LATE_LIT,TRAINABLE,UP,UP,0.002433869652344489,0.0024493581538564,False,1.5488501511910693e-05
2023-07-12,SOBTI_5_ET,ASIA_MORNING_LIT,TRAINABLE,UP,UP,0.0016995361450256041,0.0017150487909389,False,1.55126459132958e-05
2023-07-12,SOBTI_5_ET,ASIA_AFTERNOON_LIT,TRAINABLE,DOWN,DOWN,-0.001830596866223555,-0.0018048494003493,False,2.574746587425498e-05
2023-07-12,SOBTI_5_ET,EUROPE_LIT,TRAINABLE,DOWN,DOWN,-0.0005062612439753478,-0.0004597824136721,False,4.6478830303247785e-05
2023-07-12,SOBTI_5_ET,NY_LONDON_LIT,TRAINABLE,UP,UP,0.011711638990746343,0.0116651387804642,False,4.650021028214206e-05
2023-07-12,SOBTI_5_ET,US_LATE_LIT,TRAINABLE,DOWN,DOWN,-0.0001481710417067239,-0.000158400938404,False,1.0229896697276083e-05
2023-07-13,SOBTI_5_ET,ASIA_MORNING_LIT,TRAINABLE,UP,UP,0.0018752556416714583,0.0018854851151997,False,1.0229473528241629e-05
2023-07-13,SOBTI_5_ET,ASIA_AFTERNOON_LIT,TRAINABLE,UP,UP,0.0015480997775345617,0.0015072450794704,False,4.0854698064161704e-05
2023-07-13,SOBTI_5_ET,EUROPE_LIT,TRAINABLE,DOWN,DOWN,-8.674934825758651e-05,-1.5317351400256918e-05,False,7.14319968573296e-05
2023-07-13,SOBTI_5_ET,NY_LONDON_LIT,TRAINABLE,DOWN,DOWN,-0.0003009877083943735,-0.0002754532965719,False,2.5534411822473492e-05
2023-07-13,SOBTI_5_ET,US_LATE_LIT,TRAINABLE,DOWN,DOWN,-5.108289459632154e-05,-7.145481419945643e-05,False,2.037191960313489e-05
2023-07-14,SOBTI_5_ET,ASIA_MORNING_LIT,TRAINABLE,UP,UP,0.0015157393204980885,0.0015259566294933,False,1.0217308995211444e-05
2023-07-14,SOBTI_5_ET,ASIA_AFTERNOON_LIT,TRAINABLE,DOWN,DOWN,-0.002672623965888188,-0.0026522018545153,False,2.0422111372887884e-05
2023-07-14,SOBTI_5_ET,EUROPE_LIT,TRAINABLE,UP,UP,0.0019842335256010646,0.001984233525601,False,6.461844948013606e-17
2023-07-14,SOBTI_5_ET,NY_LONDON_LIT,TRAINABLE,UP,UP,0.0008063849128161493,0.0008063849128161,False,4.933119884809045e-17
2023-07-14,SOBTI_5_ET,US_LATE_LIT,NOT_ELIGIBLE_WEEKLY_CLOSE_FRIDAY,,,,,False,
2023-07-17,SOBTI_5_ET,ASIA_MORNING_LIT,TRAINABLE,DOWN,DOWN,-0.0014935886713390856,-0.0015396707091107,False,4.608203777161442e-05
2023-07-17,SOBTI_5_ET,ASIA_AFTERNOON_LIT,TRAINABLE,DOWN,DOWN,-0.0015648987290545202,-0.0015955518327029,False,3.065310364837987e-05
2023-07-17,SOBTI_5_ET,EUROPE_LIT,TRAINABLE,UP,UP,0.0027454552992469683,0.0027556483522908,False,1.0193053043831835e-05
2023-07-17,SOBTI_5_ET,NY_LONDON_LIT,TRAINABLE,DOWN,DOWN,-0.0013127410768632997,-0.0013076330156754,False,5.108061187899561e-06
2023-07-17,SOBTI_5_ET,US_LATE_LIT,TRAINABLE,UP,UP,0.000163646407144169,0.0001943655920577,False,3.071918491353101e-05
2023-07-18,SOBTI_5_ET,ASIA_MORNING_LIT,TRAINABLE,UP,UP,0.002469923434449628,0.0025210456478308,False,5.1122213381171906e-05
2023-07-18,SOBTI_5_ET,ASIA_AFTERNOON_LIT,TRAINABLE,UP,UP,0.0010096272623685287,0.0009841685909031,False,2.5458671465428736e-05
2023-07-18,SOBTI_5_ET,EUROPE_LIT,TRAINABLE,UP,UP,4.583271711111614e-05,0.0002445102687729,False,0.00019867755166178388
2023-07-18,SOBTI_5_ET,NY_LONDON_LIT,TRAINABLE,UP,UP,0.007211590431362325,0.0072115904313623,False,2.42861286636753e-17
2023-07-18,SOBTI_5_ET,US_LATE_LIT,TRAINABLE,UP,UP,0.00039435799917364456,0.0004247270692334,False,3.036907005975545e-05
2023-07-19,SOBTI_5_ET,ASIA_MORNING_LIT,TRAINABLE,DOWN,DOWN,-0.0007227934115935364,-0.0007682650036225,False,4.5471592028963666e-05
2023-07-19,SOBTI_5_ET,ASIA_AFTERNOON_LIT,TRAINABLE,UP,UP,0.0018372026305339961,0.0017866061713123,False,5.0596459221696234e-05
2023-07-19,SOBTI_5_ET,EUROPE_LIT,TRAINABLE,DOWN,DOWN,-0.002829187226321528,-0.0027685666213753,False,6.062060494622804e-05
2023-07-19,SOBTI_5_ET,NY_LONDON_LIT,TRAINABLE,UP,UP,0.0015958563843798679,0.0015857144304618,False,1.014195391806777e-05
2023-07-19,SOBTI_5_ET,US_LATE_LIT,TRAINABLE,UP,UP,0.0010672631849748537,0.001031880966551,False,3.538221842385369e-05
2023-07-20,SOBTI_5_ET,ASIA_MORNING_LIT,TRAINABLE,UP,UP,0.0038250427288712974,0.0037846395061027,False,4.040322276859746e-05
2023-07-20,SOBTI_5_ET,ASIA_AFTERNOON_LIT,TRAINABLE,DOWN,DOWN,-0.0014870648446220214,-0.0015475566432474,False,6.049179862537869e-05
2023-07-20,SOBTI_5_ET,EUROPE_LIT,TRAINABLE,UP,UP,0.00041397607044135754,0.0003937606891857,False,2.0215381255657546e-05
2023-07-20,SOBTI_5_ET,NY_LONDON_LIT,TRAINABLE,DOWN,DOWN,-0.005773519538053384,-0.0057634163305512,False,1.0103207502184727e-05
2023-07-20,SOBTI_5_ET,US_LATE_LIT,TRAINABLE,UP,UP,0.0014821708080674512,0.0014923330897105,False,1.0162281643048918e-05
2023-07-21,SOBTI_5_ET,ASIA_MORNING_LIT,TRAINABLE,DOWN,DOWN,-0.0013330157275531773,-0.0013330157275531,False,7.741203511546502e-17
2023-07-21,SOBTI_5_ET,ASIA_AFTERNOON_LIT,TRAINABLE,DOWN,DOWN,-0.0001218278989116861,-0.0001776578598363,False,5.5829960924613884e-05
2023-07-21,SOBTI_5_ET,EUROPE_LIT,TRAINABLE,DOWN,DOWN,-0.0018735453033100757,-0.0018887923631026,False,1.5247059792524364e-05
2023-07-21,SOBTI_5_ET,NY_LONDON_LIT,TRAINABLE,DOWN,DOWN,-0.00124626624617874,-0.0012360823042986,False,1.0183941880139834e-05
2023-07-21,SOBTI_5_ET,US_LATE_LIT,NOT_ELIGIBLE_WEEKLY_CLOSE_FRIDAY,,,,,False,
2023-07-24,SOBTI_5_ET,ASIA_MORNING_LIT,TRAINABLE,DOWN,DOWN,-0.0005352213183273946,-0.0005199145717373,False,1.530674659009463e-05
2023-07-24,SOBTI_5_ET,ASIA_AFTERNOON_LIT,TRAINABLE,UP,UP,0.001840804890437031,0.0021824771296596,False,0.00034167223922256873
2023-07-24,SOBTI_5_ET,EUROPE_LIT,TRAINABLE,DOWN,DOWN,-0.0001831665284398598,-0.0001272025114863,False,5.596401695355982e-05
2023-07-24,SOBTI_5_ET,NY_LONDON_LIT,TRAINABLE,DOWN,DOWN,-0.004930971136622664,-0.0049106568555609,False,2.0314281061763716e-05
2023-07-24,SOBTI_5_ET,US_LATE_LIT,TRAINABLE,DOWN,DOWN,-2.5533503846153494e-05,-1.0237948067315372e-05,False,1.529555577883812e-05
2023-07-25,SOBTI_5_ET,ASIA_MORNING_LIT,TRAINABLE,UP,UP,0.003139952520901934,0.0031450715473437,False,5.119026441765921e-06
2023-07-25,SOBTI_5_ET,ASIA_AFTERNOON_LIT,TRAINABLE,UP,UP,0.00011726374578979737,0.0001071170002413,False,1.0146745548497363e-05
2023-07-25,SOBTI_5_ET,EUROPE_LIT,TRAINABLE,DOWN,DOWN,-0.00030084172514843743,-0.0003059451444622,False,5.10341931376254e-06
2023-07-25,SOBTI_5_ET,NY_LONDON_LIT,TRAINABLE,UP,UP,0.0013923185873803146,0.0013667936815897,False,2.5524905790614465e-05
2023-07-25,SOBTI_5_ET,US_LATE_LIT,TRAINABLE,UP,UP,0.0007537420193748368,0.0007282519532456,False,2.5490066129236718e-05
2023-07-26,SOBTI_5_ET,ASIA_MORNING_LIT,TRAINABLE,DOWN,DOWN,-0.000636151759427328,-0.0006411849921479,False,5.0332327205719705e-06
2023-07-26,SOBTI_5_ET,ASIA_AFTERNOON_LIT,TRAINABLE,UP,UP,0.0030363027816326937,0.0030261037940875,False,1.0198987545193949e-05
2023-07-26,SOBTI_5_ET,EUROPE_LIT,TRAINABLE,UP,UP,0.001589741375807474,0.0017065489008978,False,0.00011680752509032584
2023-07-26,SOBTI_5_ET,NY_LONDON_LIT,TRAINABLE,DOWN,DOWN,-0.002342509037148277,-0.0023120614241272,False,3.0447613021076896e-05
2023-07-26,SOBTI_5_ET,US_LATE_LIT,TRAINABLE,UP,UP,0.00244447261636882,0.0023631433372515,False,8.132927911732018e-05
2023-07-27,SOBTI_5_ET,ASIA_MORNING_LIT,TRAINABLE,UP,UP,0.003559252327130835,0.003503485796058,False,5.5766531072835076e-05
2023-07-27,SOBTI_5_ET,ASIA_AFTERNOON_LIT,TRAINABLE,UP,UP,0.0010374064459321986,0.0010525420898421,False,1.5135643909901415e-05
2023-07-27,SOBTI_5_ET,EUROPE_LIT,TRAINABLE,UP,UP,0.0004397895155678899,0.0004297314325523,False,1.0058083015589917e-05
2023-07-27,SOBTI_5_ET,NY_LONDON_LIT,TRAINABLE,DOWN,DOWN,-0.01705860761853706,-0.0171647610417465,False,0.0001061534232094409
2023-07-27,SOBTI_5_ET,US_LATE_LIT,TRAINABLE,UP,UP,0.000997415561188486,0.0009768309092188,False,2.058465196968606e-05
2023-07-28,SOBTI_5_ET,ASIA_MORNING_LIT,TRAINABLE,UP,UP,0.003153590943731688,0.003174156021213,False,2.056507748131233e-05
2023-07-28,SOBTI_5_ET,ASIA_AFTERNOON_LIT,TRAINABLE,DOWN,DOWN,-0.0006249974512796408,-0.0006249974512796,False,4.0766001685454967e-17
2023-07-28,SOBTI_5_ET,EUROPE_LIT,TRAINABLE,UP,UP,0.0030347663093737154,0.0029988517331824,False,3.591457619131532e-05
2023-07-28,SOBTI_5_ET,NY_LONDON_LIT,TRAINABLE,UP,UP,0.0022232404677000606,0.0022334725553152,False,1.0232087615139312e-05
2023-07-28,SOBTI_5_ET,US_LATE_LIT,NOT_ELIGIBLE_WEEKLY_CLOSE_FRIDAY,,,,,False,
2023-07-31,SOBTI_5_ET,ASIA_MORNING_LIT,TRAINABLE,DOWN,DOWN,-0.0006485385034539215,-0.0006332041286249,False,1.533437482902154e-05
2023-07-31,SOBTI_5_ET,ASIA_AFTERNOON_LIT,TRAINABLE,UP,UP,0.0009366053618722336,0.0009161135370945,False,2.049182477773361e-05
2023-07-31,SOBTI_5_ET,EUROPE_LIT,TRAINABLE,UP,UP,0.0017282512078713452,0.0017640126078313,False,3.5761399959954735e-05
2023-07-31,SOBTI_5_ET,NY_LONDON_LIT,TRAINABLE,UP,UP,0.004833676310118218,0.0048132443963038,False,2.0431913814417807e-05
2023-07-31,SOBTI_5_ET,US_LATE_LIT,TRAINABLE,DOWN,DOWN,-0.002626230557446263,-0.0026160609970434,False,1.016956040286298e-05
2023-08-01,SOBTI_5_ET,ASIA_MORNING_LIT,TRAINABLE,DOWN,DOWN,-0.0012528635719344372,-0.0012528635719344,False,3.729655473350135e-17
2023-08-01,SOBTI_5_ET,ASIA_AFTERNOON_LIT,TRAINABLE,DOWN,DOWN,-0.0014852547647311587,-0.0014954728038543,False,1.0218039123141348e-05
2023-08-01,SOBTI_5_ET,EUROPE_LIT,TRAINABLE,DOWN,DOWN,-0.0013749840404322367,-0.0013852173832413,False,1.0233342809063371e-05
2023-08-01,SOBTI_5_ET,NY_LONDON_LIT,TRAINABLE,DOWN,DOWN,-0.004453261581185641,-0.0044430140433089,False,1.0247537876741097e-05
2023-08-01,SOBTI_5_ET,US_LATE_LIT,TRAINABLE,UP,UP,0.0022416862504461843,0.002262272792495,False,2.058654204881551e-05
2023-08-02,SOBTI_5_ET,ASIA_MORNING_LIT,TRAINABLE,DOWN,DOWN,-0.0006309711937813045,-0.0006309711937813,False,4.553649124439119e-18
2023-08-02,SOBTI_5_ET,ASIA_AFTERNOON_LIT,TRAINABLE,UP,UP,7.699887722667498e-05,7.699887722667498e-05,False,0.0
2023-08-02,SOBTI_5_ET,EUROPE_LIT,TRAINABLE,UP,UP,0.0011136291324118641,0.0011495263314551,False,3.58971990432359e-05
2023-08-02,SOBTI_5_ET,NY_LONDON_LIT,TRAINABLE,DOWN,DOWN,-0.007622279444051694,-0.007601755674942,False,2.0523769109694057e-05
2023-08-02,SOBTI_5_ET,US_LATE_LIT,TRAINABLE,DOWN,DOWN,-0.000216958928171751,-0.0002221293025203,False,5.170374348548992e-06
2023-08-03,SOBTI_5_ET,ASIA_MORNING_LIT,TRAINABLE,UP,UP,0.0004442963468103134,0.0004339533006194,False,1.0343046190913405e-05
2023-08-03,SOBTI_5_ET,ASIA_AFTERNOON_LIT,TRAINABLE,DOWN,DOWN,-0.0001343984865245229,-0.0001343984865245,False,2.290377089375628e-17
2023-08-03,SOBTI_5_ET,EUROPE_LIT,TRAINABLE,UP,UP,0.0003980696478322887,0.0004239438389128,False,2.587419108051128e-05
2023-08-03,SOBTI_5_ET,NY_LONDON_LIT,TRAINABLE,DOWN,DOWN,-0.0003100951769319238,-0.0002945772410168,False,1.551793591512377e-05
2023-08-03,SOBTI_5_ET,US_LATE_LIT,TRAINABLE,UP,UP,0.001142328433856754,0.0011475026033542,False,5.1741694974459605e-06
2023-08-04,SOBTI_5_ET,ASIA_MORNING_LIT,TRAINABLE,DOWN,DOWN,-0.00022198128327177713,-0.0002323177611316,False,1.0336477859822869e-05
2023-08-04,SOBTI_5_ET,ASIA_AFTERNOON_LIT,TRAINABLE,DOWN,DOWN,-0.002080654632860224,-0.0020754917437606,False,5.162889099623747e-06
2023-08-04,SOBTI_5_ET,EUROPE_LIT,TRAINABLE,DOWN,DOWN,-0.00026903377343667767,-0.0002535025454244,False,1.5531228012277676e-05
2023-08-04,SOBTI_5_ET,NY_LONDON_LIT,TRAINABLE,UP,UP,0.004103695402565277,0.0041347709099366,False,3.1075507371323106e-05
2023-08-04,SOBTI_5_ET,US_LATE_LIT,NOT_ELIGIBLE_WEEKLY_CLOSE_FRIDAY,,,,,False,
2023-08-07,SOBTI_5_ET,ASIA_MORNING_LIT,TRAINABLE,DOWN,DOWN,-0.0015070955419105303,-0.0015070955419105,False,3.0357660829594124e-17
2023-08-07,SOBTI_5_ET,ASIA_AFTERNOON_LIT,TRAINABLE,DOWN,DOWN,-0.0010161293912448466,-0.0010418837633952,False,2.5754372150353514e-05
2023-08-07,SOBTI_5_ET,EUROPE_LIT,TRAINABLE,DOWN,DOWN,-0.00023756118105300317,-0.0002065493471675,False,3.101183388550316e-05
2023-08-07,SOBTI_5_ET,NY_LONDON_LIT,TRAINABLE,UP,UP,0.00017040923569311417,0.0001600698221322,False,1.0339413560914163e-05
2023-08-07,SOBTI_5_ET,US_LATE_LIT,TRAINABLE,DOWN,DOWN,-0.0004078922292466425,-0.0004492432644376,False,4.1351035190957534e-05
2023-08-08,SOBTI_5_ET,ASIA_MORNING_LIT,TRAINABLE,DOWN,DOWN,-0.0006250697511790415,-0.0006354121562325,False,1.0342405053458538e-05
2023-08-08,SOBTI_5_ET,ASIA_AFTERNOON_LIT,TRAINABLE,DOWN,DOWN,-0.00010860479959962088,-0.0003206885543259,False,0.0002120837547262791
2023-08-08,SOBTI_5_ET,EUROPE_LIT,TRAINABLE,DOWN,DOWN,-0.0017540099200196169,-0.0019764632534945,False,0.00022245333347488318
2023-08-08,SOBTI_5_ET,NY_LONDON_LIT,TRAINABLE,DOWN,DOWN,-0.0021826325658911294,-0.0018560163631498,False,0.0003266162027413294
2023-08-08,SOBTI_5_ET,US_LATE_LIT,TRAINABLE,DOWN,DOWN,-0.00010905200457733688,-0.000140185011847,False,3.113300726966312e-05
2023-08-09,SOBTI_5_ET,ASIA_MORNING_LIT,TRAINABLE,UP,UP,0.0024726686989113844,0.002509000221843,False,3.633152293161567e-05
2023-08-09,SOBTI_5_ET,ASIA_AFTERNOON_LIT,TRAINABLE,DOWN,DOWN,-0.0008697187426377484,-0.0008490518306015,False,2.0666912036248412e-05
2023-08-09,SOBTI_5_ET,EUROPE_LIT,TRAINABLE,DOWN,DOWN,-0.0027565222611083406,-0.0028290681838666,False,7.254592275825937e-05
2023-08-09,SOBTI_5_ET,NY_LONDON_LIT,TRAINABLE,DOWN,DOWN,-0.004328398715131798,-0.0043388014712406,False,1.0402756108801939e-05
2023-08-09,SOBTI_5_ET,US_LATE_LIT,TRAINABLE,UP,UP,0.00045403780280128814,0.000480157501643,False,2.6119698841711887e-05
2023-08-10,SOBTI_5_ET,ASIA_MORNING_LIT,TRAINABLE,UP,UP,0.0006259329197155772,0.0006624210827608,False,3.6488163045222824e-05
2023-08-10,SOBTI_5_ET,ASIA_AFTERNOON_LIT,TRAINABLE,UP,UP,0.0011994242863551108,0.0012046442986619,False,5.220012306789276e-06
2023-08-10,SOBTI_5_ET,EUROPE_LIT,TRAINABLE,UP,UP,0.0010520695793057033,0.001046855847691,False,5.2137316147032875e-06
2023-08-10,SOBTI_5_ET,NY_LONDON_LIT,TRAINABLE,DOWN,DOWN,-0.004016759233381628,-0.0041103787041336,False,9.361947075197177e-05
2023-08-10,SOBTI_5_ET,US_LATE_LIT,TRAINABLE,UP,UP,0.0003656929770214923,0.0003447738743984,False,2.0919102623092255e-05
2023-08-11,SOBTI_5_ET,ASIA_MORNING_LIT,TRAINABLE,DOWN,DOWN,-0.00015664595384767832,-0.0001618739270348,False,5.2279731871216915e-06
2023-08-11,SOBTI_5_ET,ASIA_AFTERNOON_LIT,TRAINABLE,UP,UP,0.0014419818518749405,0.0015986797233347,False,0.00015669787145975952
2023-08-11,SOBTI_5_ET,EUROPE_LIT,TRAINABLE,UP,UP,0.0010327995539030077,0.0009963142370827,False,3.648531682030778e-05
2023-08-11,SOBTI_5_ET,NY_LONDON_LIT,TRAINABLE,DOWN,DOWN,-0.0028869260562115473,-0.0028660611311767,False,2.086492503484711e-05
2023-08-11,SOBTI_5_ET,US_LATE_LIT,NOT_ELIGIBLE_WEEKLY_CLOSE_FRIDAY,,,,,False,
2023-08-14,SOBTI_5_ET,ASIA_MORNING_LIT,TRAINABLE,UP,UP,0.0008162785541721007,0.0008424632488823,False,2.6184694710199258e-05
2023-08-14,SOBTI_5_ET,ASIA_AFTERNOON_LIT,TRAINABLE,DOWN,DOWN,-0.0008099288599204835,-0.0008830865901081,False,7.315773018761655e-05
2023-08-14,SOBTI_5_ET,EUROPE_LIT,TRAINABLE,UP,UP,0.0010459594586114118,0.0009779668640044,False,6.799259460701186e-05
2023-08-14,SOBTI_5_ET,NY_LONDON_LIT,TRAINABLE,DOWN,DOWN,-0.002398115990146832,-0.0024608070181182,False,6.269102797136798e-05
2023-08-14,SOBTI_5_ET,US_LATE_LIT,TRAINABLE,DOWN,DOWN,-0.0010684865331147542,-0.0010580009051893,False,1.048562792545422e-05
2023-08-15,SOBTI_5_ET,ASIA_MORNING_LIT,TRAINABLE,DOWN,DOWN,-7.340897374552569e-05,-0.0001048367810113,False,3.142780726577431e-05
2023-08-15,SOBTI_5_ET,ASIA_AFTERNOON_LIT,TRAINABLE,DOWN,DOWN,-0.0007502255726136164,-0.0007344713864344,False,1.575418617921645e-05
2023-08-15,SOBTI_5_ET,EUROPE_LIT,TRAINABLE,DOWN,DOWN,-0.00024673449543910486,-0.0002519897506668,False,5.255255227695115e-06
2023-08-15,SOBTI_5_ET,NY_LONDON_LIT,TRAINABLE,DOWN,DOWN,-0.0002467966856743997,-0.000267823005002,False,2.1026319327600276e-05
2023-08-15,SOBTI_5_ET,US_LATE_LIT,TRAINABLE,DOWN,DOWN,-0.0007668783438452564,-0.0007773943199294,False,1.0515976084143528e-05
2023-08-16,SOBTI_5_ET,ASIA_MORNING_LIT,TRAINABLE,UP,UP,0.0014087914795579692,0.00138254416766,False,2.6247311897969333e-05
2023-08-16,SOBTI_5_ET,ASIA_AFTERNOON_LIT,TRAINABLE,DOWN,DOWN,-0.0002993083767683924,-0.0003412999860716,False,4.199160930320762e-05
2023-08-16,SOBTI_5_ET,EUROPE_LIT,TRAINABLE,DOWN,DOWN,-0.00017340323453363116,-0.0001943746872801,False,2.097145274646884e-05
2023-08-16,SOBTI_5_ET,NY_LONDON_LIT,TRAINABLE,DOWN,DOWN,-0.002648234206124811,-0.002653488597372,False,5.254391247188836e-06
2023-08-16,SOBTI_5_ET,US_LATE_LIT,TRAINABLE,DOWN,DOWN,-0.0027817155922701398,-0.0027553526647418,False,2.636292752833955e-05
2023-08-17,SOBTI_5_ET,ASIA_MORNING_LIT,TRAINABLE,UP,UP,0.00030110043213760207,0.0002747227769457,False,2.6377655191902043e-05
2023-08-17,SOBTI_5_ET,ASIA_AFTERNOON_LIT,TRAINABLE,UP,UP,0.0012674144455904202,0.0012832736296402,False,1.585918404977977e-05
2023-08-17,SOBTI_5_ET,EUROPE_LIT,TRAINABLE,UP,UP,0.0015664646840372054,0.001555968737205,False,1.0495946832205427e-05
2023-08-17,SOBTI_5_ET,NY_LONDON_LIT,TRAINABLE,DOWN,DOWN,-0.006519495154730048,-0.0064773870099343,False,4.210814479574821e-05
2023-08-17,SOBTI_5_ET,US_LATE_LIT,TRAINABLE,UP,UP,0.003561909658542861,0.0036043506376484,False,4.244097910553876e-05
2023-08-18,SOBTI_5_ET,ASIA_MORNING_LIT,TRAINABLE,DOWN,DOWN,-0.000670754493545922,-0.0006707544935459,False,2.200930410145574e-17
2023-08-18,SOBTI_5_ET,ASIA_AFTERNOON_LIT,TRAINABLE,UP,UP,0.0002431275602132743,0.0002853768395538,False,4.224927934052571e-05
2023-08-18,SOBTI_5_ET,EUROPE_LIT,TRAINABLE,UP,UP,0.0005124360762436275,0.000501859600186,False,1.0576476057627552e-05
2023-08-18,SOBTI_5_ET,NY_LONDON_LIT,TRAINABLE,DOWN,DOWN,-0.0028883110498474363,-0.0028935966352544,False,5.285585406963628e-06
2023-08-18,SOBTI_5_ET,US_LATE_LIT,NOT_ELIGIBLE_WEEKLY_CLOSE_FRIDAY,,,,,False,
2023-08-21,SOBTI_5_ET,ASIA_MORNING_LIT,TRAINABLE,UP,UP,0.0011957476843695858,0.0012221651141433,False,2.6417429773714163e-05
2023-08-21,SOBTI_5_ET,ASIA_AFTERNOON_LIT,TRAINABLE,DOWN,DOWN,-0.0013319127928069774,-0.0013213315653988,False,1.0581227408177317e-05
2023-08-21,SOBTI_5_ET,EUROPE_LIT,TRAINABLE,UP,UP,0.0018734372800628396,0.0019158150135354,False,4.2377733472560375e-05
2023-08-21,SOBTI_5_ET,NY_LONDON_LIT,TRAINABLE,UP,UP,0.0007500356469372083,0.0007500356469372,False,8.239936510889834e-18
2023-08-21,SOBTI_5_ET,US_LATE_LIT,TRAINABLE,UP,UP,0.0005383913114425098,0.0005226040875396,False,1.5787223902909847e-05
2023-08-22,SOBTI_5_ET,ASIA_MORNING_LIT,TRAINABLE,UP,UP,0.0007227362661355041,0.0006594357131579,False,6.33005529776041e-05
2023-08-22,SOBTI_5_ET,ASIA_AFTERNOON_LIT,TRAINABLE,UP,UP,0.0022992574736624416,0.0022834210378144,False,1.583643584804166e-05
2023-08-22,SOBTI_5_ET,EUROPE_LIT,TRAINABLE,UP,UP,0.0008523616485254237,0.000889229148147,False,3.6867499621576314e-05
2023-08-22,SOBTI_5_ET,NY_LONDON_LIT,TRAINABLE,DOWN,DOWN,-0.0030437369412955606,-0.0030752464977513,False,3.150955645573944e-05
2023-08-22,SOBTI_5_ET,US_LATE_LIT,TRAINABLE,UP,UP,0.0013920344702407217,0.0013973128088748,False,5.278338634078297e-06
2023-08-23,SOBTI_5_ET,ASIA_MORNING_LIT,TRAINABLE,UP,UP,0.0008162078669213813,0.000795129238887,False,2.107862803438123e-05
2023-08-23,SOBTI_5_ET,ASIA_AFTERNOON_LIT,TRAINABLE,UP,UP,0.0005885474994011819,0.0005623093161934,False,2.6238183207781887e-05
2023-08-23,SOBTI_5_ET,EUROPE_LIT,TRAINABLE,DOWN,DOWN,-0.00037292888774365096,-0.0003781860748541,False,5.257187110449036e-06
2023-08-23,SOBTI_5_ET,NY_LONDON_LIT,TRAINABLE,UP,UP,0.007408014449462819,0.0073607501659307,False,4.726428353211878e-05
2023-08-23,SOBTI_5_ET,US_LATE_LIT,TRAINABLE,UP,UP,0.0007145226559004403,0.000594575853074,False,0.00011994680282644032
2023-08-24,SOBTI_5_ET,ASIA_MORNING_LIT,TRAINABLE,UP,UP,0.0014021756767153004,0.0014073307726771,False,5.155095961799664e-06
2023-08-24,SOBTI_5_ET,ASIA_AFTERNOON_LIT,TRAINABLE,UP,UP,0.0004944982825525468,0.0005049197207285,False,1.0421438175953245e-05
2023-08-24,SOBTI_5_ET,EUROPE_LIT,TRAINABLE,DOWN,DOWN,-0.00274193160939884,-0.0027210992517151,False,2.0832357683739974e-05
2023-08-24,SOBTI_5_ET,NY_LONDON_LIT,TRAINABLE,UP,UP,0.00042255239898336683,0.0003495028065374,False,7.304959244596685e-05
2023-08-24,SOBTI_5_ET,US_LATE_LIT,TRAINABLE,DOWN,DOWN,-0.0009543665011960689,-0.000954366501196,False,6.895525817007808e-17
2023-08-25,SOBTI_5_ET,ASIA_MORNING_LIT,TRAINABLE,DOWN,DOWN,-0.0007413004666896317,-0.0007725905972999,False,3.1290130610268376e-05
2023-08-25,SOBTI_5_ET,ASIA_AFTERNOON_LIT,TRAINABLE,UP,UP,1.0461464828415146e-05,6.276878897115701e-05,False,5.230732414274186e-05
2023-08-25,SOBTI_5_ET,EUROPE_LIT,TRAINABLE,UP,UP,0.00233040890170666,0.00238787541957,False,5.746651786334026e-05
2023-08-25,SOBTI_5_ET,NY_LONDON_LIT,TRAINABLE,DOWN,DOWN,-0.002100741250430138,-0.0021007412504301,False,3.8163916471489756e-17
2023-08-25,SOBTI_5_ET,US_LATE_LIT,NOT_ELIGIBLE_WEEKLY_CLOSE_FRIDAY,,,,,False,
2023-08-28,SOBTI_5_ET,ASIA_MORNING_LIT,TRAINABLE,UP,UP,0.00024011213021291056,0.0002505650882476,False,1.0452958034689436e-05
2023-08-28,SOBTI_5_ET,ASIA_AFTERNOON_LIT,TRAINABLE,DOWN,DOWN,-0.0007825215975960642,-0.000782521597596,False,6.418476861114186e-17
2023-08-28,SOBTI_5_ET,EUROPE_LIT,TRAINABLE,DOWN,DOWN,-0.0003080119871774478,-0.0003027858701667,False,5.226117010747819e-06
2023-08-28,SOBTI_5_ET,NY_LONDON_LIT,TRAINABLE,UP,UP,0.002527658175066394,0.0025172079977748,False,1.0450177291594122e-05
2023-08-28,SOBTI_5_ET,US_LATE_LIT,TRAINABLE,UP,UP,0.0010835217386775398,0.0010731551036142,False,1.036663506333974e-05
2023-08-29,SOBTI_5_ET,ASIA_MORNING_LIT,TRAINABLE,UP,UP,0.002013862817590306,0.0020242183395722,False,1.0355521981893993e-05
2023-08-29,SOBTI_5_ET,ASIA_AFTERNOON_LIT,TRAINABLE,DOWN,DOWN,-0.00020274477994708384,-0.0001507706687727,False,5.197411117438384e-05
2023-08-29,SOBTI_5_ET,EUROPE_LIT,TRAINABLE,DOWN,DOWN,-0.0031403585555503932,-0.003135154121616,False,5.204433934393165e-06
2023-08-29,SOBTI_5_ET,NY_LONDON_LIT,TRAINABLE,UP,UP,0.00937245564138589,0.0093984970641149,False,2.6041422729009e-05
2023-08-29,SOBTI_5_ET,US_LATE_LIT,TRAINABLE,UP,UP,0.000790565022249945,0.0007957372133799,False,5.172191129955081e-06
2023-08-30,SOBTI_5_ET,ASIA_MORNING_LIT,TRAINABLE,DOWN,DOWN,-0.00011356865844958097,-0.0001394038890211,False,2.583523057151903e-05
2023-08-30,SOBTI_5_ET,ASIA_AFTERNOON_LIT,TRAINABLE,DOWN,DOWN,-0.0006557801106258365,-0.0006661176023107,False,1.0337491684863525e-05
2023-08-30,SOBTI_5_ET,EUROPE_LIT,TRAINABLE,UP,UP,0.0019583176372059974,0.00194797842197,False,1.0339215235997479e-05
2023-08-30,SOBTI_5_ET,NY_LONDON_LIT,TRAINABLE,UP,UP,0.002356708197532864,0.0023825188745409,False,2.5810677008035812e-05
2023-08-30,SOBTI_5_ET,US_LATE_LIT,TRAINABLE,UP,UP,0.0008848765826956484,0.0009414633692852,False,5.6586786589551594e-05
2023-08-31,SOBTI_5_ET,ASIA_MORNING_LIT,TRAINABLE,UP,UP,6.681846622891285e-05,6.16734443292799e-05,False,5.145021899632951e-06
2023-08-31,SOBTI_5_ET,ASIA_AFTERNOON_LIT,TRAINABLE,UP,UP,0.0002416099409570105,0.0003238859478313,False,8.227600687428949e-05
2023-08-31,SOBTI_5_ET,EUROPE_LIT,TRAINABLE,DOWN,DOWN,-2.572219970864431e-05,-3.086663965035097e-05,False,5.144439941706658e-06
2023-08-31,SOBTI_5_ET,NY_LONDON_LIT,TRAINABLE,DOWN,DOWN,-0.0019478756245510098,-0.0019786815434688,False,3.080591891779002e-05
2023-08-31,SOBTI_5_ET,US_LATE_LIT,TRAINABLE,DOWN,DOWN,-0.001277102601602631,-0.0012925618472821,False,1.545924567946896e-05
2023-09-01,SOBTI_5_ET,ASIA_MORNING_LIT,TRAINABLE,UP,UP,5.156313648280175e-06,5.156313648280175e-06,False,0.0
2023-09-01,SOBTI_5_ET,ASIA_AFTERNOON_LIT,TRAINABLE,UP,UP,0.0015568099402822888,0.0015619702659559,False,5.160325673611273e-06
2023-09-01,SOBTI_5_ET,EUROPE_LIT,TRAINABLE,UP,UP,0.0008698959943977957,0.0008750482723665,False,5.152277968704282e-06
2023-09-01,SOBTI_5_ET,NY_LONDON_LIT,TRAINABLE,DOWN,DOWN,-0.0020879389556147654,-0.0021136161111381,False,2.5677155523334654e-05
2023-09-01,SOBTI_5_ET,US_LATE_LIT,NOT_ELIGIBLE_WEEKLY_CLOSE_FRIDAY,,,,,False,
2023-09-04,SOBTI_5_ET,ASIA_MORNING_LIT,TRAINABLE,UP,UP,0.0024060641027863205,0.0024112162191509,False,5.152116364579452e-06
2023-09-04,SOBTI_5_ET,ASIA_AFTERNOON_LIT,TRAINABLE,DOWN,DOWN,-0.0008944584152968948,-0.0009510615084804,False,5.6603093183505196e-05
2023-09-04,SOBTI_5_ET,EUROPE_LIT,TRAINABLE,DOWN,DOWN,-0.0008695567385206271,-0.0009004605444045,False,3.090380588387286e-05
2023-09-04,SOBTI_5_ET,NY_LONDON_LIT,TRAINABLE,DOWN,DOWN,-0.0017252768637090465,-0.001725276863709,False,4.662069341687669e-17
2023-09-04,SOBTI_5_ET,US_LATE_LIT,EXCLUDE_START_BOUNDARY_MISSING,,DOWN,,-0.0002372997677126,False,
2023-09-05,SOBTI_5_ET,ASIA_MORNING_LIT,TRAINABLE,DOWN,DOWN,-0.00039734453246920154,-0.0003921842808818,False,5.160251587401558e-06
2023-09-05,SOBTI_5_ET,ASIA_AFTERNOON_LIT,TRAINABLE,DOWN,DOWN,-0.0008513603502967593,-0.0008667929109636,False,1.5432560666840765e-05
2023-09-05,SOBTI_5_ET,EUROPE_LIT,TRAINABLE,DOWN,DOWN,-0.003041684877798656,-0.0030416848777986,False,5.594483210025203e-17
2023-09-05,SOBTI_5_ET,NY_LONDON_LIT,TRAINABLE,DOWN,DOWN,-0.0019787571979081875,-0.0019787571979081,False,8.760353553682876e-17
2023-09-05,SOBTI_5_ET,US_LATE_LIT,TRAINABLE,DOWN,DOWN,-0.000975751551482662,-0.0010276428494173,False,5.189129793463799e-05
2023-09-06,SOBTI_5_ET,ASIA_MORNING_LIT,TRAINABLE,UP,UP,0.00082086931648373,0.0008157309601075,False,5.138356376229976e-06
2023-09-06,SOBTI_5_ET,ASIA_AFTERNOON_LIT,TRAINABLE,DOWN,DOWN,-0.001836587089890096,-0.0018158141757198,False,2.077291417029595e-05
2023-09-06,SOBTI_5_ET,EUROPE_LIT,TRAINABLE,UP,UP,0.0007796217234856684,0.0007796217234856,False,6.841315708383533e-17
2023-09-06,SOBTI_5_ET,NY_LONDON_LIT,TRAINABLE,DOWN,DOWN,-0.004544250590522769,-0.0045182574771449,False,2.5993113377868922e-05
2023-09-06,SOBTI_5_ET,US_LATE_LIT,TRAINABLE,UP,UP,4.6932140996824856e-05,5.215435899796894e-05,False,5.2222180011440855e-06
2023-09-07,SOBTI_5_ET,ASIA_MORNING_LIT,TRAINABLE,UP,UP,0.0016745543347174152,0.0016536644654105,False,2.0889869306915144e-05
2023-09-07,SOBTI_5_ET,ASIA_AFTERNOON_LIT,TRAINABLE,DOWN,DOWN,-0.00011465190761950073,-0.0001146519076195,False,7.318364664277155e-19
2023-09-07,SOBTI_5_ET,EUROPE_LIT,TRAINABLE,UP,UP,0.0018557681781929958,0.0018401142636719,False,1.565391452109581e-05
2023-09-07,SOBTI_5_ET,NY_LONDON_LIT,TRAINABLE,DOWN,DOWN,-0.001019865747230786,-0.001040636858935,False,2.077111170421396e-05
2023-09-07,SOBTI_5_ET,US_LATE_LIT,TRAINABLE,UP,UP,0.0020000885254432,0.0020209437781035,False,2.085525266029998e-05
2023-09-08,SOBTI_5_ET,ASIA_MORNING_LIT,TRAINABLE,UP,UP,0.0005717753500125156,0.0005821819451987,False,1.0406595186184431e-05
2023-09-08,SOBTI_5_ET,ASIA_AFTERNOON_LIT,TRAINABLE,DOWN,DOWN,-0.00011946888739367001,-0.0001454686169964,False,2.5999729602730004e-05
2023-09-08,SOBTI_5_ET,EUROPE_LIT,TRAINABLE,DOWN,DOWN,-0.0008884114264181564,-0.0008572711163963,False,3.1140310021856416e-05
2023-09-08,SOBTI_5_ET,NY_LONDON_LIT,TRAINABLE,DOWN,DOWN,-0.0016639658344511643,-0.0016743709638803,False,1.0405129429135601e-05
2023-09-08,SOBTI_5_ET,US_LATE_LIT,NOT_ELIGIBLE_WEEKLY_CLOSE_FRIDAY,,,,,False,
2023-09-11,SOBTI_5_ET,ASIA_MORNING_LIT,TRAINABLE,UP,UP,0.001614466804158221,0.0016092535883174,False,5.213215840821133e-06
2023-09-11,SOBTI_5_ET,ASIA_AFTERNOON_LIT,TRAINABLE,UP,UP,0.00040980731066930787,0.0004098073106693,False,7.860465750519907e-18
2023-09-11,SOBTI_5_ET,EUROPE_LIT,TRAINABLE,DOWN,DOWN,-0.0016024072975561188,-0.0016024072975561,False,1.8865117801247777e-17
2023-09-11,SOBTI_5_ET,NY_LONDON_LIT,TRAINABLE,DOWN,DOWN,-0.001257006925146964,-0.0012570069251469,False,6.396792817664476e-17
2023-09-11,SOBTI_5_ET,US_LATE_LIT,TRAINABLE,DOWN,DOWN,-0.0006396750772219573,-0.0006604362514545,False,2.076117423254278e-05
2023-09-12,SOBTI_5_ET,ASIA_MORNING_LIT,TRAINABLE,UP,UP,0.001160511015573018,0.001160511015573,False,1.7997756063259374e-17
2023-09-12,SOBTI_5_ET,ASIA_AFTERNOON_LIT,TRAINABLE,DOWN,DOWN,-0.0008847737360165864,-0.0008743539789664,False,1.041975705018633e-05
2023-09-12,SOBTI_5_ET,EUROPE_LIT,TRAINABLE,DOWN,DOWN,-0.0034485046190542157,-0.0035266581542314,False,7.815353517718433e-05
2023-09-12,SOBTI_5_ET,NY_LONDON_LIT,TRAINABLE,UP,UP,0.00011499816911486604,0.0001202258338623,False,5.2276647474339605e-06
2023-09-12,SOBTI_5_ET,US_LATE_LIT,TRAINABLE,DOWN,DOWN,-0.0002665788524565116,-0.0002718111158155,False,5.2322633589884054e-06
2023-09-13,SOBTI_5_ET,ASIA_MORNING_LIT,TRAINABLE,DOWN,DOWN,-0.002122722364322649,-0.0021123177339462,False,1.0404630376448839e-05
2023-09-13,SOBTI_5_ET,ASIA_AFTERNOON_LIT,TRAINABLE,UP,UP,1.5652228273710378e-05,5.2383418596146925e-06,False,1.0413886414095685e-05
2023-09-13,SOBTI_5_ET,EUROPE_LIT,TRAINABLE,UP,UP,0.0007535375472853545,0.0007849622007207,False,3.1424653435345494e-05
2023-09-13,SOBTI_5_ET,NY_LONDON_LIT,TRAINABLE,DOWN,DOWN,-0.0011294746733567784,-0.0011085378502935,False,2.0936823063278385e-05
2023-09-13,SOBTI_5_ET,US_LATE_LIT,TRAINABLE,UP,UP,0.0012458775782369091,0.0012667748189609,False,2.0897240723990844e-05
2023-09-14,SOBTI_5_ET,ASIA_MORNING_LIT,TRAINABLE,DOWN,DOWN,-0.0017148511289920565,-0.0017043843589923,False,1.0466769999756438e-05
2023-09-14,SOBTI_5_ET,ASIA_AFTERNOON_LIT,TRAINABLE,DOWN,DOWN,-0.00186363252721633,-0.0018793527355253,False,1.572020830897e-05
2023-09-14,SOBTI_5_ET,EUROPE_LIT,TRAINABLE,UP,UP,0.00043010139341270737,0.000445851201166,False,1.5749807753292653e-05
2023-09-14,SOBTI_5_ET,NY_LONDON_LIT,TRAINABLE,UP,UP,0.0009174119354264931,0.0008911739540733,False,2.623798135319318e-05
2023-09-14,SOBTI_5_ET,US_LATE_LIT,TRAINABLE,UP,UP,0.001110389480161622,0.0010894177845079,False,2.097169565372218e-05
2023-09-15,SOBTI_5_ET,ASIA_MORNING_LIT,TRAINABLE,UP,UP,0.002260249520233293,0.0022654867386278,False,5.23721839450729e-06
2023-09-15,SOBTI_5_ET,ASIA_AFTERNOON_LIT,TRAINABLE,UP,UP,0.0011065353381114473,0.0010960858864752,False,1.044945163624733e-05
2023-09-15,SOBTI_5_ET,EUROPE_LIT,TRAINABLE,UP,UP,0.0006569429489045042,0.0007142894421465,False,5.734649324199575e-05
2023-09-15,SOBTI_5_ET,NY_LONDON_LIT,TRAINABLE,UP,UP,0.0025946044650020372,0.002594604465002,False,3.729655473350135e-17
2023-09-15,SOBTI_5_ET,US_LATE_LIT,NOT_ELIGIBLE_WEEKLY_CLOSE_FRIDAY,,,,,False,
2023-09-18,SOBTI_5_ET,ASIA_MORNING_LIT,TRAINABLE,UP,UP,0.002208124906258657,0.0022497306555218,False,4.160574926314296e-05
2023-09-18,SOBTI_5_ET,ASIA_AFTERNOON_LIT,TRAINABLE,UP,UP,0.0005031743883059381,0.0005186883570658,False,1.551396875986192e-05
2023-09-18,SOBTI_5_ET,EUROPE_LIT,TRAINABLE,DOWN,DOWN,-0.001057534222656975,-0.0010627236014408,False,5.189378783824897e-06
2023-09-18,SOBTI_5_ET,NY_LONDON_LIT,TRAINABLE,UP,UP,0.0024132306337505405,0.0024080357342242,False,5.194899526340599e-06
2023-09-18,SOBTI_5_ET,US_LATE_LIT,TRAINABLE,UP,UP,0.0006730053272845371,0.0006627026140515,False,1.0302713233037095e-05
2023-09-19,SOBTI_5_ET,ASIA_MORNING_LIT,TRAINABLE,DOWN,DOWN,-8.280172134456087e-05,-6.214785533553702e-05,False,2.0653866009023858e-05
2023-09-19,SOBTI_5_ET,ASIA_AFTERNOON_LIT,TRAINABLE,UP,UP,0.0006316557871837158,0.0006316557871837,False,1.5829351718288365e-17
2023-09-19,SOBTI_5_ET,EUROPE_LIT,TRAINABLE,UP,UP,0.0013919239167554665,0.0014281131313969,False,3.618921464143359e-05
2023-09-19,SOBTI_5_ET,NY_LONDON_LIT,TRAINABLE,DOWN,DOWN,-0.0024439541588732183,-0.0024387820479699,False,5.172110903318115e-06
2023-09-19,SOBTI_5_ET,US_LATE_LIT,TRAINABLE,UP,UP,7.770917596516824e-05,5.178539900674295e-05,False,2.5923776958425293e-05
2023-09-20,SOBTI_5_ET,ASIA_MORNING_LIT,TRAINABLE,UP,UP,0.0002278584587009913,0.0002175516365703,False,1.0306822130691317e-05
2023-09-20,SOBTI_5_ET,ASIA_AFTERNOON_LIT,TRAINABLE,DOWN,DOWN,-0.0006009278986873756,-0.0006009278986873,False,7.556889142223966e-17
2023-09-20,SOBTI_5_ET,EUROPE_LIT,TRAINABLE,UP,UP,0.0015810594587664095,0.0016018127864272,False,2.0753327660790518e-05
2023-09-20,SOBTI_5_ET,NY_LONDON_LIT,TRAINABLE,UP,UP,0.005620734629657287,0.0056414573553538,False,2.0722725696513226e-05
2023-09-20,SOBTI_5_ET,US_LATE_LIT,TRAINABLE,DOWN,DOWN,-0.009263881531086704,-0.0092741845113295,False,1.0302980242796883e-05
2023-09-21,SOBTI_5_ET,ASIA_MORNING_LIT,TRAINABLE,UP,UP,0.0015116960352845599,0.0015064960623243,False,5.199972960259888e-06
2023-09-21,SOBTI_5_ET,ASIA_AFTERNOON_LIT,TRAINABLE,DOWN,DOWN,-0.00018154353070776175,-0.0001607784529182,False,2.0765077789561747e-05
2023-09-21,SOBTI_5_ET,EUROPE_LIT,TRAINABLE,DOWN,DOWN,-0.0037653309959960746,-0.0037912266871356,False,2.5895691139525556e-05
2023-09-21,SOBTI_5_ET,NY_LONDON_LIT,TRAINABLE,DOWN,DOWN,-0.00014578744969717672,-0.0001666328215711,False,2.0845371873923278e-05
2023-09-21,SOBTI_5_ET,US_LATE_LIT,TRAINABLE,UP,UP,0.0015725257698426809,0.0015256783504504,False,4.684741939228092e-05
2023-09-22,SOBTI_5_ET,ASIA_MORNING_LIT,TRAINABLE,DOWN,DOWN,-0.0003899304283010441,-0.000389930428301,False,4.4072818311535755e-17
2023-09-22,SOBTI_5_ET,ASIA_AFTERNOON_LIT,TRAINABLE,UP,UP,0.0015436675448732284,0.0015540731126899,False,1.040556781667151e-05
2023-09-22,SOBTI_5_ET,EUROPE_LIT,TRAINABLE,DOWN,DOWN,-0.0007005698239832547,-0.0007264811044646,False,2.591128048134528e-05
2023-09-22,SOBTI_5_ET,NY_LONDON_LIT,TRAINABLE,DOWN,DOWN,-0.00019735037503842978,-0.000202548862589,False,5.198487550570215e-06
2023-09-22,SOBTI_5_ET,US_LATE_LIT,NOT_ELIGIBLE_WEEKLY_CLOSE_FRIDAY,,,,,False,
2023-09-25,SOBTI_5_ET,ASIA_MORNING_LIT,TRAINABLE,DOWN,DOWN,-0.0008415540654772569,-0.0008727487084598,False,3.119464298254309e-05
2023-09-25,SOBTI_5_ET,ASIA_AFTERNOON_LIT,TRAINABLE,UP,UP,0.0009725196917567125,0.0009621703626876,False,1.0349329069112446e-05
2023-09-25,SOBTI_5_ET,EUROPE_LIT,TRAINABLE,DOWN,DOWN,-0.00029098342864830595,-0.0003013872357642,False,1.040380711589406e-05
2023-09-25,SOBTI_5_ET,NY_LONDON_LIT,TRAINABLE,DOWN,DOWN,-0.003877119740684387,-0.0038355626485386,False,4.155709214578732e-05
2023-09-25,SOBTI_5_ET,US_LATE_LIT,TRAINABLE,DOWN,DOWN,-0.0009599576509864427,-0.0009599576509864,False,4.2717565595928875e-17
2023-09-26,SOBTI_5_ET,ASIA_MORNING_LIT,TRAINABLE,DOWN,DOWN,-0.000506543490976008,-0.0004856962316177,False,2.084725935830805e-05
2023-09-26,SOBTI_5_ET,ASIA_AFTERNOON_LIT,TRAINABLE,DOWN,DOWN,-0.0011180825496343028,-0.0010971682340648,False,2.0914315569502736e-05
2023-09-26,SOBTI_5_ET,EUROPE_LIT,TRAINABLE,DOWN,DOWN,-0.0001359956050421829,-0.0001202887167709,False,1.5706888271282892e-05
2023-09-26,SOBTI_5_ET,NY_LONDON_LIT,TRAINABLE,DOWN,DOWN,-0.006109867160966731,-0.0061360484574001,False,2.618129643336929e-05
2023-09-26,SOBTI_5_ET,US_LATE_LIT,TRAINABLE,UP,UP,0.0004052864955299551,0.0003579376303863,False,4.734886514365513e-05
2023-09-27,SOBTI_5_ET,ASIA_MORNING_LIT,TRAINABLE,DOWN,DOWN,-3.680377981918337e-05,-3.680377981918337e-05,False,0.0
2023-09-27,SOBTI_5_ET,ASIA_AFTERNOON_LIT,TRAINABLE,UP,UP,0.0003848887523452138,0.0003638405606225,False,2.1048191722713788e-05
2023-09-27,SOBTI_5_ET,EUROPE_LIT,TRAINABLE,DOWN,DOWN,-0.0022875205732910686,-0.0023085611096129,False,2.104053632183151e-05
2023-09-27,SOBTI_5_ET,NY_LONDON_LIT,TRAINABLE,DOWN,DOWN,-0.009947685680549712,-0.0099371093722822,False,1.05763082675122e-05
2023-09-27,SOBTI_5_ET,US_LATE_LIT,TRAINABLE,UP,UP,0.0016114529847259806,0.0016114529847259,False,8.066464163292153e-17
2023-09-28,SOBTI_5_ET,ASIA_MORNING_LIT,TRAINABLE,DOWN,DOWN,-0.0014756755028980661,-0.001475675502898,False,6.613633252161577e-17
2023-09-28,SOBTI_5_ET,ASIA_AFTERNOON_LIT,TRAINABLE,UP,UP,0.0007409061445455833,0.0007409061445455,False,8.337514706413529e-17
2023-09-28,SOBTI_5_ET,EUROPE_LIT,TRAINABLE,DOWN,DOWN,-0.0007137028730576089,-0.0007456891953921,False,3.198632233449104e-05
2023-09-28,SOBTI_5_ET,NY_LONDON_LIT,TRAINABLE,DOWN,DOWN,-0.005623358256370503,-0.0056126871263272,False,1.0671130043302807e-05
2023-09-28,SOBTI_5_ET,US_LATE_LIT,TRAINABLE,DOWN,DOWN,-8.578657070945628e-05,-8.042088979975937e-05,False,5.365680909696913e-06
2023-09-29,SOBTI_5_ET,ASIA_MORNING_LIT,TRAINABLE,DOWN,DOWN,-0.001184769012955278,-0.0012276282228417,False,4.285920988642217e-05
2023-09-29,SOBTI_5_ET,ASIA_AFTERNOON_LIT,TRAINABLE,UP,UP,0.0034588261865933223,0.0034213150598787,False,3.751112671462236e-05
2023-09-29,SOBTI_5_ET,EUROPE_LIT,TRAINABLE,DOWN,DOWN,-0.0008818166129810345,-0.0009085647260218,False,2.674811304076549e-05
2023-09-29,SOBTI_5_ET,NY_LONDON_LIT,TRAINABLE,DOWN,DOWN,-0.011816225258977964,-0.0118215797464846,False,5.354487506636571e-06
2023-09-29,SOBTI_5_ET,US_LATE_LIT,NOT_ELIGIBLE_WEEKLY_CLOSE_FRIDAY,,,,,False,
2023-10-02,SOBTI_5_ET,ASIA_MORNING_LIT,TRAINABLE,DOWN,DOWN,-0.0007965077506989493,-0.000791083805203,False,5.42394549594928e-06
2023-10-02,SOBTI_5_ET,ASIA_AFTERNOON_LIT,TRAINABLE,UP,UP,0.00016277012314636075,0.000189931943116,False,2.7161819969639245e-05
2023-10-02,SOBTI_5_ET,EUROPE_LIT,TRAINABLE,DOWN,DOWN,-0.003054790787598516,-0.0030710793589232,False,1.628857132468433e-05
2023-10-02,SOBTI_5_ET,NY_LONDON_LIT,TRAINABLE,DOWN,DOWN,-0.0030913762004123324,-0.0031131684557994,False,2.1792255387067475e-05
2023-10-02,SOBTI_5_ET,US_LATE_LIT,TRAINABLE,DOWN,DOWN,-0.0037726123725861926,-0.0037780774501401,False,5.465077553907377e-06
2023-10-03,SOBTI_5_ET,ASIA_MORNING_LIT,TRAINABLE,DOWN,DOWN,-0.004060870035476727,-0.0040608700354767,False,2.688821387764051e-17
2023-10-03,SOBTI_5_ET,ASIA_AFTERNOON_LIT,TRAINABLE,UP,UP,0.0013520126778201469,0.0013465770587923,False,5.435619027846809e-06
2023-10-03,SOBTI_5_ET,EUROPE_LIT,TRAINABLE,UP,UP,0.002239361494696279,0.0022613376402678,False,2.1976145571520923e-05
2023-10-03,SOBTI_5_ET,NY_LONDON_LIT,TRAINABLE,DOWN,DOWN,-0.001473157321987495,-0.0014731573219874,False,9.497611030973019e-17
2023-10-03,SOBTI_5_ET,US_LATE_LIT,TRAINABLE,UP,DOWN,1.0974245409522965e-05,-2.1959459579834476e-05,True,3.293370498935744e-05
2023-10-04,SOBTI_5_ET,ASIA_MORNING_LIT,TRAINABLE,DOWN,DOWN,-0.0012943367399671502,-0.0012668868127067,False,2.74499272604502e-05
2023-10-04,SOBTI_5_ET,ASIA_AFTERNOON_LIT,TRAINABLE,DOWN,DOWN,-0.0011524446811050915,-0.0011469516230326,False,5.493058072491555e-06
2023-10-04,SOBTI_5_ET,EUROPE_LIT,TRAINABLE,UP,UP,0.002664582167213325,0.0026755133237488,False,1.0931156535474735e-05
2023-10-04,SOBTI_5_ET,NY_LONDON_LIT,TRAINABLE,DOWN,DOWN,-0.003725823615368329,-0.0037258236153683,False,2.905661822261152e-17
2023-10-04,SOBTI_5_ET,US_LATE_LIT,TRAINABLE,UP,UP,0.004069791164125647,0.004086240775575,False,1.6449611449352933e-05
2023-10-05,SOBTI_5_ET,ASIA_MORNING_LIT,TRAINABLE,UP,UP,0.0009311829574507602,0.0009749796183398,False,4.379666088903981e-05
2023-10-05,SOBTI_5_ET,ASIA_AFTERNOON_LIT,TRAINABLE,DOWN,DOWN,-0.003577478095821318,-0.0035720024053477,False,5.475690473617963e-06
2023-10-05,SOBTI_5_ET,EUROPE_LIT,TRAINABLE,UP,UP,0.0008508830158138192,0.0008453876960448,False,5.495319769019207e-06
2023-10-05,SOBTI_5_ET,NY_LONDON_LIT,TRAINABLE,DOWN,DOWN,-0.0019472028622858906,-0.0019307966505477,False,1.6406211738190625e-05
2023-10-05,SOBTI_5_ET,US_LATE_LIT,TRAINABLE,UP,UP,0.000577086910013902,0.0006320284636487,False,5.494155363479803e-05
2023-10-06,SOBTI_5_ET,ASIA_MORNING_LIT,TRAINABLE,UP,UP,0.0020322015801252924,0.0020102102796182,False,2.1991300507092585e-05
2023-10-06,SOBTI_5_ET,ASIA_AFTERNOON_LIT,TRAINABLE,DOWN,DOWN,-0.0012680760495829002,-0.0012571516474829,False,1.0924402100000261e-05
2023-10-06,SOBTI_5_ET,EUROPE_LIT,TRAINABLE,UP,UP,0.0011048139168703397,0.0011048139168703,False,3.968179951296946e-17
2023-10-06,SOBTI_5_ET,NY_LONDON_LIT,TRAINABLE,UP,UP,0.006802726728329933,0.0068082227121548,False,5.495983824866518e-06
2023-10-06,SOBTI_5_ET,US_LATE_LIT,NOT_ELIGIBLE_WEEKLY_CLOSE_FRIDAY,,,,,False,
2023-10-09,SOBTI_5_ET,ASIA_MORNING_LIT,TRAINABLE,DOWN,DOWN,-0.0013819212767394173,-0.0013981268427791,False,1.6205566039682612e-05
2023-10-09,SOBTI_5_ET,ASIA_AFTERNOON_LIT,TRAINABLE,UP,UP,0.0001892151976101708,0.0001892151976101,False,7.079840186330344e-17
2023-10-09,SOBTI_5_ET,EUROPE_LIT,TRAINABLE,UP,UP,4.863053340087298e-05,1.0821680175743252e-05,False,3.7808853225129724e-05
2023-10-09,SOBTI_5_ET,NY_LONDON_LIT,TRAINABLE,UP,UP,0.002913503154504671,0.0029297354991069,False,1.623234460222927e-05
2023-10-09,SOBTI_5_ET,US_LATE_LIT,TRAINABLE,UP,UP,0.0046889129557863285,0.0046565463354439,False,3.2366620342428286e-05
2023-10-10,SOBTI_5_ET,ASIA_MORNING_LIT,TRAINABLE,DOWN,DOWN,-0.0003111235183231864,-0.0003111235183231,False,8.64109131470947e-17
2023-10-10,SOBTI_5_ET,ASIA_AFTERNOON_LIT,TRAINABLE,DOWN,DOWN,-0.002347770998545662,-0.0023531488447003,False,5.377846154638096e-06
2023-10-10,SOBTI_5_ET,EUROPE_LIT,TRAINABLE,UP,UP,0.00018314342114300608,0.0001508002358867,False,3.234318525630609e-05
2023-10-10,SOBTI_5_ET,NY_LONDON_LIT,TRAINABLE,UP,UP,0.0015506935105353836,0.0015506935105353,False,8.370040771588094e-17
2023-10-10,SOBTI_5_ET,US_LATE_LIT,TRAINABLE,UP,UP,0.0004892313399136317,0.0004892313399136,False,3.165870343657673e-17
2023-10-11,SOBTI_5_ET,ASIA_MORNING_LIT,TRAINABLE,DOWN,DOWN,-0.0001988140944715333,-0.0001934353526759,False,5.378741795633303e-06
2023-10-11,SOBTI_5_ET,ASIA_AFTERNOON_LIT,TRAINABLE,UP,UP,0.0021077297311768994,0.0021184940981775,False,1.0764367000600395e-05
2023-10-11,SOBTI_5_ET,EUROPE_LIT,TRAINABLE,UP,UP,0.0039060559093981873,0.0039435823335869,False,3.752642418871233e-05
2023-10-11,SOBTI_5_ET,NY_LONDON_LIT,TRAINABLE,UP,UP,0.0002779176219718238,0.0002725679135067,False,5.349708465123785e-06
2023-10-11,SOBTI_5_ET,US_LATE_LIT,TRAINABLE,UP,UP,0.002040964063382944,0.0020944465704171,False,5.3482507034156076e-05
2023-10-12,SOBTI_5_ET,ASIA_MORNING_LIT,TRAINABLE,UP,UP,0.000981018970941383,0.0009810189709413,False,8.304988641238964e-17
2023-10-12,SOBTI_5_ET,ASIA_AFTERNOON_LIT,TRAINABLE,UP,UP,0.0006329756790683927,0.0006276510128662,False,5.3246662021927144e-06
2023-10-12,SOBTI_5_ET,EUROPE_LIT,TRAINABLE,UP,UP,0.0013343238903325005,0.0013449612268552,False,1.0637336522699437e-05
2023-10-12,SOBTI_5_ET,NY_LONDON_LIT,TRAINABLE,DOWN,DOWN,-0.007193542252269314,-0.0071988564311712,False,5.314178901886547e-06
2023-10-12,SOBTI_5_ET,US_LATE_LIT,TRAINABLE,UP,UP,0.0013475487996728042,0.001336843375054,False,1.070542461880427e-05
2023-10-13,SOBTI_5_ET,ASIA_MORNING_LIT,TRAINABLE,UP,UP,0.0005821273447783604,0.0005874729109029,False,5.3455661245396325e-06
2023-10-13,SOBTI_5_ET,ASIA_AFTERNOON_LIT,TRAINABLE,UP,UP,0.0024670176129766297,0.0024190839403062,False,4.793367267042978e-05
2023-10-13,SOBTI_5_ET,EUROPE_LIT,TRAINABLE,UP,UP,0.008121995212831745,0.0080688511117616,False,5.314410107014507e-05
2023-10-13,SOBTI_5_ET,NY_LONDON_LIT,TRAINABLE,UP,UP,0.017358495922535466,0.0173584959225354,False,6.591949208711867e-17
2023-10-13,SOBTI_5_ET,US_LATE_LIT,NOT_ELIGIBLE_WEEKLY_CLOSE_FRIDAY,,,,,False,
2023-10-16,SOBTI_5_ET,ASIA_MORNING_LIT,TRAINABLE,DOWN,DOWN,-0.0013425125216861566,-0.0013373037004865,False,5.208821199656705e-06
2023-10-16,SOBTI_5_ET,ASIA_AFTERNOON_LIT,TRAINABLE,DOWN,DOWN,-0.00444840075923536,-0.0044223303359117,False,2.6070423323660413e-05
2023-10-16,SOBTI_5_ET,EUROPE_LIT,TRAINABLE,UP,UP,0.0022759101681284477,0.0023282198389098,False,5.230967078135229e-05
2023-10-16,SOBTI_5_ET,NY_LONDON_LIT,TRAINABLE,UP,UP,0.0019678978474970688,0.0019574476867798,False,1.0450160717268876e-05
2023-10-16,SOBTI_5_ET,US_LATE_LIT,TRAINABLE,DOWN,DOWN,-0.0015055977749238725,-0.0014795286219945,False,2.6069152929372383e-05
2023-10-17,SOBTI_5_ET,ASIA_MORNING_LIT,TRAINABLE,DOWN,DOWN,-0.00073566653131385,-0.0007617795288332,False,2.611299751935001e-05
2023-10-17,SOBTI_5_ET,ASIA_AFTERNOON_LIT,TRAINABLE,UP,UP,0.002129659948485907,0.0020879223801075,False,4.1737568378406864e-05
2023-10-17,SOBTI_5_ET,EUROPE_LIT,TRAINABLE,UP,UP,0.0022502296786575116,0.0021929387399659,False,5.7290938691611625e-05
2023-10-17,SOBTI_5_ET,NY_LONDON_LIT,TRAINABLE,DOWN,DOWN,-0.0018711012108747482,-0.0018711012108747,False,4.8138576458356397e-17
2023-10-17,SOBTI_5_ET,US_LATE_LIT,TRAINABLE,UP,UP,0.0036710928318148817,0.0036763053146688,False,5.212482853918406e-06
2023-10-18,SOBTI_5_ET,ASIA_MORNING_LIT,TRAINABLE,UP,UP,0.004664188556491533,0.0046693819468568,False,5.193390365266712e-06
2023-10-18,SOBTI_5_ET,ASIA_AFTERNOON_LIT,TRAINABLE,DOWN,DOWN,-0.0013562904822805866,-0.0013666147530837,False,1.0324270803113364e-05
2023-10-18,SOBTI_5_ET,EUROPE_LIT,TRAINABLE,UP,UP,0.005055611577596375,0.0049781407144671,False,7.747086312927514e-05
2023-10-18,SOBTI_5_ET,NY_LONDON_LIT,TRAINABLE,UP,UP,0.0023996793726956955,0.0023791049960131,False,2.057437668259547e-05
2023-10-18,SOBTI_5_ET,US_LATE_LIT,TRAINABLE,DOWN,DOWN,-0.0002460502181020896,-0.0002153234168331,False,3.07268012689896e-05
2023-10-19,SOBTI_5_ET,ASIA_MORNING_LIT,TRAINABLE,DOWN,DOWN,-0.00135870527294768,-0.0013485018188938,False,1.0203454053880076e-05
2023-10-19,SOBTI_5_ET,ASIA_AFTERNOON_LIT,TRAINABLE,UP,UP,0.0017759300776034603,0.0017656545579178,False,1.0275519685660301e-05
2023-10-19,SOBTI_5_ET,EUROPE_LIT,TRAINABLE,UP,UP,0.00025617903709385104,0.0002305355154805,False,2.5643521613351035e-05
2023-10-19,SOBTI_5_ET,NY_LONDON_LIT,TRAINABLE,UP,UP,0.010260182260313888,0.0102601822603138,False,8.847089727481716e-17
2023-10-19,SOBTI_5_ET,US_LATE_LIT,TRAINABLE,UP,UP,0.001419730364558669,0.0013943536354315,False,2.537672912716893e-05
2023-10-20,SOBTI_5_ET,ASIA_MORNING_LIT,TRAINABLE,UP,UP,0.0019392300818699137,0.001954435222226,False,1.5205140356086468e-05
2023-10-20,SOBTI_5_ET,ASIA_AFTERNOON_LIT,TRAINABLE,UP,UP,0.0006266368347827012,0.0006367540773004,False,1.0117242517698874e-05
2023-10-20,SOBTI_5_ET,EUROPE_LIT,TRAINABLE,DOWN,DOWN,-0.00140906786504702,-0.0013434132908792,False,6.565457416782012e-05
2023-10-20,SOBTI_5_ET,NY_LONDON_LIT,TRAINABLE,UP,UP,0.0006776423517989016,0.0006624557432743,False,1.5186608524601626e-05
2023-10-20,SOBTI_5_ET,US_LATE_LIT,NOT_ELIGIBLE_WEEKLY_CLOSE_FRIDAY,,,,,False,
2023-10-23,SOBTI_5_ET,ASIA_MORNING_LIT,TRAINABLE,UP,UP,0.0029242734342604937,0.0029140918752454,False,1.0181559015093496e-05
2023-10-23,SOBTI_5_ET,ASIA_AFTERNOON_LIT,TRAINABLE,UP,UP,0.0015660377834685324,0.001555891775933,False,1.0146007535532468e-05
2023-10-23,SOBTI_5_ET,EUROPE_LIT,TRAINABLE,UP,UP,0.0015939299404232887,0.0016040601863922,False,1.0130245968911376e-05
2023-10-23,SOBTI_5_ET,NY_LONDON_LIT,TRAINABLE,DOWN,DOWN,-0.0012529364197537696,-0.0012124808350767,False,4.045558467706957e-05
2023-10-23,SOBTI_5_ET,US_LATE_LIT,TRAINABLE,DOWN,DOWN,-0.0015679979335306848,-0.0014719194738139,False,9.607845971678491e-05
2023-10-24,SOBTI_5_ET,ASIA_MORNING_LIT,TRAINABLE,UP,UP,0.0016767217798310252,0.001676721779831,False,2.5153490401663703e-17
2023-10-24,SOBTI_5_ET,ASIA_AFTERNOON_LIT,TRAINABLE,UP,UP,0.0001467665253205297,0.0001467665253205,False,2.970713952610282e-17
2023-10-24,SOBTI_5_ET,EUROPE_LIT,TRAINABLE,DOWN,DOWN,-0.006440700466183502,-0.0064508295334194,False,1.012906723589762e-05
2023-10-24,SOBTI_5_ET,NY_LONDON_LIT,TRAINABLE,UP,UP,0.0053062218282777796,0.0052909295797352,False,1.529224854257983e-05
2023-10-24,SOBTI_5_ET,US_LATE_LIT,TRAINABLE,UP,UP,0.00023299883999539084,0.0002482106041648,False,1.5211764169409175e-05
2023-10-25,SOBTI_5_ET,ASIA_MORNING_LIT,TRAINABLE,DOWN,DOWN,-0.0016712329460857323,-0.0016560249567004,False,1.520798938533228e-05
2023-10-25,SOBTI_5_ET,ASIA_AFTERNOON_LIT,TRAINABLE,DOWN,DOWN,-0.002073148767469002,-0.0020630009086034,False,1.014785886560175e-05
2023-10-25,SOBTI_5_ET,EUROPE_LIT,TRAINABLE,UP,UP,0.0030628568080270924,0.0030730256452131,False,1.0168837186007654e-05
2023-10-25,SOBTI_5_ET,NY_LONDON_LIT,TRAINABLE,UP,UP,0.004456089311191791,0.0044611581531035,False,5.068841911709185e-06
2023-10-25,SOBTI_5_ET,US_LATE_LIT,TRAINABLE,DOWN,DOWN,-9.0773434427871e-05,-3.52638106088099e-05,False,5.5509623819061105e-05
2023-10-26,SOBTI_5_ET,ASIA_MORNING_LIT,TRAINABLE,UP,UP,0.0008317914639965895,0.0008620705083797,False,3.0279044383110494e-05
2023-10-26,SOBTI_5_ET,ASIA_AFTERNOON_LIT,TRAINABLE,DOWN,DOWN,-7.043004355200555e-05,-6.035926666525526e-05,False,1.0070776886750288e-05
2023-10-26,SOBTI_5_ET,EUROPE_LIT,TRAINABLE,DOWN,DOWN,-0.001589709230065961,-0.0015696268284305,False,2.0082401635461043e-05
2023-10-26,SOBTI_5_ET,NY_LONDON_LIT,TRAINABLE,UP,UP,0.0004484428434197163,0.0004283288703523,False,2.011397306741629e-05
2023-10-26,SOBTI_5_ET,US_LATE_LIT,TRAINABLE,DOWN,DOWN,-0.0010224069820320425,-0.0010324898811912,False,1.008289915915752e-05
2023-10-27,SOBTI_5_ET,ASIA_MORNING_LIT,TRAINABLE,UP,UP,0.0020821935179011763,0.002112468437514,False,3.0274919612823664e-05
2023-10-27,SOBTI_5_ET,ASIA_AFTERNOON_LIT,TRAINABLE,UP,UP,0.0008103382119404312,0.0008052999596008,False,5.038252339631248e-06
2023-10-27,SOBTI_5_ET,EUROPE_LIT,TRAINABLE,DOWN,DOWN,-0.003258891538333475,-0.0030879148753981,False,0.00017097666293537477
2023-10-27,SOBTI_5_ET,NY_LONDON_LIT,TRAINABLE,UP,UP,0.012894342755771948,0.0129044423390249,False,1.0099583252952404e-05
2023-10-27,SOBTI_5_ET,US_LATE_LIT,NOT_ELIGIBLE_WEEKLY_CLOSE_FRIDAY,,,,,False,
2023-10-30,SOBTI_5_ET,ASIA_MORNING_LIT,TRAINABLE,DOWN,DOWN,-0.0012021658728921247,-0.001182193208008,False,1.99726648841248e-05
2023-10-30,SOBTI_5_ET,ASIA_AFTERNOON_LIT,TRAINABLE,DOWN,DOWN,-0.002472823655783607,-0.0025277708519976,False,5.494719621399304e-05
2023-10-30,SOBTI_5_ET,EUROPE_LIT,TRAINABLE,DOWN,DOWN,-0.0004207384152508098,-0.0004207384152508,False,9.812029660993815e-18
2023-10-30,SOBTI_5_ET,NY_LONDON_LIT,TRAINABLE,UP,UP,0.0012877084528977178,0.0012826930207234,False,5.015432174317741e-06
2023-10-30,SOBTI_5_ET,US_LATE_LIT,TRAINABLE,DOWN,DOWN,-0.0013660828526212976,-0.0013761008669325,False,1.001801431120249e-05
2023-10-31,SOBTI_5_ET,ASIA_MORNING_LIT,TRAINABLE,DOWN,DOWN,-0.0008268082997839876,-0.0007867431585023,False,4.0065141281687673e-05
2023-10-31,SOBTI_5_ET,ASIA_AFTERNOON_LIT,TRAINABLE,UP,UP,0.0006116486660221465,0.0006116486660221,False,4.651227319962814e-17
2023-10-31,SOBTI_5_ET,EUROPE_LIT,TRAINABLE,UP,UP,0.0020993997018801114,0.0020342622628608,False,6.513743901931119e-05
2023-10-31,SOBTI_5_ET,NY_LONDON_LIT,TRAINABLE,DOWN,DOWN,-0.009625770206003081,-0.009625770206003,False,8.153200337090993e-17
2023-10-31,SOBTI_5_ET,US_LATE_LIT,TRAINABLE,DOWN,DOWN,-0.000282714245998128,-0.0002625601501959,False,2.0154095802228005e-05
2023-11-01,SOBTI_5_ET,ASIA_MORNING_LIT,TRAINABLE,DOWN,DOWN,-0.0007524915991024006,-0.0007423808451664,False,1.0110753936000568e-05
2023-11-01,SOBTI_5_ET,ASIA_AFTERNOON_LIT,TRAINABLE,DOWN,DOWN,-0.0005660768262384375,-0.0005761954495074,False,1.0118623268962523e-05
2023-11-01,SOBTI_5_ET,EUROPE_LIT,TRAINABLE,UP,UP,0.0030747399194153147,0.0030848643763503,False,1.0124456934985319e-05
2023-11-01,SOBTI_5_ET,NY_LONDON_LIT,TRAINABLE,DOWN,DOWN,-0.002374582187833596,-0.0023947688286544,False,2.0186640820804135e-05
2023-11-01,SOBTI_5_ET,US_LATE_LIT,TRAINABLE,UP,UP,0.0030069387742044373,0.0030221150986087,False,1.5176324404262559e-05
2023-11-02,SOBTI_5_ET,ASIA_MORNING_LIT,TRAINABLE,DOWN,DOWN,-3.0200734061236467e-05,-1.5130597995738349e-05,False,1.5070136065498119e-05
2023-11-02,SOBTI_5_ET,ASIA_AFTERNOON_LIT,TRAINABLE,DOWN,DOWN,-0.0008861192449430844,-0.0008810794703725,False,5.0397745705844064e-06
2023-11-02,SOBTI_5_ET,EUROPE_LIT,TRAINABLE,UP,UP,0.002061069869764287,0.0021064023307819,False,4.53324610176129e-05
2023-11-02,SOBTI_5_ET,NY_LONDON_LIT,TRAINABLE,DOWN,DOWN,-0.0015689142776685872,-0.0015538134293457,False,1.5100848322887076e-05
2023-11-02,SOBTI_5_ET,US_LATE_LIT,TRAINABLE,UP,UP,6.547337116402652e-05,0.0001007030812634,False,3.522971009937348e-05
2023-11-03,SOBTI_5_ET,ASIA_MORNING_LIT,TRAINABLE,UP,UP,0.00024171341787804224,0.0002517953017604,False,1.0081883882357768e-05
2023-11-03,SOBTI_5_ET,ASIA_AFTERNOON_LIT,TRAINABLE,UP,UP,0.0008760396958020777,0.000876039695802,False,7.773729576721067e-17
2023-11-03,SOBTI_5_ET,EUROPE_LIT,TRAINABLE,DOWN,DOWN,-0.00015591014283855564,-0.0001458394160539,False,1.0070726784655641e-05
2023-11-03,SOBTI_5_ET,NY_LONDON_LIT,TRAINABLE,UP,UP,0.003290277430228805,0.0032902774302288,False,5.204170427930421e-18
2023-11-03,SOBTI_5_ET,US_LATE_LIT,NOT_ELIGIBLE_WEEKLY_CLOSE_FRIDAY,,,,,False,
2023-11-06,SOBTI_5_ET,ASIA_MORNING_LIT,TRAINABLE,DOWN,DOWN,-0.004015681356166256,-0.0040006074922754,False,1.5073863890856416e-05
2023-11-06,SOBTI_5_ET,ASIA_AFTERNOON_LIT,TRAINABLE,UP,UP,0.0013051106718646732,0.0013001285102407,False,4.982161623973266e-06
2023-11-06,SOBTI_5_ET,EUROPE_LIT,TRAINABLE,DOWN,DOWN,-0.0012984403708956593,-0.0012481248308358,False,5.031554005985924e-05
2023-11-06,SOBTI_5_ET,NY_LONDON_LIT,TRAINABLE,DOWN,DOWN,-0.002600006099023666,-0.0026100938759857,False,1.0087776962033976e-05
2023-11-06,SOBTI_5_ET,US_LATE_LIT,TRAINABLE,DOWN,DOWN,-0.0018288319508050765,-0.0017833787836377,False,4.54531671673765e-05
2023-11-07,SOBTI_5_ET,ASIA_MORNING_LIT,TRAINABLE,DOWN,DOWN,-0.0019788953726712633,-0.0019738292498999,False,5.066122771363139e-06
2023-11-07,SOBTI_5_ET,ASIA_AFTERNOON_LIT,TRAINABLE,DOWN,DOWN,-0.0017850905037264386,-0.0018256351556809,False,4.0544651954461334e-05
2023-11-07,SOBTI_5_ET,EUROPE_LIT,TRAINABLE,DOWN,DOWN,-0.004806218442152677,-0.0048062184421526,False,7.632783294297951e-17
2023-11-07,SOBTI_5_ET,NY_LONDON_LIT,TRAINABLE,UP,UP,0.004916174954302299,0.0049212851216222,False,5.110167319901e-06
2023-11-07,SOBTI_5_ET,US_LATE_LIT,TRAINABLE,UP,UP,0.00012191640374226154,0.000111746119968,False,1.0170283774261541e-05
2023-11-08,SOBTI_5_ET,ASIA_MORNING_LIT,TRAINABLE,DOWN,DOWN,-0.00046218825778898687,-0.0004419109168971,False,2.0277340891886844e-05
2023-11-08,SOBTI_5_ET,ASIA_AFTERNOON_LIT,TRAINABLE,DOWN,DOWN,-0.00015751079502157594,-0.0001524257048514,False,5.085090170175955e-06
2023-11-08,SOBTI_5_ET,EUROPE_LIT,TRAINABLE,DOWN,DOWN,-0.0027080327890467437,-0.0026978661390576,False,1.0166649989143926e-05
2023-11-08,SOBTI_5_ET,NY_LONDON_LIT,TRAINABLE,DOWN,DOWN,-0.006643281046603389,-0.0066636184062091,False,2.033735960571114e-05
2023-11-08,SOBTI_5_ET,US_LATE_LIT,TRAINABLE,UP,UP,0.0018309168022243583,0.0018411844690144,False,1.0267666790041803e-05
2023-11-09,SOBTI_5_ET,ASIA_MORNING_LIT,TRAINABLE,DOWN,DOWN,-0.0019811559129604417,-0.0019760315145281,False,5.124398432341821e-06
2023-11-09,SOBTI_5_ET,ASIA_AFTERNOON_LIT,TRAINABLE,DOWN,DOWN,-0.001800134377853424,-0.0018411424504382,False,4.100807258477601e-05
2023-11-09,SOBTI_5_ET,EUROPE_LIT,TRAINABLE,DOWN,DOWN,-0.000215817946987662,-0.0002003935712886,False,1.5424375699061996e-05
2023-11-09,SOBTI_5_ET,NY_LONDON_LIT,TRAINABLE,UP,UP,0.006788684810985268,0.0068400620798816,False,5.1377268896331436e-05
2023-11-09,SOBTI_5_ET,US_LATE_LIT,TRAINABLE,DOWN,DOWN,-3.059427714291463e-05,-2.5485022651761117e-05,False,5.109254491153511e-06
2023-11-10,SOBTI_5_ET,ASIA_MORNING_LIT,TRAINABLE,DOWN,DOWN,-0.0005410812880086713,-0.0005308625186007,False,1.0218769407971244e-05
2023-11-10,SOBTI_5_ET,ASIA_AFTERNOON_LIT,TRAINABLE,DOWN,DOWN,-0.0003116057232080971,-0.0002706983727452,False,4.090735046289711e-05
2023-11-10,SOBTI_5_ET,EUROPE_LIT,TRAINABLE,DOWN,DOWN,-0.004930930797374389,-0.0049207010628768,False,1.0229734497589106e-05
2023-11-10,SOBTI_5_ET,NY_LONDON_LIT,TRAINABLE,DOWN,DOWN,-0.005735843930104401,-0.0057461242509878,False,1.0280320883399377e-05
2023-11-10,SOBTI_5_ET,US_LATE_LIT,NOT_ELIGIBLE_WEEKLY_CLOSE_FRIDAY,,,,,False,
2023-11-13,SOBTI_5_ET,ASIA_MORNING_LIT,TRAINABLE,DOWN,DOWN,-0.002757176944722217,-0.0027211288510499,False,3.6048093672317195e-05
2023-11-13,SOBTI_5_ET,ASIA_AFTERNOON_LIT,TRAINABLE,DOWN,DOWN,-0.0009280808660181439,-0.0009589851004055,False,3.0904234387356096e-05
2023-11-13,SOBTI_5_ET,EUROPE_LIT,TRAINABLE,DOWN,DOWN,-0.0007173578527579494,-0.0007328557673904,False,1.5497914632450565e-05
2023-11-13,SOBTI_5_ET,NY_LONDON_LIT,TRAINABLE,UP,UP,0.005226565620182422,0.0052317353804152,False,5.169760232777952e-06
2023-11-13,SOBTI_5_ET,US_LATE_LIT,TRAINABLE,DOWN,DOWN,-0.0003236761372403807,-0.0003339618456015,False,1.0285708361119287e-05
2023-11-14,SOBTI_5_ET,ASIA_MORNING_LIT,TRAINABLE,DOWN,DOWN,-0.00029292197463648417,-0.0003186396965609,False,2.5717721924415834e-05
2023-11-14,SOBTI_5_ET,ASIA_AFTERNOON_LIT,TRAINABLE,DOWN,DOWN,-8.227805840788083e-05,-7.71315023579966e-05,False,5.146556049884232e-06
2023-11-14,SOBTI_5_ET,EUROPE_LIT,TRAINABLE,UP,UP,0.00016971576329738447,0.0001799479676469,False,1.0232204349515519e-05
2023-11-14,SOBTI_5_ET,NY_LONDON_LIT,TRAINABLE,UP,UP,0.00897088229851728,0.0089708822985172,False,7.979727989493313e-17
2023-11-14,SOBTI_5_ET,US_LATE_LIT,TRAINABLE,UP,UP,6.114213477181885e-05,5.094158862073428e-05,False,1.0200546151084566e-05
2023-11-15,SOBTI_5_ET,ASIA_MORNING_LIT,TRAINABLE,UP,UP,0.002109301293647281,0.0020940063487471,False,1.5294944900181e-05
2023-11-15,SOBTI_5_ET,ASIA_AFTERNOON_LIT,TRAINABLE,UP,UP,0.0012184790871196949,0.0012286451541707,False,1.0166067051005194e-05
2023-11-15,SOBTI_5_ET,EUROPE_LIT,TRAINABLE,DOWN,DOWN,-0.000278853615056196,-0.0003245356512796,False,4.568203622340401e-05
2023-11-15,SOBTI_5_ET,NY_LONDON_LIT,TRAINABLE,DOWN,DOWN,-0.005097683532049979,-0.005107838391269,False,1.0154859219020651e-05
2023-11-15,SOBTI_5_ET,US_LATE_LIT,TRAINABLE,DOWN,DOWN,-0.0015142092228591642,-0.0015295197152083,False,1.5310492349135786e-05
2023-11-16,SOBTI_5_ET,ASIA_MORNING_LIT,TRAINABLE,UP,UP,0.0019250510424320133,0.001925051042432,False,1.3227266504323154e-17
2023-11-16,SOBTI_5_ET,ASIA_AFTERNOON_LIT,TRAINABLE,UP,UP,0.0012522882538001934,0.0012726661847504,False,2.0377930950206706e-05
2023-11-16,SOBTI_5_ET,EUROPE_LIT,TRAINABLE,DOWN,DOWN,-0.0012659592857724444,-0.0012659592857724,False,4.445228907190568e-17
2023-11-16,SOBTI_5_ET,NY_LONDON_LIT,TRAINABLE,UP,UP,0.009702727005824974,0.009707822735262,False,5.0957294370265055e-06
2023-11-16,SOBTI_5_ET,US_LATE_LIT,TRAINABLE,UP,UP,3.5327156288955663e-05,2.5233683063730084e-05,False,1.009347322522558e-05
2023-11-17,SOBTI_5_ET,ASIA_MORNING_LIT,TRAINABLE,UP,UP,0.001159585778949479,0.0011645718894053,False,4.9861104558209315e-06
2023-11-17,SOBTI_5_ET,ASIA_AFTERNOON_LIT,TRAINABLE,UP,UP,0.0006248185806985163,0.0006197746416403,False,5.0439390582162095e-06
2023-11-17,SOBTI_5_ET,EUROPE_LIT,TRAINABLE,UP,UP,0.0014855296585130073,0.0015459590078312,False,6.0429349318192726e-05
2023-11-17,SOBTI_5_ET,NY_LONDON_LIT,TRAINABLE,DOWN,DOWN,-0.003982205906811975,-0.0039771728727873,False,5.033034024675212e-06
2023-11-17,SOBTI_5_ET,US_LATE_LIT,NOT_ELIGIBLE_WEEKLY_CLOSE_FRIDAY,,,,,False,
2023-11-20,SOBTI_5_ET,ASIA_MORNING_LIT,TRAINABLE,UP,UP,0.00044925244095805894,0.0004038382765596,False,4.541416439845895e-05
2023-11-20,SOBTI_5_ET,ASIA_AFTERNOON_LIT,TRAINABLE,DOWN,DOWN,-0.0017720163122976196,-0.0018124444211318,False,4.0428108834180505e-05
2023-11-20,SOBTI_5_ET,EUROPE_LIT,TRAINABLE,DOWN,DOWN,-0.0023669362863213417,-0.0023467462201129,False,2.0190066208441732e-05
2023-11-20,SOBTI_5_ET,NY_LONDON_LIT,TRAINABLE,UP,UP,0.0026665771725864484,0.0026564888104474,False,1.008836213904846e-05
2023-11-20,SOBTI_5_ET,US_LATE_LIT,TRAINABLE,UP,UP,0.006213901045684755,0.0062037787389959,False,1.0122306688855297e-05
2023-11-21,SOBTI_5_ET,ASIA_MORNING_LIT,TRAINABLE,UP,UP,0.0010602508676289535,0.0010502512694017,False,9.999598227253444e-06
2023-11-21,SOBTI_5_ET,ASIA_AFTERNOON_LIT,TRAINABLE,UP,UP,0.000622634966029656,0.0006276612775402,False,5.02631151054402e-06
2023-11-21,SOBTI_5_ET,EUROPE_LIT,TRAINABLE,DOWN,DOWN,-0.0018065205537365348,-0.0017061778157421,False,0.00010034273799443467
2023-11-21,SOBTI_5_ET,NY_LONDON_LIT,TRAINABLE,UP,UP,0.005378560046648051,0.0054188109803607,False,4.025093371264922e-05
2023-11-21,SOBTI_5_ET,US_LATE_LIT,TRAINABLE,DOWN,DOWN,-0.0019748868637363692,-0.0019798914883394,False,5.004624603030614e-06
2023-11-22,SOBTI_5_ET,ASIA_MORNING_LIT,TRAINABLE,UP,UP,0.0005260270974014603,0.000531041650275,False,5.014552873539718e-06
2023-11-22,SOBTI_5_ET,ASIA_AFTERNOON_LIT,TRAINABLE,UP,UP,0.0015505431722839802,0.0015505431722839,False,8.023096076392733e-17
2023-11-22,SOBTI_5_ET,EUROPE_LIT,TRAINABLE,DOWN,DOWN,-0.00021476942438503066,-0.000214769424385,False,3.065581642702764e-17
2023-11-22,SOBTI_5_ET,NY_LONDON_LIT,TRAINABLE,DOWN,DOWN,-0.005389705172199721,-0.005404705547209,False,1.5000375009278227e-05
2023-11-22,SOBTI_5_ET,US_LATE_LIT,TRAINABLE,UP,UP,0.0012254096919839252,0.0012204426632111,False,4.967028772825304e-06
2023-11-23,SOBTI_5_ET,ASIA_MORNING_LIT,TRAINABLE,UP,UP,0.0015148276997483112,0.0015048455575499,False,9.982142198411209e-06
2023-11-23,SOBTI_5_ET,ASIA_AFTERNOON_LIT,TRAINABLE,DOWN,DOWN,-0.000541138043530287,-0.0005461537772756,False,5.0157337453129135e-06
2023-11-23,SOBTI_5_ET,EUROPE_LIT,TRAINABLE,DOWN,DOWN,-0.0010728856980993795,-0.0010779041727037,False,5.01847460432055e-06
2023-11-23,SOBTI_5_ET,NY_LONDON_LIT,TRAINABLE,UP,UP,0.00024089577050601108,0.000240895770506,False,1.1085967213664283e-17
2023-11-23,SOBTI_5_ET,US_LATE_LIT,EXCLUDE_START_BOUNDARY_MISSING,,DOWN,,-4.012122752317104e-05,False,
2023-11-24,SOBTI_5_ET,ASIA_MORNING_LIT,TRAINABLE,UP,UP,0.0001354923527758789,0.0001304694713177,False,5.022881458178888e-06
2023-11-24,SOBTI_5_ET,ASIA_AFTERNOON_LIT,TRAINABLE,UP,UP,0.00012543575838130927,0.0001454652601615,False,2.0029501780190743e-05
2023-11-24,SOBTI_5_ET,EUROPE_LIT,TRAINABLE,UP,UP,0.001103704829595431,0.0011187097210094,False,1.5004891413969e-05
2023-11-24,SOBTI_5_ET,NY_LONDON_LIT,EXCLUDE_END_BOUNDARY_MISSING,,,,,False,
2023-11-24,SOBTI_5_ET,US_LATE_LIT,NOT_ELIGIBLE_WEEKLY_CLOSE_FRIDAY,,,,,False,
2023-11-27,SOBTI_5_ET,ASIA_MORNING_LIT,TRAINABLE,DOWN,DOWN,-0.0008299542485189493,-0.0008249792723658,False,4.974976153149235e-06
2023-11-27,SOBTI_5_ET,ASIA_AFTERNOON_LIT,TRAINABLE,UP,UP,0.0014427915041124173,0.0013980287522941,False,4.4762751818317294e-05
2023-11-27,SOBTI_5_ET,EUROPE_LIT,TRAINABLE,UP,UP,0.0004620815428821867,0.0004769418825925,False,1.4860339710313268e-05
2023-11-27,SOBTI_5_ET,NY_LONDON_LIT,TRAINABLE,DOWN,DOWN,-0.0004767145174731091,-0.0004618016701047,False,1.4912847368409119e-05
2023-11-27,SOBTI_5_ET,US_LATE_LIT,TRAINABLE,UP,UP,0.001311630227878835,0.0013166034736546,False,4.973245775765104e-06
2023-11-28,SOBTI_5_ET,ASIA_MORNING_LIT,TRAINABLE,DOWN,DOWN,-0.00021337983718761055,-0.0002431205358065,False,2.9740698618889433e-05
2023-11-28,SOBTI_5_ET,ASIA_AFTERNOON_LIT,TRAINABLE,DOWN,DOWN,-0.0010171734765986873,-0.0010420082429094,False,2.483476631071264e-05
2023-11-28,SOBTI_5_ET,EUROPE_LIT,TRAINABLE,UP,UP,0.0005762062850986904,0.0005662669837314,False,9.939301367290431e-06
2023-11-28,SOBTI_5_ET,NY_LONDON_LIT,TRAINABLE,UP,UP,0.012609474039444235,0.0125746887973088,False,3.4785242135435684e-05
2023-11-28,SOBTI_5_ET,US_LATE_LIT,TRAINABLE,UP,UP,0.004520280175525082,0.0044860494825993,False,3.42306929257824e-05
2023-11-29,SOBTI_5_ET,ASIA_MORNING_LIT,TRAINABLE,DOWN,DOWN,-0.0023574704651548872,-0.0023574704651548,False,8.716985466783456e-17
2023-11-29,SOBTI_5_ET,ASIA_AFTERNOON_LIT,TRAINABLE,DOWN,DOWN,-0.0015010512786292063,-0.0015108351630851,False,9.783884455893694e-06
2023-11-29,SOBTI_5_ET,EUROPE_LIT,TRAINABLE,DOWN,DOWN,-0.00031341113022020917,-0.0003134111302202,False,9.161508357502512e-18
2023-11-29,SOBTI_5_ET,NY_LONDON_LIT,TRAINABLE,UP,UP,0.002767628269349398,0.0027774300299896,False,9.80176064020212e-06
2023-11-29,SOBTI_5_ET,US_LATE_LIT,TRAINABLE,DOWN,DOWN,-0.001831823901482954,-0.0018415985138213,False,9.774612338345982e-06
2023-11-30,SOBTI_5_ET,ASIA_MORNING_LIT,TRAINABLE,UP,UP,0.0009151499728390355,0.0009053524325013,False,9.797540337735575e-06
2023-11-30,SOBTI_5_ET,ASIA_AFTERNOON_LIT,TRAINABLE,DOWN,DOWN,-0.00015654433405021262,-0.0001516466663401,False,4.897667710112614e-06
2023-11-30,SOBTI_5_ET,EUROPE_LIT,TRAINABLE,DOWN,DOWN,-0.00252506946322939,-0.002485945794649,False,3.912366858039012e-05
2023-11-30,SOBTI_5_ET,NY_LONDON_LIT,TRAINABLE,DOWN,DOWN,-0.0014717137067085106,-0.0014668030886404,False,4.9106180681106944e-06
2023-11-30,SOBTI_5_ET,US_LATE_LIT,TRAINABLE,UP,UP,0.0031393648367528115,0.0031197524655421,False,1.961237121071149e-05
2023-12-01,SOBTI_5_ET,ASIA_MORNING_LIT,TRAINABLE,DOWN,DOWN,-0.0009256636074624902,-0.0009158585337482,False,9.805073714290197e-06
2023-12-01,SOBTI_5_ET,ASIA_AFTERNOON_LIT,TRAINABLE,DOWN,DOWN,-0.0004310260357799356,-0.0004408318780939,False,9.805842313964392e-06
2023-12-01,SOBTI_5_ET,EUROPE_LIT,TRAINABLE,DOWN,DOWN,-0.0022442643464835044,-0.0022687848636709,False,2.4520517187395438e-05
2023-12-01,SOBTI_5_ET,NY_LONDON_LIT,TRAINABLE,UP,UP,0.016595326463674898,0.0166002427010341,False,4.91623735920238e-06
2023-12-01,SOBTI_5_ET,US_LATE_LIT,NOT_ELIGIBLE_WEEKLY_CLOSE_FRIDAY,,,,,False,
2023-12-04,SOBTI_5_ET,ASIA_MORNING_LIT,TRAINABLE,DOWN,DOWN,-0.0012837094243172142,-0.0013075618257718,False,2.3852401454585708e-05
2023-12-04,SOBTI_5_ET,ASIA_AFTERNOON_LIT,TRAINABLE,DOWN,DOWN,-0.00923478414958534,-0.0092828050271632,False,4.802087757786039e-05
2023-12-04,SOBTI_5_ET,EUROPE_LIT,TRAINABLE,UP,UP,0.0022565613333063173,0.0022903698532479,False,3.38085199415826e-05
2023-12-04,SOBTI_5_ET,NY_LONDON_LIT,TRAINABLE,DOWN,DOWN,-0.021059013916919,-0.0210107166618412,False,4.829725507780186e-05
2023-12-04,SOBTI_5_ET,US_LATE_LIT,TRAINABLE,UP,UP,0.004594324865827781,0.0045893850711666,False,4.939794661181288e-06
2023-12-05,SOBTI_5_ET,ASIA_MORNING_LIT,TRAINABLE,UP,UP,0.0006828196856811797,0.0006877369132911,False,4.917227609920285e-06
2023-12-05,SOBTI_5_ET,ASIA_AFTERNOON_LIT,TRAINABLE,UP,UP,0.0019967393844129155,0.0019622837591688,False,3.445562524411567e-05
2023-12-05,SOBTI_5_ET,EUROPE_LIT,TRAINABLE,DOWN,DOWN,-0.0060569324764654375,-0.0060814989438431,False,2.4566467377662785e-05
2023-12-05,SOBTI_5_ET,NY_LONDON_LIT,TRAINABLE,DOWN,DOWN,-0.003382803541323809,-0.0033679714964781,False,1.4832044845708957e-05
2023-12-05,SOBTI_5_ET,US_LATE_LIT,TRAINABLE,UP,UP,0.001362654351574788,0.0013676094583079,False,4.9551067331119955e-06
2023-12-06,SOBTI_5_ET,ASIA_MORNING_LIT,TRAINABLE,UP,UP,0.0008808192470606269,0.0008758659593839,False,4.953287676726873e-06
2023-12-06,SOBTI_5_ET,ASIA_AFTERNOON_LIT,TRAINABLE,UP,UP,0.0030510027360262093,0.003041119146933,False,9.883589093209137e-06
2023-12-06,SOBTI_5_ET,EUROPE_LIT,TRAINABLE,DOWN,DOWN,-0.002707039299846614,-0.0027070392998466,False,1.431146867680866e-17
2023-12-06,SOBTI_5_ET,NY_LONDON_LIT,TRAINABLE,UP,UP,0.001450992979365573,0.0014805748651718,False,2.9581885806227075e-05
2023-12-06,SOBTI_5_ET,US_LATE_LIT,TRAINABLE,DOWN,DOWN,-0.001468520241413196,-0.0014882517666133,False,1.9731525200104155e-05
2023-12-07,SOBTI_5_ET,ASIA_MORNING_LIT,TRAINABLE,UP,UP,0.0001826060375862415,0.0001776658039749,False,4.940233611341497e-06
2023-12-07,SOBTI_5_ET,ASIA_AFTERNOON_LIT,TRAINABLE,UP,UP,0.001996386889955293,0.001937240345363,False,5.914654459229286e-05
2023-12-07,SOBTI_5_ET,EUROPE_LIT,TRAINABLE,UP,UP,0.0003296435142821075,0.0003591325481397,False,2.9489033857592513e-05
2023-12-07,SOBTI_5_ET,NY_LONDON_LIT,TRAINABLE,DOWN,DOWN,-0.0017065335697890038,-0.0017163744728293,False,9.840903040296079e-06
2023-12-07,SOBTI_5_ET,US_LATE_LIT,TRAINABLE,UP,UP,0.0011527691621726621,0.0012070142827931,False,5.4245120620437974e-05
2023-12-08,SOBTI_5_ET,ASIA_MORNING_LIT,TRAINABLE,DOWN,DOWN,-0.000619989550216582,-0.0006150641206785,False,4.925429538081994e-06
2023-12-08,SOBTI_5_ET,ASIA_AFTERNOON_LIT,TRAINABLE,DOWN,DOWN,-0.00037932767895576536,-0.0003201540980147,False,5.9173580941065365e-05
2023-12-08,SOBTI_5_ET,EUROPE_LIT,TRAINABLE,DOWN,DOWN,-0.0008525557696195118,-0.0008032335876756,False,4.932218194391184e-05
2023-12-08,SOBTI_5_ET,NY_LONDON_LIT,TRAINABLE,DOWN,DOWN,-0.01306912301080243,-0.0130691230108024,False,2.949029909160572e-17
2023-12-08,SOBTI_5_ET,US_LATE_LIT,NOT_ELIGIBLE_WEEKLY_CLOSE_FRIDAY,,,,,False,
2023-12-11,SOBTI_5_ET,ASIA_MORNING_LIT,TRAINABLE,DOWN,DOWN,-0.002762004346212432,-0.0027620043462124,False,3.209238430557093e-17
2023-12-11,SOBTI_5_ET,ASIA_AFTERNOON_LIT,TRAINABLE,DOWN,DOWN,-0.0007856124133396314,-0.0007605690068114,False,2.5043406528231418e-05
2023-12-11,SOBTI_5_ET,EUROPE_LIT,TRAINABLE,DOWN,DOWN,-0.0009514323866609553,-0.000946419893008,False,5.012493652955304e-06
2023-12-11,SOBTI_5_ET,NY_LONDON_LIT,TRAINABLE,DOWN,DOWN,-0.006786579253378222,-0.0067665102850956,False,2.0068968282622307e-05
2023-12-11,SOBTI_5_ET,US_LATE_LIT,TRAINABLE,UP,UP,0.0008730129893723682,0.0008175078975787,False,5.550509179366812e-05
2023-12-12,SOBTI_5_ET,ASIA_MORNING_LIT,TRAINABLE,UP,UP,0.0009681329590374155,0.0010084508229384,False,4.0317863900984604e-05
2023-12-12,SOBTI_5_ET,ASIA_AFTERNOON_LIT,TRAINABLE,DOWN,DOWN,-0.0009558598575488686,-0.0009709673151135,False,1.5107457564631356e-05
2023-12-12,SOBTI_5_ET,EUROPE_LIT,TRAINABLE,UP,UP,0.0012790823238459925,0.0011834296225443,False,9.56527013016926e-05
2023-12-12,SOBTI_5_ET,NY_LONDON_LIT,TRAINABLE,DOWN,DOWN,-0.004064055466203809,-0.0040640554662038,False,8.673617379884035e-18
2023-12-12,SOBTI_5_ET,US_LATE_LIT,TRAINABLE,UP,UP,7.071057103025247e-05,4.043937223907612e-05,False,3.0271198791176346e-05
2023-12-13,SOBTI_5_ET,ASIA_MORNING_LIT,TRAINABLE,DOWN,DOWN,-0.0004343544416579581,-0.0004090789622893,False,2.527547936865811e-05
2023-12-13,SOBTI_5_ET,ASIA_AFTERNOON_LIT,TRAINABLE,UP,UP,0.0032676555818995645,0.0032828692727013,False,1.5213690801735291e-05
2023-12-13,SOBTI_5_ET,EUROPE_LIT,TRAINABLE,UP,UP,0.0005958765103106778,0.0005049586969285,False,9.091781338217784e-05
2023-12-13,SOBTI_5_ET,NY_LONDON_LIT,TRAINABLE,UP,UP,0.012481313908029534,0.0123904995174553,False,9.081439057423424e-05
2023-12-13,SOBTI_5_ET,US_LATE_LIT,TRAINABLE,UP,UP,0.013230862602546578,0.0132209419183171,False,9.920684229478699e-06
2023-12-14,SOBTI_5_ET,ASIA_MORNING_LIT,TRAINABLE,DOWN,DOWN,-0.0007626584737810971,-0.000762658473781,False,9.703609443745265e-17
2023-12-14,SOBTI_5_ET,ASIA_AFTERNOON_LIT,TRAINABLE,UP,UP,0.0027030214732792768,0.0026833434769539,False,1.9677996325376864e-05
2023-12-14,SOBTI_5_ET,EUROPE_LIT,TRAINABLE,DOWN,DOWN,-0.0006763976533373794,-0.0006028663664144,False,7.353128692297946e-05
2023-12-14,SOBTI_5_ET,NY_LONDON_LIT,TRAINABLE,DOWN,DOWN,-0.0029131781073629126,-0.0029034198446457,False,9.75826271721247e-06
2023-12-14,SOBTI_5_ET,US_LATE_LIT,TRAINABLE,DOWN,DOWN,-0.00036397468835536184,-0.0003639746883553,False,6.185373394029803e-17
2023-12-15,SOBTI_5_ET,ASIA_MORNING_LIT,TRAINABLE,UP,UP,0.0019337657158782218,0.0019436164784973,False,9.85076261907818e-06
2023-12-15,SOBTI_5_ET,ASIA_AFTERNOON_LIT,TRAINABLE,UP,UP,0.001243015741094311,0.0013118065810493,False,6.879083995498902e-05
2023-12-15,SOBTI_5_ET,EUROPE_LIT,TRAINABLE,UP,UP,0.0015604008139531444,0.0017517775298721,False,0.00019137671591895546
2023-12-15,SOBTI_5_ET,NY_LONDON_LIT,TRAINABLE,DOWN,DOWN,-0.011990938468196877,-0.0119615777900687,False,2.9360678128175985e-05
2023-12-15,SOBTI_5_ET,US_LATE_LIT,NOT_ELIGIBLE_WEEKLY_CLOSE_FRIDAY,,,,,False,
2023-12-18,SOBTI_5_ET,ASIA_MORNING_LIT,TRAINABLE,UP,UP,0.0013815841288862263,0.0013815841288862,False,2.6237692574149207e-17
2023-12-18,SOBTI_5_ET,ASIA_AFTERNOON_LIT,TRAINABLE,UP,DOWN,9.882321249365944e-05,-9.894677239885574e-06,True,0.00010871788973354501
2023-12-18,SOBTI_5_ET,EUROPE_LIT,TRAINABLE,UP,UP,0.00019276030242298958,0.0001680233645593,False,2.473693786368957e-05
2023-12-18,SOBTI_5_ET,NY_LONDON_LIT,TRAINABLE,UP,UP,0.0018185439037767814,0.0017690783394197,False,4.946556435708152e-05
2023-12-18,SOBTI_5_ET,US_LATE_LIT,TRAINABLE,DOWN,DOWN,-0.0005129809050464784,-0.0005080430840029,False,4.937821043578391e-06
2023-12-19,SOBTI_5_ET,ASIA_MORNING_LIT,TRAINABLE,DOWN,DOWN,-0.0017273884421080687,-0.0017570254923791,False,2.9637050271031154e-05
2023-12-19,SOBTI_5_ET,ASIA_AFTERNOON_LIT,TRAINABLE,UP,UP,0.00136337118237706,0.001363371182377,False,6.006480035569695e-17
2023-12-19,SOBTI_5_ET,EUROPE_LIT,TRAINABLE,UP,UP,0.0012333091933671714,0.00128268588123,False,4.937668786282861e-05
2023-12-19,SOBTI_5_ET,NY_LONDON_LIT,TRAINABLE,UP,UP,0.0046361801743892705,0.0046460438466144,False,9.86367222512944e-06
2023-12-19,SOBTI_5_ET,US_LATE_LIT,TRAINABLE,DOWN,DOWN,-0.0003972026921351679,-0.0004413839490918,False,4.4181256956632095e-05
2023-12-20,SOBTI_5_ET,ASIA_MORNING_LIT,TRAINABLE,UP,UP,0.001040133476600369,0.0010499558691481,False,9.822392547731125e-06
2023-12-20,SOBTI_5_ET,ASIA_AFTERNOON_LIT,TRAINABLE,UP,UP,0.00025967323981035406,0.0002743889224574,False,1.471568264704593e-05
2023-12-20,SOBTI_5_ET,EUROPE_LIT,TRAINABLE,DOWN,DOWN,-0.003512592363037137,-0.0034929748755314,False,1.9617487505737153e-05
2023-12-20,SOBTI_5_ET,NY_LONDON_LIT,TRAINABLE,UP,UP,0.000983231000207585,0.0009635447491216,False,1.9686251085985e-05
2023-12-20,SOBTI_5_ET,US_LATE_LIT,TRAINABLE,DOWN,DOWN,-0.0002946735701190306,-0.0002750082339264,False,1.9665336192630628e-05
2023-12-21,SOBTI_5_ET,ASIA_MORNING_LIT,TRAINABLE,UP,UP,0.001012001901184556,0.0010611738529353,False,4.917195175074395e-05
2023-12-21,SOBTI_5_ET,ASIA_AFTERNOON_LIT,TRAINABLE,UP,UP,6.379770026287979e-05,9.821643184126928e-05,False,3.44187315783895e-05
2023-12-21,SOBTI_5_ET,EUROPE_LIT,TRAINABLE,UP,UP,0.0010215843683401005,0.0009823134415729,False,3.927092676720041e-05
2023-12-21,SOBTI_5_ET,NY_LONDON_LIT,TRAINABLE,UP,UP,0.002433727006080799,0.0024288153520894,False,4.911653991399034e-06
2023-12-21,SOBTI_5_ET,US_LATE_LIT,TRAINABLE,UP,UP,0.002829242918691355,0.0028782404526421,False,4.8997533950745006e-05
2023-12-22,SOBTI_5_ET,ASIA_MORNING_LIT,TRAINABLE,UP,UP,0.0005319302396116221,0.0004978524214644,False,3.407781814722215e-05
2023-12-22,SOBTI_5_ET,ASIA_AFTERNOON_LIT,TRAINABLE,UP,UP,0.0005564454417064102,0.0005613308232135,False,4.885381507089854e-06
2023-12-22,SOBTI_5_ET,EUROPE_LIT,TRAINABLE,UP,UP,0.004863114069628249,0.0048971715862189,False,3.4057516590650996e-05
2023-12-22,SOBTI_5_ET,NY_LONDON_LIT,TRAINABLE,DOWN,DOWN,-0.0037035377511058787,-0.0037035377511058,False,7.849623728795052e-17
2023-12-22,SOBTI_5_ET,US_LATE_LIT,NOT_ELIGIBLE_WEEKLY_CLOSE_FRIDAY,,,,,False,
2023-12-25,SOBTI_5_ET,ASIA_MORNING_LIT,EXCLUDE_BOTH_BOUNDARIES_MISSING,,,,,False,
2023-12-25,SOBTI_5_ET,ASIA_AFTERNOON_LIT,EXCLUDE_BOTH_BOUNDARIES_MISSING,,,,,False,
2023-12-25,SOBTI_5_ET,EUROPE_LIT,EXCLUDE_BOTH_BOUNDARIES_MISSING,,,,,False,
2023-12-25,SOBTI_5_ET,NY_LONDON_LIT,EXCLUDE_BOTH_BOUNDARIES_MISSING,,,,,False,
2023-12-25,SOBTI_5_ET,US_LATE_LIT,EXCLUDE_START_BOUNDARY_MISSING,,,,,False,
2023-12-26,SOBTI_5_ET,ASIA_MORNING_LIT,TRAINABLE,UP,UP,0.00031993022171428187,0.0003343623624114,False,1.4432140697118114e-05
2023-12-26,SOBTI_5_ET,ASIA_AFTERNOON_LIT,TRAINABLE,DOWN,DOWN,-0.00017929390184145966,-0.0002132372815617,False,3.394337972024034e-05
2023-12-26,SOBTI_5_ET,EUROPE_LIT,TRAINABLE,DOWN,DOWN,-0.0009641985559740718,-0.0010174283980132,False,5.322984203912822e-05
2023-12-26,SOBTI_5_ET,NY_LONDON_LIT,TRAINABLE,DOWN,DOWN,-0.0007081065772083228,-0.0006983965209905,False,9.710056217822837e-06
2023-12-26,SOBTI_5_ET,US_LATE_LIT,TRAINABLE,UP,UP,0.003077084230302729,0.0031353852848632,False,5.830105456047091e-05
2023-12-27,SOBTI_5_ET,ASIA_MORNING_LIT,TRAINABLE,DOWN,DOWN,-0.0010886394162802349,-0.0010886394162802,False,3.491130995403324e-17
2023-12-27,SOBTI_5_ET,ASIA_AFTERNOON_LIT,TRAINABLE,UP,UP,0.000251631904418792,0.0002516319044187,False,9.199455433539505e-17
2023-12-27,SOBTI_5_ET,EUROPE_LIT,TRAINABLE,UP,UP,0.00030471526260389403,0.0002950302439379,False,9.685018665994043e-06
2023-12-27,SOBTI_5_ET,NY_LONDON_LIT,TRAINABLE,UP,UP,0.004584750419564854,0.0045847504195648,False,5.377642775528102e-17
2023-12-27,SOBTI_5_ET,US_LATE_LIT,TRAINABLE,UP,UP,0.004761283573109898,0.0047709225103726,False,9.63893726270166e-06
2023-12-28,SOBTI_5_ET,ASIA_MORNING_LIT,TRAINABLE,DOWN,DOWN,-0.00013896727279039123,-0.0001389672727903,False,9.12356128146552e-17
2023-12-28,SOBTI_5_ET,ASIA_AFTERNOON_LIT,TRAINABLE,DOWN,DOWN,-0.003530061402029605,-0.0035300614020296,False,5.204170427930421e-18
2023-12-28,SOBTI_5_ET,EUROPE_LIT,TRAINABLE,DOWN,DOWN,-0.00047169982739991845,-0.0004188202349204,False,5.287959247951844e-05
2023-12-28,SOBTI_5_ET,NY_LONDON_LIT,TRAINABLE,DOWN,DOWN,-0.003452587900726667,-0.0034622282885932,False,9.640387866533158e-06
2023-12-28,SOBTI_5_ET,US_LATE_LIT,TRAINABLE,UP,UP,0.0006620568384581027,0.0006427090763556,False,1.9347762102502703e-05
2023-12-29,SOBTI_5_ET,ASIA_MORNING_LIT,TRAINABLE,DOWN,DOWN,-0.0007823567211225901,-0.0007920243886763,False,9.667667553709888e-06
2023-12-29,SOBTI_5_ET,ASIA_AFTERNOON_LIT,TRAINABLE,DOWN,DOWN,-0.00022194022104138345,-0.0002219402210413,False,8.34564622270717e-17
2023-12-29,SOBTI_5_ET,EUROPE_LIT,TRAINABLE,DOWN,DOWN,-0.003146743001398389,-0.0031660674190806,False,1.9324417682211117e-05
2023-12-29,SOBTI_5_ET,NY_LONDON_LIT,TRAINABLE,DOWN,DOWN,-0.0002130016582067018,-0.0002226945554137,False,9.692897206998205e-06
2023-12-29,SOBTI_5_ET,US_LATE_LIT,NOT_ELIGIBLE_WEEKLY_CLOSE_FRIDAY,,,,,False,
2024-01-01,SOBTI_5_ET,ASIA_MORNING_LIT,EXCLUDE_BOTH_BOUNDARIES_MISSING,,,,,False,
2024-01-01,SOBTI_5_ET,ASIA_AFTERNOON_LIT,EXCLUDE_BOTH_BOUNDARIES_MISSING,,,,,False,
2024-01-01,SOBTI_5_ET,EUROPE_LIT,EXCLUDE_BOTH_BOUNDARIES_MISSING,,,,,False,
2024-01-01,SOBTI_5_ET,NY_LONDON_LIT,EXCLUDE_BOTH_BOUNDARIES_MISSING,,,,,False,
2024-01-01,SOBTI_5_ET,US_LATE_LIT,EXCLUDE_START_BOUNDARY_MISSING,,,,,False,
2024-01-02,SOBTI_5_ET,ASIA_MORNING_LIT,TRAINABLE,UP,UP,0.0013790584356474511,0.0014806503479132,False,0.00010159191226574889
2024-01-02,SOBTI_5_ET,ASIA_AFTERNOON_LIT,TRAINABLE,DOWN,DOWN,-0.0015655181458750222,-0.0015462309623179,False,1.9287183557122186e-05
2024-01-02,SOBTI_5_ET,EUROPE_LIT,TRAINABLE,DOWN,DOWN,-0.00229160882064261,-0.0023205839164707,False,2.8975095828089915e-05
2024-01-02,SOBTI_5_ET,NY_LONDON_LIT,TRAINABLE,DOWN,DOWN,-0.0030416495844958202,-0.0030705716679242,False,2.8922083428379892e-05
2024-01-02,SOBTI_5_ET,US_LATE_LIT,TRAINABLE,UP,UP,0.00041222434325094426,0.0004946449591305,False,8.242061587955573e-05
2024-01-03,SOBTI_5_ET,ASIA_MORNING_LIT,TRAINABLE,UP,UP,0.0012508630384338026,0.0012314510217292,False,1.9412016704602663e-05
2024-01-03,SOBTI_5_ET,ASIA_AFTERNOON_LIT,TRAINABLE,DOWN,DOWN,-0.001990516902880546,-0.0018985237983629,False,9.19931045176459e-05
2024-01-03,SOBTI_5_ET,EUROPE_LIT,TRAINABLE,DOWN,DOWN,-0.0072981558788296486,-0.0072835838683135,False,1.4572010516148738e-05
2024-01-03,SOBTI_5_ET,NY_LONDON_LIT,TRAINABLE,DOWN,DOWN,-0.0033679018204625377,-0.0033630088452283,False,4.892975234237814e-06
2024-01-03,SOBTI_5_ET,US_LATE_LIT,TRAINABLE,UP,UP,0.0016822419574835656,0.0017018749964166,False,1.9633038933034334e-05
2024-01-04,SOBTI_5_ET,ASIA_MORNING_LIT,TRAINABLE,UP,UP,0.00046022287723146427,0.00047492631146,False,1.4703434228535749e-05
2024-01-04,SOBTI_5_ET,ASIA_AFTERNOON_LIT,TRAINABLE,UP,UP,0.00023447857980918307,0.0002442586980804,False,9.780118271216908e-06
2024-01-04,SOBTI_5_ET,EUROPE_LIT,TRAINABLE,DOWN,DOWN,-0.0007228199094372334,-0.0006935467924769,False,2.927311696033336e-05
2024-01-04,SOBTI_5_ET,NY_LONDON_LIT,TRAINABLE,DOWN,DOWN,-0.0015443680642144297,-0.0015639370962048,False,1.9569031990370302e-05
2024-01-04,SOBTI_5_ET,US_LATE_LIT,TRAINABLE,UP,UP,0.0016300241244999736,0.0016251242033338,False,4.899921166173554e-06
2024-01-05,SOBTI_5_ET,ASIA_MORNING_LIT,TRAINABLE,DOWN,DOWN,-4.885617896221994e-05,-5.375010490127341e-05,False,4.893925939053467e-06
2024-01-05,SOBTI_5_ET,ASIA_AFTERNOON_LIT,TRAINABLE,UP,UP,0.00012729364660035714,0.0001468912185145,False,1.9597571914142857e-05
2024-01-05,SOBTI_5_ET,EUROPE_LIT,TRAINABLE,DOWN,DOWN,-0.001292285463877052,-0.0012139507443933,False,7.833471948375209e-05
2024-01-05,SOBTI_5_ET,NY_LONDON_LIT,TRAINABLE,UP,UP,0.0034698541776720937,0.0034649483250517,False,4.905852620393485e-06
2024-01-05,SOBTI_5_ET,US_LATE_LIT,NOT_ELIGIBLE_WEEKLY_CLOSE_FRIDAY,,,,,False,
2024-01-08,SOBTI_5_ET,ASIA_MORNING_LIT,TRAINABLE,DOWN,DOWN,-0.003385774971797373,-0.0034444825156541,False,5.8707543856727305e-05
2024-01-08,SOBTI_5_ET,ASIA_AFTERNOON_LIT,TRAINABLE,DOWN,DOWN,-0.0012746249829185263,-0.0012942702651145,False,1.9645282195973612e-05
2024-01-08,SOBTI_5_ET,EUROPE_LIT,TRAINABLE,DOWN,DOWN,-0.0023110460334129224,-0.0023011810974443,False,9.864935968622538e-06
2024-01-08,SOBTI_5_ET,NY_LONDON_LIT,TRAINABLE,UP,UP,0.0017779961959460966,0.0017286170161532,False,4.93791797928965e-05
2024-01-08,SOBTI_5_ET,US_LATE_LIT,TRAINABLE,UP,UP,0.0020115765491834914,0.0020165118625827,False,4.935313399208677e-06
2024-01-09,SOBTI_5_ET,ASIA_MORNING_LIT,TRAINABLE,UP,UP,0.00033461594002193173,0.0003050636521639,False,2.9552287858031754e-05
2024-01-09,SOBTI_5_ET,ASIA_AFTERNOON_LIT,TRAINABLE,DOWN,DOWN,-0.0004673701183744994,-0.0004919322980142,False,2.4562179639700575e-05
2024-01-09,SOBTI_5_ET,EUROPE_LIT,TRAINABLE,UP,UP,0.0022590608756014596,0.0022984151417853,False,3.9354266183840286e-05
2024-01-09,SOBTI_5_ET,NY_LONDON_LIT,TRAINABLE,DOWN,DOWN,-0.003619004507098178,-0.0035845998750475,False,3.4404632050677886e-05
2024-01-09,SOBTI_5_ET,US_LATE_LIT,TRAINABLE,UP,UP,0.0013207074553496234,0.0013207074553496,False,2.3418766925686896e-17
2024-01-10,SOBTI_5_ET,ASIA_MORNING_LIT,TRAINABLE,DOWN,DOWN,-0.0011417919742283678,-0.0011762777879891,False,3.448581376073231e-05
2024-01-10,SOBTI_5_ET,ASIA_AFTERNOON_LIT,TRAINABLE,UP,UP,0.004185329595483012,0.0042050865694036,False,1.9756973920588387e-05
2024-01-10,SOBTI_5_ET,EUROPE_LIT,TRAINABLE,DOWN,DOWN,-0.0014990563367521803,-0.0015039761259781,False,4.919789225919791e-06
2024-01-10,SOBTI_5_ET,NY_LONDON_LIT,TRAINABLE,DOWN,DOWN,-0.004385709731060783,-0.0043709871995391,False,1.472253152168257e-05
2024-01-10,SOBTI_5_ET,US_LATE_LIT,TRAINABLE,UP,UP,0.0035102092131855667,0.0034261384146472,False,8.407079853836683e-05
2024-01-11,SOBTI_5_ET,ASIA_MORNING_LIT,TRAINABLE,UP,UP,0.001074116957277882,0.0010789897666076,False,4.872809329717993e-06
2024-01-11,SOBTI_5_ET,ASIA_AFTERNOON_LIT,TRAINABLE,DOWN,DOWN,-0.0005800074537980482,-0.000540706574177,False,3.9300879621048234e-05
2024-01-11,SOBTI_5_ET,EUROPE_LIT,TRAINABLE,DOWN,DOWN,-0.00047700472056499965,-0.0004868500090848,False,9.845288519800361e-06
2024-01-11,SOBTI_5_ET,NY_LONDON_LIT,TRAINABLE,DOWN,DOWN,-0.003901622221754164,-0.0037343577578171,False,0.00016726446393706398
2024-01-11,SOBTI_5_ET,US_LATE_LIT,TRAINABLE,UP,UP,0.004499027102840669,0.0045188006202836,False,1.9773517442931224e-05
2024-01-12,SOBTI_5_ET,ASIA_MORNING_LIT,TRAINABLE,DOWN,DOWN,-0.0002753445091836504,-0.0003048131006723,False,2.9468591488649614e-05
2024-01-12,SOBTI_5_ET,ASIA_AFTERNOON_LIT,TRAINABLE,UP,UP,0.0013556374507144309,0.0013507208269043,False,4.9166238101309295e-06
2024-01-12,SOBTI_5_ET,EUROPE_LIT,TRAINABLE,UP,UP,0.004488169041255929,0.0043017708417563,False,0.00018639819949962944
2024-01-12,SOBTI_5_ET,NY_LONDON_LIT,TRAINABLE,UP,UP,0.00040541742353350507,0.0004151953447211,False,9.777921187594939e-06
2024-01-12,SOBTI_5_ET,US_LATE_LIT,NOT_ELIGIBLE_WEEKLY_CLOSE_FRIDAY,,,,,False,
2024-01-15,SOBTI_5_ET,ASIA_MORNING_LIT,TRAINABLE,UP,UP,0.0012969178811104154,0.0012871574546775,False,9.760426432915388e-06
2024-01-15,SOBTI_5_ET,ASIA_AFTERNOON_LIT,TRAINABLE,UP,UP,7.78912576084867e-05,3.8945628804132326e-05,False,3.894562880435437e-05
2024-01-15,SOBTI_5_ET,EUROPE_LIT,TRAINABLE,DOWN,DOWN,-0.0016923667736052916,-0.0015367119039715,False,0.0001556548696337917
2024-01-15,SOBTI_5_ET,NY_LONDON_LIT,TRAINABLE,UP,UP,0.0008084816781201987,0.0008084816781201,False,9.86623976961809e-17
2024-01-15,SOBTI_5_ET,US_LATE_LIT,TRAINABLE,DOWN,DOWN,-0.0018542422762400923,-0.0018980863854316,False,4.3844109191507746e-05
2024-01-16,SOBTI_5_ET,ASIA_MORNING_LIT,TRAINABLE,DOWN,DOWN,-0.00045342977376117144,-0.0004534297737611,False,7.144892316679474e-17
2024-01-16,SOBTI_5_ET,ASIA_AFTERNOON_LIT,TRAINABLE,DOWN,DOWN,-0.0009368062249270892,-0.0009319222738259,False,4.883951101189248e-06
2024-01-16,SOBTI_5_ET,EUROPE_LIT,TRAINABLE,DOWN,DOWN,-0.004439252545257677,-0.0045271284608704,False,8.787591561272307e-05
2024-01-16,SOBTI_5_ET,NY_LONDON_LIT,TRAINABLE,DOWN,DOWN,-0.005239453660784044,-0.0052492751374895,False,9.821476705456494e-06
2024-01-16,SOBTI_5_ET,US_LATE_LIT,TRAINABLE,UP,UP,0.001267486684872532,0.0012576133804758,False,9.873304396731866e-06
2024-01-17,SOBTI_5_ET,ASIA_MORNING_LIT,TRAINABLE,DOWN,DOWN,-0.0027189002419364394,-0.0027090393387434,False,9.860903193039446e-06
2024-01-17,SOBTI_5_ET,ASIA_AFTERNOON_LIT,TRAINABLE,UP,UP,0.0031271620641870612,0.0030825787999568,False,4.458326423026132e-05
2024-01-17,SOBTI_5_ET,EUROPE_LIT,TRAINABLE,UP,UP,0.002159043751999601,0.0021985488993581,False,3.950514735849911e-05
2024-01-17,SOBTI_5_ET,NY_LONDON_LIT,TRAINABLE,DOWN,DOWN,-0.01139763573592989,-0.0113828365502557,False,1.4799185674188933e-05
2024-01-17,SOBTI_5_ET,US_LATE_LIT,TRAINABLE,UP,UP,0.0031963897158033827,0.0031864066701265,False,9.983045676882716e-06
2024-01-18,SOBTI_5_ET,ASIA_MORNING_LIT,TRAINABLE,DOWN,DOWN,-0.0015608089997304342,-0.0015657846680661,False,4.9756683356658345e-06
2024-01-18,SOBTI_5_ET,ASIA_AFTERNOON_LIT,TRAINABLE,DOWN,DOWN,-9.440233946278465e-05,-9.440233946278465e-05,False,0.0
2024-01-18,SOBTI_5_ET,EUROPE_LIT,TRAINABLE,UP,UP,0.0015755882342503025,0.0015010785675124,False,7.450966673790247e-05
2024-01-18,SOBTI_5_ET,NY_LONDON_LIT,TRAINABLE,UP,UP,0.0023574136470447815,0.0023672899694817,False,9.876322436918553e-06
2024-01-18,SOBTI_5_ET,US_LATE_LIT,TRAINABLE,UP,UP,0.002193435691421053,0.0021588011672721,False,3.463452414895294e-05
2024-01-19,SOBTI_5_ET,ASIA_MORNING_LIT,TRAINABLE,DOWN,DOWN,-0.0015513544250307376,-0.0015019584132822,False,4.9396011748537635e-05
2024-01-19,SOBTI_5_ET,ASIA_AFTERNOON_LIT,TRAINABLE,UP,UP,0.0016853209685829817,0.0016408589521854,False,4.446201639758175e-05
2024-01-19,SOBTI_5_ET,EUROPE_LIT,TRAINABLE,UP,UP,0.0030888869151592946,0.003143159546437,False,5.42726312777052e-05
2024-01-19,SOBTI_5_ET,NY_LONDON_LIT,TRAINABLE,DOWN,DOWN,-0.0021839458245438426,-0.0021790220423072,False,4.923782236642641e-06
2024-01-19,SOBTI_5_ET,US_LATE_LIT,NOT_ELIGIBLE_WEEKLY_CLOSE_FRIDAY,,,,,False,
2024-01-22,SOBTI_5_ET,ASIA_MORNING_LIT,TRAINABLE,DOWN,DOWN,-0.0012812580142380625,-0.001276325132938,False,4.932881300062468e-06
2024-01-22,SOBTI_5_ET,ASIA_AFTERNOON_LIT,TRAINABLE,UP,UP,0.00041492293603129227,0.0003556510535895,False,5.927188244179228e-05
2024-01-22,SOBTI_5_ET,EUROPE_LIT,TRAINABLE,UP,UP,0.002281341352611266,0.0022369143556926,False,4.442699691866586e-05
2024-01-22,SOBTI_5_ET,NY_LONDON_LIT,TRAINABLE,DOWN,DOWN,-0.0046461458414391865,-0.0045820904630642,False,6.405537837498622e-05
2024-01-22,SOBTI_5_ET,US_LATE_LIT,TRAINABLE,UP,UP,0.0006979137347282727,0.0006335634977461,False,6.435023698217262e-05
2024-01-23,SOBTI_5_ET,ASIA_MORNING_LIT,TRAINABLE,UP,UP,0.0028244386955080802,0.0028194872454405,False,4.951450067580427e-06
2024-01-23,SOBTI_5_ET,ASIA_AFTERNOON_LIT,TRAINABLE,DOWN,DOWN,-0.00024131068107391407,-0.0002216523639692,False,1.9658317104714076e-05
2024-01-23,SOBTI_5_ET,EUROPE_LIT,TRAINABLE,DOWN,DOWN,-0.0021575428051744394,-0.0020737829704636,False,8.37598347108396e-05
2024-01-23,SOBTI_5_ET,NY_LONDON_LIT,TRAINABLE,UP,UP,0.0012290955041758256,0.0013623758564178,False,0.00013328035224197446
2024-01-23,SOBTI_5_ET,US_LATE_LIT,TRAINABLE,DOWN,DOWN,-0.000635908783047312,-0.0006359087830473,False,1.2034644114589099e-17
2024-01-24,SOBTI_5_ET,ASIA_MORNING_LIT,TRAINABLE,DOWN,DOWN,-0.0015142674083337138,-0.0015093299283234,False,4.937480010313829e-06
2024-01-24,SOBTI_5_ET,ASIA_AFTERNOON_LIT,TRAINABLE,UP,UP,0.0015299778665558428,0.0017175247505005,False,0.0001875468839446573
2024-01-24,SOBTI_5_ET,EUROPE_LIT,TRAINABLE,UP,UP,0.0015569460517286249,0.0013795204993027,False,0.00017742555242592482
2024-01-24,SOBTI_5_ET,NY_LONDON_LIT,TRAINABLE,DOWN,DOWN,-0.00975179615885724,-0.0097517961588572,False,3.9898639947466563e-17
2024-01-24,SOBTI_5_ET,US_LATE_LIT,TRAINABLE,UP,UP,0.0018781588178593545,0.0018881060508193,False,9.947232959945556e-06
2024-01-25,SOBTI_5_ET,ASIA_MORNING_LIT,TRAINABLE,DOWN,DOWN,-0.00010418464200545596,-0.0001289463479047,False,2.476170589924405e-05
2024-01-25,SOBTI_5_ET,ASIA_AFTERNOON_LIT,TRAINABLE,DOWN,DOWN,-0.0009377059382875697,-0.0009575725684983,False,1.9866630210730392e-05
2024-01-25,SOBTI_5_ET,EUROPE_LIT,TRAINABLE,UP,UP,0.0001440469620510587,0.0002632363372259,False,0.0001191893751748413
2024-01-25,SOBTI_5_ET,NY_LONDON_LIT,TRAINABLE,UP,UP,0.0019115662675264211,0.0019413273441879,False,2.9761076661478925e-05
2024-01-25,SOBTI_5_ET,US_LATE_LIT,TRAINABLE,UP,UP,0.0020119725962479684,0.0019921306769774,False,1.9841919270568564e-05
2024-01-26,SOBTI_5_ET,ASIA_MORNING_LIT,TRAINABLE,UP,UP,6.92492975056247e-05,6.429670169616486e-05,False,4.9525958094598366e-06
2024-01-26,SOBTI_5_ET,ASIA_AFTERNOON_LIT,TRAINABLE,DOWN,DOWN,-0.0004795661073260238,-0.0003658620996528,False,0.00011370400767322377
2024-01-26,SOBTI_5_ET,EUROPE_LIT,TRAINABLE,DOWN,DOWN,-0.00026214216471809326,-0.0002472945971075,False,1.4847567610593254e-05
2024-01-26,SOBTI_5_ET,NY_LONDON_LIT,TRAINABLE,DOWN,DOWN,-0.0025329181054527528,-0.0025329181054527,False,5.2909066017292616e-17
2024-01-26,SOBTI_5_ET,US_LATE_LIT,NOT_ELIGIBLE_WEEKLY_CLOSE_FRIDAY,,,,,False,
2024-01-29,SOBTI_5_ET,ASIA_MORNING_LIT,TRAINABLE,UP,UP,0.0017446413299195829,0.0016556552416107,False,8.898608830888288e-05
2024-01-29,SOBTI_5_ET,ASIA_AFTERNOON_LIT,TRAINABLE,UP,UP,0.0021701808747278672,0.0022293673568272,False,5.918648209933281e-05
2024-01-29,SOBTI_5_ET,EUROPE_LIT,TRAINABLE,DOWN,DOWN,-0.0017372109303732675,-0.0016978016756915,False,3.9409254681767444e-05
2024-01-29,SOBTI_5_ET,NY_LONDON_LIT,TRAINABLE,DOWN,DOWN,-0.000956372965363439,-0.0009613075000599,False,4.934534696460994e-06
2024-01-29,SOBTI_5_ET,US_LATE_LIT,TRAINABLE,UP,UP,0.0022550268786545313,0.0022056370106022,False,4.938986805233135e-05
2024-01-30,SOBTI_5_ET,ASIA_MORNING_LIT,TRAINABLE,UP,UP,0.0009157610927652549,0.000960116313609,False,4.435522084374514e-05
2024-01-30,SOBTI_5_ET,ASIA_AFTERNOON_LIT,TRAINABLE,UP,UP,0.0013213248651122722,0.001277130720219,False,4.41941448932723e-05
2024-01-30,SOBTI_5_ET,EUROPE_LIT,TRAINABLE,DOWN,DOWN,-0.0011528564153432397,-0.0012264581300611,False,7.360171471786038e-05
2024-01-30,SOBTI_5_ET,NY_LONDON_LIT,TRAINABLE,DOWN,DOWN,-5.893736862538912e-05,-5.402060006187703e-05,False,4.916768563512086e-06
2024-01-30,SOBTI_5_ET,US_LATE_LIT,TRAINABLE,DOWN,DOWN,-0.0005256314455545086,-0.0005354655139239,False,9.834068369391435e-06
2024-01-31,SOBTI_5_ET,ASIA_MORNING_LIT,TRAINABLE,DOWN,DOWN,-0.0004078999869631117,-0.0004029803184656,False,4.9196684975116715e-06
2024-01-31,SOBTI_5_ET,ASIA_AFTERNOON_LIT,TRAINABLE,UP,UP,0.0019610878306302038,0.0019610878306302,False,3.903127820947816e-18
2024-01-31,SOBTI_5_ET,EUROPE_LIT,TRAINABLE,DOWN,DOWN,-2.9402964563551848e-05,-9.761744991898524e-06,False,1.9641219571653323e-05
2024-01-31,SOBTI_5_ET,NY_LONDON_LIT,TRAINABLE,UP,UP,0.001967089304478975,0.0020651737248245,False,9.80844203455249e-05
2024-01-31,SOBTI_5_ET,US_LATE_LIT,TRAINABLE,DOWN,DOWN,-0.0006413186050181485,-0.0006462188380121,False,4.900232993951454e-06
2024-02-01,SOBTI_5_ET,ASIA_MORNING_LIT,TRAINABLE,UP,UP,0.001969208067909234,0.0019398464399593,False,2.9361627949933905e-05
2024-02-01,SOBTI_5_ET,ASIA_AFTERNOON_LIT,TRAINABLE,DOWN,DOWN,-0.0011794553177816303,-0.0012675116966501,False,8.805637886846979e-05
2024-02-01,SOBTI_5_ET,EUROPE_LIT,TRAINABLE,DOWN,DOWN,-0.0031605627160441463,-0.0032291744093907,False,6.861169334655389e-05
2024-02-01,SOBTI_5_ET,NY_LONDON_LIT,TRAINABLE,UP,UP,0.010923300197656971,0.0109872722341344,False,6.39720364774294e-05
2024-02-01,SOBTI_5_ET,US_LATE_LIT,TRAINABLE,DOWN,DOWN,-0.0008509520855527475,-0.0008509520855527,False,4.7488055154865094e-17
2024-02-02,SOBTI_5_ET,ASIA_MORNING_LIT,TRAINABLE,DOWN,DOWN,-2.435795710109545e-05,-1.948636568094297e-05,False,4.87159142015248e-06
2024-02-02,SOBTI_5_ET,ASIA_AFTERNOON_LIT,TRAINABLE,DOWN,DOWN,-0.00019452849190326749,-0.0001945284919032,False,6.749158523722265e-17
2024-02-02,SOBTI_5_ET,EUROPE_LIT,TRAINABLE,DOWN,FLAT,-3.409168163515108e-05,0.0,True,3.409168163515108e-05
2024-02-02,SOBTI_5_ET,NY_LONDON_LIT,TRAINABLE,DOWN,DOWN,-0.008796636667560032,-0.0087820259468592,False,1.4610720700832316e-05
2024-02-02,SOBTI_5_ET,US_LATE_LIT,NOT_ELIGIBLE_WEEKLY_CLOSE_FRIDAY,,,,,False,
2024-02-05,SOBTI_5_ET,ASIA_MORNING_LIT,TRAINABLE,DOWN,DOWN,-0.002566269413675437,-0.0025417106612223,False,2.455875245313717e-05
2024-02-05,SOBTI_5_ET,ASIA_AFTERNOON_LIT,TRAINABLE,DOWN,DOWN,-0.0036588205090531956,-0.0036736085864491,False,1.478807739590431e-05
2024-02-05,SOBTI_5_ET,EUROPE_LIT,TRAINABLE,DOWN,DOWN,-0.0002223919200723401,-0.0002619721955682,False,3.95802754958599e-05
2024-02-05,SOBTI_5_ET,NY_LONDON_LIT,TRAINABLE,UP,UP,0.001888599443530925,0.0018490087963862,False,3.9590647144725115e-05
2024-02-05,SOBTI_5_ET,US_LATE_LIT,TRAINABLE,UP,UP,0.0003799865886970899,0.0004096247727924,False,2.9638184095310085e-05
2024-02-06,SOBTI_5_ET,ASIA_MORNING_LIT,TRAINABLE,DOWN,DOWN,-0.0009372308480150027,-0.0010260498007068,False,8.881895269179725e-05
2024-02-06,SOBTI_5_ET,ASIA_AFTERNOON_LIT,TRAINABLE,DOWN,DOWN,-0.0006905884503874971,-0.0005820795989227,False,0.0001085088514647971
2024-02-06,SOBTI_5_ET,EUROPE_LIT,TRAINABLE,UP,UP,0.0008488983870649225,0.0008488983870649,False,2.2442984970449942e-17
2024-02-06,SOBTI_5_ET,NY_LONDON_LIT,TRAINABLE,UP,UP,0.004142348570040255,0.0041374122830808,False,4.936286959454986e-06
2024-02-06,SOBTI_5_ET,US_LATE_LIT,TRAINABLE,DOWN,DOWN,-0.0005598650502141034,-0.0005843843827503,False,2.4519332536196577e-05
2024-02-07,SOBTI_5_ET,ASIA_MORNING_LIT,TRAINABLE,UP,UP,7.36599757877876e-05,6.388129840617651e-05,False,9.77867738161109e-06
2024-02-07,SOBTI_5_ET,ASIA_AFTERNOON_LIT,TRAINABLE,UP,UP,1.9639290098183437e-05,8.35998137869165e-05,False,6.396052368873306e-05
2024-02-07,SOBTI_5_ET,EUROPE_LIT,TRAINABLE,UP,UP,0.0003443819767394718,0.0003443819767394,False,7.177418381854039e-17
2024-02-07,SOBTI_5_ET,NY_LONDON_LIT,TRAINABLE,UP,UP,0.0010277546774168922,0.0010719930209244,False,4.423834350750786e-05
2024-02-07,SOBTI_5_ET,US_LATE_LIT,TRAINABLE,UP,UP,0.0007908739612396687,0.0007368436709913,False,5.4030290248368684e-05
2024-02-08,SOBTI_5_ET,ASIA_MORNING_LIT,TRAINABLE,DOWN,DOWN,-0.0017818487398323368,-0.0017965305844076,False,1.4681844575263137e-05
2024-02-08,SOBTI_5_ET,ASIA_AFTERNOON_LIT,TRAINABLE,DOWN,DOWN,-0.0014802187445239756,-0.001504772590496,False,2.4553845972024278e-05
2024-02-08,SOBTI_5_ET,EUROPE_LIT,TRAINABLE,DOWN,DOWN,-0.0026644749470684514,-0.0027235757272209,False,5.9100780152448584e-05
2024-02-08,SOBTI_5_ET,NY_LONDON_LIT,TRAINABLE,UP,UP,0.0038717812842927746,0.0038717812842927,False,7.45931094670027e-17
2024-02-08,SOBTI_5_ET,US_LATE_LIT,TRAINABLE,UP,UP,0.0007477690248027802,0.0007379202492099,False,9.848775592880194e-06
2024-02-09,SOBTI_5_ET,ASIA_MORNING_LIT,TRAINABLE,DOWN,DOWN,-0.0004129158821619683,-0.0004227573955027,False,9.841513340731701e-06
2024-02-09,SOBTI_5_ET,ASIA_AFTERNOON_LIT,TRAINABLE,DOWN,DOWN,-0.0001426540792426323,-0.0001328073868331,False,9.846692409532285e-06
2024-02-09,SOBTI_5_ET,EUROPE_LIT,TRAINABLE,DOWN,DOWN,-0.0019774804271978086,-0.0020020955088583,False,2.461508166049127e-05
2024-02-09,SOBTI_5_ET,NY_LONDON_LIT,TRAINABLE,DOWN,DOWN,-0.0018039560101922314,-0.0018138237666798,False,9.867756487568543e-06
2024-02-09,SOBTI_5_ET,US_LATE_LIT,NOT_ELIGIBLE_WEEKLY_CLOSE_FRIDAY,,,,,False,
2024-02-12,SOBTI_5_ET,ASIA_MORNING_LIT,TRAINABLE,UP,UP,0.0001334321633341684,0.0001284856558347,False,4.946507499468397e-06
2024-02-12,SOBTI_5_ET,ASIA_AFTERNOON_LIT,TRAINABLE,UP,UP,0.0009829877796962982,0.0009879323812644,False,4.944601568101755e-06
2024-02-12,SOBTI_5_ET,EUROPE_LIT,TRAINABLE,DOWN,DOWN,-0.002447693666998152,-0.0024378142240832,False,9.879442914952075e-06
2024-02-12,SOBTI_5_ET,NY_LONDON_LIT,TRAINABLE,DOWN,DOWN,-0.0012169048633280388,-0.0011328475586466,False,8.405730468143873e-05
2024-02-12,SOBTI_5_ET,US_LATE_LIT,TRAINABLE,UP,UP,0.000559632541591526,0.0005893720431204,False,2.9739501528874075e-05
2024-02-13,SOBTI_5_ET,ASIA_MORNING_LIT,TRAINABLE,DOWN,DOWN,-0.0004949539420856519,-0.0004999084310459,False,4.954488960248098e-06
2024-02-13,SOBTI_5_ET,ASIA_AFTERNOON_LIT,TRAINABLE,UP,UP,0.0015779175317063299,0.0015878201382355,False,9.902606529170205e-06
2024-02-13,SOBTI_5_ET,EUROPE_LIT,TRAINABLE,UP,UP,0.001708711524433637,0.0016988246165359,False,9.886907897736991e-06
2024-02-13,SOBTI_5_ET,NY_LONDON_LIT,TRAINABLE,DOWN,DOWN,-0.017960470403785456,-0.0179752756141762,False,1.4805210390742701e-05
2024-02-13,SOBTI_5_ET,US_LATE_LIT,TRAINABLE,UP,UP,0.0004970178926440028,0.0005020382753981,False,5.020382754097191e-06
2024-02-14,SOBTI_5_ET,ASIA_MORNING_LIT,TRAINABLE,DOWN,DOWN,-0.00018565593512909206,-0.0001705872907551,False,1.506864437399207e-05
2024-02-14,SOBTI_5_ET,ASIA_AFTERNOON_LIT,TRAINABLE,DOWN,DOWN,-0.0024443496619002136,-0.0024945316083471,False,5.018194644688641e-05
2024-02-14,SOBTI_5_ET,EUROPE_LIT,TRAINABLE,UP,UP,0.001484346224677635,0.0014994565709627,False,1.5110346285064895e-05
2024-02-14,SOBTI_5_ET,NY_LONDON_LIT,TRAINABLE,UP,UP,0.00013565887646294073,0.0001858909955279,False,5.023211906495927e-05
2024-02-14,SOBTI_5_ET,US_LATE_LIT,TRAINABLE,UP,UP,0.0009393539147886099,0.0009092443566856,False,3.010955810300983e-05
2024-02-15,SOBTI_5_ET,ASIA_MORNING_LIT,TRAINABLE,DOWN,DOWN,-0.0005169431877515285,-0.0004868609817246,False,3.0082206026928497e-05
2024-02-15,SOBTI_5_ET,ASIA_AFTERNOON_LIT,TRAINABLE,UP,UP,0.00178215595472353,0.0017771306778568,False,5.025276866729928e-06
2024-02-15,SOBTI_5_ET,EUROPE_LIT,TRAINABLE,UP,UP,0.0012979844542586605,0.0011576520993696,False,0.0001403323548890606
2024-02-15,SOBTI_5_ET,NY_LONDON_LIT,TRAINABLE,UP,UP,0.0030883880644256845,0.0030984091877224,False,1.0021123296715534e-05
2024-02-15,SOBTI_5_ET,US_LATE_LIT,TRAINABLE,UP,UP,0.0008083953473614347,0.0008133904321929,False,4.995084831465246e-06
2024-02-16,SOBTI_5_ET,ASIA_MORNING_LIT,TRAINABLE,DOWN,DOWN,-0.0008775478747262699,-0.0008825388999056,False,4.9910251793300634e-06
2024-02-16,SOBTI_5_ET,ASIA_AFTERNOON_LIT,TRAINABLE,UP,UP,0.0009535224649623864,0.0009435281560772,False,9.994308885186349e-06
2024-02-16,SOBTI_5_ET,EUROPE_LIT,TRAINABLE,UP,UP,0.00093264987204833,0.0008528356060846,False,7.981426596373009e-05
2024-02-16,SOBTI_5_ET,NY_LONDON_LIT,TRAINABLE,UP,UP,0.004026411015011444,0.0040313992048366,False,4.988189825155635e-06
2024-02-16,SOBTI_5_ET,US_LATE_LIT,NOT_ELIGIBLE_WEEKLY_CLOSE_FRIDAY,,,,,False,
2024-02-19,SOBTI_5_ET,ASIA_MORNING_LIT,TRAINABLE,DOWN,DOWN,-0.00027730510212820025,-0.0003020869489519,False,2.4781846823699737e-05
2024-02-19,SOBTI_5_ET,ASIA_AFTERNOON_LIT,TRAINABLE,DOWN,DOWN,-0.000687524727526867,-0.0007221232949403,False,3.459856741343302e-05
2024-02-19,SOBTI_5_ET,EUROPE_LIT,TRAINABLE,DOWN,DOWN,-0.001697792365049966,-0.0017373706445238,False,3.9578279473834015e-05
2024-02-19,SOBTI_5_ET,NY_LONDON_LIT,TRAINABLE,UP,UP,0.0005454063031766765,0.0005454063031766,False,7.643625316022806e-17
2024-02-19,SOBTI_5_ET,US_LATE_LIT,EXCLUDE_START_BOUNDARY_MISSING,,DOWN,,-0.000421217705518,False,
2024-02-20,SOBTI_5_ET,ASIA_MORNING_LIT,TRAINABLE,UP,UP,0.001150175978236856,0.0011650591731262,False,1.488319488934407e-05
2024-02-20,SOBTI_5_ET,ASIA_AFTERNOON_LIT,TRAINABLE,UP,UP,0.0013963535640013625,0.0013963535640013,False,6.245004513516506e-17
2024-02-20,SOBTI_5_ET,EUROPE_LIT,TRAINABLE,UP,UP,0.0021757181503656575,0.0021707684140723,False,4.949736293357633e-06
2024-02-20,SOBTI_5_ET,NY_LONDON_LIT,TRAINABLE,UP,UP,0.00034542019142391744,0.0003454201914239,False,1.745565497701662e-17
2024-02-20,SOBTI_5_ET,US_LATE_LIT,TRAINABLE,DOWN,DOWN,-0.0009815380931126327,-0.0009914127118917,False,9.874618779067259e-06
2024-02-21,SOBTI_5_ET,ASIA_MORNING_LIT,TRAINABLE,UP,UP,0.0027796885157125306,0.0027846307248711,False,4.942209158569338e-06
2024-02-21,SOBTI_5_ET,ASIA_AFTERNOON_LIT,TRAINABLE,DOWN,DOWN,-0.001354319513935831,-0.0013346597193917,False,1.9659794544131005e-05
2024-02-21,SOBTI_5_ET,EUROPE_LIT,TRAINABLE,UP,UP,0.0008334327992667312,0.0008334327992667,False,3.122502256758253e-17
2024-02-21,SOBTI_5_ET,NY_LONDON_LIT,TRAINABLE,DOWN,DOWN,-0.002232069629941269,-0.0022764003086798,False,4.433067873853107e-05
2024-02-21,SOBTI_5_ET,US_LATE_LIT,TRAINABLE,UP,UP,0.0010913970952501906,0.0010667385938392,False,2.465850141099052e-05
2024-02-22,SOBTI_5_ET,ASIA_MORNING_LIT,TRAINABLE,UP,UP,0.00019728127848228638,0.0001923430922872,False,4.93818619508638e-06
2024-02-22,SOBTI_5_ET,ASIA_AFTERNOON_LIT,TRAINABLE,UP,UP,0.0018818635589779031,0.0018818635589779,False,3.0357660829594124e-18
2024-02-22,SOBTI_5_ET,EUROPE_LIT,TRAINABLE,DOWN,DOWN,-0.002674878045222262,-0.0026748780452222,False,6.201636426617085e-17
2024-02-22,SOBTI_5_ET,NY_LONDON_LIT,TRAINABLE,DOWN,DOWN,-0.002563673448067294,-0.0025686085669078,False,4.935118840505761e-06
2024-02-22,SOBTI_5_ET,US_LATE_LIT,TRAINABLE,UP,UP,0.0018832638951082892,0.0018980480641095,False,1.478416900121092e-05
2024-02-23,SOBTI_5_ET,ASIA_MORNING_LIT,TRAINABLE,DOWN,DOWN,-0.00034038334296315753,-0.0003650756152119,False,2.469227224874247e-05
2024-02-23,SOBTI_5_ET,ASIA_AFTERNOON_LIT,TRAINABLE,UP,UP,0.00047041928270208366,0.0004060384551469,False,6.438082755518367e-05
2024-02-23,SOBTI_5_ET,EUROPE_LIT,TRAINABLE,UP,UP,0.003920404392026677,0.0039005876399105,False,1.9816752116177255e-05
2024-02-23,SOBTI_5_ET,NY_LONDON_LIT,TRAINABLE,UP,UP,0.005197024873994316,0.0051378608319587,False,5.916404203561588e-05
2024-02-23,SOBTI_5_ET,US_LATE_LIT,NOT_ELIGIBLE_WEEKLY_CLOSE_FRIDAY,,,,,False,
2024-02-26,SOBTI_5_ET,ASIA_MORNING_LIT,TRAINABLE,UP,UP,0.00047756396996190276,0.0005021439254506,False,2.457995548869722e-05
2024-02-26,SOBTI_5_ET,ASIA_AFTERNOON_LIT,TRAINABLE,UP,UP,0.0014508422204819738,0.0014508422204819,False,7.37257477290143e-17
2024-02-26,SOBTI_5_ET,EUROPE_LIT,TRAINABLE,DOWN,DOWN,-0.001654962391225312,-0.0016501055431393,False,4.856848086011922e-06
2024-02-26,SOBTI_5_ET,NY_LONDON_LIT,TRAINABLE,DOWN,DOWN,-0.0020216927805549734,-0.0020266166840127,False,4.923903457726593e-06
2024-02-26,SOBTI_5_ET,US_LATE_LIT,TRAINABLE,UP,UP,0.002365931979326108,0.002420140831127,False,5.420885180089201e-05
2024-02-27,SOBTI_5_ET,ASIA_MORNING_LIT,TRAINABLE,UP,UP,0.00015245829242283016,0.0001917757046585,False,3.931741223566984e-05
2024-02-27,SOBTI_5_ET,ASIA_AFTERNOON_LIT,TRAINABLE,UP,UP,0.0017502851292030552,0.0017305990062421,False,1.9686122960955316e-05
2024-02-27,SOBTI_5_ET,EUROPE_LIT,TRAINABLE,UP,UP,0.0005006380703422852,0.0004613927417169,False,3.924532862538524e-05
2024-02-27,SOBTI_5_ET,NY_LONDON_LIT,TRAINABLE,DOWN,DOWN,-0.0036254329418460296,-0.003645075991719,False,1.9643049872970515e-05
2024-02-27,SOBTI_5_ET,US_LATE_LIT,TRAINABLE,UP,UP,0.0012605234314120306,0.001260523431412,False,3.0574501264091225e-17
2024-02-28,SOBTI_5_ET,ASIA_MORNING_LIT,TRAINABLE,DOWN,DOWN,-0.0013474189881169663,-0.0013523415112178,False,4.922523100833786e-06
2024-02-28,SOBTI_5_ET,ASIA_AFTERNOON_LIT,TRAINABLE,DOWN,DOWN,-0.0012110155271207734,-0.0012110155271207,False,7.35089072945172e-17
2024-02-28,SOBTI_5_ET,EUROPE_LIT,TRAINABLE,UP,UP,0.00039432982263121197,0.0003745995306456,False,1.9730291985611988e-05
2024-02-28,SOBTI_5_ET,NY_LONDON_LIT,TRAINABLE,UP,UP,0.0011874286812310064,0.0011677013431086,False,1.9727338122406358e-05
2024-02-28,SOBTI_5_ET,US_LATE_LIT,TRAINABLE,UP,UP,0.00222443024928487,0.0022490612761334,False,2.463102684853013e-05
2024-02-29,SOBTI_5_ET,ASIA_MORNING_LIT,TRAINABLE,DOWN,DOWN,-0.0002406577687671385,-0.0002700877871483,False,2.9430018381161496e-05
2024-02-29,SOBTI_5_ET,ASIA_AFTERNOON_LIT,TRAINABLE,UP,UP,0.0002455228937159326,0.0002210049775492,False,2.4517916166732616e-05
2024-02-29,SOBTI_5_ET,EUROPE_LIT,TRAINABLE,DOWN,DOWN,-0.0032450856539267825,-0.0032402302841499,False,4.855369776882515e-06
2024-02-29,SOBTI_5_ET,NY_LONDON_LIT,TRAINABLE,UP,UP,0.007974142203547752,0.0079494909164439,False,2.4651287103851643e-05
2024-02-29,SOBTI_5_ET,US_LATE_LIT,TRAINABLE,DOWN,DOWN,-0.0009968042570448477,-0.001021256238016,False,2.4451980971152386e-05
2024-03-01,SOBTI_5_ET,ASIA_MORNING_LIT,TRAINABLE,UP,UP,0.000997877096611699,0.0009831879747796,False,1.4689121832098901e-05
2024-03-01,SOBTI_5_ET,ASIA_AFTERNOON_LIT,TRAINABLE,DOWN,DOWN,-0.002636990852695753,-0.0026418790252495,False,4.8881725537471e-06
2024-03-01,SOBTI_5_ET,EUROPE_LIT,TRAINABLE,UP,UP,0.0049206713462137674,0.0049206713462137,False,6.765421556309548e-17
2024-03-01,SOBTI_5_ET,NY_LONDON_LIT,TRAINABLE,UP,UP,0.016010266297974862,0.0160395290300188,False,2.9262732043938006e-05
2024-03-01,SOBTI_5_ET,US_LATE_LIT,NOT_ELIGIBLE_WEEKLY_CLOSE_FRIDAY,,,,,False,
2024-03-04,SOBTI_5_ET,ASIA_MORNING_LIT,TRAINABLE,UP,UP,0.00022111442381067548,0.0002163023632351,False,4.812060575575488e-06
2024-03-04,SOBTI_5_ET,ASIA_AFTERNOON_LIT,TRAINABLE,UP,UP,0.0017053446434487363,0.0016861105482885,False,1.9234095160236163e-05
2024-03-04,SOBTI_5_ET,EUROPE_LIT,TRAINABLE,DOWN,DOWN,-0.0012373119630670892,-0.0012515933614191,False,1.4281398352010768e-05
2024-03-04,SOBTI_5_ET,NY_LONDON_LIT,TRAINABLE,UP,UP,0.016152676946192157,0.0161046124916914,False,4.8064454500756915e-05
2024-03-04,SOBTI_5_ET,US_LATE_LIT,TRAINABLE,DOWN,DOWN,-0.0016019063512076048,-0.0016113668838948,False,9.460532687195116e-06
2024-03-05,SOBTI_5_ET,ASIA_MORNING_LIT,TRAINABLE,UP,UP,0.0006957614483493746,0.0006720719441486,False,2.368950420077458e-05
2024-03-05,SOBTI_5_ET,ASIA_AFTERNOON_LIT,TRAINABLE,UP,UP,0.002069338868654791,0.0020646094965999,False,4.7293720548909936e-06
2024-03-05,SOBTI_5_ET,EUROPE_LIT,TRAINABLE,UP,UP,0.0016596587893880077,0.0017257335795155,False,6.607479012749225e-05
2024-03-05,SOBTI_5_ET,NY_LONDON_LIT,TRAINABLE,UP,UP,0.0043208005361634605,0.0043066660449309,False,1.4134491232560553e-05
2024-03-05,SOBTI_5_ET,US_LATE_LIT,TRAINABLE,DOWN,DOWN,-0.0038429940097810533,-0.0038383027165368,False,4.691293244253342e-06
2024-03-06,SOBTI_5_ET,ASIA_MORNING_LIT,TRAINABLE,UP,UP,3.755733721733101e-05,3.296558460252896e-05,False,4.591752614802047e-06
2024-03-06,SOBTI_5_ET,ASIA_AFTERNOON_LIT,TRAINABLE,UP,UP,0.000771404343137716,0.0007150174887682,False,5.6386854369515956e-05
2024-03-06,SOBTI_5_ET,EUROPE_LIT,TRAINABLE,UP,UP,0.00325280492329183,0.0031775194811891,False,7.528544210272988e-05
2024-03-06,SOBTI_5_ET,NY_LONDON_LIT,TRAINABLE,UP,UP,0.003378524459814125,0.0032894061724115,False,8.911828740262515e-05
2024-03-06,SOBTI_5_ET,US_LATE_LIT,TRAINABLE,UP,UP,0.002405319683596252,0.002414669799625,False,9.350116028747791e-06
2024-03-07,SOBTI_5_ET,ASIA_MORNING_LIT,TRAINABLE,UP,UP,0.005763292331325109,0.0059357358569542,False,0.00017244352562909016
2024-03-07,SOBTI_5_ET,ASIA_AFTERNOON_LIT,TRAINABLE,UP,UP,0.0015877213492021536,0.0016434878842281,False,5.576653502594635e-05
2024-03-07,SOBTI_5_ET,EUROPE_LIT,TRAINABLE,UP,UP,0.0005052513950716264,0.000449576361289,False,5.567503378262642e-05
2024-03-07,SOBTI_5_ET,NY_LONDON_LIT,TRAINABLE,UP,UP,0.00028265593207588147,0.0002780175042644,False,4.63842781148145e-06
2024-03-07,SOBTI_5_ET,US_LATE_LIT,TRAINABLE,DOWN,DOWN,-0.0005743104499861262,-0.0005605176026355,False,1.379284735062629e-05
2024-03-08,SOBTI_5_ET,ASIA_MORNING_LIT,TRAINABLE,DOWN,DOWN,-0.00016676553840433428,-0.0001899596005315,False,2.3194062127165725e-05
2024-03-08,SOBTI_5_ET,ASIA_AFTERNOON_LIT,TRAINABLE,UP,UP,0.002797635946582444,0.003260817638522,False,0.000463181691939556
2024-03-08,SOBTI_5_ET,EUROPE_LIT,TRAINABLE,UP,DOWN,2.3105972954073906e-05,-1.8485517045196964e-05,True,4.159148999927087e-05
2024-03-08,SOBTI_5_ET,NY_LONDON_LIT,TRAINABLE,UP,UP,0.004178269921035982,0.0042152421002523,False,3.69721792163177e-05
2024-03-08,SOBTI_5_ET,US_LATE_LIT,NOT_ELIGIBLE_WEEKLY_CLOSE_FRIDAY,,,,,False,
2024-03-11,SOBTI_5_ET,ASIA_MORNING_LIT,TRAINABLE,DOWN,DOWN,-0.003713294002448464,-0.003672096254548,False,4.119774790046398e-05
2024-03-11,SOBTI_5_ET,ASIA_AFTERNOON_LIT,TRAINABLE,DOWN,DOWN,-9.626909260018746e-05,-9.16793916241332e-05,False,4.589700976054254e-06
2024-03-11,SOBTI_5_ET,EUROPE_LIT,TRAINABLE,DOWN,DOWN,-0.000820829332567552,-0.0007703389099231,False,5.049042264445192e-05
2024-03-11,SOBTI_5_ET,NY_LONDON_LIT,TRAINABLE,DOWN,DOWN,-0.0005828203280779931,-0.0005828203280779,False,9.313296661650483e-17
2024-03-11,SOBTI_5_ET,US_LATE_LIT,TRAINABLE,UP,UP,0.0012075745082098521,0.0012719232585638,False,6.434875035394791e-05
2024-03-12,SOBTI_5_ET,ASIA_MORNING_LIT,TRAINABLE,DOWN,DOWN,-0.001160250618216896,-0.0011144598020255,False,4.5790816191395916e-05
2024-03-12,SOBTI_5_ET,ASIA_AFTERNOON_LIT,TRAINABLE,DOWN,DOWN,-0.0005233678782885498,-0.0005417518011642,False,1.838392287565021e-05
2024-03-12,SOBTI_5_ET,EUROPE_LIT,TRAINABLE,DOWN,DOWN,-0.0022142813875086764,-0.0022142813875086,False,7.632783294297951e-17
2024-03-12,SOBTI_5_ET,NY_LONDON_LIT,TRAINABLE,DOWN,DOWN,-0.007665735144571251,-0.0076335895083937,False,3.214563617755066e-05
2024-03-12,SOBTI_5_ET,US_LATE_LIT,TRAINABLE,UP,UP,0.0018418631099270666,0.0017537406608658,False,8.812244906126663e-05
2024-03-13,SOBTI_5_ET,ASIA_MORNING_LIT,TRAINABLE,UP,UP,0.0005373126182681709,0.0005419486161555,False,4.635997887329096e-06
2024-03-13,SOBTI_5_ET,ASIA_AFTERNOON_LIT,TRAINABLE,UP,UP,0.00030107855427807806,0.0002686301874887,False,3.2448366789378084e-05
2024-03-13,SOBTI_5_ET,EUROPE_LIT,TRAINABLE,UP,UP,0.0018843086684534605,0.0019074806424825,False,2.3171974029039498e-05
2024-03-13,SOBTI_5_ET,NY_LONDON_LIT,TRAINABLE,UP,UP,0.005411006635044124,0.0054525204263886,False,4.1513791344476025e-05
2024-03-13,SOBTI_5_ET,US_LATE_LIT,TRAINABLE,UP,UP,0.00022518958707617998,0.000248191564327,False,2.3001977250820013e-05
2024-03-14,SOBTI_5_ET,ASIA_MORNING_LIT,TRAINABLE,DOWN,DOWN,-0.0018194667021228517,-0.0018194667021228,False,5.160802341031001e-17
2024-03-14,SOBTI_5_ET,ASIA_AFTERNOON_LIT,TRAINABLE,DOWN,DOWN,-0.0016716465112087686,-0.001690085888353,False,1.8439377144231295e-05
2024-03-14,SOBTI_5_ET,EUROPE_LIT,TRAINABLE,UP,UP,0.0003505953089986136,0.0003505953089986,False,1.3552527156068805e-17
2024-03-14,SOBTI_5_ET,NY_LONDON_LIT,TRAINABLE,DOWN,DOWN,-0.00306666262767874,-0.0031034755834117,False,3.681295573296e-05
2024-03-14,SOBTI_5_ET,US_LATE_LIT,TRAINABLE,UP,UP,0.00045331667005932275,0.0004440558690892,False,9.260800970122723e-06
2024-03-15,SOBTI_5_ET,ASIA_MORNING_LIT,TRAINABLE,UP,UP,0.000614991027136691,0.000582593535193,False,3.239749194369095e-05
2024-03-15,SOBTI_5_ET,ASIA_AFTERNOON_LIT,TRAINABLE,UP,UP,0.0018436669035237774,0.0018021537974057,False,4.15131061180774e-05
2024-03-15,SOBTI_5_ET,EUROPE_LIT,TRAINABLE,DOWN,DOWN,-0.0004612418349984049,-0.0004612418349984,False,4.87890977618477e-18
2024-03-15,SOBTI_5_ET,NY_LONDON_LIT,TRAINABLE,DOWN,DOWN,-0.004286931947925288,-0.0042730744639689,False,1.3857483956387917e-05
2024-03-15,SOBTI_5_ET,US_LATE_LIT,NOT_ELIGIBLE_WEEKLY_CLOSE_FRIDAY,,,,,False,
2024-03-18,SOBTI_5_ET,ASIA_MORNING_LIT,TRAINABLE,DOWN,DOWN,-0.004502689609944932,-0.0044980477861891,False,4.641823755832317e-06
2024-03-18,SOBTI_5_ET,ASIA_AFTERNOON_LIT,TRAINABLE,UP,UP,0.0017841710948005574,0.0017235524694541,False,6.0618625346457256e-05
2024-03-18,SOBTI_5_ET,EUROPE_LIT,TRAINABLE,UP,UP,0.004994415224814697,0.0050176899654805,False,2.3274740665803206e-05
2024-03-18,SOBTI_5_ET,NY_LONDON_LIT,TRAINABLE,DOWN,DOWN,-0.0008328976397142807,-0.0008143708090739,False,1.8526830640380634e-05
2024-03-18,SOBTI_5_ET,US_LATE_LIT,TRAINABLE,UP,UP,0.0006714503581972675,0.0005973984069027,False,7.405195129456753e-05
2024-03-19,SOBTI_5_ET,ASIA_MORNING_LIT,TRAINABLE,UP,UP,0.0004674414149095085,0.0004674414149095,False,8.51098705401121e-18
2024-03-19,SOBTI_5_ET,ASIA_AFTERNOON_LIT,TRAINABLE,DOWN,DOWN,-0.00127404470992587,-0.0012415820507171,False,3.2462659208770065e-05
2024-03-19,SOBTI_5_ET,EUROPE_LIT,TRAINABLE,DOWN,DOWN,-6.964931650310646e-05,-6.964931650310646e-05,False,0.0
2024-03-19,SOBTI_5_ET,NY_LONDON_LIT,TRAINABLE,UP,UP,0.00038042819476391543,0.000343279305234,False,3.7148889529915415e-05
2024-03-19,SOBTI_5_ET,US_LATE_LIT,TRAINABLE,UP,UP,0.00037101361108704545,0.0004081497525476,False,3.713614146055454e-05
2024-03-20,SOBTI_5_ET,ASIA_MORNING_LIT,TRAINABLE,UP,UP,0.0007694493432026661,0.0008065703337405,False,3.712099053783391e-05
2024-03-20,SOBTI_5_ET,ASIA_AFTERNOON_LIT,TRAINABLE,UP,UP,0.0006766587561799486,0.0006720193422311,False,4.63941394884869e-06
2024-03-20,SOBTI_5_ET,EUROPE_LIT,TRAINABLE,DOWN,DOWN,-0.0023251058966071714,-0.0023158333000736,False,9.272596533571511e-06
2024-03-20,SOBTI_5_ET,NY_LONDON_LIT,TRAINABLE,UP,UP,0.006945038722264263,0.0070518050437369,False,0.00010676632147263703
2024-03-20,SOBTI_5_ET,US_LATE_LIT,TRAINABLE,UP,UP,0.013742167366184388,0.0136546072064622,False,8.756015972218728e-05
2024-03-21,SOBTI_5_ET,ASIA_MORNING_LIT,TRAINABLE,UP,UP,0.0023102106299977,0.0023056582712757,False,4.5523587219997025e-06
2024-03-21,SOBTI_5_ET,ASIA_AFTERNOON_LIT,TRAINABLE,UP,UP,0.003423321980810412,0.0033915097638756,False,3.1812216934812114e-05
2024-03-21,SOBTI_5_ET,EUROPE_LIT,TRAINABLE,DOWN,DOWN,-0.0011085646183420783,-0.0010949765061403,False,1.3588112201778392e-05
2024-03-21,SOBTI_5_ET,NY_LONDON_LIT,TRAINABLE,DOWN,DOWN,-0.011850044761277156,-0.011809235739752,False,4.080902152515595e-05
2024-03-21,SOBTI_5_ET,US_LATE_LIT,TRAINABLE,UP,UP,0.0016181436658930792,0.0016135551432221,False,4.588522670979228e-06
2024-03-22,SOBTI_5_ET,ASIA_MORNING_LIT,TRAINABLE,DOWN,DOWN,-0.005002141257589021,-0.0050158855651915,False,1.374430760247864e-05
2024-03-22,SOBTI_5_ET,ASIA_AFTERNOON_LIT,TRAINABLE,DOWN,DOWN,-0.004161918445989232,-0.0043182033686895,False,0.0001562849227002682
2024-03-22,SOBTI_5_ET,EUROPE_LIT,TRAINABLE,UP,UP,0.0004618724095020177,0.0004572481429379,False,4.624266564117678e-06
2024-03-22,SOBTI_5_ET,NY_LONDON_LIT,TRAINABLE,DOWN,DOWN,-0.0009556703165154445,-0.0009325650909861,False,2.3105225529344593e-05
2024-03-22,SOBTI_5_ET,US_LATE_LIT,NOT_ELIGIBLE_WEEKLY_CLOSE_FRIDAY,,,,,False,
2024-03-25,SOBTI_5_ET,ASIA_MORNING_LIT,TRAINABLE,UP,UP,0.002692019708047333,0.0026550430390788,False,3.697666896853311e-05
2024-03-25,SOBTI_5_ET,ASIA_AFTERNOON_LIT,TRAINABLE,DOWN,DOWN,-0.0007331722547040398,-0.0007931831397646,False,6.0010885060560203e-05
2024-03-25,SOBTI_5_ET,EUROPE_LIT,TRAINABLE,UP,UP,0.0017723056293239559,0.0017907851746987,False,1.8479545374744128e-05
2024-03-25,SOBTI_5_ET,NY_LONDON_LIT,TRAINABLE,UP,UP,0.0016861281817870388,0.0016907398096959,False,4.611627908861259e-06
2024-03-25,SOBTI_5_ET,US_LATE_LIT,TRAINABLE,DOWN,DOWN,-0.00013339649506816098,-0.0001472080270875,False,1.3811532019339032e-05
2024-03-26,SOBTI_5_ET,ASIA_MORNING_LIT,TRAINABLE,DOWN,DOWN,-0.0014995791416448911,-0.0015041836634741,False,4.6045218292088165e-06
2024-03-26,SOBTI_5_ET,ASIA_AFTERNOON_LIT,TRAINABLE,DOWN,DOWN,-8.296114430694779e-05,-5.991638199942528e-05,False,2.3044762307522504e-05
2024-03-26,SOBTI_5_ET,EUROPE_LIT,TRAINABLE,UP,UP,0.011419490557477152,0.0115898017855791,False,0.00017031122810194817
2024-03-26,SOBTI_5_ET,NY_LONDON_LIT,TRAINABLE,DOWN,DOWN,-0.008971715097260358,-0.0089762715178784,False,4.556420618043178e-06
2024-03-26,SOBTI_5_ET,US_LATE_LIT,TRAINABLE,UP,UP,0.00017919511135700006,0.0002480456449918,False,6.885053363479994e-05
2024-03-27,SOBTI_5_ET,ASIA_MORNING_LIT,TRAINABLE,UP,UP,0.0007898031076971623,0.0007852065571127,False,4.596550584462294e-06
2024-03-27,SOBTI_5_ET,ASIA_AFTERNOON_LIT,TRAINABLE,UP,UP,0.001097537354011191,0.0011158086733966,False,1.8271319385409004e-05
2024-03-27,SOBTI_5_ET,EUROPE_LIT,TRAINABLE,UP,UP,0.003834631561498769,0.0037521009181387,False,8.253064336006914e-05
2024-03-27,SOBTI_5_ET,NY_LONDON_LIT,TRAINABLE,UP,UP,0.0008270241030039482,0.000863618049423,False,3.6593946419051764e-05
2024-03-27,SOBTI_5_ET,US_LATE_LIT,TRAINABLE,DOWN,DOWN,-0.0005113024706200342,-0.0004245809839569,False,8.672148666313422e-05
2024-03-28,SOBTI_5_ET,ASIA_MORNING_LIT,TRAINABLE,UP,UP,0.002530507410348104,0.002535079647945,False,4.572237596896147e-06
2024-03-28,SOBTI_5_ET,ASIA_AFTERNOON_LIT,TRAINABLE,DOWN,DOWN,-0.0006238308039451246,-0.0006101553171891,False,1.3675486756024586e-05
2024-03-28,SOBTI_5_ET,EUROPE_LIT,TRAINABLE,UP,UP,0.00723601977883459,0.0072405810575082,False,4.56127867360951e-06
2024-03-28,SOBTI_5_ET,NY_LONDON_LIT,TRAINABLE,UP,UP,0.004935719082895362,0.0049537199428557,False,1.800085996033797e-05
2024-03-28,SOBTI_5_ET,US_LATE_LIT,EXCLUDE_END_BOUNDARY_MISSING,,,,,False,
2024-03-29,SOBTI_5_ET,ASIA_MORNING_LIT,EXCLUDE_BOTH_BOUNDARIES_MISSING,,,,,False,
2024-03-29,SOBTI_5_ET,ASIA_AFTERNOON_LIT,EXCLUDE_BOTH_BOUNDARIES_MISSING,,,,,False,
2024-03-29,SOBTI_5_ET,EUROPE_LIT,EXCLUDE_BOTH_BOUNDARIES_MISSING,,,,,False,
2024-03-29,SOBTI_5_ET,NY_LONDON_LIT,EXCLUDE_BOTH_BOUNDARIES_MISSING,,,,,False,
2024-03-29,SOBTI_5_ET,US_LATE_LIT,NOT_ELIGIBLE_WEEKLY_CLOSE_FRIDAY,,,,,False,
2024-04-01,SOBTI_5_ET,ASIA_MORNING_LIT,TRAINABLE,UP,UP,0.003764230151410697,0.003728640940289,False,3.558921112169688e-05
2024-04-01,SOBTI_5_ET,ASIA_AFTERNOON_LIT,TRAINABLE,UP,UP,0.0016607470114458067,0.0016651800988016,False,4.4330873557932565e-06
2024-04-01,SOBTI_5_ET,EUROPE_LIT,TRAINABLE,DOWN,DOWN,-0.006578946583059242,-0.0064904322282833,False,8.851435477594174e-05
2024-04-01,SOBTI_5_ET,NY_LONDON_LIT,TRAINABLE,DOWN,DOWN,-0.002990618886982488,-0.0030395085648388,False,4.888967785631219e-05
2024-04-01,SOBTI_5_ET,US_LATE_LIT,TRAINABLE,UP,UP,0.004521722787684368,0.0044145973082299,False,0.0001071254794544679
2024-04-02,SOBTI_5_ET,ASIA_MORNING_LIT,TRAINABLE,UP,UP,0.0015110703843266293,0.00153776182067,False,2.6691436343370635e-05
2024-04-02,SOBTI_5_ET,ASIA_AFTERNOON_LIT,TRAINABLE,DOWN,DOWN,-0.00011089228662264361,-0.0001286527952482,False,1.776050862555638e-05
2024-04-02,SOBTI_5_ET,EUROPE_LIT,TRAINABLE,UP,UP,0.0028880111300495503,0.0029013332254435,False,1.3322095393949757e-05
2024-04-02,SOBTI_5_ET,NY_LONDON_LIT,TRAINABLE,UP,UP,0.004750757638174674,0.0048127475632504,False,6.198992507572623e-05
2024-04-02,SOBTI_5_ET,US_LATE_LIT,TRAINABLE,UP,UP,0.0051506005271497735,0.0052298100582035,False,7.920953105372639e-05
2024-04-03,SOBTI_5_ET,ASIA_MORNING_LIT,TRAINABLE,UP,UP,0.0003109155074756398,0.0002934901200701,False,1.742538740553978e-05
2024-04-03,SOBTI_5_ET,ASIA_AFTERNOON_LIT,TRAINABLE,DOWN,DOWN,-0.004750996294412557,-0.0047860621970062,False,3.506590259364298e-05
2024-04-03,SOBTI_5_ET,EUROPE_LIT,TRAINABLE,UP,UP,0.0004443960414437509,0.0005676064840032,False,0.00012321044255944916
2024-04-03,SOBTI_5_ET,NY_LONDON_LIT,TRAINABLE,UP,UP,0.0089839012470867,0.0090674258660816,False,8.352461899489849e-05
2024-04-03,SOBTI_5_ET,US_LATE_LIT,TRAINABLE,UP,UP,0.0033425881752495723,0.0033642905483555,False,2.1702373105927843e-05
2024-04-04,SOBTI_5_ET,ASIA_MORNING_LIT,TRAINABLE,DOWN,DOWN,-0.0011596247897681655,-0.0012334260438423,False,7.380125407413442e-05
2024-04-04,SOBTI_5_ET,ASIA_AFTERNOON_LIT,TRAINABLE,DOWN,DOWN,-0.0016575639199768455,-0.0016314348592706,False,2.612906070624554e-05
2024-04-04,SOBTI_5_ET,EUROPE_LIT,TRAINABLE,DOWN,DOWN,-0.002387957236706706,-0.0023051889423808,False,8.276829432590609e-05
2024-04-04,SOBTI_5_ET,NY_LONDON_LIT,TRAINABLE,UP,UP,0.004354554293320767,0.004131798734865,False,0.0002227555584557667
2024-04-04,SOBTI_5_ET,US_LATE_LIT,TRAINABLE,DOWN,DOWN,-0.0068812532051566455,-0.0069203308949489,False,3.9077689792254774e-05
2024-04-05,SOBTI_5_ET,ASIA_MORNING_LIT,TRAINABLE,DOWN,DOWN,-0.0021812359431809814,-0.0020280013127764,False,0.00015323463040458132
2024-04-05,SOBTI_5_ET,ASIA_AFTERNOON_LIT,TRAINABLE,UP,UP,0.0025521719437908708,0.0024688773506587,False,8.32945931321708e-05
2024-04-05,SOBTI_5_ET,EUROPE_LIT,TRAINABLE,UP,UP,0.00231851252184212,0.0022659658998056,False,5.254662203652005e-05
2024-04-05,SOBTI_5_ET,NY_LONDON_LIT,TRAINABLE,UP,UP,0.01526317418166312,0.0153329688293202,False,6.97946476570805e-05
2024-04-05,SOBTI_5_ET,US_LATE_LIT,NOT_ELIGIBLE_WEEKLY_CLOSE_FRIDAY,,,,,False,
2024-04-08,SOBTI_5_ET,ASIA_MORNING_LIT,TRAINABLE,UP,UP,0.01637083569143849,0.0161974132492395,False,0.0001734224421989887
2024-04-08,SOBTI_5_ET,ASIA_AFTERNOON_LIT,TRAINABLE,DOWN,DOWN,-0.0022336405872172005,-0.002263566360537,False,2.9925773319799346e-05
2024-04-08,SOBTI_5_ET,EUROPE_LIT,TRAINABLE,UP,UP,0.0005264964931275262,0.0003853113805039,False,0.00014118511262362624
2024-04-08,SOBTI_5_ET,NY_LONDON_LIT,TRAINABLE,UP,UP,0.001998203247715491,0.0020623436618323,False,6.414041411680884e-05
2024-04-08,SOBTI_5_ET,US_LATE_LIT,TRAINABLE,DOWN,DOWN,-0.00041845869566981,-0.0003500696201378,False,6.838907553200998e-05
2024-04-09,SOBTI_5_ET,ASIA_MORNING_LIT,TRAINABLE,UP,UP,0.0012429886148428437,0.0012643678185959,False,2.1379203753056283e-05
2024-04-09,SOBTI_5_ET,ASIA_AFTERNOON_LIT,TRAINABLE,UP,UP,0.00300175235678668,0.0026819652152945,False,0.00031978714149218015
2024-04-09,SOBTI_5_ET,EUROPE_LIT,TRAINABLE,UP,UP,0.0012799837863588515,0.0011905935877447,False,8.939019861415156e-05
2024-04-09,SOBTI_5_ET,NY_LONDON_LIT,TRAINABLE,DOWN,DOWN,-0.0022722779592370124,-0.0022680263450571,False,4.251614179912478e-06
2024-04-09,SOBTI_5_ET,US_LATE_LIT,TRAINABLE,UP,UP,0.001132329924817821,0.001153636319181,False,2.1306394363179064e-05
2024-04-10,SOBTI_5_ET,ASIA_MORNING_LIT,TRAINABLE,UP,UP,0.00017429850559946836,0.0002253749284548,False,5.107642285533164e-05
2024-04-10,SOBTI_5_ET,ASIA_AFTERNOON_LIT,TRAINABLE,DOWN,DOWN,-0.0005130714420904514,-0.0005767405718875,False,6.366912979704857e-05
2024-04-10,SOBTI_5_ET,EUROPE_LIT,TRAINABLE,DOWN,DOWN,-0.004145266630068201,-0.0041791376743797,False,3.3871044311499336e-05
2024-04-10,SOBTI_5_ET,NY_LONDON_LIT,TRAINABLE,DOWN,DOWN,-0.00465270113481997,-0.0047336279092633,False,8.092677444333004e-05
2024-04-10,SOBTI_5_ET,US_LATE_LIT,TRAINABLE,DOWN,DOWN,-0.00029535735558039455,-0.0002567906046103,False,3.8566750970094564e-05
2024-04-11,SOBTI_5_ET,ASIA_MORNING_LIT,TRAINABLE,UP,UP,0.004658778998489321,0.0046459201127917,False,1.2858885697621288e-05
2024-04-11,SOBTI_5_ET,ASIA_AFTERNOON_LIT,TRAINABLE,DOWN,DOWN,-0.0017881271343760385,-0.001916064176583,False,0.0001279370422069615
2024-04-11,SOBTI_5_ET,EUROPE_LIT,TRAINABLE,DOWN,DOWN,-0.0006584603262946853,-0.0006798597310704,False,2.1399404775714645e-05
2024-04-11,SOBTI_5_ET,NY_LONDON_LIT,TRAINABLE,UP,UP,0.010490925226586123,0.0105080563971999,False,1.713117061377667e-05
2024-04-11,SOBTI_5_ET,US_LATE_LIT,TRAINABLE,UP,UP,0.0071766474573145,0.0072316389452984,False,5.499148798389971e-05
2024-04-12,SOBTI_5_ET,ASIA_MORNING_LIT,TRAINABLE,UP,UP,0.003985026860524821,0.0039388458505547,False,4.618100997012039e-05
2024-04-12,SOBTI_5_ET,ASIA_AFTERNOON_LIT,TRAINABLE,UP,UP,0.004323061342028867,0.0043734294989983,False,5.03681569694334e-05
2024-04-12,SOBTI_5_ET,EUROPE_LIT,TRAINABLE,UP,UP,8.765608814331749e-05,0.0001043723663356,False,1.6716278192282504e-05
2024-04-12,SOBTI_5_ET,NY_LONDON_LIT,TRAINABLE,DOWN,DOWN,-0.020734504235117912,-0.0205717462549112,False,0.00016275798020671042
2024-04-12,SOBTI_5_ET,US_LATE_LIT,NOT_ELIGIBLE_WEEKLY_CLOSE_FRIDAY,,,,,False,
2024-04-15,SOBTI_5_ET,ASIA_MORNING_LIT,TRAINABLE,UP,UP,0.0018909663419295342,0.0019333943202768,False,4.242797834726588e-05
2024-04-15,SOBTI_5_ET,ASIA_AFTERNOON_LIT,TRAINABLE,DOWN,DOWN,-0.0008741068209145997,-0.0008953436035262,False,2.1236782611600306e-05
2024-04-15,SOBTI_5_ET,EUROPE_LIT,TRAINABLE,UP,UP,0.0014482658334897813,0.0014482658334897,False,8.131516293641283e-17
2024-04-15,SOBTI_5_ET,NY_LONDON_LIT,TRAINABLE,UP,UP,0.003956570556543193,0.0039184714421218,False,3.809911442139314e-05
2024-04-15,SOBTI_5_ET,US_LATE_LIT,TRAINABLE,UP,UP,0.006889730771559854,0.006851674759184,False,3.8056012375854535e-05
2024-04-16,SOBTI_5_ET,ASIA_MORNING_LIT,TRAINABLE,UP,UP,0.0024501954886035904,0.0024501954886035,False,9.020562075079397e-17
2024-04-16,SOBTI_5_ET,ASIA_AFTERNOON_LIT,TRAINABLE,DOWN,DOWN,-0.00690214713200088,-0.0067722877668955,False,0.0001298593651053795
2024-04-16,SOBTI_5_ET,EUROPE_LIT,TRAINABLE,UP,UP,0.001096398471409854,0.0010963984714098,False,5.399326818977812e-17
2024-04-16,SOBTI_5_ET,NY_LONDON_LIT,TRAINABLE,UP,UP,0.006393999990450316,0.006448707265737,False,5.47072752866834e-05
2024-04-16,SOBTI_5_ET,US_LATE_LIT,TRAINABLE,DOWN,DOWN,-0.0020423035926301347,-0.0020590609382714,False,1.6757345641265232e-05
2024-04-17,SOBTI_5_ET,ASIA_MORNING_LIT,TRAINABLE,DOWN,DOWN,-0.0013084068753640432,-0.0013126048556717,False,4.19798030765672e-06
2024-04-17,SOBTI_5_ET,ASIA_AFTERNOON_LIT,TRAINABLE,UP,UP,0.0005379045949471806,0.0004160216322677,False,0.00012188296267948059
2024-04-17,SOBTI_5_ET,EUROPE_LIT,TRAINABLE,UP,UP,0.0028269507414762085,0.0029068406908552,False,7.988994937899131e-05
2024-04-17,SOBTI_5_ET,NY_LONDON_LIT,TRAINABLE,DOWN,DOWN,-0.0048543454894289795,-0.0048082283088765,False,4.611718055247925e-05
2024-04-17,SOBTI_5_ET,US_LATE_LIT,TRAINABLE,DOWN,DOWN,-0.0026219451995793674,-0.0025714967756726,False,5.0448423906767573e-05
2024-04-18,SOBTI_5_ET,ASIA_MORNING_LIT,TRAINABLE,UP,UP,0.0019367631957802889,0.00197044702462,False,3.3683828839710904e-05
2024-04-18,SOBTI_5_ET,ASIA_AFTERNOON_LIT,TRAINABLE,UP,UP,0.0006060047166300819,0.0006186429665853,False,1.2638249955218019e-05
2024-04-18,SOBTI_5_ET,EUROPE_LIT,TRAINABLE,UP,UP,0.0014257672145663314,0.0015814374461831,False,0.00015567023161676863
2024-04-18,SOBTI_5_ET,NY_LONDON_LIT,TRAINABLE,UP,UP,0.00017213344648481232,0.0001931509356811,False,2.1017489196287664e-05
2024-04-18,SOBTI_5_ET,US_LATE_LIT,TRAINABLE,DOWN,DOWN,-0.000919443593247582,-0.0009614704541133,False,4.202686086571803e-05
2024-04-19,SOBTI_5_ET,ASIA_MORNING_LIT,TRAINABLE,UP,UP,0.0027021962185467263,0.0027274366029499,False,2.5240384403173513e-05
2024-04-19,SOBTI_5_ET,ASIA_AFTERNOON_LIT,TRAINABLE,UP,UP,0.000956324276084386,0.0008808553449757,False,7.5468931108686e-05
2024-04-19,SOBTI_5_ET,EUROPE_LIT,TRAINABLE,DOWN,DOWN,-0.003943371619423708,-0.0039266969905764,False,1.6674628847307936e-05
2024-04-19,SOBTI_5_ET,NY_LONDON_LIT,TRAINABLE,UP,UP,0.007627669281726757,0.007581344039458,False,4.632524226875698e-05
2024-04-19,SOBTI_5_ET,US_LATE_LIT,NOT_ELIGIBLE_WEEKLY_CLOSE_FRIDAY,,,,,False,
2024-04-22,SOBTI_5_ET,ASIA_MORNING_LIT,TRAINABLE,DOWN,DOWN,-0.007455172474037708,-0.0074215570531163,False,3.361542092140783e-05
2024-04-22,SOBTI_5_ET,ASIA_AFTERNOON_LIT,TRAINABLE,DOWN,DOWN,-0.004697188834530186,-0.0046126995064923,False,8.448932803788601e-05
2024-04-22,SOBTI_5_ET,EUROPE_LIT,TRAINABLE,DOWN,DOWN,-0.006936364498585479,-0.0070678238332985,False,0.00013145933471302076
2024-04-22,SOBTI_5_ET,NY_LONDON_LIT,TRAINABLE,DOWN,DOWN,-0.007024099990899257,-0.0070369227485809,False,1.282275768164226e-05
2024-04-22,SOBTI_5_ET,US_LATE_LIT,TRAINABLE,UP,UP,0.003143503475531606,0.0031693307353271,False,2.5827259795494113e-05
2024-04-23,SOBTI_5_ET,ASIA_MORNING_LIT,TRAINABLE,DOWN,DOWN,-0.012684257298935298,-0.0127914237294778,False,0.00010716643054250324
2024-04-23,SOBTI_5_ET,ASIA_AFTERNOON_LIT,TRAINABLE,DOWN,DOWN,-0.0010255731146803226,-0.0010471220409418,False,2.154892626147738e-05
2024-04-23,SOBTI_5_ET,EUROPE_LIT,TRAINABLE,DOWN,DOWN,-0.0027419560451376057,-0.0026640170378576,False,7.793900728000555e-05
2024-04-23,SOBTI_5_ET,NY_LONDON_LIT,TRAINABLE,UP,UP,0.010779852130987644,0.0107668095021999,False,1.3042628787743663e-05
2024-04-23,SOBTI_5_ET,US_LATE_LIT,TRAINABLE,DOWN,DOWN,-0.002676982187814758,-0.002741393250122,False,6.441106230724173e-05
2024-04-24,SOBTI_5_ET,ASIA_MORNING_LIT,TRAINABLE,UP,UP,0.0017708348651828132,0.0018828666067254,False,0.00011203174154258673
2024-04-24,SOBTI_5_ET,ASIA_AFTERNOON_LIT,TRAINABLE,DOWN,DOWN,-0.002084191056406337,-0.0020541863718163,False,3.0004684590037144e-05
2024-04-24,SOBTI_5_ET,EUROPE_LIT,TRAINABLE,DOWN,DOWN,-0.00267418262952257,-0.0025277303543912,False,0.00014645227513136998
2024-04-24,SOBTI_5_ET,NY_LONDON_LIT,TRAINABLE,UP,UP,0.002300990294488825,0.0023528484126977,False,5.185811820887509e-05
2024-04-24,SOBTI_5_ET,US_LATE_LIT,TRAINABLE,DOWN,DOWN,-0.0010767647004072955,-0.0011112556272906,False,3.449092688330435e-05
2024-04-25,SOBTI_5_ET,ASIA_MORNING_LIT,TRAINABLE,DOWN,DOWN,-0.0038504521971151062,-0.003884981494875,False,3.452929775989372e-05
2024-04-25,SOBTI_5_ET,ASIA_AFTERNOON_LIT,TRAINABLE,UP,UP,0.002326615551459188,0.0023222948062338,False,4.320745225387841e-06
2024-04-25,SOBTI_5_ET,EUROPE_LIT,TRAINABLE,UP,UP,0.002790556732040539,0.0027819352631819,False,8.621468858638869e-06
2024-04-25,SOBTI_5_ET,NY_LONDON_LIT,TRAINABLE,UP,UP,0.0011422933044913375,0.0011379945289771,False,4.298775514237482e-06
2024-04-25,SOBTI_5_ET,US_LATE_LIT,TRAINABLE,DOWN,DOWN,-0.0005319060474588966,-0.0005319060474588,False,9.660241356845845e-17
2024-04-26,SOBTI_5_ET,ASIA_MORNING_LIT,TRAINABLE,UP,UP,0.001575086494949085,0.0015664941464432,False,8.592348505884933e-06
2024-04-26,SOBTI_5_ET,ASIA_AFTERNOON_LIT,TRAINABLE,UP,UP,0.003561704325907744,0.0033176654193756,False,0.0002440389065321443
2024-04-26,SOBTI_5_ET,EUROPE_LIT,TRAINABLE,UP,UP,0.0005333378890344243,0.0004608380697506,False,7.249981928382423e-05
2024-04-26,SOBTI_5_ET,NY_LONDON_LIT,TRAINABLE,DOWN,DOWN,-0.0016376976820031697,-0.0015992770860083,False,3.842059599486972e-05
2024-04-26,SOBTI_5_ET,US_LATE_LIT,NOT_ELIGIBLE_WEEKLY_CLOSE_FRIDAY,,,,,False,
2024-04-29,SOBTI_5_ET,ASIA_MORNING_LIT,TRAINABLE,DOWN,DOWN,-0.002448598444808159,-0.0022470615144082,False,0.0002015369303999589
2024-04-29,SOBTI_5_ET,ASIA_AFTERNOON_LIT,TRAINABLE,DOWN,DOWN,-0.0002870602022262414,-0.0002528527314887,False,3.4207470737541415e-05
2024-04-29,SOBTI_5_ET,EUROPE_LIT,TRAINABLE,UP,UP,0.0017016639323756966,0.001748750693213,False,4.708676083730332e-05
2024-04-29,SOBTI_5_ET,NY_LONDON_LIT,TRAINABLE,UP,UP,0.0005905006878750285,0.0006760510436678,False,8.555035579277143e-05
2024-04-29,SOBTI_5_ET,US_LATE_LIT,TRAINABLE,DOWN,DOWN,-0.002022396912467972,-0.0020266764574423,False,4.27954497432808e-06
2024-04-30,SOBTI_5_ET,ASIA_MORNING_LIT,TRAINABLE,DOWN,DOWN,-0.002086543994967438,-0.002283608332805,False,0.000197064337837562
2024-04-30,SOBTI_5_ET,ASIA_AFTERNOON_LIT,TRAINABLE,DOWN,DOWN,-0.0033208028744913243,-0.0033208028744913,False,2.42861286636753e-17
2024-04-30,SOBTI_5_ET,EUROPE_LIT,TRAINABLE,DOWN,DOWN,-0.001808339187969188,-0.0018169796340241,False,8.640446054912054e-06
2024-04-30,SOBTI_5_ET,NY_LONDON_LIT,TRAINABLE,DOWN,DOWN,-0.007627179011864826,-0.0076271790118648,False,2.6020852139652106e-17
2024-04-30,SOBTI_5_ET,US_LATE_LIT,TRAINABLE,DOWN,DOWN,-0.003563991321197224,-0.0035988821362777,False,3.4890815080475864e-05
2024-05-01,SOBTI_5_ET,ASIA_MORNING_LIT,TRAINABLE,UP,UP,0.00025803053295003764,0.0002886702649294,False,3.063973197936238e-05
2024-05-01,SOBTI_5_ET,ASIA_AFTERNOON_LIT,TRAINABLE,UP,UP,0.0006431665385280283,0.000638786791288,False,4.37974724002831e-06
2024-05-01,SOBTI_5_ET,EUROPE_LIT,TRAINABLE,UP,UP,0.0033712407049579785,0.0032969418473003,False,7.429885765767837e-05
2024-05-01,SOBTI_5_ET,NY_LONDON_LIT,TRAINABLE,UP,UP,0.008298049192876356,0.0082109067847662,False,8.714240811015517e-05
2024-05-01,SOBTI_5_ET,US_LATE_LIT,TRAINABLE,UP,UP,0.004867383141658799,0.0047765153173664,False,9.086782429239878e-05
2024-05-02,SOBTI_5_ET,ASIA_MORNING_LIT,TRAINABLE,DOWN,DOWN,-0.0019961582421578195,-0.0019273622869728,False,6.879595518501937e-05
2024-05-02,SOBTI_5_ET,ASIA_AFTERNOON_LIT,TRAINABLE,DOWN,DOWN,-0.00157254451310318,-0.0015465976085626,False,2.5946904540580023e-05
2024-05-02,SOBTI_5_ET,EUROPE_LIT,TRAINABLE,DOWN,DOWN,-0.005192399904337286,-0.0053222306715453,False,0.00012983076720801418
2024-05-02,SOBTI_5_ET,NY_LONDON_LIT,TRAINABLE,UP,UP,0.0037759018625100893,0.00377590186251,False,8.933825901280557e-17
2024-05-02,SOBTI_5_ET,US_LATE_LIT,TRAINABLE,DOWN,DOWN,-0.0014734451770016532,-0.0014821214215285,False,8.676244526846684e-06
2024-05-03,SOBTI_5_ET,ASIA_MORNING_LIT,TRAINABLE,DOWN,DOWN,-0.0010502983769922203,-0.0010156503910738,False,3.464798591842032e-05
2024-05-03,SOBTI_5_ET,ASIA_AFTERNOON_LIT,TRAINABLE,DOWN,DOWN,-0.002974238121776107,-0.003013188743976,False,3.8950622199893006e-05
2024-05-03,SOBTI_5_ET,EUROPE_LIT,TRAINABLE,DOWN,DOWN,-0.0005566412559799838,-0.0005218172035914,False,3.4824052388583845e-05
2024-05-03,SOBTI_5_ET,NY_LONDON_LIT,TRAINABLE,DOWN,UP,-4.355279208168028e-06,6.522041491563435e-05,True,6.957569412380238e-05
2024-05-03,SOBTI_5_ET,US_LATE_LIT,NOT_ELIGIBLE_WEEKLY_CLOSE_FRIDAY,,,,,False,
2024-05-06,SOBTI_5_ET,ASIA_MORNING_LIT,TRAINABLE,UP,UP,0.006197402250889272,0.0062539672358257,False,5.656498493642782e-05
2024-05-06,SOBTI_5_ET,ASIA_AFTERNOON_LIT,TRAINABLE,UP,UP,0.002423034925845835,0.002349511180111,False,7.352374573483481e-05
2024-05-06,SOBTI_5_ET,EUROPE_LIT,TRAINABLE,UP,UP,0.0007554435035705964,0.0007424800930493,False,1.2963410521296377e-05
2024-05-06,SOBTI_5_ET,NY_LONDON_LIT,TRAINABLE,UP,UP,0.0033560071578266903,0.0033732784499156,False,1.727129208890961e-05
2024-05-06,SOBTI_5_ET,US_LATE_LIT,TRAINABLE,UP,UP,0.001379999191155834,0.0013972128481485,False,1.721365699266608e-05
2024-05-07,SOBTI_5_ET,ASIA_MORNING_LIT,TRAINABLE,DOWN,DOWN,-0.002700387598892684,-0.0025586804016978,False,0.00014170719719488415
2024-05-07,SOBTI_5_ET,ASIA_AFTERNOON_LIT,TRAINABLE,DOWN,DOWN,-0.000775051779663305,-0.0007707417503228,False,4.3100293405049514e-06
2024-05-07,SOBTI_5_ET,EUROPE_LIT,TRAINABLE,DOWN,DOWN,-0.003576528710659166,-0.0036454346456982,False,6.890593503903423e-05
2024-05-07,SOBTI_5_ET,NY_LONDON_LIT,TRAINABLE,UP,UP,0.0011720063711899709,0.0011676772357873,False,4.329135402670811e-06
2024-05-07,SOBTI_5_ET,US_LATE_LIT,TRAINABLE,DOWN,DOWN,-0.00029371388356635997,-0.0002893897973008,False,4.324086265559957e-06
2024-05-08,SOBTI_5_ET,ASIA_MORNING_LIT,TRAINABLE,UP,UP,0.0007994313472547976,0.0008252753496758,False,2.5844002421002437e-05
2024-05-08,SOBTI_5_ET,ASIA_AFTERNOON_LIT,TRAINABLE,DOWN,DOWN,-0.003164486590635285,-0.0031256466585702,False,3.883993206508498e-05
2024-05-08,SOBTI_5_ET,EUROPE_LIT,TRAINABLE,UP,UP,0.0010811886061645737,0.0011201503187763,False,3.8961712611726255e-05
2024-05-08,SOBTI_5_ET,NY_LONDON_LIT,TRAINABLE,DOWN,DOWN,-0.0011836525188556601,-0.0011751120459716,False,8.540472884060058e-06
2024-05-08,SOBTI_5_ET,US_LATE_LIT,TRAINABLE,DOWN,DOWN,-0.0012065835687821158,-0.0011893744024286,False,1.7209166353515833e-05
2024-05-09,SOBTI_5_ET,ASIA_MORNING_LIT,TRAINABLE,UP,UP,0.0010609728615380565,0.0010825369985489,False,2.15641370108436e-05
2024-05-09,SOBTI_5_ET,ASIA_AFTERNOON_LIT,TRAINABLE,DOWN,DOWN,-0.003235059277716501,-0.0031185885168939,False,0.00011647076082260113
2024-05-09,SOBTI_5_ET,EUROPE_LIT,TRAINABLE,UP,UP,0.0021374652737651267,0.0021028158415237,False,3.464943224142656e-05
2024-05-09,SOBTI_5_ET,NY_LONDON_LIT,TRAINABLE,UP,UP,0.007970690662015167,0.0080052678175568,False,3.457715554163257e-05
2024-05-09,SOBTI_5_ET,US_LATE_LIT,TRAINABLE,UP,UP,0.005611474687631901,0.0056370945150427,False,2.5619827410798893e-05
2024-05-10,SOBTI_5_ET,ASIA_MORNING_LIT,TRAINABLE,UP,UP,0.0014568297646946338,0.0013715540857395,False,8.527567895513376e-05
2024-05-10,SOBTI_5_ET,ASIA_AFTERNOON_LIT,TRAINABLE,UP,UP,0.0051999982578945225,0.0052212431160831,False,2.1244858188577617e-05
2024-05-10,SOBTI_5_ET,EUROPE_LIT,TRAINABLE,UP,UP,0.0017735758991064277,0.0018664658870219,False,9.288998791547238e-05
2024-05-10,SOBTI_5_ET,NY_LONDON_LIT,TRAINABLE,DOWN,DOWN,-0.0013572112057678165,-0.0013783071851865,False,2.109597941868358e-05
2024-05-10,SOBTI_5_ET,US_LATE_LIT,NOT_ELIGIBLE_WEEKLY_CLOSE_FRIDAY,,,,,False,
2024-05-13,SOBTI_5_ET,ASIA_MORNING_LIT,TRAINABLE,DOWN,DOWN,-0.003028691417423013,-0.003070927182829,False,4.223576540598713e-05
2024-05-13,SOBTI_5_ET,ASIA_AFTERNOON_LIT,TRAINABLE,DOWN,DOWN,-0.0014023431583787271,-0.0013300300918309,False,7.231306654782721e-05
2024-05-13,SOBTI_5_ET,EUROPE_LIT,TRAINABLE,DOWN,DOWN,-0.0023403158756676312,-0.0024509532449098,False,0.00011063736924216876
2024-05-13,SOBTI_5_ET,NY_LONDON_LIT,TRAINABLE,DOWN,DOWN,-0.0034466183186547816,-0.0034338087984385,False,1.2809520216281421e-05
2024-05-13,SOBTI_5_ET,US_LATE_LIT,TRAINABLE,UP,UP,9.84376985311286e-05,0.0001497453205978,False,5.1307622066671396e-05
2024-05-14,SOBTI_5_ET,ASIA_MORNING_LIT,TRAINABLE,UP,UP,0.0025677787673712427,0.0025849144110121,False,1.7135643640857345e-05
2024-05-14,SOBTI_5_ET,ASIA_AFTERNOON_LIT,TRAINABLE,DOWN,DOWN,-0.0030464311332925043,-0.0030464311332925,False,4.336808689942018e-18
2024-05-14,SOBTI_5_ET,EUROPE_LIT,TRAINABLE,UP,UP,0.0030386038595664466,0.0030857288933314,False,4.7125033764953365e-05
2024-05-14,SOBTI_5_ET,NY_LONDON_LIT,TRAINABLE,UP,UP,0.006293306455041003,0.0063103901154111,False,1.7083660370096482e-05
2024-05-14,SOBTI_5_ET,US_LATE_LIT,TRAINABLE,DOWN,DOWN,-0.0011321235264860618,-0.0011956795235275,False,6.35559970414382e-05
2024-05-15,SOBTI_5_ET,ASIA_MORNING_LIT,TRAINABLE,UP,UP,0.0011503695342875986,0.0011843632435326,False,3.3993709245001445e-05
2024-05-15,SOBTI_5_ET,ASIA_AFTERNOON_LIT,TRAINABLE,UP,UP,0.002723940737682007,0.0027281879318501,False,4.247194168093254e-06
2024-05-15,SOBTI_5_ET,EUROPE_LIT,TRAINABLE,DOWN,DOWN,-0.00021580599570336645,-0.0002030990800527,False,1.270691565066645e-05
2024-05-15,SOBTI_5_ET,NY_LONDON_LIT,TRAINABLE,UP,UP,0.01050451560638832,0.010512882797679,False,8.36719129067992e-06
2024-05-15,SOBTI_5_ET,US_LATE_LIT,TRAINABLE,UP,UP,0.003095164824038932,0.0031453696310961,False,5.0204807057168364e-05
2024-05-16,SOBTI_5_ET,ASIA_MORNING_LIT,TRAINABLE,DOWN,DOWN,-0.002475807464075497,-0.0025216751569493,False,4.5867692873803254e-05
2024-05-16,SOBTI_5_ET,ASIA_AFTERNOON_LIT,TRAINABLE,DOWN,DOWN,-0.0010953220561297217,-0.0010953220561297,False,2.168404344971009e-17
2024-05-16,SOBTI_5_ET,EUROPE_LIT,TRAINABLE,DOWN,DOWN,-0.002021393792970838,-0.002033856755728,False,1.246296275716173e-05
2024-05-16,SOBTI_5_ET,NY_LONDON_LIT,TRAINABLE,DOWN,DOWN,-0.002419681001433416,-0.0023484243687418,False,7.125663269161569e-05
2024-05-16,SOBTI_5_ET,US_LATE_LIT,TRAINABLE,DOWN,DOWN,-0.00040351110622427466,-0.0004035111062242,False,7.464731957562698e-17
2024-05-17,SOBTI_5_ET,ASIA_MORNING_LIT,TRAINABLE,DOWN,DOWN,-0.0005045915453053551,-0.0004920687329033,False,1.2522812402055079e-05
2024-05-17,SOBTI_5_ET,ASIA_AFTERNOON_LIT,TRAINABLE,UP,UP,0.0024912746279808218,0.0023988641678487,False,9.241046013212188e-05
2024-05-17,SOBTI_5_ET,EUROPE_LIT,TRAINABLE,UP,UP,0.0015758047103542339,0.0015799998579097,False,4.195147555466133e-06
2024-05-17,SOBTI_5_ET,NY_LONDON_LIT,TRAINABLE,UP,UP,0.011176369649519069,0.0111889352385567,False,1.2565589037630276e-05
2024-05-17,SOBTI_5_ET,US_LATE_LIT,NOT_ELIGIBLE_WEEKLY_CLOSE_FRIDAY,,,,,False,
2024-05-20,SOBTI_5_ET,ASIA_MORNING_LIT,TRAINABLE,UP,UP,0.003116946032524881,0.0031169460325248,False,8.109832250191573e-17
2024-05-20,SOBTI_5_ET,ASIA_AFTERNOON_LIT,TRAINABLE,DOWN,DOWN,-0.0010613272178312538,-0.001045021110119,False,1.6306107712253833e-05
2024-05-20,SOBTI_5_ET,EUROPE_LIT,TRAINABLE,DOWN,DOWN,-0.002933123973451135,-0.0028141400328003,False,0.00011898394065083502
2024-05-20,SOBTI_5_ET,NY_LONDON_LIT,TRAINABLE,UP,UP,0.0019170430653900894,0.0018759657162397,False,4.1077349150389414e-05
2024-05-20,SOBTI_5_ET,US_LATE_LIT,TRAINABLE,DOWN,DOWN,-0.0026157003804754275,-0.0025663774951448,False,4.932288533062747e-05
2024-05-21,SOBTI_5_ET,ASIA_MORNING_LIT,TRAINABLE,DOWN,DOWN,-0.0076448659075011305,-0.0076489867921275,False,4.120884626369371e-06
2024-05-21,SOBTI_5_ET,ASIA_AFTERNOON_LIT,TRAINABLE,UP,UP,0.00018205895602330102,5.799368572323438e-05,False,0.00012406527030006664
2024-05-21,SOBTI_5_ET,EUROPE_LIT,TRAINABLE,UP,UP,0.0028303448585671465,0.0028386291903743,False,8.284331807153697e-06
2024-05-21,SOBTI_5_ET,NY_LONDON_LIT,TRAINABLE,DOWN,DOWN,-0.0019021733535241614,-0.0019228255590888,False,2.0652205564638572e-05
2024-05-21,SOBTI_5_ET,US_LATE_LIT,TRAINABLE,UP,UP,0.0007400498408709488,0.0007400498408709,False,4.87890977618477e-17
2024-05-22,SOBTI_5_ET,ASIA_MORNING_LIT,TRAINABLE,DOWN,DOWN,-0.0007395025721101955,-0.0007395025721101,False,9.551821139597294e-17
2024-05-22,SOBTI_5_ET,ASIA_AFTERNOON_LIT,TRAINABLE,DOWN,DOWN,-0.0003107056605695657,-0.0003812027035816,False,7.04970430120343e-05
2024-05-22,SOBTI_5_ET,EUROPE_LIT,TRAINABLE,DOWN,DOWN,-0.0017281491059409904,-0.0016991098419134,False,2.903926402759039e-05
2024-05-22,SOBTI_5_ET,NY_LONDON_LIT,TRAINABLE,DOWN,DOWN,-0.012296424375766724,-0.0122217286744011,False,7.469570136562319e-05
2024-05-22,SOBTI_5_ET,US_LATE_LIT,TRAINABLE,UP,UP,0.00043710180873768323,0.0004202740363232,False,1.6827772414483252e-05
2024-05-23,SOBTI_5_ET,ASIA_MORNING_LIT,TRAINABLE,DOWN,DOWN,-0.004553789470416292,-0.0045495842946388,False,4.2051757774917015e-06
2024-05-23,SOBTI_5_ET,ASIA_AFTERNOON_LIT,TRAINABLE,DOWN,DOWN,-0.0035172133149405926,-0.0033527825465609,False,0.00016443076837969247
2024-05-23,SOBTI_5_ET,EUROPE_LIT,TRAINABLE,UP,UP,0.002098832136484985,0.0021115394827255,False,1.2707346240515248e-05
2024-05-23,SOBTI_5_ET,NY_LONDON_LIT,TRAINABLE,DOWN,DOWN,-0.013854488377735508,-0.0140824219530296,False,0.0002279335752940915
2024-05-23,SOBTI_5_ET,US_LATE_LIT,TRAINABLE,DOWN,DOWN,-0.00243707910634694,-0.0024370791063469,False,3.9898639947466563e-17
2024-05-24,SOBTI_5_ET,ASIA_MORNING_LIT,TRAINABLE,UP,UP,0.000446532015822676,0.0004852113640259,False,3.8679348203224026e-05
2024-05-24,SOBTI_5_ET,ASIA_AFTERNOON_LIT,TRAINABLE,UP,UP,0.002141878090382132,0.0020648004654215,False,7.707762496063234e-05
2024-05-24,SOBTI_5_ET,EUROPE_LIT,TRAINABLE,DOWN,DOWN,-0.0004018177050704175,-0.0003889800923683,False,1.2837612702117475e-05
2024-05-24,SOBTI_5_ET,NY_LONDON_LIT,TRAINABLE,DOWN,DOWN,-0.001312943930113275,-0.0012786969748569,False,3.4246955256375016e-05
2024-05-24,SOBTI_5_ET,US_LATE_LIT,NOT_ELIGIBLE_WEEKLY_CLOSE_FRIDAY,,,,,False,
2024-05-27,SOBTI_5_ET,ASIA_MORNING_LIT,TRAINABLE,UP,UP,0.0046736029177121274,0.0046736029177121,False,2.7755575615628914e-17
2024-05-27,SOBTI_5_ET,ASIA_AFTERNOON_LIT,TRAINABLE,DOWN,DOWN,-0.0012589730611430872,-0.0011948923800703,False,6.408068107278714e-05
2024-05-27,SOBTI_5_ET,EUROPE_LIT,TRAINABLE,UP,UP,0.00205945282080755,0.0020338967060125,False,2.555611479505013e-05
2024-05-27,SOBTI_5_ET,NY_LONDON_LIT,TRAINABLE,UP,UP,0.0025073044856378512,0.0025073044856378,False,5.117434254131581e-17
2024-05-27,SOBTI_5_ET,US_LATE_LIT,EXCLUDE_START_BOUNDARY_MISSING,,UP,,0.0003743672883169,False,
2024-05-28,SOBTI_5_ET,ASIA_MORNING_LIT,TRAINABLE,DOWN,DOWN,-0.00014460468909438529,-0.0001318360725121,False,1.276861658228528e-05
2024-05-28,SOBTI_5_ET,ASIA_AFTERNOON_LIT,TRAINABLE,DOWN,DOWN,-0.00360110010027892,-0.0036690855737419,False,6.798547346297977e-05
2024-05-28,SOBTI_5_ET,EUROPE_LIT,TRAINABLE,UP,UP,0.0017196702427562105,0.0016598705420542,False,5.979970070201044e-05
2024-05-28,SOBTI_5_ET,NY_LONDON_LIT,TRAINABLE,UP,UP,0.002862860015652835,0.0028628600156528,False,3.5128150388530344e-17
2024-05-28,SOBTI_5_ET,US_LATE_LIT,TRAINABLE,UP,UP,0.0016311285998416025,0.0016353807554743,False,4.25215563269743e-06
2024-05-29,SOBTI_5_ET,ASIA_MORNING_LIT,TRAINABLE,DOWN,DOWN,-0.0005639771955295858,-0.000606429326458,False,4.245213092841417e-05
2024-05-29,SOBTI_5_ET,ASIA_AFTERNOON_LIT,TRAINABLE,DOWN,DOWN,-0.0022806345802939276,-0.0022976083062123,False,1.6973725918372276e-05
2024-05-29,SOBTI_5_ET,EUROPE_LIT,TRAINABLE,DOWN,DOWN,-0.005005281408228646,-0.0051157584799299,False,0.00011047707170125463
2024-05-29,SOBTI_5_ET,NY_LONDON_LIT,TRAINABLE,UP,UP,0.00014097066932849955,0.0001238703736428,False,1.7100295685699567e-05
2024-05-29,SOBTI_5_ET,US_LATE_LIT,TRAINABLE,DOWN,DOWN,-0.002062576580427744,-0.0020454784026997,False,1.70981777280442e-05
2024-05-30,SOBTI_5_ET,ASIA_MORNING_LIT,TRAINABLE,DOWN,DOWN,-0.0018912956199138575,-0.0017671867261781,False,0.00012410889373575744
2024-05-30,SOBTI_5_ET,ASIA_AFTERNOON_LIT,TRAINABLE,UP,UP,0.0014405903051015745,0.0013591506848344,False,8.143962026717442e-05
2024-05-30,SOBTI_5_ET,EUROPE_LIT,TRAINABLE,UP,UP,0.0002055192833396724,0.0001883748354358,False,1.714444790387241e-05
2024-05-30,SOBTI_5_ET,NY_LONDON_LIT,TRAINABLE,UP,UP,0.0027656312173174324,0.0027783801059217,False,1.2748888604267351e-05
2024-05-30,SOBTI_5_ET,US_LATE_LIT,TRAINABLE,UP,UP,0.0016906779441769881,0.0017162118042099,False,2.5533860032911967e-05
2024-05-31,SOBTI_5_ET,ASIA_MORNING_LIT,TRAINABLE,DOWN,DOWN,-0.0028426186005207077,-0.0028383524905536,False,4.266109967107634e-06
2024-05-31,SOBTI_5_ET,ASIA_AFTERNOON_LIT,TRAINABLE,UP,UP,0.0003755725028442569,0.0003712997829807,False,4.272719863556936e-06
2024-05-31,SOBTI_5_ET,EUROPE_LIT,TRAINABLE,UP,UP,0.0001408407500693709,0.0001024005441381,False,3.8440205931270915e-05
2024-05-31,SOBTI_5_ET,NY_LONDON_LIT,TRAINABLE,DOWN,DOWN,-0.007585619106043939,-0.0075813484093731,False,4.270696670838868e-06
2024-05-31,SOBTI_5_ET,US_LATE_LIT,NOT_ELIGIBLE_WEEKLY_CLOSE_FRIDAY,,,,,False,
2024-06-03,SOBTI_5_ET,ASIA_MORNING_LIT,TRAINABLE,DOWN,DOWN,-0.0013921908106864223,-0.0013921908106864,False,2.233456475320139e-17
2024-06-03,SOBTI_5_ET,ASIA_AFTERNOON_LIT,TRAINABLE,UP,UP,0.000908302652801618,0.0008738279120905,False,3.4474740711118034e-05
2024-06-03,SOBTI_5_ET,EUROPE_LIT,TRAINABLE,UP,UP,0.0022581714611868975,0.0021850841288659,False,7.308733232099743e-05
2024-06-03,SOBTI_5_ET,NY_LONDON_LIT,TRAINABLE,UP,UP,0.008098868330049802,0.0081417229596312,False,4.285462958139759e-05
2024-06-03,SOBTI_5_ET,US_LATE_LIT,TRAINABLE,UP,UP,0.0007748473977584602,0.0007578014106226,False,1.704598713586018e-05
2024-06-04,SOBTI_5_ET,ASIA_MORNING_LIT,TRAINABLE,DOWN,DOWN,-0.002314159095691992,-0.0023184173655529,False,4.258269860907965e-06
2024-06-04,SOBTI_5_ET,ASIA_AFTERNOON_LIT,TRAINABLE,DOWN,DOWN,-0.002073882867068888,-0.0020696202272367,False,4.262639832188202e-06
2024-06-04,SOBTI_5_ET,EUROPE_LIT,TRAINABLE,DOWN,DOWN,-0.006584279728269915,-0.0065671942342955,False,1.708549397441521e-05
2024-06-04,SOBTI_5_ET,NY_LONDON_LIT,TRAINABLE,DOWN,DOWN,-0.0001546820059936671,-0.0001374831369845,False,1.7198869009167096e-05
2024-06-04,SOBTI_5_ET,US_LATE_LIT,TRAINABLE,UP,UP,0.00021050031451319562,0.0002148006229854,False,4.300308472204373e-06
2024-06-05,SOBTI_5_ET,ASIA_MORNING_LIT,TRAINABLE,UP,UP,0.0028905868934929746,0.0029120838183007,False,2.149692480772538e-05
2024-06-05,SOBTI_5_ET,ASIA_AFTERNOON_LIT,TRAINABLE,DOWN,DOWN,-0.004755525924089121,-0.0047255867242502,False,2.9939199838921113e-05
2024-06-05,SOBTI_5_ET,EUROPE_LIT,TRAINABLE,UP,UP,0.0013995362912599951,0.0014466996609912,False,4.7163369731204876e-05
2024-06-05,SOBTI_5_ET,NY_LONDON_LIT,TRAINABLE,UP,UP,0.009846861301573195,0.0098683169416171,False,2.1455640043905114e-05
2024-06-05,SOBTI_5_ET,US_LATE_LIT,TRAINABLE,UP,UP,1.69967823995254e-05,8.498391199651678e-06,False,8.498391199873723e-06
2024-06-06,SOBTI_5_ET,ASIA_MORNING_LIT,TRAINABLE,UP,UP,0.005858003337105622,0.005896139649641,False,3.813631253537803e-05
2024-06-06,SOBTI_5_ET,ASIA_AFTERNOON_LIT,TRAINABLE,DOWN,DOWN,-0.001177797529301361,-0.0012454141069981,False,6.761657769673913e-05
2024-06-06,SOBTI_5_ET,EUROPE_LIT,TRAINABLE,DOWN,DOWN,-0.002451726813453403,-0.0024685463598205,False,1.6819546367096913e-05
2024-06-06,SOBTI_5_ET,NY_LONDON_LIT,TRAINABLE,UP,UP,0.004957899813815558,0.0049578998138155,False,5.811323644522304e-17
2024-06-06,SOBTI_5_ET,US_LATE_LIT,TRAINABLE,UP,UP,0.0029347601679545754,0.0030781636624459,False,0.00014340349449132447
2024-06-07,SOBTI_5_ET,ASIA_MORNING_LIT,TRAINABLE,DOWN,DOWN,-0.0003110691532004495,-0.000281718961608,False,2.935019159244946e-05
2024-06-07,SOBTI_5_ET,ASIA_AFTERNOON_LIT,TRAINABLE,DOWN,DOWN,-0.0033904002429725466,-0.0033569017207016,False,3.3498522270946404e-05
2024-06-07,SOBTI_5_ET,EUROPE_LIT,TRAINABLE,DOWN,DOWN,-0.01610846119649123,-0.0161757874734558,False,6.732627696456883e-05
2024-06-07,SOBTI_5_ET,NY_LONDON_LIT,TRAINABLE,DOWN,DOWN,-0.013531674720927755,-0.0135530939693768,False,2.1419248449044276e-05
2024-06-07,SOBTI_5_ET,US_LATE_LIT,NOT_ELIGIBLE_WEEKLY_CLOSE_FRIDAY,,,,,False,
2024-06-10,SOBTI_5_ET,ASIA_MORNING_LIT,TRAINABLE,DOWN,DOWN,-0.00016983874574216795,-0.0001567658551525,False,1.3072890589667943e-05
2024-06-10,SOBTI_5_ET,ASIA_AFTERNOON_LIT,TRAINABLE,DOWN,DOWN,-1.3081432654438174e-05,-3.9244297963425545e-05,False,2.616286530898737e-05
2024-06-10,SOBTI_5_ET,EUROPE_LIT,TRAINABLE,UP,UP,0.004208139241811848,0.0041906966470832,False,1.744259472864773e-05
2024-06-10,SOBTI_5_ET,NY_LONDON_LIT,TRAINABLE,UP,UP,0.0024857298868070643,0.0024554411841068,False,3.028870270026414e-05
2024-06-10,SOBTI_5_ET,US_LATE_LIT,TRAINABLE,UP,UP,1.732725709202576e-05,3.887814128700207e-05,False,2.1550884194976312e-05
2024-06-11,SOBTI_5_ET,ASIA_MORNING_LIT,TRAINABLE,DOWN,DOWN,-0.0031243110097499693,-0.003089657842817,False,3.4653166932969125e-05
2024-06-11,SOBTI_5_ET,ASIA_AFTERNOON_LIT,TRAINABLE,UP,UP,0.0017947502453454778,0.0017773497966586,False,1.740044868687768e-05
2024-06-11,SOBTI_5_ET,EUROPE_LIT,TRAINABLE,UP,UP,0.0011062260116070366,0.001106226011607,False,3.664603343001005e-17
2024-06-11,SOBTI_5_ET,NY_LONDON_LIT,TRAINABLE,UP,UP,0.003137277784985848,0.0031286025932721,False,8.67519171374783e-06
2024-06-11,SOBTI_5_ET,US_LATE_LIT,TRAINABLE,DOWN,DOWN,-0.0004579191874106714,-0.0005960733621908,False,0.00013815417478012866
2024-06-12,SOBTI_5_ET,ASIA_MORNING_LIT,TRAINABLE,UP,UP,0.0009206031957353922,0.0009162765491688,False,4.326646566592176e-06
2024-06-12,SOBTI_5_ET,ASIA_AFTERNOON_LIT,TRAINABLE,DOWN,DOWN,-0.00034151928600523185,-0.0003415192860052,False,3.1821333762449555e-17
2024-06-12,SOBTI_5_ET,EUROPE_LIT,TRAINABLE,UP,UP,0.00018158545498780931,0.0001297502280652,False,5.1835226922609305e-05
2024-06-12,SOBTI_5_ET,NY_LONDON_LIT,TRAINABLE,UP,UP,0.0077307699945721176,0.0078648314393086,False,0.0001340614447364833
2024-06-12,SOBTI_5_ET,US_LATE_LIT,TRAINABLE,DOWN,DOWN,-0.004354292755696876,-0.0043458114536367,False,8.48130206017577e-06
2024-06-13,SOBTI_5_ET,ASIA_MORNING_LIT,TRAINABLE,DOWN,DOWN,-0.0027532187490891813,-0.0027273406325536,False,2.587811653558111e-05
2024-06-13,SOBTI_5_ET,ASIA_AFTERNOON_LIT,TRAINABLE,UP,UP,0.002237837810415755,0.0022551694182413,False,1.7331607825545308e-05
2024-06-13,SOBTI_5_ET,EUROPE_LIT,TRAINABLE,DOWN,DOWN,-0.003593191883871638,-0.0036926243917172,False,9.943250784556204e-05
2024-06-13,SOBTI_5_ET,NY_LONDON_LIT,TRAINABLE,DOWN,DOWN,-0.0020762976251110787,-0.002097993935896,False,2.1696310784921104e-05
2024-06-13,SOBTI_5_ET,US_LATE_LIT,TRAINABLE,UP,UP,0.0012944896664146555,0.0012119810345618,False,8.250863185285543e-05
2024-06-14,SOBTI_5_ET,ASIA_MORNING_LIT,TRAINABLE,UP,UP,0.0009588339814063929,0.000911061035909,False,4.7772945497392906e-05
2024-06-14,SOBTI_5_ET,ASIA_AFTERNOON_LIT,TRAINABLE,UP,UP,0.002028499894452418,0.0020111446987414,False,1.7355195711017853e-05
2024-06-14,SOBTI_5_ET,EUROPE_LIT,TRAINABLE,UP,UP,0.008781323586935397,0.0088288468707751,False,4.7523283839702446e-05
2024-06-14,SOBTI_5_ET,NY_LONDON_LIT,TRAINABLE,UP,UP,0.0007890135612749205,0.0008233506953134,False,3.433713403847949e-05
2024-06-14,SOBTI_5_ET,US_LATE_LIT,NOT_ELIGIBLE_WEEKLY_CLOSE_FRIDAY,,,,,False,
2024-06-17,SOBTI_5_ET,ASIA_MORNING_LIT,TRAINABLE,DOWN,DOWN,-0.0016975306864573936,-0.0017190401766677,False,2.1509490210306443e-05
2024-06-17,SOBTI_5_ET,ASIA_AFTERNOON_LIT,TRAINABLE,DOWN,DOWN,-0.001124189724872049,-0.0011671961377122,False,4.300641284015112e-05
2024-06-17,SOBTI_5_ET,EUROPE_LIT,TRAINABLE,DOWN,DOWN,-0.0003449884779374024,-0.0003018244384328,False,4.3164039504602384e-05
2024-06-17,SOBTI_5_ET,NY_LONDON_LIT,TRAINABLE,DOWN,DOWN,-0.0005434919254195814,-0.0005047403960033,False,3.8751529416281385e-05
2024-06-17,SOBTI_5_ET,US_LATE_LIT,TRAINABLE,UP,UP,0.0030036208425796573,0.0030079407301413,False,4.319887561642696e-06
2024-06-18,SOBTI_5_ET,ASIA_MORNING_LIT,TRAINABLE,UP,UP,0.0001721697368060049,0.000172169736806,False,4.87890977618477e-18
2024-06-18,SOBTI_5_ET,ASIA_AFTERNOON_LIT,TRAINABLE,DOWN,DOWN,-0.0010168917857507065,-0.001047085783457,False,3.0193997706293423e-05
2024-06-18,SOBTI_5_ET,EUROPE_LIT,TRAINABLE,DOWN,DOWN,-0.002031705240909787,-0.0020446590894316,False,1.2953848521813152e-05
2024-06-18,SOBTI_5_ET,NY_LONDON_LIT,TRAINABLE,UP,UP,0.00714506225289524,0.0071450622528952,False,3.9898639947466563e-17
2024-06-18,SOBTI_5_ET,US_LATE_LIT,TRAINABLE,DOWN,DOWN,-0.00021029433043240342,-0.0002489592342642,False,3.8664903831796564e-05
2024-06-19,SOBTI_5_ET,ASIA_MORNING_LIT,TRAINABLE,UP,UP,9.013325323148358e-05,8.583608298562417e-05,False,4.297170245859405e-06
2024-06-19,SOBTI_5_ET,ASIA_AFTERNOON_LIT,TRAINABLE,UP,UP,0.0011164862528350028,0.0011078888126818,False,8.597440153202893e-06
2024-06-19,SOBTI_5_ET,EUROPE_LIT,TRAINABLE,DOWN,DOWN,-0.0002659039707844091,-0.0002659039707844,False,9.107298248878237e-18
2024-06-19,SOBTI_5_ET,NY_LONDON_LIT,TRAINABLE,DOWN,DOWN,-0.0009869087003918642,-0.0009869087003918,False,6.418476861114186e-17
2024-06-19,SOBTI_5_ET,US_LATE_LIT,EXCLUDE_START_BOUNDARY_MISSING,,UP,,0.0006872514208582,False,
2024-06-20,SOBTI_5_ET,ASIA_MORNING_LIT,TRAINABLE,UP,UP,0.0018455185277195252,0.0018412221324308,False,4.296395288725134e-06
2024-06-20,SOBTI_5_ET,ASIA_AFTERNOON_LIT,TRAINABLE,UP,UP,0.0009222068555947427,0.0009393025505533,False,1.7095694958557347e-05
2024-06-20,SOBTI_5_ET,EUROPE_LIT,TRAINABLE,DOWN,DOWN,-0.002098771013250622,-0.0020475320572569,False,5.123895599372201e-05
2024-06-20,SOBTI_5_ET,NY_LONDON_LIT,TRAINABLE,UP,UP,0.009108770601071292,0.0091044919273501,False,4.278673721191603e-06
2024-06-20,SOBTI_5_ET,US_LATE_LIT,TRAINABLE,UP,UP,0.0014020865363477686,0.0013766456925383,False,2.5440843809468533e-05
2024-06-21,SOBTI_5_ET,ASIA_MORNING_LIT,TRAINABLE,DOWN,DOWN,-0.0015524855157666995,-0.0014974403829222,False,5.5045132844499384e-05
2024-06-21,SOBTI_5_ET,ASIA_AFTERNOON_LIT,TRAINABLE,DOWN,DOWN,-0.0027967226611433915,-0.0026655369731117,False,0.00013118568803169132
2024-06-21,SOBTI_5_ET,EUROPE_LIT,TRAINABLE,UP,UP,0.0038605221896199637,0.0038562756618762,False,4.2465277437639046e-06
2024-06-21,SOBTI_5_ET,NY_LONDON_LIT,TRAINABLE,DOWN,DOWN,-0.01880565051563865,-0.0187676842315414,False,3.7966284097249586e-05
2024-06-21,SOBTI_5_ET,US_LATE_LIT,NOT_ELIGIBLE_WEEKLY_CLOSE_FRIDAY,,,,,False,
2024-06-24,SOBTI_5_ET,ASIA_MORNING_LIT,TRAINABLE,UP,UP,0.002132661483893683,0.002136974242902,False,4.31275900831694e-06
2024-06-24,SOBTI_5_ET,ASIA_AFTERNOON_LIT,TRAINABLE,UP,UP,0.0006062127790777971,0.0005073468241987,False,9.886595487909719e-05
2024-06-24,SOBTI_5_ET,EUROPE_LIT,TRAINABLE,DOWN,DOWN,-0.00045117641893432925,-0.0003996717121701,False,5.150470676422924e-05
2024-06-24,SOBTI_5_ET,NY_LONDON_LIT,TRAINABLE,UP,UP,0.003116362932968242,0.0031034547427784,False,1.2908190189842017e-05
2024-06-24,SOBTI_5_ET,US_LATE_LIT,TRAINABLE,DOWN,DOWN,-0.0015040859385120342,-0.0015168470643346,False,1.2761125822565713e-05
2024-06-25,SOBTI_5_ET,ASIA_MORNING_LIT,TRAINABLE,DOWN,DOWN,-0.0008412520900139553,-0.0008412520900139,False,5.5294310796760726e-17
2024-06-25,SOBTI_5_ET,ASIA_AFTERNOON_LIT,TRAINABLE,DOWN,DOWN,-0.0011933763775541228,-0.0011976733446872,False,4.2969671330771696e-06
2024-06-25,SOBTI_5_ET,EUROPE_LIT,TRAINABLE,UP,UP,0.0014741228082222335,0.0014870291672239,False,1.290635900166653e-05
2024-06-25,SOBTI_5_ET,NY_LONDON_LIT,TRAINABLE,DOWN,DOWN,-0.004879311887452387,-0.0048836076192412,False,4.29573178881322e-06
2024-06-25,SOBTI_5_ET,US_LATE_LIT,TRAINABLE,DOWN,DOWN,-0.00014234703006199556,-0.0002803772467121,False,0.00013803021665010446
2024-06-26,SOBTI_5_ET,ASIA_MORNING_LIT,TRAINABLE,UP,UP,0.0010956996905955307,0.0010741095701587,False,2.1590120436830798e-05
2024-06-26,SOBTI_5_ET,ASIA_AFTERNOON_LIT,TRAINABLE,DOWN,DOWN,-0.0005524866410155926,-0.000561129362853,False,8.642721837407341e-06
2024-06-26,SOBTI_5_ET,EUROPE_LIT,TRAINABLE,DOWN,DOWN,-0.0008595697438741334,-0.0008638935309968,False,4.323787122666612e-06
2024-06-26,SOBTI_5_ET,NY_LONDON_LIT,TRAINABLE,DOWN,DOWN,-0.005399675526364001,-0.0054169856289401,False,1.7310102576099072e-05
2024-06-26,SOBTI_5_ET,US_LATE_LIT,TRAINABLE,DOWN,DOWN,-0.0006216633079992873,-0.0005520457805487,False,6.961752745058723e-05
2024-06-27,SOBTI_5_ET,ASIA_MORNING_LIT,TRAINABLE,DOWN,DOWN,-0.00023051797872131186,-0.0002305179787213,False,1.1844908734404136e-17
2024-06-27,SOBTI_5_ET,ASIA_AFTERNOON_LIT,TRAINABLE,UP,UP,0.0010962996261592028,0.0011006543373353,False,4.354711176097212e-06
2024-06-27,SOBTI_5_ET,EUROPE_LIT,TRAINABLE,UP,UP,0.00693552484415938,0.0070051236187829,False,6.959877462352042e-05
2024-06-27,SOBTI_5_ET,NY_LONDON_LIT,TRAINABLE,UP,UP,0.0029171788949124977,0.0029387780761631,False,2.1599181250602385e-05
2024-06-27,SOBTI_5_ET,US_LATE_LIT,TRAINABLE,DOWN,DOWN,-0.001045634422716435,-0.0010456344227164,False,3.491130995403324e-17
2024-06-28,SOBTI_5_ET,ASIA_MORNING_LIT,TRAINABLE,UP,UP,0.0004307207361202714,0.0004350322506889,False,4.311514568628599e-06
2024-06-28,SOBTI_5_ET,ASIA_AFTERNOON_LIT,TRAINABLE,UP,UP,0.0014680299074028014,0.0014637207314776,False,4.309175925201357e-06
2024-06-28,SOBTI_5_ET,EUROPE_LIT,TRAINABLE,UP,UP,0.003279764296870047,0.003327095092007,False,4.733079513695318e-05
2024-06-28,SOBTI_5_ET,NY_LONDON_LIT,TRAINABLE,DOWN,DOWN,-0.0031061346077743135,-0.0031490206988102,False,4.288609103588652e-05
2024-06-28,SOBTI_5_ET,US_LATE_LIT,NOT_ELIGIBLE_WEEKLY_CLOSE_FRIDAY,,,,,False,
2024-07-01,SOBTI_5_ET,ASIA_MORNING_LIT,TRAINABLE,UP,UP,0.0014368919725131768,0.0013939337279698,False,4.295824454337671e-05
2024-07-01,SOBTI_5_ET,ASIA_AFTERNOON_LIT,TRAINABLE,UP,UP,0.0013869674986421998,0.0014042142986576,False,1.7246800015400122e-05
2024-07-01,SOBTI_5_ET,EUROPE_LIT,TRAINABLE,UP,UP,0.005772380765538321,0.0058239410790397,False,5.1560313501379344e-05
2024-07-01,SOBTI_5_ET,NY_LONDON_LIT,TRAINABLE,DOWN,DOWN,-0.004721107479642717,-0.0047211074796427,False,1.6479873021779667e-17
2024-07-01,SOBTI_5_ET,US_LATE_LIT,TRAINABLE,UP,UP,0.0024706209865030804,0.0024534164412994,False,1.720454520368021e-05
2024-07-02,SOBTI_5_ET,ASIA_MORNING_LIT,TRAINABLE,DOWN,DOWN,-0.0013973103638821316,-0.0013801483539089,False,1.7162009973231696e-05
2024-07-02,SOBTI_5_ET,ASIA_AFTERNOON_LIT,TRAINABLE,DOWN,DOWN,-0.0017222096430606904,-0.0017179105718545,False,4.299071206190393e-06
2024-07-02,SOBTI_5_ET,EUROPE_LIT,TRAINABLE,DOWN,DOWN,-0.001565941525348169,-0.0015659415253481,False,6.895525817007808e-17
2024-07-02,SOBTI_5_ET,NY_LONDON_LIT,TRAINABLE,UP,UP,0.0025810355823194797,0.0025680959115459,False,1.2939670773579916e-05
2024-07-02,SOBTI_5_ET,US_LATE_LIT,TRAINABLE,UP,UP,0.0015515809874939723,0.0015515809874939,False,7.24247051220317e-17
2024-07-03,SOBTI_5_ET,ASIA_MORNING_LIT,TRAINABLE,DOWN,DOWN,-0.0004763725280974018,-0.0004420084452138,False,3.4364082883601836e-05
2024-07-03,SOBTI_5_ET,ASIA_AFTERNOON_LIT,TRAINABLE,UP,UP,0.003118038646792609,0.0031993908746479,False,8.135222785529087e-05
2024-07-03,SOBTI_5_ET,EUROPE_LIT,TRAINABLE,UP,UP,0.0013533480025444966,0.0015284594301903,False,0.00017511142764580346
2024-07-03,SOBTI_5_ET,NY_LONDON_LIT,TRAINABLE,UP,UP,0.00458254094273336,0.0046037698300773,False,2.1228887343940385e-05
2024-07-03,SOBTI_5_ET,US_LATE_LIT,TRAINABLE,UP,UP,0.0008232795881015775,0.0008105369773105,False,1.2742610791077486e-05
2024-07-04,SOBTI_5_ET,ASIA_MORNING_LIT,TRAINABLE,UP,UP,0.0005808053012390513,0.0005595848165746,False,2.1220484664451222e-05
2024-07-04,SOBTI_5_ET,ASIA_AFTERNOON_LIT,TRAINABLE,DOWN,DOWN,-0.00010609986793452819,-0.0002334399956697,False,0.00012734012773517182
2024-07-04,SOBTI_5_ET,EUROPE_LIT,TRAINABLE,UP,UP,0.00118436324353266,0.001201360098155,False,1.6996854622339935e-05
2024-07-04,SOBTI_5_ET,NY_LONDON_LIT,TRAINABLE,DOWN,DOWN,-0.00047067277141954467,-0.0004706727714195,False,4.466912950640278e-17
2024-07-04,SOBTI_5_ET,US_LATE_LIT,EXCLUDE_START_BOUNDARY_MISSING,,UP,,0.0006277885136012,False,
2024-07-05,SOBTI_5_ET,ASIA_MORNING_LIT,TRAINABLE,UP,UP,0.0009410919636769766,0.0009580657616228,False,1.6973797945823445e-05
2024-07-05,SOBTI_5_ET,ASIA_AFTERNOON_LIT,TRAINABLE,UP,UP,0.00012273033198395567,0.0001057874189629,False,1.6942913021055666e-05
2024-07-05,SOBTI_5_ET,EUROPE_LIT,TRAINABLE,UP,UP,0.0010365858906067338,0.0010281153301749,False,8.470560431833758e-06
2024-07-05,SOBTI_5_ET,NY_LONDON_LIT,TRAINABLE,UP,UP,0.01022447638338031,0.0102287073137117,False,4.23093033139095e-06
2024-07-05,SOBTI_5_ET,US_LATE_LIT,NOT_ELIGIBLE_WEEKLY_CLOSE_FRIDAY,,,,,False,
2024-07-08,SOBTI_5_ET,ASIA_MORNING_LIT,TRAINABLE,DOWN,DOWN,-0.001110394123287728,-0.0011187831531938,False,8.389029906072116e-06
2024-07-08,SOBTI_5_ET,ASIA_AFTERNOON_LIT,TRAINABLE,DOWN,DOWN,-0.0020881208045296917,-0.0021215937670365,False,3.34729625068083e-05
2024-07-08,SOBTI_5_ET,EUROPE_LIT,TRAINABLE,DOWN,DOWN,-0.001878362002716072,-0.0018699497081771,False,8.412294538971948e-06
2024-07-08,SOBTI_5_ET,NY_LONDON_LIT,TRAINABLE,DOWN,DOWN,-0.008015404058912323,-0.0080196180862008,False,4.214027288475947e-06
2024-07-08,SOBTI_5_ET,US_LATE_LIT,TRAINABLE,UP,UP,0.00235525272751258,0.0024613490160056,False,0.0001060962884930198
2024-07-09,SOBTI_5_ET,ASIA_MORNING_LIT,TRAINABLE,UP,UP,0.0007747518478824489,0.0007323751976959,False,4.237665018654892e-05
2024-07-09,SOBTI_5_ET,ASIA_AFTERNOON_LIT,TRAINABLE,DOWN,DOWN,-0.0025911266243400233,-0.0026376705946308,False,4.654397029077656e-05
2024-07-09,SOBTI_5_ET,EUROPE_LIT,TRAINABLE,UP,UP,0.000529777752130034,0.0005340202123689,False,4.242460238866011e-06
2024-07-09,SOBTI_5_ET,NY_LONDON_LIT,TRAINABLE,UP,UP,0.0014190880885616153,0.0013894075645322,False,2.9680524029415374e-05
2024-07-09,SOBTI_5_ET,US_LATE_LIT,TRAINABLE,UP,UP,0.0003003189456916022,0.0003214905092048,False,2.117156351319775e-05
2024-07-10,SOBTI_5_ET,ASIA_MORNING_LIT,TRAINABLE,UP,UP,0.001403965678786756,0.0013828004966702,False,2.1165182116556066e-05
2024-07-10,SOBTI_5_ET,ASIA_AFTERNOON_LIT,TRAINABLE,UP,UP,0.0029518788414757413,0.0029349699147371,False,1.6908926738641496e-05
2024-07-10,SOBTI_5_ET,EUROPE_LIT,TRAINABLE,UP,UP,0.0014779425513411493,0.0014905871349224,False,1.2644583581250838e-05
2024-07-10,SOBTI_5_ET,NY_LONDON_LIT,TRAINABLE,DOWN,DOWN,-0.0032331457184637813,-0.0031785391850039,False,5.4606533459881316e-05
2024-07-10,SOBTI_5_ET,US_LATE_LIT,TRAINABLE,UP,UP,0.0014087798047122124,0.0014087798047122,False,1.235990476633475e-17
2024-07-11,SOBTI_5_ET,ASIA_MORNING_LIT,TRAINABLE,UP,UP,0.0022912245972412926,0.0022576013477941,False,3.362324944719249e-05
2024-07-11,SOBTI_5_ET,ASIA_AFTERNOON_LIT,TRAINABLE,DOWN,DOWN,-0.00012176629440974196,-9.23490959222617e-05,False,2.9417198487480256e-05
2024-07-11,SOBTI_5_ET,EUROPE_LIT,TRAINABLE,DOWN,DOWN,-0.0003443183960876173,-0.0003485212411432,False,4.202845055582718e-06
2024-07-11,SOBTI_5_ET,NY_LONDON_LIT,TRAINABLE,UP,UP,0.013902406885351715,0.0139444491488012,False,4.2042263449485265e-05
2024-07-11,SOBTI_5_ET,US_LATE_LIT,TRAINABLE,DOWN,DOWN,-0.0008409085518766846,-0.00094861331455,False,0.00010770476267331548
2024-07-12,SOBTI_5_ET,ASIA_MORNING_LIT,TRAINABLE,DOWN,DOWN,-0.001044871029005856,-0.0010697735908911,False,2.4902561885243885e-05
2024-07-12,SOBTI_5_ET,ASIA_AFTERNOON_LIT,TRAINABLE,DOWN,DOWN,-0.0028115285369616494,-0.002803214410665,False,8.314126296649505e-06
2024-07-12,SOBTI_5_ET,EUROPE_LIT,TRAINABLE,UP,UP,0.00025825421160785567,0.0003248500817267,False,6.659587011884435e-05
2024-07-12,SOBTI_5_ET,NY_LONDON_LIT,TRAINABLE,UP,UP,0.005545454213152778,0.005537119422619,False,8.334790533778662e-06
2024-07-12,SOBTI_5_ET,US_LATE_LIT,NOT_ELIGIBLE_WEEKLY_CLOSE_FRIDAY,,,,,False,
2024-07-15,SOBTI_5_ET,ASIA_MORNING_LIT,TRAINABLE,UP,UP,0.0006559938409669286,0.0006809325939267,False,2.493875295977142e-05
2024-07-15,SOBTI_5_ET,ASIA_AFTERNOON_LIT,TRAINABLE,DOWN,DOWN,-0.003968994079445509,-0.0040062148956695,False,3.722081622399044e-05
2024-07-15,SOBTI_5_ET,EUROPE_LIT,TRAINABLE,UP,UP,0.005931636752008584,0.0060148085510038,False,8.317179899521542e-05
2024-07-15,SOBTI_5_ET,NY_LONDON_LIT,TRAINABLE,UP,UP,0.0018606420301618964,0.0018565031353348,False,4.13889482709642e-06
2024-07-15,SOBTI_5_ET,US_LATE_LIT,TRAINABLE,DOWN,DOWN,-0.0007057172661041333,-0.0007057172661041,False,3.3285006695304986e-17
2024-07-16,SOBTI_5_ET,ASIA_MORNING_LIT,TRAINABLE,UP,UP,0.0023954280263613903,0.0023788910424382,False,1.6536983923190474e-05
2024-07-16,SOBTI_5_ET,ASIA_AFTERNOON_LIT,TRAINABLE,UP,UP,0.002131570629539059,0.0021398089733011,False,8.23834376204079e-06
2024-07-16,SOBTI_5_ET,EUROPE_LIT,TRAINABLE,UP,UP,0.001749275207381551,0.001704061066315,False,4.5214141066551037e-05
2024-07-16,SOBTI_5_ET,NY_LONDON_LIT,TRAINABLE,UP,UP,0.009735801302256597,0.0097809385267362,False,4.513722447960222e-05
2024-07-16,SOBTI_5_ET,US_LATE_LIT,TRAINABLE,UP,UP,0.002228704412468474,0.0021880680339527,False,4.063637851577399e-05
2024-07-17,SOBTI_5_ET,ASIA_MORNING_LIT,TRAINABLE,DOWN,DOWN,-0.0014055859643858915,-0.0014055859643858,False,9.150666335777657e-17
2024-07-17,SOBTI_5_ET,ASIA_AFTERNOON_LIT,TRAINABLE,DOWN,DOWN,-0.001971293476909386,-0.0019914511763396,False,2.015769943021408e-05
2024-07-17,SOBTI_5_ET,EUROPE_LIT,TRAINABLE,UP,UP,0.0018251134885984843,0.0018332332157189,False,8.119727120415752e-06
2024-07-17,SOBTI_5_ET,NY_LONDON_LIT,TRAINABLE,DOWN,DOWN,-0.005437055425466464,-0.0055098980368615,False,7.28426113950362e-05
2024-07-17,SOBTI_5_ET,US_LATE_LIT,TRAINABLE,UP,UP,0.000972880220422967,0.0009526075572556,False,2.027266316736694e-05
2024-07-18,SOBTI_5_ET,ASIA_MORNING_LIT,TRAINABLE,UP,UP,0.003460971451655359,0.0034609714516553,False,5.898059818321144e-17
2024-07-18,SOBTI_5_ET,ASIA_AFTERNOON_LIT,TRAINABLE,UP,UP,0.0011987616908888388,0.0012028153237479,False,4.053632859061336e-06
2024-07-18,SOBTI_5_ET,EUROPE_LIT,TRAINABLE,DOWN,DOWN,-0.0031670467292890248,-0.003158949203399,False,8.097525890024548e-06
2024-07-18,SOBTI_5_ET,NY_LONDON_LIT,TRAINABLE,DOWN,DOWN,-0.00490965886450534,-0.0048812277113219,False,2.843115318343966e-05
2024-07-18,SOBTI_5_ET,US_LATE_LIT,TRAINABLE,DOWN,DOWN,-0.007376123274214996,-0.0073679602419717,False,8.163032243295974e-06
2024-07-19,SOBTI_5_ET,ASIA_MORNING_LIT,TRAINABLE,DOWN,DOWN,-0.003117681675895656,-0.0031095607449231,False,8.120930972555906e-06
2024-07-19,SOBTI_5_ET,ASIA_AFTERNOON_LIT,TRAINABLE,DOWN,DOWN,-0.0035035652486061775,-0.0035076912119166,False,4.125963310422538e-06
2024-07-19,SOBTI_5_ET,EUROPE_LIT,TRAINABLE,DOWN,DOWN,-0.003089841421380135,-0.0030816638564232,False,8.177564956935238e-06
2024-07-19,SOBTI_5_ET,NY_LONDON_LIT,TRAINABLE,DOWN,DOWN,-0.0047133612646858,-0.0046801349775592,False,3.322628712660019e-05
2024-07-19,SOBTI_5_ET,US_LATE_LIT,NOT_ELIGIBLE_WEEKLY_CLOSE_FRIDAY,,,,,False,
2024-07-22,SOBTI_5_ET,ASIA_MORNING_LIT,TRAINABLE,UP,UP,0.0005191331484784012,0.0005191331484784,False,1.1926223897340549e-18
2024-07-22,SOBTI_5_ET,ASIA_AFTERNOON_LIT,TRAINABLE,DOWN,DOWN,-0.00039524144606128964,-0.000341113084268,False,5.412836179328963e-05
2024-07-22,SOBTI_5_ET,EUROPE_LIT,TRAINABLE,DOWN,DOWN,-0.0021553584831309758,-0.0021304716620975,False,2.4886821033475587e-05
2024-07-22,SOBTI_5_ET,NY_LONDON_LIT,TRAINABLE,DOWN,DOWN,-0.0012758990704667683,-0.0013468576413655,False,7.095857089873159e-05
2024-07-22,SOBTI_5_ET,US_LATE_LIT,TRAINABLE,UP,UP,0.0021295399652883074,0.0021295399652883,False,7.37257477290143e-18
2024-07-23,SOBTI_5_ET,ASIA_MORNING_LIT,TRAINABLE,DOWN,DOWN,-0.0006291625445324911,-0.0006333333256807,False,4.1707811482088976e-06
2024-07-23,SOBTI_5_ET,ASIA_AFTERNOON_LIT,TRAINABLE,DOWN,DOWN,-0.00037602762346578,-0.0004135572815141,False,3.7529658048320003e-05
2024-07-23,SOBTI_5_ET,EUROPE_LIT,TRAINABLE,UP,UP,0.006201742432591306,0.0063062203520396,False,0.00010447791944829393
2024-07-23,SOBTI_5_ET,NY_LONDON_LIT,TRAINABLE,DOWN,DOWN,-0.0015240911698155557,-0.0015240911698155,False,5.572799166575493e-17
2024-07-23,SOBTI_5_ET,US_LATE_LIT,TRAINABLE,UP,UP,0.0017135637701792827,0.0017135637701792,False,8.283304597789254e-17
2024-07-24,SOBTI_5_ET,ASIA_MORNING_LIT,TRAINABLE,UP,UP,0.003670539407554241,0.0036871646226683,False,1.662521511405909e-05
2024-07-24,SOBTI_5_ET,ASIA_AFTERNOON_LIT,TRAINABLE,UP,UP,0.0007165110214852888,0.0008739506072592,False,0.00015743958577391125
2024-07-24,SOBTI_5_ET,EUROPE_LIT,TRAINABLE,UP,UP,0.00041381135795148793,0.000430380364724,False,1.6569006772512045e-05
2024-07-24,SOBTI_5_ET,NY_LONDON_LIT,TRAINABLE,DOWN,DOWN,-0.0037723856811554546,-0.0038592321368617,False,8.684645570624554e-05
2024-07-24,SOBTI_5_ET,US_LATE_LIT,TRAINABLE,DOWN,DOWN,-0.004613315744386504,-0.0045842201697963,False,2.9095574590203357e-05
2024-07-25,SOBTI_5_ET,ASIA_MORNING_LIT,TRAINABLE,DOWN,DOWN,-0.010829148732738658,-0.0109626653342621,False,0.00013351660152344236
2024-07-25,SOBTI_5_ET,ASIA_AFTERNOON_LIT,TRAINABLE,UP,UP,0.0006913182794470174,0.000556388350182,False,0.00013492992926501736
2024-07-25,SOBTI_5_ET,EUROPE_LIT,TRAINABLE,DOWN,DOWN,-0.0020391668305708155,-0.0020391668305708,False,1.5612511283791264e-17
2024-07-25,SOBTI_5_ET,NY_LONDON_LIT,TRAINABLE,DOWN,DOWN,-0.004395068631467103,-0.0044119731313023,False,1.6904499835197415e-05
2024-07-25,SOBTI_5_ET,US_LATE_LIT,TRAINABLE,UP,UP,0.001954969020417252,0.0019422344610069,False,1.2734559410352165e-05
2024-07-26,SOBTI_5_ET,ASIA_MORNING_LIT,TRAINABLE,UP,UP,0.005849195683376385,0.0058534323079946,False,4.236624618215133e-06
2024-07-26,SOBTI_5_ET,ASIA_AFTERNOON_LIT,TRAINABLE,DOWN,DOWN,-0.00038782382710100816,-0.0004131437033859,False,2.5319876284891863e-05
2024-07-26,SOBTI_5_ET,EUROPE_LIT,TRAINABLE,UP,UP,0.0009658422592673244,0.0007338544762056,False,0.00023198778306172442
2024-07-26,SOBTI_5_ET,NY_LONDON_LIT,TRAINABLE,UP,UP,0.005360810315700126,0.0053397168259907,False,2.1093489709426462e-05
2024-07-26,SOBTI_5_ET,US_LATE_LIT,NOT_ELIGIBLE_WEEKLY_CLOSE_FRIDAY,,,,,False,
2024-07-29,SOBTI_5_ET,ASIA_MORNING_LIT,TRAINABLE,DOWN,DOWN,-0.0030366563692644233,-0.0030532308403143,False,1.6574471049876725e-05
2024-07-29,SOBTI_5_ET,ASIA_AFTERNOON_LIT,TRAINABLE,DOWN,DOWN,-0.0008019213834521421,-0.0008228265072292,False,2.090512377705782e-05
2024-07-29,SOBTI_5_ET,EUROPE_LIT,TRAINABLE,DOWN,DOWN,-0.0018434691908814083,-0.0018392847230349,False,4.1844678465082375e-06
2024-07-29,SOBTI_5_ET,NY_LONDON_LIT,TRAINABLE,DOWN,DOWN,-0.003563984074362092,-0.003580752788187,False,1.676871382490794e-05
2024-07-29,SOBTI_5_ET,US_LATE_LIT,TRAINABLE,UP,UP,0.001122178193131207,0.0011221781931312,False,6.938893903907228e-18
2024-07-30,SOBTI_5_ET,ASIA_MORNING_LIT,TRAINABLE,UP,UP,0.0011294303341631284,0.0009782442998549,False,0.00015118603430822834
2024-07-30,SOBTI_5_ET,ASIA_AFTERNOON_LIT,TRAINABLE,UP,UP,0.001202261748370903,0.0011896814197418,False,1.258032862910298e-05
2024-07-30,SOBTI_5_ET,EUROPE_LIT,TRAINABLE,DOWN,DOWN,-0.0011506758086394786,-0.001146487348696,False,4.188459943478507e-06
2024-07-30,SOBTI_5_ET,NY_LONDON_LIT,TRAINABLE,UP,UP,0.007657647869932838,0.0076576478699328,False,3.729655473350135e-17
2024-07-30,SOBTI_5_ET,US_LATE_LIT,TRAINABLE,UP,UP,0.0015091326703420282,0.0016379290683929,False,0.0001287963980508718
2024-07-31,SOBTI_5_ET,ASIA_MORNING_LIT,TRAINABLE,UP,UP,0.003586043061005295,0.0034615089422926,False,0.00012453411871269499
2024-07-31,SOBTI_5_ET,ASIA_AFTERNOON_LIT,TRAINABLE,DOWN,DOWN,-0.001515903793404827,-0.0015695486067753,False,5.3644813370473015e-05
2024-07-31,SOBTI_5_ET,EUROPE_LIT,TRAINABLE,UP,UP,0.0009638109891456637,0.0010052206542343,False,4.1409665088636355e-05
2024-07-31,SOBTI_5_ET,NY_LONDON_LIT,TRAINABLE,UP,UP,0.002219296297202522,0.0022895187180833,False,7.02224208807777e-05
2024-07-31,SOBTI_5_ET,US_LATE_LIT,TRAINABLE,UP,UP,0.009203089838660805,0.0092030898386608,False,5.204170427930421e-18
2024-08-01,SOBTI_5_ET,ASIA_MORNING_LIT,TRAINABLE,DOWN,DOWN,-0.0017323050444392196,-0.0018181891723244,False,8.588412788518036e-05
2024-08-01,SOBTI_5_ET,ASIA_AFTERNOON_LIT,TRAINABLE,DOWN,DOWN,-0.0014018596763367697,-0.0014059509013355,False,4.091224998730271e-06
2024-08-01,SOBTI_5_ET,EUROPE_LIT,TRAINABLE,DOWN,DOWN,-0.0009741615670286752,-0.0009700645818698,False,4.096985158875141e-06
2024-08-01,SOBTI_5_ET,NY_LONDON_LIT,TRAINABLE,DOWN,DOWN,-0.001958212051916819,-0.0019419106201468,False,1.630143177001886e-05
2024-08-01,SOBTI_5_ET,US_LATE_LIT,TRAINABLE,UP,UP,0.005319955886130101,0.0053240648286874,False,4.108942557298767e-06
2024-08-02,SOBTI_5_ET,ASIA_MORNING_LIT,TRAINABLE,UP,UP,0.002323258852652721,0.0022864742134411,False,3.678463921162091e-05
2024-08-02,SOBTI_5_ET,ASIA_AFTERNOON_LIT,TRAINABLE,UP,UP,0.001765167096511533,0.0018303098580367,False,6.514276152516717e-05
2024-08-02,SOBTI_5_ET,EUROPE_LIT,TRAINABLE,DOWN,DOWN,-0.0015427915414401028,-0.0015103811655888,False,3.241037585130285e-05
2024-08-02,SOBTI_5_ET,NY_LONDON_LIT,TRAINABLE,DOWN,DOWN,-0.010921395355970809,-0.0108929044341046,False,2.8490921866209176e-05
2024-08-02,SOBTI_5_ET,US_LATE_LIT,NOT_ELIGIBLE_WEEKLY_CLOSE_FRIDAY,,,,,False,
2024-08-05,SOBTI_5_ET,ASIA_MORNING_LIT,TRAINABLE,UP,UP,0.009161068639275571,0.0091610686392755,False,7.112366251504909e-17
2024-08-05,SOBTI_5_ET,ASIA_AFTERNOON_LIT,TRAINABLE,DOWN,DOWN,-0.001313044450629186,-0.0012475355900833,False,6.5508860545886e-05
2024-08-05,SOBTI_5_ET,EUROPE_LIT,TRAINABLE,DOWN,DOWN,-0.0225078768002126,-0.0228150259975584,False,0.00030714919734579904
2024-08-05,SOBTI_5_ET,NY_LONDON_LIT,TRAINABLE,UP,UP,0.008327341338278282,0.0082099824730739,False,0.0001173588652043818
2024-08-05,SOBTI_5_ET,US_LATE_LIT,TRAINABLE,UP,UP,0.00427321485993315,0.0043148237133168,False,4.1608853383650474e-05
2024-08-06,SOBTI_5_ET,ASIA_MORNING_LIT,TRAINABLE,DOWN,DOWN,-0.0025909877709723306,-0.0025909877709723,False,3.0357660829594124e-17
2024-08-06,SOBTI_5_ET,ASIA_AFTERNOON_LIT,TRAINABLE,DOWN,DOWN,-0.0013405800420288605,-0.0012948796759498,False,4.570036607906059e-05
2024-08-06,SOBTI_5_ET,EUROPE_LIT,TRAINABLE,UP,UP,0.0019407298271538753,0.0020820647551433,False,0.0001413349279894248
2024-08-06,SOBTI_5_ET,NY_LONDON_LIT,TRAINABLE,DOWN,DOWN,-0.007070953928150714,-0.0070875592164215,False,1.660528827078598e-05
2024-08-06,SOBTI_5_ET,US_LATE_LIT,TRAINABLE,DOWN,DOWN,-0.003186831534343737,-0.0034667466692305,False,0.00027991513488676316
2024-08-07,SOBTI_5_ET,ASIA_MORNING_LIT,TRAINABLE,UP,UP,6.71275739385635e-05,2.0977497834362424e-05,False,4.6150076104201077e-05
2024-08-07,SOBTI_5_ET,ASIA_AFTERNOON_LIT,TRAINABLE,DOWN,DOWN,-0.0013318387010788912,-0.0013193008112774,False,1.2537889801491134e-05
2024-08-07,SOBTI_5_ET,EUROPE_LIT,TRAINABLE,UP,UP,0.0038336106809722104,0.0038629044044089,False,2.9293723436689574e-05
2024-08-07,SOBTI_5_ET,NY_LONDON_LIT,TRAINABLE,DOWN,DOWN,-0.004851658800755332,-0.0049807848299713,False,0.00012912602921596843
2024-08-07,SOBTI_5_ET,US_LATE_LIT,TRAINABLE,DOWN,DOWN,-0.0014984053577326018,-0.0015109741028144,False,1.2568745081798253e-05
2024-08-08,SOBTI_5_ET,ASIA_MORNING_LIT,TRAINABLE,UP,UP,0.001697671565303871,0.001693475643681,False,4.195921622870925e-06
2024-08-08,SOBTI_5_ET,ASIA_AFTERNOON_LIT,TRAINABLE,UP,UP,0.00043426558747006183,0.0004384452329939,False,4.179645523838147e-06
2024-08-08,SOBTI_5_ET,EUROPE_LIT,TRAINABLE,UP,UP,0.006815587739579909,0.0068281211809235,False,1.2533441343590482e-05
2024-08-08,SOBTI_5_ET,NY_LONDON_LIT,TRAINABLE,UP,UP,0.00543032704912938,0.0054261775685047,False,4.149480624679978e-06
2024-08-08,SOBTI_5_ET,US_LATE_LIT,TRAINABLE,DOWN,DOWN,-0.0006060632447572045,-0.0005482840362561,False,5.77792085011045e-05
2024-08-09,SOBTI_5_ET,ASIA_MORNING_LIT,TRAINABLE,DOWN,DOWN,-0.0008663385344324093,-0.0008663385344324,False,9.215718466126788e-18
2024-08-09,SOBTI_5_ET,ASIA_AFTERNOON_LIT,TRAINABLE,UP,UP,0.0008627929451689997,0.000796678606505,False,6.611433866399977e-05
2024-08-09,SOBTI_5_ET,EUROPE_LIT,TRAINABLE,UP,UP,0.0009941264227901758,0.0009899975659954,False,4.128856794775914e-06
2024-08-09,SOBTI_5_ET,NY_LONDON_LIT,TRAINABLE,UP,UP,0.0005727253879035388,0.000535705444707,False,3.701994319653878e-05
2024-08-09,SOBTI_5_ET,US_LATE_LIT,NOT_ELIGIBLE_WEEKLY_CLOSE_FRIDAY,,,,,False,
2024-08-12,SOBTI_5_ET,ASIA_MORNING_LIT,TRAINABLE,DOWN,DOWN,-0.0004940993717897912,-0.0004612280414426,False,3.287133034719124e-05
2024-08-12,SOBTI_5_ET,ASIA_AFTERNOON_LIT,TRAINABLE,UP,UP,0.0023591560619207197,0.0023797267806429,False,2.0570718722180432e-05
2024-08-12,SOBTI_5_ET,EUROPE_LIT,TRAINABLE,UP,UP,0.0011603084524598462,0.0011438909466603,False,1.641750579954625e-05
2024-08-12,SOBTI_5_ET,NY_LONDON_LIT,TRAINABLE,UP,UP,0.011500453033827629,0.011430860747071,False,6.959228675662912e-05
2024-08-12,SOBTI_5_ET,US_LATE_LIT,TRAINABLE,UP,UP,0.001052758360531758,0.0010649184211379,False,1.2160060606141842e-05
2024-08-13,SOBTI_5_ET,ASIA_MORNING_LIT,TRAINABLE,DOWN,DOWN,-0.0038063054329879886,-0.0038225015995333,False,1.61961665453114e-05
2024-08-13,SOBTI_5_ET,ASIA_AFTERNOON_LIT,TRAINABLE,UP,UP,0.0018413559141365887,0.0018454247553365,False,4.068841199911244e-06
2024-08-13,SOBTI_5_ET,EUROPE_LIT,TRAINABLE,UP,UP,0.0004707104408387952,0.0004463423630935,False,2.436807774529521e-05
2024-08-13,SOBTI_5_ET,NY_LONDON_LIT,TRAINABLE,UP,UP,0.0008556492648299496,0.0008029767052686,False,5.267255956134965e-05
2024-08-13,SOBTI_5_ET,US_LATE_LIT,TRAINABLE,DOWN,DOWN,-0.0008145012827581732,-0.0008145012827581,False,7.32920668600201e-17
2024-08-14,SOBTI_5_ET,ASIA_MORNING_LIT,TRAINABLE,DOWN,DOWN,-0.0023765841714630254,-0.0023967807022001,False,2.0196530737074617e-05
2024-08-14,SOBTI_5_ET,ASIA_AFTERNOON_LIT,TRAINABLE,UP,UP,0.003103728565246433,0.00309966197228,False,4.066592966432952e-06
2024-08-14,SOBTI_5_ET,EUROPE_LIT,TRAINABLE,UP,UP,0.0022923517118178527,0.0022801896312572,False,1.216208056065279e-05
2024-08-14,SOBTI_5_ET,NY_LONDON_LIT,TRAINABLE,DOWN,DOWN,-0.012481974003968332,-0.0124779292000347,False,4.044803933633129e-06
2024-08-14,SOBTI_5_ET,US_LATE_LIT,TRAINABLE,UP,UP,0.0025696756237847396,0.0025452024446663,False,2.447317911843938e-05
2024-08-15,SOBTI_5_ET,ASIA_MORNING_LIT,TRAINABLE,UP,UP,0.0008284410153736044,0.0008406975573098,False,1.2256541936195666e-05
2024-08-15,SOBTI_5_ET,ASIA_AFTERNOON_LIT,TRAINABLE,UP,UP,0.0013290969233306082,0.0013250158731854,False,4.081050145208261e-06
2024-08-15,SOBTI_5_ET,EUROPE_LIT,TRAINABLE,UP,UP,0.0030781380058106933,0.0031106414151091,False,3.25034092984065e-05
2024-08-15,SOBTI_5_ET,NY_LONDON_LIT,TRAINABLE,DOWN,DOWN,-0.002601751907141514,-0.0026098779296879,False,8.126022546385992e-06
2024-08-15,SOBTI_5_ET,US_LATE_LIT,TRAINABLE,UP,UP,0.00046388660351825983,0.0005615522958029,False,9.766569228464013e-05
2024-08-16,SOBTI_5_ET,ASIA_MORNING_LIT,TRAINABLE,DOWN,DOWN,-0.00283895987712135,-0.0028389598771213,False,4.9873299934333204e-17
2024-08-16,SOBTI_5_ET,ASIA_AFTERNOON_LIT,TRAINABLE,DOWN,DOWN,-0.0004849218617822837,-0.0005215332708135,False,3.661140903121632e-05
2024-08-16,SOBTI_5_ET,EUROPE_LIT,TRAINABLE,UP,UP,0.008020027398677687,0.0080200273986776,False,8.673617379884035e-17
2024-08-16,SOBTI_5_ET,NY_LONDON_LIT,TRAINABLE,UP,UP,0.010937332808007794,0.0109535284499384,False,1.6195641930605992e-05
2024-08-16,SOBTI_5_ET,US_LATE_LIT,NOT_ELIGIBLE_WEEKLY_CLOSE_FRIDAY,,,,,False,
2024-08-19,SOBTI_5_ET,ASIA_MORNING_LIT,TRAINABLE,DOWN,DOWN,-4.800747957489637e-05,-0.0001319206531642,False,8.391317358930362e-05
2024-08-19,SOBTI_5_ET,ASIA_AFTERNOON_LIT,TRAINABLE,UP,UP,0.0012356603543097755,0.0012595770835281,False,2.3916729218324525e-05
2024-08-19,SOBTI_5_ET,EUROPE_LIT,TRAINABLE,DOWN,DOWN,-0.003734100002024454,-0.0037221067590246,False,1.1993242999854253e-05
2024-08-19,SOBTI_5_ET,NY_LONDON_LIT,TRAINABLE,UP,UP,0.003431349316391996,0.0034474000496009,False,1.605073320890384e-05
2024-08-19,SOBTI_5_ET,US_LATE_LIT,TRAINABLE,UP,UP,0.000731099135049984,0.0007350976330624,False,3.998498012415985e-06
2024-08-20,SOBTI_5_ET,ASIA_MORNING_LIT,TRAINABLE,DOWN,DOWN,-0.0014969876434962615,-0.001516967443906,False,1.9979800409738535e-05
2024-08-20,SOBTI_5_ET,ASIA_AFTERNOON_LIT,TRAINABLE,UP,UP,0.0012666911651721957,0.0012506912931709,False,1.5999872001295655e-05
2024-08-20,SOBTI_5_ET,EUROPE_LIT,TRAINABLE,UP,UP,0.00824942463031264,0.008281284627992,False,3.185999767935967e-05
2024-08-20,SOBTI_5_ET,NY_LONDON_LIT,TRAINABLE,DOWN,DOWN,-0.00478936450242895,-0.0047854023426774,False,3.9621597515502455e-06
2024-08-20,SOBTI_5_ET,US_LATE_LIT,TRAINABLE,DOWN,DOWN,-0.00029431135474178305,-0.0002823677203914,False,1.194363435038303e-05
2024-08-21,SOBTI_5_ET,ASIA_MORNING_LIT,TRAINABLE,DOWN,DOWN,-1.5929343733067647e-05,-7.566438273143294e-05,False,5.97350389983653e-05
2024-08-21,SOBTI_5_ET,ASIA_AFTERNOON_LIT,TRAINABLE,DOWN,DOWN,-0.0009260202837262366,-0.0009339766311822,False,7.956347455963459e-06
2024-08-21,SOBTI_5_ET,EUROPE_LIT,TRAINABLE,DOWN,DOWN,-0.0007756734979716962,-0.0007398364634669,False,3.58370345047962e-05
2024-08-21,SOBTI_5_ET,NY_LONDON_LIT,TRAINABLE,UP,UP,0.0026352775643883053,0.0026552017686547,False,1.9924204266394754e-05
2024-08-21,SOBTI_5_ET,US_LATE_LIT,TRAINABLE,DOWN,DOWN,-0.001957338980756118,-0.0020248026241769,False,6.746364342078174e-05
2024-08-22,SOBTI_5_ET,ASIA_MORNING_LIT,TRAINABLE,DOWN,DOWN,-0.004268786721704498,-0.0042687867217044,False,9.80118763926896e-17
2024-08-22,SOBTI_5_ET,ASIA_AFTERNOON_LIT,TRAINABLE,UP,UP,0.0010065862880821452,0.0008787392096911,False,0.00012784707839104523
2024-08-22,SOBTI_5_ET,EUROPE_LIT,TRAINABLE,DOWN,DOWN,-0.0024583295283875373,-0.0024264705489137,False,3.1858979473837166e-05
2024-08-22,SOBTI_5_ET,NY_LONDON_LIT,TRAINABLE,DOWN,DOWN,-0.006252827645983561,-0.0062848641323729,False,3.203648638933944e-05
2024-08-22,SOBTI_5_ET,US_LATE_LIT,TRAINABLE,UP,UP,0.002459845707863506,0.0024155173413733,False,4.432836649020597e-05
2024-08-23,SOBTI_5_ET,ASIA_MORNING_LIT,TRAINABLE,UP,UP,0.0012530900644935894,0.0012691711752692,False,1.608111077561051e-05
2024-08-23,SOBTI_5_ET,ASIA_AFTERNOON_LIT,TRAINABLE,DOWN,DOWN,-0.001214450626573771,-0.0012345109077789,False,2.006028120512919e-05
2024-08-23,SOBTI_5_ET,EUROPE_LIT,TRAINABLE,UP,UP,0.0039007265099213484,0.003860556357019,False,4.01701529023483e-05
2024-08-23,SOBTI_5_ET,NY_LONDON_LIT,TRAINABLE,UP,UP,0.0038976302096513926,0.0038656176735296,False,3.201253612179246e-05
2024-08-23,SOBTI_5_ET,US_LATE_LIT,NOT_ELIGIBLE_WEEKLY_CLOSE_FRIDAY,,,,,False,
2024-08-26,SOBTI_5_ET,ASIA_MORNING_LIT,TRAINABLE,DOWN,DOWN,-0.0008910772358367014,-0.0008671851207894,False,2.3892115047301405e-05
2024-08-26,SOBTI_5_ET,ASIA_AFTERNOON_LIT,TRAINABLE,UP,UP,0.0031230688936967343,0.0031230688936967,False,3.426078865054194e-17
2024-08-26,SOBTI_5_ET,EUROPE_LIT,TRAINABLE,UP,UP,0.003347780650899468,0.0033438054944596,False,3.975156439867816e-06
2024-08-26,SOBTI_5_ET,NY_LONDON_LIT,TRAINABLE,DOWN,DOWN,-0.0040727470377251995,-0.004060861311961,False,1.188572576419928e-05
2024-08-26,SOBTI_5_ET,US_LATE_LIT,TRAINABLE,DOWN,DOWN,-0.0012200730989929687,-0.0012716885651214,False,5.161546612843129e-05
2024-08-27,SOBTI_5_ET,ASIA_MORNING_LIT,TRAINABLE,DOWN,DOWN,-0.002069237114749267,-0.0021249014315029,False,5.5664316753632846e-05
2024-08-27,SOBTI_5_ET,ASIA_AFTERNOON_LIT,TRAINABLE,UP,UP,0.00036243885440101486,0.000350477189184,False,1.1961665217014885e-05
2024-08-27,SOBTI_5_ET,EUROPE_LIT,TRAINABLE,UP,UP,4.782989758034262e-05,3.587242318525696e-05,False,1.1957474395085654e-05
2024-08-27,SOBTI_5_ET,NY_LONDON_LIT,TRAINABLE,UP,UP,0.004985096516351151,0.0050209676527519,False,3.587113640074902e-05
2024-08-27,SOBTI_5_ET,US_LATE_LIT,TRAINABLE,UP,UP,0.00015446693259102418,0.0001505011627709,False,3.965769820124185e-06
2024-08-28,SOBTI_5_ET,ASIA_MORNING_LIT,TRAINABLE,DOWN,DOWN,-0.0036680861299600576,-0.0036799816491315,False,1.189551917144243e-05
2024-08-28,SOBTI_5_ET,ASIA_AFTERNOON_LIT,TRAINABLE,UP,UP,0.00010762742554870641,0.0001036375339489,False,3.9898915998064146e-06
2024-08-28,SOBTI_5_ET,EUROPE_LIT,TRAINABLE,DOWN,DOWN,-0.0030210353106280285,-0.0030050773980681,False,1.5957912559928702e-05
2024-08-28,SOBTI_5_ET,NY_LONDON_LIT,TRAINABLE,UP,UP,0.0010713034809166633,0.0010993140016795,False,2.8010520762836687e-05
2024-08-28,SOBTI_5_ET,US_LATE_LIT,TRAINABLE,UP,UP,0.0032303667701594208,0.0032303667701594,False,2.0816681711721685e-17
2024-08-29,SOBTI_5_ET,ASIA_MORNING_LIT,TRAINABLE,UP,UP,0.0009870960431099807,0.0009870960431099,False,8.066464163292153e-17
2024-08-29,SOBTI_5_ET,ASIA_AFTERNOON_LIT,TRAINABLE,UP,UP,0.0005960304609711198,0.0004808813494479,False,0.0001151491115232198
2024-08-29,SOBTI_5_ET,EUROPE_LIT,TRAINABLE,UP,UP,0.0008260307996221794,0.0008379575940777,False,1.192679445552057e-05
2024-08-29,SOBTI_5_ET,NY_LONDON_LIT,TRAINABLE,UP,UP,0.002007983849109163,0.0019523724721211,False,5.5611376988062844e-05
2024-08-29,SOBTI_5_ET,US_LATE_LIT,TRAINABLE,DOWN,DOWN,-0.002823837993188638,-0.0028159089345476,False,7.929058641038041e-06
2024-08-30,SOBTI_5_ET,ASIA_MORNING_LIT,TRAINABLE,DOWN,DOWN,-0.0014139678437277148,-0.0014139678437277,False,1.474514954580286e-17
2024-08-30,SOBTI_5_ET,ASIA_AFTERNOON_LIT,TRAINABLE,UP,UP,0.0023547347445826983,0.0024104774693767,False,5.5742724794001844e-05
2024-08-30,SOBTI_5_ET,EUROPE_LIT,TRAINABLE,DOWN,DOWN,-0.00021826427258775372,-0.0002222363212535,False,3.972048665746273e-06
2024-08-30,SOBTI_5_ET,NY_LONDON_LIT,TRAINABLE,DOWN,DOWN,-0.006362259007317572,-0.0063781507336994,False,1.58917263818276e-05
2024-08-30,SOBTI_5_ET,US_LATE_LIT,NOT_ELIGIBLE_WEEKLY_CLOSE_FRIDAY,,,,,False,
2024-09-02,SOBTI_5_ET,ASIA_MORNING_LIT,TRAINABLE,DOWN,DOWN,-0.0026863009278009775,-0.002550450245833,False,0.0001358506819679776
2024-09-02,SOBTI_5_ET,ASIA_AFTERNOON_LIT,TRAINABLE,UP,UP,0.0007170883613201173,0.0007210983602625,False,4.0099989423827195e-06
2024-09-02,SOBTI_5_ET,EUROPE_LIT,TRAINABLE,UP,UP,0.0007485292410256417,0.0007125653338826,False,3.596390714304164e-05
2024-09-02,SOBTI_5_ET,NY_LONDON_LIT,TRAINABLE,DOWN,DOWN,-0.00014805747034807304,-0.000148057470348,False,7.304812137121086e-17
2024-09-02,SOBTI_5_ET,US_LATE_LIT,EXCLUDE_START_BOUNDARY_MISSING,,DOWN,,-0.001548276253145,False,
2024-09-03,SOBTI_5_ET,ASIA_MORNING_LIT,TRAINABLE,UP,UP,0.00012013142650535436,0.000104187365596,False,1.594406090935435e-05
2024-09-03,SOBTI_5_ET,ASIA_AFTERNOON_LIT,TRAINABLE,UP,UP,0.002288772092908342,0.0022847596990123,False,4.012393896042372e-06
2024-09-03,SOBTI_5_ET,EUROPE_LIT,TRAINABLE,DOWN,DOWN,-0.004315204793281402,-0.0044511152437475,False,0.00013591045046609795
2024-09-03,SOBTI_5_ET,NY_LONDON_LIT,TRAINABLE,DOWN,DOWN,-1.608458408763891e-05,-1.2063438065812448e-05,False,4.0211460218264605e-06
2024-09-03,SOBTI_5_ET,US_LATE_LIT,TRAINABLE,UP,UP,0.001285476667378438,0.0011890684280608,False,9.640823931763784e-05
2024-09-04,SOBTI_5_ET,ASIA_MORNING_LIT,TRAINABLE,UP,UP,0.0008867257489220126,0.0008666436552489,False,2.0082093673112603e-05
2024-09-04,SOBTI_5_ET,ASIA_AFTERNOON_LIT,TRAINABLE,DOWN,DOWN,-0.004796102967852822,-0.0047520844889386,False,4.401847891422235e-05
2024-09-04,SOBTI_5_ET,EUROPE_LIT,TRAINABLE,UP,UP,0.0021619624682764904,0.0020895242533174,False,7.243821495909021e-05
2024-09-04,SOBTI_5_ET,NY_LONDON_LIT,TRAINABLE,UP,UP,0.0018801694636547683,0.001888212531107,False,8.04306745223163e-06
2024-09-04,SOBTI_5_ET,US_LATE_LIT,TRAINABLE,UP,UP,0.0005774079601932325,0.0005613521420855,False,1.6055818107732446e-05
2024-09-05,SOBTI_5_ET,ASIA_MORNING_LIT,TRAINABLE,UP,UP,0.0006973348969487869,0.000673264681654,False,2.407021529478694e-05
2024-09-05,SOBTI_5_ET,ASIA_AFTERNOON_LIT,TRAINABLE,UP,UP,0.004307667562107209,0.0043116787018557,False,4.011139748490503e-06
2024-09-05,SOBTI_5_ET,EUROPE_LIT,TRAINABLE,UP,UP,0.0035749607133603867,0.0036787028656781,False,0.00010374215231771311
2024-09-05,SOBTI_5_ET,NY_LONDON_LIT,TRAINABLE,UP,UP,9.540335322499871e-05,5.1631265956197936e-05,False,4.3772087268800774e-05
2024-09-05,SOBTI_5_ET,US_LATE_LIT,TRAINABLE,UP,UP,0.0001710000617691776,0.0001630419113369,False,7.958150432277604e-06
2024-09-06,SOBTI_5_ET,ASIA_MORNING_LIT,TRAINABLE,UP,UP,0.0005484274931568667,0.0005762764791175,False,2.7848985960633363e-05
2024-09-06,SOBTI_5_ET,ASIA_AFTERNOON_LIT,TRAINABLE,DOWN,DOWN,-0.000523687682769558,-0.0005197165950965,False,3.9710876730580155e-06
2024-09-06,SOBTI_5_ET,EUROPE_LIT,TRAINABLE,DOWN,DOWN,-0.0012144947068180034,-0.0011748624105395,False,3.9632296278503416e-05
2024-09-06,SOBTI_5_ET,NY_LONDON_LIT,TRAINABLE,DOWN,DOWN,-0.008090708102499788,-0.0080192057863103,False,7.150231618948885e-05
2024-09-06,SOBTI_5_ET,US_LATE_LIT,NOT_ELIGIBLE_WEEKLY_CLOSE_FRIDAY,,,,,False,
2024-09-09,SOBTI_5_ET,ASIA_MORNING_LIT,TRAINABLE,UP,UP,0.0007651764275244943,0.0007731971321955,False,8.02070467100565e-06
2024-09-09,SOBTI_5_ET,ASIA_AFTERNOON_LIT,TRAINABLE,DOWN,DOWN,-0.0012094068210712905,-0.0013816771580009,False,0.0001722703369296094
2024-09-09,SOBTI_5_ET,EUROPE_LIT,TRAINABLE,UP,UP,0.0014477154585206264,0.0016522381353918,False,0.00020452267687117364
2024-09-09,SOBTI_5_ET,NY_LONDON_LIT,TRAINABLE,UP,UP,0.0015374011938114052,0.0015653540155817,False,2.795282177029475e-05
2024-09-09,SOBTI_5_ET,US_LATE_LIT,TRAINABLE,UP,UP,0.0015149919018340174,0.001514991901834,False,1.734723475976807e-17
2024-09-10,SOBTI_5_ET,ASIA_MORNING_LIT,TRAINABLE,DOWN,DOWN,-0.0009418794078729364,-0.0009299934617718,False,1.1885946101136452e-05
2024-09-10,SOBTI_5_ET,ASIA_AFTERNOON_LIT,TRAINABLE,UP,UP,0.0007310056651221863,0.000691021802625,False,3.9983862497186356e-05
2024-09-10,SOBTI_5_ET,EUROPE_LIT,TRAINABLE,DOWN,DOWN,-0.00020357730278763864,-0.0002474293889903,False,4.385208620266137e-05
2024-09-10,SOBTI_5_ET,NY_LONDON_LIT,TRAINABLE,UP,UP,0.0038728228375009,0.0038848126796968,False,1.1989842195899835e-05
2024-09-10,SOBTI_5_ET,US_LATE_LIT,TRAINABLE,UP,UP,0.0009106886109455647,0.0007834907318595,False,0.0001271978790860647
2024-09-11,SOBTI_5_ET,ASIA_MORNING_LIT,TRAINABLE,UP,UP,0.0010014703733614017,0.0010451293662336,False,4.3658992872198325e-05
2024-09-11,SOBTI_5_ET,ASIA_AFTERNOON_LIT,TRAINABLE,UP,UP,0.0024667247830356676,0.0024627550026223,False,3.969780413367544e-06
2024-09-11,SOBTI_5_ET,EUROPE_LIT,TRAINABLE,DOWN,DOWN,-0.0021560393306483405,-0.0022233598038446,False,6.732047319625957e-05
2024-09-11,SOBTI_5_ET,NY_LONDON_LIT,TRAINABLE,DOWN,DOWN,-0.0037467985171907303,-0.0036991722929373,False,4.762622425343033e-05
2024-09-11,SOBTI_5_ET,US_LATE_LIT,TRAINABLE,DOWN,DOWN,-0.00021491477155255456,-0.0002627178275463,False,4.7803055993745464e-05
2024-09-12,SOBTI_5_ET,ASIA_MORNING_LIT,TRAINABLE,UP,UP,0.0007324761949913938,0.0006807754585027,False,5.1700736488693826e-05
2024-09-12,SOBTI_5_ET,ASIA_AFTERNOON_LIT,TRAINABLE,DOWN,DOWN,-0.00082209207907602,-0.000778364592387,False,4.3727486689019946e-05
2024-09-12,SOBTI_5_ET,EUROPE_LIT,TRAINABLE,UP,UP,0.001375134386682575,0.0014466461345561,False,7.151174787352506e-05
2024-09-12,SOBTI_5_ET,NY_LONDON_LIT,TRAINABLE,UP,UP,0.013890377253835684,0.0138943499017303,False,3.972647894616085e-06
2024-09-12,SOBTI_5_ET,US_LATE_LIT,TRAINABLE,UP,UP,0.0027086592087988137,0.0027243320366234,False,1.567282782458622e-05
2024-09-13,SOBTI_5_ET,ASIA_MORNING_LIT,TRAINABLE,UP,UP,0.0022211578682349575,0.0022056252138349,False,1.553265440005754e-05
2024-09-13,SOBTI_5_ET,ASIA_AFTERNOON_LIT,TRAINABLE,DOWN,DOWN,-0.0018288241812101091,-0.0017820836072366,False,4.6740573973509105e-05
2024-09-13,SOBTI_5_ET,EUROPE_LIT,TRAINABLE,UP,UP,0.0007990332391667465,0.0008458572574556,False,4.68240182888535e-05
2024-09-13,SOBTI_5_ET,NY_LONDON_LIT,TRAINABLE,UP,UP,0.0061888086076149484,0.0061810112000606,False,7.797407554348268e-06
2024-09-13,SOBTI_5_ET,US_LATE_LIT,NOT_ELIGIBLE_WEEKLY_CLOSE_FRIDAY,,,,,False,
2024-09-16,SOBTI_5_ET,ASIA_MORNING_LIT,TRAINABLE,UP,UP,0.0017703980864685054,0.0017703980864685,False,5.421010862427522e-18
2024-09-16,SOBTI_5_ET,ASIA_AFTERNOON_LIT,TRAINABLE,DOWN,DOWN,-0.0024424446420450163,-0.0025622699581747,False,0.00011982531612968368
2024-09-16,SOBTI_5_ET,EUROPE_LIT,TRAINABLE,UP,UP,0.0008098075623870216,0.000813685561789,False,3.877999401978387e-06
2024-09-16,SOBTI_5_ET,NY_LONDON_LIT,TRAINABLE,DOWN,DOWN,-0.0004994204439057182,-0.0005187966120631,False,1.9376168157381884e-05
2024-09-16,SOBTI_5_ET,US_LATE_LIT,TRAINABLE,DOWN,DOWN,-0.0005383560677402199,-0.0005344788226071,False,3.8772451331199696e-06
2024-09-17,SOBTI_5_ET,ASIA_MORNING_LIT,TRAINABLE,DOWN,DOWN,-0.00022480670355551347,-0.0002364446591957,False,1.1637955640186529e-05
2024-09-17,SOBTI_5_ET,ASIA_AFTERNOON_LIT,TRAINABLE,UP,UP,0.0034159166074532177,0.0034470004956232,False,3.108388816998233e-05
2024-09-17,SOBTI_5_ET,EUROPE_LIT,TRAINABLE,DOWN,DOWN,-0.002000010778818173,-0.0019961385433518,False,3.8722354663732125e-06
2024-09-17,SOBTI_5_ET,NY_LONDON_LIT,TRAINABLE,DOWN,DOWN,-0.004143532283264806,-0.0041357723223752,False,7.759960889606142e-06
2024-09-17,SOBTI_5_ET,US_LATE_LIT,TRAINABLE,UP,UP,0.0015024326318384684,0.0015024326318384,False,6.852157730108388e-17
2024-09-18,SOBTI_5_ET,ASIA_MORNING_LIT,TRAINABLE,UP,UP,0.0010181764790262449,0.0010065057321322,False,1.1670746894044959e-05
2024-09-18,SOBTI_5_ET,ASIA_AFTERNOON_LIT,TRAINABLE,UP,UP,0.0012119326376798245,0.0012002306923757,False,1.1701945304124503e-05
2024-09-18,SOBTI_5_ET,EUROPE_LIT,TRAINABLE,UP,UP,0.003175902486917348,0.0032187581829772,False,4.285569605985218e-05
2024-09-18,SOBTI_5_ET,NY_LONDON_LIT,TRAINABLE,UP,UP,0.006572006955535725,0.0069366654028375,False,0.00036465844730177496
2024-09-18,SOBTI_5_ET,US_LATE_LIT,TRAINABLE,DOWN,DOWN,-0.014151571940553054,-0.0142517503294403,False,0.00010017838888724644
2024-09-19,SOBTI_5_ET,ASIA_MORNING_LIT,TRAINABLE,UP,UP,0.002376442281170288,0.002372529801855,False,3.912479315287994e-06
2024-09-19,SOBTI_5_ET,ASIA_AFTERNOON_LIT,TRAINABLE,UP,UP,0.004059760069294205,0.0041064184303287,False,4.665836103449547e-05
2024-09-19,SOBTI_5_ET,EUROPE_LIT,TRAINABLE,UP,UP,0.003795104134092009,0.0037912237625732,False,3.880371518808715e-06
2024-09-19,SOBTI_5_ET,NY_LONDON_LIT,TRAINABLE,DOWN,DOWN,-0.0003668568085175572,-0.0004750003024796,False,0.00010814349396204282
2024-09-19,SOBTI_5_ET,US_LATE_LIT,TRAINABLE,DOWN,DOWN,-2.3205316884489235e-05,-2.3205316884489235e-05,False,0.0
2024-09-20,SOBTI_5_ET,ASIA_MORNING_LIT,TRAINABLE,UP,UP,0.0017039882647147397,0.0016962529795867,False,7.735285128039702e-06
2024-09-20,SOBTI_5_ET,ASIA_AFTERNOON_LIT,TRAINABLE,UP,UP,0.005348670680096701,0.0053833156548492,False,3.4644974752498676e-05
2024-09-20,SOBTI_5_ET,EUROPE_LIT,TRAINABLE,UP,UP,0.0025545750169562176,0.0024969833917105,False,5.759162524571768e-05
2024-09-20,SOBTI_5_ET,NY_LONDON_LIT,TRAINABLE,UP,UP,0.0022689179940018622,0.0023722290632679,False,0.00010331106926603781
2024-09-20,SOBTI_5_ET,US_LATE_LIT,NOT_ELIGIBLE_WEEKLY_CLOSE_FRIDAY,,,,,False,
2024-09-23,SOBTI_5_ET,ASIA_MORNING_LIT,TRAINABLE,UP,UP,0.004804469007893664,0.0047815309865837,False,2.2938021309963467e-05
2024-09-23,SOBTI_5_ET,ASIA_AFTERNOON_LIT,TRAINABLE,DOWN,DOWN,-0.0035720116997953744,-0.0035758196077809,False,3.807907985525511e-06
2024-09-23,SOBTI_5_ET,EUROPE_LIT,TRAINABLE,UP,UP,0.0018362678517243047,0.0018324462784822,False,3.821573242104815e-06
2024-09-23,SOBTI_5_ET,NY_LONDON_LIT,TRAINABLE,UP,UP,0.0015853423119145393,0.0015891568951378,False,3.8145832232606893e-06
2024-09-23,SOBTI_5_ET,US_LATE_LIT,TRAINABLE,DOWN,DOWN,-0.0011299922506097237,-0.0011566519667013,False,2.6659716091576285e-05
2024-09-24,SOBTI_5_ET,ASIA_MORNING_LIT,TRAINABLE,UP,UP,0.0026358888599200547,0.0026511406243843,False,1.5251764464245358e-05
2024-09-24,SOBTI_5_ET,ASIA_AFTERNOON_LIT,TRAINABLE,DOWN,DOWN,-0.003968919533314907,-0.003999275979057,False,3.0356445742092154e-05
2024-09-24,SOBTI_5_ET,EUROPE_LIT,TRAINABLE,DOWN,DOWN,-0.0003805986141780515,-0.0002892587527616,False,9.133986141645153e-05
2024-09-24,SOBTI_5_ET,NY_LONDON_LIT,TRAINABLE,UP,UP,0.011230907756621944,0.011253773123397,False,2.2865366775056892e-05
2024-09-24,SOBTI_5_ET,US_LATE_LIT,TRAINABLE,UP,UP,0.0017318088792119823,0.0017355773640017,False,3.768484789717615e-06
2024-09-25,SOBTI_5_ET,ASIA_MORNING_LIT,TRAINABLE,UP,UP,0.00031939040835116117,0.0002103876501722,False,0.00010900275817896118
2024-09-25,SOBTI_5_ET,ASIA_AFTERNOON_LIT,TRAINABLE,DOWN,DOWN,-0.001268383367318382,-0.001264615988855,False,3.767378463381951e-06
2024-09-25,SOBTI_5_ET,EUROPE_LIT,TRAINABLE,UP,UP,0.0014395476924546902,0.0014093705021906,False,3.017719026409023e-05
2024-09-25,SOBTI_5_ET,NY_LONDON_LIT,TRAINABLE,UP,UP,0.0014262211720563744,0.0014563558913358,False,3.0134719279425537e-05
2024-09-25,SOBTI_5_ET,US_LATE_LIT,TRAINABLE,DOWN,DOWN,-0.0008078473750663395,-0.0007966572290925,False,1.1190145973839576e-05
2024-09-26,SOBTI_5_ET,ASIA_MORNING_LIT,TRAINABLE,UP,UP,0.0006995130285811779,0.0007032773895145,False,3.7643609333220347e-06
2024-09-26,SOBTI_5_ET,ASIA_AFTERNOON_LIT,TRAINABLE,DOWN,DOWN,-0.0005293667312072925,-0.0005743732848666,False,4.5006553659307524e-05
2024-09-26,SOBTI_5_ET,EUROPE_LIT,TRAINABLE,UP,UP,0.007889219993608254,0.0079943269445514,False,0.00010510695094314605
2024-09-26,SOBTI_5_ET,NY_LONDON_LIT,TRAINABLE,DOWN,DOWN,-0.003167930241609551,-0.0032312590306277,False,6.332878901814864e-05
2024-09-26,SOBTI_5_ET,US_LATE_LIT,TRAINABLE,DOWN,DOWN,-0.0017348820708575907,-0.0017273964754968,False,7.4855953607906155e-06
2024-09-27,SOBTI_5_ET,ASIA_MORNING_LIT,TRAINABLE,UP,UP,0.000505590182759752,0.0005055901827597,False,5.193328406205566e-17
2024-09-27,SOBTI_5_ET,ASIA_AFTERNOON_LIT,TRAINABLE,DOWN,DOWN,-0.0016049309733587869,-0.0016086845356103,False,3.7535622515131456e-06
2024-09-27,SOBTI_5_ET,EUROPE_LIT,TRAINABLE,UP,UP,0.0013295871139278326,0.0013821281370507,False,5.254102312286747e-05
2024-09-27,SOBTI_5_ET,NY_LONDON_LIT,TRAINABLE,DOWN,DOWN,-0.007831355030917364,-0.0077488515315605,False,8.250349935686428e-05
2024-09-27,SOBTI_5_ET,US_LATE_LIT,NOT_ELIGIBLE_WEEKLY_CLOSE_FRIDAY,,,,,False,
2024-09-30,SOBTI_5_ET,ASIA_MORNING_LIT,TRAINABLE,DOWN,DOWN,-0.0024122070348850944,-0.0023821186981239,False,3.008833676119418e-05
2024-09-30,SOBTI_5_ET,ASIA_AFTERNOON_LIT,TRAINABLE,UP,UP,0.0007187489361730748,0.0007074478641053,False,1.1301072067774836e-05
2024-09-30,SOBTI_5_ET,EUROPE_LIT,TRAINABLE,DOWN,DOWN,-0.006550935695652127,-0.0065509356956521,False,2.688821387764051e-17
2024-09-30,SOBTI_5_ET,NY_LONDON_LIT,TRAINABLE,DOWN,DOWN,-0.005609986680016443,-0.0055834623945933,False,2.6524285423143446e-05
2024-09-30,SOBTI_5_ET,US_LATE_LIT,TRAINABLE,UP,UP,0.003623940826530392,0.0036201303673428,False,3.8104591875919545e-06
2024-10-01,SOBTI_5_ET,ASIA_MORNING_LIT,TRAINABLE,DOWN,DOWN,-9.482304160013388e-05,-8.343289784318308e-05,False,1.1390143756950799e-05
2024-10-01,SOBTI_5_ET,ASIA_AFTERNOON_LIT,TRAINABLE,DOWN,DOWN,-9.080418225471121e-05,-7.565438660717128e-05,False,1.5149795647539932e-05
2024-10-01,SOBTI_5_ET,EUROPE_LIT,TRAINABLE,UP,UP,0.0028493268458089638,0.0028493268458089,False,6.375108774214766e-17
2024-10-01,SOBTI_5_ET,NY_LONDON_LIT,TRAINABLE,UP,UP,0.004369396292684291,0.0043731732663225,False,3.776973638208725e-06
2024-10-01,SOBTI_5_ET,US_LATE_LIT,TRAINABLE,DOWN,DOWN,-0.0016342331378188524,-0.0016267120814249,False,7.5210563939523585e-06
2024-10-02,SOBTI_5_ET,ASIA_MORNING_LIT,TRAINABLE,UP,UP,0.0005456006079449516,0.0005493672634058,False,3.7666554608484573e-06
2024-10-02,SOBTI_5_ET,ASIA_AFTERNOON_LIT,TRAINABLE,UP,UP,0.0013814734412957996,0.0013814734412957,False,9.952975943416931e-17
2024-10-02,SOBTI_5_ET,EUROPE_LIT,TRAINABLE,DOWN,DOWN,-0.0012589203206764266,-0.0011534599611027,False,0.00010546035957372663
2024-10-02,SOBTI_5_ET,NY_LONDON_LIT,TRAINABLE,UP,UP,0.0011850122051570988,0.0011321267890829,False,5.288541607419888e-05
2024-10-02,SOBTI_5_ET,US_LATE_LIT,TRAINABLE,UP,UP,0.00190361050195742,0.0018885174703047,False,1.5093031652720036e-05
2024-10-03,SOBTI_5_ET,ASIA_MORNING_LIT,TRAINABLE,DOWN,DOWN,-0.0013619337707025947,-0.0013619337707025,False,9.475926987523309e-17
2024-10-03,SOBTI_5_ET,ASIA_AFTERNOON_LIT,TRAINABLE,DOWN,DOWN,-0.0014400088636574715,-0.0014286887919898,False,1.1320071667671574e-05
2024-10-03,SOBTI_5_ET,EUROPE_LIT,TRAINABLE,DOWN,DOWN,-0.000339710531896964,-0.0003774980907845,False,3.778755888753603e-05
2024-10-03,SOBTI_5_ET,NY_LONDON_LIT,TRAINABLE,UP,UP,0.004059636981143422,0.0040293955179389,False,3.024146320452191e-05
2024-10-03,SOBTI_5_ET,US_LATE_LIT,TRAINABLE,DOWN,DOWN,-0.0005114774684858991,-0.0005190074928407,False,7.530024354800895e-06
2024-10-04,SOBTI_5_ET,ASIA_MORNING_LIT,TRAINABLE,UP,UP,0.0023633034377630313,0.0023670704050247,False,3.766967261668863e-06
2024-10-04,SOBTI_5_ET,ASIA_AFTERNOON_LIT,TRAINABLE,DOWN,DOWN,-0.0017549533688014929,-0.0017587068746969,False,3.753505895407166e-06
2024-10-04,SOBTI_5_ET,EUROPE_LIT,TRAINABLE,DOWN,DOWN,-0.0002666867106166926,-0.0002328456410362,False,3.3841069580492576e-05
2024-10-04,SOBTI_5_ET,NY_LONDON_LIT,TRAINABLE,DOWN,DOWN,-0.005579535016555948,-0.0055870570057028,False,7.521989146852016e-06
2024-10-04,SOBTI_5_ET,US_LATE_LIT,NOT_ELIGIBLE_WEEKLY_CLOSE_FRIDAY,,,,,False,
2024-10-07,SOBTI_5_ET,ASIA_MORNING_LIT,TRAINABLE,DOWN,DOWN,-0.0014606259609222239,-0.0014078265217489,False,5.279943917332387e-05
2024-10-07,SOBTI_5_ET,ASIA_AFTERNOON_LIT,TRAINABLE,UP,UP,0.0008096194996038975,0.0007453384033333,False,6.428109627059741e-05
2024-10-07,SOBTI_5_ET,EUROPE_LIT,TRAINABLE,UP,UP,0.004411467064875385,0.0044870526153053,False,7.558555042991473e-05
2024-10-07,SOBTI_5_ET,NY_LONDON_LIT,TRAINABLE,DOWN,DOWN,-0.004561091847985255,-0.0046740101886101,False,0.00011291834062484522
2024-10-07,SOBTI_5_ET,US_LATE_LIT,TRAINABLE,DOWN,DOWN,-0.00044244008962968095,-0.0006465341409052,False,0.00020409405127551903
2024-10-08,SOBTI_5_ET,ASIA_MORNING_LIT,TRAINABLE,DOWN,DOWN,-0.0005032272519682746,-0.0004729294966921,False,3.029775527617454e-05
2024-10-08,SOBTI_5_ET,ASIA_AFTERNOON_LIT,TRAINABLE,DOWN,DOWN,-0.002996829067225648,-0.0029930414895645,False,3.78757766114797e-06
2024-10-08,SOBTI_5_ET,EUROPE_LIT,TRAINABLE,UP,UP,0.006011556377258254,0.0060229532214686,False,1.139684421034605e-05
2024-10-08,SOBTI_5_ET,NY_LONDON_LIT,TRAINABLE,DOWN,DOWN,-0.013188406264008079,-0.0132148396931917,False,2.6433429183620252e-05
2024-10-08,SOBTI_5_ET,US_LATE_LIT,TRAINABLE,UP,UP,0.002094969736426977,0.0020987965108059,False,3.826774378923141e-06
2024-10-09,SOBTI_5_ET,ASIA_MORNING_LIT,TRAINABLE,DOWN,DOWN,-0.001190308505493065,-0.0011444833905359,False,4.582511495716509e-05
2024-10-09,SOBTI_5_ET,ASIA_AFTERNOON_LIT,TRAINABLE,DOWN,DOWN,-0.002669687197545012,-0.0027002280377009,False,3.054084015588791e-05
2024-10-09,SOBTI_5_ET,EUROPE_LIT,TRAINABLE,UP,UP,0.001571773486525041,0.001571773486525,False,4.098284211995207e-17
2024-10-09,SOBTI_5_ET,NY_LONDON_LIT,TRAINABLE,DOWN,DOWN,-0.004215267596503813,-0.0041846917417328,False,3.057585477101322e-05
2024-10-09,SOBTI_5_ET,US_LATE_LIT,TRAINABLE,UP,UP,0.0004983704421466228,0.0004983704421466,False,2.2876665839444144e-17
2024-10-10,SOBTI_5_ET,ASIA_MORNING_LIT,TRAINABLE,UP,UP,0.002069498814650794,0.0020311375040675,False,3.83613105832941e-05
2024-10-10,SOBTI_5_ET,ASIA_AFTERNOON_LIT,TRAINABLE,UP,UP,0.00025251399433035004,0.000290817173298,False,3.830317896764995e-05
2024-10-10,SOBTI_5_ET,EUROPE_LIT,TRAINABLE,DOWN,DOWN,-0.00040551350027484556,-0.0003558290963308,False,4.9684403944045565e-05
2024-10-10,SOBTI_5_ET,NY_LONDON_LIT,TRAINABLE,UP,UP,0.004603580404109353,0.0046418860773664,False,3.83056732570471e-05
2024-10-10,SOBTI_5_ET,US_LATE_LIT,TRAINABLE,UP,UP,0.003264295313142318,0.0032604824447175,False,3.812868424817907e-06
2024-10-11,SOBTI_5_ET,ASIA_MORNING_LIT,TRAINABLE,UP,UP,0.0029538287068733293,0.0029804320461266,False,2.6603339253270485e-05
2024-10-11,SOBTI_5_ET,ASIA_AFTERNOON_LIT,TRAINABLE,DOWN,DOWN,-0.0006352783480289004,-0.0006277076322683,False,7.57071576060035e-06
2024-10-11,SOBTI_5_ET,EUROPE_LIT,TRAINABLE,UP,UP,0.0007719412457218855,0.0007946676585464,False,2.272641282451452e-05
2024-10-11,SOBTI_5_ET,NY_LONDON_LIT,TRAINABLE,UP,UP,0.004605166885533585,0.004593812701924,False,1.135418360958488e-05
2024-10-11,SOBTI_5_ET,US_LATE_LIT,NOT_ELIGIBLE_WEEKLY_CLOSE_FRIDAY,,,,,False,
2024-10-14,SOBTI_5_ET,ASIA_MORNING_LIT,TRAINABLE,UP,UP,0.00374869912100384,0.0037524818610057,False,3.7827400018600535e-06
2024-10-14,SOBTI_5_ET,ASIA_AFTERNOON_LIT,TRAINABLE,UP,UP,0.0002518471568728753,0.0001954944095858,False,5.6352747287075284e-05
2024-10-14,SOBTI_5_ET,EUROPE_LIT,TRAINABLE,DOWN,DOWN,-0.0031159120648753813,-0.0031159120648753,False,8.109832250191573e-17
2024-10-14,SOBTI_5_ET,NY_LONDON_LIT,TRAINABLE,DOWN,DOWN,-0.0007013301836874541,-0.0007013301836874,False,5.410168840702667e-17
2024-10-14,SOBTI_5_ET,US_LATE_LIT,TRAINABLE,DOWN,DOWN,-0.0007847230902776614,-0.0008300445528992,False,4.532146262153859e-05
2024-10-15,SOBTI_5_ET,ASIA_MORNING_LIT,TRAINABLE,DOWN,DOWN,-0.00028699116922792367,-0.0002756513910515,False,1.1339778176423657e-05
2024-10-15,SOBTI_5_ET,ASIA_AFTERNOON_LIT,TRAINABLE,UP,UP,0.004800325178075493,0.0048116078746613,False,1.1282696585806877e-05
2024-10-15,SOBTI_5_ET,EUROPE_LIT,TRAINABLE,DOWN,DOWN,-0.0016325797957814636,-0.0016325797957814,False,6.353424730765056e-17
2024-10-15,SOBTI_5_ET,NY_LONDON_LIT,TRAINABLE,UP,UP,0.0065525281673717295,0.0065375006544088,False,1.5027512962929868e-05
2024-10-15,SOBTI_5_ET,US_LATE_LIT,TRAINABLE,DOWN,DOWN,-0.0018085751421966778,-0.0018048192139272,False,3.755928269477812e-06
2024-10-16,SOBTI_5_ET,ASIA_MORNING_LIT,TRAINABLE,UP,UP,0.0021313004394685198,0.002127537720171,False,3.7627192975195865e-06
2024-10-16,SOBTI_5_ET,ASIA_AFTERNOON_LIT,TRAINABLE,UP,UP,0.002916396651806874,0.002938911270846,False,2.2514619039125904e-05
2024-10-16,SOBTI_5_ET,EUROPE_LIT,TRAINABLE,UP,UP,0.0011026037086072638,0.0011699496420016,False,6.734593339433634e-05
2024-10-16,SOBTI_5_ET,NY_LONDON_LIT,TRAINABLE,DOWN,DOWN,-0.0012768641142922865,-0.0012917190551599,False,1.4854940867613546e-05
2024-10-16,SOBTI_5_ET,US_LATE_LIT,TRAINABLE,UP,UP,0.0010428692223063418,0.0010915135751177,False,4.864435281135807e-05
2024-10-17,SOBTI_5_ET,ASIA_MORNING_LIT,TRAINABLE,UP,UP,0.0002800569791518992,0.0002875326234812,False,7.475644329300803e-06
2024-10-17,SOBTI_5_ET,ASIA_AFTERNOON_LIT,TRAINABLE,DOWN,DOWN,-0.0009057912972649795,-0.0009169854109459,False,1.1194113680920432e-05
2024-10-17,SOBTI_5_ET,EUROPE_LIT,TRAINABLE,UP,UP,0.0004141892473357167,0.0003880456754727,False,2.6143571863016695e-05
2024-10-17,SOBTI_5_ET,NY_LONDON_LIT,TRAINABLE,UP,UP,0.0038377914839320404,0.0038452581784742,False,7.4666945421597054e-06
2024-10-17,SOBTI_5_ET,US_LATE_LIT,TRAINABLE,UP,UP,0.0005572993153146744,0.000720751969669,False,0.00016345265435432563
2024-10-18,SOBTI_5_ET,ASIA_MORNING_LIT,TRAINABLE,UP,UP,0.005691530340530493,0.005643217556565,False,4.8312783965493225e-05
2024-10-18,SOBTI_5_ET,ASIA_AFTERNOON_LIT,TRAINABLE,DOWN,DOWN,-0.0019955330227644508,-0.001962394082049,False,3.313894071545068e-05
2024-10-18,SOBTI_5_ET,EUROPE_LIT,TRAINABLE,UP,UP,0.0015596650368592258,0.0016040599980942,False,4.439496123497433e-05
2024-10-18,SOBTI_5_ET,NY_LONDON_LIT,TRAINABLE,UP,UP,0.002948303492765536,0.0029446098067571,False,3.6936860084361804e-06
2024-10-18,SOBTI_5_ET,US_LATE_LIT,NOT_ELIGIBLE_WEEKLY_CLOSE_FRIDAY,,,,,False,
2024-10-21,SOBTI_5_ET,ASIA_MORNING_LIT,TRAINABLE,UP,UP,0.003898281995702302,0.0038541484633145,False,4.413353238780183e-05
2024-10-21,SOBTI_5_ET,ASIA_AFTERNOON_LIT,TRAINABLE,DOWN,DOWN,-7.3399203068813534e-06,-4.403952184128812e-05,False,3.669960153440677e-05
2024-10-21,SOBTI_5_ET,EUROPE_LIT,TRAINABLE,UP,UP,0.0025995498260151795,0.0025188988081539,False,8.065101786127946e-05
2024-10-21,SOBTI_5_ET,NY_LONDON_LIT,TRAINABLE,DOWN,DOWN,-0.005160410248319147,-0.0051713929493583,False,1.0982701039152602e-05
2024-10-21,SOBTI_5_ET,US_LATE_LIT,TRAINABLE,UP,UP,0.001709513467537338,0.0018307673683788,False,0.00012125390084146196
2024-10-22,SOBTI_5_ET,ASIA_MORNING_LIT,TRAINABLE,UP,UP,0.0026054075337762495,0.0025870415041335,False,1.836602964274932e-05
2024-10-22,SOBTI_5_ET,ASIA_AFTERNOON_LIT,TRAINABLE,UP,UP,8.778430144329441e-05,9.510728037942506e-05,False,7.322978936130653e-06
2024-10-22,SOBTI_5_ET,EUROPE_LIT,TRAINABLE,DOWN,DOWN,-0.0007717693105597778,-0.0007534639699736,False,1.8305340586177786e-05
2024-10-22,SOBTI_5_ET,NY_LONDON_LIT,TRAINABLE,UP,UP,0.00512800183650719,0.0051243383006465,False,3.663535860690126e-06
2024-10-22,SOBTI_5_ET,US_LATE_LIT,TRAINABLE,DOWN,DOWN,-0.0003132156549821019,-0.0003495768407736,False,3.636118579149807e-05
2024-10-23,SOBTI_5_ET,ASIA_MORNING_LIT,TRAINABLE,DOWN,DOWN,-0.001850599182157353,-0.0018032857891048,False,4.731339305255318e-05
2024-10-23,SOBTI_5_ET,ASIA_AFTERNOON_LIT,TRAINABLE,UP,UP,0.000909157013070816,0.0009636700675745,False,5.4513054503684075e-05
2024-10-23,SOBTI_5_ET,EUROPE_LIT,TRAINABLE,DOWN,DOWN,-0.0009010082090684657,-0.0008973714490249,False,3.6367600435656313e-06
2024-10-23,SOBTI_5_ET,NY_LONDON_LIT,TRAINABLE,DOWN,DOWN,-0.012985534534691423,-0.0129709744286939,False,1.4560105997523526e-05
2024-10-23,SOBTI_5_ET,US_LATE_LIT,TRAINABLE,UP,UP,0.0025826120984868695,0.0027520695259111,False,0.00016945742742423059
2024-10-24,SOBTI_5_ET,ASIA_MORNING_LIT,TRAINABLE,UP,UP,0.0006392838439630566,0.0006539948050099,False,1.471096104684337e-05
2024-10-24,SOBTI_5_ET,ASIA_AFTERNOON_LIT,TRAINABLE,UP,UP,0.002155302145987914,0.0022506102323738,False,9.530808638588597e-05
2024-10-24,SOBTI_5_ET,EUROPE_LIT,TRAINABLE,UP,UP,0.001638473585487965,0.0015946332494392,False,4.3840336048765055e-05
2024-10-24,SOBTI_5_ET,NY_LONDON_LIT,TRAINABLE,DOWN,DOWN,-0.0003943912804210692,-0.0003980464325551,False,3.655152134030828e-06
2024-10-24,SOBTI_5_ET,US_LATE_LIT,TRAINABLE,DOWN,DOWN,-0.0018337905547969324,-0.0018484169853317,False,1.4626430534767565e-05
2024-10-25,SOBTI_5_ET,ASIA_MORNING_LIT,TRAINABLE,DOWN,DOWN,-0.0019688858344871774,-0.0019615590763154,False,7.326758171777303e-06
2024-10-25,SOBTI_5_ET,ASIA_AFTERNOON_LIT,TRAINABLE,UP,UP,0.0007039572271223538,0.0007039572271223,False,5.377642775528102e-17
2024-10-25,SOBTI_5_ET,EUROPE_LIT,TRAINABLE,DOWN,DOWN,-0.0019526962942301163,-0.0019526962942301,False,1.6263032587282567e-17
2024-10-25,SOBTI_5_ET,NY_LONDON_LIT,TRAINABLE,UP,UP,0.007499230931594658,0.0074771846588099,False,2.2046272784757848e-05
2024-10-25,SOBTI_5_ET,US_LATE_LIT,NOT_ELIGIBLE_WEEKLY_CLOSE_FRIDAY,,,,,False,
2024-10-28,SOBTI_5_ET,ASIA_MORNING_LIT,TRAINABLE,UP,UP,0.00014634735233398644,0.000142684094027,False,3.6632583069864456e-06
2024-10-28,SOBTI_5_ET,ASIA_AFTERNOON_LIT,TRAINABLE,UP,UP,0.0004971722051219096,0.000489854124331,False,7.318080790909634e-06
2024-10-28,SOBTI_5_ET,EUROPE_LIT,TRAINABLE,DOWN,DOWN,-0.0017135139002159017,-0.0017574008867404,False,4.38869865244983e-05
2024-10-28,SOBTI_5_ET,NY_LONDON_LIT,TRAINABLE,UP,UP,0.00301952261918359,0.0030231863066281,False,3.663687444509841e-06
2024-10-28,SOBTI_5_ET,US_LATE_LIT,TRAINABLE,UP,UP,0.0019157228070683097,0.0019266807415245,False,1.0957934456190402e-05
2024-10-29,SOBTI_5_ET,ASIA_MORNING_LIT,TRAINABLE,UP,UP,0.0011727062774142816,0.0011617694148005,False,1.0936862613781639e-05
2024-10-29,SOBTI_5_ET,ASIA_AFTERNOON_LIT,TRAINABLE,UP,UP,0.00045776597112623385,0.0004504926361987,False,7.273334927533864e-06
2024-10-29,SOBTI_5_ET,EUROPE_LIT,TRAINABLE,DOWN,DOWN,-0.0006754800684319884,-0.0006645749787034,False,1.0905089728588347e-05
2024-10-29,SOBTI_5_ET,NY_LONDON_LIT,TRAINABLE,UP,UP,0.007442042683114325,0.0074529550249125,False,1.0912341798174907e-05
2024-10-29,SOBTI_5_ET,US_LATE_LIT,TRAINABLE,UP,UP,0.0020451912837469166,0.0020488018218349,False,3.61053808798327e-06
2024-10-30,SOBTI_5_ET,ASIA_MORNING_LIT,TRAINABLE,DOWN,DOWN,-0.00018718413082874363,-0.0002015967545709,False,1.4412623742156365e-05
2024-10-30,SOBTI_5_ET,ASIA_AFTERNOON_LIT,TRAINABLE,UP,UP,0.0011686023095680564,0.0011793103024231,False,1.0707992855043614e-05
2024-10-30,SOBTI_5_ET,EUROPE_LIT,TRAINABLE,DOWN,DOWN,-0.0020579016682163997,-0.0020003807813753,False,5.752088684109983e-05
2024-10-30,SOBTI_5_ET,NY_LONDON_LIT,TRAINABLE,UP,UP,0.003389911435688564,0.0034151272649416,False,2.5215829253035903e-05
2024-10-30,SOBTI_5_ET,US_LATE_LIT,TRAINABLE,DOWN,DOWN,-0.00021881074097440667,-0.0002188107409744,False,6.667843360785852e-18
2024-10-31,SOBTI_5_ET,ASIA_MORNING_LIT,TRAINABLE,DOWN,DOWN,-0.0007676212369588375,-0.0007460765166732,False,2.1544720285637526e-05
2024-10-31,SOBTI_5_ET,ASIA_AFTERNOON_LIT,TRAINABLE,DOWN,DOWN,-0.00098029165076019,-0.0009838857506799,False,3.5940999197100858e-06
2024-10-31,SOBTI_5_ET,EUROPE_LIT,TRAINABLE,DOWN,DOWN,-0.001009858510046313,-0.0009990655912879,False,1.0792918758413018e-05
2024-10-31,SOBTI_5_ET,NY_LONDON_LIT,TRAINABLE,DOWN,DOWN,-0.013771776019147475,-0.0137897822064404,False,1.800618729292519e-05
2024-10-31,SOBTI_5_ET,US_LATE_LIT,TRAINABLE,UP,UP,0.0013971918023603092,0.0013971918023603,False,9.107298248878237e-18
2024-11-01,SOBTI_5_ET,ASIA_MORNING_LIT,TRAINABLE,UP,UP,0.001810486983698567,0.0018068408507214,False,3.6461329771669826e-06
2024-11-01,SOBTI_5_ET,ASIA_AFTERNOON_LIT,TRAINABLE,DOWN,DOWN,-0.0006794215678440629,-0.0007447995474373,False,6.537797959323707e-05
2024-11-01,SOBTI_5_ET,EUROPE_LIT,TRAINABLE,UP,UP,0.001065389947078721,0.0010908693832636,False,2.547943618487914e-05
2024-11-01,SOBTI_5_ET,NY_LONDON_LIT,TRAINABLE,DOWN,DOWN,-0.005778998010279368,-0.0057027348914775,False,7.626311880186767e-05
2024-11-01,SOBTI_5_ET,US_LATE_LIT,NOT_ELIGIBLE_WEEKLY_CLOSE_FRIDAY,,,,,False,
2024-11-04,SOBTI_5_ET,ASIA_MORNING_LIT,TRAINABLE,DOWN,DOWN,-3.653311364648637e-06,-1.0959934094056932e-05,False,7.306622729408295e-06
2024-11-04,SOBTI_5_ET,ASIA_AFTERNOON_LIT,TRAINABLE,DOWN,DOWN,-0.000956701646704694,-0.0009895999398841,False,3.2898293179406055e-05
2024-11-04,SOBTI_5_ET,EUROPE_LIT,TRAINABLE,UP,UP,0.002821904960079502,0.0028365409074473,False,1.4635947367797747e-05
2024-11-04,SOBTI_5_ET,NY_LONDON_LIT,TRAINABLE,DOWN,DOWN,-0.0021177624198294165,-0.002132356969161,False,1.4594549331583412e-05
2024-11-04,SOBTI_5_ET,US_LATE_LIT,TRAINABLE,DOWN,DOWN,-0.0011908103808350168,-0.0012053447979236,False,1.4534417088583147e-05
2024-11-05,SOBTI_5_ET,ASIA_MORNING_LIT,TRAINABLE,UP,UP,0.0004900048845055682,0.0003802709120941,False,0.00010973397241146823
2024-11-05,SOBTI_5_ET,ASIA_AFTERNOON_LIT,TRAINABLE,UP,UP,0.0006583285435723951,0.0006656504246789,False,7.321881106504835e-06
2024-11-05,SOBTI_5_ET,EUROPE_LIT,TRAINABLE,UP,UP,0.0006907272564924405,0.0006907272564924,False,4.0440741033709315e-17
2024-11-05,SOBTI_5_ET,NY_LONDON_LIT,TRAINABLE,UP,UP,0.0009934221651979325,0.001066450456661,False,7.30282914630676e-05
2024-11-05,SOBTI_5_ET,US_LATE_LIT,TRAINABLE,UP,UP,0.0022839250714701276,0.0021708928516508,False,0.00011303221981932756
2024-11-06,SOBTI_5_ET,ASIA_MORNING_LIT,TRAINABLE,DOWN,DOWN,-0.0038080745651174475,-0.0038626461633272,False,5.457159820975235e-05
2024-11-06,SOBTI_5_ET,ASIA_AFTERNOON_LIT,TRAINABLE,UP,UP,0.004338593140251978,0.004364378058822,False,2.5784918570021312e-05
2024-11-06,SOBTI_5_ET,EUROPE_LIT,TRAINABLE,DOWN,DOWN,-0.012501234318512466,-0.0127246802724391,False,0.00022344595392663306
2024-11-06,SOBTI_5_ET,NY_LONDON_LIT,TRAINABLE,DOWN,DOWN,-0.010068295186497322,-0.010072010009641,False,3.714823143678367e-06
2024-11-06,SOBTI_5_ET,US_LATE_LIT,TRAINABLE,DOWN,DOWN,-0.006729204152952528,-0.006684266439933,False,4.493771301952807e-05
2024-11-07,SOBTI_5_ET,ASIA_MORNING_LIT,TRAINABLE,UP,UP,0.003026833959689501,0.0030381675752928,False,1.1333615603298895e-05
2024-11-07,SOBTI_5_ET,ASIA_AFTERNOON_LIT,TRAINABLE,UP,UP,0.002541195623430248,0.0025374271244389,False,3.768498991348155e-06
2024-11-07,SOBTI_5_ET,EUROPE_LIT,TRAINABLE,UP,UP,0.0040556409278620364,0.0041081725003453,False,5.253157248326368e-05
2024-11-07,SOBTI_5_ET,NY_LONDON_LIT,TRAINABLE,UP,UP,0.006238123407830365,0.0062306362445847,False,7.487163245664848e-06
2024-11-07,SOBTI_5_ET,US_LATE_LIT,TRAINABLE,UP,UP,0.0034713238298973437,0.0034342127354443,False,3.711109445304374e-05
2024-11-08,SOBTI_5_ET,ASIA_MORNING_LIT,TRAINABLE,DOWN,DOWN,-0.0021483177968452116,-0.0021297798260666,False,1.853797077861147e-05
2024-11-08,SOBTI_5_ET,ASIA_AFTERNOON_LIT,TRAINABLE,UP,UP,0.00031254511136369345,0.0003460715884755,False,3.352647711180653e-05
2024-11-08,SOBTI_5_ET,EUROPE_LIT,TRAINABLE,UP,UP,0.0014992503642152766,0.0013429392384216,False,0.0001563111257936766
2024-11-08,SOBTI_5_ET,NY_LONDON_LIT,TRAINABLE,DOWN,DOWN,-0.0028606909968181826,-0.0028309396172606,False,2.9751379557582582e-05
2024-11-08,SOBTI_5_ET,US_LATE_LIT,NOT_ELIGIBLE_WEEKLY_CLOSE_FRIDAY,,,,,False,
2024-11-11,SOBTI_5_ET,ASIA_MORNING_LIT,TRAINABLE,DOWN,DOWN,-0.0009165510008696254,-0.0009277855266991,False,1.123452582947463e-05
2024-11-11,SOBTI_5_ET,ASIA_AFTERNOON_LIT,TRAINABLE,DOWN,DOWN,-0.0009428883901655416,-0.0009353977251823,False,7.490664983241619e-06
2024-11-11,SOBTI_5_ET,EUROPE_LIT,TRAINABLE,DOWN,DOWN,-0.004797394325345761,-0.0047936454861985,False,3.7488391472608254e-06
2024-11-11,SOBTI_5_ET,NY_LONDON_LIT,TRAINABLE,DOWN,DOWN,-0.014393984411845473,-0.0143902175155327,False,3.7668963127727995e-06
2024-11-11,SOBTI_5_ET,US_LATE_LIT,TRAINABLE,UP,UP,0.0019509834470670118,0.0019204082934538,False,3.0575153613211694e-05
2024-11-12,SOBTI_5_ET,ASIA_MORNING_LIT,TRAINABLE,DOWN,DOWN,-0.0027017667702595727,-0.0026675305400808,False,3.423623017877273e-05
2024-11-12,SOBTI_5_ET,ASIA_AFTERNOON_LIT,TRAINABLE,DOWN,DOWN,-0.002059417773467187,-0.0020901295365638,False,3.0711763096612915e-05
2024-11-12,SOBTI_5_ET,EUROPE_LIT,TRAINABLE,UP,UP,0.0012759586684503166,0.0012798056795888,False,3.84701113848333e-06
2024-11-12,SOBTI_5_ET,NY_LONDON_LIT,TRAINABLE,DOWN,DOWN,-0.0020342951221795635,-0.0020458210203688,False,1.1525898189236605e-05
2024-11-12,SOBTI_5_ET,US_LATE_LIT,TRAINABLE,UP,UP,0.003142252727730943,0.003161502579507,False,1.9249851776057068e-05
2024-11-13,SOBTI_5_ET,ASIA_MORNING_LIT,TRAINABLE,UP,UP,0.0013380632201716036,0.001334225383148,False,3.837837023603664e-06
2024-11-13,SOBTI_5_ET,ASIA_AFTERNOON_LIT,TRAINABLE,DOWN,DOWN,-0.00033764919366241486,-0.0004143789252993,False,7.672973163688513e-05
2024-11-13,SOBTI_5_ET,EUROPE_LIT,TRAINABLE,UP,UP,0.001888775373263929,0.0018849324974679,False,3.842875796029009e-06
2024-11-13,SOBTI_5_ET,NY_LONDON_LIT,TRAINABLE,DOWN,DOWN,-0.009690673055761878,-0.0096906730557618,False,7.806255641895632e-17
2024-11-13,SOBTI_5_ET,US_LATE_LIT,TRAINABLE,DOWN,DOWN,-0.008419623015112676,-0.0084002571172151,False,1.936589789757609e-05
2024-11-14,SOBTI_5_ET,ASIA_MORNING_LIT,TRAINABLE,UP,UP,9.364622955709834e-05,8.192825683495109e-05,False,1.1717972722147252e-05
2024-11-14,SOBTI_5_ET,ASIA_AFTERNOON_LIT,TRAINABLE,DOWN,DOWN,-0.0008327911822194611,-0.0008288776934962,False,3.913488723261108e-06
2024-11-14,SOBTI_5_ET,EUROPE_LIT,TRAINABLE,DOWN,DOWN,-0.00131465354530369,-0.0013264037509569,False,1.1750205653209998e-05
2024-11-14,SOBTI_5_ET,NY_LONDON_LIT,TRAINABLE,UP,UP,0.008768480111699395,0.0087332806265709,False,3.5199485128494315e-05
2024-11-14,SOBTI_5_ET,US_LATE_LIT,TRAINABLE,DOWN,DOWN,-0.0037209972919678425,-0.0036821174674855,False,3.887982448234255e-05
2024-11-15,SOBTI_5_ET,ASIA_MORNING_LIT,TRAINABLE,UP,UP,0.0012630948448526524,0.0012591924934883,False,3.902351364352399e-06
2024-11-15,SOBTI_5_ET,ASIA_AFTERNOON_LIT,TRAINABLE,UP,UP,0.0020327892637486134,0.0020327892637486,False,1.3444106938820255e-17
2024-11-15,SOBTI_5_ET,EUROPE_LIT,TRAINABLE,UP,UP,0.00228991236038234,0.0023055324832996,False,1.5620122917259747e-05
2024-11-15,SOBTI_5_ET,NY_LONDON_LIT,TRAINABLE,DOWN,DOWN,-0.0016075110704012463,-0.0015763426842928,False,3.116838610844625e-05
2024-11-15,SOBTI_5_ET,US_LATE_LIT,NOT_ELIGIBLE_WEEKLY_CLOSE_FRIDAY,,,,,False,
2024-11-18,SOBTI_5_ET,ASIA_MORNING_LIT,TRAINABLE,UP,UP,0.0017509121757197654,0.0017509121757197,False,6.548581121812447e-17
2024-11-18,SOBTI_5_ET,ASIA_AFTERNOON_LIT,TRAINABLE,UP,UP,0.00046008287685816995,0.0003942877080638,False,6.579516879436998e-05
2024-11-18,SOBTI_5_ET,EUROPE_LIT,TRAINABLE,UP,UP,0.0030339959202281275,0.0029991769125143,False,3.4819007713827576e-05
2024-11-18,SOBTI_5_ET,NY_LONDON_LIT,TRAINABLE,UP,UP,0.005494890681981612,0.0055218911532357,False,2.700047125408795e-05
2024-11-18,SOBTI_5_ET,US_LATE_LIT,TRAINABLE,UP,UP,0.002398958436758747,0.0023874503526093,False,1.1508084149446877e-05
2024-11-19,SOBTI_5_ET,ASIA_MORNING_LIT,TRAINABLE,UP,UP,0.0024696869379072783,0.0024620331548348,False,7.653783072478215e-06
2024-11-19,SOBTI_5_ET,ASIA_AFTERNOON_LIT,TRAINABLE,DOWN,DOWN,-0.001048577707291276,-0.0009532524611739,False,9.53252461173761e-05
2024-11-19,SOBTI_5_ET,EUROPE_LIT,TRAINABLE,UP,UP,0.007327945218581489,0.0073622339848771,False,3.428876629561154e-05
2024-11-19,SOBTI_5_ET,NY_LONDON_LIT,TRAINABLE,DOWN,DOWN,-0.003500805256172357,-0.0035008052561723,False,5.681219383824043e-17
2024-11-19,SOBTI_5_ET,US_LATE_LIT,TRAINABLE,UP,UP,0.0036119614323122384,0.0036462142328845,False,3.42528005722615e-05
2024-11-20,SOBTI_5_ET,ASIA_MORNING_LIT,TRAINABLE,DOWN,DOWN,-0.00106072946979896,-0.0010493533493803,False,1.1376120418660077e-05
2024-11-20,SOBTI_5_ET,ASIA_AFTERNOON_LIT,TRAINABLE,DOWN,DOWN,-0.003610190700381377,-0.0036216027031954,False,1.1412002814023027e-05
2024-11-20,SOBTI_5_ET,EUROPE_LIT,TRAINABLE,UP,UP,0.0037797484811368243,0.0038140135791318,False,3.426509799497575e-05
2024-11-20,SOBTI_5_ET,NY_LONDON_LIT,TRAINABLE,UP,UP,0.006919009625219408,0.0069114029818748,False,7.606643344607901e-06
2024-11-20,SOBTI_5_ET,US_LATE_LIT,TRAINABLE,UP,UP,0.0013432737880352263,0.0012791554552977,False,6.411833273752628e-05
2024-11-21,SOBTI_5_ET,ASIA_MORNING_LIT,TRAINABLE,UP,UP,0.0014885867347855797,0.0015865746680281,False,9.798793324252027e-05
2024-11-21,SOBTI_5_ET,ASIA_AFTERNOON_LIT,TRAINABLE,UP,UP,0.0023340360831749507,0.0023678027743794,False,3.3766691204449324e-05
2024-11-21,SOBTI_5_ET,EUROPE_LIT,TRAINABLE,DOWN,DOWN,-0.0013011200667065737,-0.0014136285541044,False,0.0001125084873978264
2024-11-21,SOBTI_5_ET,NY_LONDON_LIT,TRAINABLE,UP,UP,0.0029890318679430816,0.002985272395886,False,3.7594720570816725e-06
2024-11-21,SOBTI_5_ET,US_LATE_LIT,TRAINABLE,UP,UP,0.0025681881831012277,0.0025008261720598,False,6.736201104142782e-05
2024-11-22,SOBTI_5_ET,ASIA_MORNING_LIT,TRAINABLE,UP,UP,0.002565519050810705,0.0025207541908323,False,4.476485997840498e-05
2024-11-22,SOBTI_5_ET,ASIA_AFTERNOON_LIT,TRAINABLE,UP,UP,0.0032400232242657534,0.0030912641843408,False,0.00014875903992495358
2024-11-22,SOBTI_5_ET,EUROPE_LIT,TRAINABLE,UP,UP,0.0023807902249024515,0.0023807902249024,False,5.160802341031001e-17
2024-11-22,SOBTI_5_ET,NY_LONDON_LIT,TRAINABLE,UP,UP,0.0028561064627736776,0.002852403128992,False,3.7033337816775105e-06
2024-11-22,SOBTI_5_ET,US_LATE_LIT,NOT_ELIGIBLE_WEEKLY_CLOSE_FRIDAY,,,,,False,
2024-11-25,SOBTI_5_ET,ASIA_MORNING_LIT,TRAINABLE,DOWN,DOWN,-0.011079711585699425,-0.0110611838132347,False,1.852777246472495e-05
2024-11-25,SOBTI_5_ET,ASIA_AFTERNOON_LIT,TRAINABLE,UP,UP,0.0010120928821284458,0.0009971773556263,False,1.4915526502145811e-05
2024-11-25,SOBTI_5_ET,EUROPE_LIT,TRAINABLE,UP,UP,0.003991952216302996,0.0039807064998704,False,1.1245716432596413e-05
2024-11-25,SOBTI_5_ET,NY_LONDON_LIT,TRAINABLE,DOWN,DOWN,-0.021630146600348787,-0.0216226791816626,False,7.4674186861869996e-06
2024-11-25,SOBTI_5_ET,US_LATE_LIT,TRAINABLE,UP,UP,0.0019748037484614844,0.0019748037484614,False,8.456776945386935e-17
2024-11-26,SOBTI_5_ET,ASIA_MORNING_LIT,TRAINABLE,DOWN,DOWN,-1.5234819748299877e-05,-2.656581205850994e-05,False,1.1330992310210064e-05
2024-11-26,SOBTI_5_ET,ASIA_AFTERNOON_LIT,TRAINABLE,DOWN,DOWN,-0.003346743667180907,-0.0033429279788483,False,3.8156883326069535e-06
2024-11-26,SOBTI_5_ET,EUROPE_LIT,TRAINABLE,UP,UP,0.006303034604268287,0.0062724074756981,False,3.062712857018757e-05
2024-11-26,SOBTI_5_ET,NY_LONDON_LIT,TRAINABLE,DOWN,DOWN,-0.001991626782142153,-0.0019916267821421,False,5.2909066017292616e-17
2024-11-26,SOBTI_5_ET,US_LATE_LIT,TRAINABLE,UP,UP,0.0021860216074827132,0.0021440872418827,False,4.193436560001335e-05
2024-11-27,SOBTI_5_ET,ASIA_MORNING_LIT,TRAINABLE,UP,UP,0.0033556587123075854,0.0033518546534869,False,3.8040588206853486e-06
2024-11-27,SOBTI_5_ET,ASIA_AFTERNOON_LIT,TRAINABLE,UP,UP,0.0011912352223812928,0.0011950205229467,False,3.7853005654072715e-06
2024-11-27,SOBTI_5_ET,EUROPE_LIT,TRAINABLE,UP,UP,0.0014050346953833337,0.001480555919302,False,7.552122391866621e-05
2024-11-27,SOBTI_5_ET,NY_LONDON_LIT,TRAINABLE,DOWN,DOWN,-0.005691109207615952,-0.0057212164666212,False,3.0107259005248375e-05
2024-11-27,SOBTI_5_ET,US_LATE_LIT,TRAINABLE,DOWN,DOWN,-0.0028448421930000745,-0.0028259524408386,False,1.8889752161474396e-05
2024-11-28,SOBTI_5_ET,ASIA_MORNING_LIT,TRAINABLE,UP,UP,0.0018068394312009683,0.0017840884698576,False,2.2750961343368393e-05
2024-11-28,SOBTI_5_ET,ASIA_AFTERNOON_LIT,TRAINABLE,UP,UP,0.0010432077294788566,0.0010620992730889,False,1.889154361004331e-05
2024-11-28,SOBTI_5_ET,EUROPE_LIT,TRAINABLE,UP,UP,0.002732278704470792,0.0027473569573441,False,1.5078252873308197e-05
2024-11-28,SOBTI_5_ET,NY_LONDON_LIT,TRAINABLE,DOWN,DOWN,-0.003310473832189187,-0.0033104738321891,False,8.673617379884035e-17
2024-11-28,SOBTI_5_ET,US_LATE_LIT,EXCLUDE_START_BOUNDARY_MISSING,,UP,,0.002828633729236,False,
2024-11-29,SOBTI_5_ET,ASIA_MORNING_LIT,TRAINABLE,UP,UP,0.00551632018767334,0.0055314590418564,False,1.5138854183059831e-05
2024-11-29,SOBTI_5_ET,ASIA_AFTERNOON_LIT,TRAINABLE,DOWN,DOWN,-0.0014078689965509872,-0.0014191432114752,False,1.1274214924212895e-05
2024-11-29,SOBTI_5_ET,EUROPE_LIT,TRAINABLE,UP,UP,0.00010528155763545044,0.0001052815576354,False,5.0442506074888094e-17
2024-11-29,SOBTI_5_ET,NY_LONDON_LIT,TRAINABLE,DOWN,DOWN,-0.004022480206665957,-0.0040336752740997,False,1.119506743374292e-05
2024-11-29,SOBTI_5_ET,US_LATE_LIT,NOT_ELIGIBLE_WEEKLY_CLOSE_FRIDAY,,,,,False,
2024-12-02,SOBTI_5_ET,ASIA_MORNING_LIT,TRAINABLE,DOWN,DOWN,-0.0027124360601118447,-0.002720030987303,False,7.594927191155107e-06
2024-12-02,SOBTI_5_ET,ASIA_AFTERNOON_LIT,TRAINABLE,UP,UP,0.0021717944172288117,0.0021412836813017,False,3.051073592711187e-05
2024-12-02,SOBTI_5_ET,EUROPE_LIT,TRAINABLE,UP,UP,0.0041174784024646804,0.0039349952367249,False,0.00018248316573978018
2024-12-02,SOBTI_5_ET,NY_LONDON_LIT,TRAINABLE,DOWN,DOWN,-0.0008256318216646186,-0.0008218410454283,False,3.7907762363185386e-06
2024-12-02,SOBTI_5_ET,US_LATE_LIT,TRAINABLE,DOWN,DOWN,-0.0007314635625361721,-0.0007011124088217,False,3.0351153714472108e-05
2024-12-03,SOBTI_5_ET,ASIA_MORNING_LIT,TRAINABLE,UP,UP,0.0019418454850244071,0.0018015625501948,False,0.0001402829348296072
2024-12-03,SOBTI_5_ET,ASIA_AFTERNOON_LIT,TRAINABLE,DOWN,DOWN,-0.0033592262254763527,-0.0033516697687707,False,7.556456705652605e-06
2024-12-03,SOBTI_5_ET,EUROPE_LIT,TRAINABLE,DOWN,DOWN,-0.00021968483277978734,-0.0002196848327797,False,8.733248499370738e-17
2024-12-03,SOBTI_5_ET,NY_LONDON_LIT,TRAINABLE,UP,UP,0.00045084151153984564,0.0004280905289029,False,2.2750982636945646e-05
2024-12-03,SOBTI_5_ET,US_LATE_LIT,TRAINABLE,UP,UP,0.00047329518150873717,0.0003975869448413,False,7.570823666743718e-05
2024-12-04,SOBTI_5_ET,ASIA_MORNING_LIT,TRAINABLE,UP,UP,0.0013852223592603075,0.0013852223592603,False,7.37257477290143e-18
2024-12-04,SOBTI_5_ET,ASIA_AFTERNOON_LIT,TRAINABLE,DOWN,DOWN,-0.0040421833988247835,-0.0040270717415098,False,1.5111657314983637e-05
2024-12-04,SOBTI_5_ET,EUROPE_LIT,TRAINABLE,DOWN,DOWN,-0.0006896026591647342,-0.0007009829863729,False,1.1380327208165798e-05
2024-12-04,SOBTI_5_ET,NY_LONDON_LIT,TRAINABLE,UP,UP,0.0053809090802665605,0.0053922966320747,False,1.1387551808139836e-05
2024-12-04,SOBTI_5_ET,US_LATE_LIT,TRAINABLE,DOWN,DOWN,-0.0015878791634048595,-0.0015878791634048,False,5.941427905220564e-17
2024-12-05,SOBTI_5_ET,ASIA_MORNING_LIT,TRAINABLE,UP,UP,0.000317267941624122,0.0003172679416241,False,2.1955093992831465e-17
2024-12-05,SOBTI_5_ET,ASIA_AFTERNOON_LIT,TRAINABLE,DOWN,DOWN,-0.002267158409112291,-0.0022218454948071,False,4.531291430519106e-05
2024-12-05,SOBTI_5_ET,EUROPE_LIT,TRAINABLE,UP,UP,0.003141787731835599,0.0032287363630809,False,8.694863124530071e-05
2024-12-05,SOBTI_5_ET,NY_LONDON_LIT,TRAINABLE,DOWN,DOWN,-0.008935184772565274,-0.0089314124676109,False,3.772304954375097e-06
2024-12-05,SOBTI_5_ET,US_LATE_LIT,TRAINABLE,DOWN,DOWN,-0.004639123728002681,-0.0046200922250283,False,1.9031502974380977e-05
2024-12-06,SOBTI_5_ET,ASIA_MORNING_LIT,TRAINABLE,UP,UP,0.009340241611724753,0.0094357452999911,False,9.550368826634695e-05
2024-12-06,SOBTI_5_ET,ASIA_AFTERNOON_LIT,TRAINABLE,DOWN,DOWN,-0.0006324472551308968,-0.0006324472551308,False,9.681925400295555e-17
2024-12-06,SOBTI_5_ET,EUROPE_LIT,TRAINABLE,DOWN,DOWN,-6.439437028415984e-05,-4.922046146726977e-05,False,1.517390881689007e-05
2024-12-06,SOBTI_5_ET,NY_LONDON_LIT,TRAINABLE,DOWN,DOWN,-0.0017737292759786305,-0.0017813166038389,False,7.587327860269404e-06
2024-12-06,SOBTI_5_ET,US_LATE_LIT,NOT_ELIGIBLE_WEEKLY_CLOSE_FRIDAY,,,,,False,
2024-12-09,SOBTI_5_ET,ASIA_MORNING_LIT,TRAINABLE,DOWN,DOWN,-0.003914261195143265,-0.0039142611951432,False,6.505213034913027e-17
2024-12-09,SOBTI_5_ET,ASIA_AFTERNOON_LIT,TRAINABLE,UP,UP,0.00211548045809673,0.0020965389862606,False,1.8941471836130246e-05
2024-12-09,SOBTI_5_ET,EUROPE_LIT,TRAINABLE,UP,UP,0.003179954737468238,0.0031497117880532,False,3.024294941503811e-05
2024-12-09,SOBTI_5_ET,NY_LONDON_LIT,TRAINABLE,UP,UP,0.001912515120396252,0.0019162836193875,False,3.7684989912479747e-06
2024-12-09,SOBTI_5_ET,US_LATE_LIT,TRAINABLE,UP,UP,0.0022845166459064536,0.0022995618110677,False,1.5045165161246214e-05
2024-12-10,SOBTI_5_ET,ASIA_MORNING_LIT,TRAINABLE,UP,UP,0.0015782773350838664,0.0015782773350838,False,6.635317295611287e-17
2024-12-10,SOBTI_5_ET,ASIA_AFTERNOON_LIT,TRAINABLE,DOWN,DOWN,-0.002749385734264864,-0.002805533945195,False,5.614821093013599e-05
2024-12-10,SOBTI_5_ET,EUROPE_LIT,TRAINABLE,UP,UP,0.0058560267584395476,0.0057809205499217,False,7.510620851784722e-05
2024-12-10,SOBTI_5_ET,NY_LONDON_LIT,TRAINABLE,UP,UP,0.005583297603843906,0.0055945127869745,False,1.1215183130593338e-05
2024-12-10,SOBTI_5_ET,US_LATE_LIT,TRAINABLE,UP,UP,0.002707342245140687,0.0027742582346335,False,6.691598949281306e-05
2024-12-11,SOBTI_5_ET,ASIA_MORNING_LIT,TRAINABLE,DOWN,DOWN,-0.002166646736072697,-0.0021963052256612,False,2.96584895885031e-05
2024-12-11,SOBTI_5_ET,ASIA_AFTERNOON_LIT,TRAINABLE,DOWN,DOWN,-0.0004116435658476636,-0.0003746091789348,False,3.703438691286359e-05
2024-12-11,SOBTI_5_ET,EUROPE_LIT,TRAINABLE,UP,UP,0.00022637246782153397,0.0002300865331585,False,3.71406533696602e-06
2024-12-11,SOBTI_5_ET,NY_LONDON_LIT,TRAINABLE,UP,UP,0.007648943819796639,0.0075747723377861,False,7.417148201053873e-05
2024-12-11,SOBTI_5_ET,US_LATE_LIT,TRAINABLE,DOWN,DOWN,-0.0018923095113083654,-0.0019217915087584,False,2.94819974500345e-05
2024-12-12,SOBTI_5_ET,ASIA_MORNING_LIT,TRAINABLE,UP,UP,0.0007672793658919375,0.0007525101679282,False,1.4769197963737505e-05
2024-12-12,SOBTI_5_ET,ASIA_AFTERNOON_LIT,TRAINABLE,UP,UP,0.0016728594222317206,0.0016913012452293,False,1.844182299757949e-05
2024-12-12,SOBTI_5_ET,EUROPE_LIT,TRAINABLE,DOWN,DOWN,-0.004296413823319023,-0.0042633665518124,False,3.30472715066232e-05
2024-12-12,SOBTI_5_ET,NY_LONDON_LIT,TRAINABLE,DOWN,DOWN,-0.008123560362406912,-0.0080828838042118,False,4.067655819511157e-05
2024-12-12,SOBTI_5_ET,US_LATE_LIT,TRAINABLE,UP,UP,0.0018323318256920906,0.0018509716322141,False,1.8639806522009316e-05
2024-12-13,SOBTI_5_ET,ASIA_MORNING_LIT,TRAINABLE,DOWN,DOWN,-0.0010483410852659691,-0.0010036873086518,False,4.465377661416921e-05
2024-12-13,SOBTI_5_ET,ASIA_AFTERNOON_LIT,TRAINABLE,DOWN,DOWN,-0.0005697799022496008,-0.0006591516653789,False,8.937176312929921e-05
2024-12-13,SOBTI_5_ET,EUROPE_LIT,TRAINABLE,DOWN,DOWN,-0.004132649858962001,-0.0041177292135612,False,1.4920645400801243e-05
2024-12-13,SOBTI_5_ET,NY_LONDON_LIT,TRAINABLE,DOWN,DOWN,-0.007348938120015358,-0.0073451925353618,False,3.7455846535576487e-06
2024-12-13,SOBTI_5_ET,US_LATE_LIT,NOT_ELIGIBLE_WEEKLY_CLOSE_FRIDAY,,,,,False,
2024-12-16,SOBTI_5_ET,ASIA_MORNING_LIT,TRAINABLE,UP,UP,0.00011298923575897568,0.0001167618249848,False,3.7725892258243184e-06
2024-12-16,SOBTI_5_ET,ASIA_AFTERNOON_LIT,TRAINABLE,UP,UP,0.001472925308934503,0.0015369327839467,False,6.400747501219715e-05
2024-12-16,SOBTI_5_ET,EUROPE_LIT,TRAINABLE,UP,UP,0.0005189918607551025,0.0005227567595333,False,3.7648987781974423e-06
2024-12-16,SOBTI_5_ET,NY_LONDON_LIT,TRAINABLE,DOWN,DOWN,-0.002484760399234842,-0.0024960491942757,False,1.1288795040857724e-05
2024-12-16,SOBTI_5_ET,US_LATE_LIT,TRAINABLE,UP,UP,0.0017561239277930074,0.001756123927793,False,7.37257477290143e-18
2024-12-17,SOBTI_5_ET,ASIA_MORNING_LIT,TRAINABLE,DOWN,DOWN,-0.0013617851670409964,-0.0013617851670409,False,9.64939933512099e-17
2024-12-17,SOBTI_5_ET,ASIA_AFTERNOON_LIT,TRAINABLE,UP,UP,3.392941314928066e-05,1.502728572133627e-05,False,1.8902127427944393e-05
2024-12-17,SOBTI_5_ET,EUROPE_LIT,TRAINABLE,DOWN,DOWN,-0.0018353712585835735,-0.0018845156737239,False,4.914441514032651e-05
2024-12-17,SOBTI_5_ET,NY_LONDON_LIT,TRAINABLE,UP,UP,0.0017632752568494947,0.0017291877002227,False,3.4087556626794706e-05
2024-12-17,SOBTI_5_ET,US_LATE_LIT,TRAINABLE,UP,UP,0.0013409217253557149,0.0013560452207885,False,1.5123495432785208e-05
2024-12-18,SOBTI_5_ET,ASIA_MORNING_LIT,TRAINABLE,DOWN,DOWN,-0.002640453193897274,-0.0026065644859839,False,3.3888707913374335e-05
2024-12-18,SOBTI_5_ET,ASIA_AFTERNOON_LIT,TRAINABLE,DOWN,DOWN,-0.0005254138535525366,-0.0005291972082319,False,3.7833546793633946e-06
2024-12-18,SOBTI_5_ET,EUROPE_LIT,TRAINABLE,DOWN,DOWN,-0.0001247284875482979,-0.0001058009418317,False,1.8927545716597904e-05
2024-12-18,SOBTI_5_ET,NY_LONDON_LIT,TRAINABLE,DOWN,DOWN,-0.009129744075318302,-0.0091297440753183,False,1.734723475976807e-18
2024-12-18,SOBTI_5_ET,US_LATE_LIT,TRAINABLE,DOWN,DOWN,-0.0030496378067743635,-0.0031946312811138,False,0.0001449934743394366
2024-12-19,SOBTI_5_ET,ASIA_MORNING_LIT,TRAINABLE,DOWN,DOWN,-0.001056823141184715,-0.0010606560257189,False,3.832884534184884e-06
2024-12-19,SOBTI_5_ET,ASIA_AFTERNOON_LIT,TRAINABLE,UP,UP,0.002855119809142659,0.0028359386406184,False,1.9181168524258843e-05
2024-12-19,SOBTI_5_ET,EUROPE_LIT,TRAINABLE,DOWN,DOWN,-0.004008816377760183,-0.003982038681729,False,2.677769603118274e-05
2024-12-19,SOBTI_5_ET,NY_LONDON_LIT,TRAINABLE,DOWN,DOWN,-0.003245953016042802,-0.0032882004837136,False,4.224746767079795e-05
2024-12-19,SOBTI_5_ET,US_LATE_LIT,TRAINABLE,UP,UP,0.002371257332801857,0.0023635506338723,False,7.706698929557144e-06
2024-12-20,SOBTI_5_ET,ASIA_MORNING_LIT,TRAINABLE,DOWN,DOWN,-0.0017243460554716705,-0.0017281903188253,False,3.844263353629512e-06
2024-12-20,SOBTI_5_ET,ASIA_AFTERNOON_LIT,TRAINABLE,UP,UP,0.0007604920700106099,0.0007680845861446,False,7.592516133990098e-06
2024-12-20,SOBTI_5_ET,EUROPE_LIT,TRAINABLE,DOWN,DOWN,-0.0008403840932221796,-0.0008442254061227,False,3.8413129005204685e-06
2024-12-20,SOBTI_5_ET,NY_LONDON_LIT,TRAINABLE,UP,UP,0.009087199900181364,0.0090564434315858,False,3.075646859556497e-05
2024-12-20,SOBTI_5_ET,US_LATE_LIT,NOT_ELIGIBLE_WEEKLY_CLOSE_FRIDAY,,,,,False,
2024-12-23,SOBTI_5_ET,ASIA_MORNING_LIT,TRAINABLE,UP,UP,0.0016597861020628546,0.0017017987104392,False,4.2012608376345304e-05
2024-12-23,SOBTI_5_ET,ASIA_AFTERNOON_LIT,TRAINABLE,UP,UP,0.0005668460929137975,0.0005820783870542,False,1.523229414040247e-05
2024-12-23,SOBTI_5_ET,EUROPE_LIT,TRAINABLE,DOWN,DOWN,-0.005691808074674509,-0.0055587898173926,False,0.00013301825728190882
2024-12-23,SOBTI_5_ET,NY_LONDON_LIT,TRAINABLE,DOWN,DOWN,-0.001877257264016774,-0.0018963934042034,False,1.913614018662609e-05
2024-12-23,SOBTI_5_ET,US_LATE_LIT,TRAINABLE,UP,UP,0.0027887385882883198,0.0027618970899867,False,2.684149830161969e-05
2024-12-24,SOBTI_5_ET,ASIA_MORNING_LIT,TRAINABLE,UP,UP,0.0003552442624332741,0.0003590682008662,False,3.823938432925898e-06
2024-12-24,SOBTI_5_ET,ASIA_AFTERNOON_LIT,TRAINABLE,UP,UP,0.000313284828502125,0.0003056367469156,False,7.648081586525044e-06
2024-12-24,SOBTI_5_ET,EUROPE_LIT,TRAINABLE,DOWN,DOWN,-0.0017453341050113202,-0.0017834673525076,False,3.8133247496279854e-05
2024-12-24,SOBTI_5_ET,NY_LONDON_LIT,EXCLUDE_END_BOUNDARY_MISSING,,,,,False,
2024-12-24,SOBTI_5_ET,US_LATE_LIT,EXCLUDE_BOTH_BOUNDARIES_MISSING,,,,,False,
2024-12-25,SOBTI_5_ET,ASIA_MORNING_LIT,EXCLUDE_BOTH_BOUNDARIES_MISSING,,,,,False,
2024-12-25,SOBTI_5_ET,ASIA_AFTERNOON_LIT,EXCLUDE_BOTH_BOUNDARIES_MISSING,,,,,False,
2024-12-25,SOBTI_5_ET,EUROPE_LIT,EXCLUDE_BOTH_BOUNDARIES_MISSING,,,,,False,
2024-12-25,SOBTI_5_ET,NY_LONDON_LIT,EXCLUDE_BOTH_BOUNDARIES_MISSING,,,,,False,
2024-12-25,SOBTI_5_ET,US_LATE_LIT,EXCLUDE_START_BOUNDARY_MISSING,,,,,False,
2024-12-26,SOBTI_5_ET,ASIA_MORNING_LIT,TRAINABLE,UP,UP,0.0002132026934711373,0.0001903391542612,False,2.2863539209937308e-05
2024-12-26,SOBTI_5_ET,ASIA_AFTERNOON_LIT,TRAINABLE,UP,UP,7.620425465648673e-05,7.239404192360688e-05,False,3.8102127328798474e-06
2024-12-26,SOBTI_5_ET,EUROPE_LIT,TRAINABLE,DOWN,DOWN,-0.00018649660234892895,-0.0002207860345937,False,3.4289432244771046e-05
2024-12-26,SOBTI_5_ET,NY_LONDON_LIT,TRAINABLE,UP,UP,0.0028476069269838256,0.0028437961487011,False,3.8107782827255174e-06
2024-12-26,SOBTI_5_ET,US_LATE_LIT,TRAINABLE,DOWN,DOWN,-0.0007326353487178139,-0.0007554351803406,False,2.2799831622786148e-05
2024-12-27,SOBTI_5_ET,ASIA_MORNING_LIT,TRAINABLE,UP,UP,0.0002621113586227519,0.0002507028244032,False,1.140853421955192e-05
2024-12-27,SOBTI_5_ET,ASIA_AFTERNOON_LIT,TRAINABLE,DOWN,DOWN,-0.00264736127415488,-0.0026587510287189,False,1.1389754564019878e-05
2024-12-27,SOBTI_5_ET,EUROPE_LIT,TRAINABLE,DOWN,DOWN,-0.001190358087700627,-0.0011637111461343,False,2.6646941566327038e-05
2024-12-27,SOBTI_5_ET,NY_LONDON_LIT,TRAINABLE,DOWN,DOWN,-0.002935439031507836,-0.0029316278905026,False,3.811141005235965e-06
2024-12-27,SOBTI_5_ET,US_LATE_LIT,NOT_ELIGIBLE_WEEKLY_CLOSE_FRIDAY,,,,,False,
2024-12-30,SOBTI_5_ET,ASIA_MORNING_LIT,TRAINABLE,DOWN,DOWN,-0.0002972324085820377,-0.0002553699771283,False,4.1862431453737687e-05
2024-12-30,SOBTI_5_ET,ASIA_AFTERNOON_LIT,TRAINABLE,DOWN,DOWN,-0.0029851962048960123,-0.0028746192622252,False,0.00011057694267081232
2024-12-30,SOBTI_5_ET,EUROPE_LIT,TRAINABLE,UP,UP,0.002340005339007467,0.0023285234791208,False,1.1481859886666897e-05
2024-12-30,SOBTI_5_ET,NY_LONDON_LIT,TRAINABLE,DOWN,DOWN,-0.006511516169920295,-0.0065000609837035,False,1.1455186216795081e-05
2024-12-30,SOBTI_5_ET,US_LATE_LIT,TRAINABLE,UP,UP,0.0017316355029153296,0.0017277921253209,False,3.843377594429584e-06
2024-12-31,SOBTI_5_ET,ASIA_MORNING_LIT,TRAINABLE,DOWN,DOWN,-0.001418159598143065,-0.0014066493526716,False,1.1510245471464935e-05
2024-12-31,SOBTI_5_ET,ASIA_AFTERNOON_LIT,TRAINABLE,UP,UP,0.0020476355359746456,0.0020591504159008,False,1.1514879926154305e-05
2024-12-31,SOBTI_5_ET,EUROPE_LIT,TRAINABLE,DOWN,DOWN,-0.0007729766813420191,-0.000772976681342,False,1.9081958235744878e-17
2024-12-31,SOBTI_5_ET,NY_LONDON_LIT,TRAINABLE,UP,UP,0.00524261658754388,0.0052081162662589,False,3.45003212849802e-05
2024-12-31,SOBTI_5_ET,US_LATE_LIT,EXCLUDE_END_BOUNDARY_MISSING,,,,,False,
2025-01-01,SOBTI_5_ET,ASIA_MORNING_LIT,EXCLUDE_BOTH_BOUNDARIES_MISSING,,,,,False,
2025-01-01,SOBTI_5_ET,ASIA_AFTERNOON_LIT,EXCLUDE_BOTH_BOUNDARIES_MISSING,,,,,False,
2025-01-01,SOBTI_5_ET,EUROPE_LIT,EXCLUDE_BOTH_BOUNDARIES_MISSING,,,,,False,
2025-01-01,SOBTI_5_ET,NY_LONDON_LIT,EXCLUDE_BOTH_BOUNDARIES_MISSING,,,,,False,
2025-01-01,SOBTI_5_ET,US_LATE_LIT,EXCLUDE_START_BOUNDARY_MISSING,,,,,False,
2025-01-02,SOBTI_5_ET,ASIA_MORNING_LIT,TRAINABLE,DOWN,DOWN,-0.00025061619165689386,-0.0002544177222876,False,3.8015306307061496e-06
2025-01-02,SOBTI_5_ET,ASIA_AFTERNOON_LIT,TRAINABLE,DOWN,DOWN,-0.00036829577055841334,-0.0003606961732232,False,7.599597335213363e-06
2025-01-02,SOBTI_5_ET,EUROPE_LIT,TRAINABLE,UP,UP,0.0038391852297101625,0.0038277817205052,False,1.1403509204962591e-05
2025-01-02,SOBTI_5_ET,NY_LONDON_LIT,TRAINABLE,UP,UP,0.004581124158920202,0.0045697641334132,False,1.1360025507002082e-05
2025-01-02,SOBTI_5_ET,US_LATE_LIT,TRAINABLE,UP,UP,0.0014836568975962194,0.0013932842475421,False,9.03726500541195e-05
2025-01-03,SOBTI_5_ET,ASIA_MORNING_LIT,TRAINABLE,UP,UP,0.0018276174506155485,0.0018350518496308,False,7.434399015251569e-06
2025-01-03,SOBTI_5_ET,ASIA_AFTERNOON_LIT,TRAINABLE,DOWN,DOWN,-0.0017874614957275048,-0.0017761609759976,False,1.1300519729904842e-05
2025-01-03,SOBTI_5_ET,EUROPE_LIT,TRAINABLE,UP,UP,0.0010291403682463063,0.0009123490446887,False,0.00011679132355760626
2025-01-03,SOBTI_5_ET,NY_LONDON_LIT,TRAINABLE,DOWN,DOWN,-0.00515618601347656,-0.0051599561161556,False,3.770102679039912e-06
2025-01-03,SOBTI_5_ET,US_LATE_LIT,NOT_ELIGIBLE_WEEKLY_CLOSE_FRIDAY,,,,,False,
2025-01-06,SOBTI_5_ET,ASIA_MORNING_LIT,TRAINABLE,DOWN,DOWN,-0.0011510677273848247,-0.0011510677273848,False,2.47198095326695e-17
2025-01-06,SOBTI_5_ET,ASIA_AFTERNOON_LIT,TRAINABLE,DOWN,DOWN,-0.0006345838098544831,-0.000562405373606,False,7.217843624848319e-05
2025-01-06,SOBTI_5_ET,EUROPE_LIT,TRAINABLE,UP,UP,0.0059010588317509605,0.0059314119818234,False,3.0353150072439175e-05
2025-01-06,SOBTI_5_ET,NY_LONDON_LIT,TRAINABLE,DOWN,DOWN,-0.004191742059044934,-0.0042484958147497,False,5.675375570476579e-05
2025-01-06,SOBTI_5_ET,US_LATE_LIT,TRAINABLE,UP,UP,0.0017651644308065428,0.0017537656298878,False,1.1398800918742923e-05
2025-01-07,SOBTI_5_ET,ASIA_MORNING_LIT,TRAINABLE,DOWN,DOWN,-0.0003675496936926814,-0.0003335063748398,False,3.404331885288142e-05
2025-01-07,SOBTI_5_ET,ASIA_AFTERNOON_LIT,TRAINABLE,DOWN,DOWN,-0.0005216018384817112,-0.0005291694919523,False,7.567653470588829e-06
2025-01-07,SOBTI_5_ET,EUROPE_LIT,TRAINABLE,UP,UP,0.002912158831639422,0.0026474336231545,False,0.000264725208484922
2025-01-07,SOBTI_5_ET,NY_LONDON_LIT,TRAINABLE,DOWN,DOWN,-0.0012712293200692892,-0.0013353241933249,False,6.409487325561083e-05
2025-01-07,SOBTI_5_ET,US_LATE_LIT,TRAINABLE,UP,UP,0.000521195221343751,0.000528756986375,False,7.561765031249075e-06
2025-01-08,SOBTI_5_ET,ASIA_MORNING_LIT,TRAINABLE,DOWN,DOWN,-0.00048322531506139743,-0.0004832253150613,False,9.741556519782257e-17
2025-01-08,SOBTI_5_ET,ASIA_AFTERNOON_LIT,TRAINABLE,DOWN,DOWN,-0.00048648077344481955,-0.000516679356696,False,3.0198583251180478e-05
2025-01-08,SOBTI_5_ET,EUROPE_LIT,TRAINABLE,UP,UP,0.000622601429980385,0.000524500000832,False,9.810142914838508e-05
2025-01-08,SOBTI_5_ET,NY_LONDON_LIT,TRAINABLE,UP,UP,0.0031449731664345837,0.0031449731664345,False,8.370040771588094e-17
2025-01-08,SOBTI_5_ET,US_LATE_LIT,TRAINABLE,DOWN,DOWN,-0.0005863638998322429,-0.0006051786998314,False,1.8814799999157116e-05
2025-01-09,SOBTI_5_ET,ASIA_MORNING_LIT,TRAINABLE,DOWN,DOWN,-0.0005679868133744437,-0.0005868130065845,False,1.882619321005635e-05
2025-01-09,SOBTI_5_ET,ASIA_AFTERNOON_LIT,TRAINABLE,UP,UP,0.0015822575126545058,0.0016274026423379,False,4.514512968339414e-05
2025-01-09,SOBTI_5_ET,EUROPE_LIT,TRAINABLE,UP,UP,0.0034257693252233157,0.0034708414801993,False,4.507215497598447e-05
2025-01-09,SOBTI_5_ET,NY_LONDON_LIT,TRAINABLE,DOWN,DOWN,-0.0015256570511497092,-0.0015331430941106,False,7.486042960890829e-06
2025-01-09,SOBTI_5_ET,US_LATE_LIT,TRAINABLE,UP,UP,0.000348261003415562,0.0003296100356091,False,1.865096780646197e-05
2025-01-10,SOBTI_5_ET,ASIA_MORNING_LIT,TRAINABLE,UP,UP,0.000767402795289085,0.000760001322726,False,7.401472563084996e-06
2025-01-10,SOBTI_5_ET,ASIA_AFTERNOON_LIT,TRAINABLE,UP,UP,0.001113732294751868,0.0011548846054971,False,4.115231074523209e-05
2025-01-10,SOBTI_5_ET,EUROPE_LIT,TRAINABLE,DOWN,DOWN,-0.00010080036994430941,-0.0001717063112347,False,7.090594129039059e-05
2025-01-10,SOBTI_5_ET,NY_LONDON_LIT,TRAINABLE,UP,UP,0.0032221483175494114,0.0032221483175494,False,1.1275702593849246e-17
2025-01-10,SOBTI_5_ET,US_LATE_LIT,NOT_ELIGIBLE_WEEKLY_CLOSE_FRIDAY,,,,,False,
2025-01-13,SOBTI_5_ET,ASIA_MORNING_LIT,TRAINABLE,UP,UP,0.0002829649999089856,0.0002866918977775,False,3.7268978685144126e-06
2025-01-13,SOBTI_5_ET,ASIA_AFTERNOON_LIT,TRAINABLE,DOWN,DOWN,-0.0014124217400885986,-0.0013863777692649,False,2.6043970823698458e-05
2025-01-13,SOBTI_5_ET,EUROPE_LIT,EXCLUDE_END_BOUNDARY_MISSING,,,,,False,
2025-01-13,SOBTI_5_ET,NY_LONDON_LIT,EXCLUDE_START_BOUNDARY_MISSING,,,,,False,
2025-01-13,SOBTI_5_ET,US_LATE_LIT,TRAINABLE,UP,UP,0.004502087422324497,0.0045472663777579,False,4.5178955433403285e-05
2025-01-14,SOBTI_5_ET,ASIA_MORNING_LIT,TRAINABLE,DOWN,DOWN,-0.0003445232662065978,-0.0003520190069822,False,7.495740775602204e-06
2025-01-14,SOBTI_5_ET,ASIA_AFTERNOON_LIT,TRAINABLE,UP,UP,0.0018514129722548844,0.0018776741225858,False,2.6261150330915547e-05
2025-01-14,SOBTI_5_ET,EUROPE_LIT,TRAINABLE,DOWN,DOWN,-0.0017806345446954586,-0.0017993573538833,False,1.8722809187841395e-05
2025-01-14,SOBTI_5_ET,NY_LONDON_LIT,TRAINABLE,UP,UP,0.0018063521888156409,0.0018363626831194,False,3.0010494303759185e-05
2025-01-14,SOBTI_5_ET,US_LATE_LIT,TRAINABLE,DOWN,DOWN,-0.0012419369086532628,-0.001234448037361,False,7.488871292262887e-06
2025-01-15,SOBTI_5_ET,ASIA_MORNING_LIT,TRAINABLE,UP,UP,0.002067423220973863,0.0020486779026218,False,1.874531835206316e-05
2025-01-15,SOBTI_5_ET,ASIA_AFTERNOON_LIT,TRAINABLE,UP,UP,0.0006002236829267815,0.0005592632430087,False,4.09604399180815e-05
2025-01-15,SOBTI_5_ET,EUROPE_LIT,TRAINABLE,UP,UP,0.00040238111483148487,0.0004918094912873,False,8.94283764558151e-05
2025-01-15,SOBTI_5_ET,NY_LONDON_LIT,TRAINABLE,UP,UP,0.0033111378606778263,0.0033111378606778,False,2.6454533008646308e-17
2025-01-15,SOBTI_5_ET,US_LATE_LIT,TRAINABLE,UP,UP,0.000898326142564132,0.0009836996451042,False,8.537350254006807e-05
2025-01-16,SOBTI_5_ET,ASIA_MORNING_LIT,TRAINABLE,UP,UP,0.00024844426022907484,0.0002374001503808,False,1.104410984827483e-05
2025-01-16,SOBTI_5_ET,ASIA_AFTERNOON_LIT,TRAINABLE,UP,UP,0.0034991756673496965,0.0035363593639328,False,3.718369658310336e-05
2025-01-16,SOBTI_5_ET,EUROPE_LIT,TRAINABLE,UP,UP,0.0008254415783746083,0.0006181317323741,False,0.00020730984600050829
2025-01-16,SOBTI_5_ET,NY_LONDON_LIT,TRAINABLE,UP,UP,0.004576051646186574,0.0045834576013394,False,7.4059551528260145e-06
2025-01-16,SOBTI_5_ET,US_LATE_LIT,TRAINABLE,DOWN,DOWN,-0.00029829650842339017,-0.0002209808343885,False,7.731567403489016e-05
2025-01-17,SOBTI_5_ET,ASIA_MORNING_LIT,TRAINABLE,UP,UP,0.00018416070464177814,0.0001620393208003,False,2.2121383841478134e-05
2025-01-17,SOBTI_5_ET,ASIA_AFTERNOON_LIT,TRAINABLE,DOWN,DOWN,-0.0003429324841047743,-0.0002655050386382,False,7.74274454665743e-05
2025-01-17,SOBTI_5_ET,EUROPE_LIT,TRAINABLE,UP,UP,7.375561659439533e-05,0.0001475112331887,False,7.375561659430467e-05
2025-01-17,SOBTI_5_ET,NY_LONDON_LIT,TRAINABLE,DOWN,DOWN,-0.0017075733408481453,-0.0017260325764458,False,1.8459235597654633e-05
2025-01-17,SOBTI_5_ET,US_LATE_LIT,NOT_ELIGIBLE_WEEKLY_CLOSE_FRIDAY,,,,,False,
2025-01-20,SOBTI_5_ET,ASIA_MORNING_LIT,TRAINABLE,UP,UP,0.003314698694424356,0.0033072674759901,False,7.431218434256377e-06
2025-01-20,SOBTI_5_ET,ASIA_AFTERNOON_LIT,TRAINABLE,DOWN,DOWN,-0.0019010556309824178,-0.0018604115071274,False,4.0644123855017875e-05
2025-01-20,SOBTI_5_ET,EUROPE_LIT,TRAINABLE,UP,UP,0.0015717110224140463,0.0016419535450857,False,7.024252267165366e-05
2025-01-20,SOBTI_5_ET,NY_LONDON_LIT,TRAINABLE,DOWN,DOWN,-7.012737677691838e-05,-7.012737677691838e-05,False,0.0
2025-01-20,SOBTI_5_ET,US_LATE_LIT,EXCLUDE_START_BOUNDARY_MISSING,,UP,,0.0036479870403023,False,
2025-01-21,SOBTI_5_ET,ASIA_MORNING_LIT,TRAINABLE,UP,UP,0.0032227365244388295,0.0032595621334687,False,3.6825609029870685e-05
2025-01-21,SOBTI_5_ET,ASIA_AFTERNOON_LIT,TRAINABLE,DOWN,DOWN,-0.0003154095398426593,-0.0003080659036834,False,7.343636159259318e-06
2025-01-21,SOBTI_5_ET,EUROPE_LIT,TRAINABLE,UP,UP,0.0005833568607584994,0.0006457962699328,False,6.243940917430063e-05
2025-01-21,SOBTI_5_ET,NY_LONDON_LIT,TRAINABLE,UP,UP,0.005687385271300194,0.0056837146921566,False,3.6705791435940813e-06
2025-01-21,SOBTI_5_ET,US_LATE_LIT,TRAINABLE,UP,UP,0.002045460610557326,0.001965255405703,False,8.020520485432607e-05
2025-01-22,SOBTI_5_ET,ASIA_MORNING_LIT,TRAINABLE,UP,UP,0.0013573534112865104,0.0014228305986421,False,6.547718735558958e-05
2025-01-22,SOBTI_5_ET,ASIA_AFTERNOON_LIT,TRAINABLE,UP,UP,0.0016089699572852112,0.0015726218754452,False,3.634808184001118e-05
2025-01-22,SOBTI_5_ET,EUROPE_LIT,TRAINABLE,UP,UP,0.0025768397891883232,0.0025695634144635,False,7.27637472482329e-06
2025-01-22,SOBTI_5_ET,NY_LONDON_LIT,TRAINABLE,DOWN,DOWN,-0.0009751671446579513,-0.0009715382818885,False,3.628862769451246e-06
2025-01-22,SOBTI_5_ET,US_LATE_LIT,TRAINABLE,DOWN,DOWN,-0.001088628904227451,-0.0011213204302213,False,3.269152599384901e-05
2025-01-23,SOBTI_5_ET,ASIA_MORNING_LIT,TRAINABLE,UP,UP,0.00022891593191820547,0.0002070971153709,False,2.1818816547305466e-05
2025-01-23,SOBTI_5_ET,ASIA_AFTERNOON_LIT,TRAINABLE,DOWN,DOWN,-0.00025044013145236743,-0.0002686076946886,False,1.8167563236232587e-05
2025-01-23,SOBTI_5_ET,EUROPE_LIT,TRAINABLE,DOWN,DOWN,-0.0033694471545168136,-0.0030789603569556,False,0.00029048679756121364
2025-01-23,SOBTI_5_ET,NY_LONDON_LIT,TRAINABLE,UP,UP,0.004064610441774752,0.0040754565317013,False,1.0846089926548098e-05
2025-01-23,SOBTI_5_ET,US_LATE_LIT,TRAINABLE,UP,UP,0.0020167944350191203,0.0020422108488817,False,2.541641386257995e-05
2025-01-24,SOBTI_5_ET,ASIA_MORNING_LIT,TRAINABLE,UP,UP,0.003558387106079808,0.003547516557234,False,1.0870548845807841e-05
2025-01-24,SOBTI_5_ET,ASIA_AFTERNOON_LIT,TRAINABLE,DOWN,DOWN,-0.0014768163178430216,-0.0013255652000194,False,0.00015125111782362155
2025-01-24,SOBTI_5_ET,EUROPE_LIT,TRAINABLE,UP,UP,0.0021965030543493747,0.0021928927636025,False,3.6102907468747378e-06
2025-01-24,SOBTI_5_ET,NY_LONDON_LIT,TRAINABLE,DOWN,DOWN,-0.0024399919738296028,-0.0024219800183823,False,1.801195544730294e-05
2025-01-24,SOBTI_5_ET,US_LATE_LIT,NOT_ELIGIBLE_WEEKLY_CLOSE_FRIDAY,,,,,False,
2025-01-27,SOBTI_5_ET,ASIA_MORNING_LIT,TRAINABLE,DOWN,DOWN,-0.001751688257692896,-0.0017444427728117,False,7.245484881196083e-06
2025-01-27,SOBTI_5_ET,ASIA_AFTERNOON_LIT,TRAINABLE,UP,UP,0.001275087543864739,0.0012241786380788,False,5.090890578593921e-05
2025-01-27,SOBTI_5_ET,EUROPE_LIT,TRAINABLE,UP,UP,0.0019266363455991975,0.0018940399136777,False,3.259643192149745e-05
2025-01-27,SOBTI_5_ET,NY_LONDON_LIT,TRAINABLE,DOWN,DOWN,-0.008032367934801221,-0.0080649034687778,False,3.2535533976578435e-05
2025-01-27,SOBTI_5_ET,US_LATE_LIT,TRAINABLE,UP,UP,0.000879825317761318,0.0006863187444205,False,0.00019350657334081805
2025-01-28,SOBTI_5_ET,ASIA_MORNING_LIT,TRAINABLE,UP,UP,9.851293121410087e-05,7.660090007277631e-05,False,2.191203114132456e-05
2025-01-28,SOBTI_5_ET,ASIA_AFTERNOON_LIT,TRAINABLE,DOWN,DOWN,-0.0015322972241795796,-0.001459348062886,False,7.294916129357951e-05
2025-01-28,SOBTI_5_ET,EUROPE_LIT,TRAINABLE,UP,UP,0.0031568498357086305,0.0032445350343364,False,8.768519862776929e-05
2025-01-28,SOBTI_5_ET,NY_LONDON_LIT,TRAINABLE,UP,UP,0.006653732921448663,0.0066537329214486,False,6.331740687315346e-17
2025-01-28,SOBTI_5_ET,US_LATE_LIT,TRAINABLE,DOWN,DOWN,-8.320248604598568e-05,-7.967149959586806e-05,False,3.5309864501176236e-06
2025-01-29,SOBTI_5_ET,ASIA_MORNING_LIT,TRAINABLE,DOWN,DOWN,-7.958739509339452e-05,-7.234395439792429e-05,False,7.243440695470227e-06
2025-01-29,SOBTI_5_ET,ASIA_AFTERNOON_LIT,TRAINABLE,UP,UP,0.0013691940917266443,0.0013728198917488,False,3.6258000221556664e-06
2025-01-29,SOBTI_5_ET,EUROPE_LIT,TRAINABLE,DOWN,DOWN,-0.0028792863338985564,-0.0028178226665113,False,6.146366738725645e-05
2025-01-29,SOBTI_5_ET,NY_LONDON_LIT,TRAINABLE,DOWN,DOWN,-0.0039538662713692885,-0.0039756526371395,False,2.1786365770211195e-05
2025-01-29,SOBTI_5_ET,US_LATE_LIT,TRAINABLE,UP,UP,0.005233380928031162,0.0052224442647719,False,1.0936663259261334e-05
2025-01-30,SOBTI_5_ET,ASIA_MORNING_LIT,TRAINABLE,UP,UP,0.0007971306196088435,0.0007935040049817,False,3.6266146271435144e-06
2025-01-30,SOBTI_5_ET,ASIA_AFTERNOON_LIT,TRAINABLE,UP,UP,0.004128498813020798,0.0040488361945856,False,7.966261843519746e-05
2025-01-30,SOBTI_5_ET,EUROPE_LIT,TRAINABLE,UP,UP,0.0028422983794531564,0.00287831345702,False,3.601507756684349e-05
2025-01-30,SOBTI_5_ET,NY_LONDON_LIT,TRAINABLE,UP,UP,0.004003024812784917,0.0040246257887175,False,2.1600975932583102e-05
2025-01-30,SOBTI_5_ET,US_LATE_LIT,TRAINABLE,UP,UP,0.0017193600109171037,0.0017229457423453,False,3.5857314281963985e-06
2025-01-31,SOBTI_5_ET,ASIA_MORNING_LIT,TRAINABLE,DOWN,DOWN,-0.0004827054615310633,-0.0004898642319994,False,7.158770468336647e-06
2025-01-31,SOBTI_5_ET,ASIA_AFTERNOON_LIT,TRAINABLE,DOWN,DOWN,-0.0002397246024071764,-0.0002719624657802,False,3.223786337302358e-05
2025-01-31,SOBTI_5_ET,EUROPE_LIT,TRAINABLE,UP,UP,0.004202188387752326,0.0042021883877523,False,2.6020852139652106e-17
2025-01-31,SOBTI_5_ET,NY_LONDON_LIT,TRAINABLE,DOWN,DOWN,-0.0012974920777788501,-0.001336650593568,False,3.9158515789149964e-05
2025-01-31,SOBTI_5_ET,US_LATE_LIT,NOT_ELIGIBLE_WEEKLY_CLOSE_FRIDAY,,,,,False,
2025-02-03,SOBTI_5_ET,ASIA_MORNING_LIT,TRAINABLE,DOWN,DOWN,-0.0010854283687291577,-0.0010926237766872,False,7.195407958042336e-06
2025-02-03,SOBTI_5_ET,ASIA_AFTERNOON_LIT,TRAINABLE,UP,UP,0.003986475968109859,0.00397210936637,False,1.4366601739859361e-05
2025-02-03,SOBTI_5_ET,EUROPE_LIT,TRAINABLE,UP,UP,0.004474599863656392,0.0044781773934554,False,3.5775297990078836e-06
2025-02-03,SOBTI_5_ET,NY_LONDON_LIT,TRAINABLE,UP,UP,0.003853277759632956,0.0038213124865007,False,3.196527313225608e-05
2025-02-03,SOBTI_5_ET,US_LATE_LIT,TRAINABLE,UP,UP,0.0007549312441481604,0.0007407391549152,False,1.4192089232960324e-05
2025-02-04,SOBTI_5_ET,ASIA_MORNING_LIT,TRAINABLE,DOWN,DOWN,-0.0011050124788734017,-0.0010554654799056,False,4.954699896780163e-05
2025-02-04,SOBTI_5_ET,ASIA_AFTERNOON_LIT,TRAINABLE,UP,UP,0.0016890086105856295,0.0016783308736918,False,1.0677736893829545e-05
2025-02-04,SOBTI_5_ET,EUROPE_LIT,TRAINABLE,UP,UP,0.0017287310581484139,0.0017855851091892,False,5.6854051040786027e-05
2025-02-04,SOBTI_5_ET,NY_LONDON_LIT,TRAINABLE,UP,UP,0.0072677701117553895,0.0072358465106725,False,3.192360108288973e-05
2025-02-04,SOBTI_5_ET,US_LATE_LIT,TRAINABLE,UP,UP,0.0007458724357254365,0.000879516767595,False,0.00013364433186956355
2025-02-05,SOBTI_5_ET,ASIA_MORNING_LIT,TRAINABLE,UP,UP,0.004108985375335772,0.0040844438157636,False,2.4541559572171905e-05
2025-02-05,SOBTI_5_ET,ASIA_AFTERNOON_LIT,TRAINABLE,UP,UP,0.001551829661604609,0.001555328315846,False,3.4986542413910967e-06
2025-02-05,SOBTI_5_ET,EUROPE_LIT,TRAINABLE,UP,UP,0.0016854809428299422,0.001692467385101,False,6.9864422710577256e-06
2025-02-05,SOBTI_5_ET,NY_LONDON_LIT,TRAINABLE,DOWN,DOWN,-0.0011565712498805558,-0.0011392210541812,False,1.735019569935577e-05
2025-02-05,SOBTI_5_ET,US_LATE_LIT,TRAINABLE,UP,UP,0.0015904616082478285,0.0015695138303257,False,2.0947777922128517e-05
2025-02-06,SOBTI_5_ET,ASIA_MORNING_LIT,TRAINABLE,DOWN,DOWN,-0.0006059241868593412,-0.0006094100121287,False,3.4858252693587216e-06
2025-02-06,SOBTI_5_ET,ASIA_AFTERNOON_LIT,TRAINABLE,DOWN,DOWN,-0.006245093249799938,-0.006189364604718,False,5.572864508193807e-05
2025-02-06,SOBTI_5_ET,EUROPE_LIT,TRAINABLE,UP,UP,0.004509661082476413,0.0044255036714446,False,8.415741103181239e-05
2025-02-06,SOBTI_5_ET,NY_LONDON_LIT,TRAINABLE,DOWN,DOWN,-0.004454844037725669,-0.0044793072569334,False,2.4463219207730702e-05
2025-02-06,SOBTI_5_ET,US_LATE_LIT,TRAINABLE,UP,UP,0.005204364820997842,0.0051903229406971,False,1.404188030074225e-05
2025-02-07,SOBTI_5_ET,ASIA_MORNING_LIT,TRAINABLE,UP,UP,0.0008303055830030104,0.000830305583003,False,1.0408340855860843e-17
2025-02-07,SOBTI_5_ET,ASIA_AFTERNOON_LIT,TRAINABLE,DOWN,DOWN,-9.778403184002027e-05,-1.747702315313404e-05,False,8.030700868688623e-05
2025-02-07,SOBTI_5_ET,EUROPE_LIT,TRAINABLE,UP,UP,2.7963725767632397e-05,4.893652009374527e-05,False,2.0972794326112876e-05
2025-02-07,SOBTI_5_ET,NY_LONDON_LIT,TRAINABLE,DOWN,DOWN,-0.0008415803606480754,-0.000841580360648,False,7.535205098774256e-17
2025-02-07,SOBTI_5_ET,US_LATE_LIT,NOT_ELIGIBLE_WEEKLY_CLOSE_FRIDAY,,,,,False,
2025-02-10,SOBTI_5_ET,ASIA_MORNING_LIT,TRAINABLE,UP,UP,0.00186286486445697,0.0018558937242219,False,6.9711402350700145e-06
2025-02-10,SOBTI_5_ET,ASIA_AFTERNOON_LIT,TRAINABLE,UP,UP,0.0036049672196218907,0.0035321028706234,False,7.286434899849087e-05
2025-02-10,SOBTI_5_ET,EUROPE_LIT,TRAINABLE,UP,UP,0.0027218477515433825,0.0027597941044568,False,3.794635291341731e-05
2025-02-10,SOBTI_5_ET,NY_LONDON_LIT,TRAINABLE,UP,UP,0.00036859184543280854,0.0004065198764031,False,3.792803097029144e-05
2025-02-10,SOBTI_5_ET,US_LATE_LIT,TRAINABLE,UP,UP,0.010257183077760024,0.0102433963266306,False,1.378675112942429e-05
2025-02-11,SOBTI_5_ET,ASIA_MORNING_LIT,TRAINABLE,DOWN,DOWN,-0.004914749088304138,-0.0049351338107697,False,2.038472246556223e-05
2025-02-11,SOBTI_5_ET,ASIA_AFTERNOON_LIT,TRAINABLE,DOWN,DOWN,-0.0027684739968429906,-0.0028300470481008,False,6.157305125780929e-05
2025-02-11,SOBTI_5_ET,EUROPE_LIT,TRAINABLE,DOWN,DOWN,-0.008380349840943602,-0.0084970608366146,False,0.00011671099567099781
2025-02-11,SOBTI_5_ET,NY_LONDON_LIT,TRAINABLE,UP,UP,0.004340330771053447,0.0043264722152536,False,1.3858555799846524e-05
2025-02-11,SOBTI_5_ET,US_LATE_LIT,TRAINABLE,DOWN,DOWN,-0.0028604193320531657,-0.0028638690459119,False,3.4497138587342643e-06
2025-02-12,SOBTI_5_ET,ASIA_MORNING_LIT,TRAINABLE,DOWN,DOWN,-0.0012027387153877855,-0.0012234100418226,False,2.0671326434814393e-05
2025-02-12,SOBTI_5_ET,ASIA_AFTERNOON_LIT,TRAINABLE,UP,UP,0.00047402437289045807,0.0004359292982261,False,3.8095074664358064e-05
2025-02-12,SOBTI_5_ET,EUROPE_LIT,TRAINABLE,DOWN,DOWN,-0.0022478438690254343,-0.002244382189467,False,3.46167955843444e-06
2025-02-12,SOBTI_5_ET,NY_LONDON_LIT,TRAINABLE,UP,UP,0.0034487396846283325,0.0034555919673529,False,6.8522827245676154e-06
2025-02-12,SOBTI_5_ET,US_LATE_LIT,TRAINABLE,UP,UP,0.0037994709816939753,0.0038063860188808,False,6.915037186824499e-06
2025-02-13,SOBTI_5_ET,ASIA_MORNING_LIT,TRAINABLE,UP,UP,0.003957111912675115,0.0039605563205227,False,3.4444078475847142e-06
2025-02-13,SOBTI_5_ET,ASIA_AFTERNOON_LIT,TRAINABLE,DOWN,DOWN,-0.0013373271564061096,-0.0013682202058484,False,3.0893049442290476e-05
2025-02-13,SOBTI_5_ET,EUROPE_LIT,TRAINABLE,UP,UP,0.0019264164879886359,0.0019675778100332,False,4.1161322044564255e-05
2025-02-13,SOBTI_5_ET,NY_LONDON_LIT,TRAINABLE,UP,UP,0.00294389865626421,0.0030021317201405,False,5.823306387629009e-05
2025-02-13,SOBTI_5_ET,US_LATE_LIT,TRAINABLE,UP,UP,0.0011515121413918639,0.0011309910061738,False,2.0521135218063867e-05
2025-02-14,SOBTI_5_ET,ASIA_MORNING_LIT,TRAINABLE,DOWN,DOWN,-0.001238866894197943,-0.0012593651877134,False,2.0498293515457035e-05
2025-02-14,SOBTI_5_ET,ASIA_AFTERNOON_LIT,TRAINABLE,UP,UP,0.0011215867479119623,0.0010431857192667,False,7.840102864526224e-05
2025-02-14,SOBTI_5_ET,EUROPE_LIT,TRAINABLE,DOWN,DOWN,-0.001903611214333245,-0.0017844703474507,False,0.00011914086688254513
2025-02-14,SOBTI_5_ET,NY_LONDON_LIT,TRAINABLE,DOWN,DOWN,-0.016365301179812053,-0.0163243213756195,False,4.097980419255284e-05
2025-02-14,SOBTI_5_ET,US_LATE_LIT,NOT_ELIGIBLE_WEEKLY_CLOSE_FRIDAY,,,,,False,
2025-02-17,SOBTI_5_ET,ASIA_MORNING_LIT,TRAINABLE,UP,UP,0.002907878506950734,0.0028802234797229,False,2.765502722783383e-05
2025-02-17,SOBTI_5_ET,ASIA_AFTERNOON_LIT,TRAINABLE,UP,UP,0.0033808753801365388,0.0033670197022341,False,1.3855677902438728e-05
2025-02-17,SOBTI_5_ET,EUROPE_LIT,TRAINABLE,DOWN,DOWN,-0.0006104527603847387,-0.0006173573514418,False,6.904591057061327e-06
2025-02-17,SOBTI_5_ET,NY_LONDON_LIT,TRAINABLE,UP,UP,0.00023118786243836453,0.0002311878624383,False,6.453713431719965e-17
2025-02-17,SOBTI_5_ET,US_LATE_LIT,EXCLUDE_START_BOUNDARY_MISSING,,DOWN,,-0.0008280085850126,False,
2025-02-18,SOBTI_5_ET,ASIA_MORNING_LIT,TRAINABLE,UP,UP,0.004454385359115909,0.0045510808011048,False,9.669544198889074e-05
2025-02-18,SOBTI_5_ET,ASIA_AFTERNOON_LIT,TRAINABLE,DOWN,DOWN,-0.000820493626884522,-0.0008719517197693,False,5.145809288477799e-05
2025-02-18,SOBTI_5_ET,EUROPE_LIT,TRAINABLE,UP,UP,0.0026352494833026263,0.0026730813408197,False,3.783185751707373e-05
2025-02-18,SOBTI_5_ET,NY_LONDON_LIT,TRAINABLE,UP,UP,0.0051810717210274415,0.0051776416301649,False,3.4300908625418958e-06
2025-02-18,SOBTI_5_ET,US_LATE_LIT,TRAINABLE,UP,UP,0.0017727552250887957,0.0017863196899952,False,1.356446490640437e-05
2025-02-19,SOBTI_5_ET,ASIA_MORNING_LIT,TRAINABLE,DOWN,DOWN,-0.0036138725388362714,-0.0036172788765893,False,3.406337753028739e-06
2025-02-19,SOBTI_5_ET,ASIA_AFTERNOON_LIT,TRAINABLE,UP,UP,0.0013764764327774959,0.0013934437176026,False,1.696728482510415e-05
2025-02-19,SOBTI_5_ET,EUROPE_LIT,TRAINABLE,DOWN,DOWN,-0.0018916388034512233,-0.0018099859418533,False,8.16528615979232e-05
2025-02-19,SOBTI_5_ET,NY_LONDON_LIT,TRAINABLE,DOWN,DOWN,-0.0014417944750229061,-0.0014145843102134,False,2.7210164809506054e-05
2025-02-19,SOBTI_5_ET,US_LATE_LIT,TRAINABLE,UP,UP,0.002519090541061253,0.002515673785566,False,3.4167554952531723e-06
2025-02-20,SOBTI_5_ET,ASIA_MORNING_LIT,TRAINABLE,UP,UP,0.0012427098412037818,0.001266567112558,False,2.3857271354218133e-05
2025-02-20,SOBTI_5_ET,ASIA_AFTERNOON_LIT,TRAINABLE,UP,UP,0.002410119238585917,0.0023999252372004,False,1.0194001385516963e-05
2025-02-20,SOBTI_5_ET,EUROPE_LIT,TRAINABLE,DOWN,DOWN,-0.002492400809839812,-0.0025195197301522,False,2.711892031238795e-05
2025-02-20,SOBTI_5_ET,NY_LONDON_LIT,TRAINABLE,DOWN,DOWN,-0.0025326805989698276,-0.002546274308746,False,1.359370977617241e-05
2025-02-20,SOBTI_5_ET,US_LATE_LIT,TRAINABLE,DOWN,DOWN,-0.0030667363499189415,-0.0032947569642731,False,0.00022802061435415848
2025-02-21,SOBTI_5_ET,ASIA_MORNING_LIT,TRAINABLE,UP,UP,0.0008400641867285508,0.0008366458211821,False,3.4183655464507887e-06
2025-02-21,SOBTI_5_ET,ASIA_AFTERNOON_LIT,TRAINABLE,DOWN,DOWN,-0.0033119651206928724,-0.0032471113944224,False,6.485372627047228e-05
2025-02-21,SOBTI_5_ET,EUROPE_LIT,TRAINABLE,UP,UP,0.0037440883788644186,0.0036413051297421,False,0.00010278324912231865
2025-02-21,SOBTI_5_ET,NY_LONDON_LIT,TRAINABLE,UP,UP,0.0032322895094252235,0.0032663694048782,False,3.407989545297632e-05
2025-02-21,SOBTI_5_ET,US_LATE_LIT,NOT_ELIGIBLE_WEEKLY_CLOSE_FRIDAY,,,,,False,
2025-02-24,SOBTI_5_ET,ASIA_MORNING_LIT,TRAINABLE,UP,UP,0.004881095147177605,0.0048845142952291,False,3.41914805149484e-06
2025-02-24,SOBTI_5_ET,ASIA_AFTERNOON_LIT,TRAINABLE,UP,UP,0.0008639915422137268,0.0008571817633618,False,6.809778851926728e-06
2025-02-24,SOBTI_5_ET,EUROPE_LIT,TRAINABLE,UP,UP,0.0014308713363462289,0.0014341883452941,False,3.3170089478711667e-06
2025-02-24,SOBTI_5_ET,NY_LONDON_LIT,TRAINABLE,UP,UP,0.00020365638863339974,0.0002036563886333,False,9.974659986866641e-17
2025-02-24,SOBTI_5_ET,US_LATE_LIT,TRAINABLE,UP,UP,0.0008346684909876778,0.0008346684909876,False,7.784571598445922e-17
2025-02-25,SOBTI_5_ET,ASIA_MORNING_LIT,TRAINABLE,DOWN,DOWN,-0.004180042733576306,-0.0041766491565551,False,3.3935770212059624e-06
2025-02-25,SOBTI_5_ET,ASIA_AFTERNOON_LIT,TRAINABLE,DOWN,DOWN,-0.0002452426126202667,-0.0002281944988503,False,1.7048113769966704e-05
2025-02-25,SOBTI_5_ET,EUROPE_LIT,TRAINABLE,DOWN,DOWN,-0.0021635178023241552,-0.0021566968640641,False,6.820938260055417e-06
2025-02-25,SOBTI_5_ET,NY_LONDON_LIT,TRAINABLE,DOWN,DOWN,-0.007323926589842156,-0.0073205087494665,False,3.4178403756556994e-06
2025-02-25,SOBTI_5_ET,US_LATE_LIT,TRAINABLE,UP,UP,0.0036597025361650992,0.0036700316718196,False,1.0329135654500981e-05
2025-02-26,SOBTI_5_ET,ASIA_MORNING_LIT,TRAINABLE,DOWN,DOWN,-0.0008773398095761609,-0.0009046977765762,False,2.7357967000039168e-05
2025-02-26,SOBTI_5_ET,ASIA_AFTERNOON_LIT,TRAINABLE,DOWN,DOWN,-0.0002712565045303039,-0.0002471983008034,False,2.4058203726903924e-05
2025-02-26,SOBTI_5_ET,EUROPE_LIT,TRAINABLE,UP,UP,0.0007452160047871637,0.0007899065734271,False,4.469056863993636e-05
2025-02-26,SOBTI_5_ET,NY_LONDON_LIT,TRAINABLE,UP,UP,0.0006073984898460338,0.0005696132401216,False,3.778524972443387e-05
2025-02-26,SOBTI_5_ET,US_LATE_LIT,TRAINABLE,DOWN,DOWN,-0.001059788867877387,-0.0010563558006957,False,3.4330671816870315e-06
2025-02-27,SOBTI_5_ET,ASIA_MORNING_LIT,TRAINABLE,DOWN,DOWN,-0.0030315140050419798,-0.0030315140050419,False,7.979727989493313e-17
2025-02-27,SOBTI_5_ET,ASIA_AFTERNOON_LIT,TRAINABLE,DOWN,DOWN,-0.004575861055833519,-0.0045724041223114,False,3.4569335221187533e-06
2025-02-27,SOBTI_5_ET,EUROPE_LIT,TRAINABLE,UP,UP,0.0009818519034565654,0.0009679606529566,False,1.3891250499965314e-05
2025-02-27,SOBTI_5_ET,NY_LONDON_LIT,TRAINABLE,DOWN,DOWN,-0.000682789305275544,-0.0006897282139348,False,6.9389086592559724e-06
2025-02-27,SOBTI_5_ET,US_LATE_LIT,TRAINABLE,DOWN,DOWN,-0.0028787732243544806,-0.002944651645115,False,6.587842076051943e-05
2025-02-28,SOBTI_5_ET,ASIA_MORNING_LIT,TRAINABLE,DOWN,DOWN,-0.005134452379977894,-0.0051309702774371,False,3.482102540794396e-06
2025-02-28,SOBTI_5_ET,ASIA_AFTERNOON_LIT,TRAINABLE,DOWN,DOWN,-0.0035871915178270486,-0.0035802055874175,False,6.985930409548601e-06
2025-02-28,SOBTI_5_ET,EUROPE_LIT,TRAINABLE,UP,UP,0.00035020136578522987,0.0004062020661879,False,5.600070040267011e-05
2025-02-28,SOBTI_5_ET,NY_LONDON_LIT,TRAINABLE,DOWN,DOWN,-0.0038821001972193514,-0.0039486779509569,False,6.65777537375489e-05
2025-02-28,SOBTI_5_ET,US_LATE_LIT,NOT_ELIGIBLE_WEEKLY_CLOSE_FRIDAY,,,,,False,
2025-03-03,SOBTI_5_ET,ASIA_MORNING_LIT,TRAINABLE,DOWN,DOWN,-0.002257077803342167,-0.0022222114166997,False,3.486638664246689e-05
2025-03-03,SOBTI_5_ET,ASIA_AFTERNOON_LIT,TRAINABLE,DOWN,DOWN,-0.001100032842785148,-0.0011349905517799,False,3.495770899475197e-05
2025-03-03,SOBTI_5_ET,EUROPE_LIT,TRAINABLE,UP,UP,0.005426182069514951,0.0054261820695149,False,5.117434254131581e-17
2025-03-03,SOBTI_5_ET,NY_LONDON_LIT,TRAINABLE,UP,UP,0.004468465429428248,0.0044336568762273,False,3.480855320094761e-05
2025-03-03,SOBTI_5_ET,US_LATE_LIT,TRAINABLE,DOWN,DOWN,-2.07929431452758e-05,-9.001620291648749e-05,False,6.922325977121169e-05
2025-03-04,SOBTI_5_ET,ASIA_MORNING_LIT,TRAINABLE,UP,UP,0.0003566314237484214,0.000367028831256,False,1.0397407507578614e-05
2025-03-04,SOBTI_5_ET,ASIA_AFTERNOON_LIT,TRAINABLE,UP,UP,0.009069323868063472,0.0091178523071595,False,4.8528439096027706e-05
2025-03-04,SOBTI_5_ET,EUROPE_LIT,TRAINABLE,UP,UP,0.0036958565693883116,0.0037301212420559,False,3.426467266758829e-05
2025-03-04,SOBTI_5_ET,NY_LONDON_LIT,TRAINABLE,DOWN,DOWN,-0.004242776872130816,-0.0041949504127414,False,4.782645938941534e-05
2025-03-04,SOBTI_5_ET,US_LATE_LIT,TRAINABLE,DOWN,DOWN,-0.0018745485708069332,-0.0018573650830215,False,1.718348778543318e-05
2025-03-05,SOBTI_5_ET,ASIA_MORNING_LIT,TRAINABLE,UP,UP,0.0016853955656996877,0.0016785093804254,False,6.886185274287667e-06
2025-03-05,SOBTI_5_ET,ASIA_AFTERNOON_LIT,TRAINABLE,UP,UP,0.00047289504918213154,0.0004591755316227,False,1.3719517559431546e-05
2025-03-05,SOBTI_5_ET,EUROPE_LIT,TRAINABLE,DOWN,DOWN,-0.0012329911624455736,-0.0012569892988175,False,2.3998136371926456e-05
2025-03-05,SOBTI_5_ET,NY_LONDON_LIT,TRAINABLE,UP,UP,0.0008402203229009864,0.0009362479520831,False,9.602762918211368e-05
2025-03-05,SOBTI_5_ET,US_LATE_LIT,TRAINABLE,UP,UP,0.0020110076018045042,0.0020760807267434,False,6.507312493889573e-05
2025-03-06,SOBTI_5_ET,ASIA_MORNING_LIT,TRAINABLE,DOWN,DOWN,-0.0026051461684075683,-0.0026188353852291,False,1.3689216821531538e-05
2025-03-06,SOBTI_5_ET,ASIA_AFTERNOON_LIT,TRAINABLE,DOWN,DOWN,-0.004559247581604753,-0.0046071303827226,False,4.7882801117847366e-05
2025-03-06,SOBTI_5_ET,EUROPE_LIT,TRAINABLE,DOWN,DOWN,-0.0016505843542492515,-0.0016643528410527,False,1.3768486803448403e-05
2025-03-06,SOBTI_5_ET,NY_LONDON_LIT,TRAINABLE,UP,UP,0.0035959493670887355,0.0035993972272454,False,3.4478601566643834e-06
2025-03-06,SOBTI_5_ET,US_LATE_LIT,TRAINABLE,DOWN,DOWN,-0.0023303840877645365,-0.0023509112528899,False,2.0527165125363254e-05
2025-03-07,SOBTI_5_ET,ASIA_MORNING_LIT,TRAINABLE,DOWN,DOWN,-5.854103037516989e-05,-6.198462039730401e-05,False,3.4435900221341242e-06
2025-03-07,SOBTI_5_ET,ASIA_AFTERNOON_LIT,TRAINABLE,UP,UP,0.002950233125650348,0.0030223451727968,False,7.211204714645215e-05
2025-03-07,SOBTI_5_ET,EUROPE_LIT,TRAINABLE,DOWN,DOWN,-0.0005204014759887521,-0.0005615331112334,False,4.113163524464792e-05
2025-03-07,SOBTI_5_ET,NY_LONDON_LIT,TRAINABLE,DOWN,DOWN,-0.004327168587565766,-0.0042998177442999,False,2.735084326586576e-05
2025-03-07,SOBTI_5_ET,US_LATE_LIT,NOT_ELIGIBLE_WEEKLY_CLOSE_FRIDAY,,,,,False,
2025-03-10,SOBTI_5_ET,ASIA_MORNING_LIT,TRAINABLE,DOWN,DOWN,-0.0007514746962582475,-0.0008441316628798,False,9.265696662155254e-05
2025-03-10,SOBTI_5_ET,ASIA_AFTERNOON_LIT,TRAINABLE,UP,UP,0.0025828364500852796,0.0026103774976902,False,2.754104760492029e-05
2025-03-10,SOBTI_5_ET,EUROPE_LIT,TRAINABLE,DOWN,DOWN,-0.0038007306405969388,-0.0038761855758511,False,7.545493525416141e-05
2025-03-10,SOBTI_5_ET,NY_LONDON_LIT,TRAINABLE,DOWN,DOWN,-0.0070317740841230325,-0.0069836017662771,False,4.8172317845932705e-05
2025-03-10,SOBTI_5_ET,US_LATE_LIT,TRAINABLE,UP,UP,0.0012519151290379948,0.0012831565687656,False,3.1241439727605234e-05
2025-03-11,SOBTI_5_ET,ASIA_MORNING_LIT,TRAINABLE,UP,UP,0.0029541692424246424,0.0029507024198198,False,3.466822604842462e-06
2025-03-11,SOBTI_5_ET,ASIA_AFTERNOON_LIT,TRAINABLE,UP,UP,0.0010216780914502621,0.0010457755589761,False,2.4097467525837973e-05
2025-03-11,SOBTI_5_ET,EUROPE_LIT,TRAINABLE,UP,UP,0.004585544323079116,0.0045889955355689,False,3.45121248978425e-06
2025-03-11,SOBTI_5_ET,NY_LONDON_LIT,TRAINABLE,UP,UP,0.0010776150276881058,0.0010605235918803,False,1.7091435807805753e-05
2025-03-11,SOBTI_5_ET,US_LATE_LIT,TRAINABLE,DOWN,DOWN,-0.0008742538749464401,-0.0010250819958631,False,0.00015082812091665992
2025-03-12,SOBTI_5_ET,ASIA_MORNING_LIT,TRAINABLE,UP,UP,0.0018428842469526696,0.0018325782592962,False,1.030598765646958e-05
2025-03-12,SOBTI_5_ET,ASIA_AFTERNOON_LIT,TRAINABLE,DOWN,DOWN,-0.0006762104179182105,-0.0007243147687291,False,4.8104350810889546e-05
2025-03-12,SOBTI_5_ET,EUROPE_LIT,TRAINABLE,UP,UP,0.001459909231637857,0.0014736632941401,False,1.3754062502242901e-05
2025-03-12,SOBTI_5_ET,NY_LONDON_LIT,TRAINABLE,UP,UP,0.006959536153215096,0.0069629696090827,False,3.4334558676046845e-06
2025-03-12,SOBTI_5_ET,US_LATE_LIT,TRAINABLE,UP,UP,0.0010423506319883202,0.0010355312037246,False,6.819428263720199e-06
2025-03-13,SOBTI_5_ET,ASIA_MORNING_LIT,TRAINABLE,UP,UP,0.0019191328214243075,0.0019531946906141,False,3.406186918979235e-05
2025-03-13,SOBTI_5_ET,ASIA_AFTERNOON_LIT,TRAINABLE,DOWN,DOWN,-0.00185662401631137,-0.0018634316875775,False,6.807671266129871e-06
2025-03-13,SOBTI_5_ET,EUROPE_LIT,TRAINABLE,UP,UP,0.0037746582095898873,0.0037678378290104,False,6.820380579487459e-06
2025-03-13,SOBTI_5_ET,NY_LONDON_LIT,TRAINABLE,UP,UP,0.011940137196429612,0.0119672314623597,False,2.7094265930087055e-05
2025-03-13,SOBTI_5_ET,US_LATE_LIT,TRAINABLE,UP,UP,0.0017272877309137957,0.0018279196016524,False,0.00010063187073860438
2025-03-14,SOBTI_5_ET,ASIA_MORNING_LIT,TRAINABLE,UP,UP,0.0001338767791458917,0.0001271746043167,False,6.702174829191683e-06
2025-03-14,SOBTI_5_ET,ASIA_AFTERNOON_LIT,TRAINABLE,UP,UP,0.00027155883338902953,0.0002514247401943,False,2.0134093194729542e-05
2025-03-14,SOBTI_5_ET,EUROPE_LIT,TRAINABLE,UP,UP,0.0032744097193129207,0.0033783259321324,False,0.00010391621281947939
2025-03-14,SOBTI_5_ET,NY_LONDON_LIT,TRAINABLE,DOWN,DOWN,-0.0029126469328546456,-0.0029026998085343,False,9.947124320345418e-06
2025-03-14,SOBTI_5_ET,US_LATE_LIT,NOT_ELIGIBLE_WEEKLY_CLOSE_FRIDAY,,,,,False,
2025-03-17,SOBTI_5_ET,ASIA_MORNING_LIT,TRAINABLE,DOWN,DOWN,-0.0014978502042405362,-0.0014576889163477,False,4.0161287892836236e-05
2025-03-17,SOBTI_5_ET,ASIA_AFTERNOON_LIT,TRAINABLE,UP,UP,0.001263275356386151,0.0012733386201433,False,1.0063263757148977e-05
2025-03-17,SOBTI_5_ET,EUROPE_LIT,TRAINABLE,UP,UP,0.0031725565302911374,0.0031892225269711,False,1.666599667996243e-05
2025-03-17,SOBTI_5_ET,NY_LONDON_LIT,TRAINABLE,UP,UP,0.0007072607111324736,0.0007005821460337,False,6.678565098773527e-06
2025-03-17,SOBTI_5_ET,US_LATE_LIT,TRAINABLE,UP,UP,0.0005800450037503069,0.0005600233352778,False,2.00216684725069e-05
2025-03-18,SOBTI_5_ET,ASIA_MORNING_LIT,TRAINABLE,UP,UP,0.0037815642092968726,0.003774894055248,False,6.67015404887247e-06
2025-03-18,SOBTI_5_ET,ASIA_AFTERNOON_LIT,TRAINABLE,UP,UP,0.0031087410856249775,0.003115397555679,False,6.656470054022465e-06
2025-03-18,SOBTI_5_ET,EUROPE_LIT,TRAINABLE,UP,UP,0.0033212196672942618,0.0033709052795112,False,4.9685612216938436e-05
2025-03-18,SOBTI_5_ET,NY_LONDON_LIT,TRAINABLE,UP,UP,0.0020283634794293626,0.0020811889205425,False,5.2825441113137604e-05
2025-03-18,SOBTI_5_ET,US_LATE_LIT,TRAINABLE,DOWN,DOWN,-0.0006263186473375315,-0.0005736029176169,False,5.271572972063152e-05
2025-03-19,SOBTI_5_ET,ASIA_MORNING_LIT,TRAINABLE,UP,UP,0.0009533067413218799,0.0009566085192567,False,3.3017779348201194e-06
2025-03-19,SOBTI_5_ET,ASIA_AFTERNOON_LIT,TRAINABLE,UP,UP,0.0009317442856306979,0.0009383354493428,False,6.591163712102162e-06
2025-03-19,SOBTI_5_ET,EUROPE_LIT,TRAINABLE,DOWN,DOWN,-0.00037493298248492124,-0.0003881036099004,False,1.317062741547874e-05
2025-03-19,SOBTI_5_ET,NY_LONDON_LIT,TRAINABLE,DOWN,DOWN,-0.0004673034738336135,-0.0004607159323976,False,6.587541436013492e-06
2025-03-19,SOBTI_5_ET,US_LATE_LIT,TRAINABLE,UP,UP,0.005128957526761235,0.0051388433934915,False,9.885866730265092e-06
2025-03-20,SOBTI_5_ET,ASIA_MORNING_LIT,TRAINABLE,DOWN,DOWN,-0.0015131661539737884,-0.0015327549238907,False,1.9588769916911546e-05
2025-03-20,SOBTI_5_ET,ASIA_AFTERNOON_LIT,TRAINABLE,DOWN,DOWN,-0.0006592596231803638,-0.00066246078831,False,3.201165129636187e-06
2025-03-20,SOBTI_5_ET,EUROPE_LIT,TRAINABLE,DOWN,DOWN,-0.004020519259941402,-0.0040435166301083,False,2.2997370166898297e-05
2025-03-20,SOBTI_5_ET,NY_LONDON_LIT,TRAINABLE,UP,UP,0.0033447792367109486,0.003305277499048,False,3.9501737662948466e-05
2025-03-20,SOBTI_5_ET,US_LATE_LIT,TRAINABLE,DOWN,DOWN,-0.0005813675296727494,-0.0005649284810403,False,1.643904863244945e-05
2025-03-21,SOBTI_5_ET,ASIA_MORNING_LIT,TRAINABLE,DOWN,DOWN,-0.003999582484914166,-0.0040028721530679,False,3.289668153733799e-06
2025-03-21,SOBTI_5_ET,ASIA_AFTERNOON_LIT,TRAINABLE,UP,UP,0.001648373771794276,0.0016417604433285,False,6.613328465775994e-06
2025-03-21,SOBTI_5_ET,EUROPE_LIT,TRAINABLE,UP,UP,0.000748640436423198,0.0007420379476623,False,6.602488760898049e-06
2025-03-21,SOBTI_5_ET,NY_LONDON_LIT,TRAINABLE,DOWN,DOWN,-0.005061844130617499,-0.0050882338439034,False,2.6389713285900757e-05
2025-03-21,SOBTI_5_ET,US_LATE_LIT,NOT_ELIGIBLE_WEEKLY_CLOSE_FRIDAY,,,,,False,
2025-03-24,SOBTI_5_ET,ASIA_MORNING_LIT,TRAINABLE,DOWN,DOWN,-0.0001822217683222771,-0.000202118209168,False,1.9896440845722896e-05
2025-03-24,SOBTI_5_ET,ASIA_AFTERNOON_LIT,TRAINABLE,UP,UP,0.0007707395083864643,0.0008270340629858,False,5.629455459933567e-05
2025-03-24,SOBTI_5_ET,EUROPE_LIT,TRAINABLE,DOWN,DOWN,-0.00022482687210323427,-0.0002445964848828,False,1.9769612779565744e-05
2025-03-24,SOBTI_5_ET,NY_LONDON_LIT,TRAINABLE,DOWN,DOWN,-0.006648827210327668,-0.0066322796229759,False,1.6547587351768353e-05
2025-03-24,SOBTI_5_ET,US_LATE_LIT,TRAINABLE,UP,UP,0.003225088561929601,0.0032350834029208,False,9.994840991199138e-06
2025-03-25,SOBTI_5_ET,ASIA_MORNING_LIT,TRAINABLE,UP,UP,8.95805612000089e-05,6.301359823113195e-05,False,2.656696296887695e-05
2025-03-25,SOBTI_5_ET,ASIA_AFTERNOON_LIT,TRAINABLE,DOWN,DOWN,-0.0018111104241141929,-0.0017812815698227,False,2.982885429149277e-05
2025-03-25,SOBTI_5_ET,EUROPE_LIT,TRAINABLE,UP,UP,0.0019702273091453115,0.0019835082347876,False,1.3280925642288575e-05
2025-03-25,SOBTI_5_ET,NY_LONDON_LIT,TRAINABLE,DOWN,DOWN,-0.0006190748736188967,-0.0006091338973955,False,9.940976223396666e-06
2025-03-25,SOBTI_5_ET,US_LATE_LIT,TRAINABLE,DOWN,DOWN,-0.00024842745503772523,-0.0002683215256371,False,1.9894070599374772e-05
2025-03-26,SOBTI_5_ET,ASIA_MORNING_LIT,TRAINABLE,UP,UP,0.00021872784768017794,0.0001722958909213,False,4.643195675887795e-05
2025-03-26,SOBTI_5_ET,ASIA_AFTERNOON_LIT,TRAINABLE,UP,UP,0.0034848554212947302,0.0034815363566347,False,3.3190646600302597e-06
2025-03-26,SOBTI_5_ET,EUROPE_LIT,TRAINABLE,UP,UP,0.00040641553410725173,0.0003965754923134,False,9.840041793851746e-06
2025-03-26,SOBTI_5_ET,NY_LONDON_LIT,TRAINABLE,DOWN,DOWN,-0.0022790748310719255,-0.002295606021741,False,1.6531190669074464e-05
2025-03-26,SOBTI_5_ET,US_LATE_LIT,TRAINABLE,UP,UP,0.0016023286779081047,0.0015890732962389,False,1.3255381669204699e-05
2025-03-27,SOBTI_5_ET,ASIA_MORNING_LIT,TRAINABLE,UP,UP,0.002171593439299624,0.002158359418513,False,1.3234020786623713e-05
2025-03-27,SOBTI_5_ET,ASIA_AFTERNOON_LIT,TRAINABLE,DOWN,DOWN,-0.00041879052635163116,-0.0004418961878227,False,2.3105661471068827e-05
2025-03-27,SOBTI_5_ET,EUROPE_LIT,TRAINABLE,UP,UP,0.007726159175257763,0.0077657863917526,False,3.9627216494837227e-05
2025-03-27,SOBTI_5_ET,NY_LONDON_LIT,TRAINABLE,UP,UP,1.638410474869012e-05,3.596319176168983e-05,False,1.9579087012999707e-05
2025-03-27,SOBTI_5_ET,US_LATE_LIT,TRAINABLE,UP,UP,0.002317614400393353,0.0023372742917042,False,1.9659891310847173e-05
2025-03-28,SOBTI_5_ET,ASIA_MORNING_LIT,TRAINABLE,UP,UP,0.003889534705068698,0.0038928037674821,False,3.2690624134018922e-06
2025-03-28,SOBTI_5_ET,ASIA_AFTERNOON_LIT,TRAINABLE,UP,UP,0.002151725611866162,0.0021484719568285,False,3.253655037662069e-06
2025-03-28,SOBTI_5_ET,EUROPE_LIT,TRAINABLE,DOWN,DOWN,-0.0022022250685896916,-0.0021568526395683,False,4.537242902139145e-05
2025-03-28,SOBTI_5_ET,NY_LONDON_LIT,TRAINABLE,UP,UP,0.0008516561027140934,0.000854828538924,False,3.172436209906591e-06
2025-03-28,SOBTI_5_ET,US_LATE_LIT,NOT_ELIGIBLE_WEEKLY_CLOSE_FRIDAY,,,,,False,
2025-03-31,SOBTI_5_ET,ASIA_MORNING_LIT,TRAINABLE,UP,UP,0.009470966886581778,0.0095424115607005,False,7.144467411872302e-05
2025-03-31,SOBTI_5_ET,ASIA_AFTERNOON_LIT,TRAINABLE,UP,UP,0.0032582146056292505,0.0032356992630153,False,2.2515342613950527e-05
2025-03-31,SOBTI_5_ET,EUROPE_LIT,TRAINABLE,DOWN,DOWN,-0.0008166756023323396,-0.0008359122235089,False,1.9236621176560442e-05
2025-03-31,SOBTI_5_ET,NY_LONDON_LIT,TRAINABLE,UP,UP,0.000782142338365599,0.000727673119395,False,5.4469218970598947e-05
2025-03-31,SOBTI_5_ET,US_LATE_LIT,TRAINABLE,UP,UP,0.0017714064693745701,0.0016752926539806,False,9.611381539397011e-05
2025-04-01,SOBTI_5_ET,ASIA_MORNING_LIT,TRAINABLE,UP,UP,0.005695464961966712,0.0056922638721854,False,3.201089781312144e-06
2025-04-01,SOBTI_5_ET,ASIA_AFTERNOON_LIT,TRAINABLE,DOWN,DOWN,-0.003974297474245603,-0.0039424713000719,False,3.1826174173702794e-05
2025-04-01,SOBTI_5_ET,EUROPE_LIT,TRAINABLE,DOWN,DOWN,-0.0007597428361169056,-0.0006161177865982,False,0.00014362504951870563
2025-04-01,SOBTI_5_ET,NY_LONDON_LIT,TRAINABLE,DOWN,DOWN,-0.004602511291490363,-0.0045929197385879,False,9.591552902463163e-06
2025-04-01,SOBTI_5_ET,US_LATE_LIT,TRAINABLE,UP,UP,0.002069613348307353,0.0022268377988128,False,0.00015722445050544683
2025-04-02,SOBTI_5_ET,ASIA_MORNING_LIT,TRAINABLE,UP,UP,0.001892195820483611,0.0019273685794003,False,3.517275891668902e-05
2025-04-02,SOBTI_5_ET,ASIA_AFTERNOON_LIT,TRAINABLE,UP,UP,0.0012850414788418973,0.0013011205603459,False,1.6079081504002555e-05
2025-04-02,SOBTI_5_ET,EUROPE_LIT,TRAINABLE,UP,UP,0.0014726176422201753,0.0014854641925126,False,1.2846550292424644e-05
2025-04-02,SOBTI_5_ET,NY_LONDON_LIT,TRAINABLE,DOWN,DOWN,-0.0007047914271014477,-0.0007176189226087,False,1.2827495507252286e-05
2025-04-02,SOBTI_5_ET,US_LATE_LIT,TRAINABLE,UP,UP,0.010284780205032984,0.0103008260892472,False,1.6045884214216724e-05
2025-04-03,SOBTI_5_ET,ASIA_MORNING_LIT,TRAINABLE,DOWN,DOWN,-0.000967867312935855,-0.0009424556592186,False,2.5411653717255056e-05
2025-04-03,SOBTI_5_ET,ASIA_AFTERNOON_LIT,TRAINABLE,DOWN,DOWN,-0.0017568635394882293,-0.0017185728722838,False,3.829066720442936e-05
2025-04-03,SOBTI_5_ET,EUROPE_LIT,TRAINABLE,DOWN,DOWN,-0.010245750835878642,-0.0100313101566509,False,0.00021444067922774153
2025-04-03,SOBTI_5_ET,NY_LONDON_LIT,TRAINABLE,UP,UP,0.003587714220543603,0.0036168329551582,False,2.911873461459687e-05
2025-04-03,SOBTI_5_ET,US_LATE_LIT,TRAINABLE,UP,UP,0.001813142803083867,0.0017842091987272,False,2.893360435666701e-05
2025-04-04,SOBTI_5_ET,ASIA_MORNING_LIT,TRAINABLE,DOWN,DOWN,-0.0055006171067616405,-0.00550705320533,False,6.436098568359493e-06
2025-04-04,SOBTI_5_ET,ASIA_AFTERNOON_LIT,TRAINABLE,DOWN,DOWN,-0.0018832697157632472,-0.0019573887421759,False,7.411902641265298e-05
2025-04-04,SOBTI_5_ET,EUROPE_LIT,TRAINABLE,UP,UP,0.0032805519624470314,0.0036353262755506,False,0.00035477431310356865
2025-04-04,SOBTI_5_ET,NY_LONDON_LIT,TRAINABLE,DOWN,DOWN,-0.027868382022348093,-0.0275822930704748,False,0.0002860889518732923
2025-04-04,SOBTI_5_ET,US_LATE_LIT,NOT_ELIGIBLE_WEEKLY_CLOSE_FRIDAY,,,,,False,
2025-04-07,SOBTI_5_ET,ASIA_MORNING_LIT,TRAINABLE,UP,UP,0.01726974819711402,0.0171119682718015,False,0.0001577799253125213
2025-04-07,SOBTI_5_ET,ASIA_AFTERNOON_LIT,TRAINABLE,DOWN,DOWN,-0.006682200288558593,-0.0066658147632385,False,1.638552532009282e-05
2025-04-07,SOBTI_5_ET,EUROPE_LIT,TRAINABLE,UP,UP,0.004014441405879587,0.004074038047015,False,5.959664113541242e-05
2025-04-07,SOBTI_5_ET,NY_LONDON_LIT,TRAINABLE,DOWN,DOWN,-0.020343508319191073,-0.0202874555639159,False,5.6052755275173144e-05
2025-04-07,SOBTI_5_ET,US_LATE_LIT,TRAINABLE,UP,UP,0.0052122374483090095,0.0052290896977493,False,1.685224944029083e-05
2025-04-08,SOBTI_5_ET,ASIA_MORNING_LIT,TRAINABLE,UP,UP,0.0033127692658789787,0.0032691813424956,False,4.358792338337875e-05
2025-04-08,SOBTI_5_ET,ASIA_AFTERNOON_LIT,TRAINABLE,UP,UP,0.003370092557710702,0.0032767480004123,False,9.334455729840228e-05
2025-04-08,SOBTI_5_ET,EUROPE_LIT,TRAINABLE,UP,UP,0.002554984059748744,0.0025450065864116,False,9.977473337143775e-06
2025-04-08,SOBTI_5_ET,NY_LONDON_LIT,TRAINABLE,DOWN,DOWN,-0.010495625639528106,-0.0104426303842191,False,5.2995255309004966e-05
2025-04-08,SOBTI_5_ET,US_LATE_LIT,TRAINABLE,DOWN,DOWN,-0.00183191505769853,-0.0018687076156538,False,3.6792557955269995e-05
2025-04-09,SOBTI_5_ET,ASIA_MORNING_LIT,TRAINABLE,UP,UP,0.009388152083206647,0.0093680000883116,False,2.0151994895046058e-05
2025-04-09,SOBTI_5_ET,ASIA_AFTERNOON_LIT,TRAINABLE,UP,UP,0.00864365896097441,0.0086171182368051,False,2.654072416930983e-05
2025-04-09,SOBTI_5_ET,EUROPE_LIT,TRAINABLE,UP,UP,0.007692404501766115,0.0076858260083791,False,6.578493387014543e-06
2025-04-09,SOBTI_5_ET,NY_LONDON_LIT,TRAINABLE,DOWN,DOWN,-0.0007271737406376877,-0.0007304378995734,False,3.264158935712357e-06
2025-04-09,SOBTI_5_ET,US_LATE_LIT,TRAINABLE,UP,UP,0.01078189566577148,0.010928727024172,False,0.0001468313584005211
2025-04-10,SOBTI_5_ET,ASIA_MORNING_LIT,TRAINABLE,UP,UP,0.0084283531458893,0.0083831966022525,False,4.515654363679983e-05
2025-04-10,SOBTI_5_ET,ASIA_AFTERNOON_LIT,TRAINABLE,DOWN,DOWN,-0.0027194518629314324,-0.0027289795425169,False,9.52767958546782e-06
2025-04-10,SOBTI_5_ET,EUROPE_LIT,TRAINABLE,UP,UP,0.0023771806365795456,0.002450960750346,False,7.378011376645444e-05
2025-04-10,SOBTI_5_ET,NY_LONDON_LIT,TRAINABLE,UP,UP,0.012839506688042901,0.0129034956921327,False,6.398900408979835e-05
2025-04-10,SOBTI_5_ET,US_LATE_LIT,TRAINABLE,UP,UP,0.01285914018732992,0.0127074906163731,False,0.00015164957095682025
2025-04-11,SOBTI_5_ET,ASIA_MORNING_LIT,TRAINABLE,UP,UP,0.004345932295968691,0.0042897964830861,False,5.613581288259079e-05
2025-04-11,SOBTI_5_ET,ASIA_AFTERNOON_LIT,TRAINABLE,DOWN,DOWN,-0.0034195579640627916,-0.0033977753798316,False,2.178258423119134e-05
2025-04-11,SOBTI_5_ET,EUROPE_LIT,TRAINABLE,UP,UP,0.002504719396505317,0.0025047193965053,False,1.734723475976807e-17
2025-04-11,SOBTI_5_ET,NY_LONDON_LIT,TRAINABLE,UP,UP,0.006994710699314011,0.0069697938531427,False,2.49168461713108e-05
2025-04-11,SOBTI_5_ET,US_LATE_LIT,NOT_ELIGIBLE_WEEKLY_CLOSE_FRIDAY,,,,,False,
2025-04-14,SOBTI_5_ET,ASIA_MORNING_LIT,TRAINABLE,UP,UP,0.0037379700661035464,0.0037535089808677,False,1.5538914764153585e-05
2025-04-14,SOBTI_5_ET,ASIA_AFTERNOON_LIT,TRAINABLE,UP,UP,0.0019472483932536644,0.0019441445943533,False,3.1037989003644424e-06
2025-04-14,SOBTI_5_ET,EUROPE_LIT,EXCLUDE_END_BOUNDARY_MISSING,,,,,False,
2025-04-14,SOBTI_5_ET,NY_LONDON_LIT,EXCLUDE_BOTH_BOUNDARIES_MISSING,,,,,False,
2025-04-14,SOBTI_5_ET,US_LATE_LIT,EXCLUDE_BOTH_BOUNDARIES_MISSING,,,,,False,
2025-04-15,SOBTI_5_ET,ASIA_MORNING_LIT,EXCLUDE_BOTH_BOUNDARIES_MISSING,,,,,False,
2025-04-15,SOBTI_5_ET,ASIA_AFTERNOON_LIT,EXCLUDE_BOTH_BOUNDARIES_MISSING,,,,,False,
2025-04-15,SOBTI_5_ET,EUROPE_LIT,EXCLUDE_BOTH_BOUNDARIES_MISSING,,,,,False,
2025-04-15,SOBTI_5_ET,NY_LONDON_LIT,EXCLUDE_BOTH_BOUNDARIES_MISSING,,,,,False,
2025-04-15,SOBTI_5_ET,US_LATE_LIT,EXCLUDE_BOTH_BOUNDARIES_MISSING,,,,,False,
2025-04-16,SOBTI_5_ET,ASIA_MORNING_LIT,EXCLUDE_BOTH_BOUNDARIES_MISSING,,,,,False,
2025-04-16,SOBTI_5_ET,ASIA_AFTERNOON_LIT,EXCLUDE_BOTH_BOUNDARIES_MISSING,,,,,False,
2025-04-16,SOBTI_5_ET,EUROPE_LIT,EXCLUDE_BOTH_BOUNDARIES_MISSING,,,,,False,
2025-04-16,SOBTI_5_ET,NY_LONDON_LIT,EXCLUDE_BOTH_BOUNDARIES_MISSING,,,,,False,
2025-04-16,SOBTI_5_ET,US_LATE_LIT,EXCLUDE_BOTH_BOUNDARIES_MISSING,,,,,False,
2025-04-17,SOBTI_5_ET,ASIA_MORNING_LIT,EXCLUDE_BOTH_BOUNDARIES_MISSING,,,,,False,
2025-04-17,SOBTI_5_ET,ASIA_AFTERNOON_LIT,TRAINABLE,DOWN,DOWN,-0.005880519355960234,-0.0059134886285981,False,3.2969272637866157e-05
2025-04-17,SOBTI_5_ET,EUROPE_LIT,TRAINABLE,UP,UP,0.003229103539350797,0.0032170433954128,False,1.2060143937997307e-05
2025-04-17,SOBTI_5_ET,NY_LONDON_LIT,TRAINABLE,DOWN,DOWN,-0.002458390685764811,-0.0024674067885243,False,9.016102759488998e-06
2025-04-17,SOBTI_5_ET,US_LATE_LIT,EXCLUDE_END_BOUNDARY_MISSING,,,,,False,
2025-04-18,SOBTI_5_ET,ASIA_MORNING_LIT,EXCLUDE_BOTH_BOUNDARIES_MISSING,,,,,False,
2025-04-18,SOBTI_5_ET,ASIA_AFTERNOON_LIT,EXCLUDE_BOTH_BOUNDARIES_MISSING,,,,,False,
2025-04-18,SOBTI_5_ET,EUROPE_LIT,EXCLUDE_BOTH_BOUNDARIES_MISSING,,,,,False,
2025-04-18,SOBTI_5_ET,NY_LONDON_LIT,EXCLUDE_BOTH_BOUNDARIES_MISSING,,,,,False,
2025-04-18,SOBTI_5_ET,US_LATE_LIT,NOT_ELIGIBLE_WEEKLY_CLOSE_FRIDAY,,,,,False,
2025-04-21,SOBTI_5_ET,ASIA_MORNING_LIT,TRAINABLE,UP,UP,0.0041087268884112405,0.0041116956217122,False,2.968733300959779e-06
2025-04-21,SOBTI_5_ET,ASIA_AFTERNOON_LIT,TRAINABLE,UP,UP,0.003788192431895432,0.0037704491418162,False,1.7743290079231654e-05
2025-04-21,SOBTI_5_ET,EUROPE_LIT,TRAINABLE,UP,UP,0.002963783508282969,0.0030256517524915,False,6.186824420853108e-05
2025-04-21,SOBTI_5_ET,NY_LONDON_LIT,TRAINABLE,UP,UP,0.0059361213424269366,0.0059684307609162,False,3.230941848926354e-05
2025-04-21,SOBTI_5_ET,US_LATE_LIT,TRAINABLE,UP,UP,0.00014598966393175594,0.0001313906975386,False,1.4598966393155954e-05
2025-04-22,SOBTI_5_ET,ASIA_MORNING_LIT,TRAINABLE,UP,UP,0.01842147517771897,0.0185061380588844,False,8.466288116542806e-05
2025-04-22,SOBTI_5_ET,ASIA_AFTERNOON_LIT,TRAINABLE,DOWN,DOWN,-0.004106758477194439,-0.0041297494273816,False,2.2990950187161234e-05
2025-04-22,SOBTI_5_ET,EUROPE_LIT,TRAINABLE,DOWN,DOWN,-0.002519291481735908,-0.0025481493452151,False,2.8857863479191982e-05
2025-04-22,SOBTI_5_ET,NY_LONDON_LIT,TRAINABLE,DOWN,DOWN,-0.01664434112653801,-0.0166154095410582,False,2.8931585479809868e-05
2025-04-22,SOBTI_5_ET,US_LATE_LIT,TRAINABLE,DOWN,DOWN,-0.003942335981170997,-0.0041776993233303,False,0.0002353633421593032
2025-04-23,SOBTI_5_ET,ASIA_MORNING_LIT,TRAINABLE,DOWN,DOWN,-0.006558733160009544,-0.006706452375325,False,0.00014771921531545572
2025-04-23,SOBTI_5_ET,ASIA_AFTERNOON_LIT,TRAINABLE,DOWN,DOWN,-0.01110715134236151,-0.0108695652173912,False,0.00023758612497030984
2025-04-23,SOBTI_5_ET,EUROPE_LIT,TRAINABLE,UP,UP,0.0024019696150843206,0.0023719449948957,False,3.0024620188620534e-05
2025-04-23,SOBTI_5_ET,NY_LONDON_LIT,TRAINABLE,DOWN,DOWN,-0.011801707353601976,-0.012340871648944,False,0.0005391642953420251
2025-04-23,SOBTI_5_ET,US_LATE_LIT,TRAINABLE,UP,UP,0.014951627088830133,0.015527856124708,False,0.0005762290358778677
2025-04-24,SOBTI_5_ET,ASIA_MORNING_LIT,TRAINABLE,DOWN,DOWN,-0.0022995371061669267,-0.0025085859340002,False,0.00020904882783327316
2025-04-24,SOBTI_5_ET,ASIA_AFTERNOON_LIT,TRAINABLE,UP,UP,0.0023972910611009812,0.0023073926463097,False,8.989841479128133e-05
2025-04-24,SOBTI_5_ET,EUROPE_LIT,TRAINABLE,UP,UP,0.0012556804592203097,0.0016144463047116,False,0.0003587658454912903
2025-04-24,SOBTI_5_ET,NY_LONDON_LIT,TRAINABLE,DOWN,DOWN,-0.000716375141782466,-0.0008954689272282,False,0.00017909378544573402
2025-04-24,SOBTI_5_ET,US_LATE_LIT,TRAINABLE,UP,UP,0.004929493307839428,0.0046307361376674,False,0.0002987571701720277
2025-04-25,SOBTI_5_ET,ASIA_MORNING_LIT,TRAINABLE,DOWN,DOWN,-0.002676420733339291,-0.0026764207333392,False,9.107298248878237e-17
2025-04-25,SOBTI_5_ET,ASIA_AFTERNOON_LIT,TRAINABLE,DOWN,DOWN,-0.003366092627656192,-0.0033360382291949,False,3.0054398461292018e-05
2025-04-25,SOBTI_5_ET,EUROPE_LIT,TRAINABLE,DOWN,DOWN,-0.004312164525661855,-0.0041312345455641,False,0.0001809299800977545
2025-04-25,SOBTI_5_ET,NY_LONDON_LIT,TRAINABLE,DOWN,DOWN,-0.0014231642694927382,-0.0014534443603331,False,3.028009084036186e-05
2025-04-25,SOBTI_5_ET,US_LATE_LIT,NOT_ELIGIBLE_WEEKLY_CLOSE_FRIDAY,UP,UP,0.005700943081541787,0.0056099705855596,False,9.097249598218754e-05
2025-04-28,SOBTI_5_ET,ASIA_MORNING_LIT,TRAINABLE,DOWN,DOWN,-0.006083540040919155,-0.0060533637510334,False,3.017628988575497e-05
2025-04-28,SOBTI_5_ET,ASIA_AFTERNOON_LIT,TRAINABLE,DOWN,DOWN,-0.004004489882595719,-0.0039741528380305,False,3.0337044565218775e-05
2025-04-28,SOBTI_5_ET,EUROPE_LIT,TRAINABLE,UP,UP,0.00328947368421062,0.0033808479532164,False,9.13742690057803e-05
2025-04-28,SOBTI_5_ET,NY_LONDON_LIT,TRAINABLE,UP,UP,0.01651337158121602,0.0162705278814923,False,0.00024284369972371947
2025-04-28,SOBTI_5_ET,US_LATE_LIT,TRAINABLE,DOWN,DOWN,-0.005466113085815016,-0.0055557214970578,False,8.960841124278345e-05
2025-04-29,SOBTI_5_ET,ASIA_MORNING_LIT,TRAINABLE,DOWN,DOWN,-0.003784579341002736,-0.0034842159012405,False,0.0003003634397622363
2025-04-29,SOBTI_5_ET,ASIA_AFTERNOON_LIT,TRAINABLE,UP,UP,0.0030213305939936763,0.0026587709227143,False,0.0003625596712793764
2025-04-29,SOBTI_5_ET,EUROPE_LIT,TRAINABLE,DOWN,DOWN,-0.0020791900198878777,-0.0018983908877237,False,0.00018079913216417776
2025-04-29,SOBTI_5_ET,NY_LONDON_LIT,TRAINABLE,UP,UP,0.0022944781571716533,0.002505811671648,False,0.0002113335144763467
2025-04-29,SOBTI_5_ET,US_LATE_LIT,TRAINABLE,DOWN,DOWN,-0.0020779377220984108,-0.0021381678009998,False,6.023007890138942e-05
2025-04-30,SOBTI_5_ET,ASIA_MORNING_LIT,TRAINABLE,DOWN,DOWN,-0.0008752074845329583,-0.0009355666213972,False,6.035913686424168e-05
2025-04-30,SOBTI_5_ET,ASIA_AFTERNOON_LIT,TRAINABLE,UP,DOWN,6.036824630228921e-05,-0.0001207364926049,True,0.0001811047389071892
2025-04-30,SOBTI_5_ET,EUROPE_LIT,TRAINABLE,DOWN,DOWN,-0.01232566564028259,-0.0121505765863672,False,0.00017508905391539105
2025-04-30,SOBTI_5_ET,NY_LONDON_LIT,TRAINABLE,UP,UP,0.008819350008403726,0.0089385304139226,False,0.00011918040551887367
2025-04-30,SOBTI_5_ET,US_LATE_LIT,TRAINABLE,DOWN,DOWN,-0.016725224133753325,-0.0167827719893384,False,5.754785558507655e-05
2025-05-01,SOBTI_5_ET,ASIA_MORNING_LIT,TRAINABLE,DOWN,DOWN,-0.004004694734442538,-0.0039091981676981,False,9.549656674443744e-05
2025-05-01,SOBTI_5_ET,ASIA_AFTERNOON_LIT,TRAINABLE,DOWN,DOWN,-8.976355042700224e-05,-9.285884526932796e-05,False,3.095294842325722e-06
2025-05-01,SOBTI_5_ET,EUROPE_LIT,TRAINABLE,DOWN,DOWN,-0.00769252200185111,-0.0077668159769191,False,7.429397506799034e-05
2025-05-01,SOBTI_5_ET,NY_LONDON_LIT,TRAINABLE,UP,UP,0.00359402493354799,0.0035846654936166,False,9.359439931389945e-06
2025-05-01,SOBTI_5_ET,US_LATE_LIT,TRAINABLE,UP,UP,0.004498245155915459,0.0045231145140682,False,2.486935815274125e-05
2025-05-02,SOBTI_5_ET,ASIA_MORNING_LIT,TRAINABLE,UP,UP,0.007031095266389231,0.0070125272331154,False,1.8568033273830796e-05
2025-05-02,SOBTI_5_ET,ASIA_AFTERNOON_LIT,TRAINABLE,UP,UP,0.0010576642223554256,0.001048440406463,False,9.223815892425496e-06
2025-05-02,SOBTI_5_ET,EUROPE_LIT,TRAINABLE,UP,UP,0.002042471113622879,0.0018827590866927,False,0.000159712026930179
2025-05-02,SOBTI_5_ET,NY_LONDON_LIT,TRAINABLE,DOWN,DOWN,-0.010159442548873465,-0.0101410488689419,False,1.8393679931564405e-05
2025-05-02,SOBTI_5_ET,US_LATE_LIT,NOT_ELIGIBLE_WEEKLY_CLOSE_FRIDAY,UP,UP,0.005788331046699957,0.0055405694181629,False,0.00024776162853705746
2025-05-05,SOBTI_5_ET,ASIA_MORNING_LIT,TRAINABLE,UP,UP,0.003794119730346379,0.0038218365140909,False,2.7716783744520784e-05
2025-05-05,SOBTI_5_ET,ASIA_AFTERNOON_LIT,TRAINABLE,UP,UP,0.0007979278427714398,0.0007549624973914,False,4.296534538003984e-05
2025-05-05,SOBTI_5_ET,EUROPE_LIT,TRAINABLE,UP,UP,0.015937317918365945,0.0159833174890366,False,4.599957067065452e-05
2025-05-05,SOBTI_5_ET,NY_LONDON_LIT,TRAINABLE,UP,UP,0.0020253424368099626,0.0020977838950564,False,7.244145824643724e-05
2025-05-05,SOBTI_5_ET,US_LATE_LIT,TRAINABLE,UP,UP,0.0028855682430866114,0.0030241237119614,False,0.00013855546887478866
2025-05-06,SOBTI_5_ET,ASIA_MORNING_LIT,TRAINABLE,UP,UP,0.009756727457274739,0.0097357064993797,False,2.1020957895039397e-05
2025-05-06,SOBTI_5_ET,ASIA_AFTERNOON_LIT,TRAINABLE,UP,UP,0.005387060923249365,0.0055122028252274,False,0.00012514190197803528
2025-05-06,SOBTI_5_ET,EUROPE_LIT,TRAINABLE,UP,UP,0.0013186396380111542,0.0013097499325864,False,8.88970542475419e-06
2025-05-06,SOBTI_5_ET,NY_LONDON_LIT,TRAINABLE,UP,UP,0.01108871862709404,0.0111153528591847,False,2.663423209065853e-05
2025-05-06,SOBTI_5_ET,US_LATE_LIT,TRAINABLE,DOWN,DOWN,-0.010922916172764752,-0.010797062637012,False,0.0001258535357527516
2025-05-07,SOBTI_5_ET,ASIA_MORNING_LIT,TRAINABLE,DOWN,DOWN,-0.0014142932380214468,-0.0014705099148466,False,5.6216676825153206e-05
2025-05-07,SOBTI_5_ET,ASIA_AFTERNOON_LIT,TRAINABLE,UP,UP,0.0017310595206796453,0.0018167262887678,False,8.56667680881548e-05
2025-05-07,SOBTI_5_ET,EUROPE_LIT,TRAINABLE,DOWN,DOWN,-0.0012974146065295455,-0.0013269013021325,False,2.948669560295437e-05
2025-05-07,SOBTI_5_ET,NY_LONDON_LIT,TRAINABLE,UP,UP,0.00010334055733030034,0.0001742026537854,False,7.086209645509964e-05
2025-05-07,SOBTI_5_ET,US_LATE_LIT,TRAINABLE,DOWN,DOWN,-0.0021254926271974117,-0.0022051986007173,False,7.97059735198882e-05
2025-05-08,SOBTI_5_ET,ASIA_MORNING_LIT,TRAINABLE,UP,UP,0.005535535713229178,0.0055917490636039,False,5.621335037472169e-05
2025-05-08,SOBTI_5_ET,ASIA_AFTERNOON_LIT,TRAINABLE,DOWN,DOWN,-0.01051626939196515,-0.0105340533875547,False,1.778399558955042e-05
2025-05-08,SOBTI_5_ET,EUROPE_LIT,TRAINABLE,UP,UP,0.001815306085768631,0.001902177169081,False,8.687108331236902e-05
2025-05-08,SOBTI_5_ET,NY_LONDON_LIT,TRAINABLE,DOWN,DOWN,-0.010859198177376905,-0.0108352792386602,False,2.391893871670457e-05
2025-05-08,SOBTI_5_ET,US_LATE_LIT,TRAINABLE,UP,UP,0.004125873914502254,0.0041591227152784,False,3.324880077614639e-05
2025-05-09,SOBTI_5_ET,ASIA_MORNING_LIT,TRAINABLE,DOWN,DOWN,-0.005309814427403858,-0.0054121577893834,False,0.00010234336197954136
2025-05-09,SOBTI_5_ET,ASIA_AFTERNOON_LIT,TRAINABLE,UP,UP,0.0004847324337180492,0.0005178507987546,False,3.311836503655085e-05
2025-05-09,SOBTI_5_ET,EUROPE_LIT,TRAINABLE,UP,UP,0.0029098984695197228,0.0029730917144628,False,6.319324494307712e-05
2025-05-09,SOBTI_5_ET,NY_LONDON_LIT,TRAINABLE,UP,UP,0.001914179932913651,0.001851174010357,False,6.300592255665117e-05
2025-05-09,SOBTI_5_ET,US_LATE_LIT,NOT_ELIGIBLE_WEEKLY_CLOSE_FRIDAY,DOWN,DOWN,-0.0034709016258434033,-0.0034709016258434,False,3.469446951953614e-18
2025-05-12,SOBTI_5_ET,ASIA_MORNING_LIT,TRAINABLE,UP,UP,0.0005824378224752458,0.0006007342985741,False,1.8296476098854245e-05
2025-05-12,SOBTI_5_ET,ASIA_AFTERNOON_LIT,TRAINABLE,DOWN,DOWN,-0.013139890042761171,-0.0131521075137446,False,1.2217470983429471e-05
2025-05-12,SOBTI_5_ET,EUROPE_LIT,TRAINABLE,DOWN,DOWN,-0.0019127560400378218,-0.0019313264870286,False,1.8570446990778247e-05
2025-05-12,SOBTI_5_ET,NY_LONDON_LIT,TRAINABLE,DOWN,DOWN,-0.0003504201941264551,-0.0003845318944397,False,3.411170031324492e-05
2025-05-12,SOBTI_5_ET,US_LATE_LIT,TRAINABLE,UP,UP,0.005072189510650027,0.0050877007935572,False,1.5511282907172685e-05
2025-05-13,SOBTI_5_ET,ASIA_MORNING_LIT,TRAINABLE,DOWN,DOWN,-0.00173155630181554,-0.0016451328143808,False,8.642348743473989e-05
2025-05-13,SOBTI_5_ET,ASIA_AFTERNOON_LIT,TRAINABLE,DOWN,DOWN,-0.00021796792494532813,-0.0002271778372671,False,9.20991232177188e-06
2025-05-13,SOBTI_5_ET,EUROPE_LIT,TRAINABLE,DOWN,DOWN,-0.0022999306028949063,-0.0023060719396182,False,6.141336723293651e-06
2025-05-13,SOBTI_5_ET,NY_LONDON_LIT,TRAINABLE,DOWN,DOWN,-0.000563231161764266,-0.0005447645662965,False,1.8466595467765993e-05
2025-05-13,SOBTI_5_ET,US_LATE_LIT,TRAINABLE,DOWN,DOWN,-0.0011301557582513722,-0.001053169671177,False,7.698608707437226e-05
2025-05-14,SOBTI_5_ET,ASIA_MORNING_LIT,TRAINABLE,DOWN,DOWN,-0.003674566573774962,-0.0045315544156453,False,0.0008569878418703382
2025-05-14,SOBTI_5_ET,ASIA_AFTERNOON_LIT,TRAINABLE,UP,UP,0.002766732216301415,0.0027667322163014,False,1.5178830414797062e-17
2025-05-14,SOBTI_5_ET,EUROPE_LIT,TRAINABLE,DOWN,DOWN,-0.0040056419234505425,-0.0038262386558364,False,0.0001794032676141425
2025-05-14,SOBTI_5_ET,NY_LONDON_LIT,TRAINABLE,DOWN,DOWN,-0.01343861490357301,-0.0133734090549189,False,6.520584865410926e-05
2025-05-14,SOBTI_5_ET,US_LATE_LIT,TRAINABLE,UP,UP,0.003213217938631052,0.0033013375295043,False,8.811959087324768e-05
2025-05-15,SOBTI_5_ET,ASIA_MORNING_LIT,TRAINABLE,DOWN,DOWN,-0.010803045178937043,-0.0107559935884365,False,4.705159050054364e-05
2025-05-15,SOBTI_5_ET,ASIA_AFTERNOON_LIT,TRAINABLE,UP,UP,0.0012096941065613542,0.0011619430234075,False,4.77510831538542e-05
2025-05-15,SOBTI_5_ET,EUROPE_LIT,TRAINABLE,UP,UP,0.01082055619503075,0.0108428141713354,False,2.2257976304649457e-05
2025-05-15,SOBTI_5_ET,NY_LONDON_LIT,TRAINABLE,UP,UP,0.014126906235844672,0.0140985958025063,False,2.831043333837227e-05
2025-05-15,SOBTI_5_ET,US_LATE_LIT,TRAINABLE,UP,UP,0.005983510450205731,0.0059804085785362,False,3.1018716695309714e-06
2025-05-16,SOBTI_5_ET,ASIA_MORNING_LIT,TRAINABLE,DOWN,DOWN,-0.01004273636044073,-0.0100674038123547,False,2.4667451913970573e-05
2025-05-16,SOBTI_5_ET,ASIA_AFTERNOON_LIT,TRAINABLE,DOWN,DOWN,-0.001518220197928688,-0.0015306646257805,False,1.2444427851812049e-05
2025-05-16,SOBTI_5_ET,EUROPE_LIT,TRAINABLE,DOWN,DOWN,-0.014448318517341407,-0.0143735374855501,False,7.478103179130689e-05
2025-05-16,SOBTI_5_ET,NY_LONDON_LIT,TRAINABLE,UP,UP,0.00840593821524771,0.008355357165438,False,5.058104980970937e-05
2025-05-16,SOBTI_5_ET,US_LATE_LIT,NOT_ELIGIBLE_WEEKLY_CLOSE_FRIDAY,UP,UP,0.004774788614496206,0.0047747886144962,False,6.071532165918825e-18
2025-05-19,SOBTI_5_ET,ASIA_MORNING_LIT,TRAINABLE,DOWN,DOWN,-0.006336561683670916,-0.006345803144561,False,9.24146089008402e-06
2025-05-19,SOBTI_5_ET,ASIA_AFTERNOON_LIT,TRAINABLE,UP,UP,0.0016252093542585833,0.0016034985422741,False,2.1710811984483212e-05
2025-05-19,SOBTI_5_ET,EUROPE_LIT,TRAINABLE,UP,UP,0.004400239055915023,0.0044188185311686,False,1.8579475253577282e-05
2025-05-19,SOBTI_5_ET,NY_LONDON_LIT,TRAINABLE,DOWN,DOWN,-0.003002799324215988,-0.0029873845432908,False,1.541478092518785e-05
2025-05-19,SOBTI_5_ET,US_LATE_LIT,TRAINABLE,DOWN,DOWN,-0.0034539804264134277,-0.0033148317073546,False,0.00013914871905882763
2025-05-20,SOBTI_5_ET,ASIA_MORNING_LIT,TRAINABLE,DOWN,DOWN,-0.003254499368645858,-0.0032576018465948,False,3.102477948942195e-06
2025-05-20,SOBTI_5_ET,ASIA_AFTERNOON_LIT,TRAINABLE,UP,UP,2.176738747805551e-05,4.042514817359511e-05,False,1.86577606955396e-05
2025-05-20,SOBTI_5_ET,EUROPE_LIT,TRAINABLE,UP,UP,0.007845271226231798,0.0078141762154262,False,3.109501080559782e-05
2025-05-20,SOBTI_5_ET,NY_LONDON_LIT,TRAINABLE,UP,UP,0.014547619929159428,0.0145661322768952,False,1.851234773577251e-05
2025-05-20,SOBTI_5_ET,US_LATE_LIT,TRAINABLE,UP,UP,0.004595093498444447,0.0045981345927517,False,3.0410943072534807e-06
2025-05-21,SOBTI_5_ET,ASIA_MORNING_LIT,TRAINABLE,UP,UP,0.001307739578193523,0.0013501200274868,False,4.238044929327691e-05
2025-05-21,SOBTI_5_ET,ASIA_AFTERNOON_LIT,TRAINABLE,UP,UP,0.0029945196354499437,0.0029460744239562,False,4.8445211493743784e-05
2025-05-21,SOBTI_5_ET,EUROPE_LIT,TRAINABLE,DOWN,DOWN,-0.00038038539682339056,-0.0003471771478943,False,3.320824892909057e-05
2025-05-21,SOBTI_5_ET,NY_LONDON_LIT,TRAINABLE,UP,UP,0.0007519750670434977,0.000770094948177,False,1.811988113350235e-05
2025-05-21,SOBTI_5_ET,US_LATE_LIT,TRAINABLE,UP,UP,0.002972391462446655,0.0029573031809115,False,1.5088281535155339e-05
2025-05-22,SOBTI_5_ET,ASIA_MORNING_LIT,TRAINABLE,UP,UP,0.004967460276865898,0.0049584340013779,False,9.026275487998385e-06
2025-05-22,SOBTI_5_ET,ASIA_AFTERNOON_LIT,TRAINABLE,DOWN,DOWN,-0.002432689110121067,-0.0024057258071763,False,2.6963302944767002e-05
2025-05-22,SOBTI_5_ET,EUROPE_LIT,TRAINABLE,DOWN,DOWN,-0.004591812219205682,-0.0047299569949307,False,0.00013814477572501784
2025-05-22,SOBTI_5_ET,NY_LONDON_LIT,TRAINABLE,DOWN,DOWN,-0.0058598287916140634,-0.0059081075046242,False,4.827871301013673e-05
2025-05-22,SOBTI_5_ET,US_LATE_LIT,TRAINABLE,UP,UP,0.001906201529210616,0.0020124388755837,False,0.00010623734637308377
2025-05-23,SOBTI_5_ET,ASIA_MORNING_LIT,TRAINABLE,DOWN,DOWN,-0.0006179683382103729,-0.0005876757726118,False,3.0292565598572874e-05
2025-05-23,SOBTI_5_ET,ASIA_AFTERNOON_LIT,TRAINABLE,UP,UP,0.0024694332349575188,0.0024393181955069,False,3.0115039450618816e-05
2025-05-23,SOBTI_5_ET,EUROPE_LIT,TRAINABLE,UP,UP,0.004055637335896867,0.0046564724967705,False,0.0006008351608736331
2025-05-23,SOBTI_5_ET,NY_LONDON_LIT,TRAINABLE,UP,UP,0.005143233060223684,0.0050535255068477,False,8.970755337598443e-05
2025-05-23,SOBTI_5_ET,US_LATE_LIT,NOT_ELIGIBLE_WEEKLY_CLOSE_FRIDAY,DOWN,DOWN,-0.0016958733747879373,-0.0017256255392579,False,2.9752164469962683e-05
2025-05-26,SOBTI_5_ET,ASIA_MORNING_LIT,TRAINABLE,UP,UP,0.0008677724281769272,0.0010383345950943,False,0.0001705621669173727
2025-05-26,SOBTI_5_ET,ASIA_AFTERNOON_LIT,TRAINABLE,DOWN,DOWN,-0.003368412243446195,-0.0034162335352786,False,4.7821291832405004e-05
2025-05-26,SOBTI_5_ET,EUROPE_LIT,TRAINABLE,DOWN,DOWN,-0.0004108734509772338,-0.0003179020861574,False,9.297136481983381e-05
2025-05-26,SOBTI_5_ET,NY_LONDON_LIT,TRAINABLE,UP,UP,0.0030600306003059075,0.0030600306003059,False,7.37257477290143e-18
2025-05-26,SOBTI_5_ET,US_LATE_LIT,TRAINABLE,UP,UP,0.0004456407955735209,0.0004785404516225,False,3.289965604897911e-05
2025-05-27,SOBTI_5_ET,ASIA_MORNING_LIT,TRAINABLE,UP,UP,0.0021822964933784217,0.0021822964933784,False,2.168404344971009e-17
2025-05-27,SOBTI_5_ET,ASIA_AFTERNOON_LIT,TRAINABLE,DOWN,DOWN,-0.0070832582988176185,-0.0070532444924665,False,3.001380635111843e-05
2025-05-27,SOBTI_5_ET,EUROPE_LIT,TRAINABLE,DOWN,DOWN,-0.003989964634404486,-0.0038992836199861,False,9.068101441838576e-05
2025-05-27,SOBTI_5_ET,NY_LONDON_LIT,TRAINABLE,UP,UP,0.0010317412150271377,0.0017903744613703,False,0.0007586332463431623
2025-05-27,SOBTI_5_ET,US_LATE_LIT,TRAINABLE,UP,UP,0.001878048041680458,0.0018174658467875,False,6.058219489295789e-05
2025-05-28,SOBTI_5_ET,ASIA_MORNING_LIT,TRAINABLE,DOWN,DOWN,-0.003356212015843796,-0.0032352674386962,False,0.00012094457714759577
2025-05-28,SOBTI_5_ET,ASIA_AFTERNOON_LIT,TRAINABLE,UP,UP,0.0008459470074624331,0.0009063717937096,False,6.042478624716688e-05
2025-05-28,SOBTI_5_ET,EUROPE_LIT,TRAINABLE,UP,UP,0.00024148027407999706,0.0004225904796402,False,0.00018111020556020293
2025-05-28,SOBTI_5_ET,NY_LONDON_LIT,TRAINABLE,DOWN,DOWN,-0.0038831729173581797,-0.00386205231874,False,2.112059861817967e-05
2025-05-28,SOBTI_5_ET,US_LATE_LIT,TRAINABLE,DOWN,DOWN,-0.010268059972739718,-0.0095108284113282,False,0.0007572315614115185
2025-05-29,SOBTI_5_ET,ASIA_MORNING_LIT,TRAINABLE,UP,UP,0.0021406073208769527,0.001351640622611,False,0.0007889666982659528
2025-05-29,SOBTI_5_ET,ASIA_AFTERNOON_LIT,TRAINABLE,UP,UP,0.002871281080090382,0.0027185533630642,False,0.000152727717026182
2025-05-29,SOBTI_5_ET,EUROPE_LIT,TRAINABLE,UP,UP,0.005605142108630057,0.0058183812105889,False,0.0002132391019588429
2025-05-29,SOBTI_5_ET,NY_LONDON_LIT,TRAINABLE,UP,UP,0.005297110666908855,0.0053122539221031,False,1.5143255194244656e-05
2025-05-29,SOBTI_5_ET,US_LATE_LIT,TRAINABLE,DOWN,DOWN,-0.002301662378665692,-0.0016388800183169,False,0.000662782360348792
2025-05-30,SOBTI_5_ET,ASIA_MORNING_LIT,TRAINABLE,DOWN,DOWN,-0.0033495277467635587,-0.0037418147801684,False,0.00039228703340484124
2025-05-30,SOBTI_5_ET,ASIA_AFTERNOON_LIT,TRAINABLE,DOWN,UP,-0.0011606060606060842,0.0003030303030302,True,0.0014636363636362842
2025-05-30,SOBTI_5_ET,EUROPE_LIT,TRAINABLE,DOWN,DOWN,-0.0023932141775220295,-0.0005149954559223,False,0.0018782187215997295
2025-05-30,SOBTI_5_ET,NY_LONDON_LIT,TRAINABLE,DOWN,DOWN,-0.0016912678446944218,-0.0016518655472373,False,3.940229745712188e-05
2025-05-30,SOBTI_5_ET,US_LATE_LIT,NOT_ELIGIBLE_WEEKLY_CLOSE_FRIDAY,UP,UP,0.0003187759005420787,0.0005920123867206,False,0.0002732364861785213
2025-06-02,SOBTI_5_ET,ASIA_MORNING_LIT,TRAINABLE,DOWN,DOWN,-0.0018571139543240855,-0.0018933503241644,False,3.6236369840314444e-05
2025-06-02,SOBTI_5_ET,ASIA_AFTERNOON_LIT,TRAINABLE,UP,UP,0.010693059758170476,0.0106297693819241,False,6.32903762463749e-05
2025-06-02,SOBTI_5_ET,EUROPE_LIT,TRAINABLE,UP,UP,0.0008618350227087568,0.0008618350227087,False,5.681219383824043e-17
2025-06-02,SOBTI_5_ET,NY_LONDON_LIT,TRAINABLE,UP,UP,0.004695786901853349,0.0046659912996842,False,2.979560216914961e-05
2025-06-02,SOBTI_5_ET,US_LATE_LIT,TRAINABLE,UP,UP,0.0011803574288375973,0.0011151115408112,False,6.524588802639722e-05
2025-06-03,SOBTI_5_ET,ASIA_MORNING_LIT,TRAINABLE,DOWN,DOWN,-0.0031816377435848198,-0.0031994122561187,False,1.777451253388027e-05
2025-06-03,SOBTI_5_ET,ASIA_AFTERNOON_LIT,TRAINABLE,DOWN,DOWN,-0.0006162419955524356,-0.0006073109521385,False,8.93104341393564e-06
2025-06-03,SOBTI_5_ET,EUROPE_LIT,TRAINABLE,UP,UP,0.0006553411795544584,0.0006285317676635,False,2.6809411890958332e-05
2025-06-03,SOBTI_5_ET,NY_LONDON_LIT,TRAINABLE,DOWN,DOWN,-0.002009442893121438,-0.0020183737504241,False,8.930857302661896e-06
2025-06-03,SOBTI_5_ET,US_LATE_LIT,TRAINABLE,DOWN,DOWN,-0.000620458423319703,-0.0006741519407224,False,5.3693517402697024e-05
2025-06-04,SOBTI_5_ET,ASIA_MORNING_LIT,TRAINABLE,UP,UP,0.0046506074445538115,0.0046685173576908,False,1.7909913136988746e-05
2025-06-04,SOBTI_5_ET,ASIA_AFTERNOON_LIT,TRAINABLE,UP,UP,0.0031963470319635867,0.0031963470319635,False,8.673617379884035e-17
2025-06-04,SOBTI_5_ET,EUROPE_LIT,TRAINABLE,DOWN,DOWN,-0.004456463210378958,-0.004512987109576,False,5.652389919704164e-05
2025-06-04,SOBTI_5_ET,NY_LONDON_LIT,TRAINABLE,UP,UP,0.010094912498804787,0.0101845653629148,False,8.965286411001354e-05
2025-06-04,SOBTI_5_ET,US_LATE_LIT,TRAINABLE,DOWN,DOWN,-8.874899417921078e-06,-3.84578974771399e-05,False,2.9582998059218824e-05
2025-06-05,SOBTI_5_ET,ASIA_MORNING_LIT,TRAINABLE,DOWN,DOWN,-0.0018430916605279846,-0.001798682914274,False,4.440874625398451e-05
2025-06-05,SOBTI_5_ET,ASIA_AFTERNOON_LIT,TRAINABLE,UP,UP,0.0019847872593297122,0.0020026146898026,False,1.7827430472887578e-05
2025-06-05,SOBTI_5_ET,EUROPE_LIT,TRAINABLE,UP,UP,0.005886120616545254,0.0059572878179541,False,7.116720140884578e-05
2025-06-05,SOBTI_5_ET,NY_LONDON_LIT,TRAINABLE,DOWN,DOWN,-0.01097443425509148,-0.0109567478179356,False,1.7686437155880336e-05
2025-06-05,SOBTI_5_ET,US_LATE_LIT,TRAINABLE,UP,UP,0.00122196193439561,0.0012607040885057,False,3.8742154110089954e-05
2025-06-06,SOBTI_5_ET,ASIA_MORNING_LIT,TRAINABLE,UP,UP,0.0021431854303575193,0.0021461620726543,False,2.976642296780886e-06
2025-06-06,SOBTI_5_ET,ASIA_AFTERNOON_LIT,TRAINABLE,DOWN,DOWN,-0.002502345020838126,-0.0025260920672991,False,2.3747046460974135e-05
2025-06-06,SOBTI_5_ET,EUROPE_LIT,TRAINABLE,DOWN,DOWN,-0.0006100591310971293,-0.000684456586109,False,7.439745501187076e-05
2025-06-06,SOBTI_5_ET,NY_LONDON_LIT,TRAINABLE,DOWN,DOWN,-0.012569869834397007,-0.0125847595167405,False,1.4889682343493041e-05
2025-06-06,SOBTI_5_ET,US_LATE_LIT,NOT_ELIGIBLE_WEEKLY_CLOSE_FRIDAY,UP,UP,0.0011550861489186826,0.0011550861489186,False,8.261620554339544e-17
2025-06-09,SOBTI_5_ET,ASIA_MORNING_LIT,TRAINABLE,DOWN,DOWN,-0.0004779047351595178,-0.0004688300777075,False,9.074657452017823e-06
2025-06-09,SOBTI_5_ET,ASIA_AFTERNOON_LIT,TRAINABLE,UP,UP,0.004051834496751283,0.0055312673606917,False,0.0014794328639404167
2025-06-09,SOBTI_5_ET,EUROPE_LIT,TRAINABLE,DOWN,DOWN,-0.0039184482344463145,-0.003891424453519,False,2.702378092731472e-05
2025-06-09,SOBTI_5_ET,NY_LONDON_LIT,TRAINABLE,UP,UP,0.005691135333269148,0.0057062071959099,False,1.5071862640751547e-05
2025-06-09,SOBTI_5_ET,US_LATE_LIT,TRAINABLE,DOWN,DOWN,-0.0059226045072937605,-0.0058896435347397,False,3.2960972554060136e-05
2025-06-10,SOBTI_5_ET,ASIA_MORNING_LIT,TRAINABLE,DOWN,DOWN,-0.002767785668682854,-0.0027919058840533,False,2.4120215370446174e-05
2025-06-10,SOBTI_5_ET,ASIA_AFTERNOON_LIT,TRAINABLE,UP,UP,0.004106819553409746,0.0041219070609535,False,1.5087507543753986e-05
2025-06-10,SOBTI_5_ET,EUROPE_LIT,TRAINABLE,UP,UP,0.0017850381349056033,0.0018361310951238,False,5.1092960218196816e-05
2025-06-10,SOBTI_5_ET,NY_LONDON_LIT,TRAINABLE,DOWN,DOWN,-0.0031495873851550282,-0.0031345953492015,False,1.4992035953528045e-05
2025-06-10,SOBTI_5_ET,US_LATE_LIT,TRAINABLE,UP,UP,0.002729198512330999,0.0027201713948701,False,9.027117460899074e-06
2025-06-11,SOBTI_5_ET,ASIA_MORNING_LIT,TRAINABLE,UP,UP,0.0021006463887454085,0.0021006133791066,False,3.300963880839211e-08
2025-06-11,SOBTI_5_ET,ASIA_AFTERNOON_LIT,TRAINABLE,DOWN,DOWN,-0.0005537662088866968,-0.0005537662088866,False,9.681925400295555e-17
2025-06-11,SOBTI_5_ET,EUROPE_LIT,TRAINABLE,DOWN,DOWN,-0.0017520687889160946,-0.0017191239057057,False,3.2944883210394606e-05
2025-06-11,SOBTI_5_ET,NY_LONDON_LIT,TRAINABLE,UP,UP,0.003777188082215943,0.003792185817105,False,1.4997734889056827e-05
2025-06-11,SOBTI_5_ET,US_LATE_LIT,TRAINABLE,UP,UP,0.005947737618095417,0.0059776257468295,False,2.9888128734082905e-05
2025-06-12,SOBTI_5_ET,ASIA_MORNING_LIT,TRAINABLE,UP,UP,0.002662063515171731,0.002581845083353,False,8.02184318187309e-05
2025-06-12,SOBTI_5_ET,ASIA_AFTERNOON_LIT,TRAINABLE,DOWN,DOWN,-0.0013898108197809567,-0.0012297899578019,False,0.00016002086197905658
2025-06-12,SOBTI_5_ET,EUROPE_LIT,TRAINABLE,UP,UP,0.002607991312629565,0.0026050243145492,False,2.966998080364963e-06
2025-06-12,SOBTI_5_ET,NY_LONDON_LIT,TRAINABLE,UP,UP,0.001145262326178731,0.0010683033508029,False,7.69589753758309e-05
2025-06-12,SOBTI_5_ET,US_LATE_LIT,TRAINABLE,UP,UP,0.009923731819794224,0.0101336401797327,False,0.00020990835993847656
2025-06-13,SOBTI_5_ET,ASIA_MORNING_LIT,TRAINABLE,UP,UP,0.003936086276290052,0.0038687773473946,False,6.730892889545174e-05
2025-06-13,SOBTI_5_ET,ASIA_AFTERNOON_LIT,TRAINABLE,DOWN,DOWN,-0.0010965682453016878,-0.0010556308983059,False,4.0937346995787794e-05
2025-06-13,SOBTI_5_ET,EUROPE_LIT,TRAINABLE,UP,UP,0.0017211855104282137,0.0017826564215148,False,6.147091108658627e-05
2025-06-13,SOBTI_5_ET,NY_LONDON_LIT,TRAINABLE,UP,UP,0.002983338885090392,0.0029628850435665,False,2.045384152389194e-05
2025-06-13,SOBTI_5_ET,US_LATE_LIT,NOT_ELIGIBLE_WEEKLY_CLOSE_FRIDAY,UP,UP,0.0011420314175174529,0.0009963641448749,False,0.00014566727264255278
2025-06-16,SOBTI_5_ET,ASIA_MORNING_LIT,TRAINABLE,UP,UP,0.00016001768750095735,0.0001687478297593,False,8.730142258342645e-06
2025-06-16,SOBTI_5_ET,ASIA_AFTERNOON_LIT,TRAINABLE,DOWN,DOWN,-0.0040527292461749465,-0.0039914568817619,False,6.127236441304685e-05
2025-06-16,SOBTI_5_ET,EUROPE_LIT,TRAINABLE,UP,UP,0.000454043191432163,0.0005653788917403,False,0.00011133570030813706
2025-06-16,SOBTI_5_ET,NY_LONDON_LIT,TRAINABLE,DOWN,DOWN,-0.007536077433634825,-0.0075624273547315,False,2.634992109667566e-05
2025-06-16,SOBTI_5_ET,US_LATE_LIT,TRAINABLE,UP,UP,0.0013924371780726919,0.0014957076353938,False,0.00010327045732110821
2025-06-17,SOBTI_5_ET,ASIA_MORNING_LIT,TRAINABLE,DOWN,DOWN,-0.0028926684634603683,-0.002751276164181,False,0.00014139229927936838
2025-06-17,SOBTI_5_ET,ASIA_AFTERNOON_LIT,TRAINABLE,DOWN,DOWN,-0.001818235398125756,-0.001835916779631,False,1.768138150524414e-05
2025-06-17,SOBTI_5_ET,EUROPE_LIT,TRAINABLE,UP,UP,0.00039561049489700295,0.000339516469501,False,5.609402539600298e-05
2025-06-17,SOBTI_5_ET,NY_LONDON_LIT,TRAINABLE,UP,UP,0.00020659205742079578,0.0002065920574207,False,9.578926193909432e-17
2025-06-17,SOBTI_5_ET,US_LATE_LIT,TRAINABLE,DOWN,DOWN,-0.0009914370525992977,-0.000879310243079,False,0.00011212680952029774
2025-06-18,SOBTI_5_ET,ASIA_MORNING_LIT,TRAINABLE,DOWN,DOWN,-0.0003543962859268168,-0.000342583076396,False,1.18132095308168e-05
2025-06-18,SOBTI_5_ET,ASIA_AFTERNOON_LIT,TRAINABLE,DOWN,DOWN,-0.004150502894739949,-0.004174085297551,False,2.358240281105043e-05
2025-06-18,SOBTI_5_ET,EUROPE_LIT,TRAINABLE,UP,UP,0.0011248593925758943,0.0010922976733171,False,3.2561719258794196e-05
2025-06-18,SOBTI_5_ET,NY_LONDON_LIT,TRAINABLE,UP,UP,0.0026553199542267425,0.0027292431155359,False,7.392316130915748e-05
2025-06-18,SOBTI_5_ET,US_LATE_LIT,TRAINABLE,DOWN,DOWN,-0.0034000300785580473,-0.0025714218311353,False,0.0008286082474227474
2025-06-19,SOBTI_5_ET,ASIA_MORNING_LIT,TRAINABLE,DOWN,DOWN,-0.003275759815515533,-0.0032668815042573,False,8.878311258233088e-06
2025-06-19,SOBTI_5_ET,ASIA_AFTERNOON_LIT,TRAINABLE,DOWN,DOWN,-0.003563578018727531,-0.0035042839739801,False,5.929404474743112e-05
2025-06-19,SOBTI_5_ET,EUROPE_LIT,TRAINABLE,UP,UP,0.003079257408068692,0.0018802808520765,False,0.0011989765559921918
2025-06-19,SOBTI_5_ET,NY_LONDON_LIT,TRAINABLE,UP,UP,0.0023993918373164114,0.0021915237325984,False,0.00020786810471801155
2025-06-19,SOBTI_5_ET,US_LATE_LIT,TRAINABLE,DOWN,DOWN,-0.002035615870099816,-0.0021333965450829,False,9.778067498308375e-05
2025-06-20,SOBTI_5_ET,ASIA_MORNING_LIT,TRAINABLE,DOWN,DOWN,-0.004510496778216466,-0.0045075273925824,False,2.969385634066582e-06
2025-06-20,SOBTI_5_ET,ASIA_AFTERNOON_LIT,TRAINABLE,UP,UP,0.0010332707199149915,0.0010063937358708,False,2.6876984044191515e-05
2025-06-20,SOBTI_5_ET,EUROPE_LIT,TRAINABLE,DOWN,DOWN,-0.0014916645783362714,-0.0014379646535161,False,5.369992482017133e-05
2025-06-20,SOBTI_5_ET,NY_LONDON_LIT,TRAINABLE,UP,UP,0.005643632773054019,0.0056167175558836,False,2.691521717041942e-05
2025-06-20,SOBTI_5_ET,US_LATE_LIT,NOT_ELIGIBLE_WEEKLY_CLOSE_FRIDAY,UP,UP,0.003642388223956239,0.0036423882239562,False,3.903127820947816e-17
2025-06-23,SOBTI_5_ET,ASIA_MORNING_LIT,TRAINABLE,DOWN,DOWN,-0.0012804477705058437,-0.001268564264515,False,1.1883505990843701e-05
2025-06-23,SOBTI_5_ET,ASIA_AFTERNOON_LIT,TRAINABLE,UP,UP,0.0004858782323571287,0.0007839630374841,False,0.0002980848051269713
2025-06-23,SOBTI_5_ET,EUROPE_LIT,TRAINABLE,UP,UP,0.006942895948626626,0.0070501548826762,False,0.00010725893404957363
2025-06-23,SOBTI_5_ET,NY_LONDON_LIT,TRAINABLE,UP,UP,0.001123926278797427,0.0011180050413976,False,5.921237399826888e-06
2025-06-23,SOBTI_5_ET,US_LATE_LIT,TRAINABLE,DOWN,DOWN,-0.009968001702466589,-0.0096696079940297,False,0.00029839370843688824
2025-06-24,SOBTI_5_ET,ASIA_MORNING_LIT,TRAINABLE,UP,UP,0.0002475552564793482,0.0015214044473192,False,0.0012738491908398518
2025-06-24,SOBTI_5_ET,ASIA_AFTERNOON_LIT,TRAINABLE,DOWN,DOWN,-0.00499416848589973,-0.0049642632853853,False,2.990520051443079e-05
2025-06-24,SOBTI_5_ET,EUROPE_LIT,TRAINABLE,DOWN,DOWN,-0.001818291106903569,-0.0019295284464881,False,0.00011123733958453099
2025-06-24,SOBTI_5_ET,NY_LONDON_LIT,TRAINABLE,DOWN,DOWN,-0.00017461637305582478,-0.0001746163730558,False,2.4774019641293776e-17
2025-06-24,SOBTI_5_ET,US_LATE_LIT,TRAINABLE,UP,UP,0.002680480679456476,0.0020841399873505,False,0.0005963406921059762
2025-06-25,SOBTI_5_ET,ASIA_MORNING_LIT,TRAINABLE,UP,UP,0.0010459122124106823,0.0010489207300592,False,3.008517648517674e-06
2025-06-25,SOBTI_5_ET,ASIA_AFTERNOON_LIT,TRAINABLE,UP,UP,0.0012882754718372968,0.0013573412286722,False,6.906575683490322e-05
2025-06-25,SOBTI_5_ET,EUROPE_LIT,TRAINABLE,DOWN,DOWN,-0.0032359413133897785,-0.0035058707546644,False,0.00026992944127462136
2025-06-25,SOBTI_5_ET,NY_LONDON_LIT,TRAINABLE,UP,UP,0.0020706443866531643,0.0020435308942055,False,2.7113492447664294e-05
2025-06-25,SOBTI_5_ET,US_LATE_LIT,TRAINABLE,UP,UP,0.0013425389514387653,0.001474703337372,False,0.00013216438593323474
2025-06-26,SOBTI_5_ET,ASIA_MORNING_LIT,TRAINABLE,UP,UP,0.001382560580614145,0.0014005722168906,False,1.8011636276454987e-05
2025-06-26,SOBTI_5_ET,ASIA_AFTERNOON_LIT,TRAINABLE,UP,UP,0.0034340612581258423,0.0034430678354107,False,9.006577284857709e-06
2025-06-26,SOBTI_5_ET,EUROPE_LIT,TRAINABLE,DOWN,DOWN,-0.0038228179229260473,-0.0036614052462574,False,0.00016141267666864743
2025-06-26,SOBTI_5_ET,NY_LONDON_LIT,TRAINABLE,DOWN,DOWN,-0.00024901454043568805,-0.0001919597078345,False,5.705483260118804e-05
2025-06-26,SOBTI_5_ET,US_LATE_LIT,TRAINABLE,DOWN,DOWN,-0.004149662960953093,-0.0041766941231844,False,2.703116223130679e-05
2025-06-27,SOBTI_5_ET,ASIA_MORNING_LIT,TRAINABLE,DOWN,DOWN,-0.004947398383422064,-0.0049504144430507,False,3.016059628636013e-06
2025-06-27,SOBTI_5_ET,ASIA_AFTERNOON_LIT,TRAINABLE,DOWN,DOWN,-0.0023336161959024437,-0.001879015638259,False,0.0004546005576434437
2025-06-27,SOBTI_5_ET,EUROPE_LIT,TRAINABLE,DOWN,DOWN,-0.0021558268051253826,-0.0021254630473067,False,3.0363757818682637e-05
2025-06-27,SOBTI_5_ET,NY_LONDON_LIT,TRAINABLE,DOWN,DOWN,-0.003763997078870429,-0.0038035540408958,False,3.9556962025370877e-05
2025-06-27,SOBTI_5_ET,US_LATE_LIT,NOT_ELIGIBLE_WEEKLY_CLOSE_FRIDAY,UP,UP,0.002871193377928405,0.0028101041571213,False,6.108922080710509e-05
2025-06-30,SOBTI_5_ET,ASIA_MORNING_LIT,TRAINABLE,UP,UP,0.004496699472834598,0.004374128155411,False,0.00012257131742359796
2025-06-30,SOBTI_5_ET,ASIA_AFTERNOON_LIT,TRAINABLE,UP,UP,0.0021623107195776203,0.0021257800943643,False,3.653062521332025e-05
2025-06-30,SOBTI_5_ET,EUROPE_LIT,TRAINABLE,DOWN,DOWN,-0.005268266872652694,-0.0051923987119237,False,7.586816072899412e-05
2025-06-30,SOBTI_5_ET,NY_LONDON_LIT,TRAINABLE,UP,UP,0.006433619679812486,0.0064244588295587,False,9.160850253786025e-06
2025-06-30,SOBTI_5_ET,US_LATE_LIT,TRAINABLE,UP,UP,0.004661860519045824,0.0048922266221334,False,0.00023036610308757588
2025-07-01,SOBTI_5_ET,ASIA_MORNING_LIT,TRAINABLE,UP,UP,0.0007299443721500154,0.0017826276955554,False,0.0010526833234053845
2025-07-01,SOBTI_5_ET,ASIA_AFTERNOON_LIT,TRAINABLE,UP,UP,0.0021955547535263964,0.0026466961412372,False,0.0004511413877108035
2025-07-01,SOBTI_5_ET,EUROPE_LIT,TRAINABLE,UP,UP,0.004637462879083287,0.0046045082040975,False,3.295467498578685e-05
2025-07-01,SOBTI_5_ET,NY_LONDON_LIT,TRAINABLE,DOWN,DOWN,-0.003278535954778672,-0.0032755470475204,False,2.988907258271757e-06
2025-07-01,SOBTI_5_ET,US_LATE_LIT,TRAINABLE,UP,UP,0.00023963535364890376,0.0002845713637191,False,4.493601007019623e-05
2025-07-02,SOBTI_5_ET,ASIA_MORNING_LIT,TRAINABLE,UP,UP,0.00011081062464235458,0.0001826877865727,False,7.187716193034541e-05
2025-07-02,SOBTI_5_ET,ASIA_AFTERNOON_LIT,TRAINABLE,DOWN,DOWN,-0.003041675897374585,-0.0030147052659941,False,2.697063138048508e-05
2025-07-02,SOBTI_5_ET,EUROPE_LIT,TRAINABLE,UP,UP,0.002753569589809546,0.0029637652832612,False,0.000210195693451654
2025-07-02,SOBTI_5_ET,NY_LONDON_LIT,TRAINABLE,UP,UP,0.0036016526451303488,0.0036076464776504,False,5.993832520051305e-06
2025-07-02,SOBTI_5_ET,US_LATE_LIT,TRAINABLE,DOWN,DOWN,-0.003535014946676407,-0.003445520142163,False,8.94948045134067e-05
2025-07-03,SOBTI_5_ET,ASIA_MORNING_LIT,TRAINABLE,UP,UP,0.0019756780219122305,0.0019876638927138,False,1.1985870801569688e-05
2025-07-03,SOBTI_5_ET,ASIA_AFTERNOON_LIT,TRAINABLE,DOWN,DOWN,-0.0009782283281035697,-0.0009185798956067,False,5.9648432496869734e-05
2025-07-03,SOBTI_5_ET,EUROPE_LIT,TRAINABLE,DOWN,DOWN,-0.0011433177109764214,-0.0011940654944924,False,5.074778351597852e-05
2025-07-03,SOBTI_5_ET,NY_LONDON_LIT,TRAINABLE,DOWN,DOWN,-0.005015093099016821,-0.0050210705639738,False,5.97746495697906e-06
2025-07-03,SOBTI_5_ET,US_LATE_LIT,TRAINABLE,DOWN,DOWN,-4.806103751764379e-05,-6.007629689697147e-05,False,1.201525937932768e-05
2025-07-04,SOBTI_5_ET,ASIA_MORNING_LIT,TRAINABLE,UP,UP,0.0012045750848628245,0.001210589083481,False,6.01399861817559e-06
2025-07-04,SOBTI_5_ET,ASIA_AFTERNOON_LIT,TRAINABLE,DOWN,DOWN,-0.0008233237129204873,-0.0008382932349735,False,1.4969522053012675e-05
2025-07-04,SOBTI_5_ET,EUROPE_LIT,TRAINABLE,DOWN,DOWN,-0.0007850610669639657,-0.0008330037275419,False,4.7942660577934295e-05
2025-07-04,SOBTI_5_ET,NY_LONDON_LIT,TRAINABLE,UP,UP,0.0001379500620775076,0.0001379500620775,False,7.589415207398531e-18
2025-07-04,SOBTI_5_ET,US_LATE_LIT,NOT_ELIGIBLE_WEEKLY_CLOSE_FRIDAY,UP,UP,0.0012293853073463978,0.0012293853073463,False,9.77950359581925e-17
2025-07-07,SOBTI_5_ET,ASIA_MORNING_LIT,TRAINABLE,DOWN,DOWN,-0.004001346809444528,-0.0039983170894486,False,3.029719995928208e-06
2025-07-07,SOBTI_5_ET,ASIA_AFTERNOON_LIT,TRAINABLE,UP,UP,0.0008582252508160249,0.0008431010516136,False,1.5124199202424886e-05
2025-07-07,SOBTI_5_ET,EUROPE_LIT,TRAINABLE,DOWN,DOWN,-0.003067639102375508,-0.0030253684432181,False,4.227065915740798e-05
2025-07-07,SOBTI_5_ET,NY_LONDON_LIT,TRAINABLE,UP,UP,0.008573669657810479,0.0086009261138049,False,2.725645599442085e-05
2025-07-07,SOBTI_5_ET,US_LATE_LIT,TRAINABLE,UP,UP,0.0011410143617676116,0.0010929716517984,False,4.804270996921155e-05
2025-07-08,SOBTI_5_ET,ASIA_MORNING_LIT,TRAINABLE,DOWN,DOWN,-0.0006778623939340811,-0.0006898599584285,False,1.1997564494418901e-05
2025-07-08,SOBTI_5_ET,ASIA_AFTERNOON_LIT,TRAINABLE,DOWN,DOWN,-0.0007435229432609658,-0.0007854611736348,False,4.19382303738342e-05
2025-07-08,SOBTI_5_ET,EUROPE_LIT,TRAINABLE,DOWN,DOWN,-0.0024122412241224245,-0.0024212421242124,False,9.000900089975537e-06
2025-07-08,SOBTI_5_ET,NY_LONDON_LIT,TRAINABLE,DOWN,DOWN,-0.006998643580466313,-0.0069655601772067,False,3.3083403259612926e-05
2025-07-08,SOBTI_5_ET,US_LATE_LIT,TRAINABLE,UP,UP,0.001262940786305622,0.0010994103162849,False,0.00016353047002072183
2025-07-09,SOBTI_5_ET,ASIA_MORNING_LIT,TRAINABLE,DOWN,DOWN,-0.004017668058328816,-0.0040539722877716,False,3.630422944278424e-05
2025-07-09,SOBTI_5_ET,ASIA_AFTERNOON_LIT,TRAINABLE,DOWN,DOWN,-0.00039177623057795596,-0.0004161006869195,False,2.4324456341544027e-05
2025-07-09,SOBTI_5_ET,EUROPE_LIT,TRAINABLE,DOWN,DOWN,-0.0017716232057150005,-0.0017594680698619,False,1.2155135853100492e-05
2025-07-09,SOBTI_5_ET,NY_LONDON_LIT,TRAINABLE,UP,UP,0.00815526331811256,0.0081826118721461,False,2.7348554033539488e-05
2025-07-09,SOBTI_5_ET,US_LATE_LIT,TRAINABLE,UP,UP,0.0017422491784333527,0.0017120548466269,False,3.0194331806452637e-05
2025-07-10,SOBTI_5_ET,ASIA_MORNING_LIT,TRAINABLE,UP,UP,5.425690645211034e-05,3.315699838735142e-05,False,2.109990806475892e-05
2025-07-10,SOBTI_5_ET,ASIA_AFTERNOON_LIT,TRAINABLE,UP,UP,0.0013905024469231808,0.0013664244824742,False,2.4077964448980917e-05
2025-07-10,SOBTI_5_ET,EUROPE_LIT,TRAINABLE,DOWN,DOWN,-0.0020077665700853897,-0.0019927383771956,False,1.5028192889789908e-05
2025-07-10,SOBTI_5_ET,NY_LONDON_LIT,TRAINABLE,DOWN,DOWN,-0.0007468867171618321,-0.0007438750771732,False,3.011639988632106e-06
2025-07-10,SOBTI_5_ET,US_LATE_LIT,TRAINABLE,UP,UP,0.0037552968975098633,0.0036829637309445,False,7.233316656536344e-05
2025-07-11,SOBTI_5_ET,ASIA_MORNING_LIT,TRAINABLE,UP,UP,0.0016905891538046003,0.0016905891538046,False,2.168404344971009e-19
2025-07-11,SOBTI_5_ET,ASIA_AFTERNOON_LIT,TRAINABLE,DOWN,DOWN,-0.0015509817894377997,-0.0016078710828728,False,5.688929343500033e-05
2025-07-11,SOBTI_5_ET,EUROPE_LIT,TRAINABLE,UP,UP,0.003928698885873327,0.0039076909235407,False,2.1007962332627618e-05
2025-07-11,SOBTI_5_ET,NY_LONDON_LIT,TRAINABLE,UP,UP,0.002440641915709696,0.0024615531683533,False,2.0911252643604147e-05
2025-07-11,SOBTI_5_ET,US_LATE_LIT,NOT_ELIGIBLE_WEEKLY_CLOSE_FRIDAY,DOWN,DOWN,-0.003343544753435901,-0.0032243452969853,False,0.0001191994564506008
2025-07-14,SOBTI_5_ET,ASIA_MORNING_LIT,TRAINABLE,DOWN,DOWN,-0.003005405036186959,-0.0030321599653128,False,2.6754929125841296e-05
2025-07-14,SOBTI_5_ET,ASIA_AFTERNOON_LIT,TRAINABLE,UP,UP,0.005596107142963547,0.0056050555888305,False,8.948445866953543e-06
2025-07-14,SOBTI_5_ET,EUROPE_LIT,TRAINABLE,DOWN,DOWN,-0.0031647109841573817,-0.0031736006633716,False,8.889679214218061e-06
2025-07-14,SOBTI_5_ET,NY_LONDON_LIT,TRAINABLE,DOWN,DOWN,-0.004369798958974269,-0.004405482774919,False,3.568381594473095e-05
2025-07-14,SOBTI_5_ET,US_LATE_LIT,TRAINABLE,DOWN,DOWN,-0.0004896735609121183,-0.0004986310040995,False,8.957443187381626e-06
2025-07-15,SOBTI_5_ET,ASIA_MORNING_LIT,TRAINABLE,UP,UP,0.002097087378640783,0.0020821508588497,False,1.4936519791082688e-05
2025-07-15,SOBTI_5_ET,ASIA_AFTERNOON_LIT,TRAINABLE,DOWN,DOWN,-0.00014866881939112897,-0.0001070415499615,False,4.162726942962897e-05
2025-07-15,SOBTI_5_ET,EUROPE_LIT,TRAINABLE,DOWN,DOWN,-0.002340312594786509,-0.002322452584438,False,1.7860010348508693e-05
2025-07-15,SOBTI_5_ET,NY_LONDON_LIT,TRAINABLE,DOWN,DOWN,-0.008494758559602578,-0.0084530627078516,False,4.1695851750978355e-05
2025-07-15,SOBTI_5_ET,US_LATE_LIT,TRAINABLE,UP,UP,0.0012054199030682167,0.0011783927127408,False,2.7027190327416585e-05
2025-07-16,SOBTI_5_ET,ASIA_MORNING_LIT,TRAINABLE,UP,UP,0.0006695700735908083,0.0006215152361306,False,4.805483746020834e-05
2025-07-16,SOBTI_5_ET,ASIA_AFTERNOON_LIT,TRAINABLE,DOWN,DOWN,-0.00037133530979549523,-0.0003863085077711,False,1.4973197975604762e-05
2025-07-16,SOBTI_5_ET,EUROPE_LIT,TRAINABLE,UP,UP,0.0003325334555617232,0.0003205502679739,False,1.1983187587823174e-05
2025-07-16,SOBTI_5_ET,NY_LONDON_LIT,TRAINABLE,UP,UP,0.0033901553721384925,0.0043365418019334,False,0.0009463864297949076
2025-07-16,SOBTI_5_ET,US_LATE_LIT,TRAINABLE,DOWN,DOWN,-0.00377514038022031,-0.0038258029587815,False,5.0662578561190205e-05
2025-07-17,SOBTI_5_ET,ASIA_MORNING_LIT,TRAINABLE,DOWN,DOWN,-0.0004250567989630971,-0.0002993417606331,False,0.0001257150383299971
2025-07-17,SOBTI_5_ET,ASIA_AFTERNOON_LIT,TRAINABLE,DOWN,DOWN,-0.0032958518415530103,-0.0032808844260207,False,1.4967415532310228e-05
2025-07-17,SOBTI_5_ET,EUROPE_LIT,TRAINABLE,DOWN,DOWN,-0.0016308118319453557,-0.0016338151686523,False,3.0033367069443474e-06
2025-07-17,SOBTI_5_ET,NY_LONDON_LIT,TRAINABLE,UP,UP,0.0038625950983548485,0.0038174713238412,False,4.5123774513648306e-05
2025-07-17,SOBTI_5_ET,US_LATE_LIT,TRAINABLE,UP,UP,0.0009140064970869499,0.000958979645657,False,4.497314857005005e-05
2025-07-18,SOBTI_5_ET,ASIA_MORNING_LIT,TRAINABLE,DOWN,DOWN,-0.0014969701324518692,-0.0015358913558957,False,3.892122344383085e-05
2025-07-18,SOBTI_5_ET,ASIA_AFTERNOON_LIT,TRAINABLE,UP,UP,0.0023128383499757543,0.0021870103568422,False,0.00012582799313355436
2025-07-18,SOBTI_5_ET,EUROPE_LIT,TRAINABLE,UP,UP,0.0027382899028156604,0.0018265031283724,False,0.0009117867744432603
2025-07-18,SOBTI_5_ET,NY_LONDON_LIT,TRAINABLE,UP,UP,0.0001760182615699879,0.0001581714558529,False,1.7846805717087902e-05
2025-07-18,SOBTI_5_ET,US_LATE_LIT,NOT_ELIGIBLE_WEEKLY_CLOSE_FRIDAY,DOWN,DOWN,-0.0019183788696114368,-0.0019183788696114,False,3.686287386450715e-17
2025-07-21,SOBTI_5_ET,ASIA_MORNING_LIT,TRAINABLE,UP,UP,0.0008592193037937346,0.0008622086709546,False,2.9893671608654127e-06
2025-07-21,SOBTI_5_ET,ASIA_AFTERNOON_LIT,TRAINABLE,DOWN,DOWN,-0.00033263835676644593,-0.0003415483127513,False,8.909955984854083e-06
2025-07-21,SOBTI_5_ET,EUROPE_LIT,TRAINABLE,UP,UP,0.0028551310656681483,0.0027689720636863,False,8.615900198184843e-05
2025-07-21,SOBTI_5_ET,NY_LONDON_LIT,TRAINABLE,UP,UP,0.0057774525285982925,0.0057063454205539,False,7.110710804439282e-05
2025-07-21,SOBTI_5_ET,US_LATE_LIT,TRAINABLE,DOWN,DOWN,-4.418978037667998e-05,-6.481167788585651e-05,False,2.0621897509176534e-05
2025-07-22,SOBTI_5_ET,ASIA_MORNING_LIT,TRAINABLE,DOWN,DOWN,-0.0009457225939314418,-0.0008985837730501,False,4.7138820881341805e-05
2025-07-22,SOBTI_5_ET,ASIA_AFTERNOON_LIT,TRAINABLE,DOWN,DOWN,-0.0012809577077350642,-0.001319327408658,False,3.83697009229357e-05
2025-07-22,SOBTI_5_ET,EUROPE_LIT,TRAINABLE,UP,UP,0.002254981351333729,0.0022579367659489,False,2.955414615170987e-06
2025-07-22,SOBTI_5_ET,NY_LONDON_LIT,TRAINABLE,UP,UP,0.011349763804603619,0.0113763026131878,False,2.653880858418181e-05
2025-07-22,SOBTI_5_ET,US_LATE_LIT,TRAINABLE,DOWN,DOWN,-0.00026242040445034753,-0.0003498705478973,False,8.745014344695249e-05
2025-07-23,SOBTI_5_ET,ASIA_MORNING_LIT,TRAINABLE,DOWN,DOWN,-0.0003412431751365075,-0.0001049891502169,False,0.00023625402491960748
2025-07-23,SOBTI_5_ET,ASIA_AFTERNOON_LIT,TRAINABLE,UP,UP,0.0014901126642046236,0.0014871908746669,False,2.9217895377235247e-06
2025-07-23,SOBTI_5_ET,EUROPE_LIT,TRAINABLE,UP,UP,0.00038802094729617487,0.0003880209472961,False,7.486416001012408e-17
2025-07-23,SOBTI_5_ET,NY_LONDON_LIT,TRAINABLE,DOWN,DOWN,-0.009221401116366934,-0.0092214011163669,False,3.469446951953614e-17
2025-07-23,SOBTI_5_ET,US_LATE_LIT,TRAINABLE,DOWN,DOWN,-0.0005445404667152598,-0.0005445404667152,False,5.984795992119984e-17
2025-07-24,SOBTI_5_ET,ASIA_MORNING_LIT,TRAINABLE,DOWN,DOWN,-0.003448671922627211,-0.0034516169883169,False,2.945065689688789e-06
2025-07-24,SOBTI_5_ET,ASIA_AFTERNOON_LIT,TRAINABLE,DOWN,DOWN,-0.0005204344444804665,-0.0005204344444804,False,6.646159317336142e-17
2025-07-24,SOBTI_5_ET,EUROPE_LIT,TRAINABLE,DOWN,DOWN,-0.0036212696337015737,-0.0036212696337015,False,7.37257477290143e-17
2025-07-24,SOBTI_5_ET,NY_LONDON_LIT,TRAINABLE,UP,UP,0.0004780583112367065,0.0005701068059469,False,9.204849471019345e-05
2025-07-24,SOBTI_5_ET,US_LATE_LIT,TRAINABLE,UP,UP,0.0007300331482531508,0.0008041997679324,False,7.416661967924918e-05
2025-07-25,SOBTI_5_ET,ASIA_MORNING_LIT,TRAINABLE,DOWN,DOWN,-0.0032558163753224623,-0.003264720960372,False,8.904585049537578e-06
2025-07-25,SOBTI_5_ET,ASIA_AFTERNOON_LIT,TRAINABLE,DOWN,DOWN,-2.9772449170462068e-06,-0.0001042035720983,False,0.00010122632718125379
2025-07-25,SOBTI_5_ET,EUROPE_LIT,TRAINABLE,DOWN,DOWN,-0.005166025499782623,-0.005127353012988,False,3.867248679462285e-05
2025-07-25,SOBTI_5_ET,NY_LONDON_LIT,TRAINABLE,DOWN,DOWN,-0.0008499808479784932,-0.0008080682645008,False,4.1912583477693205e-05
2025-07-25,SOBTI_5_ET,US_LATE_LIT,NOT_ELIGIBLE_WEEKLY_CLOSE_FRIDAY,UP,UP,0.0045408950674139525,0.0045408950674139,False,5.2909066017292616e-17
2025-07-28,SOBTI_5_ET,ASIA_MORNING_LIT,TRAINABLE,DOWN,DOWN,-0.002255576202625509,-0.0022585637207747,False,2.9875181491909562e-06
2025-07-28,SOBTI_5_ET,ASIA_AFTERNOON_LIT,TRAINABLE,UP,UP,0.0003975976730072883,0.0003916187606312,False,5.978912376088325e-06
2025-07-28,SOBTI_5_ET,EUROPE_LIT,TRAINABLE,DOWN,DOWN,-0.0021694955773369218,-0.0021186947167105,False,5.080086062642184e-05
2025-07-28,SOBTI_5_ET,NY_LONDON_LIT,TRAINABLE,DOWN,DOWN,-0.004983065363802663,-0.00498605999443,False,2.994630627336896e-06
2025-07-28,SOBTI_5_ET,US_LATE_LIT,TRAINABLE,DOWN,DOWN,-0.0005628020922995303,-0.0005628020922995,False,3.0249240612345574e-17
2025-07-29,SOBTI_5_ET,ASIA_MORNING_LIT,TRAINABLE,UP,UP,0.0012677706208461537,0.0012677706208461,False,5.355958732078392e-17
2025-07-29,SOBTI_5_ET,ASIA_AFTERNOON_LIT,TRAINABLE,DOWN,DOWN,-0.0007038123167155685,-0.0007038123167155,False,6.852157730108388e-17
2025-07-29,SOBTI_5_ET,EUROPE_LIT,TRAINABLE,UP,UP,0.0003581737353306469,0.0003581737353306,False,4.6891743959998067e-17
2025-07-29,SOBTI_5_ET,NY_LONDON_LIT,TRAINABLE,UP,UP,0.004110001203514457,0.0041100012035144,False,5.724587470723463e-17
2025-07-29,SOBTI_5_ET,US_LATE_LIT,TRAINABLE,UP,UP,0.00024271408281051343,0.00027567525455,False,3.296117173948659e-05
2025-07-30,SOBTI_5_ET,ASIA_MORNING_LIT,TRAINABLE,DOWN,DOWN,-0.0004133989179732067,-0.0004133989179732,False,6.7220534694101275e-18
2025-07-30,SOBTI_5_ET,ASIA_AFTERNOON_LIT,TRAINABLE,DOWN,DOWN,-0.00041983920158583654,-0.0004198392015858,False,3.65376132127615e-17
2025-07-30,SOBTI_5_ET,EUROPE_LIT,TRAINABLE,UP,UP,0.0010860401834866806,0.0010860401834866,False,8.066464163292153e-17
2025-07-30,SOBTI_5_ET,NY_LONDON_LIT,TRAINABLE,DOWN,DOWN,-0.008310282513643186,-0.0083132793699408,False,2.9968562976143143e-06
2025-07-30,SOBTI_5_ET,US_LATE_LIT,TRAINABLE,DOWN,DOWN,-0.0021909346678391506,-0.0023208797584834,False,0.00012994509064424929
2025-07-31,SOBTI_5_ET,ASIA_MORNING_LIT,TRAINABLE,UP,UP,0.0018749564579982891,0.0018779854668158,False,3.0290088175108365e-06
2025-07-31,SOBTI_5_ET,ASIA_AFTERNOON_LIT,TRAINABLE,UP,UP,0.0008894563122656685,0.0008894563122656,False,6.841315708383533e-17
2025-07-31,SOBTI_5_ET,EUROPE_LIT,TRAINABLE,UP,UP,0.0019375334383207043,0.0018952160153309,False,4.2317422989804256e-05
2025-07-31,SOBTI_5_ET,NY_LONDON_LIT,TRAINABLE,DOWN,DOWN,-0.0035630241959814235,-0.0036203463464671,False,5.732215048567671e-05
2025-07-31,SOBTI_5_ET,US_LATE_LIT,TRAINABLE,DOWN,DOWN,-0.002074123417913132,-0.0020741234179131,False,3.165870343657673e-17
2025-08-01,SOBTI_5_ET,ASIA_MORNING_LIT,TRAINABLE,UP,UP,0.001013426382462379,0.0010164605931881,False,3.03421072572101e-06
2025-08-01,SOBTI_5_ET,ASIA_AFTERNOON_LIT,TRAINABLE,DOWN,DOWN,-0.0007057761568821652,-0.0007057761568821,False,6.526897078362737e-17
2025-08-01,SOBTI_5_ET,EUROPE_LIT,TRAINABLE,UP,UP,0.0017793270688086782,0.0017793270688086,False,7.827939685345342e-17
2025-08-01,SOBTI_5_ET,NY_LONDON_LIT,TRAINABLE,UP,UP,0.013652579375285523,0.013655605212913,False,3.0258376274763105e-06
2025-08-01,SOBTI_5_ET,US_LATE_LIT,NOT_ELIGIBLE_WEEKLY_CLOSE_FRIDAY,UP,UP,0.004773134328358131,0.0047701492537313,False,2.9850746268303766e-06
2025-08-04,SOBTI_5_ET,ASIA_MORNING_LIT,TRAINABLE,UP,UP,0.0014878645118969747,0.0014908462043055,False,2.9816924085252546e-06
2025-08-04,SOBTI_5_ET,ASIA_AFTERNOON_LIT,TRAINABLE,DOWN,DOWN,-0.0014065115836487951,-0.0014065115836487,False,9.519295074422729e-17
2025-08-04,SOBTI_5_ET,EUROPE_LIT,TRAINABLE,UP,UP,0.003871121434101621,0.0038711214341016,False,2.0816681711721685e-17
2025-08-04,SOBTI_5_ET,NY_LONDON_LIT,TRAINABLE,UP,UP,0.0017797816801139454,0.0017768153773138,False,2.9663028001454973e-06
2025-08-04,SOBTI_5_ET,US_LATE_LIT,TRAINABLE,UP,UP,0.0009741826784990248,0.0009771437200749,False,2.9610415758752305e-06
2025-08-05,SOBTI_5_ET,ASIA_MORNING_LIT,TRAINABLE,DOWN,DOWN,-0.0008549056497726415,-0.0008549056497726,False,4.152494320619482e-17
2025-08-05,SOBTI_5_ET,ASIA_AFTERNOON_LIT,TRAINABLE,UP,UP,0.0011035955856175672,0.0011747953008187,False,7.119971520113278e-05
2025-08-05,SOBTI_5_ET,EUROPE_LIT,TRAINABLE,DOWN,DOWN,-0.005778188671194395,-0.0058789365762306,False,0.00010074790503620482
2025-08-05,SOBTI_5_ET,NY_LONDON_LIT,TRAINABLE,UP,UP,0.007475588091519381,0.007472607394513,False,2.9806970063802132e-06
2025-08-05,SOBTI_5_ET,US_LATE_LIT,TRAINABLE,UP,UP,0.0007100612723707211,0.0007100612723707,False,2.1141942363467336e-17
2025-08-06,SOBTI_5_ET,ASIA_MORNING_LIT,TRAINABLE,DOWN,DOWN,-0.001114596483551611,-0.0011145964835516,False,1.0842021724855044e-17
2025-08-06,SOBTI_5_ET,ASIA_AFTERNOON_LIT,TRAINABLE,DOWN,DOWN,-0.0003527399595090186,-0.000352739959509,False,1.85940672581264e-17
2025-08-06,SOBTI_5_ET,EUROPE_LIT,TRAINABLE,DOWN,DOWN,-0.0008925394377892193,-0.0008925394377892,False,1.929879867024198e-17
2025-08-06,SOBTI_5_ET,NY_LONDON_LIT,TRAINABLE,UP,UP,0.0007271345851920241,0.000727134585192,False,2.4069288229178198e-17
2025-08-06,SOBTI_5_ET,US_LATE_LIT,TRAINABLE,UP,UP,0.0012100218278447983,0.0012070560880705,False,2.9657397742981987e-06
2025-08-07,SOBTI_5_ET,ASIA_MORNING_LIT,TRAINABLE,UP,UP,0.0005154165839729163,0.0005124544196972,False,2.9621642757163107e-06
2025-08-07,SOBTI_5_ET,ASIA_AFTERNOON_LIT,TRAINABLE,UP,UP,0.0031132642220241813,0.0031103048453873,False,2.959376636881266e-06
2025-08-07,SOBTI_5_ET,EUROPE_LIT,TRAINABLE,DOWN,DOWN,-0.0035372905357563544,-0.0035077885296199,False,2.9502006136454453e-05
2025-08-07,SOBTI_5_ET,NY_LONDON_LIT,TRAINABLE,UP,UP,0.0022263604631540534,0.002226360463154,False,5.334274688628682e-17
2025-08-07,SOBTI_5_ET,US_LATE_LIT,TRAINABLE,UP,UP,0.0007001001409061569,0.0006853300957394,False,1.477004516675694e-05
2025-08-08,SOBTI_5_ET,ASIA_MORNING_LIT,TRAINABLE,DOWN,DOWN,-0.0006937166979086307,-0.0006346769789375,False,5.9039718971130666e-05
2025-08-08,SOBTI_5_ET,ASIA_AFTERNOON_LIT,TRAINABLE,UP,UP,0.0003599881971081409,0.0003127766302744,False,4.721156683374088e-05
2025-08-08,SOBTI_5_ET,EUROPE_LIT,TRAINABLE,DOWN,DOWN,-0.0029468504982211874,-0.0029674991003109,False,2.064860208971257e-05
2025-08-08,SOBTI_5_ET,NY_LONDON_LIT,TRAINABLE,UP,UP,0.0004289940828401395,0.0004289940828401,False,3.9519169187096637e-17
2025-08-08,SOBTI_5_ET,US_LATE_LIT,NOT_ELIGIBLE_WEEKLY_CLOSE_FRIDAY,UP,UP,0.0010971624598914431,0.0010971624598914,False,4.3151246464923076e-17
2025-08-11,SOBTI_5_ET,ASIA_MORNING_LIT,TRAINABLE,DOWN,DOWN,-0.001432893794148904,-0.001435854318517,False,2.9605243680960215e-06
2025-08-11,SOBTI_5_ET,ASIA_AFTERNOON_LIT,TRAINABLE,DOWN,DOWN,-0.004064787554812432,-0.0040677523889149,False,2.9648341024679156e-06
2025-08-11,SOBTI_5_ET,EUROPE_LIT,TRAINABLE,DOWN,DOWN,-0.0028370272241490246,-0.002837027224149,False,2.47198095326695e-17
2025-08-11,SOBTI_5_ET,NY_LONDON_LIT,TRAINABLE,UP,UP,0.0017136272174158584,0.001710641804145,False,2.9854132708583437e-06
2025-08-11,SOBTI_5_ET,US_LATE_LIT,TRAINABLE,DOWN,DOWN,-0.0009864842713874777,-0.0009864842713874,False,7.784571598445922e-17
2025-08-12,SOBTI_5_ET,ASIA_MORNING_LIT,TRAINABLE,DOWN,DOWN,-0.0009337597403372699,-0.0009307764823808,False,2.9832579564699003e-06
2025-08-12,SOBTI_5_ET,ASIA_AFTERNOON_LIT,TRAINABLE,DOWN,DOWN,-0.0007497102713294179,-0.0006690641465251,False,8.06461248043179e-05
2025-08-12,SOBTI_5_ET,EUROPE_LIT,TRAINABLE,DOWN,DOWN,-0.00024508924835298096,-0.0002450892483529,False,8.09356921760429e-17
2025-08-12,SOBTI_5_ET,NY_LONDON_LIT,TRAINABLE,DOWN,DOWN,-0.0005142156716195778,-0.0005142156716195,False,7.784571598445922e-17
2025-08-12,SOBTI_5_ET,US_LATE_LIT,TRAINABLE,DOWN,DOWN,-0.001959212486315365,-0.0019562213222141,False,2.991164101264626e-06
2025-08-13,SOBTI_5_ET,ASIA_MORNING_LIT,TRAINABLE,UP,UP,0.001909106166682717,0.0019121031936319,False,2.997026949183145e-06
2025-08-13,SOBTI_5_ET,ASIA_AFTERNOON_LIT,TRAINABLE,UP,UP,0.0025223812715435834,0.0025223812715435,False,8.326672684688674e-17
2025-08-13,SOBTI_5_ET,EUROPE_LIT,TRAINABLE,UP,UP,0.00025966196191018476,0.000262646582162,False,2.9846202518152244e-06
2025-08-13,SOBTI_5_ET,NY_LONDON_LIT,TRAINABLE,DOWN,DOWN,-0.001906671560158557,-0.0019036877236011,False,2.9838365574570095e-06
2025-08-13,SOBTI_5_ET,US_LATE_LIT,TRAINABLE,UP,UP,0.003829584963871646,0.0037817525209191,False,4.783244295254599e-05
2025-08-14,SOBTI_5_ET,ASIA_MORNING_LIT,TRAINABLE,DOWN,DOWN,-0.0021860462345799636,-0.0022336984685763,False,4.765223399633622e-05
2025-08-14,SOBTI_5_ET,ASIA_AFTERNOON_LIT,TRAINABLE,UP,UP,0.0012684106068971968,0.0012654261113513,False,2.984495545896781e-06
2025-08-14,SOBTI_5_ET,EUROPE_LIT,TRAINABLE,DOWN,DOWN,-0.0028525525427062215,-0.0028525525427062,False,2.168404344971009e-17
2025-08-14,SOBTI_5_ET,NY_LONDON_LIT,TRAINABLE,DOWN,DOWN,-0.0041132089007928085,-0.0041132089007928,False,8.673617379884035e-18
2025-08-14,SOBTI_5_ET,US_LATE_LIT,TRAINABLE,DOWN,DOWN,-0.000648344919497168,-0.0006483449194971,False,6.797947621484113e-17
2025-08-15,SOBTI_5_ET,ASIA_MORNING_LIT,TRAINABLE,UP,UP,0.0012945275425000347,0.0012945275425,False,3.469446951953614e-17
2025-08-15,SOBTI_5_ET,ASIA_AFTERNOON_LIT,TRAINABLE,UP,UP,0.00020675334326147876,0.0002097497685262,False,2.996425264721234e-06
2025-08-15,SOBTI_5_ET,EUROPE_LIT,TRAINABLE,UP,UP,0.00025763853313787166,0.0002156973765805,False,4.194115655737165e-05
2025-08-15,SOBTI_5_ET,NY_LONDON_LIT,TRAINABLE,DOWN,DOWN,-0.0019468480530021592,-0.0018899401868375,False,5.690786616465923e-05
2025-08-15,SOBTI_5_ET,US_LATE_LIT,NOT_ELIGIBLE_WEEKLY_CLOSE_FRIDAY,DOWN,DOWN,-4.201151115401647e-05,-4.201151115401647e-05,False,0.0
2025-08-18,SOBTI_5_ET,ASIA_MORNING_LIT,TRAINABLE,UP,UP,0.0011217823742193378,0.0011277812104451,False,5.998836225762144e-06
2025-08-18,SOBTI_5_ET,ASIA_AFTERNOON_LIT,TRAINABLE,UP,UP,0.00035262827600623936,0.0003496399007858,False,2.988375220439347e-06
2025-08-18,SOBTI_5_ET,EUROPE_LIT,TRAINABLE,DOWN,DOWN,-0.0016340699095136468,-0.0016340699095136,False,4.683753385137379e-17
2025-08-18,SOBTI_5_ET,NY_LONDON_LIT,TRAINABLE,DOWN,DOWN,-0.0034320766008377745,-0.0034320766008377,False,7.45931094670027e-17
2025-08-18,SOBTI_5_ET,US_LATE_LIT,TRAINABLE,UP,UP,0.0006515479518274248,0.0006515479518274,False,2.47198095326695e-17
2025-08-19,SOBTI_5_ET,ASIA_MORNING_LIT,TRAINABLE,UP,UP,0.0015092867644852515,0.0015092867644852,False,5.139118297581291e-17
2025-08-19,SOBTI_5_ET,ASIA_AFTERNOON_LIT,TRAINABLE,DOWN,DOWN,-0.0002247615280187576,-0.0002217647076451,False,2.9968203736576067e-06
2025-08-19,SOBTI_5_ET,EUROPE_LIT,TRAINABLE,DOWN,DOWN,-0.00039566803451906996,-0.0004256428856189,False,2.997485109983004e-05
2025-08-19,SOBTI_5_ET,NY_LONDON_LIT,TRAINABLE,DOWN,DOWN,-0.0049599515400139405,-0.0049599515400139,False,4.0766001685454967e-17
2025-08-19,SOBTI_5_ET,US_LATE_LIT,TRAINABLE,DOWN,DOWN,-0.001738910302968244,-0.001744937721696,False,6.0274187277560565e-06
2025-08-20,SOBTI_5_ET,ASIA_MORNING_LIT,TRAINABLE,DOWN,DOWN,-0.0011260785296373088,-0.0011260785296373,False,8.890457814381136e-18
2025-08-20,SOBTI_5_ET,ASIA_AFTERNOON_LIT,TRAINABLE,UP,UP,0.0017057685166455006,0.0017057685166455,False,6.505213034913027e-19
2025-08-20,SOBTI_5_ET,EUROPE_LIT,TRAINABLE,UP,UP,0.0018806850033454836,0.0018806850033454,False,8.370040771588094e-17
2025-08-20,SOBTI_5_ET,NY_LONDON_LIT,TRAINABLE,UP,UP,0.0029631367735802883,0.0029631367735802,False,8.847089727481716e-17
2025-08-20,SOBTI_5_ET,US_LATE_LIT,TRAINABLE,UP,UP,0.0007588414021468814,0.0007618407752778,False,2.999373130918581e-06
2025-08-21,SOBTI_5_ET,ASIA_MORNING_LIT,TRAINABLE,UP,UP,0.0001528515811146658,0.0001528515811146,False,6.578396681555798e-17
2025-08-21,SOBTI_5_ET,ASIA_AFTERNOON_LIT,TRAINABLE,DOWN,DOWN,-0.00021301874564960688,-0.0002160190096728,False,3.000264023193111e-06
2025-08-21,SOBTI_5_ET,EUROPE_LIT,TRAINABLE,DOWN,DOWN,-0.0014014260335142303,-0.001398425121237,False,3.0009122772302853e-06
2025-08-21,SOBTI_5_ET,NY_LONDON_LIT,TRAINABLE,UP,UP,0.001403388567341679,0.0013312658144162,False,7.212275292547911e-05
2025-08-21,SOBTI_5_ET,US_LATE_LIT,TRAINABLE,UP,UP,0.0002190817174805293,0.0002190817174805,False,2.930056371142076e-17
2025-08-22,SOBTI_5_ET,ASIA_MORNING_LIT,TRAINABLE,DOWN,DOWN,-0.001026158028336388,-0.0010261580283363,False,8.803721640582296e-17
2025-08-22,SOBTI_5_ET,ASIA_AFTERNOON_LIT,TRAINABLE,UP,UP,0.00132912344008429,0.0013712223725754,False,4.2098932491110115e-05
2025-08-22,SOBTI_5_ET,EUROPE_LIT,TRAINABLE,DOWN,DOWN,-0.0017236926661980956,-0.001723692666198,False,9.562663161322149e-17
2025-08-22,SOBTI_5_ET,NY_LONDON_LIT,TRAINABLE,UP,UP,0.010865379987486046,0.0108623718534917,False,3.0081339943456575e-06
2025-08-22,SOBTI_5_ET,US_LATE_LIT,NOT_ELIGIBLE_WEEKLY_CLOSE_FRIDAY,UP,UP,7.141943144195473e-05,7.141943144195473e-05,False,0.0
2025-08-25,SOBTI_5_ET,ASIA_MORNING_LIT,TRAINABLE,UP,UP,0.003158780723293564,0.0031498080911624,False,8.972632131163706e-06
2025-08-25,SOBTI_5_ET,ASIA_AFTERNOON_LIT,TRAINABLE,UP,UP,0.0003008988235153609,0.000297919627243,False,2.979196272360899e-06
2025-08-25,SOBTI_5_ET,EUROPE_LIT,TRAINABLE,UP,UP,0.0010811261581897824,0.0010811261581897,False,8.239936510889834e-17
2025-08-25,SOBTI_5_ET,NY_LONDON_LIT,TRAINABLE,UP,UP,0.0004135378610274909,0.000410562768502,False,2.9750925254909085e-06
2025-08-25,SOBTI_5_ET,US_LATE_LIT,TRAINABLE,UP,UP,0.0013085034883513202,0.0010349073044233,False,0.00027359618392802025
2025-08-26,SOBTI_5_ET,ASIA_MORNING_LIT,TRAINABLE,DOWN,DOWN,-0.0014438073735183465,-0.0014408365764534,False,2.970797064946523e-06
2025-08-26,SOBTI_5_ET,ASIA_AFTERNOON_LIT,TRAINABLE,DOWN,DOWN,-0.0005176845813299469,-0.0005176845813299,False,4.683753385137379e-17
2025-08-26,SOBTI_5_ET,EUROPE_LIT,TRAINABLE,UP,UP,0.0015538581523970585,0.0015240907548417,False,2.9767397555358413e-05
2025-08-26,SOBTI_5_ET,NY_LONDON_LIT,TRAINABLE,UP,UP,0.0016317432010699573,0.0016317432010699,False,5.724587470723463e-17
2025-08-26,SOBTI_5_ET,US_LATE_LIT,TRAINABLE,UP,UP,0.0027418478986585004,0.0027448152665141,False,2.9673678555997007e-06
2025-08-27,SOBTI_5_ET,ASIA_MORNING_LIT,TRAINABLE,DOWN,DOWN,-0.001541766787798271,-0.0015417667877982,False,7.112366251504909e-17
2025-08-27,SOBTI_5_ET,ASIA_AFTERNOON_LIT,TRAINABLE,DOWN,DOWN,-0.00011581566896912143,-0.0001158156689691,False,2.142654543374478e-17
2025-08-27,SOBTI_5_ET,EUROPE_LIT,TRAINABLE,UP,UP,0.0008197135160659119,0.0008197135160659,False,1.1926223897340549e-17
2025-08-27,SOBTI_5_ET,NY_LONDON_LIT,TRAINABLE,UP,UP,0.004513634380777454,0.0045106668368057,False,2.9675439717534793e-06
2025-08-27,SOBTI_5_ET,US_LATE_LIT,TRAINABLE,DOWN,DOWN,-0.00010044342819315322,-0.0001004434281931,False,5.32207741418822e-17
2025-08-28,SOBTI_5_ET,ASIA_MORNING_LIT,TRAINABLE,UP,UP,0.0003279511914082711,0.0003279511914082,False,7.112366251504909e-17
2025-08-28,SOBTI_5_ET,ASIA_AFTERNOON_LIT,TRAINABLE,UP,UP,0.0018092110125373928,0.0018092110125373,False,9.280770596475918e-17
2025-08-28,SOBTI_5_ET,EUROPE_LIT,TRAINABLE,UP,UP,0.0026735048586377097,0.0026764557470027,False,2.9508883649903388e-06
2025-08-28,SOBTI_5_ET,NY_LONDON_LIT,TRAINABLE,UP,UP,0.006206811305873083,0.006206811305873,False,8.326672684688674e-17
2025-08-28,SOBTI_5_ET,US_LATE_LIT,TRAINABLE,DOWN,DOWN,-0.0013659084461108417,-0.0013659084461108,False,4.163336342344337e-17
2025-08-29,SOBTI_5_ET,ASIA_MORNING_LIT,TRAINABLE,UP,UP,0.00013472746975962124,0.0001347274697596,False,2.1250362580715887e-17
2025-08-29,SOBTI_5_ET,ASIA_AFTERNOON_LIT,TRAINABLE,DOWN,DOWN,-0.00018466192212529542,-0.0001875930637463,False,2.931141621004572e-06
2025-08-29,SOBTI_5_ET,EUROPE_LIT,TRAINABLE,UP,UP,0.0007036059806508899,0.0005834066256229,False,0.00012019935502798984
2025-08-29,SOBTI_5_ET,NY_LONDON_LIT,TRAINABLE,UP,UP,0.010896603857614595,0.0108966038576145,False,9.540979117872439e-17
2025-08-29,SOBTI_5_ET,US_LATE_LIT,NOT_ELIGIBLE_WEEKLY_CLOSE_FRIDAY,UP,UP,0.002553489962842548,0.0025534899628425,False,4.7704895589362195e-17
2025-09-01,SOBTI_5_ET,ASIA_MORNING_LIT,TRAINABLE,UP,UP,0.009595191122784952,0.0095951911227849,False,5.204170427930421e-17
2025-09-01,SOBTI_5_ET,ASIA_AFTERNOON_LIT,TRAINABLE,DOWN,DOWN,-0.0014311843623071585,-0.0014311843623071,False,5.854691731421724e-17
2025-09-01,SOBTI_5_ET,EUROPE_LIT,TRAINABLE,DOWN,DOWN,-0.001714149761652961,-0.0017112832904796,False,2.866471173360984e-06
2025-09-01,SOBTI_5_ET,NY_LONDON_LIT,TRAINABLE,UP,UP,0.0024263202627892166,0.0024263202627892,False,1.6479873021779667e-17
2025-09-01,SOBTI_5_ET,US_LATE_LIT,TRAINABLE,UP,UP,0.004734910873108289,0.0047320464382183,False,2.8644348899885957e-06
2025-09-02,SOBTI_5_ET,ASIA_MORNING_LIT,TRAINABLE,UP,UP,0.0024118987002546,0.0024404081411559,False,2.850944090130019e-05
2025-09-02,SOBTI_5_ET,ASIA_AFTERNOON_LIT,TRAINABLE,DOWN,DOWN,-0.00439958223889203,-0.0043199002837246,False,7.968195516743024e-05
2025-09-02,SOBTI_5_ET,EUROPE_LIT,TRAINABLE,UP,UP,0.0014890862269527627,0.0014890862269527,False,6.266688556966216e-17
2025-09-02,SOBTI_5_ET,NY_LONDON_LIT,TRAINABLE,UP,UP,0.011718036529680287,0.0117180365296802,False,8.673617379884035e-17
2025-09-02,SOBTI_5_ET,US_LATE_LIT,TRAINABLE,UP,UP,0.0036924621868177354,0.0036924621868177,False,3.5561831257524545e-17
2025-09-03,SOBTI_5_ET,ASIA_MORNING_LIT,TRAINABLE,DOWN,DOWN,-0.003951491645939553,-0.0039543020951899,False,2.8104492503467846e-06
2025-09-03,SOBTI_5_ET,ASIA_AFTERNOON_LIT,TRAINABLE,DOWN,DOWN,-0.0004448411100755889,-0.0004448411100755,False,8.890457814381136e-17
2025-09-03,SOBTI_5_ET,EUROPE_LIT,TRAINABLE,UP,UP,0.00412646996690369,0.0039349341595662,False,0.00019153580733748989
2025-09-03,SOBTI_5_ET,NY_LONDON_LIT,TRAINABLE,UP,UP,0.006091094264663699,0.0060910942646636,False,9.8879238130678e-17
2025-09-03,SOBTI_5_ET,US_LATE_LIT,TRAINABLE,DOWN,DOWN,-0.003008982328154719,-0.0028695484853301,False,0.00013943384282461913
2025-09-04,SOBTI_5_ET,ASIA_MORNING_LIT,TRAINABLE,DOWN,DOWN,-0.008694946918593516,-0.0087648644718147,False,6.991755322118508e-05
2025-09-04,SOBTI_5_ET,ASIA_AFTERNOON_LIT,TRAINABLE,UP,UP,0.0017311640595656375,0.0017339881444915,False,2.8240849258625786e-06
2025-09-04,SOBTI_5_ET,EUROPE_LIT,TRAINABLE,UP,UP,0.0015223660952154994,0.0015251852916882,False,2.819196472700564e-06
2025-09-04,SOBTI_5_ET,NY_LONDON_LIT,TRAINABLE,UP,UP,0.00019141341920669852,0.0001914134192066,False,9.852687242462022e-17
2025-09-04,SOBTI_5_ET,US_LATE_LIT,TRAINABLE,UP,UP,0.001621073961499464,0.0016210739614994,False,6.396792817664476e-17
2025-09-05,SOBTI_5_ET,ASIA_MORNING_LIT,TRAINABLE,UP,UP,0.0013234203250387377,0.0013234203250387,False,3.7730235602495554e-17
2025-09-05,SOBTI_5_ET,ASIA_AFTERNOON_LIT,TRAINABLE,DOWN,DOWN,-0.0016753615216884565,-0.0016753615216884,False,5.659535340374333e-17
2025-09-05,SOBTI_5_ET,EUROPE_LIT,TRAINABLE,UP,UP,0.00018552667086435548,0.0001827156606999,False,2.8110101644554834e-06
2025-09-05,SOBTI_5_ET,NY_LONDON_LIT,TRAINABLE,UP,UP,0.011149240182232623,0.0111492401822326,False,2.2551405187698492e-17
2025-09-05,SOBTI_5_ET,US_LATE_LIT,NOT_ELIGIBLE_WEEKLY_CLOSE_FRIDAY,DOWN,DOWN,-0.001714955972605181,-0.0016954994218626,False,1.945655074258104e-05
2025-09-08,SOBTI_5_ET,ASIA_MORNING_LIT,TRAINABLE,DOWN,DOWN,-0.00227350327700937,-0.0022735032770093,False,6.982261990806649e-17
2025-09-08,SOBTI_5_ET,ASIA_AFTERNOON_LIT,TRAINABLE,UP,UP,0.0063110012415996675,0.0064418424671646,False,0.00013084122556493265
2025-09-08,SOBTI_5_ET,EUROPE_LIT,TRAINABLE,UP,UP,0.0032888185700692407,0.0033109468699519,False,2.2128299882659234e-05
2025-09-08,SOBTI_5_ET,NY_LONDON_LIT,TRAINABLE,UP,UP,0.0030546557309256706,0.0030574126404301,False,2.7569095044292606e-06
2025-09-08,SOBTI_5_ET,US_LATE_LIT,TRAINABLE,UP,UP,0.002055882627791883,0.0020558826277918,False,8.283304597789254e-17
2025-09-09,SOBTI_5_ET,ASIA_MORNING_LIT,TRAINABLE,UP,UP,0.0035849273963057815,0.0035849273963057,False,8.153200337090993e-17
2025-09-09,SOBTI_5_ET,ASIA_AFTERNOON_LIT,TRAINABLE,DOWN,DOWN,-0.0014826060008682473,-0.0014853363986597,False,2.7303977914526056e-06
2025-09-09,SOBTI_5_ET,EUROPE_LIT,TRAINABLE,DOWN,UP,-3.007905322083282e-05,1.9141215685802848e-05,True,4.922026890663567e-05
2025-09-09,SOBTI_5_ET,NY_LONDON_LIT,TRAINABLE,UP,UP,8.75010254026698e-05,9.023543244635056e-05,False,2.734407043680762e-06
2025-09-09,SOBTI_5_ET,US_LATE_LIT,TRAINABLE,DOWN,DOWN,-0.006734236882182221,-0.0067369710425079,False,2.7341603256797117e-06
2025-09-10,SOBTI_5_ET,ASIA_MORNING_LIT,TRAINABLE,UP,UP,0.0020617762105710202,0.002061776210571,False,2.0383000842727483e-17
2025-09-10,SOBTI_5_ET,ASIA_AFTERNOON_LIT,TRAINABLE,DOWN,DOWN,-0.00023571976756942004,-0.0002357197675694,False,2.0030635136669694e-17
2025-09-10,SOBTI_5_ET,EUROPE_LIT,TRAINABLE,UP,UP,0.0013735284602773845,0.0013598205914122,False,1.3707868865184616e-05
2025-09-10,SOBTI_5_ET,NY_LONDON_LIT,TRAINABLE,DOWN,DOWN,-0.0016153319644079955,-0.0016153319644079,False,9.562663161322149e-17
2025-09-10,SOBTI_5_ET,US_LATE_LIT,TRAINABLE,DOWN,DOWN,-0.0015521307519332783,-0.0015521307519332,False,7.827939685345342e-17
2025-09-11,SOBTI_5_ET,ASIA_MORNING_LIT,TRAINABLE,DOWN,DOWN,-0.0017275758457980794,-0.0017605343674984,False,3.295852170032056e-05
2025-09-11,SOBTI_5_ET,ASIA_AFTERNOON_LIT,TRAINABLE,DOWN,DOWN,-0.0008520941108991487,-0.0008493365247796,False,2.757586119548662e-06
2025-09-11,SOBTI_5_ET,EUROPE_LIT,TRAINABLE,DOWN,DOWN,-0.002083747322867757,-0.0020837473228677,False,5.724587470723463e-17
2025-09-11,SOBTI_5_ET,NY_LONDON_LIT,TRAINABLE,UP,UP,0.00469891280598933,0.0046325361683532,False,6.637663763613046e-05
2025-09-11,SOBTI_5_ET,US_LATE_LIT,TRAINABLE,UP,UP,0.0006964938554376854,0.0006992467955777,False,2.752940140014629e-06
2025-09-12,SOBTI_5_ET,ASIA_MORNING_LIT,TRAINABLE,UP,UP,0.0031856771076912427,0.0031829260911906,False,2.7510165006424878e-06
2025-09-12,SOBTI_5_ET,ASIA_AFTERNOON_LIT,TRAINABLE,DOWN,DOWN,-8.763521840349231e-05,-0.0001341914281801,False,4.6556209776607685e-05
2025-09-12,SOBTI_5_ET,EUROPE_LIT,TRAINABLE,DOWN,DOWN,-0.0008901646393737472,-0.0008901646393737,False,4.7271214720367993e-17
2025-09-12,SOBTI_5_ET,NY_LONDON_LIT,TRAINABLE,DOWN,DOWN,-0.00037831436278701336,-0.000378314362787,False,1.3335686721571705e-17
2025-09-12,SOBTI_5_ET,US_LATE_LIT,NOT_ELIGIBLE_WEEKLY_CLOSE_FRIDAY,DOWN,DOWN,-0.001779847410308344,-0.0017798474103083,False,4.401860820291148e-17
2025-09-15,SOBTI_5_ET,ASIA_MORNING_LIT,TRAINABLE,UP,UP,0.0027932270423927097,0.0027959735783245,False,2.746535931790351e-06
2025-09-15,SOBTI_5_ET,ASIA_AFTERNOON_LIT,TRAINABLE,DOWN,DOWN,-0.002098917659953403,-0.0021016577613371,False,2.7401013836967844e-06
2025-09-15,SOBTI_5_ET,EUROPE_LIT,TRAINABLE,UP,UP,0.002740380522978869,0.0027431263952464,False,2.745872267530952e-06
2025-09-15,SOBTI_5_ET,NY_LONDON_LIT,TRAINABLE,UP,UP,0.009915603726361022,0.009915603726361,False,2.2551405187698492e-17
2025-09-15,SOBTI_5_ET,US_LATE_LIT,TRAINABLE,UP,UP,0.0015211373009438311,0.0015211373009438,False,3.122502256758253e-17
2025-09-16,SOBTI_5_ET,ASIA_MORNING_LIT,TRAINABLE,DOWN,DOWN,-0.0009665262451131751,-0.0009665262451131,False,7.513521055324546e-17
2025-09-16,SOBTI_5_ET,ASIA_AFTERNOON_LIT,TRAINABLE,UP,UP,0.002733143358651269,0.0027331433586512,False,6.895525817007808e-17
2025-09-16,SOBTI_5_ET,EUROPE_LIT,TRAINABLE,UP,UP,0.0019017723762160266,0.001901772376216,False,2.667137344314341e-17
2025-09-16,SOBTI_5_ET,NY_LONDON_LIT,TRAINABLE,DOWN,DOWN,-0.0031195653639267684,-0.0030063227145881,False,0.00011324264933866828
2025-09-16,SOBTI_5_ET,US_LATE_LIT,TRAINABLE,UP,UP,0.0008113151418449593,0.0008140195256511,False,2.704383806140698e-06
2025-09-17,SOBTI_5_ET,ASIA_MORNING_LIT,TRAINABLE,DOWN,DOWN,-0.0028940392519273272,-0.0028940392519273,False,2.7321894746634712e-17
2025-09-17,SOBTI_5_ET,ASIA_AFTERNOON_LIT,TRAINABLE,DOWN,DOWN,-0.0024344884050034876,-0.0024371994165902,False,2.7110115867123516e-06
2025-09-17,SOBTI_5_ET,EUROPE_LIT,TRAINABLE,DOWN,DOWN,-0.0004157981558129409,-0.0004157981558129,False,4.087442190270352e-17
2025-09-17,SOBTI_5_ET,NY_LONDON_LIT,TRAINABLE,UP,UP,0.00245776397853259,0.0024577639785325,False,8.977193988179977e-17
2025-09-17,SOBTI_5_ET,US_LATE_LIT,TRAINABLE,DOWN,DOWN,-0.0049604304644741415,-0.004963142564236,False,2.7120997618586967e-06
2025-09-18,SOBTI_5_ET,ASIA_MORNING_LIT,TRAINABLE,DOWN,DOWN,-0.0013927956215521453,-0.0013900699941126,False,2.725627439545278e-06
2025-09-18,SOBTI_5_ET,ASIA_AFTERNOON_LIT,TRAINABLE,DOWN,DOWN,-0.00325276526013929,-0.0032664208657654,False,1.365560562611003e-05
2025-09-18,SOBTI_5_ET,EUROPE_LIT,TRAINABLE,UP,UP,0.005304778136422605,0.0053075182077741,False,2.740071351494365e-06
2025-09-18,SOBTI_5_ET,NY_LONDON_LIT,TRAINABLE,DOWN,DOWN,-0.0063561112155925414,-0.0063561112155925,False,4.163336342344337e-17
2025-09-18,SOBTI_5_ET,US_LATE_LIT,TRAINABLE,UP,UP,0.00036756738964061064,0.0003428800276499,False,2.4687361990710643e-05
2025-09-19,SOBTI_5_ET,ASIA_MORNING_LIT,TRAINABLE,UP,UP,0.002204648407936771,0.0022046484079367,False,7.112366251504909e-17
2025-09-19,SOBTI_5_ET,ASIA_AFTERNOON_LIT,TRAINABLE,DOWN,DOWN,-0.0013102796901188762,-0.0014003614188144,False,9.008172869552373e-05
2025-09-19,SOBTI_5_ET,EUROPE_LIT,TRAINABLE,DOWN,DOWN,-0.0008638104428121407,-0.0008638104428121,False,4.0657581468206416e-17
2025-09-19,SOBTI_5_ET,NY_LONDON_LIT,TRAINABLE,UP,UP,0.007789223129642586,0.0077892231296425,False,8.586881206085195e-17
2025-09-19,SOBTI_5_ET,US_LATE_LIT,NOT_ELIGIBLE_WEEKLY_CLOSE_FRIDAY,UP,UP,0.002454174268091469,0.0024541742680914,False,6.895525817007808e-17
2025-09-22,SOBTI_5_ET,ASIA_MORNING_LIT,TRAINABLE,DOWN,DOWN,-0.0001190740369887422,-0.0001163678088752,False,2.7062281135421996e-06
2025-09-22,SOBTI_5_ET,ASIA_AFTERNOON_LIT,TRAINABLE,UP,UP,0.005012768372268939,0.0049749361581385,False,3.783221413043887e-05
2025-09-22,SOBTI_5_ET,EUROPE_LIT,TRAINABLE,UP,UP,0.004011874287435324,0.0040118742874353,False,2.42861286636753e-17
2025-09-22,SOBTI_5_ET,NY_LONDON_LIT,TRAINABLE,UP,UP,0.004759124556761307,0.0047591245567613,False,6.938893903907228e-18
2025-09-22,SOBTI_5_ET,US_LATE_LIT,TRAINABLE,UP,UP,0.0020204443378246673,0.0020177788439752,False,2.665493849467182e-06
2025-09-23,SOBTI_5_ET,ASIA_MORNING_LIT,TRAINABLE,DOWN,DOWN,-0.0015481935082276577,-0.0015269124978053,False,2.1281010422357586e-05
2025-09-23,SOBTI_5_ET,ASIA_AFTERNOON_LIT,TRAINABLE,UP,UP,0.0014558752684852294,0.0014558752684852,False,2.949029909160572e-17
2025-09-23,SOBTI_5_ET,EUROPE_LIT,TRAINABLE,UP,UP,0.007872090489175365,0.0077073134431493,False,0.0001647770460260654
2025-09-23,SOBTI_5_ET,NY_LONDON_LIT,TRAINABLE,DOWN,DOWN,-0.0011815405389723477,-0.0011841779062468,False,2.6373672744523825e-06
2025-09-23,SOBTI_5_ET,US_LATE_LIT,TRAINABLE,DOWN,DOWN,-0.003643881843170549,-0.0036438818431705,False,4.90059381963448e-17
2025-09-24,SOBTI_5_ET,ASIA_MORNING_LIT,TRAINABLE,DOWN,DOWN,-0.0005883335055930639,-0.000588333505593,False,6.385950795939621e-17
2025-09-24,SOBTI_5_ET,ASIA_AFTERNOON_LIT,TRAINABLE,DOWN,DOWN,-2.3787058254565174e-05,-2.643006472735632e-05,False,2.6430064727911463e-06
2025-09-24,SOBTI_5_ET,EUROPE_LIT,TRAINABLE,DOWN,DOWN,-0.001947947254768767,-0.0019479472547687,False,6.700369425960417e-17
2025-09-24,SOBTI_5_ET,NY_LONDON_LIT,TRAINABLE,DOWN,DOWN,-0.011498636159000042,-0.0115012843939513,False,2.6482349512572945e-06
2025-09-24,SOBTI_5_ET,US_LATE_LIT,TRAINABLE,UP,UP,0.007104833805292143,0.00710751285273,False,2.679047437856817e-06
2025-09-25,SOBTI_5_ET,ASIA_MORNING_LIT,TRAINABLE,DOWN,DOWN,-0.004828154926580064,-0.0048308150670355,False,2.6601404554361593e-06
2025-09-25,SOBTI_5_ET,ASIA_AFTERNOON_LIT,TRAINABLE,UP,UP,0.002696598014663154,0.0026965980146631,False,5.421010862427522e-17
2025-09-25,SOBTI_5_ET,EUROPE_LIT,TRAINABLE,UP,UP,0.0015656786204987228,0.0015869803704373,False,2.1301749938577213e-05
2025-09-25,SOBTI_5_ET,NY_LONDON_LIT,TRAINABLE,DOWN,DOWN,-0.0014515408664582674,-0.0014488823667028,False,2.6584997554674784e-06
2025-09-25,SOBTI_5_ET,US_LATE_LIT,TRAINABLE,UP,UP,0.00015441671747340457,0.0001570790746709,False,2.662357197495414e-06
2025-09-26,SOBTI_5_ET,ASIA_MORNING_LIT,TRAINABLE,DOWN,DOWN,-0.0023611399487842855,-0.0023611399487842,False,8.543513119185775e-17
2025-09-26,SOBTI_5_ET,ASIA_AFTERNOON_LIT,TRAINABLE,DOWN,DOWN,-0.0005994660755487269,-0.0005994660755487,False,2.688821387764051e-17
2025-09-26,SOBTI_5_ET,EUROPE_LIT,TRAINABLE,UP,UP,0.0017648203588822575,0.0017648203588822,False,5.746271514173174e-17
2025-09-26,SOBTI_5_ET,NY_LONDON_LIT,TRAINABLE,UP,UP,0.007642952755800625,0.0076456139510499,False,2.6611952492752375e-06
2025-09-26,SOBTI_5_ET,US_LATE_LIT,NOT_ELIGIBLE_WEEKLY_CLOSE_FRIDAY,DOWN,DOWN,-0.0033910480556935685,-0.0033910480556935,False,6.852157730108388e-17
2025-09-29,SOBTI_5_ET,ASIA_MORNING_LIT,TRAINABLE,UP,UP,0.0017683815487439247,0.0017710169906943,False,2.6354419503753484e-06
2025-09-29,SOBTI_5_ET,ASIA_AFTERNOON_LIT,TRAINABLE,UP,UP,0.0030254885613461013,0.0030281103018672,False,2.621740521098828e-06
2025-09-29,SOBTI_5_ET,EUROPE_LIT,TRAINABLE,UP,UP,0.004142913526808734,0.0041429135268087,False,3.382710778154774e-17
2025-09-29,SOBTI_5_ET,NY_LONDON_LIT,TRAINABLE,UP,UP,0.0005882873549456491,0.0005856843135518,False,2.603041393849071e-06
2025-09-29,SOBTI_5_ET,US_LATE_LIT,TRAINABLE,UP,UP,0.00255469040638312,0.0025572919241085,False,2.601517725380007e-06
2025-09-30,SOBTI_5_ET,ASIA_MORNING_LIT,TRAINABLE,UP,UP,0.004406109389839541,0.0044035145079845,False,2.5948818550411076e-06
2025-09-30,SOBTI_5_ET,ASIA_AFTERNOON_LIT,TRAINABLE,DOWN,DOWN,-0.004105769999509845,-0.0041031909982539,False,2.57900125594495e-06
2025-09-30,SOBTI_5_ET,EUROPE_LIT,TRAINABLE,DOWN,DOWN,-0.008703736313821375,-0.0087037363138213,False,7.45931094670027e-17
2025-09-30,SOBTI_5_ET,NY_LONDON_LIT,TRAINABLE,UP,UP,0.007782233310257514,0.007779620945937,False,2.612364320513788e-06
2025-09-30,SOBTI_5_ET,US_LATE_LIT,TRAINABLE,UP,UP,0.003758687103555758,0.0037560949055532,False,2.5921980025579716e-06
2025-10-01,SOBTI_5_ET,ASIA_MORNING_LIT,TRAINABLE,UP,UP,0.0002350073084691484,0.0002324248105738,False,2.5824978953484007e-06
2025-10-01,SOBTI_5_ET,ASIA_AFTERNOON_LIT,TRAINABLE,UP,UP,0.0015329586101175963,0.0015355393485183,False,2.5807384007037193e-06
2025-10-01,SOBTI_5_ET,EUROPE_LIT,TRAINABLE,UP,UP,0.0033601232732340947,0.0034760784475407,False,0.00011595517430660522
2025-10-01,SOBTI_5_ET,NY_LONDON_LIT,TRAINABLE,DOWN,DOWN,-0.005469532393498233,-0.0054489895488278,False,2.0542844670433554e-05
2025-10-01,SOBTI_5_ET,US_LATE_LIT,TRAINABLE,DOWN,DOWN,-0.0033616656511097354,-0.0033616656511097,False,3.5561831257524545e-17
2025-10-02,SOBTI_5_ET,ASIA_MORNING_LIT,TRAINABLE,UP,UP,0.00384190919312144,0.0038393185598151,False,2.590633306339893e-06
2025-10-02,SOBTI_5_ET,ASIA_AFTERNOON_LIT,TRAINABLE,DOWN,DOWN,-0.0006246741111300969,-0.0006272554091099,False,2.5812979798031394e-06
2025-10-02,SOBTI_5_ET,EUROPE_LIT,TRAINABLE,UP,UP,0.004749986439679832,0.0047499864396798,False,3.209238430557093e-17
2025-10-02,SOBTI_5_ET,NY_LONDON_LIT,TRAINABLE,DOWN,DOWN,-0.008082303765057919,-0.0080360310335786,False,4.627273147931807e-05
2025-10-02,SOBTI_5_ET,US_LATE_LIT,TRAINABLE,UP,UP,0.00023064643197745482,0.0002306464319774,False,5.4833524873454387e-17
2025-10-03,SOBTI_5_ET,ASIA_MORNING_LIT,TRAINABLE,DOWN,DOWN,-0.0035366267576257826,-0.0035392176929793,False,2.590935353517527e-06
2025-10-03,SOBTI_5_ET,ASIA_AFTERNOON_LIT,TRAINABLE,UP,UP,0.0025069608997059234,0.0025069608997059,False,2.3418766925686896e-17
2025-10-03,SOBTI_5_ET,EUROPE_LIT,TRAINABLE,UP,UP,3.620443090524006e-05,3.8790461684090616e-05,False,2.5860307788505565e-06
2025-10-03,SOBTI_5_ET,NY_LONDON_LIT,TRAINABLE,UP,UP,0.004783971368577777,0.0047374246201268,False,4.654674845097715e-05
2025-10-03,SOBTI_5_ET,US_LATE_LIT,NOT_ELIGIBLE_WEEKLY_CLOSE_FRIDAY,UP,UP,0.0010346425078497923,0.0010346425078497,False,9.237402509576498e-17
2025-10-06,SOBTI_5_ET,ASIA_MORNING_LIT,TRAINABLE,UP,UP,0.005183362072935571,0.0051859204944917,False,2.558421556129141e-06
2025-10-06,SOBTI_5_ET,ASIA_AFTERNOON_LIT,TRAINABLE,DOWN,DOWN,-0.0011155536061537852,-0.0011180889552586,False,2.535349104814842e-06
2025-10-06,SOBTI_5_ET,EUROPE_LIT,TRAINABLE,UP,UP,0.0020508551152083054,0.0020483169281844,False,2.538187023905323e-06
2025-10-06,SOBTI_5_ET,NY_LONDON_LIT,TRAINABLE,UP,UP,0.005957612800761902,0.0059550798021221,False,2.5329986398023308e-06
2025-10-06,SOBTI_5_ET,US_LATE_LIT,TRAINABLE,UP,UP,0.001563680314246918,0.0015611623105202,False,2.5180037267179007e-06
2025-10-07,SOBTI_5_ET,ASIA_MORNING_LIT,TRAINABLE,DOWN,DOWN,-0.00104334271922768,-0.0010408286403861,False,2.5140788415800846e-06
2025-10-07,SOBTI_5_ET,ASIA_AFTERNOON_LIT,TRAINABLE,DOWN,DOWN,-0.0038156034790657323,-0.0037854207224746,False,3.0182756591132318e-05
2025-10-07,SOBTI_5_ET,EUROPE_LIT,TRAINABLE,UP,UP,0.004117927755741935,0.0041204525428393,False,2.5247870973649916e-06
2025-10-07,SOBTI_5_ET,NY_LONDON_LIT,TRAINABLE,UP,UP,0.004161375894192965,0.0042141788511584,False,5.280295696543508e-05
2025-10-07,SOBTI_5_ET,US_LATE_LIT,TRAINABLE,UP,UP,0.0033026107901978907,0.0033026107901978,False,9.063930161978817e-17
2025-10-08,SOBTI_5_ET,ASIA_MORNING_LIT,TRAINABLE,UP,UP,0.0034988769653105933,0.0034963813326678,False,2.4956326427935487e-06
2025-10-08,SOBTI_5_ET,ASIA_AFTERNOON_LIT,TRAINABLE,UP,UP,0.0014251287811686275,0.001410283689698,False,1.4845091470627606e-05
2025-10-08,SOBTI_5_ET,EUROPE_LIT,TRAINABLE,UP,UP,0.0010500464491134398,0.0010451050540589,False,4.9413950545397056e-06
2025-10-08,SOBTI_5_ET,NY_LONDON_LIT,TRAINABLE,UP,UP,0.002090496017691512,0.002092964135776,False,2.4681180844877623e-06
2025-10-08,SOBTI_5_ET,US_LATE_LIT,TRAINABLE,DOWN,DOWN,-0.003773259608635171,-0.0037732596086351,False,7.112366251504909e-17
2025-10-09,SOBTI_5_ET,ASIA_MORNING_LIT,TRAINABLE,UP,UP,4.944583579535866e-05,4.697354400562404e-05,False,2.4722917897346196e-06
2025-10-09,SOBTI_5_ET,ASIA_AFTERNOON_LIT,TRAINABLE,DOWN,DOWN,-0.002743764899037715,-0.0026969261451458,False,4.683875389191504e-05
2025-10-09,SOBTI_5_ET,EUROPE_LIT,TRAINABLE,UP,UP,0.003327128954673242,0.0033246570906655,False,2.4718640077420716e-06
2025-10-09,SOBTI_5_ET,NY_LONDON_LIT,TRAINABLE,DOWN,DOWN,-0.019458090456223043,-0.019458090456223,False,4.163336342344337e-17
2025-10-09,SOBTI_5_ET,US_LATE_LIT,TRAINABLE,UP,UP,0.0065025125628142,0.0065025125628142,False,0.0
2025-10-10,SOBTI_5_ET,ASIA_MORNING_LIT,TRAINABLE,DOWN,DOWN,-0.006507933337993155,-0.0065104296683874,False,2.496330394245218e-06
2025-10-10,SOBTI_5_ET,ASIA_AFTERNOON_LIT,TRAINABLE,DOWN,DOWN,-0.0020554984583762703,-0.0020580112926773,False,2.5128343010298246e-06
2025-10-10,SOBTI_5_ET,EUROPE_LIT,TRAINABLE,UP,UP,0.005761221540119488,0.0057637395565268,False,2.5180164073121056e-06
2025-10-10,SOBTI_5_ET,NY_LONDON_LIT,TRAINABLE,UP,UP,0.004831921727875166,0.0048319217278751,False,6.591949208711867e-17
2025-10-10,SOBTI_5_ET,US_LATE_LIT,NOT_ELIGIBLE_WEEKLY_CLOSE_FRIDAY,DOWN,DOWN,-0.009946257322035024,-0.009946257322035,False,2.42861286636753e-17
2025-10-13,SOBTI_5_ET,ASIA_MORNING_LIT,TRAINABLE,UP,UP,0.0012261930660759646,0.0012237209026362,False,2.4721634397646512e-06
2025-10-13,SOBTI_5_ET,ASIA_AFTERNOON_LIT,TRAINABLE,UP,UP,0.0010873753997884261,0.0010898299717969,False,2.4545720084738314e-06
2025-10-13,SOBTI_5_ET,EUROPE_LIT,TRAINABLE,UP,UP,0.0010224422393692034,0.0010224422393692,False,3.469446951953614e-18
2025-10-13,SOBTI_5_ET,NY_LONDON_LIT,TRAINABLE,UP,UP,0.007433915309701611,0.0074339153097016,False,1.1275702593849246e-17
2025-10-13,SOBTI_5_ET,US_LATE_LIT,TRAINABLE,UP,UP,0.006569430025358702,0.0065669987041059,False,2.4313212528019254e-06
2025-10-14,SOBTI_5_ET,ASIA_MORNING_LIT,TRAINABLE,UP,UP,0.00802657004830909,0.008026570048309,False,9.020562075079397e-17
2025-10-14,SOBTI_5_ET,ASIA_AFTERNOON_LIT,TRAINABLE,DOWN,DOWN,-0.013047012632216193,-0.0130446287453842,False,2.3838868319931567e-06
2025-10-14,SOBTI_5_ET,EUROPE_LIT,TRAINABLE,DOWN,DOWN,-0.00012318513276199372,-0.000125600527522,False,2.4153947600062827e-06
2025-10-14,SOBTI_5_ET,NY_LONDON_LIT,TRAINABLE,UP,UP,0.00555610579791721,0.0055561057979172,False,1.0408340855860843e-17
2025-10-14,SOBTI_5_ET,US_LATE_LIT,TRAINABLE,UP,UP,0.003673193852865575,0.0036900103060832,False,1.6816453217625114e-05
2025-10-15,SOBTI_5_ET,ASIA_MORNING_LIT,TRAINABLE,UP,UP,0.005457221843248483,0.0054572218432484,False,8.326672684688674e-17
2025-10-15,SOBTI_5_ET,ASIA_AFTERNOON_LIT,TRAINABLE,UP,UP,0.0026710875583930704,0.002671087558393,False,7.025630077706069e-17
2025-10-15,SOBTI_5_ET,EUROPE_LIT,TRAINABLE,UP,UP,0.0017767719682790784,0.001776771968279,False,7.827939685345342e-17
2025-10-15,SOBTI_5_ET,NY_LONDON_LIT,TRAINABLE,DOWN,DOWN,-0.0014231588917831273,-0.0014255268766281,False,2.3679848449727984e-06
2025-10-15,SOBTI_5_ET,US_LATE_LIT,TRAINABLE,UP,UP,0.00798438693093173,0.0079843869309317,False,3.122502256758253e-17
2025-10-16,SOBTI_5_ET,ASIA_MORNING_LIT,TRAINABLE,UP,UP,0.001940879630174308,0.001738557632362,False,0.00020232199781230814
2025-10-16,SOBTI_5_ET,ASIA_AFTERNOON_LIT,TRAINABLE,UP,UP,0.0012555504516920113,0.0012531948223268,False,2.355629365211314e-06
2025-10-16,SOBTI_5_ET,EUROPE_LIT,TRAINABLE,UP,UP,0.0018844974791021318,0.0018821447981047,False,2.3526809974317928e-06
2025-10-16,SOBTI_5_ET,NY_LONDON_LIT,TRAINABLE,UP,UP,0.01209824185681696,0.012100590118047,False,2.3482612300403105e-06
2025-10-16,SOBTI_5_ET,US_LATE_LIT,TRAINABLE,UP,UP,0.01952668213457076,0.0195266821345707,False,6.245004513516506e-17
2025-10-17,SOBTI_5_ET,ASIA_MORNING_LIT,TRAINABLE,DOWN,DOWN,-0.0010718772188541559,-0.0010718772188541,False,5.594483210025203e-17
2025-10-17,SOBTI_5_ET,ASIA_AFTERNOON_LIT,TRAINABLE,DOWN,DOWN,-0.0032106115817992498,-0.0032151495486991,False,4.53796689985032e-06
2025-10-17,SOBTI_5_ET,EUROPE_LIT,TRAINABLE,DOWN,DOWN,-0.01941230432338048,-0.0194145806254822,False,2.276302101721084e-06
2025-10-17,SOBTI_5_ET,NY_LONDON_LIT,TRAINABLE,DOWN,DOWN,-0.012008449788755371,-0.0120107711592923,False,2.321370536928838e-06
2025-10-17,SOBTI_5_ET,US_LATE_LIT,NOT_ELIGIBLE_WEEKLY_CLOSE_FRIDAY,DOWN,DOWN,-0.003139053490787358,-0.0031390534907873,False,5.811323644522304e-17
2025-10-20,SOBTI_5_ET,ASIA_MORNING_LIT,TRAINABLE,UP,UP,0.002216182607794437,0.0022161826077944,False,3.686287386450715e-17
2025-10-20,SOBTI_5_ET,ASIA_AFTERNOON_LIT,TRAINABLE,DOWN,DOWN,-0.0012979531373080722,-0.001297953137308,False,7.22078646875346e-17
2025-10-20,SOBTI_5_ET,EUROPE_LIT,TRAINABLE,UP,UP,0.0051420539491868755,0.0051444083694933,False,2.3544203064246316e-06
2025-10-20,SOBTI_5_ET,NY_LONDON_LIT,TRAINABLE,UP,UP,0.0205894340365127,0.0205894340365127,False,0.0
2025-10-20,SOBTI_5_ET,US_LATE_LIT,TRAINABLE,UP,UP,0.003382999623601002,0.0033807045085241,False,2.295115076901815e-06
2025-10-21,SOBTI_5_ET,ASIA_MORNING_LIT,TRAINABLE,DOWN,DOWN,-0.0031177018214424423,-0.0031177018214424,False,4.2500725161431774e-17
2025-10-21,SOBTI_5_ET,ASIA_AFTERNOON_LIT,TRAINABLE,DOWN,DOWN,-0.0010793806015930718,-0.001079380601593,False,7.177418381854039e-17
2025-10-21,SOBTI_5_ET,EUROPE_LIT,TRAINABLE,DOWN,DOWN,-0.017062482394935352,-0.016933186181929,False,0.0001292962130063531
2025-10-21,SOBTI_5_ET,NY_LONDON_LIT,TRAINABLE,DOWN,DOWN,-0.03242519611066752,-0.032446333787402,False,2.1137676734478417e-05
2025-10-21,SOBTI_5_ET,US_LATE_LIT,TRAINABLE,DOWN,DOWN,-0.009610039687837468,-0.009607612297161,False,2.427390676467897e-06
2025-10-22,SOBTI_5_ET,ASIA_MORNING_LIT,TRAINABLE,UP,UP,0.010249824145174058,0.0102522750835156,False,2.4509383415426828e-06
2025-10-22,SOBTI_5_ET,ASIA_AFTERNOON_LIT,TRAINABLE,UP,UP,0.0007306328051717159,0.0007137534994416,False,1.6879305730115946e-05
2025-10-22,SOBTI_5_ET,EUROPE_LIT,TRAINABLE,DOWN,DOWN,-0.026158720979265415,-0.0261563113697426,False,2.409609522815992e-06
2025-10-22,SOBTI_5_ET,NY_LONDON_LIT,TRAINABLE,UP,UP,0.008848199925770128,0.0088506742546083,False,2.474328838172543e-06
2025-10-22,SOBTI_5_ET,US_LATE_LIT,TRAINABLE,UP,UP,0.0017977715481192202,0.0017977715481192,False,2.0166160408230382e-17
2025-10-23,SOBTI_5_ET,ASIA_MORNING_LIT,TRAINABLE,UP,UP,0.004776477500856746,0.0047764775008567,False,4.597017211338539e-17
2025-10-23,SOBTI_5_ET,ASIA_AFTERNOON_LIT,TRAINABLE,UP,UP,0.0056379039113569895,0.0055353077396598,False,0.00010259617169718939
2025-10-23,SOBTI_5_ET,EUROPE_LIT,TRAINABLE,DOWN,DOWN,-0.00021620938786026667,-0.0002915182757665,False,7.530888790623335e-05
2025-10-23,SOBTI_5_ET,NY_LONDON_LIT,TRAINABLE,UP,UP,0.006398262044430503,0.0063958320170685,False,2.4300273620027346e-06
2025-10-23,SOBTI_5_ET,US_LATE_LIT,TRAINABLE,DOWN,DOWN,-0.002957865507666302,-0.0029554509235784,False,2.4145840879018048e-06
2025-10-24,SOBTI_5_ET,ASIA_MORNING_LIT,TRAINABLE,DOWN,DOWN,-0.0025234545657091267,-0.0025258763071349,False,2.421741425773054e-06
2025-10-24,SOBTI_5_ET,ASIA_AFTERNOON_LIT,TRAINABLE,DOWN,DOWN,-0.006144071919207628,-0.0061440719192076,False,2.7755575615628914e-17
2025-10-24,SOBTI_5_ET,EUROPE_LIT,TRAINABLE,DOWN,DOWN,-0.005993607471329043,-0.005993607471329,False,4.336808689942018e-17
2025-10-24,SOBTI_5_ET,NY_LONDON_LIT,TRAINABLE,UP,UP,0.008856268450559313,0.0088538063242176,False,2.4621263417130834e-06
2025-10-24,SOBTI_5_ET,US_LATE_LIT,NOT_ELIGIBLE_WEEKLY_CLOSE_FRIDAY,UP,UP,0.0056400381697088164,0.0056400381697088,False,1.6479873021779667e-17
2025-10-27,SOBTI_5_ET,ASIA_MORNING_LIT,TRAINABLE,DOWN,DOWN,-0.0017010345917884973,-0.0016985835332987,False,2.4510584897973094e-06
2025-10-27,SOBTI_5_ET,ASIA_AFTERNOON_LIT,TRAINABLE,DOWN,DOWN,-0.0018508517845745587,-0.0018508517845745,False,5.876375774871434e-17
2025-10-27,SOBTI_5_ET,EUROPE_LIT,TRAINABLE,DOWN,DOWN,-0.010432190760059634,-0.0104321907600596,False,3.469446951953614e-17
2025-10-27,SOBTI_5_ET,NY_LONDON_LIT,TRAINABLE,DOWN,DOWN,-0.0059371147958170445,-0.005937114795817,False,4.423544863740858e-17
2025-10-27,SOBTI_5_ET,US_LATE_LIT,TRAINABLE,UP,UP,5.500068750863285e-05,3.0000375004668456e-05,False,2.5000312503964395e-05
2025-10-28,SOBTI_5_ET,ASIA_MORNING_LIT,TRAINABLE,DOWN,DOWN,-0.0030774461446924084,-0.0030799461009433,False,2.4999562508913956e-06
2025-10-28,SOBTI_5_ET,ASIA_AFTERNOON_LIT,TRAINABLE,DOWN,DOWN,-0.010856022411783739,-0.0109139144858553,False,5.7892074071561744e-05
2025-10-28,SOBTI_5_ET,EUROPE_LIT,TRAINABLE,UP,UP,0.00046061253833129534,0.000463157358985,False,2.5448206537046544e-06
2025-10-28,SOBTI_5_ET,NY_LONDON_LIT,TRAINABLE,UP,UP,0.0078038953341965644,0.0078038953341965,False,6.418476861114186e-17
2025-10-28,SOBTI_5_ET,US_LATE_LIT,TRAINABLE,UP,UP,0.004785401496699926,0.0048081170101335,False,2.2715513433573843e-05
2025-10-29,SOBTI_5_ET,ASIA_MORNING_LIT,TRAINABLE,DOWN,DOWN,-0.003991359172088038,-0.003991359172088,False,3.8163916471489756e-17
2025-10-29,SOBTI_5_ET,ASIA_AFTERNOON_LIT,TRAINABLE,UP,UP,0.009197932232139161,0.0092206494083437,False,2.271717620453903e-05
2025-10-29,SOBTI_5_ET,EUROPE_LIT,TRAINABLE,UP,UP,0.004969624514479909,0.0049721255836869,False,2.5010692069910717e-06
2025-10-29,SOBTI_5_ET,NY_LONDON_LIT,TRAINABLE,DOWN,DOWN,-0.008730342419559167,-0.0087303424195591,False,6.765421556309548e-17
2025-10-29,SOBTI_5_ET,US_LATE_LIT,TRAINABLE,DOWN,DOWN,-0.006971974020170246,-0.0069694634065512,False,2.5106136190460385e-06
2025-10-30,SOBTI_5_ET,ASIA_MORNING_LIT,TRAINABLE,DOWN,DOWN,-0.0044041837217122515,-0.004406711955766,False,2.52823405374851e-06
2025-10-30,SOBTI_5_ET,ASIA_AFTERNOON_LIT,TRAINABLE,UP,UP,0.005100633086022155,0.0051816356958251,False,8.100260980294528e-05
2025-10-30,SOBTI_5_ET,EUROPE_LIT,TRAINABLE,UP,UP,0.0012742510627152814,0.0012717327799827,False,2.5182827325814523e-06
2025-10-30,SOBTI_5_ET,NY_LONDON_LIT,TRAINABLE,UP,UP,0.008656919876961933,0.0086594349611797,False,2.515084217767985e-06
2025-10-30,SOBTI_5_ET,US_LATE_LIT,TRAINABLE,UP,UP,0.0035083432241849177,0.0035083432241849,False,1.7780915628762273e-17
2025-10-31,SOBTI_5_ET,ASIA_MORNING_LIT,TRAINABLE,DOWN,DOWN,-0.0065598047961118455,-0.0065573200215679,False,2.48477454394512e-06
2025-10-31,SOBTI_5_ET,ASIA_AFTERNOON_LIT,TRAINABLE,UP,UP,0.005450878363686851,0.0056208278037284,False,0.00016994944004154917
2025-10-31,SOBTI_5_ET,EUROPE_LIT,TRAINABLE,DOWN,DOWN,-0.003993856370287818,-0.0039938563702878,False,1.8214596497756474e-17
2025-10-31,SOBTI_5_ET,NY_LONDON_LIT,TRAINABLE,DOWN,DOWN,-0.001170273554562451,-0.001172768807344,False,2.4952527815490927e-06
2025-10-31,SOBTI_5_ET,US_LATE_LIT,NOT_ELIGIBLE_WEEKLY_CLOSE_FRIDAY,DOWN,DOWN,-0.00021484370120727903,-0.0002123455186351,False,2.4981825721790297e-06
2025-11-03,SOBTI_5_ET,ASIA_MORNING_LIT,TRAINABLE,UP,UP,0.0010881447257500287,0.0010856432436217,False,2.501482128328819e-06
2025-11-03,SOBTI_5_ET,ASIA_AFTERNOON_LIT,TRAINABLE,DOWN,DOWN,-0.00027161724395718956,-0.0003538499875405,False,8.223274358331044e-05
2025-11-03,SOBTI_5_ET,EUROPE_LIT,TRAINABLE,DOWN,DOWN,-0.0005259772957288966,-0.0004237731766535,False,0.00010220411907539662
2025-11-03,SOBTI_5_ET,NY_LONDON_LIT,TRAINABLE,DOWN,DOWN,-0.0028130517621475226,-0.0028130517621475,False,2.2551405187698492e-17
2025-11-03,SOBTI_5_ET,US_LATE_LIT,TRAINABLE,DOWN,DOWN,-0.003603761316460674,-0.0036012604411543,False,2.500875306374155e-06
2025-11-04,SOBTI_5_ET,ASIA_MORNING_LIT,TRAINABLE,UP,UP,0.001204758797249239,0.0012047587972492,False,3.903127820947816e-17
2025-11-04,SOBTI_5_ET,ASIA_AFTERNOON_LIT,TRAINABLE,UP,UP,0.005482688103800815,0.0054801696434867,False,2.5184603141149148e-06
2025-11-04,SOBTI_5_ET,EUROPE_LIT,TRAINABLE,DOWN,DOWN,-0.0031459458376331684,-0.0032661730670967,False,0.0001202272294635316
2025-11-04,SOBTI_5_ET,NY_LONDON_LIT,TRAINABLE,DOWN,DOWN,-0.011024275016334073,-0.0109614514750967,False,6.282354123737267e-05
2025-11-04,SOBTI_5_ET,US_LATE_LIT,TRAINABLE,DOWN,DOWN,-0.0023146618967524457,-0.0023146618967524,False,4.5536491244391186e-17
2025-11-05,SOBTI_5_ET,ASIA_MORNING_LIT,TRAINABLE,UP,UP,0.007815782838894059,0.0078183295260361,False,2.546687142042023e-06
2025-11-05,SOBTI_5_ET,ASIA_AFTERNOON_LIT,TRAINABLE,UP,UP,0.00356594084227968,0.0035659408422796,False,8.023096076392733e-17
2025-11-05,SOBTI_5_ET,EUROPE_LIT,TRAINABLE,DOWN,DOWN,-0.0013321615012881205,-0.0012969058093824,False,3.525569190572053e-05
2025-11-05,SOBTI_5_ET,NY_LONDON_LIT,TRAINABLE,UP,UP,0.003978980493413609,0.0039764589595141,False,2.521533899508925e-06
2025-11-05,SOBTI_5_ET,US_LATE_LIT,TRAINABLE,DOWN,DOWN,-0.0027426091455466928,-0.0027451206923833,False,2.5115468366074256e-06
2025-11-06,SOBTI_5_ET,ASIA_MORNING_LIT,TRAINABLE,UP,UP,0.0028861555199612976,0.0028861555199612,False,9.75781955236954e-17
2025-11-06,SOBTI_5_ET,ASIA_AFTERNOON_LIT,TRAINABLE,UP,UP,0.007982457682675914,0.0079799458961176,False,2.511786558313453e-06
2025-11-06,SOBTI_5_ET,EUROPE_LIT,TRAINABLE,DOWN,DOWN,-0.0023423872414652935,-0.0023448791427859,False,2.4919013206065564e-06
2025-11-06,SOBTI_5_ET,NY_LONDON_LIT,TRAINABLE,DOWN,DOWN,-0.00356929655634064,-0.0035667987980787,False,2.4977582619399585e-06
2025-11-06,SOBTI_5_ET,US_LATE_LIT,TRAINABLE,UP,UP,0.002178321564380914,0.0021783215643809,False,1.3877787807814457e-17
2025-11-07,SOBTI_5_ET,ASIA_MORNING_LIT,TRAINABLE,DOWN,DOWN,-0.0017558779389694745,-0.0017533766883441,False,2.501250625374426e-06
2025-11-07,SOBTI_5_ET,ASIA_AFTERNOON_LIT,TRAINABLE,UP,UP,0.0020239669752715184,0.0020239669752715,False,1.8214596497756474e-17
2025-11-07,SOBTI_5_ET,EUROPE_LIT,TRAINABLE,DOWN,DOWN,-0.002102373857568507,-0.0021023738575685,False,6.938893903907228e-18
2025-11-07,SOBTI_5_ET,NY_LONDON_LIT,TRAINABLE,UP,UP,0.00302618097464058,0.0030286860913415,False,2.5051167009200632e-06
2025-11-07,SOBTI_5_ET,US_LATE_LIT,NOT_ELIGIBLE_WEEKLY_CLOSE_FRIDAY,DOWN,DOWN,-0.001078942636216551,-0.0010764450838178,False,2.4975523987510496e-06
2025-11-10,SOBTI_5_ET,ASIA_MORNING_LIT,TRAINABLE,UP,UP,0.003998017102491147,0.0039980171024911,False,4.683753385137379e-17
2025-11-10,SOBTI_5_ET,ASIA_AFTERNOON_LIT,TRAINABLE,UP,UP,0.0014025073195651494,0.001306714350278,False,9.579296928714938e-05
2025-11-10,SOBTI_5_ET,EUROPE_LIT,TRAINABLE,UP,UP,0.004574890840406187,0.0045748908404061,False,8.760353553682876e-17
2025-11-10,SOBTI_5_ET,NY_LONDON_LIT,TRAINABLE,UP,UP,0.002712899090409504,0.0027153409437763,False,2.4418533667957924e-06
2025-11-10,SOBTI_5_ET,US_LATE_LIT,TRAINABLE,UP,UP,0.0053672708499235,0.0053721413316385,False,4.870481715000055e-06
2025-11-11,SOBTI_5_ET,ASIA_MORNING_LIT,TRAINABLE,UP,UP,0.0013370700241979172,0.0013370700241979,False,1.713039432527097e-17
2025-11-11,SOBTI_5_ET,ASIA_AFTERNOON_LIT,TRAINABLE,UP,UP,0.0009652416014280796,0.0008924846967977,False,7.27569046303796e-05
2025-11-11,SOBTI_5_ET,EUROPE_LIT,TRAINABLE,UP,UP,0.0022354179791614914,0.0022162393990792,False,1.9178580082291567e-05
2025-11-11,SOBTI_5_ET,NY_LONDON_LIT,TRAINABLE,DOWN,DOWN,-0.0046328219686189165,-0.0046275223496561,False,5.299618962816173e-06
2025-11-11,SOBTI_5_ET,US_LATE_LIT,TRAINABLE,UP,UP,0.0034921199817155024,0.0034717095199205,False,2.041046179500263e-05
2025-11-12,SOBTI_5_ET,ASIA_MORNING_LIT,TRAINABLE,DOWN,DOWN,-0.005228742368357353,-0.0052359192871465,False,7.176918789146558e-06
2025-11-12,SOBTI_5_ET,ASIA_AFTERNOON_LIT,TRAINABLE,UP,UP,0.0031930467781038363,0.0031772598968504,False,1.5786881253436382e-05
2025-11-12,SOBTI_5_ET,EUROPE_LIT,TRAINABLE,UP,UP,0.00047014204757522826,0.0004850093672832,False,1.4867319707971745e-05
2025-11-12,SOBTI_5_ET,NY_LONDON_LIT,TRAINABLE,UP,UP,0.01555655973890957,0.0155636387497761,False,7.079010866530011e-06
2025-11-12,SOBTI_5_ET,US_LATE_LIT,TRAINABLE,DOWN,DOWN,-0.0004481923063673898,-0.0004878246469771,False,3.96323406097102e-05
2025-11-13,SOBTI_5_ET,ASIA_MORNING_LIT,TRAINABLE,UP,UP,0.0037571097227819816,0.0036804680864921,False,7.664163628988158e-05
2025-11-13,SOBTI_5_ET,ASIA_AFTERNOON_LIT,TRAINABLE,UP,UP,0.006070849034550019,0.0060487672876046,False,2.2081746945418895e-05
2025-11-13,SOBTI_5_ET,EUROPE_LIT,TRAINABLE,UP,UP,0.0013800478904189006,0.0014274651516941,False,4.7417261275199294e-05
2025-11-13,SOBTI_5_ET,NY_LONDON_LIT,TRAINABLE,DOWN,DOWN,-0.019978407616531135,-0.0199490394596283,False,2.9368156902836312e-05
2025-11-13,SOBTI_5_ET,US_LATE_LIT,TRAINABLE,UP,UP,0.007799138408746797,0.0077707525264307,False,2.8385882316097483e-05
2025-11-14,SOBTI_5_ET,ASIA_MORNING_LIT,TRAINABLE,UP,UP,0.002001625591441014,0.002015569487185,False,1.3943895743985697e-05
2025-11-14,SOBTI_5_ET,ASIA_AFTERNOON_LIT,TRAINABLE,UP,UP,0.0004699099237528426,0.0004520798247664,False,1.783009898644256e-05
2025-11-14,SOBTI_5_ET,EUROPE_LIT,TRAINABLE,DOWN,DOWN,-0.015133070496874068,-0.0151696577487132,False,3.6587251839132265e-05
2025-11-14,SOBTI_5_ET,NY_LONDON_LIT,TRAINABLE,DOWN,DOWN,-0.00502004182544169,-0.0050486463016699,False,2.8604476228210295e-05
2025-11-14,SOBTI_5_ET,US_LATE_LIT,NOT_ELIGIBLE_WEEKLY_CLOSE_FRIDAY,DOWN,DOWN,-0.0031097744936062766,-0.0031320329754461,False,2.225848183982351e-05
2025-11-17,SOBTI_5_ET,ASIA_MORNING_LIT,TRAINABLE,DOWN,DOWN,-0.0019259394209308889,-0.0019436424493515,False,1.7703028420611123e-05
2025-11-17,SOBTI_5_ET,ASIA_AFTERNOON_LIT,TRAINABLE,UP,UP,0.004554491260567284,0.0045498149893594,False,4.676271207883741e-06
2025-11-17,SOBTI_5_ET,EUROPE_LIT,TRAINABLE,DOWN,DOWN,-0.000625445830660154,-0.0006037114539045,False,2.173437675565405e-05
2025-11-17,SOBTI_5_ET,NY_LONDON_LIT,TRAINABLE,DOWN,DOWN,-0.005600761148490174,-0.0056289243035605,False,2.8163155070325824e-05
2025-11-17,SOBTI_5_ET,US_LATE_LIT,TRAINABLE,DOWN,DOWN,-0.007466663616138125,-0.0074747994549629,False,8.135838824774658e-06
2025-11-18,SOBTI_5_ET,ASIA_MORNING_LIT,TRAINABLE,DOWN,DOWN,-0.0022308411610832968,-0.0022381167177185,False,7.2755566352033715e-06
2025-11-18,SOBTI_5_ET,ASIA_AFTERNOON_LIT,TRAINABLE,UP,UP,0.002071680712692814,0.002025353381734,False,4.632733095881383e-05
2025-11-18,SOBTI_5_ET,EUROPE_LIT,TRAINABLE,UP,UP,0.0020243027463462404,0.0020402916078952,False,1.5988861548959545e-05
2025-11-18,SOBTI_5_ET,NY_LONDON_LIT,TRAINABLE,UP,UP,0.011235546920166595,0.0112143007922629,False,2.1246127903695386e-05
2025-11-18,SOBTI_5_ET,US_LATE_LIT,TRAINABLE,DOWN,DOWN,-0.004385827971251088,-0.0043625429382816,False,2.3285032969488743e-05
2025-11-19,SOBTI_5_ET,ASIA_MORNING_LIT,TRAINABLE,UP,UP,0.004259887676854923,0.0042719163638909,False,1.2028687035976586e-05
2025-11-19,SOBTI_5_ET,ASIA_AFTERNOON_LIT,TRAINABLE,DOWN,DOWN,-0.0012286505149330385,-0.0011913280484241,False,3.732246650893847e-05
2025-11-19,SOBTI_5_ET,EUROPE_LIT,TRAINABLE,UP,UP,0.006703909255997065,0.0067022750315282,False,1.6342244688648602e-06
2025-11-19,SOBTI_5_ET,NY_LONDON_LIT,TRAINABLE,DOWN,DOWN,-0.010794868237123056,-0.0107771766996931,False,1.7691537429956675e-05
2025-11-19,SOBTI_5_ET,US_LATE_LIT,TRAINABLE,UP,UP,0.0032587908621914963,0.0032376269792746,False,2.1163882916896103e-05
2025-11-20,SOBTI_5_ET,ASIA_MORNING_LIT,TRAINABLE,DOWN,DOWN,-0.0013827218215519688,-0.001413717514326,False,3.099569277403131e-05
2025-11-20,SOBTI_5_ET,ASIA_AFTERNOON_LIT,TRAINABLE,DOWN,DOWN,-0.004635800181634009,-0.0045826906411807,False,5.310954045330881e-05
2025-11-20,SOBTI_5_ET,EUROPE_LIT,TRAINABLE,UP,UP,0.008831966651758005,0.0088889214894676,False,5.6954837709594086e-05
2025-11-20,SOBTI_5_ET,NY_LONDON_LIT,TRAINABLE,UP,UP,0.0016309386103778856,0.0015966941967811,False,3.4244413596785624e-05
2025-11-20,SOBTI_5_ET,US_LATE_LIT,TRAINABLE,DOWN,DOWN,-0.0040551919972456885,-0.0040711635637652,False,1.59715665195119e-05
2025-11-21,SOBTI_5_ET,ASIA_MORNING_LIT,TRAINABLE,DOWN,DOWN,-0.0023343306360159577,-0.0023539724661498,False,1.964183013384224e-05
2025-11-21,SOBTI_5_ET,ASIA_AFTERNOON_LIT,TRAINABLE,UP,UP,0.002667740360675852,0.0026562005383095,False,1.153982236635218e-05
2025-11-21,SOBTI_5_ET,EUROPE_LIT,TRAINABLE,UP,UP,0.003878286656029628,0.0037824075244985,False,9.58791315311281e-05
2025-11-21,SOBTI_5_ET,NY_LONDON_LIT,TRAINABLE,UP,UP,0.0064631517590085785,0.0064216131645467,False,4.1538594461878846e-05
2025-11-21,SOBTI_5_ET,US_LATE_LIT,NOT_ELIGIBLE_WEEKLY_CLOSE_FRIDAY,DOWN,DOWN,-0.0055547939209485975,-0.0055494864479327,False,5.307473015897686e-06
2025-11-24,SOBTI_5_ET,ASIA_MORNING_LIT,TRAINABLE,UP,UP,0.0016006826754895176,0.0016065052817566,False,5.822606267082489e-06
2025-11-24,SOBTI_5_ET,ASIA_AFTERNOON_LIT,TRAINABLE,UP,UP,0.001885086520603041,0.0018751648827981,False,9.921637804940998e-06
2025-11-24,SOBTI_5_ET,EUROPE_LIT,TRAINABLE,UP,UP,0.00400060558626536,0.0039826899689852,False,1.791561728015957e-05
2025-11-24,SOBTI_5_ET,NY_LONDON_LIT,TRAINABLE,UP,UP,0.009650590461577568,0.0096401284271969,False,1.0462034380667729e-05
2025-11-24,SOBTI_5_ET,US_LATE_LIT,TRAINABLE,UP,UP,0.003939891834536802,0.0039721730516959,False,3.228121715909832e-05
2025-11-25,SOBTI_5_ET,ASIA_MORNING_LIT,TRAINABLE,UP,UP,0.00276826547622977,0.0027709503767541,False,2.6849005243302117e-06
2025-11-25,SOBTI_5_ET,ASIA_AFTERNOON_LIT,TRAINABLE,DOWN,DOWN,-0.001145454954824321,-0.0011655294781182,False,2.0074523293879066e-05
2025-11-25,SOBTI_5_ET,EUROPE_LIT,TRAINABLE,DOWN,DOWN,-0.002486711981210643,-0.0025000372954104,False,1.332531419975672e-05
2025-11-25,SOBTI_5_ET,NY_LONDON_LIT,TRAINABLE,UP,UP,0.0005216827625489362,0.0005806253812083,False,5.894261865936384e-05
2025-11-25,SOBTI_5_ET,US_LATE_LIT,TRAINABLE,UP,UP,0.004791330762065504,0.0047841527747323,False,7.177987333204482e-06
2025-11-26,SOBTI_5_ET,ASIA_MORNING_LIT,TRAINABLE,UP,UP,0.0020381984788471197,0.002044590309074,False,6.391830226880422e-06
2025-11-26,SOBTI_5_ET,ASIA_AFTERNOON_LIT,TRAINABLE,UP,UP,0.0020851455010644226,0.0020785766748048,False,6.5688262596225525e-06
2025-11-26,SOBTI_5_ET,EUROPE_LIT,TRAINABLE,DOWN,DOWN,-0.0031572361505656232,-0.0031725420164974,False,1.530586593177655e-05
2025-11-26,SOBTI_5_ET,NY_LONDON_LIT,TRAINABLE,UP,UP,0.0030294832251682724,0.0030388081411367,False,9.324915968427633e-06
2025-11-26,SOBTI_5_ET,US_LATE_LIT,TRAINABLE,DOWN,DOWN,-0.003448309260090099,-0.0034043192834405,False,4.398997664959879e-05
2025-11-27,SOBTI_5_ET,ASIA_MORNING_LIT,TRAINABLE,DOWN,DOWN,-0.0008922248071230321,-0.0009045511346403,False,1.2326327517267867e-05
2025-11-27,SOBTI_5_ET,ASIA_AFTERNOON_LIT,TRAINABLE,UP,UP,0.0021491776287334563,0.0021596757651878,False,1.0498136454343762e-05
2025-11-27,SOBTI_5_ET,EUROPE_LIT,TRAINABLE,DOWN,DOWN,-0.0020638080648270885,-0.0020798634748008,False,1.6055409973711725e-05
2025-11-27,SOBTI_5_ET,NY_LONDON_LIT,TRAINABLE,UP,UP,0.0004584089614005915,0.0004482388306068,False,1.0170130793791534e-05
2025-11-27,SOBTI_5_ET,US_LATE_LIT,TRAINABLE,UP,UP,0.007856269333740062,0.0078742989788052,False,1.8029645065137725e-05
2025-11-28,SOBTI_5_ET,ASIA_MORNING_LIT,TRAINABLE,DOWN,DOWN,-0.001514581278138527,-0.0016037555631294,False,8.917428499087294e-05
2025-11-28,SOBTI_5_ET,ASIA_AFTERNOON_LIT,TRAINABLE,DOWN,DOWN,-0.004967893334386075,-0.00496621357373,False,1.6797606560755435e-06
2025-11-28,SOBTI_5_ET,EUROPE_LIT,TRAINABLE,UP,UP,0.002995827053670519,0.0029921433930455,False,3.6836606250190834e-06
2025-11-28,SOBTI_5_ET,NY_LONDON_LIT,TRAINABLE,UP,UP,0.009661534498545121,0.0096573901737038,False,4.144324841321573e-06
2025-11-28,SOBTI_5_ET,US_LATE_LIT,NOT_ELIGIBLE_WEEKLY_CLOSE_FRIDAY,DOWN,DOWN,-0.0001936742290483684,-0.000186882885406,False,6.7913436423683825e-06
2025-12-01,SOBTI_5_ET,ASIA_MORNING_LIT,TRAINABLE,DOWN,DOWN,-0.00314771132166336,-0.0031224059871846,False,2.530533447876e-05
2025-12-01,SOBTI_5_ET,ASIA_AFTERNOON_LIT,TRAINABLE,UP,UP,0.004805338871336939,0.0047904704212609,False,1.4868450076039284e-05
2025-12-01,SOBTI_5_ET,EUROPE_LIT,TRAINABLE,DOWN,DOWN,-0.0008747735687645308,-0.0008897311052055,False,1.4957536440969132e-05
2025-12-01,SOBTI_5_ET,NY_LONDON_LIT,TRAINABLE,DOWN,DOWN,-0.0011963145952045284,-0.0012062111837192,False,9.896588514671581e-06
2025-12-01,SOBTI_5_ET,US_LATE_LIT,TRAINABLE,DOWN,DOWN,-0.005092836480632301,-0.0051300777871334,False,3.7241306501099164e-05
2025-12-02,SOBTI_5_ET,ASIA_MORNING_LIT,TRAINABLE,DOWN,DOWN,-0.0008675331734663283,-0.0008757013529597,False,8.168179493371684e-06
2025-12-02,SOBTI_5_ET,ASIA_AFTERNOON_LIT,TRAINABLE,UP,UP,0.0020052373380117228,0.0019746925492445,False,3.054478876722295e-05
2025-12-02,SOBTI_5_ET,EUROPE_LIT,TRAINABLE,DOWN,DOWN,-0.0016339309115701584,-0.0016479208056056,False,1.3989894035441658e-05
2025-12-02,SOBTI_5_ET,NY_LONDON_LIT,TRAINABLE,DOWN,DOWN,-0.0027868760157723216,-0.0028034573368262,False,1.658132105387825e-05
2025-12-02,SOBTI_5_ET,US_LATE_LIT,TRAINABLE,UP,UP,0.004387235489410113,0.0043808835651493,False,6.351924260812776e-06
2025-12-03,SOBTI_5_ET,ASIA_MORNING_LIT,TRAINABLE,UP,UP,0.0018906472103781269,0.0018866287458991,False,4.018464479026802e-06
2025-12-03,SOBTI_5_ET,ASIA_AFTERNOON_LIT,TRAINABLE,DOWN,DOWN,-0.0007866785432314449,-0.0008135639125351,False,2.6885369303655078e-05
2025-12-03,SOBTI_5_ET,EUROPE_LIT,TRAINABLE,UP,UP,0.0015207285396237058,0.0015588832150976,False,3.8154675473894145e-05
2025-12-03,SOBTI_5_ET,NY_LONDON_LIT,TRAINABLE,DOWN,DOWN,-0.0017174165398825547,-0.0016929200985925,False,2.449644129005478e-05
2025-12-03,SOBTI_5_ET,US_LATE_LIT,TRAINABLE,UP,UP,0.0008035618497910235,0.0008111063282123,False,7.544478421276507e-06
2025-12-04,SOBTI_5_ET,ASIA_MORNING_LIT,TRAINABLE,DOWN,DOWN,-0.0024450528041728425,-0.002471008249106,False,2.5955444933157407e-05
2025-12-04,SOBTI_5_ET,ASIA_AFTERNOON_LIT,TRAINABLE,UP,UP,0.002640239413751022,0.0026362490347389,False,3.990379012122191e-06
2025-12-04,SOBTI_5_ET,EUROPE_LIT,TRAINABLE,DOWN,DOWN,-0.0006768836399972944,-0.0006857400213406,False,8.856381343305578e-06
2025-12-04,SOBTI_5_ET,NY_LONDON_LIT,TRAINABLE,UP,UP,0.0036412225215312066,0.0036067438824485,False,3.447863908270657e-05
2025-12-04,SOBTI_5_ET,US_LATE_LIT,TRAINABLE,DOWN,DOWN,-0.0006546705324887991,-0.0006410441943516,False,1.3626338137199103e-05
2025-12-05,SOBTI_5_ET,ASIA_MORNING_LIT,TRAINABLE,UP,UP,0.002293372198978405,0.0022683337118805,False,2.503848709790521e-05
2025-12-05,SOBTI_5_ET,ASIA_AFTERNOON_LIT,TRAINABLE,DOWN,DOWN,-0.0007266276875450561,-0.0007479282667549,False,2.1300579209843854e-05
2025-12-05,SOBTI_5_ET,EUROPE_LIT,TRAINABLE,UP,UP,0.0010398438731973325,0.0009842836179858,False,5.5560255211532534e-05
2025-12-05,SOBTI_5_ET,NY_LONDON_LIT,TRAINABLE,DOWN,DOWN,-0.004574780880318374,-0.0046135811333595,False,3.880025304112567e-05
2025-12-05,SOBTI_5_ET,US_LATE_LIT,NOT_ELIGIBLE_WEEKLY_CLOSE_FRIDAY,DOWN,DOWN,-0.0027728180078050446,-0.0027822809018054,False,9.462894000355528e-06
2025-12-08,SOBTI_5_ET,ASIA_MORNING_LIT,TRAINABLE,UP,UP,0.002257531444418426,0.0022631647076847,False,5.633263266274346e-06
2025-12-08,SOBTI_5_ET,ASIA_AFTERNOON_LIT,TRAINABLE,DOWN,DOWN,-0.0013599824682600792,-0.0014061611907166,False,4.617872245652084e-05
2025-12-08,SOBTI_5_ET,EUROPE_LIT,TRAINABLE,UP,UP,0.0007036265059694458,0.0006855550826603,False,1.8071423309145803e-05
2025-12-08,SOBTI_5_ET,NY_LONDON_LIT,TRAINABLE,DOWN,DOWN,-0.006319924499957441,-0.0062925641837702,False,2.736031618724103e-05
2025-12-08,SOBTI_5_ET,US_LATE_LIT,TRAINABLE,UP,UP,0.0023100137488734074,0.0023200235688147,False,1.000981994129244e-05
2025-12-09,SOBTI_5_ET,ASIA_MORNING_LIT,TRAINABLE,DOWN,DOWN,-0.0007681023508404605,-0.0008056303302019,False,3.7527979361439475e-05
2025-12-09,SOBTI_5_ET,ASIA_AFTERNOON_LIT,TRAINABLE,UP,UP,0.002060743318864633,0.002048621876634,False,1.212144223063311e-05
2025-12-09,SOBTI_5_ET,EUROPE_LIT,TRAINABLE,UP,UP,0.00451793318728555,0.004534042958233,False,1.610977094745024e-05
2025-12-09,SOBTI_5_ET,NY_LONDON_LIT,TRAINABLE,UP,UP,0.0007652083288651745,0.0007562719016924,False,8.936427172774554e-06
2025-12-09,SOBTI_5_ET,US_LATE_LIT,TRAINABLE,UP,UP,0.0013881151956924853,0.0013772251755928,False,1.0890020099685316e-05
2025-12-10,SOBTI_5_ET,ASIA_MORNING_LIT,TRAINABLE,DOWN,DOWN,-0.0017498971201501679,-0.001747666585532,False,2.2305346181678617e-06
2025-12-10,SOBTI_5_ET,ASIA_AFTERNOON_LIT,TRAINABLE,DOWN,DOWN,-0.0007174033045166395,-0.0007385813495535,False,2.1178045036860478e-05
2025-12-10,SOBTI_5_ET,EUROPE_LIT,TRAINABLE,DOWN,DOWN,-0.0018848143429055497,-0.0019311050906895,False,4.629074778395026e-05
2025-12-10,SOBTI_5_ET,NY_LONDON_LIT,TRAINABLE,UP,UP,0.00046483269186858855,0.0004645586187992,False,2.740730693885705e-07
2025-12-10,SOBTI_5_ET,US_LATE_LIT,TRAINABLE,UP,UP,0.009657178025658686,0.0096353647931426,False,2.1813232516085246e-05
2025-12-11,SOBTI_5_ET,ASIA_MORNING_LIT,TRAINABLE,DOWN,DOWN,-0.006254163462793172,-0.006296965405715,False,4.280194292182772e-05
2025-12-11,SOBTI_5_ET,ASIA_AFTERNOON_LIT,TRAINABLE,UP,UP,0.0003138507235496135,0.0003096617435431,False,4.188980006513516e-06
2025-12-11,SOBTI_5_ET,EUROPE_LIT,TRAINABLE,UP,UP,0.0012775067499166681,0.0013087589672831,False,3.125221736643177e-05
2025-12-11,SOBTI_5_ET,NY_LONDON_LIT,TRAINABLE,UP,UP,0.012477811126299532,0.0124403608005845,False,3.745032571503097e-05
2025-12-11,SOBTI_5_ET,US_LATE_LIT,TRAINABLE,DOWN,DOWN,-0.00035923864773312886,-0.0003913233065586,False,3.208465882547116e-05
2025-12-12,SOBTI_5_ET,ASIA_MORNING_LIT,TRAINABLE,DOWN,DOWN,-0.0006211815175806157,-0.000648535213116,False,2.7353695535384313e-05
2025-12-12,SOBTI_5_ET,ASIA_AFTERNOON_LIT,TRAINABLE,UP,UP,0.003148902230489359,0.0031359784562716,False,1.2923774217758668e-05
2025-12-12,SOBTI_5_ET,EUROPE_LIT,TRAINABLE,UP,UP,0.007506381693333841,0.0075493278197744,False,4.294612644055885e-05
2025-12-12,SOBTI_5_ET,NY_LONDON_LIT,TRAINABLE,DOWN,DOWN,-0.007181251684859058,-0.0072427685652249,False,6.151688036584203e-05
2025-12-12,SOBTI_5_ET,US_LATE_LIT,NOT_ELIGIBLE_WEEKLY_CLOSE_FRIDAY,UP,UP,0.0015662030768039958,0.0015489581846914,False,1.7244892112595845e-05
2025-12-15,SOBTI_5_ET,ASIA_MORNING_LIT,TRAINABLE,UP,UP,0.0011133301651828909,0.0010948339570109,False,1.8496208171990937e-05
2025-12-15,SOBTI_5_ET,ASIA_AFTERNOON_LIT,TRAINABLE,UP,UP,0.0005116354667966672,0.0005483160108399,False,3.668054404323286e-05
2025-12-15,SOBTI_5_ET,EUROPE_LIT,TRAINABLE,DOWN,DOWN,-0.00020013587807099498,-0.0002245178906213,False,2.4382012550305018e-05
2025-12-15,SOBTI_5_ET,NY_LONDON_LIT,TRAINABLE,DOWN,DOWN,-0.008054357948029223,-0.0080521396484999,False,2.218299529323231e-06
2025-12-15,SOBTI_5_ET,US_LATE_LIT,TRAINABLE,DOWN,DOWN,-0.0006979735545519228,-0.0006940762567738,False,3.897297778122791e-06
2025-12-16,SOBTI_5_ET,ASIA_MORNING_LIT,TRAINABLE,DOWN,DOWN,-0.004234437044097872,-0.0042152945211335,False,1.9142522964372098e-05
2025-12-16,SOBTI_5_ET,ASIA_AFTERNOON_LIT,TRAINABLE,DOWN,DOWN,-0.0019943648225142496,-0.0019466556917472,False,4.7709130767049695e-05
2025-12-16,SOBTI_5_ET,EUROPE_LIT,TRAINABLE,UP,UP,0.0033501096006602893,0.003313036848962,False,3.707275169828909e-05
2025-12-16,SOBTI_5_ET,NY_LONDON_LIT,TRAINABLE,UP,UP,0.0024215338299991007,0.0023691073555205,False,5.242647447860089e-05
2025-12-16,SOBTI_5_ET,US_LATE_LIT,TRAINABLE,UP,UP,0.005374719962434993,0.0053781081144961,False,3.388152061106764e-06
2025-12-17,SOBTI_5_ET,ASIA_MORNING_LIT,TRAINABLE,DOWN,DOWN,-0.0008650038215027855,-0.0008717230742387,False,6.719252735914419e-06
2025-12-17,SOBTI_5_ET,ASIA_AFTERNOON_LIT,TRAINABLE,DOWN,DOWN,-0.003534290602043133,-0.0035638542606084,False,2.9563658565266802e-05
2025-12-17,SOBTI_5_ET,EUROPE_LIT,TRAINABLE,UP,DOWN,1.5038547675372271e-05,-1.8253813259816452e-06,True,1.6863929001353917e-05
2025-12-17,SOBTI_5_ET,NY_LONDON_LIT,TRAINABLE,UP,UP,0.00534049638982248,0.0053507074248129,False,1.0211034990419837e-05
2025-12-17,SOBTI_5_ET,US_LATE_LIT,TRAINABLE,DOWN,DOWN,-0.0020687895438079584,-0.002031289516158,False,3.7500027649958485e-05
2025-12-18,SOBTI_5_ET,ASIA_MORNING_LIT,TRAINABLE,DOWN,DOWN,-9.40805750345719e-05,-0.0001060495968511,False,1.1969021816528097e-05
2025-12-18,SOBTI_5_ET,ASIA_AFTERNOON_LIT,TRAINABLE,DOWN,DOWN,-0.0014768447308634025,-0.001506553360467,False,2.970862960359759e-05
2025-12-18,SOBTI_5_ET,EUROPE_LIT,TRAINABLE,DOWN,DOWN,-0.0013946452364940187,-0.0013818046123906,False,1.2840624103418758e-05
2025-12-18,SOBTI_5_ET,NY_LONDON_LIT,TRAINABLE,UP,UP,0.0027840246755967968,0.0028020532704151,False,1.8028594818303347e-05
2025-12-18,SOBTI_5_ET,US_LATE_LIT,TRAINABLE,DOWN,DOWN,-0.002313794463493224,-0.0023268454041648,False,1.3050940671575917e-05
2025-12-19,SOBTI_5_ET,ASIA_MORNING_LIT,TRAINABLE,DOWN,DOWN,-0.0012544267542742293,-0.0012475147895515,False,6.911964722729289e-06
2025-12-19,SOBTI_5_ET,ASIA_AFTERNOON_LIT,TRAINABLE,DOWN,DOWN,-0.0006228415833441359,-0.0006287081613975,False,5.866578053364169e-06
2025-12-19,SOBTI_5_ET,EUROPE_LIT,TRAINABLE,UP,UP,0.00042052996069452675,0.0004210617298199,False,5.317691253732657e-07
2025-12-19,SOBTI_5_ET,NY_LONDON_LIT,TRAINABLE,UP,UP,0.0046719389459843885,0.0046585162713161,False,1.3422674668288163e-05
2025-12-19,SOBTI_5_ET,US_LATE_LIT,NOT_ELIGIBLE_WEEKLY_CLOSE_FRIDAY,DOWN,DOWN,-0.0019925335734236604,-0.0019850942403738,False,7.439333049860403e-06
2025-12-22,SOBTI_5_ET,ASIA_MORNING_LIT,TRAINABLE,UP,UP,0.002714063563483249,0.0027028977792715,False,1.116578421174897e-05
2025-12-22,SOBTI_5_ET,ASIA_AFTERNOON_LIT,TRAINABLE,UP,UP,0.0027455351166529862,0.0026934734229051,False,5.206169374788634e-05
2025-12-22,SOBTI_5_ET,EUROPE_LIT,TRAINABLE,UP,UP,0.000744791764284658,0.0007735380176565,False,2.874625337184202e-05
2025-12-22,SOBTI_5_ET,NY_LONDON_LIT,TRAINABLE,UP,UP,0.0038745289073820466,0.0038676400306745,False,6.888876707546437e-06
2025-12-22,SOBTI_5_ET,US_LATE_LIT,TRAINABLE,UP,UP,0.012273167773071192,0.0122730143743778,False,1.5339869339180134e-07
2025-12-23,SOBTI_5_ET,ASIA_MORNING_LIT,TRAINABLE,DOWN,DOWN,-0.00018256643530245587,-0.0001963832132387,False,1.3816777936244141e-05
2025-12-23,SOBTI_5_ET,ASIA_AFTERNOON_LIT,TRAINABLE,UP,UP,0.0027424317282782606,0.0027286856289265,False,1.374609935176057e-05
2025-12-23,SOBTI_5_ET,EUROPE_LIT,TRAINABLE,DOWN,DOWN,-5.151232895572733e-05,-6.227516794232724e-05,False,1.076283898659991e-05
2025-12-23,SOBTI_5_ET,NY_LONDON_LIT,TRAINABLE,UP,UP,0.0007131794286401316,0.0007172397006731,False,4.060272032968375e-06
2025-12-23,SOBTI_5_ET,US_LATE_LIT,TRAINABLE,UP,UP,0.006614559940384179,0.0066431596655716,False,2.8599725187420343e-05
2025-12-24,SOBTI_5_ET,ASIA_MORNING_LIT,TRAINABLE,DOWN,DOWN,-0.005143959196239778,-0.0051633931693085,False,1.9433973068722077e-05
2025-12-24,SOBTI_5_ET,ASIA_AFTERNOON_LIT,TRAINABLE,DOWN,DOWN,-0.00030717481122155554,-0.0001909843825264,False,0.00011619042869515556
2025-12-24,SOBTI_5_ET,EUROPE_LIT,TRAINABLE,UP,UP,0.0009100874473753073,0.0009046921080175,False,5.395339357807316e-06
2025-12-24,SOBTI_5_ET,NY_LONDON_LIT,TRAINABLE,DOWN,DOWN,-0.0025896040842116053,-0.002591049111167,False,1.4450269553946057e-06
2025-12-24,SOBTI_5_ET,US_LATE_LIT,TRAINABLE,UP,UP,2.0959326804570466e-05,1.4844980642525485e-06,False,1.9474828740317918e-05
2025-12-25,SOBTI_5_ET,ASIA_MORNING_LIT,TRAINABLE,DOWN,DOWN,-7.366671188613338e-07,-3.533769845409651e-06,False,2.7971027265483173e-06
2025-12-25,SOBTI_5_ET,ASIA_AFTERNOON_LIT,TRAINABLE,UP,UP,2.7594101478012334e-05,1.025319214376097e-05,False,1.7340909334251364e-05
2025-12-25,SOBTI_5_ET,EUROPE_LIT,TRAINABLE,DOWN,DOWN,-6.654572696995764e-06,-9.37578172877096e-08,False,6.5608148797080545e-06
2025-12-25,SOBTI_5_ET,NY_LONDON_LIT,TRAINABLE,UP,DOWN,2.9020279512792513e-08,-3.5047568303081533e-07,True,3.7949596254360785e-07
2025-12-25,SOBTI_5_ET,US_LATE_LIT,TRAINABLE,UP,UP,0.005564653937242259,0.0055459492443883,False,1.8704692853958697e-05
2025-12-26,SOBTI_5_ET,ASIA_MORNING_LIT,TRAINABLE,UP,UP,0.0011715389491313566,0.0011487637858254,False,2.2775163305956483e-05
2025-12-26,SOBTI_5_ET,ASIA_AFTERNOON_LIT,TRAINABLE,DOWN,DOWN,-0.0004474551973194796,-0.0004619697824755,False,1.4514585156020403e-05
2025-12-26,SOBTI_5_ET,EUROPE_LIT,TRAINABLE,DOWN,DOWN,-0.0015411794109582155,-0.0015056878369903,False,3.549157396791564e-05
2025-12-26,SOBTI_5_ET,NY_LONDON_LIT,TRAINABLE,UP,UP,0.004595182602672443,0.0045991239250018,False,3.941322329357143e-06
2025-12-26,SOBTI_5_ET,US_LATE_LIT,NOT_ELIGIBLE_WEEKLY_CLOSE_FRIDAY,UP,UP,0.0007179290899501645,0.0007165293382978,False,1.3997516523645004e-06
2025-12-29,SOBTI_5_ET,ASIA_MORNING_LIT,TRAINABLE,UP,UP,0.0037556558246694127,0.0037530387281325,False,2.6170965369129093e-06
2025-12-29,SOBTI_5_ET,ASIA_AFTERNOON_LIT,TRAINABLE,DOWN,DOWN,-0.002208364060595658,-0.0020902850733077,False,0.00011807898728795774
2025-12-29,SOBTI_5_ET,EUROPE_LIT,TRAINABLE,DOWN,DOWN,-0.004032276300837689,-0.0040191747948157,False,1.3101506021989673e-05
2025-12-29,SOBTI_5_ET,NY_LONDON_LIT,TRAINABLE,DOWN,DOWN,-0.029707011549308993,-0.0297290101817914,False,2.1998632482408964e-05
2025-12-29,SOBTI_5_ET,US_LATE_LIT,TRAINABLE,UP,UP,0.0061987144874033895,0.0062148070026035,False,1.609251520011054e-05
2025-12-30,SOBTI_5_ET,ASIA_MORNING_LIT,TRAINABLE,UP,UP,0.0014743317141863166,0.0014737603673944,False,5.713467919165726e-07
2025-12-30,SOBTI_5_ET,ASIA_AFTERNOON_LIT,TRAINABLE,DOWN,DOWN,-0.0026609161237729495,-0.0025588612789662,False,0.00010205484480674959
2025-12-30,SOBTI_5_ET,EUROPE_LIT,TRAINABLE,UP,UP,0.010337864654128781,0.0103127285677266,False,2.5136086402180804e-05
2025-12-30,SOBTI_5_ET,NY_LONDON_LIT,TRAINABLE,DOWN,DOWN,-0.007930153749127755,-0.0079200442465818,False,1.0109502545955704e-05
2025-12-30,SOBTI_5_ET,US_LATE_LIT,TRAINABLE,UP,UP,0.00025637229367947434,0.0002417638072986,False,1.4608486380874344e-05
2025-12-31,SOBTI_5_ET,ASIA_MORNING_LIT,TRAINABLE,DOWN,DOWN,-0.004533153298061476,-0.004543489887716,False,1.0336589654523672e-05
2025-12-31,SOBTI_5_ET,ASIA_AFTERNOON_LIT,TRAINABLE,UP,UP,0.004419956143904447,0.004417704289465,False,2.2518544394462686e-06
2025-12-31,SOBTI_5_ET,EUROPE_LIT,TRAINABLE,DOWN,DOWN,-0.0032325570030795614,-0.0032629527625004,False,3.0395759420838615e-05
2025-12-31,SOBTI_5_ET,NY_LONDON_LIT,TRAINABLE,UP,UP,0.0011747366547514293,0.0011726102645825,False,2.126390168929364e-06
2025-12-31,SOBTI_5_ET,US_LATE_LIT,TRAINABLE,DOWN,DOWN,-0.000566791692479307,-0.0005643111073774,False,2.4805851019070457e-06
