feature_cutoff_date,forecast_issue_date,target_end_date_h3,year,month,y_up,target_r3,p_aurora,h_ret_12,rs_plus_120,rs_minus_120,q80_plus,q80_minus,ref_ready,plus_tail,minus_tail,both_tail_risk,signal,override,p_turn
2022-05-31,2022-06-01,2022-06-07,2022,2022-06,0,-0.0041067819526534,0.3177722998632247,-0.00815683401058287,9.480644208078657e-05,0.00011632313473010602,,,False,False,False,False,KEEP,False,0.3177722998632247
2022-06-01,2022-06-06,2022-06-08,2022,2022-06,1,0.0101413302377349,0.8394885977142639,0.008829023748515574,0.00015214311179637818,0.00010071630952742148,,,False,False,False,False,KEEP,False,0.8394885977142639
2022-06-06,2022-06-07,2022-06-09,2022,2022-06,0,-0.0012159698856903,0.3392795742842374,-0.005393512602627659,0.0001229813588071201,0.00010496349126055835,,,False,False,False,False,KEEP,False,0.3392795742842374
2022-06-07,2022-06-08,2022-06-10,2022,2022-06,0,-0.0018698432341179,0.5746554312444069,0.0031142788868949722,0.0001470858884291233,8.628238486322333e-05,,,False,False,False,False,KEEP,False,0.5746554312444069
2022-06-08,2022-06-09,2022-06-13,2022,2022-06,1,0.004103345119839,0.4844845210893613,0.003150778804546839,9.239613764746515e-05,7.58860963135205e-05,,,False,False,False,False,KEEP,False,0.4844845210893613
2022-06-09,2022-06-10,2022-06-14,2022,2022-06,0,-0.0139401642110798,0.606188315538867,-0.0008816273156924126,7.61839897890098e-05,8.919230575641606e-05,,,False,False,False,False,KEEP,False,0.606188315538867
2022-06-10,2022-06-13,2022-06-15,2022,2022-06,0,-0.0110187941522019,0.9134006874518076,0.014439127793354878,0.00026046097850293624,8.694892951649064e-05,,,False,False,False,False,KEEP,False,0.9134006874518076
2022-06-13,2022-06-14,2022-06-16,2022,2022-06,0,-0.0132340914545643,0.1856045934120491,-0.01848791338742206,0.00026733569974962695,0.00022229907863790754,,,False,False,False,False,KEEP,False,0.1856045934120491
2022-06-14,2022-06-15,2022-06-17,2022,2022-06,1,0.0142645674471435,0.3431004932666442,-0.009702149436061624,0.00025460913024305927,0.0002479722827846403,,,False,False,False,False,KEEP,False,0.3431004932666442
2022-06-15,2022-06-16,2022-06-20,2022,2022-06,1,0.0098517586965725,0.8270290682754768,0.0064003227681102,0.00029548894868901894,0.0002626978936513158,,,False,False,False,False,KEEP,False,0.8270290682754768
2022-06-16,2022-06-17,2022-06-21,2022,2022-06,1,0.0026989833861918,0.9149615754473918,0.012595547883059943,0.00039185582856162543,0.00028561347464327845,,,False,False,False,False,KEEP,False,0.9149615754473918
2022-06-17,2022-06-20,2022-06-22,2022,2022-06,0,-0.0122650871934921,0.3396018988244444,-0.005773031510366344,0.00021669534653275668,0.0003024168499795018,,,False,False,False,False,KEEP,False,0.3396018988244444
2022-06-21,2022-06-22,2022-06-24,2022,2022-06,0,-0.0054600190243847,0.4381267745494647,-0.0008888434306566495,0.00021134013870132153,0.00015812556964560047,,,False,False,False,False,KEEP,False,0.4381267745494647
2022-06-22,2022-06-23,2022-06-27,2022,2022-06,1,0.0058657595171213,0.6968488300218569,0.007531519544518694,0.0002194565982802558,0.0001440552743807934,,,False,False,False,False,KEEP,False,0.6968488300218569
2022-06-23,2022-06-24,2022-06-28,2022,2022-06,0,-0.0024054242956251,0.226326150017671,-0.005684126995872063,0.0001913220488851094,0.00014170496338143779,,,False,False,False,False,KEEP,False,0.226326150017671
2022-06-24,2022-06-27,2022-06-29,2022,2022-06,0,-0.0080531445159401,0.5066763253969347,0.0007280669704847753,0.0001358905434482219,0.00011575811357922574,,,False,False,False,False,KEEP,False,0.5066763253969347
2022-06-27,2022-06-28,2022-06-30,2022,2022-06,0,-0.0133914068343508,0.3705370235719298,-0.009272663897042399,0.00015414065901633031,0.0001261889776417366,,,False,False,False,False,KEEP,False,0.3705370235719298
2022-06-28,2022-06-29,2022-07-01,2022,2022-06,0,-0.0173082040125181,0.4843081055105203,-0.003691254625928231,0.00014291873383120329,0.00011006364243954628,,,False,False,False,False,KEEP,False,0.4843081055105203
2022-06-29,2022-06-30,2022-07-04,2022,2022-06,0,-0.0026527413384256,0.6602009317674606,0.0007759291285545089,0.00015275684276488374,0.00016080729741547504,,,False,False,False,False,KEEP,False,0.6602009317674606
2022-06-30,2022-07-01,2022-07-05,2022,2022-07,0,-0.0050856936590782,0.3070842817762366,-0.004807852013784419,0.00021132112829153844,0.00017674719397641676,,,False,False,False,False,KEEP,False,0.3070842817762366
2022-07-01,2022-07-04,2022-07-06,2022,2022-07,0,-0.0162819755001493,0.7041631408544239,0.008813817132751645,0.00024182329952149496,0.000200639832724514,,,False,False,False,False,KEEP,False,0.7041631408544239
2022-07-05,2022-07-06,2022-07-08,2022,2022-07,0,-0.0380398544454777,0.1161793966475608,-0.0203613902601969,0.00021896480169402915,0.0003740732259483607,0.0002760419652181231,0.00027836446683922377,True,False,True,False,KEEP,False,0.1161793966475608
2022-07-06,2022-07-07,2022-07-11,2022,2022-07,0,-0.016695355039519,0.1502837636670013,-0.015393686052818545,0.00019741763244030886,0.0004517120673555341,0.00027505418155036616,0.0002803308227280523,True,False,True,False,KEEP,False,0.1502837636670013
2022-07-07,2022-07-08,2022-07-12,2022,2022-07,0,-0.0052332053413304,0.732967941735111,-0.001091213058594498,0.00014364015296614444,0.0004558158183506044,0.0002735104851902184,0.000281490475824668,True,False,True,False,KEEP,False,0.732967941735111
2022-07-08,2022-07-11,2022-07-13,2022,2022-07,0,-0.0047029039780327,0.7040714035047329,0.00252279116352927,0.00017603735502955101,0.000429740017919892,0.00027196678883007055,0.00028337994038261813,True,False,True,False,UP_MOMENTUM_MINUS_TAIL_FLIP_DOWN,True,0.29592859649526715
2022-07-11,2022-07-12,2022-07-14,2022,2022-07,0,-0.0123063330107575,0.5001154315062103,-0.0024135854140663326,0.0001359253277694032,0.0004219145659959249,0.00027042309246992267,0.00028491317460040073,True,False,True,False,KEEP,False,0.5001154315062103
2022-07-12,2022-07-13,2022-07-15,2022,2022-07,0,-0.0185055762484528,0.2987525519178385,-0.004929167245617094,0.00013753375897270783,0.0002475420595417137,0.00026887939610977483,0.0002859497559884684,True,False,False,False,KEEP,False,0.2987525519178385
2022-07-13,2022-07-14,2022-07-18,2022,2022-07,0,-0.0030412327389779,0.623998384567034,0.004428992426126932,0.00028184388073514664,0.00020821946493152662,0.00026733569974962695,0.00028561347464327845,True,True,False,False,KEEP,False,0.623998384567034
2022-07-14,2022-07-15,2022-07-19,2022,2022-07,0,-0.0018663794750221,0.5131882495247456,-0.004027080568661745,0.0002676682105092538,0.00025501019071055186,0.0002735104851902184,0.00028538004129565256,True,False,False,False,KEEP,False,0.5131882495247456
2022-07-15,2022-07-18,2022-07-20,2022,2022-07,1,0.0059147513733242,0.6827423661186076,0.0018345564504498313,0.0002355739384941511,0.0002555302027060229,0.00027209979313392126,0.0002851466079480266,True,False,False,False,KEEP,False,0.6827423661186076
2022-07-18,2022-07-19,2022-07-21,2022,2022-07,0,-0.0217591131111773,0.3700967945958107,-0.005938676834657208,0.0002521391607643189,0.00027439852946743395,0.0002706225989256988,0.00028491317460040073,True,False,False,False,KEEP,False,0.3700967945958107
2022-07-19,2022-07-20,2022-07-22,2022,2022-07,1,0.0070100201254197,0.5302341394291051,-0.000998496446562136,0.00025493461324411506,0.0002707540389198065,0.00026914540471747626,0.0002846797412527748,True,False,False,False,KEEP,False,0.5302341394291051
2022-07-20,2022-07-21,2022-07-25,2022,2022-07,1,0.0112060628040366,0.1775097495469351,-0.006767200002718354,0.0001039696785691164,0.00019887226428098837,0.0002676682105092538,0.0002844463079051489,True,False,False,False,KEEP,False,0.1775097495469351
2022-07-21,2022-07-22,2022-07-26,2022,2022-07,1,0.0195520554416455,0.9333141075742496,0.019521453942556555,0.00027186434009876905,0.00014485087499228007,0.00026760170835732843,0.00028391312414388355,True,True,False,False,KEEP,False,0.9333141075742496
2022-07-22,2022-07-25,2022-07-27,2022,2022-07,0,-0.0006088809825827,0.4625859000662642,0.0053220690699049555,0.00031490973334452756,0.000124040835649299,0.00027018588826296296,0.00028337994038261813,True,True,False,False,KEEP,False,0.4625859000662642
2022-07-25,2022-07-26,2022-07-28,2022,2022-07,1,0.0084230996342281,0.3893203391473125,-0.005167597833587223,0.00031605457493292063,0.00013353994911393952,0.0002731402766794079,0.0002828467566213527,True,True,False,False,DOWN_MOMENTUM_PLUS_TAIL_FLIP_UP,True,0.6106796608526874
2022-07-26,2022-07-27,2022-07-29,2022,2022-07,1,0.0224515359360583,0.4031585584707796,-0.003127715230495376,0.00031871563269548727,0.00012792087933750947,0.0002760419652181231,0.0002823135728600873,True,True,False,False,DOWN_MOMENTUM_PLUS_TAIL_FLIP_UP,True,0.5968414415292205
2022-07-27,2022-07-28,2022-08-01,2022,2022-07,1,0.0245235310880863,0.7404464979668828,0.006344400083529322,0.0003824768820733573,0.00012062951931272466,0.00027999309988915074,0.0002817803890988219,True,True,False,False,KEEP,False,0.7404464979668828
2022-07-28,2022-07-29,2022-08-02,2022,2022-07,1,0.0149455829247022,0.6284935302603297,0.005779862081732645,0.00023945375512983557,9.294954197459309e-05,0.00028147372456594746,0.000281490475824668,True,False,False,False,KEEP,False,0.6284935302603297
2022-07-29,2022-08-01,2022-08-03,2022,2022-08,1,0.0043681816727525,0.4630635866722889,0.0013710634272623423,0.00023057897343954411,0.00010057132162291421,0.0002811035683967483,0.00028120056255051404,True,False,False,False,KEEP,False,0.4630635866722889
2022-08-01,2022-08-02,2022-08-04,2022,2022-08,1,0.0062911919515624,0.6134483246553357,0.003776348277603425,0.00024166917499291615,8.572365831311151e-05,0.0002807334122275491,0.00028091064927636015,True,False,False,False,KEEP,False,0.6134483246553357
2022-08-02,2022-08-03,2022-08-05,2022,2022-08,1,0.0077817031957534,0.2188565377123848,-0.006863390400837055,0.000263564628610465,0.00011715581984578439,0.0002803632560583499,0.0002806207360022062,True,False,False,False,KEEP,False,0.2188565377123848
2022-08-03,2022-08-04,2022-08-08,2022,2022-08,1,0.0051379160537573,0.6546707417963016,0.0001642965004471364,0.000292661855294354,0.0001496932723336785,0.00027999309988915074,0.0002803308227280523,True,True,False,False,KEEP,False,0.6546707417963016
2022-08-04,2022-08-05,2022-08-09,2022,2022-08,1,0.0071178666775294,0.7945489790073802,0.008273827502696562,0.0002244002034048504,0.00015023480692715697,0.00028147372456594746,0.00027983923375584524,True,False,False,False,KEEP,False,0.7945489790073802
2022-08-05,2022-08-08,2022-08-10,2022,2022-08,1,0.003770690872249,0.264331212886691,-0.006995436105419195,0.00018957853647560844,0.000261196322708549,0.0002811035683967483,0.00027934764478363804,True,False,False,False,KEEP,False,0.264331212886691
2022-08-08,2022-08-09,2022-08-11,2022,2022-08,1,0.0078532966585735,0.6645528322157893,0.008464372177019897,0.00016745786207312174,0.00024160524960690322,0.0002807334122275491,0.0002788560558114309,True,False,False,False,KEEP,False,0.6645528322157893
2022-08-09,2022-08-10,2022-08-12,2022,2022-08,0,-0.0012014362798049,0.5427613528131955,0.0022873746332479072,0.00014291372160072461,0.0002454764337133517,0.0002803632560583499,0.00027836446683922377,True,False,False,False,KEEP,False,0.5427613528131955
2022-08-10,2022-08-11,2022-08-15,2022,2022-08,0,-0.0067413785566283,0.3189992991507356,-0.0001283137861332051,0.00012774075055683746,0.00019830056190462607,0.00027999309988915074,0.00027787287786701663,True,False,False,False,KEEP,False,0.3189992991507356
2022-08-11,2022-08-12,2022-08-16,2022,2022-08,0,-0.0075999075782871,0.2933042659708524,-8.93541648805396e-05,0.00011025888930898702,0.00020486991970469252,0.0002790053162213939,0.00027763528929135355,True,False,False,False,KEEP,False,0.2933042659708524
2022-08-12,2022-08-15,2022-08-17,2022,2022-08,0,-0.0083097527660785,0.7338570952485706,0.009050389904031952,0.0001239368449825007,9.329750427924225e-05,0.00027801753255363696,0.00027739770071569047,True,False,False,False,KEEP,False,0.7338570952485706
2022-08-15,2022-08-16,2022-08-18,2022,2022-08,0,-0.0089370634731822,0.4252258512635482,-0.0023013436592194125,0.00011416803011804031,0.00011862780209314937,0.00027702974888588005,0.0002771601121400274,True,False,False,False,KEEP,False,0.4252258512635482
2022-08-16,2022-08-17,2022-08-19,2022,2022-08,0,-0.0131765412165744,0.4956080713304399,-2.8189321931826328e-05,9.985759580466476e-05,0.00010912642671338905,0.0002760419652181231,0.00027692252356436426,True,False,False,False,KEEP,False,0.4956080713304399
2022-08-17,2022-08-18,2022-08-22,2022,2022-08,0,-0.0233009729074459,0.2964220862244122,-0.007372988717517792,9.228157158697924e-05,0.00012453428717904634,0.00027505418155036616,0.0002766849349887012,True,False,False,False,KEEP,False,0.2964220862244122
2022-08-18,2022-08-19,2022-08-23,2022,2022-08,0,-0.0149216046555663,0.3523092335214532,-0.004431611605244079,9.328082595692876e-05,0.0001173239819432889,0.00027441621326004676,0.0002763477483436944,True,False,False,False,KEEP,False,0.3523092335214532
2022-08-19,2022-08-22,2022-08-24,2022,2022-08,0,-0.0005135667321643,0.3565594277359082,-0.004072768786905989,6.625287598493876e-05,0.00012085694721730345,0.00027377824496972736,0.0002760105616986876,True,False,False,False,KEEP,False,0.3565594277359082
2022-08-22,2022-08-23,2022-08-25,2022,2022-08,1,0.0169379192414073,0.4451640266322391,0.0006568149775878496,6.385922393308156e-05,0.00011184256597758949,0.0002731402766794079,0.0002756733750536808,True,False,False,False,KEEP,False,0.4451640266322391
2022-08-23,2022-08-24,2022-08-26,2022,2022-08,1,0.0072460972060816,0.5255985862354426,0.004127752660789241,0.00010355960499294103,0.00010168448022147806,0.0002725023083890885,0.00027533618840867396,True,False,False,False,KEEP,False,0.5255985862354426
2022-08-24,2022-08-25,2022-08-30,2022,2022-08,0,-0.0103271141558496,0.4515517463979044,-0.0003881467157489382,0.0001180816829810121,8.866549807134439e-05,0.00027186434009876905,0.0002749990017636672,True,False,False,False,KEEP,False,0.4515517463979044
2022-08-25,2022-08-26,2022-08-31,2022,2022-08,0,-0.0287806212173423,0.4342102475989202,-0.002163921887450293,0.00011488446941181695,8.986042027339009e-05,0.00027102511418086603,0.00027487890730442055,True,False,False,False,KEEP,False,0.4342102475989202
2022-08-26,2022-08-30,2022-09-01,2022,2022-08,0,-0.0266636194414174,0.2579723174026887,-0.007918376821052675,0.00012076566578044981,0.00011596211199887953,0.00027018588826296296,0.0002747588128451739,True,False,False,False,KEEP,False,0.2579723174026887
2022-08-30,2022-08-31,2022-09-02,2022,2022-08,0,-0.0157520185701998,0.3253998711769531,-0.005932545236220221,0.00011071646755889213,0.0001721894684867562,0.00026850743642715686,0.0002745186239266806,True,False,False,False,KEEP,False,0.3253998711769531
2022-08-31,2022-09-01,2022-09-05,2022,2022-09,0,-0.0002628236030723,0.2891834873632237,-0.0017808949143018893,0.0001071133061278664,0.0001911599740068634,0.0002676682105092538,0.00027439852946743395,True,False,False,False,KEEP,False,0.2891834873632237
2022-09-01,2022-09-02,2022-09-06,2022,2022-09,1,0.0038028420847559,0.3513043668239875,-0.0027294894151230764,0.00011439260200284417,0.00021106167143081548,0.00026760170835732843,0.0002736696313579085,True,False,False,False,KEEP,False,0.3513043668239875
2022-09-02,2022-09-05,2022-09-07,2022,2022-09,0,-0.0010844239694581,0.3972895729538347,0.004792971275787039,0.0001252581250636857,0.00017223778493049614,0.0002675352062054031,0.00027294073324838296,True,False,False,False,KEEP,False,0.3972895729538347
2022-09-06,2022-09-07,2022-09-09,2022,2022-09,1,0.0084025556514027,0.3282126006757831,-0.006827716962075847,0.00011950204142996384,0.0001676964369759302,0.00026746870405347766,0.0002722118351388575,True,False,False,False,KEEP,False,0.3282126006757831
2022-09-07,2022-09-08,2022-09-12,2022,2022-09,1,0.0125018020292177,0.7092865995870248,0.008397536943527406,0.00016024445071210436,0.00014861455270814573,0.0002674022019015523,0.0002714829370293321,True,False,False,False,KEEP,False,0.7092865995870248
2022-09-08,2022-09-09,2022-09-13,2022,2022-09,1,0.0039451215847699,0.3850234044817815,-0.005573864751967861,0.0001527840581831658,0.00015670516283028044,0.00026733569974962695,0.0002707540389198065,True,False,False,False,KEEP,False,0.3850234044817815
2022-09-09,2022-09-12,2022-09-14,2022,2022-09,0,-0.013495796179043,0.3792884367950539,-0.006366418266859242,0.00015975456657540217,0.0001651213019874378,0.00026708214929001555,0.00027032907630305055,True,False,False,False,KEEP,False,0.3792884367950539
2022-09-12,2022-09-13,2022-09-15,2022,2022-09,0,-0.0219596000222469,0.4321402433221171,-0.0006491700238839826,0.0001802212212707091,0.00016575947676420323,0.0002668285988304041,0.0002699041136862945,True,False,False,False,KEEP,False,0.4321402433221171
2022-09-13,2022-09-14,2022-09-16,2022,2022-09,0,-0.0370101360746784,0.2863280942812023,-0.013425610460768844,0.00015110612734003026,0.000354549526614101,0.00026657504837079274,0.00026947915106953854,True,False,True,False,KEEP,False,0.2863280942812023
2022-09-14,2022-09-15,2022-09-20,2022,2022-09,0,-0.0212957005256125,0.3849496975099447,-0.004138844408683617,0.00012553706527815986,0.0003430692025099942,0.00026632149791118133,0.0002714829370293321,True,False,True,False,KEEP,False,0.3849496975099447
2022-09-15,2022-09-16,2022-09-21,2022,2022-09,0,-0.0086518846789491,0.2520157433595767,-0.013634298163468728,0.00011250854900751951,0.0005001139304778877,0.0002660679474515699,0.00027439852946743395,True,False,True,False,KEEP,False,0.2520157433595767
2022-09-16,2022-09-20,2022-09-22,2022,2022-09,1,0.0045261831088612,0.7410252143211805,0.009740369434790175,0.00017619949698905038,0.0005077382981295807,0.0002655672836833489,0.00027487890730442055,True,False,True,False,UP_MOMENTUM_MINUS_TAIL_FLIP_DOWN,True,0.2589747856788195
2022-09-20,2022-09-21,2022-09-23,2022,2022-09,0,-0.0038746350304871,0.5975597721060509,-0.002477619565137701,0.0001602139103495629,0.0002847753337133839,0.00026456595614690696,0.0002771601121400274,True,False,True,False,KEEP,False,0.5975597721060509
2022-09-21,2022-09-22,2022-09-26,2022,2022-09,0,-0.0165293019512105,0.4022792605792639,0.0016023560977016515,0.0002665101229395163,0.0003499929362906663,0.000264065292378686,0.0002783644668392238,True,True,True,True,KEEP,False,0.4022792605792639
2022-09-22,2022-09-23,2022-09-27,2022,2022-09,0,-0.0237569616842864,0.4721201683829672,0.00019145269712250723,0.0003595963246001263,0.00021482949860372364,0.0002660679474515699,0.0002803308227280523,True,True,False,False,KEEP,False,0.4721201683829672
2022-09-23,2022-09-26,2022-09-28,2022,2022-09,0,-0.026376294678901,0.2441831987900754,-0.010982517643155276,0.000293221152153584,0.0002888798212804776,0.000266421687841927,0.00027983923375584524,True,True,True,True,BOTH_TAIL_RISK_KEEP,False,0.2441831987900754
2022-09-26,2022-09-27,2022-09-29,2022,2022-09,0,-0.0002428953133147,0.0667159339658145,-0.014707628089546176,0.0003550189446079588,0.0004472194083588643,0.0002670054690255827,0.00028120056255051404,True,True,True,True,BOTH_TAIL_RISK_KEEP,False,0.0667159339658145
2022-09-27,2022-09-28,2022-09-30,2022,2022-09,1,0.0242951426456707,0.4307301946893495,-0.003957053976321845,0.00038108132197848984,0.00045517097589851404,0.00026746870405347766,0.0002828467566213527,True,True,True,True,BOTH_TAIL_RISK_KEEP,False,0.4307301946893495
2022-09-28,2022-09-29,2022-10-03,2022,2022-09,1,0.0259849935978302,0.968612256658645,0.024317239532490653,0.0005603812671713577,0.00046298039166263585,0.0002685074364271569,0.0002845121130667959,True,True,True,True,BOTH_TAIL_RISK_KEEP,False,0.968612256658645
2022-09-29,2022-09-30,2022-10-04,2022,2022-09,1,0.0372836150257464,0.8161738341653091,0.009900645526242258,0.00038967795891552706,0.00037331605110688755,0.00027186434009876905,0.0002847753337133839,True,True,True,True,BOTH_TAIL_RISK_KEEP,False,0.8161738341653091
2022-09-30,2022-10-03,2022-10-05,2022,2022-10,1,0.0232809120230613,0.1590368799931189,-0.006588789428958464,0.00040369729724995935,0.00030801804070179395,0.00027441621326004676,0.00028544584645729955,True,True,True,True,BOTH_TAIL_RISK_KEEP,False,0.1590368799931189
2022-10-03,2022-10-04,2022-10-06,2022,2022-10,1,0.0326965870763382,0.958437488783435,0.021791590423873686,0.0004684855418018655,0.00016177017897247455,0.00027801753255363686,0.0002866223186788483,True,True,False,False,KEEP,False,0.958437488783435
2022-10-04,2022-10-05,2022-10-07,2022,2022-10,1,0.0013740080801679,0.8114017788131584,0.010159257726741089,0.0005086990452162575,0.00013703519662952026,0.0002807334122275491,0.0002862860373336583,True,True,False,False,KEEP,False,0.8114017788131584
2022-10-05,2022-10-06,2022-10-10,2022,2022-10,0,-0.018926335826798,0.5087904769806886,0.0009034411485506766,0.0003645924090979806,0.00017759668745375755,0.00028257481052675667,0.0002859497559884684,True,True,False,False,KEEP,False,0.5087904769806886
2022-10-06,2022-10-07,2022-10-11,2022,2022-10,0,-0.0306815184987314,0.5503953202785681,-0.0008988205196702737,0.0003437196029291826,0.00018878405220881206,0.0002854985296931964,0.00028561347464327845,True,True,False,False,KEEP,False,0.5503953202785681
2022-10-10,2022-10-11,2022-10-13,2022,2022-10,0,-0.0021749178082732,0.2496028452106831,-0.007221394463230446,0.0001796501531157977,0.0002477005979034962,0.0002894266568970701,0.00028544584645729955,True,False,False,False,KEEP,False,0.2496028452106831
2022-10-11,2022-10-12,2022-10-14,2022,2022-10,0,-0.005422843403978,0.4971313596924341,0.00031814048199585443,0.00017004123635240228,0.0003028746685129068,0.0002884446250961016,0.00028527821827132064,True,False,True,False,KEEP,False,0.4971313596924341
2022-10-12,2022-10-13,2022-10-17,2022,2022-10,0,-0.0085878676918368,0.6229449592307257,0.0018663641125789,0.00013125123559745372,0.00023395168881857137,0.0002874625932951333,0.0002862860373336583,True,False,False,False,KEEP,False,0.6229449592307257
2022-10-13,2022-10-14,2022-10-18,2022,2022-10,0,-0.0145106417003542,0.5478447071339415,-0.005237541383963595,0.00023846155935521629,0.0004311145962922435,0.0002864805614941649,0.0002859497559884684,True,False,True,False,KEEP,False,0.5478447071339415
2022-10-17,2022-10-18,2022-10-20,2022,2022-10,0,-0.0150707762498195,0.1413861827112997,-0.0028613932199927916,0.0003225742294636044,0.00045697260581603133,0.0002854985296931964,0.00028729488136922815,True,True,True,True,BOTH_TAIL_RISK_KEEP,False,0.1413861827112997
2022-10-18,2022-10-19,2022-10-21,2022,2022-10,0,-0.0169071410139229,0.5218160802217907,0.0012235131750424344,0.00033259245812623735,0.00047086419436122247,0.0002894266568970701,0.00028856283329822775,True,True,True,True,BOTH_TAIL_RISK_KEEP,False,0.5218160802217907
2022-10-19,2022-10-20,2022-10-24,2022,2022-10,1,0.0034377363072186,0.1650385550164486,-0.0071681203137226035,0.0002778926776010829,0.00047706718262824826,0.00029176058865582787,0.0002966478015397614,True,False,True,False,KEEP,False,0.1650385550164486
2022-10-20,2022-10-21,2022-10-25,2022,2022-10,1,0.0058912580150686,0.240730165790356,-0.0006814563963359888,0.000347819620515645,0.00029369161672038917,0.0002913099553365647,0.0003020626130193708,True,True,False,False,DOWN_MOMENTUM_PLUS_TAIL_FLIP_UP,True,0.759269834209644
2022-10-24,2022-10-25,2022-10-27,2022,2022-10,1,0.0102428644684338,0.7052557694106172,0.0009704964072199118,0.00029685938039735626,0.0002187901878829651,0.0002927737146662,0.0003019445340326605,True,True,False,False,KEEP,False,0.7052557694106172
2022-10-25,2022-10-26,2022-10-28,2022,2022-10,1,0.003888100642491,0.6086110505941821,0.005598675378010398,0.0003796393102481585,0.0001981634723771987,0.000293221152153584,0.00030182645504595013,True,True,False,False,KEEP,False,0.6086110505941821
2022-10-26,2022-10-27,2022-10-31,2022,2022-10,0,-0.0193077772863658,0.2906669325242407,-0.004967362372114259,0.0004121943403924629,0.00016210834002459648,0.000295035389381932,0.000300199487380838,True,True,False,False,DOWN_MOMENTUM_PLUS_TAIL_FLIP_UP,True,0.7093330674757593
2022-10-27,2022-10-28,2022-11-01,2022,2022-10,0,-0.0064840313423055,0.4031455611320963,-7.213922830917596e-05,0.00034107477074795203,0.00017071927632935228,0.00029557012624282256,0.00029857251971572595,True,True,False,False,DOWN_MOMENTUM_PLUS_TAIL_FLIP_UP,True,0.5968544388679037
2022-10-31,2022-11-01,2022-11-03,2022,2022-11,0,-0.0111674730153875,0.3303644651235646,-0.002164620075285839,0.00021686606462588032,0.00016392414198705744,0.00029611829892615754,0.0002969455520506136,True,False,False,False,KEEP,False,0.3303644651235646
2022-11-01,2022-11-02,2022-11-04,2022,2022-11,0,-0.0022717988779343,0.5911514867665458,0.00020641163378609662,0.0001339095500984067,0.00015305672667274186,0.0002958712717690913,0.0002953185843855015,True,False,False,False,KEEP,False,0.5911514867665458
2022-11-02,2022-11-03,2022-11-07,2022,2022-11,1,0.0140575096549191,0.1212480097413083,-0.010469428389479951,0.00010257580285147489,0.00020313623034659157,0.000295624244612025,0.00029369161672038917,True,False,False,False,KEEP,False,0.1212480097413083
2022-11-03,2022-11-04,2022-11-08,2022,2022-11,1,0.0304752503017534,0.5692558111006637,0.001412367443868412,0.00015060993338295007,0.0002063878302183546,0.0002955971854274238,0.0002927292576324069,True,False,False,False,KEEP,False,0.5692558111006637
2022-11-07,2022-11-08,2022-11-10,2022,2022-11,1,0.015212001922673,0.5283317737437936,-0.0019320220678782363,0.00025080087782154654,0.00017044749794459317,0.00029557012624282256,0.0002917668985444247,True,False,False,False,KEEP,False,0.5283317737437936
2022-11-08,2022-11-09,2022-11-11,2022,2022-11,1,0.0547064836525613,0.9330454843471035,0.024167349240629576,0.0006418390243245953,0.00015865832692498667,0.0002955430670582214,0.0002908045394564423,True,True,False,False,KEEP,False,0.9330454843471035
2022-11-09,2022-11-10,2022-11-14,2022,2022-11,1,0.0301539091485298,0.4753770960151756,-0.0005095190273607386,0.0006336129361825263,0.00018007578612373718,0.0002958712717690913,0.00028984218036846003,True,True,False,False,DOWN_MOMENTUM_PLUS_TAIL_FLIP_UP,True,0.5246229039848245
2022-11-10,2022-11-11,2022-11-15,2022,2022-11,1,0.0399104896119164,0.9633321916660332,0.027961796900392244,0.0008297466782036122,0.00010105985518988411,0.00029685938039735626,0.0002888798212804776,True,True,False,False,KEEP,False,0.9633321916660332
2022-11-14,2022-11-15,2022-11-17,2022,2022-11,1,0.0040887078170966,0.5539078852972852,0.007952559418859195,0.0007688614295573518,0.00011013561991836262,0.0003070211170033391,0.00028856283329822775,True,True,False,False,KEEP,False,0.5539078852972852
2022-11-15,2022-11-16,2022-11-18,2022,2022-11,0,-0.0058477220751764,0.415893002363732,0.0013952273916633118,0.0008085353322208201,0.00011811739768434204,0.0003109028888200791,0.0002882458453159779,True,True,False,False,KEEP,False,0.415893002363732
2022-11-16,2022-11-17,2022-11-21,2022,2022-11,0,-0.0247255595216306,0.1951213018979974,-0.005088868622849851,0.00042909117934970646,0.00013228324243666438,0.00031304216169595624,0.00028792885733372795,True,True,False,False,DOWN_MOMENTUM_PLUS_TAIL_FLIP_UP,True,0.8048786981020026
2022-11-17,2022-11-18,2022-11-22,2022,2022-11,0,-0.0099956692190677,0.230563725601625,-0.0030461109609660753,0.00024650863306504845,0.00014244314909019344,0.0003151387016622062,0.0002876118693514781,True,False,False,False,KEEP,False,0.230563725601625
2022-11-21,2022-11-22,2022-11-24,2022,2022-11,1,0.0089273533473297,0.5167260114832607,-0.0004199619881006811,0.0001661574040842704,0.00015652160603568985,0.00031490973334452756,0.00028729488136922815,True,False,False,False,KEEP,False,0.5167260114832607
2022-11-22,2022-11-23,2022-11-25,2022,2022-11,1,0.0037422734394203,0.4062226344273514,-0.004249403031476362,0.000101202278261323,0.00015437494933717184,0.0003142872094616705,0.00028695860002403824,True,False,False,False,KEEP,False,0.4062226344273514
2022-11-23,2022-11-24,2022-11-28,2022,2022-11,1,0.015520583658315,0.6189152366877526,0.005709010688672578,0.00012207408170365595,0.00015291807557421043,0.0003136646855788134,0.00028662231867884833,True,False,False,False,KEEP,False,0.6189152366877526
2022-11-28,2022-11-29,2022-12-01,2022,2022-11,1,0.0094284396401889,0.1100929611305882,-0.011060430662192644,0.00012720901716582826,0.00010488875407967742,0.00031304216169595624,0.0002862860373336583,True,False,False,False,KEEP,False,0.1100929611305882
2022-11-29,2022-11-30,2022-12-02,2022,2022-11,1,0.0255349775536346,0.340130392730407,-0.0024486891608566097,0.0001364806069126353,0.00010222160572663107,0.0003124196378130992,0.0002859497559884684,True,False,False,False,KEEP,False,0.340130392730407
2022-11-30,2022-12-01,2022-12-05,2022,2022-12,1,0.0195279137307065,0.6142073974335669,0.003715989914724105,0.00017407885010515623,9.935620253114285e-05,0.00031179711393024203,0.00028561347464327845,True,False,False,False,KEEP,False,0.6142073974335669
2022-12-01,2022-12-02,2022-12-06,2022,2022-12,0,-0.0035182068122313,0.858817391319548,0.013782883508048016,0.00023309645087852548,0.00012261591146761502,0.00031135000137516057,0.00028544584645729955,True,False,False,False,KEEP,False,0.858817391319548
2022-12-05,2022-12-06,2022-12-08,2022,2022-12,0,-0.0066540169464005,0.1279876101515838,-0.015795634742555187,0.00024643637807200485,0.00020757109778946637,0.0003109028888200791,0.00028527821827132064,True,False,False,False,KEEP,False,0.1279876101515838
2022-12-06,2022-12-07,2022-12-09,2022,2022-12,1,0.0110197814854775,0.4896857349242532,-0.00012426405060672607,0.0002395309152392273,0.00020761179955653436,0.00031045577626499755,0.0002851105900853417,True,False,False,False,KEEP,False,0.4896857349242532
2022-12-07,2022-12-08,2022-12-12,2022,2022-12,1,0.0105265607309191,0.7969023604438825,0.0076769047310092375,0.00025144926896447883,0.00019723981474071642,0.0003100086637099161,0.0002849429618993628,True,False,False,False,KEEP,False,0.7969023604438825
2022-12-08,2022-12-09,2022-12-13,2022,2022-12,1,0.0015136228924136,0.7308217928927978,0.003179848539091701,0.00013889940224079406,0.00017939044851332024,0.0003095615511548346,0.0002847753337133839,True,False,False,False,KEEP,False,0.7308217928927978
2022-12-12,2022-12-13,2022-12-15,2022,2022-12,0,-0.0082152681974008,0.2711670921490181,-0.006105571332565063,0.00011653852124134454,0.00011077399018288899,0.0003070211170033391,0.0002847095285517369,True,False,False,False,KEEP,False,0.2711670921490181
2022-12-13,2022-12-14,2022-12-16,2022,2022-12,0,-0.0028048148979949,0.800410250231958,0.014469268629877519,0.0002808601315572747,0.00012548677715013633,0.0003044806828518435,0.0002846437233900899,True,False,False,False,KEEP,False,0.800410250231958
2022-12-14,2022-12-15,2022-12-19,2022,2022-12,0,-0.0064915477496927,0.4881236914519244,-0.00020469086822583193,0.000263326865596522,0.00013071529132568655,0.00030194024870034764,0.0002845779182284429,True,False,False,False,KEEP,False,0.4881236914519244
2022-12-15,2022-12-16,2022-12-20,2022,2022-12,1,0.0169727436473946,0.4466890196180874,-0.000455715018121694,0.000260557966328334,0.0002064680827817981,0.00029939981454885214,0.0002845121130667959,True,False,False,False,KEEP,False,0.4466890196180874
2022-12-19,2022-12-20,2022-12-22,2022,2022-12,1,0.0103553269120585,0.3230615539931823,-0.004292165941967241,0.00026292520423323423,0.0002051881460649711,0.00029685938039735626,0.0002844463079051489,True,False,False,False,KEEP,False,0.3230615539931823
2022-12-20,2022-12-21,2022-12-23,2022,2022-12,0,-0.0049670584257763,0.5208894439180342,0.005792864091137773,0.00014991688663637176,0.0002123468165014085,0.00029661235324029,0.00028391312414388355,True,False,False,False,KEEP,False,0.5208894439180342
2022-12-21,2022-12-22,2022-12-28,2022,2022-12,0,-0.0060008752731373,0.6315379035074123,0.0005237936481554684,0.00014647381059774904,0.00016506443990494838,0.0002963653260832238,0.0002833799403826182,True,False,False,False,KEEP,False,0.6315379035074123
2022-12-22,2022-12-23,2022-12-29,2022,2022-12,0,-0.0054134806015774,0.1317942776509811,-0.013564025738036278,0.00014166463378527543,0.0001551703702387149,0.00029611829892615754,0.0002828467566213527,True,False,False,False,KEEP,False,0.1317942776509811
2022-12-28,2022-12-29,2023-01-03,2022,2022-12,1,0.0178139246240352,0.6227511334976261,0.0023137173642782116,0.00015875301617591545,0.00015881832809659167,0.000295624244612025,0.0002817803890988219,True,False,False,False,KEEP,False,0.6227511334976261
2022-12-29,2022-12-30,2023-01-04,2022,2022-12,1,0.0284762412659832,0.4485409354427186,0.003427426839484937,0.0001661582057519762,0.00016283697014811386,0.0002955971854274238,0.000281490475824668,True,False,False,False,KEEP,False,0.4485409354427186
2023-01-03,2023-01-04,2023-01-06,2023,2023-01,0,-0.0002997642785183,0.3347491737463795,0.00038601165736285026,0.0002579527578549521,0.0001781642673304653,0.00029557012624282256,0.0002812005625505141,True,False,False,False,KEEP,False,0.3347491737463795
2023-01-04,2023-01-05,2023-01-09,2023,2023-01,1,0.00871003938705,0.1747773370119638,-0.003149106484451991,0.0002923488079226749,0.00020499208852364816,0.0002955430670582214,0.00028091064927636015,True,False,False,False,KEEP,False,0.1747773370119638
2023-01-05,2023-01-06,2023-01-10,2023,2023-01,1,0.0133945553051177,0.1262106817750514,-0.008409471963340742,0.00021411203978428885,0.000223672563954801,0.00029551600787362017,0.00028062073600220626,True,False,False,False,KEEP,False,0.1262106817750514
2023-01-09,2023-01-10,2023-01-12,2023,2023-01,1,0.0049509004745077,0.3978205383222353,-0.0010412145466984768,0.0003970516014433737,0.00023759559185545603,0.00029548894868901894,0.0002803308227280523,True,True,False,False,DOWN_MOMENTUM_PLUS_TAIL_FLIP_UP,True,0.6021794616777647
2023-01-10,2023-01-11,2023-01-13,2023,2023-01,1,0.0152678761280178,0.3863855965975479,6.392954464473632e-05,0.0003188423931444947,0.00019409272194123724,0.0002955971854274238,0.00027983923375584524,True,True,False,False,KEEP,False,0.3863855965975479
2023-01-11,2023-01-12,2023-01-16,2023,2023-01,1,0.0162399768489346,0.350903367035274,-0.0048242142841763425,0.0002702286556123757,0.00016333000000931595,0.0002963653260832238,0.0002793476447836381,True,False,False,False,KEEP,False,0.350903367035274
2023-01-12,2023-01-13,2023-01-17,2023,2023-01,1,0.0115364065055944,0.7067332735477754,0.006627407981462774,0.0003316854535280259,0.00018324583085244236,0.00029611829892615754,0.0002788560558114309,True,True,False,False,KEEP,False,0.7067332735477754
2023-01-17,2023-01-18,2023-01-20,2023,2023-01,1,0.0124163631801805,0.6166937999649026,0.001069427666081424,0.00021267296301442812,0.00018863061244263048,0.00029939981454885214,0.0002783644668392238,True,False,False,False,KEEP,False,0.6166937999649026
2023-01-18,2023-01-19,2023-01-23,2023,2023-01,1,0.0081537410383376,0.2662009724409505,-0.005498489989738786,0.0002179670431432334,0.00020596566012366454,0.00029685938039735626,0.00027787287786701663,True,False,False,False,KEEP,False,0.2662009724409505
2023-01-19,2023-01-20,2023-01-24,2023,2023-01,1,0.0150887357961947,0.8019336635351431,0.011377771352736765,0.0002474561427778679,0.00020190632883104233,0.00029661235324029,0.00027763528929135355,True,False,False,False,KEEP,False,0.8019336635351431
2023-01-23,2023-01-24,2023-01-26,2023,2023-01,1,0.004788227542859,0.5946267966995369,0.002571941135213862,0.0001496750479545655,0.00012362339686543259,0.0002963653260832238,0.00027739770071569047,True,False,False,False,KEEP,False,0.5946267966995369
2023-01-24,2023-01-25,2023-01-27,2023,2023-01,0,-0.0042693641406983,0.4912580340445678,0.0006144008324273642,0.0001987465714987244,0.00014622426875707264,0.00029611829892615754,0.0002771601121400274,True,False,False,False,KEEP,False,0.4912580340445678
2023-01-25,2023-01-26,2023-01-30,2023,2023-01,1,0.0004672169529002,0.6943191777968081,0.009416202057571432,0.00021247021894857545,0.00014553703550916147,0.0002958712717690913,0.0002769225235643643,True,False,False,False,KEEP,False,0.6943191777968081
2023-01-26,2023-01-27,2023-01-31,2023,2023-01,0,-0.0162694099168154,0.4081659362545597,-0.00401451659966412,0.00019385831962903137,0.00014535340482703537,0.000295624244612025,0.0002766849349887012,True,False,False,False,KEEP,False,0.4081659362545597
2023-01-30,2023-01-31,2023-02-02,2023,2023-01,1,0.0145043955579712,0.5037480832549183,-0.0007952484106876767,0.0001890624437835523,0.00015532388769549886,0.0002955971854274238,0.0002763477483436944,True,False,False,False,KEEP,False,0.5037480832549183
2023-01-31,2023-02-01,2023-02-03,2023,2023-02,1,0.0025162521139701,0.7893059809830179,0.012698115160567625,0.0002096223050617874,0.00014177828905423328,0.00029557012624282256,0.0002760105616986876,True,False,False,False,KEEP,False,0.7893059809830179
2023-02-01,2023-02-02,2023-02-06,2023,2023-02,0,-0.02742926823512,0.9083603123725846,0.012912933250407654,0.0002326521809518697,0.0001384865627401847,0.0002955430670582214,0.0002756733750536808,True,False,False,False,KEEP,False,0.9083603123725846
2023-02-02,2023-02-03,2023-02-07,2023,2023-02,0,-0.042370586698986,0.1131224642507967,-0.022699068844739934,0.0002373168705236688,0.00031695500730046704,0.00029551600787362017,0.000275336188408674,True,False,True,False,KEEP,False,0.1131224642507967
2023-02-06,2023-02-07,2023-02-09,2023,2023-02,1,0.0045798354627761,0.3547432057964229,-0.0029564865085021097,0.00020949904124117574,0.0005448217309729577,0.00029551600787362017,0.0002769225235643643,True,False,True,False,KEEP,False,0.3547432057964229
2023-02-07,2023-02-08,2023-02-10,2023,2023-02,0,-0.0051900916418881,0.3817925034620361,0.00025624876576024747,0.00020376170058713998,0.0005739850909282829,0.00029551600787362017,0.0002783644668392238,True,False,True,False,KEEP,False,0.3817925034620361
2023-02-08,2023-02-09,2023-02-13,2023,2023-02,0,-0.0119009227030241,0.3619229711236805,-0.005482085289106209,0.0002297820807067133,0.0005866862550074546,0.00029551600787362017,0.00028062073600220626,True,False,True,False,KEEP,False,0.3619229711236805
2023-02-09,2023-02-10,2023-02-14,2023,2023-02,0,-0.0115429059098411,0.1603364256526597,-0.011402497615069507,0.00014639526783661103,0.0004629405851346585,0.00029551600787362017,0.00028231357286008735,True,False,True,False,KEEP,False,0.1603364256526597
2023-02-13,2023-02-14,2023-02-16,2023,2023-02,0,-0.0114726081116177,0.4766958367406748,-0.0020158201158473332,0.0001577828033984821,0.00019825699868163178,0.00029551600787362017,0.0002845121130667959,True,False,False,False,KEEP,False,0.4766958367406748
2023-02-14,2023-02-15,2023-02-17,2023,2023-02,0,-0.0195392919101748,0.46701122203551,-0.00442272250744935,0.00016026464810065826,0.00019483214645440363,0.00029551600787362017,0.0002845121130667959,True,False,False,False,KEEP,False,0.46701122203551
2023-02-15,2023-02-16,2023-02-20,2023,2023-02,1,0.0047558960730964,0.6300143047202713,0.000103460202993233,9.865081717043074e-05,0.00017553498286466794,0.00029551600787362017,0.0002845121130667959,True,False,False,False,KEEP,False,0.6300143047202713
2023-02-16,2023-02-17,2023-02-21,2023,2023-02,0,-0.00223402899072,0.4739552311950066,0.00046293568864896883,0.00011749751274376753,0.00019043638485267175,0.00029551600787362017,0.0002845121130667959,True,False,False,False,KEEP,False,0.4739552311950066
2023-02-21,2023-02-22,2023-02-24,2023,2023-02,0,-0.0049763589421001,0.5804649039040809,-0.00027789047042325876,0.00011563984799932524,0.0001588265603582785,0.00029551600787362017,0.0002845121130667959,True,False,False,False,KEEP,False,0.5804649039040809
2023-02-22,2023-02-23,2023-02-27,2023,2023-02,0,-0.0133975922981741,0.3572504054049192,-0.004804068959884056,0.00012118098568529074,0.0001271555485907324,0.00029551600787362017,0.0002845121130667959,True,False,False,False,KEEP,False,0.3572504054049192
2023-02-23,2023-02-24,2023-02-28,2023,2023-02,0,-0.0092105733416991,0.4530431526584438,-0.0021049765291012434,0.00010691293935003487,0.00013224498943382887,0.00029551600787362017,0.0002845121130667959,True,False,False,False,KEEP,False,0.4530431526584438
2023-02-27,2023-02-28,2023-03-02,2023,2023-02,1,0.0124699484468659,0.5644128482651001,0.004837586846686115,6.480598873073426e-05,9.532468116662854e-05,0.00029551600787362017,0.0002845121130667959,True,False,False,False,KEEP,False,0.5644128482651001
2023-02-28,2023-03-01,2023-03-03,2023,2023-03,1,0.0193399996387215,0.6820979161944544,0.008984994068406138,8.519897968682131e-05,9.531557568266281e-05,0.00029551600787362017,0.0002845121130667959,True,False,False,False,KEEP,False,0.6820979161944544
2023-03-01,2023-03-02,2023-03-06,2023,2023-03,1,0.0098774275323896,0.5203317352477134,0.0026659105038486786,9.561044892521679e-05,8.502261900378394e-05,0.00029551600787362017,0.0002845121130667959,True,False,False,False,KEEP,False,0.5203317352477134
2023-03-02,2023-03-03,2023-03-07,2023,2023-03,1,0.0061500139416166,0.526592539798463,0.0020120793205968823,0.00010178038260854298,7.524768539664178e-05,0.00029551600787362017,0.0002845121130667959,True,False,False,False,KEEP,False,0.526592539798463
2023-03-06,2023-03-07,2023-03-09,2023,2023-03,0,-0.0186422056360958,0.3898048859705226,-0.002612076846828515,0.00010904505133251185,5.9261090006455916e-05,0.00029551600787362017,0.0002845121130667959,True,False,False,False,KEEP,False,0.3898048859705226
2023-03-07,2023-03-08,2023-03-10,2023,2023-03,0,-0.0044045748206548,0.1617399338065608,-0.016828733786954153,9.56010385951815e-05,0.00012151396066709523,0.00029551600787362017,0.0002845121130667959,True,False,False,False,KEEP,False,0.1617399338065608
2023-03-08,2023-03-09,2023-03-13,2023,2023-03,1,0.0372122113804076,0.3494805968151753,5.512153975573142e-05,6.454070617364971e-05,0.00011868531797211768,0.00029551600787362017,0.0002845121130667959,True,False,False,False,KEEP,False,0.3494805968151753
2023-03-09,2023-03-10,2023-03-14,2023,2023-03,1,0.0451548225846803,0.6883410772024954,0.007543895426068481,9.273578187577079e-05,0.00011772759710151147,0.00029551600787362017,0.0002845121130667959,True,False,False,False,KEEP,False,0.6883410772024954
2023-03-13,2023-03-14,2023-03-16,2023,2023-03,1,0.019624462487009,0.8556883981096973,0.014708888638146789,0.00047784908797028294,0.00017311318490914216,0.00029551600787362017,0.0002845121130667959,True,True,False,False,KEEP,False,0.8556883981096973
2023-03-14,2023-03-15,2023-03-17,2023,2023-03,1,0.0153694624561383,0.5252829151058077,-0.00023103301942395404,0.0005116168603533165,0.00021492245673326017,0.0002958712717690913,0.0002845121130667959,True,True,False,False,KEEP,False,0.5252829151058077
2023-03-15,2023-03-16,2023-03-20,2023,2023-03,1,0.0390744033141881,0.8301090277119306,0.016128460264241973,0.0006225806331219496,0.0002250908972999233,0.00029939981454885214,0.0002845121130667959,True,True,False,False,KEEP,False,0.8301090277119306
2023-03-16,2023-03-17,2023-03-21,2023,2023-03,1,0.0239629518502276,0.5256616276581589,0.00022406197781954518,0.0006191771163203346,0.0002542306424033704,0.0003100086637099161,0.0002845121130667959,True,True,False,False,KEEP,False,0.5256616276581589
2023-03-20,2023-03-21,2023-03-23,2023,2023-03,0,-0.0022225037561097,0.2923439534808321,-0.0087991886741845,0.00048639237824685765,0.00031344861231620845,0.0003124196378130992,0.0002845121130667959,True,True,True,True,BOTH_TAIL_RISK_KEEP,False,0.2923439534808321
2023-03-21,2023-03-22,2023-03-24,2023,2023-03,1,0.015244736314613,0.2743246115741586,-0.013176468175911005,0.0004610455301185271,0.00033694853006098344,0.0003151387016622062,0.0002849429618993628,True,True,True,True,BOTH_TAIL_RISK_KEEP,False,0.2743246115741586
2023-03-22,2023-03-23,2023-03-27,2023,2023-03,1,0.0094308892017258,0.7225036951017815,0.011318918122137589,0.0004719124411982854,0.0003079496710833633,0.000316586786485434,0.0002859497559884684,True,True,True,True,BOTH_TAIL_RISK_KEEP,False,0.7225036951017815
2023-03-23,2023-03-24,2023-03-28,2023,2023-03,0,-0.014106258250088,0.8768606315612151,0.008744404255752514,0.0005370716435179381,0.00026756703400732584,0.00031874098478528877,0.0002876118693514781,True,True,False,False,KEEP,False,0.8768606315612151
2023-03-27,2023-03-28,2023-03-30,2023,2023-03,1,0.0039965942183603,0.3676531878465399,-0.00606899379405057,0.00032118372154791506,0.0002870857789294185,0.0003195887604083167,0.0002876118693514781,True,True,False,False,DOWN_MOMENTUM_PLUS_TAIL_FLIP_UP,True,0.6323468121534601
2023-03-28,2023-03-29,2023-03-31,2023,2023-03,1,0.0147381538314158,0.7997780972982043,0.011885703059308916,0.0003424945934184159,0.0002250942821453459,0.00032146182313105295,0.0002876118693514781,True,True,False,False,KEEP,False,0.7997780972982043
2023-03-29,2023-03-30,2023-04-03,2023,2023-03,0,-0.0013998653325088,0.495649772006733,8.140535248468694e-05,0.00033806704485987704,0.0002193186539714619,0.00032439249145210417,0.0002876118693514781,True,True,False,False,KEEP,False,0.495649772006733
2023-03-30,2023-03-31,2023-04-04,2023,2023-03,1,0.0071639528231167,0.7041132008476823,0.006266024392477476,0.00019968607847757334,0.00020732609743914405,0.00033166952223048703,0.0002876118693514781,True,False,False,False,KEEP,False,0.7041132008476823
2023-04-03,2023-04-04,2023-04-06,2023,2023-04,1,0.0272103413146282,0.7045181777621202,0.0095030368352651,0.0001933788070277865,0.00014986315665756558,0.00032439249145210417,0.0002871275994173804,True,False,False,False,KEEP,False,0.7045181777621202
2023-04-04,2023-04-05,2023-04-11,2023,2023-04,1,0.00966433628012,0.8966967576304228,0.019973254210649216,0.00032443490517659353,0.00014552941324606398,0.00032146182313105295,0.0002859079355005065,True,True,False,False,KEEP,False,0.8966967576304228
2023-04-05,2023-04-06,2023-04-12,2023,2023-04,0,-0.0066481689593991,0.4585682945361063,-0.0016860952153852082,0.0003331625842595017,0.00016374768628928663,0.00032146182313105295,0.0002849429618993628,True,True,False,False,DOWN_MOMENTUM_PLUS_TAIL_FLIP_UP,True,0.5414317054638937
2023-04-06,2023-04-11,2023-04-13,2023,2023-04,1,0.0048710024976226,0.3107359166663732,-0.004974163011350896,0.0003308397529036642,0.00018097343850401626,0.00032146182313105295,0.0002845121130667959,True,True,False,False,DOWN_MOMENTUM_PLUS_TAIL_FLIP_UP,True,0.6892640833336268
2023-04-11,2023-04-12,2023-04-14,2023,2023-04,1,0.0169182787628611,0.4956552541220584,-0.0005089565617639735,0.0002495283898993809,0.00015107623931560617,0.0003193106588251788,0.00028062073600220626,True,False,False,False,KEEP,False,0.4956552541220584
2023-04-12,2023-04-13,2023-04-17,2023,2023-04,1,0.0004479060467545,0.6023539276345129,0.0029074528511552344,0.00016714793225274644,0.0002039627496722699,0.00031874098478528877,0.0002783644668392238,True,False,False,False,KEEP,False,0.6023539276345129
2023-04-13,2023-04-14,2023-04-18,2023,2023-04,0,-0.0138090809484515,0.6866358945665463,0.006629408028302031,0.00023042553255414117,0.00022213693018377923,0.000316586786485434,0.0002783644668392238,True,False,False,False,KEEP,False,0.6866358945665463
2023-04-14,2023-04-17,2023-04-19,2023,2023-04,0,-0.0296899728807324,0.2462675343163874,-0.015545185058972955,0.00022356440144402114,0.0003690654937745668,0.0003151387016622062,0.0002769225235643643,True,False,True,False,KEEP,False,0.2462675343163874
2023-04-17,2023-04-18,2023-04-20,2023,2023-04,0,-0.0078674681817759,0.3164799869061535,-0.008345262257854813,0.00024169858719605026,0.0004260225654198961,0.0003124196378130992,0.0002769225235643643,True,False,True,False,KEEP,False,0.3164799869061535
2023-04-18,2023-04-19,2023-04-21,2023,2023-04,0,-0.0066242024730411,0.4456064051153284,0.0010177668005884044,0.0002590233682647933,0.0003924504791934846,0.0003100086637099161,0.0002769225235643643,True,False,True,False,KEEP,False,0.4456064051153284
2023-04-19,2023-04-20,2023-04-24,2023,2023-04,1,0.0050728861391187,0.6993224525795378,0.0073713536977431104,0.0002897133378642004,0.0004566728825054598,0.0003058673622224468,0.0002769225235643643,True,False,True,False,UP_MOMENTUM_MINUS_TAIL_FLIP_DOWN,True,0.30067754742046215
2023-04-20,2023-04-21,2023-04-25,2023,2023-04,0,-0.0019326102520206,0.4831446797302476,0.004043503840801321,0.0002386167499994095,0.0004101046845658163,0.0002984762673157551,0.0002769225235643643,True,False,True,False,KEEP,False,0.4831446797302476
2023-04-21,2023-04-24,2023-04-26,2023,2023-04,1,0.0064991508890997,0.442736911089413,-0.002391725259068167,0.00017018453948425383,0.0004436136257196223,0.0002958712717690913,0.0002769225235643643,True,False,True,False,KEEP,False,0.442736911089413
2023-04-24,2023-04-25,2023-04-27,2023,2023-04,1,0.005773398234485,0.4618430229771909,0.0020079317757684123,0.00015541298922216751,0.0002004139247216256,0.00029551600787362017,0.0002769225235643643,True,False,False,False,KEEP,False,0.4618430229771909
2023-04-25,2023-04-26,2023-04-28,2023,2023-04,0,-0.0037755840365449,0.6555221316833784,0.00425517109319884,0.000214089075611742,0.00023958715498038276,0.00029551600787362017,0.000275336188408674,True,False,False,False,KEEP,False,0.6555221316833784
2023-04-26,2023-04-27,2023-05-02,2023,2023-04,0,-0.0091207808252101,0.3499095579183129,-0.004173419459095662,0.00017530736418652063,0.00019825273631051944,0.00029551600787362017,0.00027451862392668063,True,False,False,False,KEEP,False,0.3499095579183129
2023-04-27,2023-04-28,2023-05-03,2023,2023-04,1,0.0095901894547401,0.3910947038280125,-0.0052231642843905135,0.00016880258739990084,0.00022901166806063144,0.00029551600787362017,0.00027451862392668063,True,False,False,False,KEEP,False,0.3910947038280125
2023-04-28,2023-05-02,2023-05-04,2023,2023-05,1,0.0265521041811327,0.606975814930198,0.0033069043582152347,0.00017377926814342662,0.00014657562192361842,0.00029551600787362017,0.00027451862392668063,True,False,False,False,KEEP,False,0.606975814930198
2023-05-02,2023-05-03,2023-05-05,2023,2023-05,1,0.0288591598542933,0.906445358182265,0.017693993968578958,0.0002867154996283156,0.00016223853717044063,0.00029551600787362017,0.00027451862392668063,True,False,False,False,KEEP,False,0.906445358182265
2023-05-03,2023-05-04,2023-05-09,2023,2023-05,1,0.0043042738067563,0.8002583082538565,0.01138515255532635,0.0003054369390059822,0.00013693387513196006,0.00029551600787362017,0.00027451862392668063,True,True,False,False,KEEP,False,0.8002583082538565
2023-05-04,2023-05-05,2023-05-10,2023,2023-05,0,-0.0031729270405776,0.7703209195994419,0.007657716188647967,0.0004172089272713031,0.00014230293312414953,0.0002958712717690913,0.00027451862392668063,True,True,False,False,KEEP,False,0.7703209195994419
2023-05-05,2023-05-09,2023-05-11,2023,2023-05,0,-0.0064704443820939,0.357636311876747,-0.011036383005836647,0.00041701128618937375,0.0003239762100254039,0.0002984762673157551,0.00027451862392668063,True,True,True,True,BOTH_TAIL_RISK_KEEP,False,0.357636311876747
2023-05-09,2023-05-10,2023-05-12,2023,2023-05,0,-0.0093992879974325,0.6669154262648018,0.0045320524524949946,0.00024090914343631928,0.0002718601408981961,0.00030626186143575275,0.000275336188408674,True,False,False,False,KEEP,False,0.6669154262648018
2023-05-10,2023-05-11,2023-05-15,2023,2023-05,0,-0.0070706616116286,0.554851975147637,0.0008475730166654927,0.0002945835357181396,0.0003082181133642179,0.00030626186143575275,0.000275336188408674,True,False,True,False,UP_MOMENTUM_MINUS_TAIL_FLIP_DOWN,True,0.44514802485236304
2023-05-11,2023-05-12,2023-05-16,2023,2023-05,0,-0.0078550327691284,0.3998115101043703,-0.003724909120013997,0.00016967759694549702,0.00042906879407161684,0.00030626186143575275,0.0002769225235643643,True,False,True,False,KEEP,False,0.3998115101043703
2023-05-12,2023-05-15,2023-05-17,2023,2023-05,0,-0.0104699884391829,0.4849952988640116,0.0020709037822603804,0.000183247181239673,0.0002695062632792554,0.00030626186143575275,0.0002783644668392238,True,False,False,False,KEEP,False,0.4849952988640116
2023-05-15,2023-05-16,2023-05-18,2023,2023-05,0,-0.0192128146673595,0.3505813027321389,-0.0005305268618673864,0.00019304366569266202,0.0002819058561395023,0.00030626186143575275,0.0002783644668392238,True,False,True,False,KEEP,False,0.3505813027321389
2023-05-16,2023-05-17,2023-05-19,2023,2023-05,0,-0.0223128652137137,0.2619693630994559,-0.010647276797020488,0.00020135735867094068,0.0003234206979137022,0.00030626186143575275,0.00028062073600220626,True,False,True,False,KEEP,False,0.2619693630994559
2023-05-17,2023-05-18,2023-05-22,2023,2023-05,0,-0.0022939547991587,0.4884423029965335,-0.002348889403507748,0.00014256198075730412,0.00030320978594939457,0.00030626186143575275,0.00028180548250695793,True,False,True,False,KEEP,False,0.4884423029965335
2023-05-18,2023-05-19,2023-05-23,2023,2023-05,0,-0.0087893671558683,0.3007978599379843,-0.009051788839898656,0.00010183183232421513,0.0001728040574315694,0.00030626186143575275,0.00028247975165427867,True,False,False,False,KEEP,False,0.3007978599379843
2023-05-19,2023-05-22,2023-05-24,2023,2023-05,1,0.0057072713164079,0.6426676109482325,0.006655733497960448,0.00015900759539160417,0.00015897978676700198,0.00030626186143575275,0.00028247975165427867,True,False,False,False,KEEP,False,0.6426676109482325
2023-05-22,2023-05-23,2023-05-25,2023,2023-05,0,-0.0095854670788059,0.3348040946972664,-0.004488244321812829,0.00015293788726652595,0.00016942222470477848,0.00030626186143575275,0.00028247975165427867,True,False,False,False,KEEP,False,0.3348040946972664
2023-05-23,2023-05-24,2023-05-26,2023,2023-05,0,-0.0031432503550903,0.7271235875188801,0.0077102732287865905,0.00018292227262168865,0.00017130509400054694,0.00030626186143575275,0.00028247975165427867,True,False,False,False,KEEP,False,0.7271235875188801
2023-05-24,2023-05-25,2023-05-30,2023,2023-05,0,-0.0139064462517483,0.2802896445796911,-0.009675484697413417,0.0001842605058263526,0.0001738635135442334,0.00030626186143575275,0.00028247975165427867,True,False,False,False,KEEP,False,0.2802896445796911
2023-05-25,2023-05-26,2023-05-31,2023,2023-05,0,-0.0016831156907359,0.2190455902285715,-0.010894408571401115,0.00017808614184831563,0.00024327043325980395,0.00030626186143575275,0.00028247975165427867,True,False,False,False,KEEP,False,0.2190455902285715
2023-05-26,2023-05-30,2023-06-01,2023,2023-05,1,0.0026838791751054,0.4393272591825438,-0.0035501986624222326,0.000184919244302756,0.00022382781805134317,0.00030626186143575275,0.00028247975165427867,True,False,False,False,KEEP,False,0.4393272591825438
2023-05-30,2023-05-31,2023-06-02,2023,2023-05,1,0.0160288382758989,0.70992144223625,0.007309690670859403,0.00011527540320675841,0.00019815618427578208,0.00030626186143575275,0.00028247975165427867,True,False,False,False,KEEP,False,0.70992144223625
2023-05-31,2023-06-01,2023-06-05,2023,2023-06,0,-0.0084583357027382,0.6106258686516471,0.003711025189468309,0.00011848196827665774,0.0001863366775285099,0.00030626186143575275,0.00028247975165427867,True,False,False,False,KEEP,False,0.6106258686516471
2023-06-01,2023-06-02,2023-06-06,2023,2023-06,1,0.0016068767565525,0.8059268940027922,0.010947090489612954,0.00014253006630679112,8.992004800868658e-05,0.00030626186143575275,0.00028247975165427867,True,False,False,False,KEEP,False,0.8059268940027922
2023-06-02,2023-06-05,2023-06-07,2023,2023-06,0,-0.0091023815289516,0.1459152549536039,-0.015618057760120152,0.0001308362247718826,0.00014141677598590344,0.00030626186143575275,0.00028247975165427867,True,False,False,False,KEEP,False,0.1459152549536039
2023-06-05,2023-06-06,2023-06-08,2023,2023-06,1,0.0024423175582553,0.7801077192636324,0.009989120681126451,0.0001649215271267241,0.00013862668670387032,0.00030626186143575275,0.00028247975165427867,True,False,False,False,KEEP,False,0.7801077192636324
2023-06-06,2023-06-07,2023-06-09,2023,2023-06,1,0.0008406679984075,0.5648801245694237,0.0015750359267112657,0.000125043526069819,0.00012291319255747235,0.00030626186143575275,0.00028247975165427867,True,False,False,False,KEEP,False,0.5648801245694237
2023-06-07,2023-06-08,2023-06-12,2023,2023-06,1,0.000560195573827,0.2098120914549156,-0.011062220718023319,0.00014017644744000767,0.00019271435945951765,0.00030626186143575275,0.00028247975165427867,True,False,False,False,KEEP,False,0.2098120914549156
2023-06-08,2023-06-09,2023-06-13,2023,2023-06,1,0.0085650891143533,0.684606736641411,0.008809459118358731,0.00016517805651031998,0.00018070042600495733,0.00030626186143575275,0.00028247975165427867,True,False,False,False,KEEP,False,0.684606736641411
2023-06-09,2023-06-12,2023-06-14,2023,2023-06,0,-0.0059508022726256,0.4449228476011486,-0.0006729454823037884,0.00016141126202064813,0.00014601894829818318,0.00030626186143575275,0.00028247975165427867,True,False,False,False,KEEP,False,0.4449228476011486
2023-06-12,2023-06-13,2023-06-15,2023,2023-06,0,-0.0151331501930141,0.3869028439084838,-0.003767963085707926,0.0001337469783453432,0.0001446930443080521,0.00030626186143575275,0.00028247975165427867,True,False,False,False,KEEP,False,0.3869028439084838
2023-06-13,2023-06-14,2023-06-16,2023,2023-06,1,5.0915200744054005e-05,0.2386134723961537,-0.010599155902850654,0.00013683485312708816,0.0001798905529677947,0.00030504243979267623,0.00028180548250695793,True,False,False,False,KEEP,False,0.2386134723961537
2023-06-14,2023-06-15,2023-06-19,2023,2023-06,1,0.0012544001644851,0.4015908584318766,-0.004090616203664688,0.00012869846057028217,0.00012112924520095863,0.0002984762673157551,0.00027635527923069823,True,False,False,False,KEEP,False,0.4015908584318766
2023-06-15,2023-06-16,2023-06-20,2023,2023-06,1,0.0098753534966784,0.8432927938812502,0.01356915017104221,0.00018925116409948363,0.00014772632102396808,0.0002984762673157551,0.00027635527923069823,True,False,False,False,KEEP,False,0.8432927938812502
2023-06-16,2023-06-19,2023-06-21,2023,2023-06,0,-0.0147976080303325,0.3319156726239909,-0.0025807344903086005,0.0001966447266819225,0.00015371983549476427,0.0002984762673157551,0.00027635527923069823,True,False,False,False,KEEP,False,0.3319156726239909
2023-06-20,2023-06-21,2023-06-23,2023,2023-06,0,-0.0178151980100969,0.2371214792870952,-0.008735965215981523,0.0001916428285500026,0.0001762870430736775,0.0002957630350306864,0.0002758749013937117,True,False,False,False,KEEP,False,0.2371214792870952
2023-06-21,2023-06-22,2023-06-26,2023,2023-06,0,-0.0024315806900316,0.4410569308246194,-0.0010032839167557484,0.00016071771265054936,0.0001535503719818669,0.0002957630350306864,0.0002758749013937117,True,False,False,False,KEEP,False,0.4410569308246194
2023-06-22,2023-06-23,2023-06-27,2023,2023-06,0,-0.0020768978622679,0.2807681086277427,-0.007086327834081807,4.488714925983685e-05,0.00012815000679262028,0.0002957630350306864,0.0002758749013937117,True,False,False,False,KEEP,False,0.2807681086277427
2023-06-23,2023-06-26,2023-06-28,2023,2023-06,0,-0.0049618821116903,0.4641694557766651,0.0019430983001438307,7.59025322898356e-05,0.00014406891034414058,0.0002957630350306864,0.00027236781861204374,True,False,False,False,KEEP,False,0.4641694557766651
2023-06-26,2023-06-27,2023-06-29,2023,2023-06,0,-0.0138217398840798,0.3324966434146174,-0.004518735025651033,8.504722713882652e-05,0.00014480730968142514,0.0002957630350306864,0.00027097525931548446,True,False,False,False,KEEP,False,0.3324966434146174
2023-06-27,2023-06-28,2023-06-30,2023,2023-06,0,-0.0106598004822588,0.3224626184248601,-0.006256390677028989,9.135013154674706e-05,0.00010625165043690857,0.0002957630350306864,0.00026975581840736563,True,False,False,False,KEEP,False,0.3224626184248601
2023-06-28,2023-06-29,2023-07-03,2023,2023-06,1,0.0020399630465901,0.4819902540664474,-0.0012836258229871333,9.28914562055093e-05,0.00011119437450305478,0.0002957630350306864,0.00026975581840736563,True,False,False,False,KEEP,False,0.4819902540664474
2023-06-29,2023-06-30,2023-07-04,2023,2023-06,1,0.013407264319252,0.5331740381792929,0.0010958745123756941,0.00013808527064802453,0.0001485969071623585,0.0002957630350306864,0.00026975581840736563,True,False,False,False,KEEP,False,0.5331740381792929
2023-06-30,2023-07-03,2023-07-05,2023,2023-07,1,0.0129182218458355,0.754458080368319,0.009216022794408474,0.00011625507728766436,0.00013059325828814803,0.0002957630350306864,0.00026975581840736563,True,False,False,False,KEEP,False,0.754458080368319
2023-07-03,2023-07-04,2023-07-06,2023,2023-07,1,0.0028177116923344,0.6495201018410406,0.004966517733122622,0.00013131159067014371,0.0001282750737529066,0.0002957630350306864,0.00026975581840736563,True,False,False,False,KEEP,False,0.6495201018410406
2023-07-05,2023-07-06,2023-07-10,2023,2023-07,0,-0.0016868443150199,0.2949678350264749,-0.0061579449210960036,0.00012727085721578882,0.00011499338693565744,0.0002957630350306864,0.00026975581840736563,True,False,False,False,KEEP,False,0.2949678350264749
2023-07-06,2023-07-07,2023-07-11,2023,2023-07,1,0.0088449096217433,0.3390333418696058,-0.0038181328599291575,0.00013987581765821416,0.00016435366923408726,0.0002957630350306864,0.00026975581840736563,True,False,False,False,KEEP,False,0.3390333418696058
2023-07-07,2023-07-10,2023-07-12,2023,2023-07,1,0.0104378576564521,0.508103240895094,0.005014373948446504,0.00012843387942056337,0.00016869436078148912,0.0002957630350306864,0.00026975581840736563,True,False,False,False,KEEP,False,0.508103240895094
2023-07-10,2023-07-11,2023-07-13,2023,2023-07,1,0.0177884293538803,0.4299442087334397,5.712979906657978e-05,0.00011480673036021516,0.00019386512781838707,0.0002957630350306864,0.00026975581840736563,True,False,False,False,KEEP,False,0.4299442087334397
2023-07-11,2023-07-12,2023-07-14,2023,2023-07,1,0.0104298733644959,0.3832102332501979,-0.0023417357122612614,0.00012913388154706644,0.0001957993842913973,0.0002957630350306864,0.00026975581840736563,True,False,False,False,KEEP,False,0.3832102332501979
2023-07-12,2023-07-13,2023-07-17,2023,2023-07,1,0.0099209202731572,0.78026660560617,0.011617900251664537,0.0001902579519079802,0.000187862808803473,0.0002957630350306864,0.00026975581840736563,True,False,False,False,KEEP,False,0.78026660560617
2023-07-13,2023-07-14,2023-07-18,2023,2023-07,1,0.0011985058363647,0.4244355954405385,-0.0002754233056556643,0.00018459715220330312,8.238625877222283e-05,0.0002957630350306864,0.00026975581840736563,True,False,False,False,KEEP,False,0.4244355954405385
2023-07-14,2023-07-17,2023-07-19,2023,2023-07,1,0.0110049018328597,0.4127114857722849,-0.0003425903962712695,0.00015457000883196018,8.310907242485361e-05,0.0002957630350306864,0.00026975581840736563,True,False,False,False,KEEP,False,0.4127114857722849
2023-07-17,2023-07-18,2023-07-20,2023,2023-07,1,0.0134383650904993,0.4356030500956279,-0.00048586618740120713,0.00013983812249668918,7.268893663385958e-05,0.0002957630350306864,0.00026975581840736563,True,False,False,False,KEEP,False,0.4356030500956279
2023-07-18,2023-07-19,2023-07-21,2023,2023-07,1,0.0009424951344053,0.6901007391069127,0.008648678920105901,0.00016190571511628523,6.584264146547085e-05,0.0002957630350306864,0.00026975581840736563,True,False,False,False,KEEP,False,0.6901007391069127
2023-07-19,2023-07-20,2023-07-24,2023,2023-07,0,-0.0067970537370426,0.4705779536203332,-0.0003236854543651191,0.00010417648925592997,6.649952464192508e-05,0.0002957630350306864,0.00026975581840736563,True,False,False,False,KEEP,False,0.4705779536203332
2023-07-20,2023-07-21,2023-07-25,2023,2023-07,0,-0.009329277216502,0.2885543962991145,-0.006135019653350504,9.663666339475055e-05,7.854844634569591e-05,0.0002957630350306864,0.00026975581840736563,True,False,False,False,KEEP,False,0.2885543962991145
2023-07-21,2023-07-24,2023-07-26,2023,2023-07,1,0.0041668844273909,0.4846888553568609,0.00019880567255992077,9.153396942609327e-05,8.971951735304642e-05,0.0002957630350306864,0.00026975581840736563,True,False,False,False,KEEP,False,0.4846888553568609
2023-07-24,2023-07-25,2023-07-27,2023,2023-07,1,0.0053046482846855,0.3603269416613801,-0.002462539121567353,9.257247540251714e-05,8.385903712384095e-05,0.0002957630350306864,0.00026975581840736563,True,False,False,False,KEEP,False,0.3603269416613801
2023-07-25,2023-07-26,2023-07-28,2023,2023-07,0,-0.0066185637377001,0.4808141706850884,0.0010488707345732706,7.076332478108352e-05,8.474294237943651e-05,0.00029503870465398297,0.00026975581840736563,True,False,False,False,KEEP,False,0.4808141706850884
2023-07-26,2023-07-27,2023-07-31,2023,2023-07,0,-0.0083767723856832,0.4385510774524308,-1.5222081576560242e-05,9.004144149830582e-05,9.171985996362842e-05,0.00029349362886649515,0.0002679548798617118,True,False,False,False,KEEP,False,0.4385510774524308
2023-07-27,2023-07-28,2023-08-01,2023,2023-07,0,-0.0093847253460222,0.1162326815857575,-0.015453440577738675,9.841084535498912e-05,0.00022339272908740947,0.00029349362886649515,0.0002671759030324013,True,False,False,False,KEEP,False,0.1162326815857575
2023-07-28,2023-07-31,2023-08-02,2023,2023-07,0,-0.0002307781078744,0.5769722045179491,0.004870918944712699,0.00010893688156350326,0.00020999874785547024,0.00029349362886649515,0.0002671759030324013,True,False,False,False,KEEP,False,0.5769722045179491
2023-07-31,2023-08-01,2023-08-03,2023,2023-08,0,-0.0095827269287039,0.6420132450479995,0.006088067981890433,0.00011967003238814591,0.00020292777126371467,0.00029349362886649515,0.0002671759030324013,True,False,False,False,KEEP,False,0.6420132450479995
2023-08-01,2023-08-02,2023-08-04,2023,2023-08,0,-0.0116945366717078,0.3786309596893059,-0.006020402273371417,9.864287885365732e-05,0.00021410943032478352,0.00029349362886649515,0.0002671759030324013,True,False,False,False,KEEP,False,0.3786309596893059
2023-08-02,2023-08-03,2023-08-07,2023,2023-08,0,-0.0065867577202193,0.2923052810577556,-0.007748089612430675,0.00010640304919799066,0.00024000204132288582,0.00029349362886649515,0.0002671759030324013,True,False,False,False,KEEP,False,0.2923052810577556
2023-08-03,2023-08-04,2023-08-08,2023,2023-08,0,-0.0010847948993654,0.4338987213131718,-0.001921452834000803,7.985851703895681e-05,8.888635558985268e-05,0.00029349362886649515,0.0002671759030324013,True,False,False,False,KEEP,False,0.4338987213131718
2023-08-04,2023-08-07,2023-08-09,2023,2023-08,0,-0.0028997534817723,0.6132443916538483,0.0054034083729765925,7.985382758659495e-05,8.990371470483111e-05,0.00029349362886649515,0.0002671759030324013,True,False,False,False,KEEP,False,0.6132443916538483
2023-08-07,2023-08-08,2023-08-10,2023,2023-08,0,-0.0087114888493227,0.4771290495361802,0.00018590299730814053,5.7219611063090585e-05,9.238048504672711e-05,0.00029349362886649515,0.0002671759030324013,True,False,False,False,KEEP,False,0.4771290495361802
2023-08-08,2023-08-09,2023-08-11,2023,2023-08,0,-0.0086949170235411,0.3108305899176095,-0.004762196239875394,6.381218430679128e-05,8.233939373780821e-05,0.00029349362886649515,0.0002671759030324013,True,False,False,False,KEEP,False,0.3108305899176095
2023-08-09,2023-08-10,2023-08-14,2023,2023-08,0,-0.0077566176657103,0.2888194016880835,-0.006782102219636599,4.7761742697718835e-05,5.95230094191762e-05,0.00029349362886649515,0.0002671759030324013,True,False,False,False,KEEP,False,0.2888194016880835
2023-08-10,2023-08-11,2023-08-15,2023,2023-08,0,-0.0083678120183366,0.3847578690956633,-0.003705799446705349,5.683071007459792e-05,8.423293083155728e-05,0.00029349362886649515,0.00026237268222457336,True,False,False,False,KEEP,False,0.3847578690956633
2023-08-11,2023-08-14,2023-08-16,2023,2023-08,0,-0.0058826005946163,0.3892511625688925,-0.0026664056129641622,3.858898811073772e-05,8.559245618212508e-05,0.00029349362886649515,0.0002566634267065282,True,False,False,False,KEEP,False,0.3892511625688925
2023-08-14,2023-08-15,2023-08-17,2023,2023-08,0,-0.0102694306234242,0.3894523123432521,-0.003568939198149046,4.521461380566608e-05,9.331123785206767e-05,0.00029349362886649515,0.0002551141931096461,True,False,False,False,KEEP,False,0.3894523123432521
2023-08-15,2023-08-16,2023-08-18,2023,2023-08,0,-0.006507129405903,0.4890181027436467,-0.0011719005479671196,4.678255305241156e-05,8.42211459645683e-05,0.00029349362886649515,0.0002543865520648067,True,False,False,False,KEEP,False,0.4890181027436467
2023-08-16,2023-08-17,2023-08-21,2023,2023-08,0,-0.00879670662376,0.3027699240359795,-0.0071102326454557385,4.7971806977219e-05,8.562001408124738e-05,0.00029349362886649515,0.00024900660680347115,True,False,False,False,KEEP,False,0.3027699240359795
2023-08-17,2023-08-18,2023-08-22,2023,2023-08,1,0.0041625013997339,0.4663909383016921,-0.002463409272532857,4.334359184262532e-05,8.214662514835758e-05,0.00029349362886649515,0.00024900660680347115,True,False,False,False,KEEP,False,0.4663909383016921
2023-08-18,2023-08-21,2023-08-23,2023,2023-08,1,0.006743433609279,0.506162691049405,-0.001406804940632611,4.333288031004899e-05,6.597638110804178e-05,0.00029349362886649515,0.00024900660680347115,True,False,False,False,KEEP,False,0.506162691049405
2023-08-21,2023-08-22,2023-08-24,2023,2023-08,1,0.0160599652038956,0.614314423485353,0.0031822519256019532,6.706426388820593e-05,7.891052473199238e-05,0.00029349362886649515,0.00024592126655138065,True,False,False,False,KEEP,False,0.614314423485353
2023-08-22,2023-08-23,2023-08-25,2023,2023-08,1,0.008377670277964,0.4607814084597281,-0.0013904132606512576,7.245785577117914e-05,9.614082526772033e-05,0.00029349362886649515,0.00024371163335051353,True,False,False,False,KEEP,False,0.4607814084597281
2023-08-23,2023-08-24,2023-08-29,2023,2023-08,1,0.0099006830084397,0.6989053464191197,0.006074414621031643,0.00012842545389532903,8.807392445787788e-05,0.00029349362886649515,0.0002419382863374834,True,False,False,False,KEEP,False,0.6989053464191197
2023-08-24,2023-08-25,2023-08-30,2023,2023-08,1,0.0091473927891608,0.4511451425979708,-0.0018504353788948436,0.00012878211156739717,7.101079249318459e-05,0.00029349362886649515,0.00024032268297968933,True,False,False,False,KEEP,False,0.4511451425979708
2023-08-25,2023-08-29,2023-08-31,2023,2023-08,1,0.013645814466938,0.4954371348161227,-0.0004021023738545182,0.00012899795384717187,9.884281705825073e-05,0.00029349362886649515,0.00024032268297968933,True,False,False,False,KEEP,False,0.4954371348161227
2023-08-29,2023-08-30,2023-09-01,2023,2023-08,1,0.01075557190943,0.7205469013459848,0.007450199310054195,0.0001474216279449814,5.981158663161839e-05,0.0002927737146662,0.00024032268297968933,True,False,False,False,KEEP,False,0.7205469013459848
2023-08-30,2023-08-31,2023-09-04,2023,2023-08,1,0.0019070204727987,0.5852756972773441,0.002959461566067745,9.973082149635344e-05,5.9733322451870833e-05,0.0002924114173970107,0.00024032268297968933,True,False,False,False,KEEP,False,0.5852756972773441
2023-08-31,2023-09-01,2023-09-05,2023,2023-09,0,-0.0063983706417731,0.360364054414647,-0.002203629642756333,9.341443726638584e-05,5.9134666695563976e-05,0.00029024043187589533,0.00024032268297968933,True,False,False,False,KEEP,False,0.360364054414647
2023-09-01,2023-09-04,2023-09-06,2023,2023-09,0,-0.0107815665285454,0.3795570722627551,-0.0014060141898317724,0.00010388669721831256,3.7047982682062546e-05,0.00028731506727549264,0.00024032268297968933,True,False,False,False,KEEP,False,0.3795570722627551
2023-09-05,2023-09-06,2023-09-08,2023,2023-09,0,-0.0032405695461503,0.3478548329753271,-0.0038139224268762817,8.878440753129449e-05,4.42000049543144e-05,0.00028731506727549264,0.00024032268297968933,True,False,False,False,KEEP,False,0.3478548329753271
2023-09-06,2023-09-07,2023-09-11,2023,2023-09,1,0.0016363427502887,0.3329859771308533,-0.004331909979702786,3.97475197339026e-05,7.867012453875216e-05,0.00028731506727549264,0.00024032268297968933,True,False,False,False,KEEP,False,0.3329859771308533
2023-09-07,2023-09-08,2023-09-12,2023,2023-09,0,-0.0004949527942137,0.429207078986134,0.00043764394308887233,4.419160605237588e-05,8.24774267376986e-05,0.00028731506727549264,0.00024032268297968933,True,False,False,False,KEEP,False,0.429207078986134
2023-09-08,2023-09-11,2023-09-13,2023,2023-09,0,-0.0069833777820414,0.3773351404285849,-0.002918899734539515,5.380733374314049e-05,8.371864345035608e-05,0.00028731506727549264,0.00024032268297968933,True,False,False,False,KEEP,False,0.3773351404285849
2023-09-11,2023-09-12,2023-09-14,2023,2023-09,0,-0.0105139174385263,0.4233790379810971,-0.0028465229427760974,5.4929063542758846e-05,8.074563867443218e-05,0.00028203120517148296,0.00024032268297968933,True,False,False,False,KEEP,False,0.4233790379810971
2023-09-12,2023-09-13,2023-09-15,2023,2023-09,0,-0.0001042318116433,0.4042271120498444,-0.003297459444445927,5.4274081178774846e-05,7.53359946696322e-05,0.00028203120517148296,0.00024032268297968933,True,False,False,False,KEEP,False,0.4042271120498444
2023-09-13,2023-09-14,2023-09-18,2023,2023-09,1,0.0074247126974982,0.4128003601798151,-0.002109715634291298,4.852326537046418e-05,4.648653336384439e-05,0.00028203120517148296,0.00023967013224888338,True,False,False,False,KEEP,False,0.4128003601798151
2023-09-14,2023-09-15,2023-09-19,2023,2023-09,1,0.0148644525788853,0.5065884462510756,0.0017129488595486464,5.46445689161696e-05,4.674370501537347e-05,0.00028203120517148296,0.0002379939044804414,True,False,False,False,KEEP,False,0.5065884462510756
2023-09-15,2023-09-18,2023-09-20,2023,2023-09,1,0.0059498467220728,0.5191290069147019,0.002977744443084518,5.751165272718866e-05,3.3049367915009854e-05,0.00028203120517148296,0.00023468046942594836,True,False,False,False,KEEP,False,0.5191290069147019
2023-09-18,2023-09-19,2023-09-21,2023,2023-09,0,-0.0015585228361204,0.5921406553427662,0.003844525346538674,5.992672896957419e-05,3.0361507060081822e-05,0.00028203120517148296,0.00023468046942594836,True,False,False,False,KEEP,False,0.5921406553427662
2023-09-19,2023-09-20,2023-09-22,2023,2023-09,0,-0.0045581763371182,0.4262276901314186,-0.0012469609107759183,6.222743257475697e-05,2.3457080029830804e-05,0.00028203120517148296,0.00023468046942594836,True,False,False,False,KEEP,False,0.4262276901314186
2023-09-20,2023-09-21,2023-09-25,2023,2023-09,0,-0.0039452902421836,0.4764548844065739,0.0006787834383352731,8.928962125900299e-05,4.6969919411651186e-05,0.00028203120517148296,0.00023468046942594836,True,False,False,False,KEEP,False,0.4764548844065739
2023-09-21,2023-09-22,2023-09-26,2023,2023-09,0,-0.0057877472094529,0.4376625434385467,-0.001582006227069499,8.328564068995321e-05,6.343220157269901e-05,0.00028203120517148296,0.00023468046942594836,True,False,False,False,KEEP,False,0.4376625434385467
2023-09-22,2023-09-25,2023-09-27,2023,2023-09,0,-0.0160401162539645,0.498765773070853,-0.0007424659964438973,5.9290884376646856e-05,6.28943351859054e-05,0.00028203120517148296,0.00023468046942594836,True,False,False,False,KEEP,False,0.498765773070853
2023-09-25,2023-09-26,2023-09-28,2023,2023-09,0,-0.0255238856763088,0.43052439555548,-0.0030278499079781085,5.5691724841414876e-05,8.020833456905683e-05,0.00028203120517148296,0.00023468046942594836,True,False,False,False,KEEP,False,0.43052439555548
2023-09-26,2023-09-27,2023-09-29,2023,2023-09,0,-0.0215130260768673,0.3169990157357122,-0.006926118503876033,5.156798342703612e-05,9.125653699271869e-05,0.00028203120517148296,0.00023468046942594836,True,False,False,False,KEEP,False,0.3169990157357122
2023-09-27,2023-09-28,2023-10-02,2023,2023-09,0,-0.0341826487201457,0.2649645884837415,-0.011432358309789059,2.897749897256969e-05,0.00011341911255093836,0.00028203120517148296,0.00023468046942594836,True,False,False,False,KEEP,False,0.2649645884837415
2023-09-28,2023-09-29,2023-10-03,2023,2023-09,0,-0.0247419708331747,0.421185734701662,-0.004990427938516895,2.5348955662331807e-05,9.336552703052942e-05,0.00028203120517148296,0.00023468046942594836,True,False,False,False,KEEP,False,0.421185734701662
2023-09-29,2023-10-02,2023-10-04,2023,2023-10,0,-0.0261730571277187,0.2019436837437613,-0.012348176043262882,3.483576845366227e-05,0.00014318978023107913,0.00028203120517148296,0.00023468046942594836,True,False,False,False,KEEP,False,0.2019436837437613
2023-10-02,2023-10-03,2023-10-05,2023,2023-10,0,-0.004980035466114,0.3005141859494601,-0.006402203190238431,4.7640692954516174e-05,0.00015357669764203566,0.00028203120517148296,0.00023468046942594836,True,False,False,False,KEEP,False,0.3005141859494601
2023-10-03,2023-10-04,2023-10-06,2023,2023-10,0,-0.0035066607628197,0.3270994368168215,-0.0018250568674051948,5.992307359402582e-05,0.00015780645952786048,0.00028203120517148296,0.00023468046942594836,True,False,False,False,KEEP,False,0.3270994368168215
2023-10-04,2023-10-05,2023-10-09,2023,2023-10,1,0.0158074872643349,0.5029944241962379,-0.0010098616786677894,8.703905795544947e-05,0.0001673821026812716,0.00028203120517148296,0.00023468046942594836,True,False,False,False,KEEP,False,0.5029944241962379
2023-10-05,2023-10-06,2023-10-10,2023,2023-10,1,0.0200688346894436,0.4845890749432435,0.00019228772130563954,0.00010105587497292983,0.000161250160946328,0.00028203120517148296,0.00023468046942594836,True,False,False,False,KEEP,False,0.4845890749432435
2023-10-09,2023-10-10,2023-10-12,2023,2023-10,1,0.0154551818094912,0.777286697866127,0.005915890941132318,0.00027648468696846987,0.00010685249977333418,0.00028203120517148296,0.00023468046942594836,True,False,False,False,KEEP,False,0.777286697866127
2023-10-10,2023-10-11,2023-10-13,2023,2023-10,1,0.0145730819925667,0.5997652449029758,0.0010379097033714757,0.0002682299127440648,0.00010165862148645795,0.00028203120517148296,0.00023468046942594836,True,False,False,False,KEEP,False,0.5997652449029758
2023-10-11,2023-10-12,2023-10-16,2023,2023-10,1,0.0235964074380556,0.5832684071679265,0.002521358173347643,0.0002769827249962209,8.527925839629154e-05,0.00028203120517148296,0.00023468046942594836,True,False,False,False,KEEP,False,0.5832684071679265
2023-10-12,2023-10-13,2023-10-17,2023,2023-10,1,0.022237156635066,0.351684415663052,-0.006161207275956926,0.00024831753582416066,7.456066494073196e-05,0.00028203120517148296,0.00023468046942594836,True,False,False,False,KEEP,False,0.351684415663052
2023-10-16,2023-10-17,2023-10-19,2023,2023-10,1,0.0176019868231637,0.6722641812197321,0.004452110978610868,0.00021939773795283052,6.819620629763323e-05,0.00028203120517148296,0.00023468046942594836,True,False,False,False,KEEP,False,0.6722641812197321
2023-10-17,2023-10-18,2023-10-20,2023,2023-10,1,0.0310953616425675,0.570563361969724,0.0020404129396291992,0.00020998151735727647,7.247807415405145e-05,0.00028203120517148296,0.00023468046942594836,True,False,False,False,KEEP,False,0.570563361969724
2023-10-18,2023-10-19,2023-10-23,2023,2023-10,1,0.0189059850525993,0.6870204133826884,0.0047451235809221615,0.00026790340118031607,9.939900570634095e-05,0.00028203120517148296,0.00023468046942594836,True,False,False,False,KEEP,False,0.6870204133826884
2023-10-19,2023-10-20,2023-10-24,2023,2023-10,1,0.0095760489688059,0.7961488164853772,0.012547939756579751,0.00031407009535555576,8.943754798288405e-05,0.00028203120517148296,0.00023468046942594836,True,True,False,False,KEEP,False,0.7961488164853772
2023-10-23,2023-10-24,2023-10-26,2023,2023-10,1,0.0052864890008981,0.3076283305451772,-0.004374923842102696,0.00020796861038836257,0.00012238572175931323,0.00028731506727549264,0.00023468046942594836,True,False,False,False,KEEP,False,0.3076283305451772
2023-10-24,2023-10-25,2023-10-27,2023,2023-10,1,0.0102150066495079,0.4921918035259872,-0.0005984288148894734,0.0002134531219133139,0.00013253700301607706,0.00028731506727549264,0.0002299996722122195,True,False,False,False,KEEP,False,0.4921918035259872
2023-10-25,2023-10-26,2023-10-30,2023,2023-10,1,0.0131106433830191,0.5815052412621332,0.0041710309822500236,0.00018194706854405881,0.00012259099352315023,0.00028731506727549264,0.00022587775932840306,True,False,False,False,KEEP,False,0.5815052412621332
2023-10-26,2023-10-27,2023-10-31,2023,2023-10,1,0.0030834433625328,0.2844546931893212,-0.0036559902564103908,0.00018341192081419697,0.0001231461326461317,0.00028731506727549264,0.00022509157426900783,True,False,False,False,KEEP,False,0.2844546931893212
2023-10-30,2023-10-31,2023-11-02,2023,2023-10,0,-0.0047453545743502,0.4408700250039385,0.001223015448301723,0.0001589988457728226,9.453617869417766e-05,0.00028731506727549264,0.00022408043390105922,True,False,False,False,KEEP,False,0.4408700250039385
2023-10-31,2023-11-01,2023-11-03,2023,2023-11,0,-0.0045658743178181,0.2328771687963846,-0.006530783235394466,0.00016917367114013378,0.00010140294068752922,0.00028731506727549264,0.00022370361477410942,True,False,False,False,KEEP,False,0.2328771687963846
2023-11-01,2023-11-02,2023-11-06,2023,2023-11,1,0.0023176149027675,0.2957585284061421,0.00018157469718182995,0.00013915535660448836,0.00010173940416286832,0.00028731506727549264,0.00022344869606088778,True,False,False,False,KEEP,False,0.2957585284061421
2023-11-02,2023-11-03,2023-11-07,2023,2023-11,0,-0.0095588033423527,0.3871746838798949,-0.0004883142061533619,0.00012342966491746512,9.684012890178791e-05,0.00028731506727549264,0.0002223880899645053,True,False,False,False,KEEP,False,0.3871746838798949
2023-11-06,2023-11-07,2023-11-09,2023,2023-11,0,-0.020514973954675,0.2555134775472714,-0.0044895077512112636,9.580359152994396e-05,0.00010364615600041555,0.00028203120517148296,0.0002223880899645053,True,False,False,False,KEEP,False,0.2555134775472714
2023-11-07,2023-11-08,2023-11-10,2023,2023-11,0,-0.007319127349843,0.477896736242968,0.0014228735103820611,0.00010739042020473775,0.00011900932899213175,0.0002784861683923213,0.0002198823092139254,True,False,False,False,KEEP,False,0.477896736242968
2023-11-08,2023-11-09,2023-11-13,2023,2023-11,0,-0.0116228168883324,0.2557546279671814,-0.007758322678914631,0.00010064104559056576,0.00011520640445189353,0.0002771647155171933,0.00021889588110066447,True,False,False,False,KEEP,False,0.2557546279671814
2023-11-09,2023-11-10,2023-11-14,2023,2023-11,0,-0.0001027406057462,0.6559917531926045,0.005971043636538553,0.00011920149897714553,0.00010175329717719054,0.0002765842945740201,0.0002167337836955166,True,False,False,False,KEEP,False,0.6559917531926045
2023-11-13,2023-11-14,2023-11-16,2023,2023-11,1,0.0148826374289673,0.6297116165738758,0.004118918820928741,0.00010072308311943114,0.00010145736920716591,0.00027147986188359464,0.00021518190191633903,True,False,False,False,KEEP,False,0.6297116165738758
2023-11-14,2023-11-15,2023-11-17,2023,2023-11,1,0.0231558826630201,0.7575670994295625,0.00815265272060195,0.00015245859440964196,7.378915502149501e-05,0.00026862966131772697,0.00021427203560647886,True,False,False,False,KEEP,False,0.7575670994295625
2023-11-15,2023-11-16,2023-11-20,2023,2023-11,1,0.0013419592083396,0.3479601267515725,-0.006212394245243225,0.00015233716873878393,8.894805891514303e-05,0.0002679687034930658,0.00021269933926608355,True,False,False,False,KEEP,False,0.3479601267515725
2023-11-16,2023-11-17,2023-11-21,2023,2023-11,1,0.0111504170411041,0.7444860745158143,0.0076096344020593065,0.00017301340681423664,7.704239076337803e-05,0.0002642421727132809,0.00021269933926608355,True,False,False,False,KEEP,False,0.7444860745158143
2023-11-20,2023-11-21,2023-11-23,2023,2023-11,1,0.0083404159793498,0.5536720372948717,-0.0008187598593094592,0.00018039187387538255,7.528785405864196e-05,0.0002630055365058918,0.00021269933926608355,True,False,False,False,KEEP,False,0.5536720372948717
2023-11-21,2023-11-22,2023-11-24,2023,2023-11,1,0.0033385660128035,0.756839120778741,0.006516338843779224,0.0001391029040597545,8.649048357565815e-05,0.0002610314139093141,0.00021269933926608355,True,False,False,False,KEEP,False,0.756839120778741
2023-11-22,2023-11-23,2023-11-27,2023,2023-11,1,0.0058829564424853,0.294171312145879,-0.006142185692112001,0.00014417974803911422,8.253954563737807e-05,0.00025933028787750146,0.00021269933926608355,True,False,False,False,KEEP,False,0.294171312145879
2023-11-27,2023-11-28,2023-11-30,2023,2023-11,1,0.0129151947692487,0.6091304809651763,0.00043200512046759343,0.00011870686587414656,5.717750251259716e-05,0.00025933028787750146,0.00021046836158465792,True,False,False,False,KEEP,False,0.6091304809651763
2023-11-28,2023-11-29,2023-12-01,2023,2023-11,1,0.0150549220843275,0.8497437477777932,0.012432364759415115,0.000139380904015246,4.77349260183179e-05,0.00025933028787750146,0.00020808918921632157,True,False,False,False,KEEP,False,0.8497437477777932
2023-11-29,2023-11-30,2023-12-04,2023,2023-11,1,0.0143014460771155,0.6674710835374256,0.00285597332733456,0.00011993724131396935,4.907236474781402e-05,0.00025933028787750146,0.00020757923814287995,True,False,False,False,KEEP,False,0.6674710835374256
2023-11-30,2023-12-01,2023-12-05,2023,2023-12,0,-0.0070913551546207,0.5163154783176133,-0.0018595774455221203,0.00011956816278612517,3.8992444943570624e-05,0.00025933028787750146,0.0002073750975092085,True,False,False,False,KEEP,False,0.5163154783176133
2023-12-04,2023-12-05,2023-12-07,2023,2023-12,0,-0.0164140018260667,0.071816909189222,-0.02049754783696045,0.0007618240976258614,0.0004730965445469156,0.00025816687993692036,0.0002066396857132673,True,True,True,True,BOTH_TAIL_RISK_KEEP,False,0.071816909189222
2023-12-05,2023-12-06,2023-12-08,2023,2023-12,1,0.003231817686679,0.3858015642209752,-0.004752503734386515,0.0007575287706319839,0.0005268533509707453,0.00025816687993692036,0.0002066396857132673,True,True,True,True,BOTH_TAIL_RISK_KEEP,False,0.3858015642209752
2023-12-06,2023-12-07,2023-12-11,2023,2023-12,0,-0.0146762822126454,0.4985085274792224,0.0020263282832697627,0.0007501986453400895,0.0005489904387724438,0.00025816687993692036,0.0002066396857132673,True,True,True,True,KEEP,False,0.4985085274792224
2023-12-07,2023-12-08,2023-12-12,2023,2023-12,0,-0.0230844537572525,0.3280554151294114,-0.0027419893398556994,0.0007548425528053201,0.0005688061365385705,0.00025816687993692036,0.0002066396857132673,True,True,True,True,BOTH_TAIL_RISK_KEEP,False,0.3280554151294114
2023-12-11,2023-12-12,2023-12-14,2023,2023-12,1,0.0209394021805246,0.211985762968407,-0.00583095891656793,0.00011277224460450588,0.00041991194884002475,0.00025816687993692036,0.0002066396857132673,True,False,True,False,KEEP,False,0.211985762968407
2023-12-12,2023-12-13,2023-12-15,2023,2023-12,1,0.0281617896258165,0.3261805973701761,-0.003253059908050915,9.065224514913436e-05,0.0001886749399613246,0.0002527499667425736,0.0002073750975092085,True,False,False,False,KEEP,False,0.3261805973701761
2023-12-13,2023-12-14,2023-12-18,2023,2023-12,1,0.0196883311488003,0.9245464214125356,0.02253161783647517,0.0003500771673275771,0.00016642254820207794,0.00025093055605013303,0.0002073750975092085,True,True,False,False,KEEP,False,0.9245464214125356
2023-12-14,2023-12-15,2023-12-19,2023,2023-12,0,-0.0039900547998126,0.5245936449509193,-0.00016693427772107583,0.00036880131259726804,0.00015634067253807272,0.00025093055605013303,0.0002073750975092085,True,True,False,False,KEEP,False,0.5245936449509193
2023-12-18,2023-12-19,2023-12-21,2023,2023-12,1,0.0065840814879395,0.6719717905264626,0.0020837826708763885,0.00039123865236024625,0.00014355871131953654,0.0002527499667425736,0.0002073750975092085,True,True,False,False,KEEP,False,0.6719717905264626
2023-12-19,2023-12-20,2023-12-22,2023,2023-12,1,0.0145043703094458,0.7597677671132373,0.006860745142065916,0.00041487720107328825,0.0001258979894018597,0.00025816687993692036,0.0002073750975092085,True,True,False,False,KEEP,False,0.7597677671132373
2023-12-20,2023-12-21,2023-12-27,2023,2023-12,1,0.0123718955827543,0.4725183986779896,-0.004229431456685084,0.0004081030871900533,0.0001344891593873296,0.00025933028787750146,0.0002073750975092085,True,True,False,False,DOWN_MOMENTUM_PLUS_TAIL_FLIP_UP,True,0.5274816013220104
2023-12-21,2023-12-22,2023-12-28,2023,2023-12,1,0.0211578622785251,0.698856035013323,0.005057257182240704,0.0001098262062829654,0.00012493938469590533,0.0002610314139093141,0.0002073750975092085,True,False,False,False,KEEP,False,0.698856035013323
2023-12-27,2023-12-28,2024-01-02,2023,2023-12,1,0.006382074555883,0.6516480859473374,0.004495776986122024,0.00011824528295196048,7.78788724275614e-05,0.00025933028787750146,0.0002073750975092085,True,False,False,False,KEEP,False,0.6516480859473374
2023-12-28,2023-12-29,2024-01-03,2023,2023-12,0,-0.0114961876983458,0.4011303160520537,-0.005590797961203542,0.00013479858053670434,9.773612671894286e-05,0.00025816687993692036,0.0002073750975092085,True,False,False,False,KEEP,False,0.4011303160520537
2024-01-02,2024-01-03,2024-01-05,2024,2024-01,0,-0.0180912389255145,0.2407328280401249,-0.00876207486118652,0.00013424466506491123,0.00014176393203007984,0.0002527499667425736,0.0002073750975092085,True,False,False,False,KEEP,False,0.2407328280401249
2024-01-03,2024-01-04,2024-01-08,2024,2024-01,0,-0.0127633682270117,0.3643688024959265,-0.007534764636385027,0.00010994685553100919,0.00014033536446524198,0.0002499125657124005,0.0002073750975092085,True,False,False,False,KEEP,False,0.3643688024959265
2024-01-04,2024-01-05,2024-01-09,2024,2024-01,0,-0.0053337374441868,0.4065350099223355,-0.002243700549427352,0.0001027781529173476,0.00014666078402254506,0.00024855970663920475,0.0002073750975092085,True,False,False,False,KEEP,False,0.4065350099223355
2024-01-08,2024-01-09,2024-01-11,2024,2024-01,1,0.0018966223649118,0.457509932392216,-0.0005176262572970103,0.00015968889706473533,0.00022107868799698717,0.0002476284213871264,0.0002073750975092085,True,False,True,False,KEEP,False,0.457509932392216
2024-01-09,2024-01-10,2024-01-12,2024,2024-01,1,0.0006866616254303,0.3849955325536824,-0.0025333193000900422,0.00015278960233361968,0.00021286172945910524,0.0002476284213871264,0.00020757923814287995,True,False,True,False,KEEP,False,0.3849955325536824
2024-01-10,2024-01-11,2024-01-15,2024,2024-01,1,0.0086061996679717,0.3611880124292925,-0.0055859631107813,0.0001505686276820922,0.00017106500208059473,0.0002476284213871264,0.00020808918921632157,True,False,False,False,KEEP,False,0.3611880124292925
2024-01-11,2024-01-12,2024-01-16,2024,2024-01,1,0.0038805432329237,0.5982214523094374,-0.0013152616869165357,0.0001684562480295161,0.00019736418181543839,0.0002476284213871264,0.00020808918921632157,True,False,False,False,KEEP,False,0.5982214523094374
2024-01-16,2024-01-17,2024-01-19,2024,2024-01,0,-0.0050377940299571,0.3609918834429855,-0.006378860427228794,0.00011798304294062093,0.0001392173487733552,0.0002476284213871264,0.00020808918921632157,True,False,False,False,KEEP,False,0.3609918834429855
2024-01-17,2024-01-18,2024-01-22,2024,2024-01,0,-0.0018018245257864,0.2800353976033731,-0.00881837858952128,0.00011848227831250956,0.00017601912843599434,0.0002476284213871264,0.00020808918921632157,True,False,False,False,KEEP,False,0.2800353976033731
2024-01-18,2024-01-19,2024-01-23,2024,2024-01,1,0.0072542128691618,0.7513617453836322,0.006396781902893167,0.0001326224331788361,0.000182633628738438,0.0002476284213871264,0.00020808918921632157,True,False,False,False,KEEP,False,0.7513617453836322
2024-01-22,2024-01-23,2024-01-25,2024,2024-01,0,-0.0028450929002064,0.365854994465768,9.902214298307399e-06,6.913485051618686e-05,0.0001491808076570413,0.0002476284213871264,0.00020808918921632157,True,False,False,False,KEEP,False,0.365854994465768
2024-01-23,2024-01-24,2024-01-26,2024,2024-01,0,-0.0028409460923882,0.4421707132247876,0.0002808901533084551,8.759468364257926e-05,0.00014434619120623745,0.0002476284213871264,0.00020808918921632157,True,False,False,False,KEEP,False,0.4421707132247876
2024-01-24,2024-01-25,2024-01-29,2024,2024-01,0,-0.0015525466110034,0.2231966596679663,-0.008495395585423005,7.186239991338451e-05,0.00011399246761515832,0.0002476284213871264,0.00020808918921632157,True,False,False,False,KEEP,False,0.2231966596679663
2024-01-25,2024-01-26,2024-01-30,2024,2024-01,1,0.0091986986311884,0.6053599447252087,0.0014509402724600662,8.185174317560431e-05,0.00010918895741574553,0.0002476284213871264,0.00020786062752240934,True,False,False,False,KEEP,False,0.6053599447252087
2024-01-29,2024-01-30,2024-02-01,2024,2024-01,1,0.0050185841758715,0.7224094157404038,0.002211126971745969,0.000100048256258623,0.0001322086704537103,0.0002428500983124139,0.00020786062752240934,True,False,False,False,KEEP,False,0.7224094157404038
2024-01-30,2024-01-31,2024-02-02,2024,2024-01,1,0.0085065289285618,0.5618187339895462,0.0005794252694073521,0.00011647748886369596,0.0001742023240504212,0.0002428500983124139,0.00020786062752240934,True,False,False,False,KEEP,False,0.5618187339895462
2024-01-31,2024-02-01,2024-02-05,2024,2024-02,0,-0.0065971093931501,0.3225119088736544,0.0005051537662632555,0.00013807895236622983,0.000182769396352719,0.0002428500983124139,0.00020786062752240934,True,False,False,False,KEEP,False,0.3225119088736544
2024-02-01,2024-02-02,2024-02-06,2024,2024-02,0,-0.0061537140973829,0.6054859321525563,0.00673826984002357,0.0001621355328032356,0.00017544102940174292,0.00024106703218826548,0.00020786062752240934,True,False,False,False,KEEP,False,0.6054859321525563
2024-02-05,2024-02-06,2024-02-08,2024,2024-02,1,0.0061799263541788,0.4776909474389978,0.001180855522799007,0.0001556516291789291,0.000291281721161729,0.0002390752286867915,0.00020786062752240934,True,False,True,False,KEEP,False,0.4776909474389978
2024-02-06,2024-02-07,2024-02-09,2024,2024-02,1,0.003253879174329,0.6204984869359292,0.006059664533913711,0.00013544812073122478,0.0002891442618133847,0.00023757684641881696,0.00021046836158465792,True,False,True,False,UP_MOMENTUM_MINUS_TAIL_FLIP_DOWN,True,0.37950151306407076
2024-02-07,2024-02-08,2024-02-12,2024,2024-02,0,-0.0060184681691264,0.4028209977764754,0.00035875905378990325,0.00011593675090760421,0.00024817552265585577,0.0002335851188662296,0.00021244979909294787,True,False,True,False,KEEP,False,0.4028209977764754
2024-02-08,2024-02-09,2024-02-13,2024,2024-02,0,-0.0053405652068176,0.4127178893249431,-0.00045704613097630187,0.00010656317767319547,0.00021849584524304385,0.0002335851188662296,0.00021311126963224092,True,False,True,False,KEEP,False,0.4127178893249431
2024-02-09,2024-02-12,2024-02-14,2024,2024-02,0,-0.0203117027837676,0.4186472948637168,-0.0034514587077731917,8.504789822278307e-05,8.846943119795725e-05,0.0002335851188662296,0.00021427203560647886,True,False,False,False,KEEP,False,0.4186472948637168
2024-02-12,2024-02-13,2024-02-15,2024,2024-02,0,-0.0119964603542751,0.6313120285347384,-0.00038601047690001167,6.639304871478659e-05,5.806212944070135e-05,0.0002335851188662296,0.00021427203560647886,True,False,False,False,KEEP,False,0.6313120285347384
2024-02-13,2024-02-14,2024-02-16,2024,2024-02,0,-0.010318575529752,0.184128700513137,-0.01674726027012685,5.405550195957081e-05,0.00021669196133974208,0.0002335851188662296,0.00021427203560647886,True,False,True,False,KEEP,False,0.184128700513137
2024-02-14,2024-02-15,2024-02-19,2024,2024-02,1,0.0147341957285343,0.602332947103823,0.0004769918717375532,5.1880680114893336e-05,0.00021686896773389014,0.0002335851188662296,0.00021518190191633903,True,False,True,False,UP_MOMENTUM_MINUS_TAIL_FLIP_DOWN,True,0.397667052896177
2024-02-15,2024-02-16,2024-02-20,2024,2024-02,1,0.0148622165524087,0.7265550721187849,0.003989197633824659,4.402934378037659e-05,0.0001947970898309683,0.0002335851188662296,0.00021631413838687195,True,False,False,False,KEEP,False,0.7265550721187849
2024-02-16,2024-02-19,2024-02-21,2024,2024-02,1,0.0116009431530818,0.6345810447565993,0.004081246499895386,7.548261766810856e-05,0.00019872790486904373,0.0002314542794627212,0.00021631413838687195,True,False,False,False,KEEP,False,0.6345810447565993
2024-02-20,2024-02-21,2024-02-23,2024,2024-02,0,-0.0037072779169775,0.4525623409638611,9.383838381893383e-05,8.208929813198113e-05,0.00019404950114017435,0.00023057138686139977,0.00021631413838687195,True,False,False,False,KEEP,False,0.4525623409638611
2024-02-21,2024-02-22,2024-02-26,2024,2024-02,1,0.0031250409910447,0.5393793275451949,-0.001065592307647023,8.761296467558843e-05,3.471296908854324e-05,0.00023057138686139977,0.00021518190191633903,True,False,False,False,KEEP,False,0.5393793275451949
2024-02-22,2024-02-23,2024-02-27,2024,2024-02,1,0.0025080541313493,0.4747360023683431,-0.002929881700821646,8.234114357707039e-05,3.675901718233508e-05,0.00022991077107619888,0.00021427203560647886,True,False,False,False,KEEP,False,0.4747360023683431
2024-02-23,2024-02-26,2024-02-28,2024,2024-02,1,0.0029422330258235,0.7578769161222138,0.009244042791992868,0.00010291709541211101,4.6609750200945135e-05,0.00022480793729655967,0.00021427203560647886,True,False,False,False,KEEP,False,0.7578769161222138
2024-02-26,2024-02-27,2024-02-29,2024,2024-02,0,-0.0011553732279972,0.3981623816838037,-0.0009251058580979077,6.661663662313847e-05,4.502293162291913e-05,0.00022023107065106872,0.00021427203560647886,True,False,False,False,KEEP,False,0.3981623816838037
2024-02-27,2024-02-28,2024-03-01,2024,2024-02,1,0.0069990252185877,0.3562555403021555,-0.0030488622410418387,6.385729095971634e-05,4.6025845759206614e-05,0.00021825318210515286,0.00021427203560647886,True,False,False,False,KEEP,False,0.3562555403021555
2024-02-28,2024-02-29,2024-03-04,2024,2024-02,1,0.0281880214795097,0.6029022078585105,0.0046903206320898505,7.279943037447075e-05,4.7217459691020965e-05,0.00021825318210515286,0.00021427203560647886,True,False,False,False,KEEP,False,0.6029022078585105
2024-02-29,2024-03-01,2024-03-05,2024,2024-03,1,0.0449457117041172,0.5203589228331749,0.0047169667261890424,0.0001403707278792431,4.705898524141949e-05,0.0002151508080799598,0.00021427203560647886,True,False,False,False,KEEP,False,0.5203589228331749
2024-03-01,2024-03-04,2024-03-06,2024,2024-03,1,0.0368909497850168,0.8646879716103466,0.017707606493493344,0.0002915420501267897,5.466213167949464e-05,0.00021358031265299952,0.00021427203560647886,True,True,False,False,KEEP,False,0.8646879716103466
2024-03-04,2024-03-05,2024-03-07,2024,2024-03,1,0.0347676527517493,0.8586843806868526,0.013853931442075584,0.00036757001177323213,4.88304204054326e-05,0.0002151508080799598,0.00021427203560647886,True,True,False,False,KEEP,False,0.8586843806868526
2024-03-05,2024-03-06,2024-03-08,2024,2024-03,1,0.0197449894119353,0.498475203850085,0.0015331991949620871,0.00038284679900263223,5.1491439439960256e-05,0.00022023107065106872,0.00021427203560647886,True,True,False,False,KEEP,False,0.498475203850085
2024-03-06,2024-03-07,2024-03-11,2024,2024-03,1,0.0237365410479046,0.7980442284003748,0.009076751853971388,0.00041009934448702433,5.6204100831614135e-05,0.00022480793729655967,0.00021427203560647886,True,True,False,False,KEEP,False,0.7980442284003748
2024-03-07,2024-03-08,2024-03-12,2024,2024-03,1,0.0090233116699106,0.6134781773776283,0.00105611715641718,0.0003550357331590156,5.9860015759547014e-05,0.00022991077107619888,0.00021427203560647886,True,True,False,False,KEEP,False,0.6134781773776283
2024-03-08,2024-03-11,2024-03-13,2024,2024-03,0,-0.0036031913333827,0.6397861290061274,0.0046270590649886145,0.0002041356093942412,7.100304938931956e-05,0.00023057138686139977,0.00021427203560647886,True,False,False,False,KEEP,False,0.6397861290061274
2024-03-11,2024-03-12,2024-03-14,2024,2024-03,0,-0.0039786173335722,0.5331433530168579,0.0023989590208692846,0.00014070133295563663,8.730160863982622e-05,0.00023057138686139977,0.00021427203560647886,True,False,False,False,KEEP,False,0.5331433530168579
2024-03-12,2024-03-13,2024-03-15,2024,2024-03,0,-0.0027836907605701,0.1672230674152507,-0.009054079734338139,0.00012905192874739128,0.00013749236664048974,0.00022991077107619888,0.00021427203560647886,True,False,False,False,KEEP,False,0.1672230674152507
2024-03-13,2024-03-14,2024-03-18,2024,2024-03,0,-0.0025717378028558,0.5662190354203827,0.007404245230945072,0.00010189470302886026,0.00013013553734823362,0.00022480793729655967,0.00021311126963224092,True,False,False,False,KEEP,False,0.5662190354203827
2024-03-14,2024-03-15,2024-03-19,2024,2024-03,0,-0.0071691526039687,0.329470526940239,-0.003393487284280461,8.316847733402699e-05,0.00013046173068627547,0.00022480793729655967,0.00021057134417619728,True,False,False,False,KEEP,False,0.329470526940239
2024-03-15,2024-03-18,2024-03-20,2024,2024-03,0,-0.0078404564695835,0.208175190208786,-0.006081054720731061,6.55976977917873e-05,0.00014094151356244456,0.00022480793729655967,0.00020786062752240934,True,False,False,False,KEEP,False,0.208175190208786
2024-03-18,2024-03-19,2024-03-21,2024,2024-03,1,0.025356664928973,0.5236569225984394,0.003208154919978945,4.982098605489476e-05,0.00010739678136797862,0.00022023107065106872,0.00020463541922564478,True,False,False,False,KEEP,False,0.5236569225984394
2024-03-19,2024-03-20,2024-03-22,2024,2024-03,1,0.0055317172454342,0.5308223445716707,0.002073833474438125,5.082479269727829e-05,8.277606091048444e-05,0.00022023107065106872,0.00020313476694542573,True,False,False,False,KEEP,False,0.5308223445716707
2024-03-20,2024-03-21,2024-03-25,2024,2024-03,1,0.0069185212624197,0.8783992721398856,0.013858288360444782,0.000169619420599818,5.990815557626366e-05,0.00022023107065106872,0.00020313476694542573,True,False,False,False,KEEP,False,0.8783992721398856
2024-03-21,2024-03-22,2024-03-26,2024,2024-03,0,-0.0078109431887435,0.1917803390912337,-0.00919039093652696,0.00023426312733201103,0.0001555400635474737,0.00022023107065106872,0.00020313476694542573,True,True,False,False,DOWN_MOMENTUM_PLUS_TAIL_FLIP_UP,True,0.8082196609087663
2024-03-22,2024-03-25,2024-03-27,2024,2024-03,1,0.0118396169969194,0.5335476273605213,-0.0013431820846356857,0.0002446037713719271,0.00019673835778494055,0.00022493662766604527,0.00020313476694542573,True,True,False,False,KEEP,False,0.5335476273605213
2024-03-25,2024-03-26,2024-03-28,2024,2024-03,1,0.0176676176126998,0.4671490323356875,0.002826516085678854,0.0002623269161115744,0.0001969747750037659,0.00023057138686139977,0.00020313476694542573,True,True,False,False,KEEP,False,0.4671490323356875
2024-03-26,2024-03-27,2024-04-02,2024,2024-03,1,0.0319004169558571,0.3467483447943106,0.00017908036675251537,0.0003101101954184198,0.000219328549708334,0.0002317764687387495,0.00020313476694542573,True,True,True,True,KEEP,False,0.3467483447943106
2024-03-27,2024-03-28,2024-04-03,2024,2024-03,1,0.0352729943555877,0.5985611383172532,0.00794981811050377,0.0003525016072386721,0.00022920693384178553,0.0002351338518654908,0.00020463541922564478,True,True,True,True,BOTH_TAIL_RISK_KEEP,False,0.5985611383172532
2024-03-28,2024-04-02,2024-04-04,2024,2024-04,1,0.0380087978738835,0.7374982418826129,0.01729072893745709,0.0002642219275372845,0.00014203668876852725,0.0002390752286867915,0.00020786062752240934,True,True,False,False,KEEP,False,0.7374982418826129
2024-04-02,2024-04-03,2024-04-05,2024,2024-04,1,0.0104986688008665,0.7344991347282254,0.008586957012318486,0.0003187869383389551,0.00013515167304149078,0.00024227962403122568,0.00020786062752240934,True,True,False,False,KEEP,False,0.7344991347282254
2024-04-03,2024-04-04,2024-04-08,2024,2024-04,1,0.0287150913394378,0.903337806548746,0.011620262071549092,0.000298829558768334,0.0001264885954120754,0.0002453465242623739,0.00020786062752240934,True,True,False,False,KEEP,False,0.903337806548746
2024-04-04,2024-04-05,2024-04-09,2024,2024-04,1,0.0307967731856565,0.4266902168620574,-0.00027064111650698663,0.0003024766615779248,0.00020315341351886758,0.00024855970663920475,0.00020786062752240934,True,True,False,False,DOWN_MOMENTUM_PLUS_TAIL_FLIP_UP,True,0.5733097831379426
2024-04-05,2024-04-08,2024-04-10,2024,2024-04,1,0.0251992709496581,0.9121552787669626,0.018038626719880213,0.0003515401957548559,0.00021129116449081047,0.00025142738557246353,0.00020786062752240934,True,True,True,True,BOTH_TAIL_RISK_KEEP,False,0.9121552787669626
2024-04-08,2024-04-09,2024-04-11,2024,2024-04,0,-0.0022062061147879,0.75747370616426,0.0010737162239280451,0.0004581606853528968,0.0002635714816815475,0.0002596840778341496,0.0002102572311825383,True,True,True,True,BOTH_TAIL_RISK_KEEP,False,0.75747370616426
2024-04-09,2024-04-10,2024-04-12,2024,2024-04,1,0.0128600217349205,0.4887059348944159,-0.0022251559075048277,0.0004540680654345241,0.0002917015205635526,0.00026270591839671644,0.00021160527748446945,True,True,True,True,BOTH_TAIL_RISK_KEEP,False,0.4887059348944159
2024-04-10,2024-04-11,2024-04-15,2024,2024-04,1,0.0001278227526241,0.30603435885106,-0.008919965455967294,0.00045384400515657467,0.0003302013473969505,0.00026495822226589084,0.00021311126963224092,True,True,True,True,BOTH_TAIL_RISK_KEEP,False,0.30603435885106
2024-04-11,2024-04-12,2024-04-16,2024,2024-04,1,0.0158488665518126,0.9672960315559982,0.018913464399020086,0.0004928386737081782,0.0003400585696266566,0.00026495822226589084,0.00021427203560647886,True,True,True,True,BOTH_TAIL_RISK_KEEP,False,0.9672960315559982
2024-04-12,2024-04-15,2024-04-17,2024,2024-04,0,-0.0004385461222409,0.0458121425689541,-0.02215230813764535,0.0005046241938144637,0.000614486327818701,0.00026495822226589084,0.00021453148078955773,True,True,True,True,BOTH_TAIL_RISK_KEEP,False,0.0458121425689541
2024-04-15,2024-04-16,2024-04-18,2024,2024-04,1,0.0138356342842608,0.9408796135761964,0.013301451573418888,0.0004690324495196564,0.0005659386418695446,0.00026495822226589084,0.00021453148078955773,True,True,True,True,BOTH_TAIL_RISK_KEEP,False,0.9408796135761964
2024-04-16,2024-04-17,2024-04-19,2024,2024-04,1,0.0053885791751099,0.754033347671311,0.005656055675190785,0.0005087473034452143,0.0006516641248157961,0.00026495822226589084,0.00021453148078955773,True,True,True,True,BOTH_TAIL_RISK_KEEP,False,0.754033347671311
2024-04-17,2024-04-18,2024-04-22,2024,2024-04,0,-0.0135853368002084,0.1891465087811286,-0.013284939581372335,0.0005086465910241033,0.00066001189816085,0.00026495822226589084,0.00021453148078955773,True,True,True,True,BOTH_TAIL_RISK_KEEP,False,0.1891465087811286
2024-04-18,2024-04-19,2024-04-23,2024,2024-04,0,-0.0349330090393919,0.5939780367331922,-0.0004539081635428488,0.0005067081780567611,0.0006146003193139432,0.00026495822226589084,0.00021453148078955773,True,True,True,True,KEEP,False,0.5939780367331922
2024-04-19,2024-04-22,2024-04-24,2024,2024-04,0,-0.0296138041739734,0.4815656817452297,0.0033327475884332713,0.0005282446428151714,0.0006797726822915099,0.00026495822226589084,0.00021453148078955773,True,True,True,True,KEEP,False,0.4815656817452297
2024-04-22,2024-04-23,2024-04-25,2024,2024-04,0,-0.015276267287198,0.1834200960825321,-0.013761362505793073,0.0004376052006152361,0.0003629435432721964,0.00026495822226589084,0.00021453148078955773,True,True,True,True,BOTH_TAIL_RISK_KEEP,False,0.1834200960825321
2024-04-23,2024-04-24,2024-04-26,2024,2024-04,1,0.0222257667036,0.8302140689898655,0.008180642027832086,0.00043843203270870515,0.0005590822628859459,0.00026495822226589084,0.00021453148078955773,True,True,True,True,BOTH_TAIL_RISK_KEEP,False,0.8302140689898655
2024-04-24,2024-04-25,2024-04-29,2024,2024-04,1,0.0108820618365129,0.5463295662581786,-0.0013160071560323061,0.0003992542774198897,0.000534370462024819,0.00026495822226589084,0.00021453148078955773,True,True,True,True,KEEP,False,0.5463295662581786
2024-04-25,2024-04-26,2024-04-30,2024,2024-04,0,-0.0046762791418658,0.5513146296124665,0.002395152545597412,0.00043341053233261507,0.0005102020308273854,0.00026495822226589084,0.00021453148078955773,True,True,True,True,BOTH_TAIL_RISK_KEEP,False,0.5513146296124665
2024-04-26,2024-04-29,2024-05-01,2024,2024-04,0,-0.0264336370397755,0.4901639111228666,-0.0038290614770160047,0.0002467002230229365,0.00047482902111543825,0.0002679687034930658,0.00021631413838687195,True,False,True,False,KEEP,False,0.4901639111228666
2024-04-29,2024-04-30,2024-05-02,2024,2024-04,0,-0.0159765372315363,0.5555157020051724,-0.0011126660120863718,0.0002574241974343053,0.0003874902090584073,0.0002679687034930658,0.0002167273626185717,True,False,True,False,KEEP,False,0.5555157020051724
2024-04-30,2024-05-01,2024-05-03,2024,2024-05,0,-0.0059360212431555,0.3076761725945326,-0.011597587798799047,0.00015258099621654207,0.00018398056496525395,0.00026495822226589084,0.0002171943432357209,True,False,False,False,KEEP,False,0.3076761725945326
2024-05-01,2024-05-02,2024-05-07,2024,2024-05,1,0.0115131064266376,0.8479919463421923,0.014420631064152367,0.00026817920282208254,0.00021999261816100336,0.00026270591839671644,0.0002171943432357209,True,True,True,True,BOTH_TAIL_RISK_KEEP,False,0.8479919463421923
2024-05-02,2024-05-03,2024-05-08,2024,2024-05,1,0.003471397033577,0.5334868073334484,-0.00019975345981571024,0.0002578342201964509,0.00020177064765999208,0.00026270591839671644,0.0002186623861361019,True,False,False,False,KEEP,False,0.5334868073334484
2024-05-03,2024-05-07,2024-05-09,2024,2024-05,1,0.0032973260817502,0.5823473156545409,0.00020853736345394225,0.0002690367436043029,0.00023352080546035144,0.0002596840778341496,0.0002186623861361019,True,True,True,True,BOTH_TAIL_RISK_KEEP,False,0.5823473156545409
2024-05-07,2024-05-08,2024-05-10,2024,2024-05,1,0.0239232074711797,0.5488119291468783,-0.0007732772133257626,0.0003022257881287711,0.00019229203537611284,0.00026495822226589084,0.00022020983212820013,True,True,False,False,KEEP,False,0.5488119291468783
2024-05-08,2024-05-09,2024-05-13,2024,2024-05,1,0.0136595044639016,0.7038199307754343,0.0006802184854137749,0.0003125251818354644,0.00021133986695357596,0.00026795856150866937,0.0002194613633988679,True,True,False,False,KEEP,False,0.7038199307754343
2024-05-09,2024-05-10,2024-05-14,2024,2024-05,1,0.0166237371277451,0.9616251861868484,0.01531646107589868,0.0002034174550353206,0.00015100409044135915,0.000268189344806479,0.0002186623861361019,True,False,False,False,KEEP,False,0.9616251861868484
2024-05-10,2024-05-13,2024-05-15,2024,2024-05,1,0.0003162655391805,0.5346141844537381,-0.003873173420686271,0.00021624358061452604,0.00011871428131731779,0.000268189344806479,0.0002171943432357209,True,False,False,False,KEEP,False,0.5346141844537381
2024-05-13,2024-05-14,2024-05-16,2024,2024-05,1,0.0183538000643778,0.6933078519084077,-0.003025910194102366,0.00015307688232942167,0.00011949668973989327,0.000268189344806479,0.0002167273626185717,True,False,False,False,KEEP,False,0.6933078519084077
2024-05-14,2024-05-15,2024-05-17,2024,2024-05,1,0.0145271789208652,0.79726160884206,0.005997657117084998,0.0001712372430497576,0.00011600984613921624,0.00026795856150866937,0.00021462593652777528,True,False,False,False,KEEP,False,0.79726160884206
2024-05-15,2024-05-16,2024-05-20,2024,2024-05,1,0.0301300783634987,0.7806132389015051,0.005357977357272503,0.00024117091924942495,0.0001351212229277668,0.00026795856150866937,0.00021311126963224092,True,False,False,False,KEEP,False,0.7806132389015051
2024-05-16,2024-05-17,2024-05-21,2024,2024-05,1,0.0139148619645795,0.5806032951269866,-0.003968146607271628,0.00021042287646761708,0.00013834759709298376,0.00026795856150866937,0.00021164423945468184,True,False,False,False,KEEP,False,0.5806032951269866
2024-05-17,2024-05-20,2024-05-22,2024,2024-05,1,0.0135531682601385,0.8883441406155216,0.012682028867049056,0.0002203451083004753,0.00012591431932150907,0.00026795856150866937,0.00021164423945468184,True,False,False,False,KEEP,False,0.8883441406155216
2024-05-20,2024-05-21,2024-05-23,2024,2024-05,0,-0.0343551987270122,0.5005449307909958,-0.005687745405282385,0.0002856563996870322,0.00019334923522590106,0.00026795856150866937,0.00021130090498336357,True,True,False,False,KEEP,False,0.5005449307909958
2024-05-21,2024-05-22,2024-05-24,2024,2024-05,0,-0.0325037022539687,0.7544964108385408,0.0008594907754710945,0.000287618784843494,0.00020819503443536718,0.000268189344806479,0.00021130090498336357,True,True,False,False,KEEP,False,0.7544964108385408
2024-05-22,2024-05-23,2024-05-28,2024,2024-05,0,-0.0292312179203371,0.2929863475973377,-0.015939537522765335,0.00020198078241993262,0.00028525258581837867,0.0002683912789161124,0.0002102572311825383,True,False,True,False,KEEP,False,0.2929863475973377
2024-05-23,2024-05-24,2024-05-29,2024,2024-05,0,-0.008888569376356,0.3129766802951316,-0.013601832653967527,0.00019501270538841749,0.0003781343523505313,0.0002683912789161124,0.00021130090498336357,True,False,True,False,KEEP,False,0.3129766802951316
2024-05-24,2024-05-28,2024-05-30,2024,2024-05,0,-0.0009407137289629,0.6610688032095686,-0.0026570952146789395,0.00014854670255187355,0.00038338464722271906,0.0002683912789161124,0.00021164423945468184,True,False,True,False,KEEP,False,0.6610688032095686
2024-05-28,2024-05-29,2024-05-31,2024,2024-05,0,-0.0007679836540957,0.8896002089701723,0.00692699304447153,9.019977606593827e-05,0.0002870961050454611,0.000268189344806479,0.00021311126963224092,True,False,True,False,UP_MOMENTUM_MINUS_TAIL_FLIP_DOWN,True,0.11039979102982767
2024-05-29,2024-05-30,2024-06-03,2024,2024-05,0,-0.0069444723528111,0.6096154755654086,-0.002903945781407735,9.718320192783899e-05,0.0002952021772997618,0.00026795856150866937,0.00021462593652777528,True,False,True,False,KEEP,False,0.6096154755654086
2024-05-30,2024-05-31,2024-06-04,2024,2024-05,0,-0.0030205354956072,0.6804855618210909,0.00343298323833352,0.00012484497046353097,0.0001551138062753701,0.00026495822226589084,0.0002167273626185717,True,False,False,False,KEEP,False,0.6804855618210909
2024-05-31,2024-06-03,2024-06-05,2024,2024-06,0,-0.0045560114315239,0.350619584424517,-0.006817064604613066,0.00014119080653142655,0.00015792578844626797,0.00026270591839671644,0.00021462593652777528,True,False,False,False,KEEP,False,0.350619584424517
2024-06-03,2024-06-04,2024-06-06,2024,2024-06,1,0.0154307252277054,0.8086570548311353,0.010799448964212033,0.00015484072619544585,0.00015892455370993374,0.00025873275937947566,0.00021311126963224092,True,False,False,False,KEEP,False,0.8086570548311353
2024-06-04,2024-06-05,2024-06-07,2024,2024-06,1,0.003213026219218,0.3854722830909715,-0.002733622772781885,0.00016200338629196134,0.00018940771038233198,0.00025873275937947566,0.00021164423945468184,True,False,False,False,KEEP,False,0.3854722830909715
2024-06-05,2024-06-06,2024-06-10,2024,2024-06,0,-0.0149466053855106,0.7397453914298506,0.009646046754959947,0.00017686761394256656,0.0001709752168283406,0.0002575062019867344,0.00021130090498336357,True,False,False,False,KEEP,False,0.7397453914298506
2024-06-06,2024-06-07,2024-06-11,2024,2024-06,0,-0.0250262345362576,0.698835501344545,0.005456981280770989,0.00019221073054667364,0.0001436792512035768,0.0002575062019867344,0.0002102572311825383,True,False,False,False,KEEP,False,0.698835501344545
2024-06-07,2024-06-10,2024-06-12,2024,2024-06,0,-0.0099293729889533,0.0624389120103353,-0.02300690782879755,0.00019767600174028748,0.0003980397418046128,0.0002575062019867344,0.00020855577711938783,True,False,True,False,KEEP,False,0.0624389120103353
2024-06-10,2024-06-11,2024-06-13,2024,2024-06,1,0.0081058094446682,0.7406853545739647,0.00792842979164643,0.00019963674168412367,0.0003843062779525413,0.0002575062019867344,0.00020855577711938783,True,False,True,False,UP_MOMENTUM_MINUS_TAIL_FLIP_DOWN,True,0.25931464542603533
2024-06-11,2024-06-12,2024-06-14,2024,2024-06,1,0.0062345961138659,0.7000652409254797,0.004620422452713768,0.00020666406548069334,0.0003568757803223354,0.0002575062019867344,0.00020855577711938783,True,False,True,False,UP_MOMENTUM_MINUS_TAIL_FLIP_DOWN,True,0.2999347590745203
2024-06-12,2024-06-13,2024-06-17,2024,2024-06,1,0.0025023742456523,0.6865576702932497,0.005213650975600004,0.00028207498428738293,0.00038830636324179015,0.0002575062019867344,0.00020855577711938783,True,True,True,True,BOTH_TAIL_RISK_KEEP,False,0.6865576702932497
2024-06-13,2024-06-14,2024-06-18,2024,2024-06,0,-0.001858094044227,0.3486512394624503,-0.005086998588046399,0.000294429306756029,0.00047712526360490706,0.00025873275937947566,0.0002102572311825383,True,True,True,True,BOTH_TAIL_RISK_KEEP,False,0.3486512394624503
2024-06-14,2024-06-17,2024-06-19,2024,2024-06,1,0.0050371433595877,0.7334156462709328,0.006601891011316141,0.0002858289796926989,0.00023508734829459245,0.00026270591839671644,0.00021130090498336357,True,True,True,True,BOTH_TAIL_RISK_KEEP,False,0.7334156462709328
2024-06-17,2024-06-18,2024-06-20,2024,2024-06,1,0.0052646968699658,0.6173867459732907,-0.0010041181199005322,0.00026219916584255623,0.00020746178380794347,0.00026495822226589084,0.00021164423945468184,True,False,False,False,KEEP,False,0.6173867459732907
2024-06-18,2024-06-19,2024-06-21,2024,2024-06,1,0.0222205226699878,0.8475264031341436,0.007796030541721066,0.0002712956628646838,0.00020179960985404667,0.00026495822226589084,0.00021164423945468184,True,True,False,False,KEEP,False,0.8475264031341436
2024-06-20,2024-06-21,2024-06-25,2024,2024-06,0,-0.0002357808106777,0.9049802580243292,0.011402986664892367,0.00018126270984535043,0.00016568963911807927,0.00026795856150866937,0.00021164423945468184,True,False,False,False,KEEP,False,0.9049802580243292
2024-06-21,2024-06-24,2024-06-26,2024,2024-06,0,-0.0204703628723225,0.1273753767881595,-0.01871243640145437,0.0001648230899060514,0.00021325453328315046,0.00026795856150866937,0.00021130090498336357,True,False,True,False,KEEP,False,0.1273753767881595
2024-06-24,2024-06-25,2024-06-27,2024,2024-06,0,-0.0071802367672301,0.626041833623818,0.0016247798352617693,0.00017226624197681756,0.00020610646111714968,0.00026795856150866937,0.00021130090498336357,True,False,False,False,KEEP,False,0.626041833623818
2024-06-25,2024-06-26,2024-06-28,2024,2024-06,0,-0.0020600865654861,0.3925900522223717,-0.004357628610963893,0.0001680630998584143,0.000198289985569979,0.00026795856150866937,0.00021130090498336357,True,False,False,False,KEEP,False,0.3925900522223717
2024-06-26,2024-06-27,2024-07-01,2024,2024-06,1,0.0050388788542097,0.3061897246985873,-0.0075596768099241984,0.00015057137101539677,0.000254100238647876,0.00026795856150866937,0.00021130090498336357,True,False,True,False,KEEP,False,0.3061897246985873
2024-06-27,2024-06-28,2024-07-02,2024,2024-06,1,0.0079533994705792,0.7405009544451769,0.008599339659849825,9.171332871684896e-05,0.00024355481891460954,0.00026795856150866937,0.00021164423945468184,True,False,True,False,UP_MOMENTUM_MINUS_TAIL_FLIP_DOWN,True,0.25949904555482306
2024-06-28,2024-07-01,2024-07-03,2024,2024-07,1,0.0064023858194496,0.3979853073308962,-0.0009151006631169523,9.461153007517243e-05,0.0001323345295622931,0.00026795856150866937,0.0002129402902239143,True,False,False,False,KEEP,False,0.3979853073308962
2024-07-01,2024-07-02,2024-07-04,2024,2024-07,1,0.012550858455882,0.6064939712070715,0.0024561151493029953,0.00010016763547841698,0.00014383720382781426,0.00026795856150866937,0.0002129402902239143,True,False,False,False,KEEP,False,0.6064939712070715
2024-07-02,2024-07-03,2024-07-05,2024,2024-07,1,0.0154870116353644,0.5294608918202985,-0.0007724310274168644,0.00010856994101664493,0.00015365774478466541,0.00026795856150866937,0.0002129402902239143,True,False,False,False,KEEP,False,0.5294608918202985
2024-07-03,2024-07-04,2024-07-08,2024,2024-07,1,0.0123458358222993,0.6987410334298954,0.004858661098412043,0.00012614761284921995,9.05999911449859e-05,0.00026795856150866937,0.0002129402902239143,True,False,False,False,KEEP,False,0.6987410334298954
2024-07-05,2024-07-08,2024-07-10,2024,2024-07,1,0.0031868332780063,0.8260421432289744,0.010537791250044393,0.00013103782684320157,8.598686561130434e-05,0.00026795856150866937,0.0002129402902239143,True,False,False,False,KEEP,False,0.8260421432289744
2024-07-08,2024-07-09,2024-07-11,2024,2024-07,1,0.0050050575546079,0.4092970895454781,-0.005790211851073757,0.00011999677510842476,0.00013140332926646163,0.00026795856150866937,0.0002129402902239143,True,False,False,False,KEEP,False,0.4092970895454781
2024-07-09,2024-07-10,2024-07-12,2024,2024-07,1,0.0175183592854909,0.5639794815576546,0.0008803528504275349,0.0001274855418969534,0.00015328310961675224,0.00026795856150866937,0.0002129402902239143,True,False,False,False,KEEP,False,0.5639794815576546
2024-07-10,2024-07-11,2024-07-15,2024,2024-07,1,0.0148913112725635,0.4116085417064126,-0.0006323431371226818,0.00011527431150643842,0.00015522013063147482,0.00026795856150866937,0.0002129402902239143,True,False,False,False,KEEP,False,0.4116085417064126
2024-07-11,2024-07-12,2024-07-16,2024,2024-07,1,0.0231406373767168,0.838815918708848,0.014122110784722253,0.0002446742842798946,0.00015235441603917623,0.00026795856150866937,0.0002129402902239143,True,False,False,False,KEEP,False,0.838815918708848
2024-07-12,2024-07-15,2024-07-17,2024,2024-07,1,0.027163430273123,0.5122747694051407,0.0014568257761187198,0.00022727022335349774,0.00016665983002843706,0.00026795856150866937,0.0002129402902239143,True,False,False,False,KEEP,False,0.5122747694051407
2024-07-15,2024-07-16,2024-07-18,2024,2024-07,1,0.0239784227222772,0.5096907804714479,0.004207329035301299,0.0002589137782077882,0.00011186375013276683,0.00026795856150866937,0.0002129402902239143,True,False,False,False,KEEP,False,0.5096907804714479
2024-07-16,2024-07-17,2024-07-19,2024,2024-07,0,-0.0097011151844104,0.7867535752490858,0.013079900500722275,0.0003059131309522848,8.646230912338104e-05,0.00026795856150866937,0.0002129402902239143,True,True,False,False,KEEP,False,0.7867535752490858
2024-07-17,2024-07-18,2024-07-22,2024,2024-07,0,-0.0283079403917093,0.2317516914731788,-0.006636079395888395,0.0003337442614583807,0.00016130796882663358,0.000268189344806479,0.0002129402902239143,True,True,False,False,DOWN_MOMENTUM_PLUS_TAIL_FLIP_UP,True,0.7682483085268212
2024-07-18,2024-07-19,2024-07-23,2024,2024-07,0,-0.0256613826349793,0.1077701004074321,-0.008523555063763233,0.00020442344897438547,0.00019184722863388844,0.0002683912789161124,0.0002129402902239143,True,False,False,False,KEEP,False,0.1077701004074321
2024-07-19,2024-07-22,2024-07-24,2024,2024-07,0,-0.0018644740335185,0.1946845973575701,-0.008192839799450624,0.0001986108105492295,0.00022066683860876598,0.0002683912789161124,0.0002129402902239143,True,False,True,False,KEEP,False,0.1946845973575701
2024-07-22,2024-07-23,2024-07-25,2024,2024-07,0,-0.0126346583473936,0.4502879698137638,-0.0017967091702111304,0.00018536471890410048,0.0002349082151799357,0.0002683912789161124,0.00021342551269147708,True,False,True,False,KEEP,False,0.4502879698137638
2024-07-23,2024-07-24,2024-07-26,2024,2024-07,0,-0.0125132413254484,0.4861099084238646,0.0023182748128265374,0.0001396980387563957,0.0002175997579042576,0.0002683912789161124,0.00021462593652777528,True,False,True,False,KEEP,False,0.4861099084238646
2024-07-24,2024-07-25,2024-07-29,2024,2024-07,0,-0.0079943799209176,0.2290924650085393,-0.006051029605124825,0.00011173222430315729,0.00018194634595527313,0.0002683912789161124,0.0002167273626185717,True,False,False,False,KEEP,False,0.2290924650085393
2024-07-25,2024-07-26,2024-07-30,2024,2024-07,1,0.0075204118828283,0.3502290312316472,-0.004228344585024857,0.00011638254580090352,0.00027970045366464683,0.0002683912789161124,0.0002167273626185717,True,False,True,False,KEEP,False,0.3502290312316472
2024-07-26,2024-07-29,2024-07-31,2024,2024-07,1,0.0187942914006342,0.656218725779137,0.005886414480253954,0.00014233688792704023,0.00022602511067448954,0.0002683912789161124,0.00021701512576796365,True,False,True,False,UP_MOMENTUM_MINUS_TAIL_FLIP_DOWN,True,0.343781274220863
2024-07-29,2024-07-30,2024-08-01,2024,2024-07,1,0.0173643533307305,0.5140142109735287,-0.0028654685226010557,0.00014491129455090595,0.0002316465537380803,0.0002683912789161124,0.00021777897537201486,True,False,True,False,KEEP,False,0.5140142109735287
2024-07-30,2024-07-31,2024-08-02,2024,2024-07,1,0.0299348249958592,0.7904427687979446,0.008974029401750627,0.0001757138886881604,0.0002368364221508764,0.0002683912789161124,0.0002186623861361019,True,False,True,False,UP_MOMENTUM_MINUS_TAIL_FLIP_DOWN,True,0.20955723120205538
2024-07-31,2024-08-01,2024-08-05,2024,2024-08,1,0.0008881820737351,0.9091773752469172,0.0106591999400667,0.00023612742763013864,0.00023919813641443683,0.0002683912789161124,0.0002194613633988679,True,False,True,False,UP_MOMENTUM_MINUS_TAIL_FLIP_DOWN,True,0.09082262475308278
2024-08-01,2024-08-02,2024-08-06,2024,2024-08,0,-0.0081887362893832,0.8017480210309446,0.00512264731560208,0.0002545575875777372,0.0001230413029285899,0.0002683912789161124,0.0002201274622505559,True,False,False,False,KEEP,False,0.8017480210309446
2024-08-02,2024-08-05,2024-08-07,2024,2024-08,0,-0.0283873550090945,0.410012213632049,-0.00793507725984366,0.0002916086644002877,0.00036281391099676833,0.0002683912789161124,0.0002201274622505559,True,True,True,True,BOTH_TAIL_RISK_KEEP,False,0.410012213632049
2024-08-05,2024-08-06,2024-08-08,2024,2024-08,0,-0.0105645382279717,0.461021387191997,-0.006179727683814029,0.00040530375219365337,0.0005882446941750081,0.00026948852745637916,0.00022074920848641022,True,True,True,True,BOTH_TAIL_RISK_KEEP,False,0.461021387191997
2024-08-06,2024-08-07,2024-08-09,2024,2024-08,1,0.0038448864961714,0.2588220196016582,-0.008885500234676158,0.0004259964968988574,0.0006687171695399285,0.0002723334676854411,0.00022154149621507168,True,True,True,True,BOTH_TAIL_RISK_KEEP,False,0.2588220196016582
2024-08-07,2024-08-08,2024-08-12,2024,2024-08,1,0.0203732007543529,0.4540653942068437,-0.0043127042663817505,0.0003736995592532581,0.0006962635711918844,0.0002765842945740201,0.00022391920540482552,True,True,True,True,BOTH_TAIL_RISK_KEEP,False,0.4540653942068437
2024-08-08,2024-08-09,2024-08-13,2024,2024-08,1,0.0264590210939927,0.8689878217470098,0.01353431677500705,0.00033378991001827685,0.000663498071340894,0.0002780011768544534,0.0002266614753079488,True,True,True,True,BOTH_TAIL_RISK_KEEP,False,0.8689878217470098
2024-08-09,2024-08-12,2024-08-14,2024,2024-08,1,0.0198353948233205,0.6223779548156191,0.0026772235055556592,0.00028988484941579916,0.00042710016398030506,0.00028279126736731287,0.00022969485782104452,True,True,True,True,BOTH_TAIL_RISK_KEEP,False,0.6223779548156191
2024-08-12,2024-08-13,2024-08-15,2024,2024-08,1,0.0057774717444013,0.8940801028687139,0.012246257235640101,0.0001761928557205157,0.00015845189665211802,0.00028569091568816555,0.00023202140408253456,True,False,False,False,KEEP,False,0.8940801028687139
2024-08-13,2024-08-14,2024-08-16,2024,2024-08,1,0.000650049792326,0.6542214162409971,0.0017743978673268046,0.00014523518420598476,8.494120689676541e-05,0.00028569091568816555,0.00023202140408253456,True,False,False,False,KEEP,False,0.6542214162409971
2024-08-14,2024-08-15,2024-08-19,2024,2024-08,1,0.0112831920787133,0.2348379573684439,-0.010746676829943347,0.00013962367883336955,0.00011259741562912425,0.00028569091568816555,0.00023202140408253456,True,False,False,False,KEEP,False,0.2348379573684439
2024-08-15,2024-08-16,2024-08-20,2024,2024-08,1,0.0262379951691946,0.6439558422065706,0.00042347423960631403,0.0001223901215708488,0.00017324472439698155,0.00028569091568816555,0.00023202140408253456,True,False,False,False,KEEP,False,0.6439558422065706
2024-08-16,2024-08-19,2024-08-21,2024,2024-08,1,0.018311107620457,0.9563784174551708,0.018229534960803484,0.00019386343855130645,0.00016845023716330085,0.00028569091568816555,0.00023202140408253456,True,False,False,False,KEEP,False,0.9563784174551708
2024-08-19,2024-08-20,2024-08-22,2024,2024-08,1,0.0020179222255625,0.579362417709953,0.0004633726600014043,0.00017735741924418942,0.00019170581654011725,0.00028569091568816555,0.00023202140408253456,True,False,False,False,KEEP,False,0.579362417709953
2024-08-20,2024-08-21,2024-08-23,2024,2024-08,0,-0.008463067129898,0.487765955746193,-0.002336104970880548,0.0001984854438557714,0.0002235484690899425,0.00028569091568816555,0.00023202140408253456,True,False,False,False,KEEP,False,0.487765955746193
2024-08-21,2024-08-22,2024-08-27,2024,2024-08,1,0.001056208310707,0.6539101345118369,0.0020119653622971967,0.00020978567549214704,0.00019388965498981498,0.00028569091568816555,0.00023202140408253456,True,False,False,False,KEEP,False,0.6539101345118369
2024-08-22,2024-08-23,2024-08-28,2024,2024-08,1,0.0017748003023517,0.3346966771294119,-0.007585420382346442,0.00018474531721766717,0.00016485300293334287,0.00028569091568816555,0.00023202140408253456,True,False,False,False,KEEP,False,0.3346966771294119
2024-08-23,2024-08-27,2024-08-29,2024,2024-08,1,0.0066768561996967,0.6711663465445888,0.005339747838727149,0.000125021385331585,0.0001525168598564416,0.00028569091568816555,0.00023202140408253456,True,False,False,False,KEEP,False,0.6711663465445888
2024-08-27,2024-08-28,2024-08-30,2024,2024-08,1,0.0055021044762574,0.7039186997213133,0.005349813677251625,0.00010061959683685094,0.00011296071298610607,0.00028569091568816555,0.00022969485782104452,True,False,False,False,KEEP,False,0.7039186997213133
2024-08-28,2024-08-29,2024-09-02,2024,2024-08,0,-0.0030130421573527,0.4231685178136583,-0.0014003716737231997,9.552022985654312e-05,0.00012525499390420733,0.00028569091568816555,0.00022969485782104452,True,False,False,False,KEEP,False,0.4231685178136583
2024-08-29,2024-08-30,2024-09-03,2024,2024-08,0,-0.0054976932686527,0.4984266399143393,0.0015957783533817604,0.00011057360216287286,8.9874838372337e-05,0.00028569091568816555,0.00022969485782104452,True,False,False,False,KEEP,False,0.4984266399143393
2024-08-30,2024-09-02,2024-09-04,2024,2024-09,0,-0.0198862232867112,0.2681033123966905,-0.0077828765732244065,9.144986242355752e-05,0.0001227666482586923,0.00028569091568816555,0.00022969485782104452,True,False,False,False,KEEP,False,0.2681033123966905
2024-09-03,2024-09-04,2024-09-06,2024,2024-09,1,0.005755898742057,0.356619639081797,-0.004522506028275863,0.00010142908122142464,0.0001483480896869684,0.00028569091568816555,0.00022969485782104452,True,False,False,False,KEEP,False,0.356619639081797
2024-09-04,2024-09-05,2024-09-09,2024,2024-09,1,0.0089316841678987,0.7586062520060297,0.009024195670049195,0.00012510846517198242,0.00015525957802480113,0.00028569091568816555,0.00022969485782104452,True,False,False,False,KEEP,False,0.7586062520060297
2024-09-05,2024-09-06,2024-09-10,2024,2024-09,0,-0.0057778292708579,0.4569858441719113,0.0007910079406840964,0.0001287768727094077,0.00013948524345942185,0.00028569091568816555,0.00022969485782104452,True,False,False,False,KEEP,False,0.4569858441719113
2024-09-06,2024-09-09,2024-09-11,2024,2024-09,1,0.0016667993381924,0.235436228294064,-0.008151014216161379,0.00013155642896111515,0.00019504315188426428,0.00028569091568816555,0.00022969485782104452,True,False,False,False,KEEP,False,0.235436228294064
2024-09-09,2024-09-10,2024-09-12,2024,2024-09,1,0.0079390826310685,0.7030188053239009,0.005617626084974958,0.00013575160307231163,0.00018415000094070913,0.00028569091568816555,0.00022969485782104452,True,False,False,False,KEEP,False,0.7030188053239009
2024-09-10,2024-09-11,2024-09-13,2024,2024-09,1,0.027200762467644,0.7124766947283507,0.005686381263774187,0.00013266144099268557,0.00015112691664709155,0.00028569091568816555,0.00022969485782104452,True,False,False,False,KEEP,False,0.7124766947283507
2024-09-11,2024-09-12,2024-09-16,2024,2024-09,1,0.0256602490472607,0.35460066897328,-0.005103438962462015,0.00010354187338824908,0.0001588349483041435,0.00028569091568816555,0.00022969485782104452,True,False,False,False,KEEP,False,0.35460066897328
2024-09-12,2024-09-13,2024-09-17,2024,2024-09,1,0.0231547741211206,0.90046054448841,0.016264440954423698,0.00015649292137028204,0.00015516645082257413,0.00028569091568816555,0.00022969485782104452,True,False,False,False,KEEP,False,0.90046054448841
2024-09-13,2024-09-16,2024-09-18,2024,2024-09,0,-0.0011673834428842,0.6642388182074692,0.003476340346264095,0.00016046185123925636,0.00012830599635753578,0.00028569091568816555,0.00022969485782104452,True,False,False,False,KEEP,False,0.6642388182074692
2024-09-16,2024-09-17,2024-09-19,2024,2024-09,1,0.0012166743807332,0.5372553222852379,-0.0016984108947379895,0.00015651698855812183,8.266883467595252e-05,0.00028569091568816555,0.00022969485782104452,True,False,False,False,KEEP,False,0.5372553222852379
2024-09-17,2024-09-18,2024-09-20,2024,2024-09,1,0.0119454522063277,0.3849455208677658,-0.004132162428118313,0.00014986438872526008,0.00010513731138468898,0.00028569091568816555,0.00022969485782104452,True,False,False,False,KEEP,False,0.3849455208677658
2024-09-18,2024-09-19,2024-09-23,2024,2024-09,1,0.0188604788417462,0.2096391269846652,-0.004078680408403201,0.00017437137413181615,0.00020060482165198913,0.00028569091568816555,0.00022969485782104452,True,False,False,False,KEEP,False,0.2096391269846652
2024-09-19,2024-09-20,2024-09-24,2024,2024-09,1,0.014542854238466,0.5854825247548766,0.0006844903042928507,0.00016089955415936314,0.00022071621081949284,0.00028569091568816555,0.00022969485782104452,True,False,False,False,KEEP,False,0.5854825247548766
2024-09-20,2024-09-23,2024-09-25,2024,2024-09,1,0.0180034328903682,0.6535904243945018,0.004747575760243983,0.00018894597891272536,0.0002356198099546714,0.00028569091568816555,0.00022969485782104452,True,False,True,False,UP_MOMENTUM_MINUS_TAIL_FLIP_DOWN,True,0.34640957560549823
2024-09-23,2024-09-24,2024-09-26,2024,2024-09,1,0.0195422542869602,0.5793106650132305,0.004422900842008026,0.00019191660625143074,0.00023394838668713816,0.00028569091568816555,0.00023202140408253456,True,False,True,False,UP_MOMENTUM_MINUS_TAIL_FLIP_DOWN,True,0.4206893349867695
2024-09-24,2024-09-25,2024-09-27,2024,2024-09,1,0.0121005049850836,0.8680622724411343,0.010608694659846485,0.00022499510022330293,0.00023530974781252713,0.00028569091568816555,0.00023360632170570878,True,False,True,False,UP_MOMENTUM_MINUS_TAIL_FLIP_DOWN,True,0.13193772755886568
2024-09-25,2024-09-26,2024-09-30,2024,2024-09,0,-0.0013763329504165,0.5899148332892463,0.00045546207505520186,0.0002378866694381615,0.00024366941200967818,0.00028569091568816555,0.0002341403523856977,True,False,True,False,UP_MOMENTUM_MINUS_TAIL_FLIP_DOWN,True,0.4100851667107537
2024-09-26,2024-09-27,2024-10-01,2024,2024-09,0,-0.0075408189591817,0.5516232130259422,0.0012356083873621415,0.00018157048173709562,0.00014337414412900288,0.00028569091568816555,0.00023494404180286705,True,False,False,False,KEEP,False,0.5516232130259422
2024-09-27,2024-09-30,2024-10-02,2024,2024-09,0,-0.0020505495695386,0.4513131820115104,-0.0016876080666845539,0.00014783329408788286,0.00018561813612607322,0.00028569091568816555,0.00023494404180286705,True,False,False,False,KEEP,False,0.4513131820115104
2024-09-30,2024-10-01,2024-10-03,2024,2024-10,0,-0.0023233201803427,0.2284157253135696,-0.0071025932956381155,0.0001450469690343135,0.00021623744527233846,0.00028569091568816555,0.00023494404180286705,True,False,False,False,KEEP,False,0.2284157253135696
2024-10-01,2024-10-02,2024-10-04,2024,2024-10,1,0.00326024768886,0.6136397572687442,0.006331340004203767,0.00016991550456877346,0.00020183209892085996,0.00028569091568816555,0.00023494404180286705,True,False,False,False,KEEP,False,0.6136397572687442
2024-10-02,2024-10-03,2024-10-07,2024,2024-10,0,-0.00131908738293,0.5560699809015337,0.002379868109854577,0.0001533378092435542,0.00021245038464624076,0.00028569091568816555,0.00023494404180286705,True,False,False,False,KEEP,False,0.5560699809015337
2024-10-03,2024-10-04,2024-10-08,2024,2024-10,0,-0.0016844739056966,0.5593044610001078,0.004142284846590627,0.00013868829687722523,0.00018950852159145296,0.00028569091568816555,0.00023494404180286705,True,False,False,False,KEEP,False,0.5593044610001078
2024-10-04,2024-10-07,2024-10-09,2024,2024-10,0,-0.015147065457103,0.4110643940879095,-0.0021044536985606044,0.00017504219104576334,0.00023269959253292095,0.00028569091568816555,0.00023494404180286705,True,False,False,False,KEEP,False,0.4110643940879095
2024-10-07,2024-10-08,2024-10-10,2024,2024-10,0,-0.0130390831677721,0.3513120365066566,-0.0036374950171689235,0.0001780638804692575,0.00023496309098459096,0.00028569091568816555,0.00023494404180286705,True,False,True,False,KEEP,False,0.3513120365066566
2024-10-08,2024-10-09,2024-10-11,2024,2024-10,0,-0.0009475799518872,0.3275661774619138,-0.0061141644482960444,0.00015605015305033163,0.0003174340618221771,0.00028569091568816555,0.00023498794244659126,True,False,True,False,KEEP,False,0.3275661774619138
2024-10-09,2024-10-10,2024-10-14,2024,2024-10,1,0.0157113464840197,0.4046550030689736,-0.0034757227920296785,0.00014231299598375225,0.000308682851959746,0.00028569091568816555,0.00023513182819817938,True,False,True,False,KEEP,False,0.4046550030689736
2024-10-10,2024-10-11,2024-10-15,2024,2024-10,1,0.0136611554424676,0.6975496563880306,0.005574075448269156,0.0001664192425756648,0.0002948163147044227,0.00028569091568816555,0.000235371760240956,True,False,True,False,UP_MOMENTUM_MINUS_TAIL_FLIP_DOWN,True,0.30245034361196943
2024-10-11,2024-10-14,2024-10-16,2024,2024-10,1,0.0159320207288925,0.7032910475565928,0.006793149129663334,0.00014278787122011172,0.00021964482205329982,0.00028569091568816555,0.00023575190634543574,True,False,False,False,KEEP,False,0.7032910475565928
2024-10-14,2024-10-15,2024-10-17,2024,2024-10,1,0.0072881567393036,0.3837649531187771,-0.0040805361385336525,0.00013571808599556479,0.00018769301232421127,0.00028569091568816555,0.00023575190634543574,True,False,False,False,KEEP,False,0.3837649531187771
2024-10-15,2024-10-16,2024-10-18,2024,2024-10,1,0.0217535629148786,0.5634981255114114,0.0033253077805346365,0.00014614472873969415,9.345402851287353e-05,0.00028569091568816555,0.00023575190634543574,True,False,False,False,KEEP,False,0.5634981255114114
2024-10-16,2024-10-17,2024-10-21,2024,2024-10,1,0.0202825727554951,0.4296737093322577,-0.0021369492346696717,0.0001491949180653764,8.407752816008602e-05,0.00028569091568816555,0.00023575190634543574,True,False,False,False,KEEP,False,0.4296737093322577
2024-10-17,2024-10-18,2024-10-22,2024,2024-10,1,0.0203628617530291,0.6424716870681852,0.004148875052240264,0.00015215098134824473,8.240260904620907e-05,0.00028569091568816555,0.00023575190634543574,True,False,False,False,KEEP,False,0.6424716870681852
2024-10-18,2024-10-21,2024-10-23,2024,2024-10,1,0.0144256153677641,0.6817217786335045,0.005663205387887338,0.00015058902222928443,7.737441781066238e-05,0.00028569091568816555,0.00023575190634543574,True,False,False,False,KEEP,False,0.6817217786335045
2024-10-21,2024-10-22,2024-10-24,2024,2024-10,1,0.0020824587837353,0.439343364019041,-0.004285323110346795,0.0001476423473692615,9.101746772839512e-05,0.00028569091568816555,0.00023575190634543574,True,False,False,False,KEEP,False,0.439343364019041
2024-10-22,2024-10-23,2024-10-25,2024,2024-10,0,-0.005245023761393,0.7558001848495938,0.005116734580316695,0.00014756454714273218,9.242464517739081e-05,0.00028569091568816555,0.00023575190634543574,True,False,False,False,KEEP,False,0.7558001848495938
2024-10-23,2024-10-24,2024-10-28,2024,2024-10,0,-0.0075163633320772,0.1624215937221108,-0.01515239954231351,0.00013872306879662448,0.00015314839051515827,0.00028569091568816555,0.00023575190634543574,True,False,False,False,KEEP,False,0.1624215937221108
2024-10-24,2024-10-25,2024-10-29,2024,2024-10,1,0.0033338525909696,0.5411704376489,-0.00035446226088353683,0.00011707187952847042,0.00014640940012004158,0.00028569091568816555,0.00023575190634543574,True,False,False,False,KEEP,False,0.5411704376489
2024-10-25,2024-10-28,2024-10-30,2024,2024-10,1,0.0235146755489569,0.8264294344108188,0.010301680894996501,0.00011873067464538481,0.00015412328739206944,0.00028569091568816555,0.00023575190634543574,True,False,False,False,KEEP,False,0.8264294344108188
2024-10-28,2024-10-29,2024-10-31,2024,2024-10,1,0.0177869584599842,0.5925046848533153,0.0037154945613284696,0.00011689123282943744,0.0001549165425246593,0.00028569091568816555,0.00023575190634543574,True,False,False,False,KEEP,False,0.5925046848533153
2024-10-29,2024-10-30,2024-11-01,2024,2024-10,0,-0.0006549622721173,0.6776490130549331,0.007198129165436384,0.0001374791804613512,0.000146349836974748,0.00028569091568816555,0.00023575190634543574,True,False,False,False,KEEP,False,0.6776490130549331
2024-10-30,2024-10-31,2024-11-04,2024,2024-10,0,-0.0154202827480248,0.4334793293110628,0.0019391117744955721,0.0001254921248175323,8.083828238714797e-05,0.00028569091568816555,0.00023575190634543574,True,False,False,False,KEEP,False,0.4334793293110628
2024-10-31,2024-11-01,2024-11-05,2024,2024-11,0,-0.0147334651428053,0.1343434304663927,-0.012724547622672944,0.00012705867756621043,0.00018617876151931327,0.00028569091568816555,0.00023575190634543574,True,False,False,False,KEEP,False,0.1343434304663927
2024-11-01,2024-11-04,2024-11-06,2024,2024-11,0,-0.0077281125642256,0.2809561426345618,-0.006175237074272921,0.00010952040241106599,0.00019219901540899645,0.00028569091568816555,0.00023575190634543574,True,False,False,False,KEEP,False,0.2809561426345618
2024-11-04,2024-11-05,2024-11-07,2024,2024-11,0,-0.0274775071120697,0.4649794759634064,-0.002452509297944161,0.00010631792068444867,0.00017092485426304247,0.00028569091568816555,0.00023575190634543574,True,False,False,False,KEEP,False,0.4649794759634064
2024-11-05,2024-11-06,2024-11-08,2024,2024-11,0,-0.0197463988450798,0.5228301084996673,0.0014478349551723113,9.125597403492957e-05,0.0001736935728333055,0.00028569091568816555,0.00023575190634543574,True,False,False,False,KEEP,False,0.5228301084996673
2024-11-06,2024-11-07,2024-11-11,2024,2024-11,0,-0.0206242544466277,0.0334494382194741,-0.02441141993867113,0.00017712721266257815,0.0005456167601114078,0.00028569091568816555,0.00023575190634543574,True,False,True,False,KEEP,False,0.0334494382194741
2024-11-07,2024-11-08,2024-11-12,2024,2024-11,0,-0.0290255835984954,0.8950017039976756,0.01669874889621692,0.00025051564184381793,0.0004674133878165683,0.00028569091568816555,0.00023639151795696976,True,False,True,False,UP_MOMENTUM_MINUS_TAIL_FLIP_DOWN,True,0.10499829600232435
2024-11-08,2024-11-11,2024-11-13,2024,2024-11,0,-0.0285007817761885,0.4551464055273188,-0.0019168525570698591,0.00024378826544638798,0.0004816521883657946,0.00028569091568816555,0.00023730876500358854,True,False,True,False,KEEP,False,0.4551464055273188
2024-11-11,2024-11-12,2024-11-14,2024,2024-11,0,-0.0467991124864324,0.1104114985749999,-0.017933048068580426,0.00023572979477336553,0.0005919465053628259,0.00028279126736731287,0.00024006947291447145,True,False,True,False,KEEP,False,0.1104114985749999
2024-11-12,2024-11-13,2024-11-15,2024,2024-11,0,-0.0093263819620048,0.6792070115895621,0.0018991917256379054,0.00023057245574837617,0.0006424392548390486,0.00028279126736731287,0.00024357773753362326,True,False,True,False,UP_MOMENTUM_MINUS_TAIL_FLIP_DOWN,True,0.3207929884104379
2024-11-13,2024-11-14,2024-11-18,2024,2024-11,0,-0.0075579463015626,0.1915255768531509,-0.013787507679208666,0.00014296880189208276,0.00035610100714179296,0.00028279126736731287,0.0002445706341389138,True,False,True,False,KEEP,False,0.1915255768531509
2024-11-14,2024-11-15,2024-11-19,2024,2024-11,1,0.0337583171052824,0.8833615407027661,0.008245441412644716,0.00011767467672477787,0.0003799150428786798,0.00028279126736731287,0.0002493604658542599,True,False,True,False,UP_MOMENTUM_MINUS_TAIL_FLIP_DOWN,True,0.11663845929723393
2024-11-15,2024-11-18,2024-11-20,2024,2024-11,1,0.0221931666948577,0.6546872843525258,-0.00039008101442661314,0.0001181313795160324,0.00037743322261000247,0.00028279126736731287,0.00025599448725461047,True,False,True,False,KEEP,False,0.6546872843525258
2024-11-18,2024-11-19,2024-11-21,2024,2024-11,1,0.0302696215440811,0.8021338838599349,0.006167879785007102,0.00017969741707391212,0.00025453295116845907,0.00028279126736731287,0.00026679727607816764,True,False,False,False,KEEP,False,0.8021338838599349
2024-11-19,2024-11-20,2024-11-22,2024,2024-11,1,0.0263202644418351,0.7289417999936688,0.0007448666094669321,0.00019129133386318835,0.00022339292768435297,0.00028279126736731287,0.00026679727607816764,True,False,False,False,KEEP,False,0.7289417999936688
2024-11-20,2024-11-21,2024-11-25,2024,2024-11,1,0.0174140801103909,0.8967899697267422,0.010712731460918334,0.00019783869893071543,0.00016347066505210288,0.00028279126736731287,0.00026679727607816764,True,False,False,False,KEEP,False,0.8967899697267422
2024-11-21,2024-11-22,2024-11-26,2024,2024-11,0,-0.0148681984233611,0.619283258611243,0.00028097412985950143,0.0001870703774374519,0.00012049077485804728,0.00028279126736731287,0.00026679727607816764,True,False,False,False,KEEP,False,0.619283258611243
2024-11-22,2024-11-25,2024-11-27,2024,2024-11,0,-0.0217592746939011,0.710735710311354,0.004679489984383167,0.0002225471276650255,0.00010862830270861805,0.00028279126736731287,0.00026679727607816764,True,False,False,False,KEEP,False,0.710735710311354
2024-11-25,2024-11-26,2024-11-28,2024,2024-11,0,-0.0090280480781984,0.1410441252854575,-0.01826232476954459,0.0001788459533932776,0.00044520829435885375,0.00028279126736731287,0.00026679727607816764,True,False,True,False,KEEP,False,0.1410441252854575
2024-11-26,2024-11-27,2024-11-29,2024,2024-11,1,0.0128434508250031,0.6676066108675947,0.002718962579788986,0.00020839068761876038,0.0004712396365651166,0.00028279126736731287,0.0002808108800953933,True,False,True,False,UP_MOMENTUM_MINUS_TAIL_FLIP_DOWN,True,0.33239338913240535
2024-11-27,2024-11-28,2024-12-02,2024,2024-11,0,-0.0040679304949806,0.5119649046375958,-0.004696756301330929,0.00020812665504435848,0.0004776892100434201,0.00028279126736731287,0.0002856212896637952,True,False,True,False,KEEP,False,0.5119649046375958
2024-12-02,2024-12-03,2024-12-05,2024,2024-12,1,0.0045021262485716,0.6231144460294695,0.001942198808717599,0.00018147682228975774,0.00038619723521329515,0.00028279126736731287,0.0002875057363990458,True,False,True,False,UP_MOMENTUM_MINUS_TAIL_FLIP_DOWN,True,0.3768855539705305
2024-12-03,2024-12-04,2024-12-06,2024,2024-12,0,-0.0033511017094529,0.568609187691729,-0.00013999270186992874,0.00016018830522798342,0.00012560708156370833,0.00028279126736731287,0.0002895717536830536,True,False,False,False,KEEP,False,0.568609187691729
2024-12-04,2024-12-05,2024-12-09,2024,2024-12,1,0.0052096231379167,0.7007740739887188,0.0034284211437860534,0.00015796623722274508,0.00013510635754393398,0.00028279126736731287,0.0002895717536830536,True,False,False,False,KEEP,False,0.7007740739887188
2024-12-05,2024-12-06,2024-12-10,2024,2024-12,1,0.0080081637084915,0.5304745808892052,-0.004900597187534217,0.00015544590892227356,0.00014464108783995228,0.00028279126736731287,0.0002895717536830536,True,False,False,False,KEEP,False,0.5304745808892052
2024-12-06,2024-12-09,2024-12-11,2024,2024-12,1,0.0228546023087911,0.5250081903278073,-0.0028858933779902785,0.00016222952040661733,0.0001659182291531222,0.00028279126736731287,0.0002895717536830536,True,False,False,False,KEEP,False,0.5250081903278073
2024-12-09,2024-12-10,2024-12-12,2024,2024-12,1,0.0215114124996978,0.6487959452573797,0.0017832790736624915,0.00022196696896963617,0.00015364861561262104,0.00028279126736731287,0.0002895717536830536,True,False,False,False,KEEP,False,0.6487959452573797
2024-12-10,2024-12-11,2024-12-13,2024,2024-12,0,-0.0003370786548769,0.856729977166546,0.010763165864998925,0.00021637634035483845,0.00014035387066173237,0.00028279126736731287,0.0002895717536830536,True,False,False,False,KEEP,False,0.856729977166546
2024-12-11,2024-12-12,2024-12-16,2024,2024-12,0,-0.0136236804067576,0.7886703947557686,0.008230510538249192,0.00022262747692977606,0.00013819508439862,0.00028279126736731287,0.0002895717536830536,True,False,False,False,KEEP,False,0.7886703947557686
2024-12-12,2024-12-13,2024-12-17,2024,2024-12,0,-0.0268913724317203,0.1950392719720684,-0.012524804280363178,0.00022309137470604573,0.0001795115557054081,0.00028279126736731287,0.0002895717536830536,True,False,False,False,KEEP,False,0.1950392719720684
2024-12-13,2024-12-16,2024-12-18,2024,2024-12,0,-0.0079731143149951,0.2899713394354403,-0.007729151111449006,0.00018565241457409434,0.0001869660443556509,0.00028279126736731287,0.0002895717536830536,True,False,False,False,KEEP,False,0.2899713394354403
2024-12-16,2024-12-17,2024-12-19,2024,2024-12,0,-0.0150128239694908,0.3893235589466705,-0.0020824863194777166,0.00011813542247247312,0.00016844396958356055,0.00028279126736731287,0.0002895717536830536,True,False,False,False,KEEP,False,0.3893235589466705
2024-12-17,2024-12-18,2024-12-20,2024,2024-12,0,-0.0135107576594288,0.6029837231682245,0.0025876741584340834,0.00010161713495001519,0.0001882058403996323,0.0002734515271492238,0.0002875057363990458,True,False,False,False,KEEP,False,0.6029837231682245
2024-12-18,2024-12-19,2024-12-23,2024,2024-12,0,-0.0105525851607338,0.0258189851173564,-0.02333173100835939,7.103295074382443e-05,0.0003571296102313326,0.00026948852745637916,0.0002856212896637952,True,False,True,False,KEEP,False,0.0258189851173564
2024-12-19,2024-12-20,2024-12-24,2024,2024-12,0,-0.0028844061602237,0.1878930548849205,-0.009890625485783566,0.00012338405587253537,0.000326564911094553,0.00026835071097852664,0.0002856212896637952,True,False,True,False,KEEP,False,0.1878930548849205
2024-12-20,2024-12-23,2024-12-27,2024,2024-12,1,0.0074163613817654,0.6484379090032328,0.006942896109081609,0.0001755492139378805,0.0003018517617254695,0.00026501338259424413,0.0002856212896637952,True,False,True,False,UP_MOMENTUM_MINUS_TAIL_FLIP_DOWN,True,0.35156209099676716
2024-12-23,2024-12-24,2024-12-30,2024,2024-12,0,-0.0039190621482869,0.373823811783222,-0.005149481767613651,0.0001761336895234521,0.00030052477459829884,0.00026501338259424413,0.0002856212896637952,True,False,True,False,KEEP,False,0.373823811783222
2024-12-27,2024-12-30,2025-01-02,2024,2024-12,1,0.0072294272345223,0.476378668556202,-0.0008235515097236856,0.00013317574102189174,7.942349923323266e-05,0.00026270591839671644,0.0002875057363990458,True,False,False,False,KEEP,False,0.476378668556202
2024-12-30,2024-12-31,2025-01-03,2024,2024-12,1,0.016715809189268,0.5340596332119997,-0.0026595735080876537,0.00010806956109557717,0.00012231375815693578,0.00026222471589635985,0.0002875057363990458,True,False,False,False,KEEP,False,0.5340596332119997
2024-12-31,2025-01-02,2025-01-06,2025,2025-01,1,0.0079921839203426,0.6516773520058887,0.0035191432093562014,9.704993334477786e-05,0.00010670814445539588,0.00025957085573474184,0.0002875057363990458,True,False,False,False,KEEP,False,0.6516773520058887
2025-01-02,2025-01-03,2025-01-07,2025,2025-01,0,-7.56286632993108e-05,0.7783751030783775,0.008344638201091215,0.00012084489056845378,9.724086238433512e-05,0.0002580501317987184,0.0002875057363990458,True,False,False,False,KEEP,False,0.7783751030783775
2025-01-03,2025-01-06,2025-01-08,2025,2025-01,0,-0.0003202863764369,0.4459175423899855,-0.0053653887654441235,0.00010402925723751019,0.00010868654444350021,0.0002575062019867344,0.0002875057363990458,True,False,False,False,KEEP,False,0.4459175423899855
2025-01-06,2025-01-07,2025-01-09,2025,2025-01,1,0.0130424732264835,0.6699116411724705,0.001241279077609292,0.0001368878574772493,0.00016671372912347034,0.0002575062019867344,0.0002875057363990458,True,False,False,False,KEEP,False,0.6699116411724705
2025-01-07,2025-01-08,2025-01-10,2025,2025-01,1,0.01316735310358,0.6401160248494436,0.002733345011270316,0.00014753490814953672,0.00012883097192910938,0.0002575062019867344,0.0002875057363990458,True,False,False,False,KEEP,False,0.6401160248494436
2025-01-08,2025-01-09,2025-01-13,2025,2025-01,1,0.009881484801588,0.7170491721684592,0.0030402781511300603,0.0001362563502080251,0.00015452344842506,0.0002575062019867344,0.0002875057363990458,True,False,False,False,KEEP,False,0.7170491721684592
2025-01-09,2025-01-10,2025-01-14,2025,2025-01,1,1.8752051006093896e-05,0.605856994063339,0.001982870080574628,0.00012581655667848402,0.0001610774405383829,0.0002575062019867344,0.0002875057363990458,True,False,False,False,KEEP,False,0.605856994063339
2025-01-10,2025-01-13,2025-01-15,2025,2025-01,1,0.0026649040659097,0.6741702886998946,0.0042988566143336016,0.00013897758400669257,0.00015588842608731094,0.0002575062019867344,0.0002875057363990458,True,False,False,False,KEEP,False,0.6741702886998946
2025-01-13,2025-01-14,2025-01-16,2025,2025-01,1,0.0102650676294333,0.2215789699184072,-0.008115118326490922,0.00010343107250078518,0.00011607766342830209,0.0002575062019867344,0.0002875057363990458,True,False,False,False,KEEP,False,0.2215789699184072
2025-01-14,2025-01-15,2025-01-17,2025,2025-01,1,0.0144096321804405,0.5502996425061837,0.003757040301656467,8.790992294022803e-05,0.00010190192612663565,0.0002575062019867344,0.0002875057363990458,True,False,False,False,KEEP,False,0.5502996425061837
2025-01-15,2025-01-16,2025-01-20,2025,2025-01,1,0.0077492462462329,0.5748035382823471,0.003975716197124335,0.00010852329520077591,0.00012254382488585398,0.0002575062019867344,0.0002875057363990458,True,False,False,False,KEEP,False,0.5748035382823471
2025-01-16,2025-01-17,2025-01-21,2025,2025-01,1,0.0051392212728168,0.5966054564777374,0.0034058183572538425,0.0001173997845218268,9.610397340173346e-05,0.0002575062019867344,0.0002875057363990458,True,False,False,False,KEEP,False,0.5966054564777374
2025-01-17,2025-01-20,2025-01-22,2025,2025-01,1,0.0201461458865224,0.4808047202363505,-0.0007988010321708927,0.00010693415091957285,0.00011591184508411275,0.0002575062019867344,0.0002875057363990458,True,False,False,False,KEEP,False,0.4808047202363505
2025-01-21,2025-01-22,2025-01-24,2025,2025-01,1,0.0180798559708558,0.7670095586036298,0.00860215198715597,0.0001684956976493934,8.834412825951539e-05,0.0002575062019867344,0.0002875057363990458,True,False,False,False,KEEP,False,0.7670095586036298
2025-01-22,2025-01-23,2025-01-27,2025,2025-01,1,0.0025148142974599,0.4883727586511004,-0.0008341221312440084,0.00016050864699208799,8.598696330886295e-05,0.0002575062019867344,0.0002875057363990458,True,False,False,False,KEEP,False,0.4883727586511004
2025-01-23,2025-01-24,2025-01-28,2025,2025-01,0,-0.0012748367203989,0.5729150605516871,0.003224888286992744,0.00012922042871849155,9.899862706176834e-05,0.0002575062019867344,0.0002875057363990458,True,False,False,False,KEEP,False,0.5729150605516871
2025-01-24,2025-01-27,2025-01-29,2025,2025-01,0,-0.0042130449536807,0.4384560250442814,-0.0005844462280935048,0.0001457858510869246,8.72204297337563e-05,0.0002575062019867344,0.0002875057363990458,True,False,False,False,KEEP,False,0.4384560250442814
2025-01-27,2025-01-28,2025-01-30,2025,2025-01,1,0.0039853981789672,0.2624099443537039,-0.008251987784703374,0.00015079634993759488,0.00012098583215272338,0.0002575062019867344,0.0002875057363990458,True,False,False,False,KEEP,False,0.2624099443537039
2025-01-28,2025-01-29,2025-01-31,2025,2025-01,1,0.0172717113276029,0.7007633454119825,0.0072562703116441085,0.00010403564762675392,0.00011001343226289332,0.0002575062019867344,0.0002875057363990458,True,False,False,False,KEEP,False,0.7007633454119825
2025-01-29,2025-01-30,2025-02-03,2025,2025-01,1,0.0125146810729162,0.437752028976643,-0.0010936871584874552,9.167760336875467e-05,9.756294042539919e-05,0.0002575062019867344,0.0002875057363990458,True,False,False,False,KEEP,False,0.437752028976643
2025-01-30,2025-01-31,2025-02-04,2025,2025-01,1,0.0125373868969427,0.7097045932676324,0.007115162778071671,0.00010727897904623957,8.485773065039959e-05,0.0002575062019867344,0.0002875057363990458,True,False,False,False,KEEP,False,0.7097045932676324
2025-01-31,2025-02-03,2025-02-05,2025,2025-02,1,0.029056110044691,0.6259790956244353,0.0016987678065065737,9.718269891229301e-05,9.781370194328199e-05,0.0002575062019867344,0.0002875057363990458,True,False,False,False,KEEP,False,0.6259790956244353
2025-02-03,2025-02-04,2025-02-06,2025,2025-02,1,0.0237131713873792,0.7038152508902474,0.006504951674046744,0.00015185359449144045,7.824727494114595e-05,0.0002575062019867344,0.0002875057363990458,True,False,False,False,KEEP,False,0.7038152508902474
2025-02-04,2025-02-05,2025-02-07,2025,2025-02,1,0.0187517048878598,0.8094298832834125,0.007604313678018393,0.0001776032958926134,8.633207464341707e-05,0.0002575062019867344,0.0002875057363990458,True,False,False,False,KEEP,False,0.8094298832834125
2025-02-05,2025-02-06,2025-02-10,2025,2025-02,1,0.0075398798963989,0.4721274141265714,-0.0010178674885219507,0.0002111262008162305,9.788265190740834e-05,0.0002575062019867344,0.0002875057363990458,True,False,False,False,KEEP,False,0.4721274141265714
2025-02-06,2025-02-07,2025-02-11,2025,2025-02,1,0.0158289034061394,0.5770617296903839,-0.00118622826739756,0.00019803942525375596,0.00014023238125384794,0.0002575062019867344,0.0002856212896637952,True,False,False,False,KEEP,False,0.5770617296903839
2025-02-07,2025-02-10,2025-02-12,2025,2025-02,1,0.005878482266207,0.3931662476020213,-0.0028516763124768474,0.0002147232939560307,0.00018644720268529868,0.0002575062019867344,0.0002808108800953933,True,False,False,False,KEEP,False,0.3931662476020213
2025-02-10,2025-02-11,2025-02-13,2025,2025-02,1,0.0075348713617664,0.5124011994806379,0.001707099739318707,0.00017910922414826833,0.00014051920053702996,0.0002575062019867344,0.0002808108800953933,True,False,False,False,KEEP,False,0.5124011994806379
2025-02-11,2025-02-12,2025-02-14,2025,2025-02,1,0.0106760753284939,0.397954976292515,-0.0019513976049196913,0.0001885335674005642,0.00019897551655636455,0.0002575062019867344,0.0002808108800953933,True,False,False,False,KEEP,False,0.397954976292515
2025-02-12,2025-02-13,2025-02-17,2025,2025-02,1,0.0051370420238936,0.6432646026499665,0.006019627695128094,0.00017966892594192403,0.00020070095041090566,0.0002575062019867344,0.0002808108800953933,True,False,False,False,KEEP,False,0.6432646026499665
2025-02-13,2025-02-14,2025-02-18,2025,2025-02,0,-0.0029521329989231,0.6166163242587182,0.004449091074929967,0.00018675193854338846,0.0001629012124359432,0.0002575062019867344,0.0002808108800953933,True,False,False,False,KEEP,False,0.6166163242587182
2025-02-14,2025-02-17,2025-02-19,2025,2025-02,1,0.0021589652156889,0.0979080850888371,-0.018124175009603505,0.00015637138735721183,0.00018991258029748317,0.0002575062019867344,0.0002808108800953933,True,False,False,False,KEEP,False,0.0979080850888371
2025-02-18,2025-02-19,2025-02-21,2025,2025-02,1,0.0071422146361465,0.780529081871517,0.007725774177400169,0.000137383303997759,0.00012930401940138144,0.0002575062019867344,0.0002808108800953933,True,False,False,False,KEEP,False,0.780529081871517
2025-02-19,2025-02-20,2025-02-24,2025,2025-02,0,-0.001291419040994,0.4852256898231089,-0.004136817581719576,0.00013795591614926495,0.0001552174914504855,0.0002575062019867344,0.0002808108800953933,True,False,False,False,KEEP,False,0.4852256898231089
2025-02-20,2025-02-21,2025-02-25,2025,2025-02,0,-0.0037319172759081,0.4281189041691839,-0.004097534576114725,0.00013150851895684274,0.00016549050525837953,0.0002575062019867344,0.0002808108800953933,True,False,False,False,KEEP,False,0.4281189041691839
2025-02-21,2025-02-24,2025-02-26,2025,2025-02,0,-0.0055277597650055,0.6120381138049578,0.002274378061827065,0.0001425668235853821,0.00018200497663215125,0.0002575062019867344,0.0002808108800953933,True,False,False,False,KEEP,False,0.6120381138049578
2025-02-24,2025-02-25,2025-02-27,2025,2025-02,0,-0.0167863687019774,0.6090023513767723,0.0028319331175685747,0.00015629433331911487,0.00015489261505393574,0.0002575062019867344,0.0002808108800953933,True,False,False,False,KEEP,False,0.6090023513767723
2025-02-25,2025-02-26,2025-02-28,2025,2025-02,0,-0.0277956017260641,0.293825986518533,-0.008206519779703214,0.00016543284001750325,0.0002776100099763136,0.0002575062019867344,0.0002808108800953933,True,False,False,False,KEEP,False,0.293825986518533
2025-02-26,2025-02-27,2025-03-03,2025,2025-02,0,-0.0156701812462371,0.5242227834104334,0.0010739098293495175,0.00017425707184074235,0.00026177109343353364,0.0002575062019867344,0.0002808108800953933,True,False,False,False,KEEP,False,0.5242227834104334
2025-02-27,2025-02-28,2025-03-04,2025,2025-02,1,0.0068754848025235,0.3535014114748026,-0.0036290744479856585,0.00016982749217360973,0.0003257186209686336,0.0002575062019867344,0.0002808108800953933,True,False,True,False,KEEP,False,0.3535014114748026
2025-02-28,2025-03-03,2025-03-05,2025,2025-03,1,0.0194846191212378,0.4412050872411775,-0.0017552767727870844,0.00018569862064186384,0.0003433707616203339,0.0002575062019867344,0.0002856212896637952,True,False,True,False,KEEP,False,0.4412050872411775
2025-03-03,2025-03-04,2025-03-06,2025,2025-03,1,0.0115774530130439,0.7971405631691273,0.008908698285482686,0.00019858349755833474,0.0003113398064523309,0.0002575062019867344,0.00028801718814907944,True,False,True,False,UP_MOMENTUM_MINUS_TAIL_FLIP_DOWN,True,0.2028594368308727
2025-03-04,2025-03-05,2025-03-07,2025,2025-03,1,0.0023670273997429,0.5902060179101719,-7.195179148045128e-05,0.00024026926018961455,0.00023481528036575446,0.0002575062019867344,0.0002923244793917267,True,False,False,False,KEEP,False,0.5902060179101719
2025-03-05,2025-03-06,2025-03-10,2025,2025-03,0,-0.0053610218092385,0.7116820655517223,-1.7146371172671593e-05,0.00023146891314059848,0.0002584831846743658,0.0002551309095490509,0.0002923244793917267,True,False,False,False,KEEP,False,0.7116820655517223
2025-03-06,2025-03-07,2025-03-11,2025,2025-03,1,0.0040584052539553,0.7923494334522677,0.00578772815922779,0.00024759997384181615,0.00022094328322342039,0.00025132403099060183,0.0002923244793917267,True,False,False,False,KEEP,False,0.7923494334522677
2025-03-07,2025-03-10,2025-03-12,2025,2025-03,0,-0.0016803556705022,0.5049735308650436,-0.004191314916047517,0.00023531385891017916,0.00018779939340282572,0.00024818310744221655,0.0002923244793917267,True,False,False,False,KEEP,False,0.5049735308650436
2025-03-10,2025-03-11,2025-03-13,2025,2025-03,1,0.0145553516779191,0.5613746870780143,-0.002996174873739932,0.00020877300599495897,0.0002266891273021786,0.00024688017318671247,0.0002923244793917267,True,False,False,False,KEEP,False,0.5613746870780143
2025-03-11,2025-03-12,2025-03-14,2025,2025-03,1,0.0292243414539535,0.666177468830135,0.0019533900068289256,0.00016583151761872904,0.00017608852310143521,0.000245079472028503,0.0002923244793917267,True,False,False,False,KEEP,False,0.666177468830135
2025-03-12,2025-03-13,2025-03-17,2025,2025-03,1,0.0279387011661427,0.7179402159567945,0.003845899367198591,0.00015190541194398007,0.00014347851673670114,0.000245079472028503,0.0002923244793917267,True,False,False,False,KEEP,False,0.7179402159567945
2025-03-13,2025-03-14,2025-03-18,2025,2025-03,1,0.0258296223774464,0.893219782772932,0.015958329740305643,0.00020047842512607467,0.00010746392967757274,0.000245079472028503,0.0002923244793917267,True,False,False,False,KEEP,False,0.893219782772932
2025-03-14,2025-03-17,2025-03-19,2025,2025-03,1,0.0113195935082726,0.4546764224424815,-0.002666413180458349,0.0001904477257300613,9.948373761023081e-05,0.000245079472028503,0.0002923244793917267,True,False,False,False,KEEP,False,0.4546764224424815
2025-03-17,2025-03-18,2025-03-20,2025,2025-03,1,0.0099795758779841,0.6734698771462392,0.00423052599822249,0.00018543802548315054,8.469132922983605e-05,0.000245079472028503,0.0002923244793917267,True,False,False,False,KEEP,False,0.6734698771462392
2025-03-18,2025-03-19,2025-03-21,2025,2025-03,1,0.003171983495517,0.6280530258674174,0.0024946999465704778,0.00018577063153843413,6.855040788753222e-05,0.000245079472028503,0.0002923244793917267,True,False,False,False,KEEP,False,0.6280530258674174
2025-03-19,2025-03-20,2025-03-24,2025,2025-03,0,-0.0012367565578561,0.7676443058270566,0.007301644271015206,0.0002145550306784793,8.300086319654724e-05,0.000245079472028503,0.0002923244793917267,True,False,False,False,KEEP,False,0.7676443058270566
2025-03-20,2025-03-21,2025-03-25,2025,2025-03,0,-0.0016039556646208,0.5400446217127486,0.0009036080921180911,0.00014838895600702854,9.777505665362322e-05,0.000245079472028503,0.0002923244793917267,True,False,False,False,KEEP,False,0.5400446217127486
2025-03-21,2025-03-24,2025-03-26,2025,2025-03,0,-0.0031223437969853,0.3512857633517415,-0.003037843071147961,0.0001432685571651578,0.00017557371136777168,0.000245079472028503,0.0002923244793917267,True,False,False,False,KEEP,False,0.3512857633517415
2025-03-24,2025-03-25,2025-03-27,2025,2025-03,1,0.0070536880231245,0.2546309160320174,-0.005482460586897275,0.0001303065494171216,0.00018309244165066416,0.000245079472028503,0.0002923244793917267,True,False,False,False,KEEP,False,0.2546309160320174
2025-03-25,2025-03-26,2025-03-28,2025,2025-03,1,0.0161040949005859,0.4575364401630692,-0.0004501792761288925,0.00012450389376289142,0.00018609676697035492,0.000245079472028503,0.0002923244793917267,True,False,False,False,KEEP,False,0.4575364401630692
2025-03-26,2025-03-27,2025-03-31,2025,2025-03,1,0.0320278757150185,0.4651803307080702,-0.0015819165979156224,0.00012353273328463642,0.00018701847754790143,0.000245079472028503,0.0002923244793917267,True,False,False,False,KEEP,False,0.4651803307080702
2025-03-27,2025-03-28,2025-04-01,2025,2025-03,1,0.0258133105917216,0.7678928947181074,0.006748729008688059,0.00014347423965904566,0.0001819050637700934,0.00024396546921308932,0.0002923244793917267,True,False,False,False,KEEP,False,0.7678928947181074
2025-03-28,2025-03-31,2025-04-02,2025,2025-03,1,0.0182822218431202,0.7528952335125998,0.003988141564400749,0.00018343318196139313,0.00011550848400279369,0.0002416943884888176,0.0002923244793917267,True,False,False,False,KEEP,False,0.7528952335125998
2025-03-31,2025-04-01,2025-04-03,2025,2025-04,1,0.0025446731664924,0.5579079206976728,0.000531479034105331,0.0002369045938984993,0.00012941518956203232,0.00024044959200157664,0.0002923244793917267,True,False,False,False,KEEP,False,0.5579079206976728
2025-04-01,2025-04-02,2025-04-04,2025,2025-04,0,-0.01324394940771,0.3918417443249725,-0.005341504080581316,0.000239879204837179,0.00017077418770577928,0.00023836318758845216,0.0002923244793917267,True,True,False,False,DOWN_MOMENTUM_PLUS_TAIL_FLIP_UP,True,0.6081582556750276
2025-04-02,2025-04-03,2025-04-07,2025,2025-04,0,-0.033145919326773,0.4624773010665148,0.0005331465641518207,0.0002688807695120463,0.00019202474028730767,0.00023828517651796504,0.0002923244793917267,True,True,False,False,KEEP,False,0.4624773010665148
2025-04-03,2025-04-04,2025-04-08,2025,2025-04,0,-0.0409298915865586,0.2526773811192771,-0.004833966174890847,0.0004552702675438087,0.00035275750749362843,0.00023828517651796504,0.0002923244793917267,True,True,True,True,BOTH_TAIL_RISK_KEEP,False,0.2526773811192771
2025-04-04,2025-04-07,2025-04-09,2025,2025-04,0,-0.0148657994348753,0.0848031214907592,-0.01504988708489563,0.00047670742904509545,0.0006248826034825696,0.00023828517651796504,0.00029489348722349057,True,True,True,True,BOTH_TAIL_RISK_KEEP,False,0.0848031214907592
2025-04-07,2025-04-08,2025-04-10,2025,2025-04,1,0.0266008264204868,0.0895795817891229,-0.016403811459797524,0.0008650565452907984,0.0008761538794635339,0.00023828517651796504,0.0002962666967594693,True,True,True,True,BOTH_TAIL_RISK_KEEP,False,0.0895795817891229
2025-04-08,2025-04-09,2025-04-11,2025,2025-04,1,0.0679265956870164,0.2474165974926779,-0.008484627027298686,0.0008962090071458619,0.0009035164262210295,0.00023828517651796504,0.000300790172023733,True,True,True,True,BOTH_TAIL_RISK_KEEP,False,0.2474165974926779
2025-04-09,2025-04-10,2025-04-14,2025,2025-04,1,0.0561808283979437,0.8519995830099245,0.012730002803545304,0.0012633902566404197,0.0010210054746401034,0.00023828517651796504,0.0003032179797723249,True,True,True,True,BOTH_TAIL_RISK_KEEP,False,0.8519995830099245
2025-04-10,2025-04-11,2025-04-15,2025,2025-04,1,0.0381163918501938,0.9689705482158678,0.02242573785056301,0.0012711986218942358,0.000866395125201586,0.00023828517651796504,0.000309214242858263,True,True,True,True,BOTH_TAIL_RISK_KEEP,False,0.9689705482158678
2025-04-11,2025-04-14,2025-04-16,2025,2025-04,1,0.0278164341082509,0.6904437865725751,0.006888612211033873,0.0013757521435085645,0.0006528385129020773,0.00023828517651796504,0.000309214242858263,True,True,True,True,BOTH_TAIL_RISK_KEEP,False,0.6904437865725751
2025-04-17,2025-04-22,2025-04-24,2025,2025-04,1,0.002013403330639,0.5765887219613133,0.000628544039074086,0.0023056632477951285,0.0004766777827643672,0.00023828517651796504,0.000309214242858263,True,True,True,True,BOTH_TAIL_RISK_KEEP,False,0.5765887219613133
2025-04-22,2025-04-23,2025-04-25,2025,2025-04,0,-0.0460101433950713,0.1231076943911697,-0.01452108955644249,0.001867504276505491,0.0004807908814844307,0.00023828517651796504,0.0003032179797723249,True,True,True,True,BOTH_TAIL_RISK_KEEP,False,0.1231076943911697
2025-04-23,2025-04-24,2025-04-28,2025,2025-04,0,-0.0163960415067259,0.2119485641411844,-0.011408055094095815,0.0019653838668872254,0.0009077216728241482,0.00023828517651796504,0.0003032179797723249,True,True,True,True,BOTH_TAIL_RISK_KEEP,False,0.2119485641411844
2025-04-24,2025-04-25,2025-04-29,2025,2025-04,0,-0.0048450290384238,0.5319299474624231,0.0029552701399229164,0.0007562289624986319,0.0008927008418096533,0.00023828517651796504,0.0003032179797723249,True,True,True,True,BOTH_TAIL_RISK_KEEP,False,0.5319299474624231
2025-04-25,2025-04-28,2025-04-30,2025,2025-04,0,-0.004571939946801,0.6732644634085247,0.0011163240912495098,0.0007980642037906553,0.0010518830670559521,0.00023828517651796504,0.0003032179797723249,True,True,True,True,BOTH_TAIL_RISK_KEEP,False,0.6732644634085247
2025-04-28,2025-04-29,2025-05-01,2025,2025-04,0,-0.0162662709558753,0.9596226661977244,0.018558761404808166,0.0006680302526788138,0.0008925742584682784,0.00023828517651796504,0.0003032179797723249,True,True,True,True,BOTH_TAIL_RISK_KEEP,False,0.9596226661977244
2025-04-29,2025-04-30,2025-05-02,2025,2025-04,0,-0.0157801997519384,0.768683806304904,0.001357322964654628,0.0004347124643739488,0.00039227560377579014,0.00023828517651796504,0.0003032179797723249,True,True,True,True,BOTH_TAIL_RISK_KEEP,False,0.768683806304904
2025-04-30,2025-05-01,2025-05-06,2025,2025-05,1,0.0279378388914074,0.5469998583164579,0.0011549802201837878,0.00035074642459865195,0.00037769878103752035,0.00023828517651796504,0.0003032179797723249,True,True,True,True,BOTH_TAIL_RISK_KEEP,False,0.5469998583164579
2025-05-01,2025-05-02,2025-05-07,2025,2025-05,1,0.0454520405091963,0.5113719727087949,0.001102922547316254,0.00034961710287527865,0.00039856771794749107,0.00023828517651796504,0.0003032179797723249,True,True,True,True,BOTH_TAIL_RISK_KEEP,False,0.5113719727087949
2025-05-02,2025-05-06,2025-05-08,2025,2025-05,1,0.0236377532691481,0.4426836198676632,-0.0009918579416350326,0.00044587523351730926,0.0005233572327896755,0.00023828517651796504,0.0003032179797723249,True,True,True,True,BOTH_TAIL_RISK_KEEP,False,0.4426836198676632
2025-05-06,2025-05-07,2025-05-09,2025,2025-05,0,-0.0157871314273372,0.884575539762018,0.016900388157200297,0.0006427172061308093,0.0004216740637873243,0.00023995721590766613,0.00031909097365146854,True,True,True,True,BOTH_TAIL_RISK_KEEP,False,0.884575539762018
2025-05-07,2025-05-08,2025-05-12,2025,2025-05,0,-0.046429034701683,0.2952284634171968,-0.004779742791873431,0.000666447180646619,0.0006168997276203477,0.00023995721590766613,0.00032588787899381753,True,True,True,True,BOTH_TAIL_RISK_KEEP,False,0.2952284634171968
2025-05-08,2025-05-09,2025-05-13,2025,2025-05,0,-0.0263843543528826,0.1928421821251586,-0.00897932679947111,0.0006810329385191808,0.0007402642750400693,0.00023995721590766613,0.00032992608119970947,True,True,True,True,BOTH_TAIL_RISK_KEEP,False,0.1928421821251586
2025-05-09,2025-05-12,2025-05-14,2025,2025-05,0,-0.0285280352541475,0.3149885832255433,-0.0014671928743190676,0.0007652491303807233,0.000842855703663474,0.00023995721590766613,0.000345248110794993,True,True,True,True,BOTH_TAIL_RISK_KEEP,False,0.3149885832255433
2025-05-12,2025-05-13,2025-05-15,2025,2025-05,0,-0.0160311224160857,0.4692635861182441,0.0012154859960400444,0.00044758946395415697,0.0013253004451589574,0.00023995721590766613,0.0003534262074232614,True,True,True,True,KEEP,False,0.4692635861182441
2025-05-13,2025-05-14,2025-05-16,2025,2025-05,0,-0.013629226387542,0.347786394918885,-0.002127948256203993,0.0003724840911878239,0.0010226172132804532,0.00024044959200157664,0.00035625596177790144,True,True,True,True,BOTH_TAIL_RISK_KEEP,False,0.347786394918885
2025-05-14,2025-05-15,2025-05-19,2025,2025-05,1,0.0025038652957668,0.1222525658556593,-0.015984973163190475,0.00029798334962013984,0.0010415930605200156,0.0002416943884888176,0.00035692654630413483,True,True,True,True,BOTH_TAIL_RISK_KEEP,False,0.1222525658556593
2025-05-15,2025-05-16,2025-05-20,2025,2025-05,1,0.0209374555338376,0.9425794378497664,0.02559840102544797,0.0003894392704762653,0.0009382911088505238,0.00024396546921308932,0.0003582664703844199,True,True,True,True,BOTH_TAIL_RISK_KEEP,False,0.9425794378497664
2025-05-16,2025-05-19,2025-05-21,2025,2025-05,1,0.0307372018931267,0.4773705338209936,0.000748013125106084,0.0004574360252683252,0.0011215408418793426,0.00024525942219227897,0.00036573777331941543,True,True,True,True,KEEP,False,0.4773705338209936
2025-05-19,2025-05-20,2025-05-22,2025,2025-05,1,0.0204286739741992,0.3665493443548135,-0.004714570735592005,0.00045391624492183407,0.0006237650875336494,0.00024818310744221655,0.00037748633429550606,True,True,True,True,BOTH_TAIL_RISK_KEEP,False,0.3665493443548135
2025-05-20,2025-05-21,2025-05-23,2025,2025-05,1,0.0279075132964067,0.8528412319789943,0.015127081155272393,0.0005440177152061331,0.00047765833299923176,0.00025132403099060183,0.00037778589530012256,True,True,True,True,BOTH_TAIL_RISK_KEEP,False,0.8528412319789943
2025-05-21,2025-05-22,2025-05-27,2025,2025-05,0,-0.0043899555817868,0.4947794103547657,0.002189053497469118,0.0004621905479226436,0.00041251107543944956,0.0002554288257037475,0.000378490490456161,True,True,True,True,KEEP,False,0.4947794103547657
2025-05-22,2025-05-23,2025-05-28,2025,2025-05,1,0.0047528965151216,0.2245860075848013,-0.004965208399910992,0.00048456764214476616,0.00030696419891264375,0.0002554288257037475,0.00038060896374748774,True,True,False,False,DOWN_MOMENTUM_PLUS_TAIL_FLIP_UP,True,0.7754139924151987
2025-05-23,2025-05-27,2025-05-29,2025,2025-05,0,-0.0154943332768002,0.5971588583401571,0.008847390342282324,0.0005460479513024024,0.0003432497387705627,0.0002554288257037475,0.00038060896374748774,True,True,False,False,KEEP,False,0.5971588583401571
2025-05-27,2025-05-28,2025-05-30,2025,2025-05,0,-0.0006677492546236,0.3069313854471461,-0.0011509572387584655,0.00022279482083867116,0.00024543637715528305,0.00026936374818257384,0.00037814203340575227,True,False,False,False,KEEP,False,0.3069313854471461
2025-05-28,2025-05-29,2025-06-02,2025,2025-05,1,0.0070349410769572,0.1548523180936739,-0.009554983193313049,0.00016901097888798086,0.00017417343115416422,0.00026936374818257384,0.00037814203340575227,True,False,False,False,KEEP,False,0.1548523180936739
2025-05-29,2025-05-30,2025-06-03,2025,2025-05,1,0.0238971158485419,0.7519684038751216,0.010997730402991124,0.00013606362094249964,0.00020718335114932172,0.00026936374818257384,0.00037814203340575227,True,False,False,False,KEEP,False,0.7519684038751216
2025-05-30,2025-06-02,2025-06-04,2025,2025-06,1,0.0208971572700646,0.4261144248745363,-0.0018866067191520841,0.00019333889560653163,0.00030277877646021586,0.00026936374818257384,0.00037814203340575227,True,False,False,False,KEEP,False,0.4261144248745363
2025-06-02,2025-06-03,2025-06-05,2025,2025-06,1,0.012034554742236,0.7314483386033028,0.008620256498057088,0.0003047762253138674,0.00021601551270412225,0.00026936374818257384,0.00037814203340575227,True,True,False,False,KEEP,False,0.7314483386033028
2025-06-03,2025-06-04,2025-06-06,2025,2025-06,0,-0.0006404289603409,0.5006241137809152,-0.002051973100275717,0.00028282261619014135,0.00023393644897192988,0.0002734515271492238,0.00037814203340575227,True,True,False,False,KEEP,False,0.5006241137809152
2025-06-04,2025-06-05,2025-06-09,2025,2025-06,0,-0.0135612549953453,0.6551399106234348,0.002871564153521078,0.0003276389634532667,0.00019653339633693992,0.0002822245106679346,0.00037814203340575227,True,True,False,False,KEEP,False,0.6551399106234348
2025-06-05,2025-06-06,2025-06-10,2025,2025-06,0,-0.0172647940826273,0.4174759959874504,-0.006587263124114173,0.0003118782605127278,0.00019070659797646518,0.0002834238888906529,0.00037814203340575227,True,True,False,False,DOWN_MOMENTUM_PLUS_TAIL_FLIP_UP,True,0.5825240040125497
2025-06-06,2025-06-09,2025-06-11,2025,2025-06,0,-0.0053629043332633,0.2027882623156972,-0.016523854129088633,0.00031302544695824145,0.00024026333181201642,0.0002858308629159139,0.00037814203340575227,True,True,False,False,DOWN_MOMENTUM_PLUS_TAIL_FLIP_UP,True,0.7972117376843029
2025-06-09,2025-06-10,2025-06-12,2025,2025-06,1,0.0127729809028731,0.6794668241679992,0.0022865404991989635,0.00022419467673404656,0.00022228271917367252,0.0002866476865301791,0.00037748633429550606,True,False,False,False,KEEP,False,0.6794668241679992
2025-06-10,2025-06-11,2025-06-13,2025,2025-06,1,0.0274326797376551,0.5100679109617428,-0.0017256207797053946,0.0001409513210078867,0.00023078676253174545,0.0002866476865301791,0.00036573777331941543,True,False,False,False,KEEP,False,0.5100679109617428
2025-06-11,2025-06-12,2025-06-16,2025,2025-06,1,0.0234489827422115,0.6468123592866593,0.002362362205401425,0.00016235034732862784,0.00017555952412905978,0.0002866476865301791,0.00036573777331941543,True,False,False,False,KEEP,False,0.6468123592866593
2025-06-12,2025-06-13,2025-06-17,2025,2025-06,1,0.0059635245717362,0.6359569994868678,0.0074703959275659315,0.00022217142562352184,0.00019642830284028278,0.0002866476865301791,0.0003582664703844199,True,False,False,False,KEEP,False,0.6359569994868678
2025-06-13,2025-06-16,2025-06-18,2025,2025-06,0,-0.0114239908601214,0.4265029141314525,0.0022664504519767092,0.0003229416224406695,0.0002329959174641435,0.0002858308629159139,0.0003563067277597009,True,True,False,False,KEEP,False,0.4265029141314525
2025-06-16,2025-06-17,2025-06-19,2025,2025-06,0,-0.0138044989847901,0.1349824049247202,-0.008953352916249102,0.0003234071363795142,0.00029222170710697026,0.0002866476865301791,0.0003563067277597009,True,True,False,False,DOWN_MOMENTUM_PLUS_TAIL_FLIP_UP,True,0.8650175950752799
2025-06-17,2025-06-18,2025-06-20,2025,2025-06,0,-0.0075419393374653,0.4159218617420707,0.002414863959376845,0.00034064832223439713,0.00028383548163237224,0.0002902296124126969,0.0003563067277597009,True,True,False,False,KEEP,False,0.4159218617420707
2025-06-18,2025-06-19,2025-06-23,2025,2025-06,0,-0.0054416052785622,0.3670455473365976,-0.0033720254759526114,0.0002517963265027719,0.00024407716433784744,0.00029288360144425824,0.0003563067277597009,True,False,False,False,KEEP,False,0.3670455473365976
2025-06-19,2025-06-20,2025-06-24,2025,2025-06,0,-0.0152320974299719,0.5755047291384283,0.002072416882898054,0.00019125673587455994,0.00023223292221933797,0.00029288360144425824,0.0003563067277597009,True,False,False,False,KEEP,False,0.5755047291384283
2025-06-20,2025-06-23,2025-06-25,2025,2025-06,0,-0.0098090654787751,0.718690521691482,0.005306804880666149,0.0002438147954024123,0.00026827820035128,0.00029288360144425824,0.0003563067277597009,True,False,False,False,KEEP,False,0.718690521691482
2025-06-23,2025-06-24,2025-06-26,2025,2025-06,0,-0.0068027473227525,0.501506678422067,0.0021750804581799343,0.0004372920202392787,0.0003435284225834498,0.0002982346810196822,0.0003563067277597009,True,True,False,False,KEEP,False,0.501506678422067
2025-06-24,2025-06-25,2025-06-27,2025,2025-06,0,-0.0100670721151231,0.3602501032842025,-0.0016227915569935192,0.0004417908161289196,0.00042777691106440447,0.0003003472503570547,0.0003563067277597009,True,True,True,True,BOTH_TAIL_RISK_KEEP,False,0.3602501032842025
2025-06-25,2025-06-26,2025-06-30,2025,2025-06,0,-0.0136827572386252,0.4005963621736683,0.00141148567936078,0.00041795491215898995,0.0004116403376594744,0.0003050036064415509,0.0003582664703844199,True,True,True,True,KEEP,False,0.4005963621736683
2025-06-26,2025-06-27,2025-07-01,2025,2025-06,1,0.0008827908733144,0.291652614417887,-0.006054203418061732,0.00037703088132011697,0.0003953472114083131,0.0003071061568643735,0.00036573777331941543,True,True,True,True,BOTH_TAIL_RISK_KEEP,False,0.291652614417887
2025-06-27,2025-06-30,2025-07-02,2025,2025-06,1,0.0157745072538324,0.3776450627491127,-0.003462613238662371,0.00019720785567977416,0.0004508012453871972,0.00031210769780183053,0.00037748633429550606,True,False,True,False,KEEP,False,0.3776450627491127
2025-06-30,2025-07-01,2025-07-03,2025,2025-07,1,0.0219556897411934,0.6994094419808483,0.0041898997093721135,0.00011655873085347514,0.00015022868299659691,0.00031210769780183053,0.00037814203340575227,True,False,False,False,KEEP,False,0.6994094419808483
2025-07-01,2025-07-02,2025-07-04,2025,2025-07,0,-0.0028306780323148,0.4511648204962801,-0.0009676050916649359,0.00011839489115178777,0.00014645287174025142,0.00031210769780183053,0.00037814203340575227,True,False,False,False,KEEP,False,0.4511648204962801
2025-07-02,2025-07-03,2025-07-07,2025,2025-07,0,-0.0097826049169539,0.680199969951642,0.006554849048347577,0.0001296512951019563,0.00013346875794961505,0.00031210769780183053,0.00037814203340575227,True,False,False,False,KEEP,False,0.680199969951642
2025-07-03,2025-07-04,2025-07-08,2025,2025-07,0,-0.008318081607495,0.2125605904109816,-0.009694434416241293,0.000152736214163539,0.00015701950688656744,0.00031210769780183053,0.00037814203340575227,True,False,False,False,KEEP,False,0.2125605904109816
2025-07-04,2025-07-07,2025-07-09,2025,2025-07,0,-0.0137881143854163,0.4454797513325787,-0.0017935237359427703,0.00015074339552111204,0.00014582464065909602,0.00031210769780183053,0.00037814203340575227,True,False,False,False,KEEP,False,0.4454797513325787
2025-07-07,2025-07-08,2025-07-10,2025,2025-07,1,0.0060464143316681,0.7027096289387501,0.008039857236141756,0.00011757632140837694,0.0001548072492522921,0.00031210769780183053,0.00037814203340575227,True,False,False,False,KEEP,False,0.7027096289387501
2025-07-08,2025-07-09,2025-07-11,2025,2025-07,1,0.0041452081642936,0.3418333213207987,-0.00681700060495416,9.626862942471086e-05,0.00019960439816022656,0.00031210769780183053,0.00037814203340575227,True,False,False,False,KEEP,False,0.3418333213207987
2025-07-09,2025-07-10,2025-07-14,2025,2025-07,1,0.0227022799495893,0.7861645098178858,0.008188353694672301,0.00010073382813113555,0.0001496918321693304,0.00031210769780183053,0.00037814203340575227,True,False,False,False,KEEP,False,0.7861645098178858
2025-07-10,2025-07-11,2025-07-15,2025,2025-07,1,0.0100067396475669,0.5314379054293733,-0.0014822010840109812,0.0001221044930333365,0.00016414213815494036,0.00031210769780183053,0.00037814203340575227,True,False,False,False,KEEP,False,0.5314379054293733
2025-07-11,2025-07-14,2025-07-16,2025,2025-07,1,0.0010036777389461,0.6830013836865345,0.005018692179802997,0.00015100234820731982,0.00017860312358141848,0.00031210769780183053,0.00037814203340575227,True,False,False,False,KEEP,False,0.6830013836865345
2025-07-14,2025-07-15,2025-07-17,2025,2025-07,0,-0.0102348921556731,0.3794835330960381,-0.007047879005451563,0.00017279521916316733,0.00014258713889260785,0.00030619663235363956,0.00037814203340575227,True,False,False,False,KEEP,False,0.3794835330960381
2025-07-15,2025-07-16,2025-07-18,2025,2025-07,0,-0.0023543096210733,0.273666796262337,-0.010868355272076968,0.0001458732296454769,0.00015540955477010823,0.00030619663235363956,0.00037814203340575227,True,False,False,False,KEEP,False,0.273666796262337
2025-07-16,2025-07-17,2025-07-21,2025,2025-07,1,0.006923334129971,0.5527768089873727,0.0008075732862966589,0.00014709073342865684,0.00014819854076196138,0.00030619663235363956,0.00037814203340575227,True,False,False,False,KEEP,False,0.5527768089873727
2025-07-17,2025-07-18,2025-07-22,2025,2025-07,1,0.0167690715569092,0.6749276138634425,0.002661135957721328,0.00014196680750316345,0.0001621268242403549,0.00030619663235363956,0.00037814203340575227,True,False,False,False,KEEP,False,0.6749276138634425
2025-07-18,2025-07-21,2025-07-23,2025,2025-07,1,0.0231661482430736,0.5250510427255733,0.00012844697174152486,0.00015936591528960319,0.00016086124587454153,0.00030619663235363956,0.00037814203340575227,True,False,False,False,KEEP,False,0.5250510427255733
2025-07-21,2025-07-22,2025-07-24,2025,2025-07,0,-0.0003123071342947,0.7076320020670475,0.009306326490428063,0.0001380239586399142,6.758659567596857e-05,0.00030619663235363956,0.00037814203340575227,True,False,False,False,KEEP,False,0.7076320020670475
2025-07-22,2025-07-23,2025-07-25,2025,2025-07,0,-0.0115862381634523,0.7791383757159744,0.01120021802152138,0.00015338638495837687,5.754216137095411e-05,0.00030619663235363956,0.00037814203340575227,True,False,False,False,KEEP,False,0.7791383757159744
2025-07-23,2025-07-24,2025-07-28,2025,2025-07,0,-0.0271722524378878,0.181610825144032,-0.011313645560766972,0.00013630935445038014,7.658622078869898e-05,0.00030619663235363956,0.00037814203340575227,True,False,False,False,KEEP,False,0.181610825144032
2025-07-24,2025-07-25,2025-07-29,2025,2025-07,0,-0.0109325030205784,0.4080310945560508,-0.001002289336282658,0.00012856029762410367,8.380023486226662e-05,0.00030619663235363956,0.00037814203340575227,True,False,False,False,KEEP,False,0.4080310945560508
2025-07-25,2025-07-28,2025-07-30,2025,2025-07,0,-0.0044622208416309,0.5199852749354626,0.00046916300090948937,0.00015121732519925667,0.00011704198015328352,0.00030619663235363956,0.00037814203340575227,True,False,False,False,KEEP,False,0.5199852749354626
2025-07-28,2025-07-29,2025-07-31,2025,2025-07,0,-0.0094507851657965,0.3228877406090833,-0.005876720196575036,9.418677395637098e-05,0.0001665894887144514,0.00030619663235363956,0.00037814203340575227,True,False,False,False,KEEP,False,0.3228877406090833
2025-07-29,2025-07-30,2025-08-01,2025,2025-07,0,-0.0090938556275445,0.5068553074904201,0.00024296343520013863,9.751945802371069e-05,0.00015973233342445641,0.00030619663235363956,0.00037814203340575227,True,False,False,False,KEEP,False,0.5068553074904201
2025-07-30,2025-07-31,2025-08-04,2025,2025-07,1,0.0081755116652186,0.1428707700447238,-0.013807719825841502,0.00010478043623827689,0.00020386949711606988,0.0003003472503570547,0.00037748633429550606,True,False,False,False,KEEP,False,0.1428707700447238
2025-07-31,2025-08-01,2025-08-05,2025,2025-08,1,0.0169268139871317,0.2359825606550459,-0.005069853458422813,0.00011264669037263382,0.00020864226402307002,0.0002982346810196822,0.0003611903327070669,True,False,False,False,KEEP,False,0.2359825606550459
2025-08-01,2025-08-04,2025-08-06,2025,2025-08,1,0.0203684042327494,0.8934409767002015,0.018926361587476848,0.0002348405156532734,0.00020194743809680816,0.00029150454945666744,0.0003563067277597009,True,False,False,False,KEEP,False,0.8934409767002015
2025-08-04,2025-08-05,2025-08-07,2025,2025-08,1,0.0050185702955709,0.6420473860256194,0.005171742365876142,0.0002437063118590076,0.0001701847229924107,0.0002866476865301791,0.0003534262074232614,True,False,False,False,KEEP,False,0.6420473860256194
2025-08-05,2025-08-06,2025-08-08,2025,2025-08,1,0.0100143581008314,0.5190357865376034,0.0036431748628551475,0.00025966528605062206,0.00015514330888510318,0.0002834257721138679,0.0003453742395654857,True,False,False,False,KEEP,False,0.5190357865376034
2025-08-06,2025-08-07,2025-08-11,2025,2025-08,0,-0.0013688848703449,0.5055213083451825,0.0008219231386004111,0.00023723968458325362,0.0001022151898591672,0.0002834257721138679,0.0003453742395654857,True,False,False,False,KEEP,False,0.5055213083451825
2025-08-07,2025-08-08,2025-08-12,2025,2025-08,0,-0.0084480312060621,0.7293214105322013,0.002750667611158164,0.00013146442305271393,9.94956231491897e-05,0.0002834257721138679,0.0003453742395654857,True,False,False,False,KEEP,False,0.7293214105322013
2025-08-08,2025-08-11,2025-08-13,2025,2025-08,0,-0.0103712195085708,0.585969107844215,-0.0008852926913007764,0.00012836519482703972,0.00012106133107824998,0.0002834257721138679,0.0003453742395654857,True,False,False,False,KEEP,False,0.585969107844215
2025-08-11,2025-08-12,2025-08-14,2025,2025-08,0,-0.0004169893430292,0.453665312484612,-0.004168767777771976,0.00010063548190773956,0.00013201449219394962,0.0002834257721138679,0.0003453742395654857,True,False,False,False,KEEP,False,0.453665312484612
2025-08-12,2025-08-13,2025-08-15,2025,2025-08,0,-0.0009563801742137,0.6093402034827949,-0.0019606970340202423,0.00011286794395206524,0.00013373337769631522,0.0002834257721138679,0.0003453742395654857,True,False,False,False,KEEP,False,0.6093402034827949
2025-08-13,2025-08-14,2025-08-18,2025,2025-08,0,-0.0040533547784233,0.6726995202616448,0.0005223997670995573,0.00010499073209109137,0.00012280052298945548,0.0002834257721138679,0.0003453742395654857,True,False,False,False,KEEP,False,0.6726995202616448
2025-08-14,2025-08-15,2025-08-19,2025,2025-08,0,-0.0056164817674741,0.4910243714588221,-0.0032287926983567417,9.31404106267017e-05,0.00012318382074108937,0.0002834257721138679,0.0003453742395654857,True,False,False,False,KEEP,False,0.4910243714588221
2025-08-15,2025-08-18,2025-08-20,2025,2025-08,0,-0.0051262178326905,0.5696853766122925,-0.00201037661739889,8.960880921753051e-05,0.00011426663787965417,0.0002834257721138679,0.0003453742395654857,True,False,False,False,KEEP,False,0.5696853766122925
2025-08-18,2025-08-19,2025-08-21,2025,2025-08,0,-0.0026165696021149,0.5479032981861224,-0.004372508126932573,8.253299641070459e-05,6.725629288788561e-05,0.0002834257721138679,0.0003453742395654857,True,False,False,False,KEEP,False,0.5479032981861224
2025-08-19,2025-08-20,2025-08-22,2025,2025-08,0,-0.0028501586880361,0.4976278564963349,-0.006093343564810283,5.656226326602587e-05,6.813591378160034e-05,0.0002834257721138679,0.0003453742395654857,True,False,False,False,KEEP,False,0.4976278564963349
2025-08-20,2025-08-21,2025-08-26,2025,2025-08,1,0.0136267714571582,0.7434615572987047,0.006090584457309589,6.401240667967801e-05,5.186925750664125e-05,0.0002834257721138679,0.0003453742395654857,True,False,False,False,KEEP,False,0.7434615572987047
2025-08-21,2025-08-22,2025-08-27,2025,2025-08,1,0.0125566991412207,0.6137692048026644,-0.0009448918801897577,6.282018149285626e-05,5.713213163114702e-05,0.0002834257721138679,0.0003453742395654857,True,False,False,False,KEEP,False,0.6137692048026644
2025-08-22,2025-08-26,2025-08-28,2025,2025-08,1,0.0206511706173538,0.8869052021186338,0.011467586934838181,0.00016272946444842833,6.243292313626443e-05,0.0002834257721138679,0.0003453742395654857,True,False,False,False,KEEP,False,0.8869052021186338
2025-08-26,2025-08-27,2025-08-29,2025,2025-08,1,0.0102059761468641,0.75070060522781,0.00411502473645875,0.0001855219698986972,5.979135257089629e-05,0.0002834257721138679,0.0003453742395654857,True,False,False,False,KEEP,False,0.75070060522781
2025-08-27,2025-08-28,2025-09-01,2025,2025-08,1,0.0253710310866771,0.7100956113586213,0.004439108645163614,0.0001870359846306665,4.930771322810987e-05,0.0002834257721138679,0.0003453742395654857,True,False,False,False,KEEP,False,0.7100956113586213
2025-08-28,2025-08-29,2025-09-02,2025,2025-08,1,0.0233145372705996,0.8038195495626214,0.0068748959551143685,0.00020423838362545495,4.878024247368496e-05,0.0002834257721138679,0.0003453742395654857,True,False,False,False,KEEP,False,0.8038195495626214
2025-08-29,2025-09-01,2025-09-03,2025,2025-09,1,0.0372717526877605,0.8675844396770727,0.01304047804939934,0.00015244695079364093,4.609315628979367e-05,0.0002834257721138679,0.0003453742395654857,True,False,False,False,KEEP,False,0.8675844396770727
2025-09-01,2025-09-02,2025-09-04,2025,2025-09,1,0.0201626350201707,0.5041592413371023,-0.00018045655557408224,0.00017634130093191814,4.4397533696198294e-05,0.0002834257721138679,0.0003453742395654857,True,False,False,False,KEEP,False,0.5041592413371023
2025-09-02,2025-09-03,2025-09-05,2025,2025-09,1,0.0200957435752506,0.8727719466220869,0.0167231017115963,0.0002936375101065217,6.53136887910356e-05,0.0002834257721138679,0.0003453742395654857,True,True,False,False,KEEP,False,0.8727719466220869
2025-09-03,2025-09-04,2025-09-08,2025,2025-09,1,0.0205956296327881,0.6281240120082627,0.005086613675116425,0.0003012464767192562,7.907326385832409e-05,0.0002873982186683237,0.0003453742395654857,True,True,False,False,KEEP,False,0.6281240120082627
2025-09-04,2025-09-05,2025-09-09,2025,2025-09,1,0.0318784770067785,0.4520473657907063,0.0004926406623884105,0.00029182331146690427,0.0001282840706164434,0.0002945066780092454,0.0003453742395654857,True,False,False,False,KEEP,False,0.4520473657907063
2025-09-05,2025-09-08,2025-09-10,2025,2025-09,1,0.0271872200019407,0.701685879255449,0.011049650486098628,0.0003291433488317058,0.00013356989122644225,0.0002945066780092454,0.0003453742395654857,True,True,False,False,KEEP,False,0.701685879255449
2025-09-08,2025-09-09,2025-09-11,2025,2025-09,1,0.0020613001785707,0.5997762452364164,0.006358778768179363,0.00023799722985765615,0.00010708145215717448,0.0002982346810196822,0.0003453742395654857,True,False,False,False,KEEP,False,0.5997762452364164
2025-09-09,2025-09-10,2025-09-12,2025,2025-09,0,-0.0023974420514015,0.2420020017062934,-0.00461187894322812,0.00019057436136821757,0.0001417749871452518,0.0002982346810196822,0.0003453742395654857,True,False,False,False,KEEP,False,0.2420020017062934
2025-09-10,2025-09-11,2025-09-15,2025,2025-09,0,-0.0022513256633041,0.3436385036702692,-0.0024220226530431432,0.0001886611155314507,0.00011142266317251613,0.0002982346810196822,0.0003453742395654857,True,False,False,False,KEEP,False,0.3436385036702692
2025-09-11,2025-09-12,2025-09-16,2025,2025-09,1,0.0211812358512454,0.4918960789630419,0.0030508288040511644,0.0001286518594811029,0.00010654441536488146,0.0002982346810196822,0.0003453742395654857,True,False,False,False,KEEP,False,0.4918960789630419
2025-09-12,2025-09-15,2025-09-17,2025,2025-09,1,0.0066575320573738,0.4783080738526217,0.0002965778236454497,0.00013123864599421317,0.00010722831437225937,0.0002982346810196822,0.0003453742395654857,True,False,False,False,KEEP,False,0.4783080738526217
2025-09-15,2025-09-16,2025-09-18,2025,2025-09,1,0.0093699604233554,0.7424988307043208,0.008725416437158628,0.00012479585874378347,0.00010473006262544454,0.0002982346810196822,0.0003453742395654857,True,False,False,False,KEEP,False,0.7424988307043208
2025-09-16,2025-09-17,2025-09-19,2025,2025-09,0,-0.0102132598252266,0.526425329079884,-0.00215360961326283,0.00012878214959127955,6.414979681489777e-05,0.0002982346810196822,0.0003453742395654857,True,False,False,False,KEEP,False,0.526425329079884
2025-09-17,2025-09-18,2025-09-22,2025,2025-09,1,0.0139497184917922,0.4019413896035119,-0.002923918932701497,0.0001348678993342697,0.00014292047136036181,0.0002982346810196822,0.0003453742395654857,True,False,False,False,KEEP,False,0.4019413896035119
2025-09-18,2025-09-19,2025-09-23,2025,2025-09,1,0.0310847521004751,0.3894226066163432,-0.004728891234472954,0.00015654464495303593,0.00018350475302099088,0.0002982346810196822,0.0003453742395654857,True,False,False,False,KEEP,False,0.3894226066163432
2025-09-19,2025-09-22,2025-09-24,2025,2025-09,1,0.0296820831514526,0.7383419811683045,0.007630176614236817,0.00017804772212238524,0.00017886328841144924,0.0002982346810196822,0.0003453742395654857,True,False,False,False,KEEP,False,0.7383419811683045
2025-09-22,2025-09-23,2025-09-25,2025,2025-09,1,0.0083360019218096,0.8060215069240142,0.00924908412774883,0.0001545176499247883,0.00016723670080879692,0.0002982346810196822,0.0003453742395654857,True,False,False,False,KEEP,False,0.8060215069240142
2025-09-23,2025-09-24,2025-09-26,2025,2025-09,0,-0.0105213152887274,0.5473438119828351,-0.0017775948432596778,0.00020704905211480634,0.00019744530059799556,0.0002982346810196822,0.0003453742395654857,True,False,False,False,KEEP,False,0.5473438119828351
2025-09-24,2025-09-25,2025-09-29,2025,2025-09,1,0.0118193147334139,0.3520021160654432,-0.008392111074321917,0.00019382367122186165,0.00011969717538425297,0.0002982346810196822,0.0003453742395654857,True,False,False,False,KEEP,False,0.3520021160654432
2025-09-25,2025-09-26,2025-09-30,2025,2025-09,1,0.0143276318344469,0.50881037975582,-0.0015901382888348081,0.0002105151281908866,0.00015305867231976306,0.0002982346810196822,0.0003453742395654857,True,False,False,False,KEEP,False,0.50881037975582
2025-09-26,2025-09-29,2025-10-01,2025,2025-09,1,0.035983632945024,0.5862829512936433,0.00329057305577507,0.00024106354362370694,0.00017620818396757361,0.0002982346810196822,0.0003453742395654857,True,False,False,False,KEEP,False,0.5862829512936433
2025-09-29,2025-09-30,2025-10-02,2025,2025-09,1,0.0168136750700015,0.6691692738330247,0.0036974306157731007,0.0002208537703303674,0.00019923830414011424,0.0002982346810196822,0.0003453742395654857,True,False,False,False,KEEP,False,0.6691692738330247
2025-09-30,2025-10-01,2025-10-03,2025,2025-10,1,0.0141252470814858,0.7786429580609076,0.01014646399128516,0.0003085315806220271,0.00024743518269983216,0.0002982346810196822,0.0003453742395654857,True,True,False,False,KEEP,False,0.7786429580609076
2025-10-01,2025-10-02,2025-10-06,2025,2025-10,1,0.0142694407071876,0.3930115632892257,-0.0074550665460364485,0.0003318027347889231,0.0002081049334482324,0.0002996413006381324,0.0003453742395654857,True,True,False,False,DOWN_MOMENTUM_PLUS_TAIL_FLIP_UP,True,0.6069884367107743
2025-10-02,2025-10-03,2025-10-07,2025,2025-10,1,0.0216340486749082,0.4160934728722679,-0.0048979942817410915,0.00032217846079490967,0.00027740468646554026,0.0003019524264381785,0.0003453742395654857,True,True,False,False,DOWN_MOMENTUM_PLUS_TAIL_FLIP_UP,True,0.5839065271277322
2025-10-03,2025-10-06,2025-10-08,2025,2025-10,1,0.044095827748203,0.6628948357099593,0.003790706231598051,0.00031779163667521417,0.00027543367129869497,0.0003055272963754994,0.0003453742395654857,True,True,False,False,KEEP,False,0.6628948357099593
2025-10-06,2025-10-07,2025-10-09,2025,2025-10,1,0.0247176710640117,0.6904265458048571,0.004944526241876801,0.0002594338333894942,0.00016332839666246247,0.0003092009166001673,0.0003453742395654857,True,False,False,False,KEEP,False,0.6904265458048571
2025-10-07,2025-10-08,2025-10-10,2025,2025-10,1,0.0089820775096672,0.7383692508331501,0.007885598534757676,0.00018253757374393624,0.0001668461863429886,0.0003092009166001673,0.0003453742395654857,True,False,False,False,KEEP,False,0.7383692508331501
2025-10-08,2025-10-09,2025-10-13,2025,2025-10,1,0.0089197632961555,0.591394250070768,0.0017029052216095408,0.0002151786236177301,0.00015874588459350138,0.0003092009166001673,0.0003453742395654857,True,False,False,False,KEEP,False,0.591394250070768
2025-10-09,2025-10-10,2025-10-14,2025,2025-10,1,0.02522004544694,0.2043341366840181,-0.015412063922822128,0.0002308668713225078,0.0003464708570377858,0.0003092009166001673,0.0003453742395654857,True,False,True,False,KEEP,False,0.2043341366840181
2025-10-10,2025-10-13,2025-10-15,2025,2025-10,1,0.0471922765451688,0.7162050579818527,0.0053551389347887834,0.00029396639829694675,0.0004075599743694629,0.0003092009166001673,0.0003477281871289544,True,False,True,False,UP_MOMENTUM_MINUS_TAIL_FLIP_DOWN,True,0.28379494201814726
2025-10-13,2025-10-14,2025-10-16,2025,2025-10,1,0.0372853246216224,0.8322009225299811,0.010720464652520079,0.00044381029861346164,0.0006003308566813084,0.0003092009166001673,0.0003534262074232614,True,True,True,True,BOTH_TAIL_RISK_KEEP,False,0.8322009225299811
2025-10-14,2025-10-15,2025-10-17,2025,2025-10,1,0.0458577997442309,0.4890960968691424,-0.0008085475462138447,0.0005062844997010745,0.0007895080067667798,0.00031210769780183053,0.0003563067277597009,True,True,True,True,BOTH_TAIL_RISK_KEEP,False,0.4890960968691424
2025-10-15,2025-10-16,2025-10-20,2025,2025-10,1,0.0145668137092539,0.6467971327113472,0.0012294773433438877,0.0005458731902363128,0.0007794785590285522,0.0003139786849016361,0.0003611903327070669,True,True,True,True,BOTH_TAIL_RISK_KEEP,False,0.6467971327113472
2025-10-16,2025-10-17,2025-10-21,2025,2025-10,1,0.0116580640764322,0.9791731539769064,0.026452353544279106,0.0006270709173096902,0.0005316155178529625,0.00031866900149915333,0.00037748633429550606,True,True,True,True,BOTH_TAIL_RISK_KEEP,False,0.9791731539769064
2025-10-17,2025-10-20,2025-10-22,2025,2025-10,0,-0.0610064730792025,0.0312345622326918,-0.0340165008108162,0.0009407288995540254,0.0011716371840582423,0.00032233109312406166,0.00037814203340575227,True,True,True,True,BOTH_TAIL_RISK_KEEP,False,0.0312345622326918
2025-10-20,2025-10-21,2025-10-23,2025,2025-10,0,-0.0303301301481159,0.96071286116367,0.02857662445305209,0.001082382447404944,0.0011310693188218393,0.0003230347252284385,0.000381171481345603,True,True,True,True,BOTH_TAIL_RISK_KEEP,False,0.96071286116367
2025-10-21,2025-10-22,2025-10-24,2025,2025-10,0,-0.0492504932572857,0.0205365345664398,-0.034363635570887396,0.0010162266299081945,0.0015894450234910818,0.00032425350179426476,0.00038741290892579423,True,True,True,True,BOTH_TAIL_RISK_KEEP,False,0.0205365345664398
2025-10-22,2025-10-23,2025-10-27,2025,2025-10,0,-0.0127726364089468,0.622390647410208,0.0055357100838548945,0.0012512943830337237,0.0021314189109727555,0.00032793984052895456,0.0003928899253022948,True,True,True,True,BOTH_TAIL_RISK_KEEP,False,0.622390647410208
2025-10-23,2025-10-24,2025-10-28,2025,2025-10,0,-0.0536471787751866,0.5397996086595404,0.0004976724810958899,0.0008989522512402901,0.0016532047251484607,0.00032967522602314934,0.00039599131271614876,True,True,True,True,BOTH_TAIL_RISK_KEEP,False,0.5397996086595404
2025-10-24,2025-10-27,2025-10-29,2025,2025-10,0,-0.0111563211190676,0.7660226691712477,0.01001270037962776,0.0009001013581469952,0.0014011154818060687,0.000333571852278018,0.00040018464774727014,True,True,True,True,BOTH_TAIL_RISK_KEEP,False,0.7660226691712477
2025-10-27,2025-10-28,2025-10-30,2025,2025-10,0,-0.0108033635152689,0.0999079356782323,-0.017461559065164778,0.000557692159874812,0.0011860272170452092,0.0003424420783625736,0.00040683388843100113,True,True,True,True,BOTH_TAIL_RISK_KEEP,False,0.0999079356782323
2025-10-28,2025-10-29,2025-10-31,2025,2025-10,1,0.026000404485068,0.7221981947487727,0.01240523557626183,0.0005493699888020676,0.000797715693447232,0.00034984296721995333,0.00040837604702746526,True,True,True,True,BOTH_TAIL_RISK_KEEP,False,0.7221981947487727
2025-10-29,2025-10-30,2025-11-03,2025,2025-10,0,-0.0075698889287477,0.0825946459894955,-0.02051035464191564,0.0004246911237901288,0.000672830995503362,0.0003550939579164867,0.00041181448521546946,True,True,True,True,BOTH_TAIL_RISK_KEEP,False,0.0825946459894955
2025-10-30,2025-10-31,2025-11-04,2025,2025-10,1,0.0015791257934252,0.8423299308140604,0.011695893581105565,0.0005766291749147328,0.000656882263056165,0.0003733934492142826,0.00041181448521546946,True,True,True,True,BOTH_TAIL_RISK_KEEP,False,0.8423299308140604
2025-10-31,2025-11-03,2025-11-05,2025,2025-11,0,-0.012120904719558,0.4911306451575195,-0.00421010145769074,0.0005809345383729624,0.0007493425835825972,0.0003788759060681827,0.00041181448521546946,True,True,True,True,BOTH_TAIL_RISK_KEEP,False,0.4911306451575195
2025-11-03,2025-11-04,2025-11-06,2025,2025-11,1,0.0025379930982521,0.4940348913699656,-7.75355694813129e-05,0.0005463696400196772,0.0004545591913907641,0.000386892658143609,0.00041181448521546946,True,True,True,True,BOTH_TAIL_RISK_KEEP,False,0.4940348913699656
2025-11-04,2025-11-05,2025-11-07,2025,2025-11,1,0.0034253887051046,0.1794243973997891,-0.015061713517336983,0.0003725646379520794,0.000486936789672809,0.00039225412110329837,0.00041181448521546946,True,False,True,False,KEEP,False,0.1794243973997891
2025-11-05,2025-11-06,2025-11-10,2025,2025-11,1,0.0280405566939322,0.6097867753629899,0.0034081445782110364,0.00028024819375728813,0.0002977034149107355,0.00039225412110329837,0.00041181448521546946,True,False,False,False,KEEP,False,0.6097867753629899
2025-11-06,2025-11-07,2025-11-11,2025,2025-11,1,0.0327229569820253,0.3531721804490824,-0.00859486070350357,0.00020592830750439125,0.00032121535661092836,0.00039225412110329837,0.00041181448521546946,True,False,False,False,KEEP,False,0.3531721804490824
2025-11-07,2025-11-10,2025-11-12,2025,2025-11,1,0.027984352427951,0.4988875387114941,-0.0013772574761112821,0.0002285641676699167,0.0002472901885345293,0.00039225412110329837,0.00041181448521546946,True,False,False,False,KEEP,False,0.4988875387114941
2025-11-10,2025-11-11,2025-11-13,2025,2025-11,1,0.03770944514235,0.7847680626625765,0.008566530631112457,0.00023367364789889607,0.00016188862135233192,0.00039225412110329837,0.00041181448521546946,True,False,False,False,KEEP,False,0.7847680626625765
2025-11-11,2025-11-12,2025-11-14,2025,2025-11,1,0.0057117535114216,0.5925419634877216,-0.0015403045447435204,0.00023006985699833168,0.00016277449269043708,0.00039225412110329837,0.00041181448521546946,True,False,False,False,KEEP,False,0.5925419634877216
2025-11-12,2025-11-13,2025-11-17,2025,2025-11,0,-0.0089964401832599,0.892103965331945,0.017117136530615085,0.00036099084876618727,0.00017696587073202954,0.00039225412110329837,0.00041181448521546946,True,False,False,False,KEEP,False,0.892103965331945
2025-11-13,2025-11-14,2025-11-18,2025,2025-11,0,-0.0467134659912986,0.2811957189215622,-0.01466565770505035,0.0004026537206605714,0.0003212017073381426,0.00039225412110329837,0.00041181448521546946,True,True,False,False,DOWN_MOMENTUM_PLUS_TAIL_FLIP_UP,True,0.7188042810784379
2025-11-14,2025-11-17,2025-11-19,2025,2025-11,0,-0.0122223273594059,0.0702724437664471,-0.021674057563647153,0.00046559577330593965,0.0006531761679699442,0.00040282568125074304,0.00041181448521546946,True,True,True,True,BOTH_TAIL_RISK_KEEP,False,0.0702724437664471
2025-11-17,2025-11-18,2025-11-20,2025,2025-11,0,-0.0050701394558543,0.4051701732346119,-0.009295190596523284,0.00045738211693728835,0.0008148366279830523,0.00040640180132094176,0.00041434367310902464,True,True,True,True,BOTH_TAIL_RISK_KEEP,False,0.4051701732346119
2025-11-18,2025-11-19,2025-11-21,2025,2025-11,0,-0.0016717545548005,0.6750284325883644,0.006690487069812789,0.00043174653766493904,0.0008340419258554524,0.00041930215448521784,0.00041434367310902464,True,True,True,True,BOTH_TAIL_RISK_KEEP,False,0.6750284325883644
2025-11-19,2025-11-20,2025-11-24,2025,2025-11,0,-0.0104419797965332,0.367270454975747,-0.00894491126112662,0.0004829018408652865,0.0007442435979331728,0.00042525026824252564,0.00041434367310902464,True,True,True,True,BOTH_TAIL_RISK_KEEP,False,0.367270454975747
2025-11-20,2025-11-21,2025-11-25,2025,2025-11,1,0.0165028706535662,0.6079252971597958,0.002868192228383748,0.0005515746597131981,0.0005172123432481635,0.000428338784374678,0.000422210700574288,True,True,True,True,BOTH_TAIL_RISK_KEEP,False,0.6079252971597958
2025-11-21,2025-11-24,2025-11-26,2025,2025-11,1,0.0297082377258194,0.5614904089460204,0.0037065349391536273,0.0006720902975803747,0.0006106845147147215,0.0004323397230067411,0.00042504118039059496,True,True,True,True,BOTH_TAIL_RISK_KEEP,False,0.5614904089460204
2025-11-24,2025-11-25,2025-11-27,2025,2025-11,1,0.0209325383952566,0.894906503958523,0.015528404647195515,0.00048226606382777436,0.00036176487219479516,0.000438191779417207,0.0004281509791945083,True,True,False,False,KEEP,False,0.894906503958523
2025-11-25,2025-11-26,2025-11-28,2025,2025-11,1,0.0070571071756924,0.5365251243287875,0.000430999314579239,0.00042913584538181065,0.0003250887969705851,0.00044219471262582806,0.0004281509791945083,True,False,False,False,KEEP,False,0.5365251243287875
2025-11-26,2025-11-27,2025-12-01,2025,2025-11,1,0.0233421814232475,0.5705264751744952,0.0006833231843259568,0.00033225992139112296,0.00024104212336563405,0.00044219471262582806,0.0004281509791945083,True,False,False,False,KEEP,False,0.5705264751744952
2025-11-27,2025-11-28,2025-12-02,2025,2025-11,1,0.0076022285386803,0.5513731539499367,-0.0005907171227867991,0.00022270748704145477,0.00016247278518222478,0.00044219471262582806,0.0004281509791945083,True,False,False,False,KEEP,False,0.5513731539499367
2025-11-28,2025-12-01,2025-12-03,2025,2025-12,1,0.0099279549460205,0.7946191623304549,0.011558962855000132,0.00028203406273892383,0.00018340691320806881,0.00044219471262582806,0.0004281509791945083,True,False,False,False,KEEP,False,0.7946191623304549
2025-12-01,2025-12-02,2025-12-04,2025,2025-12,0,-0.0129177532054679,0.4526816174485464,-0.004049918884826198,0.00018419620166779758,0.00011749227024855504,0.00044219471262582806,0.0004281509791945083,True,False,False,False,KEEP,False,0.4526816174485464
2025-12-02,2025-12-03,2025-12-05,2025,2025-12,1,0.0091204294625134,0.5927146337259278,0.003007335947341261,0.00019035232168574724,0.00027330792342429106,0.00044219471262582806,0.0004281509791945083,True,False,False,False,KEEP,False,0.5927146337259278
2025-12-03,2025-12-04,2025-12-08,2025,2025-12,1,0.0007733446349457,0.5369026358312103,0.0004316208977126479,0.00024267219541771948,0.0003354971396922284,0.00044219471262582806,0.0004281509791945083,True,False,False,False,KEEP,False,0.5369026358312103
2025-12-04,2025-12-05,2025-12-09,2025,2025-12,1,0.0012731503858495,0.5964423206302769,0.0017814671271274563,0.0002147390432321624,0.0003444373488506816,0.00044219471262582806,0.0004281509791945083,True,False,False,False,KEEP,False,0.5964423206302769
2025-12-05,2025-12-08,2025-12-10,2025,2025-12,0,-0.0077595764514089,0.3704582080719846,-0.00629852569470124,0.00022602159109583533,0.0003865979413399558,0.00044219471262582806,0.0004281509791945083,True,False,False,False,KEEP,False,0.3704582080719846
2025-12-08,2025-12-09,2025-12-11,2025,2025-12,1,0.0022333900964138,0.4360669747113659,-0.004229811692153973,0.00013065420844548945,0.000192264054855411,0.00044219471262582806,0.0004281509791945083,True,False,False,False,KEEP,False,0.4360669747113659
2025-12-09,2025-12-10,2025-12-12,2025,2025-12,1,0.0269010338474075,0.587948273802756,0.001259702542908414,9.248401372534812e-05,0.00013284654440842602,0.00044219471262582806,0.0004281509791945083,True,False,False,False,KEEP,False,0.587948273802756
2025-12-10,2025-12-11,2025-12-15,2025,2025-12,1,0.0342633382692721,0.7705554052553907,0.008172701343944766,0.00011177052270175475,0.00011992143044092638,0.00044219471262582806,0.0004281509791945083,True,False,False,False,KEEP,False,0.7705554052553907
2025-12-11,2025-12-12,2025-12-16,2025,2025-12,1,0.0147709345306139,0.8636195261005716,0.014340090044148823,0.00016981628319536374,9.85489844663375e-05,0.00044219471262582806,0.0004281509791945083,True,False,False,False,KEEP,False,0.8636195261005716
2025-12-12,2025-12-15,2025-12-17,2025,2025-12,0,-0.0010770933421855,0.5355391711615745,-0.0038754607956814624,0.00024858795536078526,0.0003206280528542915,0.00044219471262582806,0.0004281509791945083,True,False,False,False,KEEP,False,0.5355391711615745
2025-12-15,2025-12-16,2025-12-18,2025,2025-12,0,-0.0036724412167634,0.324548643141904,-0.008731450574448019,0.00024241274364909194,0.0003079503901294837,0.00044219471262582806,0.0004281509791945083,True,False,False,False,KEEP,False,0.324548643141904
2025-12-16,2025-12-17,2025-12-19,2025,2025-12,1,0.011925104706823,0.6390406275493092,0.005298203427276604,0.00024358849121126344,0.0003337984304953379,0.00044219471262582806,0.0004281509791945083,True,False,False,False,KEEP,False,0.6390406275493092
2025-12-17,2025-12-18,2025-12-22,2025,2025-12,1,0.0209273829711732,0.6642045871230776,0.004930562671653149,0.0002341195249014586,0.0003306161962470976,0.00044219471262582806,0.0004281509791945083,True,False,False,False,KEEP,False,0.6642045871230776
2025-12-18,2025-12-19,2025-12-23,2025,2025-12,1,0.0364102035603399,0.6063529498369258,0.0022137912227098155,0.00021433672566148742,0.00016666629643750884,0.00044219471262582806,0.0004281509791945083,True,False,False,False,KEEP,False,0.6063529498369258
2025-12-19,2025-12-22,2025-12-24,2025,2025-12,1,0.034800039896985,0.5734465270127141,0.0021692543519780116,0.00023283861831453433,0.00017729200740017868,0.00044219471262582806,0.0004281509791945083,True,False,False,False,KEEP,False,0.5734465270127141
2025-12-22,2025-12-23,2025-12-29,2025,2025-12,1,0.0116542099862295,0.7861095337073565,0.007206513969290285,0.0002169252599555685,9.4222405673404e-05,0.00044219471262582806,0.0004281509791945083,True,False,False,False,KEEP,False,0.7861095337073565
2025-12-23,2025-12-24,2025-12-30,2025,2025-12,0,-0.0208319731163034,0.618664065374119,0.0009565470042396385,0.0002259160302106232,0.00013594908226448646,0.00044219471262582806,0.0004281509791945083,True,False,False,False,KEEP,False,0.618664065374119
2025-12-24,2025-12-29,2025-12-31,2025,2025-12,0,-0.0393394490005319,0.4709367632467802,-0.003521749855423195,0.00021820494024171107,0.00017284609334610625,0.00044219471262582806,0.0004281509791945083,True,False,False,False,KEEP,False,0.4709367632467802
2025-12-29,2025-12-30,2026-01-02,2025,2025-12,0,-0.0160327247632037,0.0260834858583832,-0.031869384817845514,0.00019593905990051362,0.0006009213723006747,0.00044219471262582806,0.0004281509791945083,True,False,True,False,KEEP,False,0.0260834858583832
2025-12-30,2025-12-31,2026-01-05,2025,2025-12,1,0.0107069223584453,0.2421009160115948,-0.007870334197503936,0.00022444975143298123,0.0005814111565124505,0.00044219471262582806,0.0004338780504493786,True,False,True,False,KEEP,False,0.2421009160115948
2025-12-31,2026-01-02,2026-01-06,2026,2026-01,1,0.0330597299238039,0.5102599179006211,-0.002683059941908539,0.00043754483487934507,0.000801269421717961,0.00044219471262582806,0.00045155283458791064,True,False,True,False,KEEP,False,0.5102599179006211
2026-01-02,2026-01-05,2026-01-07,2026,2026-01,1,0.0164364344117402,0.2564027664119716,-0.013885665282849402,0.0004531533006939015,0.0008506147833132809,0.00044219471262582806,0.00047687389281134016,True,True,True,True,BOTH_TAIL_RISK_KEEP,False,0.2564027664119716
2026-01-05,2026-01-06,2026-01-08,2026,2026-01,0,-0.0010373444913626,0.7181050691198221,0.0031751039987621965,0.0004930996954963763,0.00032936192465944837,0.0004442232855942312,0.0004782848426962716,True,True,False,False,KEEP,False,0.7181050691198221
2026-01-06,2026-01-07,2026-01-09,2026,2026-01,1,0.0041349461365939,0.8338513270674565,0.01054482848684657,0.00035798155678234365,0.00015792066825984214,0.0004462180796046788,0.0004782848426962716,True,False,False,False,KEEP,False,0.8338513270674565
2026-01-07,2026-01-08,2026-01-12,2026,2026-01,1,0.0283309450800684,0.5084732926232437,-0.001579988773400487,0.00040854323792929815,0.00023122256200781643,0.0004462180796046788,0.0004782848426962716,True,False,False,False,KEEP,False,0.5084732926232437
2026-01-08,2026-01-09,2026-01-13,2026,2026-01,1,0.0334366526700004,0.8169865852935838,0.010140551424260735,0.00037011842708179567,0.00017541760884977857,0.0004462180796046788,0.0004782848426962716,True,False,False,False,KEEP,False,0.8169865852935838
2026-01-09,2026-01-12,2026-01-14,2026,2026-01,1,0.0355477774611599,0.7899952107040956,0.008574299418430797,0.00042132176501524066,0.0002146202546625842,0.0004462180796046788,0.0004782848426962716,True,False,False,False,KEEP,False,0.7899952107040956
2026-01-12,2026-01-13,2026-01-15,2026,2026-01,1,0.0050876310983519,0.6246594150797112,0.0018970058624834252,0.00035238582320898425,0.00012125252847784793,0.0004462180796046788,0.0004782848426962716,True,False,False,False,KEEP,False,0.6246594150797112
2026-01-13,2026-01-14,2026-01-16,2026,2026-01,1,0.0053209846926755,0.554663078566882,-0.00010427106193766633,0.00033834033626977875,0.00015126022642614502,0.0004462180796046788,0.0004782848426962716,True,False,False,False,KEEP,False,0.554663078566882
2026-01-14,2026-01-15,2026-01-19,2026,2026-01,1,0.0068725096937443,0.5113894992243385,-0.0007472922950437777,0.00034126281595056146,0.00013523619328098543,0.0004462180796046788,0.0004782848426962716,True,False,False,False,KEEP,False,0.5113894992243385
2026-01-15,2026-01-16,2026-01-20,2026,2026-01,1,0.0241788737694912,0.5886892820975691,0.0007475762042989942,0.0003929790185396503,0.00019820079149886603,0.0004462180796046788,0.0004782848426962716,True,False,False,False,KEEP,False,0.5886892820975691
2026-01-16,2026-01-19,2026-01-21,2026,2026-01,1,0.0535615972637885,0.5105301860600343,-0.0011932717343263732,0.00044092180032334117,0.0002933905557199838,0.0004462180796046788,0.0004782848426962716,True,False,False,False,KEEP,False,0.5105301860600343
2026-01-19,2026-01-20,2026-01-22,2026,2026-01,1,0.0338476018036743,0.5942325962602667,0.0005873251714554328,0.0004026922213691885,0.00018593404061160518,0.0004462180796046788,0.0004782848426962716,True,False,False,False,KEEP,False,0.5942325962602667
2026-01-20,2026-01-21,2026-01-23,2026,2026-01,1,0.0419225857389045,0.766839031442255,0.006219643780962514,0.00042276776073701115,0.00012970823405333327,0.0004462180796046788,0.0004782848426962716,True,False,False,False,KEEP,False,0.766839031442255
2026-01-21,2026-01-22,2026-01-26,2026,2026-01,1,0.0467822864387135,0.5106388046892673,-0.005821634109896223,0.0006399801643960531,0.00029907584395427527,0.0004462180796046788,0.0004782848426962716,True,True,False,False,KEEP,False,0.5106388046892673
2026-01-22,2026-01-23,2026-01-27,2026,2026-01,1,0.0529797620008024,0.9537573609380324,0.023179291140225544,0.0007894175212320943,0.0004221631160186971,0.000448702231302106,0.0004782848426962716,True,True,False,False,KEEP,False,0.9537573609380324
2026-01-23,2026-01-26,2026-01-28,2026,2026-01,1,0.0689414444544559,0.8451462336751635,0.013000398232179577,0.000872355591171257,0.0004872460350341767,0.000453305889539488,0.0004782848426962716,True,True,True,True,BOTH_TAIL_RISK_KEEP,False,0.8451462336751635
2026-01-26,2026-01-27,2026-01-29,2026,2026-01,1,0.0770821019562504,0.1615063249962235,-0.014496966319526905,0.0004630319928483074,0.00039063586762929324,0.00045739289860349575,0.00048202006312210644,True,True,False,False,DOWN_MOMENTUM_PLUS_TAIL_FLIP_UP,True,0.8384936750037765
2026-01-27,2026-01-28,2026-01-30,2026,2026-01,0,-0.0048564107839569,0.9514166943488236,0.015873472615361095,0.0007157799674564031,0.00031850345924230286,0.00045838692979918895,0.00048202006312210644,True,True,False,False,KEEP,False,0.9514166943488236
2026-01-28,2026-01-29,2026-02-02,2026,2026-01,0,-0.1190473819167448,0.9903277954120449,0.025945013622077795,0.0009948304762668848,0.0002893830993334349,0.0004623588369077764,0.00048202006312210644,True,True,False,False,KEEP,False,0.9903277954120449
2026-01-29,2026-01-30,2026-02-03,2026,2026-01,0,-0.1110070100153088,0.0994568611478549,-0.025576964201517782,0.002087861069344981,0.003989890770023064,0.0004635447489398339,0.00048202006312210644,True,True,True,True,BOTH_TAIL_RISK_KEEP,False,0.0994568611478549
2026-01-30,2026-02-02,2026-02-04,2026,2026-02,0,-0.0023133512373069,0.0121014795222752,-0.030368042309554255,0.002928662127755128,0.007014351772297816,0.000467818104453771,0.00048699863874508253,True,True,True,True,BOTH_TAIL_RISK_KEEP,False,0.0121014795222752
2026-02-02,2026-02-03,2026-02-05,2026,2026-02,1,0.0363912732732407,0.1770836084070688,-0.011858707437587768,0.0030872769045052336,0.009267317272662329,0.00048323500112118246,0.000525008889802333,True,True,True,True,BOTH_TAIL_RISK_KEEP,False,0.1770836084070688
2026-02-03,2026-02-04,2026-02-06,2026,2026-02,0,-0.0109356546088684,0.8484971225068894,0.006188130828395089,0.003054854512134242,0.0058031485079760034,0.0004862740528150883,0.0005415746455848609,True,True,True,True,BOTH_TAIL_RISK_KEEP,False,0.8484971225068894
2026-02-04,2026-02-05,2026-02-09,2026,2026-02,0,-0.0117979316036352,0.2534062692589705,-0.018904185407059515,0.002545083999523414,0.0031894516708756066,0.0004939863698842922,0.0005851950965462223,True,True,True,True,BOTH_TAIL_RISK_KEEP,False,0.2534062692589705
2026-02-05,2026-02-06,2026-02-10,2026,2026-02,1,0.0381289846986974,0.0879629957091518,-0.016444695729415315,0.003138662247275432,0.004484537782987693,0.0004992833538889796,0.0006004489598051817,True,True,True,True,BOTH_TAIL_RISK_KEEP,False,0.0879629957091518
2026-02-06,2026-02-09,2026-02-11,2026,2026-02,1,0.0402855166855703,0.9076843545161052,0.019271725473711143,0.003751540835995667,0.004859167813180763,0.0005138311428020869,0.0006028740007834843,True,True,True,True,BOTH_TAIL_RISK_KEEP,False,0.9076843545161052
2026-02-09,2026-02-10,2026-02-12,2026,2026-02,1,0.0114296745639823,0.7393644783854034,0.008156712730860605,0.0014559940425601598,0.0018684154363497484,0.0005461122890458574,0.0006239885907234334,True,True,True,True,BOTH_TAIL_RISK_KEEP,False,0.7393644783854034
2026-02-10,2026-02-11,2026-02-13,2026,2026-02,0,-0.0191321244123327,0.4409990701415093,-0.00415931013811921,0.0009064242721035453,0.0006687755488112996,0.0005469697097761554,0.0006278512292844843,True,True,True,True,BOTH_TAIL_RISK_KEEP,False,0.4409990701415093
2026-02-11,2026-02-12,2026-02-16,2026,2026-02,0,-0.0184963392727518,0.6711844124265659,0.004229020168775577,0.0003895304259264132,0.0003454129972777749,0.000549596590113357,0.0006423482885741294,True,False,False,False,KEEP,False,0.6711844124265659
2026-02-12,2026-02-13,2026-02-17,2026,2026-02,0,-0.035049452731886,0.054864493462491,-0.030359245554000935,0.00044920707272297285,0.001001291457491826,0.000549596590113357,0.0006423482885741294,True,False,True,False,KEEP,False,0.054864493462491
2026-02-13,2026-02-16,2026-02-18,2026,2026-02,1,0.009747803770777,0.8374916107972867,0.014048621823167906,0.0005852532600637751,0.0010462052611522603,0.000549596590113357,0.0006529060439156507,True,True,True,True,BOTH_TAIL_RISK_KEEP,False,0.8374916107972867
2026-02-16,2026-02-17,2026-02-19,2026,2026-02,1,0.0048422168344344,0.407789534676133,-0.004344595312772981,0.0002959177067729186,0.0008114724636601462,0.0005507173282294509,0.0006695866381497121,True,False,True,False,KEEP,False,0.407789534676133
2026-02-17,2026-02-18,2026-02-20,2026,2026-02,1,0.0380588469951782,0.2364176803427235,-0.009840605627969623,0.0003492437107414015,0.0006134217153099494,0.0005507173282294509,0.0006863176514107045,True,False,False,False,KEEP,False,0.2364176803427235
2026-02-18,2026-02-19,2026-02-23,2026,2026-02,1,0.0417954447359476,0.8133827895768844,0.011809459239081832,0.00029307582152426377,0.0005747922831228913,0.0005507173282294509,0.0006863176514107045,True,False,False,False,KEEP,False,0.8133827895768844
2026-02-19,2026-02-20,2026-02-24,2026,2026-02,1,0.0265403835505763,0.6246949325045149,-7.891354411349027e-05,0.00035334073419542316,0.0006225182407124195,0.0005507173282294509,0.0006863176514107045,True,False,False,False,KEEP,False,0.6246949325045149
2026-02-20,2026-02-23,2026-02-25,2026,2026-02,1,0.0286069904361418,0.8823419907539002,0.014767887957535919,0.0004607560436224897,0.0006538538505358517,0.000549596590113357,0.0006695866381497121,True,False,False,False,KEEP,False,0.8823419907539002
2026-02-23,2026-02-24,2026-02-26,2026,2026-02,0,-0.0068392848480354,0.8865084583070789,0.015384193140951297,0.0004459958172133208,0.0001293189707885063,0.0005459081424495307,0.0006533117044831257,True,False,False,False,KEEP,False,0.8865084583070789
2026-02-24,2026-02-25,2026-02-27,2026,2026-02,1,0.0092521294964093,0.3763466688787995,-0.005643654087615246,0.00044703288485975777,0.00027116745842789824,0.0005443888102121691,0.0006533117044831257,True,False,False,False,KEEP,False,0.3763466688787995
2026-02-25,2026-02-26,2026-03-02,2026,2026-02,1,0.0269712914383761,0.364989654044973,-0.005454253918802721,0.00039812691190868415,0.0003663517168264629,0.0005138311428020869,0.0006533117044831257,True,False,False,False,KEEP,False,0.364989654044973
2026-02-26,2026-02-27,2026-03-03,2026,2026-02,1,0.0076961853936182,0.5578122753826538,-0.00038179784297653896,0.00045897291929821176,0.00040307166470650475,0.0004992833538889796,0.0006533117044831257,True,False,False,False,KEEP,False,0.5578122753826538
2026-02-27,2026-03-02,2026-03-04,2026,2026-03,0,-0.005037940172905,0.8856075983303603,0.01971733636463746,0.0005604099216072638,0.00042413339805518765,0.0004939863698842922,0.0006533117044831257,True,True,False,False,KEEP,False,0.8856075983303603
2026-03-02,2026-03-03,2026-03-05,2026,2026-03,0,-0.0423788025665939,0.2253089902580721,-0.013060384672835212,0.0006597136173196975,0.00029759904835458684,0.00048323500112118246,0.0006269572165253481,True,True,False,False,DOWN_MOMENTUM_PLUS_TAIL_FLIP_UP,True,0.774691009741928
2026-03-03,2026-03-04,2026-03-06,2026,2026-03,0,-0.0181099638425537,0.028228788149172,-0.035846510740437765,0.0010202148765235646,0.001366828885318261,0.00048323500112118246,0.0006227676100766655,True,True,True,True,BOTH_TAIL_RISK_KEEP,False,0.028228788149172
2026-03-04,2026-03-05,2026-03-09,2026,2026-03,0,-0.0040117199755036,0.2725932756483429,-0.007631816308848016,0.0010538573968461979,0.0014176797507953417,0.00048323500112118246,0.0006227676100766655,True,True,True,True,BOTH_TAIL_RISK_KEEP,False,0.2725932756483429
2026-03-05,2026-03-06,2026-03-10,2026,2026-03,1,0.0102774353330984,0.1963366328405404,-0.015654263547629554,0.001106729162997179,0.0015607221274063908,0.00048323500112118246,0.0006227676100766655,True,True,True,True,BOTH_TAIL_RISK_KEEP,False,0.1963366328405404
2026-03-06,2026-03-09,2026-03-11,2026,2026-03,1,0.0118628988588993,0.837595807501448,0.016810237009533324,0.001312711002494981,0.0016067089440528583,0.0004862740528150883,0.0006269572165253481,True,True,True,True,BOTH_TAIL_RISK_KEEP,False,0.837595807501448
2026-03-09,2026-03-10,2026-03-12,2026,2026-03,1,0.0008911564024337,0.7439814898541627,0.00785140853897559,0.0004126608124183169,0.0004501757590819714,0.0004992833538889796,0.0006533117044831257,True,False,False,False,KEEP,False,0.7439814898541627
2026-03-10,2026-03-11,2026-03-13,2026,2026-03,0,-0.0211460215758075,0.6494278404882496,0.0014593370482636203,0.0005303198277449057,0.00037816919561627695,0.0004992833538889796,0.0006533117044831257,True,True,False,False,KEEP,False,0.6494278404882496
2026-03-11,2026-03-12,2026-03-16,2026,2026-03,0,-0.035292078348633,0.4923958975010666,-0.002200722693427082,0.00037197051349744195,0.00036458127098764394,0.0005110915653098412,0.0006533117044831257,True,False,False,False,KEEP,False,0.4923958975010666
2026-03-12,2026-03-13,2026-03-17,2026,2026-03,0,-0.0255268805368178,0.1810721914605841,-0.019363399166335782,0.00040316024296520135,0.0005015225762132813,0.0004992833538889796,0.0006533117044831257,True,False,False,False,KEEP,False,0.1810721914605841
2026-03-13,2026-03-16,2026-03-18,2026,2026-03,0,-0.0298039607440471,0.2048231392918097,-0.01316475344887813,0.0004421503696158795,0.0006726673095479567,0.0004939863698842922,0.0006533117044831257,True,False,True,False,KEEP,False,0.2048231392918097
2026-03-16,2026-03-17,2026-03-19,2026,2026-03,0,-0.0583685461551514,0.5953861594683628,0.0030613444220328745,0.00020316140330230964,0.0004323237023652179,0.00048323500112118246,0.0006269572165253481,True,False,False,False,KEEP,False,0.5953861594683628
2026-03-17,2026-03-18,2026-03-20,2026,2026-03,0,-0.0807896810814374,0.415001665670965,-0.0034627123283854644,0.0002029148348682568,0.0003340174641989612,0.00048323500112118246,0.0006227676100766655,True,False,False,False,KEEP,False,0.415001665670965
2026-03-18,2026-03-19,2026-03-23,2026,2026-03,0,-0.12002536841787,0.0476977514004761,-0.0345068459267619,0.00020158225981406266,0.0004450190482952493,0.00048323500112118246,0.0006152410203904436,True,False,False,False,KEEP,False,0.0476977514004761
2026-03-19,2026-03-20,2026-03-24,2026,2026-03,0,-0.0703926196155701,0.089663667205535,-0.012078387324571338,0.0003842238593463791,0.0011307295828336353,0.00048323500112118246,0.0006112319548337671,True,False,True,False,KEEP,False,0.089663667205535
2026-03-20,2026-03-23,2026-03-25,2026,2026-03,0,-0.015437303042609,0.0125393523048142,-0.04297396172999157,0.0006181411541867472,0.0018868959994827426,0.00048323500112118246,0.0006112319548337671,True,True,True,True,BOTH_TAIL_RISK_KEEP,False,0.0125393523048142
2026-03-23,2026-03-24,2026-03-26,2026,2026-03,1,0.0170261768061598,0.9787901138213162,0.036550001356099315,0.0020687587790915313,0.0035604121537645777,0.0004862740528150883,0.0006259597390683643,True,True,True,True,BOTH_TAIL_RISK_KEEP,False,0.9787901138213162
2026-03-24,2026-03-25,2026-03-27,2026,2026-03,1,0.0131562284136807,0.8192435739011623,0.014744218495524208,0.002642843194309497,0.003395627108113896,0.0004939863698842922,0.0006424158195877027,True,True,True,True,BOTH_TAIL_RISK_KEEP,False,0.8192435739011623
2026-03-25,2026-03-26,2026-03-30,2026,2026-03,0,-0.0080325791509275,0.3110953690447837,-0.011035244685098533,0.0027267833760021764,0.002768903241560287,0.0004939863698842922,0.0006533117044831257,True,True,True,True,BOTH_TAIL_RISK_KEEP,False,0.3110953690447837
2026-03-26,2026-03-27,2026-03-31,2026,2026-03,1,0.0341635771566279,0.1733128776240591,-0.011968964050543818,0.0028790887108582136,0.003364383563074818,0.0004976780712727239,0.0006544595330399144,True,True,True,True,BOTH_TAIL_RISK_KEEP,False,0.1733128776240591
2026-03-27,2026-03-30,2026-04-01,2026,2026-03,1,0.0598797862662897,0.8099157237129513,0.015367435427572573,0.0034312400726403147,0.0035056553348899984,0.0004998633692360526,0.0006592609202071921,True,True,True,True,BOTH_TAIL_RISK_KEEP,False,0.8099157237129513
2026-03-30,2026-03-31,2026-04-02,2026,2026-03,1,0.0313383231470873,0.4639773951087959,-0.00639480784423796,0.0009088162986073186,0.0009811309269577213,0.0005459724801929857,0.0006871135159893253,True,True,True,True,BOTH_TAIL_RISK_KEEP,False,0.4639773951087959
2026-03-31,2026-04-01,2026-04-03,2026,2026-04,1,0.0165276982610124,0.8991371125351678,0.021441004661340912,0.0011620882719885666,0.00048221955106526524,0.0005469697097761554,0.0007452633950630578,True,True,False,False,KEEP,False,0.8991371125351678
2026-04-01,2026-04-02,2026-04-06,2026,2026-04,0,-0.0149924400427902,0.7955002068154692,0.005965214480761816,0.0008456807224961187,0.0004534281959078578,0.000549596590113357,0.0007452633950630578,True,True,False,False,KEEP,False,0.7955002068154692
2026-04-02,2026-04-03,2026-04-07,2026,2026-04,1,0.0022401659158665,0.8250114484111044,0.012317535674599256,0.0011429290416628455,0.001211585886537798,0.0005507173282294509,0.0007452633950630578,True,True,True,True,BOTH_TAIL_RISK_KEEP,False,0.8250114484111044
2026-04-03,2026-04-06,2026-04-08,2026,2026-04,1,0.0211215637633259,0.5257152099359306,4.5725427060716584e-05,0.0011429373485596194,0.0012115958579311038,0.000552798159745521,0.0007524143781253047,True,True,True,True,BOTH_TAIL_RISK_KEEP,False,0.5257152099359306
2026-04-06,2026-04-07,2026-04-09,2026,2026-04,1,0.0173676428722943,0.3591087029972007,-0.010084996378841637,0.00038641509029689115,0.0008919472317808003,0.0005621928981403525,0.0007814844485761979,True,False,True,False,KEEP,False,0.3591087029972007
2026-04-07,2026-04-08,2026-04-10,2026,2026-04,1,0.0191135630903947,0.6249613610592218,0.004666126568514173,0.0002992542529623377,0.00023504381429447266,0.0005621928981403525,0.0007911495441028704,True,False,False,False,KEEP,False,0.6249613610592218
2026-04-08,2026-04-09,2026-04-13,2026,2026-04,0,-0.0108933195119537,0.1698219108409211,-0.015788105909164685,0.000900770302206008,0.0004395627382440143,0.0005621928981403525,0.0007911495441028704,True,True,False,False,DOWN_MOMENTUM_PLUS_TAIL_FLIP_UP,True,0.8301780891590789
2026-04-09,2026-04-10,2026-04-14,2026,2026-04,1,0.0104419343333572,0.7776263136931147,0.008268046699226872,0.0009972102688854357,0.0004936216042580901,0.0005707856784011122,0.0007911495441028704,True,True,False,False,KEEP,False,0.7776263136931147
2026-04-10,2026-04-13,2026-04-15,2026,2026-04,1,0.0109312169594972,0.6185795669381855,0.0017831421359488786,0.0010218669532032927,0.000534351116675915,0.0005774902476063788,0.0007911495441028704,True,True,False,False,KEEP,False,0.6185795669381855
2026-04-13,2026-04-14,2026-04-16,2026,2026-04,1,0.0178635735396682,0.6399842349905464,0.003412118877964332,0.00023099031181594436,0.00047472712885462075,0.000619927106811336,0.0007911495441028704,True,False,False,False,KEEP,False,0.6399842349905464
2026-04-14,2026-04-15,2026-04-17,2026,2026-04,1,0.0051305786841962,0.7915590953321875,0.011807418201867037,0.0002456745178370332,0.00044009754382337774,0.000619927106811336,0.0007911495441028704,True,False,False,False,KEEP,False,0.7915590953321875
2026-04-15,2026-04-16,2026-04-20,2026,2026-04,0,-0.0022675039099369,0.454630991403657,-0.00553281830687169,0.00024920078424219293,0.0004641543501559007,0.000619927106811336,0.0007911495441028704,True,False,False,False,KEEP,False,0.454630991403657
2026-04-16,2026-04-17,2026-04-21,2026,2026-04,0,-0.009485693857888,0.3589872788681199,-0.00491317766821453,0.0002967997723477193,0.0005205992632131074,0.000619927106811336,0.0007911495441028704,True,False,False,False,KEEP,False,0.3589872788681199
2026-04-17,2026-04-20,2026-04-22,2026,2026-04,0,-0.0153155026367113,0.7438380893776819,0.007183657017405309,0.0004594481935391338,0.0005619732349228864,0.000619927106811336,0.0007911495441028704,True,False,False,False,KEEP,False,0.7438380893776819
2026-04-20,2026-04-21,2026-04-23,2026,2026-04,0,-0.0188579719907445,0.6983133096336586,0.0051352131194359885,0.0003123127195064369,0.0002604992582379515,0.000619927106811336,0.0007911495441028704,True,False,False,False,KEEP,False,0.6983133096336586
2026-04-21,2026-04-22,2026-04-24,2026,2026-04,0,-0.0136278482380591,0.237063443152964,-0.014194093742551317,0.00034949176529327505,0.00039472389485365866,0.000619927106811336,0.0007911495441028704,True,False,False,False,KEEP,False,0.237063443152964
2026-04-22,2026-04-23,2026-04-27,2026,2026-04,0,-0.0102450346216095,0.3981894982455294,-0.0037681822953228306,0.00022953982885344601,0.00037866228481937115,0.000619927106811336,0.0007911495441028704,True,False,False,False,KEEP,False,0.3981894982455294
2026-04-23,2026-04-24,2026-04-28,2026,2026-04,0,-0.0200948663477643,0.5501169495458634,-0.00239384253850794,0.0003021908401163466,0.0004923938000848982,0.000619927106811336,0.0007911495441028704,True,False,False,False,KEEP,False,0.5501169495458634
2026-04-24,2026-04-27,2026-04-29,2026,2026-04,0,-0.0290407292114404,0.6844477651997,0.004122022443805662,0.00039071359232358867,0.0005378856935957362,0.000619927106811336,0.0007911495441028704,True,False,False,False,KEEP,False,0.6844477651997
2026-04-27,2026-04-28,2026-04-30,2026,2026-04,0,-0.0203737921226416,0.384111991829858,-0.00526698526237368,0.00019304429142164624,0.00021877045319101802,0.000619927106811336,0.0007911495441028704,True,False,False,False,KEEP,False,0.384111991829858
2026-04-28,2026-04-29,2026-05-01,2026,2026-04,0,-0.0017967003206753,0.3147967486870795,-0.0072115886183734546,0.0001828130211433061,0.0003078091696944861,0.000619927106811336,0.0007911495441028704,True,False,False,False,KEEP,False,0.3147967486870795
2026-04-29,2026-04-30,2026-05-04,2026,2026-04,1,0.0001379813333155,0.3085145934116,-0.006931513496622799,0.0001331950640773561,0.00036311124253190705,0.000619927106811336,0.0007911495441028704,True,False,False,False,KEEP,False,0.3085145934116
2026-04-30,2026-05-01,2026-05-05,2026,2026-05,0,-0.01108340411372,0.6419708897736768,0.0009493717887796294,0.0002509740064968292,0.0004299842367341794,0.000619927106811336,0.0007911495441028704,True,False,False,False,KEEP,False,0.6419708897736768
2026-05-01,2026-05-04,2026-05-06,2026,2026-05,1,0.0140316447310143,0.7828858663250868,0.010205292309040104,0.0003334295640325272,0.0004886107890599667,0.000619927106811336,0.0007911495441028704,True,False,False,False,KEEP,False,0.7828858663250868
2026-05-04,2026-05-05,2026-05-07,2026,2026-05,1,0.0326382754766076,0.2506853078286629,-0.011904884755878697,0.00022024489906498582,0.00025070202372240425,0.000619927106811336,0.0007911495441028704,True,False,False,False,KEEP,False,0.2506853078286629
2026-05-05,2026-05-06,2026-05-08,2026,2026-05,1,0.0354966018078703,0.551450075487934,-0.0003309381645255627,0.00015490712037894395,0.00020491351706722338,0.000619927106811336,0.0007911495441028704,True,False,False,False,KEEP,False,0.551450075487934
2026-05-06,2026-05-07,2026-05-11,2026,2026-05,1,0.0056120185727694,0.5326192922487963,-0.0007552542618896041,0.00021964492292458386,0.00019384121678568035,0.000619927106811336,0.0007911495441028704,True,False,False,False,KEEP,False,0.5326192922487963
2026-05-07,2026-05-08,2026-05-12,2026,2026-05,0,-0.0023641425506438,0.4144774979585836,-0.009143446361893126,0.00033558472347192716,0.0002878463354368717,0.000619927106811336,0.0007911495441028704,True,False,False,False,KEEP,False,0.4144774979585836
2026-05-08,2026-05-11,2026-05-13,2026,2026-05,0,-0.0044949146853097,0.5411594582489037,7.270602079501032e-06,0.0004154627177338995,0.0003553978761289384,0.000619927106811336,0.0007911495441028704,True,False,False,False,KEEP,False,0.5411594582489037
2026-05-11,2026-05-12,2026-05-14,2026,2026-05,0,-0.0035606525201986,0.8520770355169216,0.014431199857973809,0.0003423578461741946,0.00024345027082593067,0.000619927106811336,0.0007911495441028704,True,False,False,False,KEEP,False,0.8520770355169216
2026-05-12,2026-05-13,2026-05-15,2026,2026-05,0,-0.0298274668211511,0.5844798728986506,0.0024337075215044024,0.00029587129852245146,0.00024650310249049316,0.000619927106811336,0.0007911495441028704,True,False,False,False,KEEP,False,0.5844798728986506
2026-05-13,2026-05-14,2026-05-18,2026,2026-05,0,-0.0324367496995544,0.480690660012406,-0.0028461380930817626,0.0002298109042670433,0.00021090898891119097,0.000619927106811336,0.0007911495441028704,True,False,False,False,KEEP,False,0.480690660012406
2026-05-14,2026-05-15,2026-05-19,2026,2026-05,0,-0.0347954859178986,0.3207681991614959,-0.009094569913260742,0.00027873959609365796,0.000277006226202577,0.000619927106811336,0.0007911495441028704,True,False,False,False,KEEP,False,0.3207681991614959
2026-05-15,2026-05-18,2026-05-20,2026,2026-05,0,-0.0141978006556117,0.4460945252375052,-0.0030656088523670633,0.00037710898934737315,0.0004922127709513712,0.000619927106811336,0.0007911495441028704,True,False,False,False,KEEP,False,0.4460945252375052
2026-05-18,2026-05-19,2026-05-21,2026,2026-05,0,-0.0036507688536883,0.6270049717972568,0.0030176050302515023,0.00024637534589397504,0.00040433587835148825,0.000619927106811336,0.0007911495441028704,True,False,False,False,KEEP,False,0.6270049717972568
2026-05-19,2026-05-20,2026-05-22,2026,2026-05,0,-0.0010039495418823,0.2587231869915346,-0.01358167990800574,0.00022068452305988405,0.00045374446541841476,0.000619927106811336,0.0007911495441028704,True,False,False,False,KEEP,False,0.2587231869915346
2026-05-20,2026-05-21,2026-05-25,2026,2026-05,1,0.0138299724797677,0.8298893802790553,0.013053584074945945,0.0002794592056780778,0.0002766919642077337,0.000619927106811336,0.0007911495441028704,True,False,False,False,KEEP,False,0.8298893802790553
2026-05-21,2026-05-22,2026-05-26,2026,2026-05,0,-0.0021013169130118,0.6174391311435347,0.0020015630741543333,0.0003783533720469521,0.0003657186970322218,0.000619927106811336,0.0007911495441028704,True,False,False,False,KEEP,False,0.6174391311435347
2026-05-22,2026-05-25,2026-05-27,2026,2026-05,0,-0.0108465324222985,0.483610787055148,-0.002926975096430695,0.00042519002380364166,0.0004210449952969141,0.000619927106811336,0.0007911495441028704,True,False,False,False,KEEP,False,0.483610787055148
2026-05-25,2026-05-26,2026-05-28,2026,2026-05,0,-0.0287166754724562,0.5863897584263167,0.003271580094066806,0.0003280515874384232,0.00015987301391043486,0.000619927106811336,0.0007911495441028704,True,False,False,False,KEEP,False,0.5863897584263167
2026-05-26,2026-05-27,2026-05-29,2026,2026-05,1,0.0020637926740045,0.4996043182550268,-0.0034550298116613476,0.0002645919618045167,0.00017815434360184934,0.000619927106811336,0.0007911495441028704,True,False,False,False,KEEP,False,0.4996043182550268
2026-05-27,2026-05-28,2026-06-01,2026,2026-05,1,0.0060472861208075,0.2876356487995555,-0.008954163725071851,0.00026059157839897776,0.00027889553558277424,0.000619927106811336,0.0007911495441028704,True,False,False,False,KEEP,False,0.2876356487995555
2026-05-28,2026-05-29,2026-06-02,2026,2026-05,1,0.0149155671546139,0.9525591202851516,0.024685956576476542,0.00046872862799148256,0.0004373150376832421,0.000619927106811336,0.0007911495441028704,True,False,False,False,KEEP,False,0.9525591202851516
2026-05-29,2026-06-01,2026-06-03,2026,2026-06,0,-0.0165141449322191,0.7056241869456917,0.005607199320671441,0.0005616977643184605,0.00047351231039319665,0.000619927106811336,0.0007911495441028704,True,False,False,False,KEEP,False,0.7056241869456917
2026-06-01,2026-06-02,2026-06-04,2026,2026-06,0,-0.0052491452770104,0.4546624138500165,-0.0028172546235687435,0.00032933113298375913,0.0003418133240526361,0.000619927106811336,0.0007911495441028704,True,False,False,False,KEEP,False,0.4546624138500165
2026-06-02,2026-06-03,2026-06-05,2026,2026-06,0,-0.0224871364434256,0.3228626660486874,-0.008372571244199989,0.00017834648330607275,0.0002220104381103761,0.000619927106811336,0.0007911495441028704,True,False,False,False,KEEP,False,0.3228626660486874
2026-06-03,2026-06-04,2026-06-08,2026,2026-06,0,-0.0309072959451071,0.4936827085577573,-0.0016596080405619773,0.00012459816074545708,0.000263160695352988,0.000619927106811336,0.0007911495441028704,True,False,False,False,KEEP,False,0.4936827085577573
2026-06-04,2026-06-05,2026-06-09,2026,2026-06,0,-0.0384695672988996,0.5502194966976033,0.002722328835190524,0.0002720399644490552,0.00035831109743315117,0.000619927106811336,0.0007911495441028704,True,False,False,False,KEEP,False,0.5502194966976033
2026-06-05,2026-06-08,2026-06-10,2026,2026-06,0,-0.0598515776246885,0.0656013341351098,-0.03054205149055811,0.00029535343561189333,0.0006974097075650635,0.000619927106811336,0.0007911495441028704,True,False,False,False,KEEP,False,0.0656013341351098
2026-06-08,2026-06-09,2026-06-11,2026,2026-06,0,-0.0491625283616522,0.760583505279658,0.00947303741635075,0.00026325434479780834,0.0004962098443896336,0.000619927106811336,0.0007911495441028704,True,False,False,False,KEEP,False,0.760583505279658
2026-06-09,2026-06-10,2026-06-12,2026,2026-06,0,-0.0236148830806284,0.2099246308167487,-0.015601849666829537,0.00016277736094806784,0.0005578755411833079,0.000619927106811336,0.0007911495441028704,True,False,False,False,KEEP,False,0.2099246308167487
2026-06-10,2026-06-11,2026-06-15,2026,2026-06,1,0.0425007479834057,0.113346643114846,-0.02360797171291118,0.0002734938649806897,0.0006858664070006885,0.000619927106811336,0.0007911495441028704,True,False,False,False,KEEP,False,0.113346643114846
2026-06-11,2026-06-12,2026-06-16,2026,2026-06,1,0.051714529043963,0.9340244846496536,0.030140737737411882,0.0008350112787831114,0.0008031425920630108,0.000619927106811336,0.0007911495441028704,True,True,True,True,BOTH_TAIL_RISK_KEEP,False,0.9340244846496536
2026-06-12,2026-06-15,2026-06-17,2026,2026-06,1,0.026747592048209,0.6140263308590728,-0.0008175154269220997,0.0010087648097690221,0.0009189243993082935,0.000629652766726963,0.0007984264391013778,True,True,True,True,KEEP,False,0.6140263308590728
2026-06-15,2026-06-16,2026-06-18,2026,2026-06,0,-0.0152543199959568,0.3706693857168702,-0.00611340722934095,0.001076507788528386,0.00029297786949649275,0.0006808282315555811,0.000804808566382438,True,True,False,False,DOWN_MOMENTUM_PLUS_TAIL_FLIP_UP,True,0.6293306142831299
2026-06-16,2026-06-17,2026-06-19,2026,2026-06,0,-0.0408913525511036,0.5114687730883596,-0.0031034618013130455,0.0005626207933699272,0.00021575745762241532,0.0007171757932843186,0.000804808566382438,True,False,False,False,KEEP,False,0.5114687730883596
2026-06-17,2026-06-18,2026-06-22,2026,2026-06,0,-0.0301061214552429,0.2877676038642425,-0.015681359189393618,0.0004648495785156306,0.0007112741640804897,0.0007171757932843186,0.000804808566382438,True,False,False,False,KEEP,False,0.2877676038642425
2026-06-18,2026-06-19,2026-06-23,2026,2026-06,0,-0.0320507021006273,0.174017878681563,-0.013732733210527925,0.0005613236645180819,0.0008307258490365246,0.0007171757932843186,0.000804808566382438,True,False,True,False,KEEP,False,0.174017878681563
2026-06-19,2026-06-22,2026-06-24,2026,2026-06,0,-0.0291832105058217,0.5621407993649324,-0.002244521190107207,0.0006256219244702852,0.0009781122495905474,0.0007171757932843186,0.0008121452965247275,True,False,True,False,KEEP,False,0.5621407993649324
2026-06-22,2026-06-23,2026-06-25,2026,2026-06,0,-0.0452335719492087,0.5322553885355713,-0.00078608887902476,0.000356704667666124,0.00032448775138737803,0.0007171757932843186,0.0008373564973470184,True,False,False,False,KEEP,False,0.5322553885355713
2026-06-23,2026-06-24,2026-06-26,2026,2026-06,0,-0.0193030972813819,0.6299937773162446,0.0016616377657978632,0.00031397392231346394,0.00034139361889557704,0.0007171757932843186,0.0008373564973470184,True,False,False,False,KEEP,False,0.6299937773162446
2026-06-24,2026-06-25,2026-06-29,2026,2026-06,1,0.0004852229892842,0.1528600100493997,-0.018776314561954166,0.00037876596139600446,0.0005551902380698257,0.0007171757932843186,0.0008373564973470184,True,False,False,False,KEEP,False,0.1528600100493997
2026-06-25,2026-06-26,2026-06-30,2026,2026-06,1,0.0015465360681447,0.7273675886999237,0.009242461968623772,0.0005222165724343975,0.0006275820735778476,0.0007171757932843186,0.0008373564973470184,True,False,False,False,KEEP,False,0.7273675886999237
2026-06-26,2026-06-29,2026-07-01,2026,2026-06,0,-0.0073619416947728,0.8640774731529245,0.014171852567887555,0.0006483761724741487,0.0007069649513904546,0.0007171757932843186,0.0008373564973470184,True,False,False,False,KEEP,False,0.8640774731529245
2026-06-29,2026-06-30,2026-07-02,2026,2026-06,1,0.0122649614251593,0.3820094567141196,-0.007278022821477492,0.00029332057517348,0.0002696282244749324,0.0007171757932843186,0.0008373564973470184,True,False,False,False,KEEP,False,0.3820094567141196
2026-06-30,2026-07-01,2026-07-03,2026,2026-07,1,0.0393519434722169,0.5512598862685184,-0.0016980068373282364,0.000375722873161791,0.0003575436499945526,0.0007171757932843186,0.0008373564973470184,True,False,False,False,KEEP,False,0.5512598862685184
2026-07-01,2026-07-02,2026-07-06,2026,2026-07,1,0.0341129191765136,0.8523352189411666,0.014543707902626934,0.0005970701359725848,0.00036868151295841483,0.0007171757932843186,0.0008373564973470184,True,False,False,False,KEEP,False,0.8523352189411666
2026-07-02,2026-07-03,2026-07-07,2026,2026-07,1,0.0107386193539441,0.794486230577575,0.011415661422555345,0.0008338073085641777,0.000401998349204367,0.0007171757932843186,0.0008373564973470184,True,True,False,False,KEEP,False,0.794486230577575
2026-07-03,2026-07-06,2026-07-08,2026,2026-07,0,-0.0214892749424807,0.4821890222147567,-0.0017346025991749059,0.0009415892539544524,0.0004212154285034787,0.0007360907815232037,0.0008373564973470184,True,True,False,False,DOWN_MOMENTUM_PLUS_TAIL_FLIP_UP,True,0.5178109777852433
2026-07-06,2026-07-07,2026-07-09,2026,2026-07,0,-0.0129839424172804,0.6118194385868846,0.003162450139052808,0.0003915975564328926,0.00011008794618949743,0.0008189861478206863,0.0008373564973470184,True,False,False,False,KEEP,False,0.6118194385868846
2026-07-07,2026-07-08,2026-07-10,2026,2026-07,0,-0.0056394478010456,0.4543045591433062,-0.005013751717200421,0.0001984948265987056,0.00014633961466534363,0.0008189861478206863,0.0008373564973470184,True,False,False,False,KEEP,False,0.4543045591433062
2026-07-08,2026-07-09,2026-07-13,2026,2026-07,0,-0.0108312217142931,0.5439215874477242,0.005364289243427578,0.00020644270174403946,0.00045922887406008,0.0008189861478206863,0.0008373564973470184,True,False,False,False,KEEP,False,0.5439215874477242
2026-07-09,2026-07-10,2026-07-14,2026,2026-07,0,-0.0163561245063727,0.6863699982815329,0.0035905122128490063,0.0002820886179079497,0.00047592283413353686,0.0008189861478206863,0.0008373564973470184,True,False,False,False,KEEP,False,0.6863699982815329
2026-07-10,2026-07-13,2026-07-15,2026,2026-07,0,-0.0160903057470039,0.6665123152092216,0.00535981612475922,0.00032405063297623505,0.0005003684472733639,0.0008189861478206863,0.0008373564973470184,True,False,False,False,KEEP,False,0.6665123152092216
2026-07-13,2026-07-14,2026-07-16,2026,2026-07,0,-0.0069118146841039,0.2010331130981835,-0.018219969134941394,0.00014266411649296184,0.00025804663186564694,0.0007171757932843186,0.0008121452965247275,True,False,False,False,KEEP,False,0.2010331130981835
2026-07-14,2026-07-15,2026-07-17,2026,2026-07,0,-0.0099411446801312,0.7216165118401838,0.00901434067973561,0.00018873306233475903,0.0002754777699794673,0.0006967781519629578,0.000804808566382438,True,False,False,False,KEEP,False,0.7216165118401838
2026-07-15,2026-07-16,2026-07-20,2026,2026-07,0,-0.007981320117178,0.7270474308921315,0.006790733053721354,0.0002838859500658195,0.0003230190697963506,0.0006760777776822193,0.000801644055786971,True,False,False,False,KEEP,False,0.7270474308921315
2026-07-16,2026-07-17,2026-07-21,2026,2026-07,1,0.0121796099535001,0.2385638826674691,-0.014595186414668504,0.0003000095141108894,0.0004864308314982884,0.0006621889533718332,0.0007984264391013778,True,False,False,False,KEEP,False,0.2385638826674691
2026-07-17,2026-07-20,2026-07-22,2026,2026-07,1,0.0317969939740524,0.6536388653517052,0.0048749220198835985,0.0004047815499249708,0.000555476890884203,0.0006621889533718332,0.0007829871105102647,True,False,False,False,KEEP,False,0.6536388653517052
2026-07-20,2026-07-21,2026-07-23,2026,2026-07,1,0.0171175339594373,0.471141515655558,-0.0027683499398829525,0.00016656942064660694,0.00028026743009266624,0.0006621889533718332,0.0007676222379921115,True,False,False,False,KEEP,False,0.471141515655558
2026-07-21,2026-07-22,2026-07-24,2026,2026-07,0,-0.0026131495662138,0.614852075276538,0.003931924411045173,0.00025174469958740524,0.00013371853914257936,0.0006621889533718332,0.0007676222379921115,True,False,False,False,KEEP,False,0.614852075276538
2026-07-22,2026-07-23,2026-07-27,2026,2026-07,0,-0.0097863383896712,0.5872798852613177,0.0028248000420525443,0.0002857805933675077,9.584042034217225e-05,0.0006621889533718332,0.0007676222379921115,True,False,False,False,KEEP,False,0.5872798852613177
2026-07-23,2026-07-24,2026-07-28,2026,2026-07,0,-0.0112494274049455,0.2750914961407361,-0.011000183216154369,0.0003118847029117659,0.00021017949771944116,0.0006621889533718332,0.0007676222379921115,True,False,False,False,KEEP,False,0.2750914961407361
2026-07-24,2026-07-27,2026-07-29,2026,2026-07,0,-0.0031373912722266,0.5587768598355453,-0.0010243496249024986,0.00035672169699947664,0.000249023771953558,0.0006621889533718332,0.0007676222379921115,True,False,False,False,KEEP,False,0.5587768598355453
2026-07-27,2026-07-28,2026-07-30,2026,2026-07,0,-0.0014492969041425,0.399055785450747,-0.004851775594239882,0.00015806598885305197,0.00018929440282423993,0.0006621889533718332,0.0007676222379921115,True,False,False,False,KEEP,False,0.399055785450747
2026-07-28,2026-07-29,2026-07-31,2026,2026-07,1,0.0056959521665487,0.4795529770494349,-0.0038678822612077113,0.00016896425686097603,0.00015310342311353038,0.0006621889533718332,0.0007676222379921115,True,False,False,False,KEEP,False,0.4795529770494349
2026-07-29,2026-07-30,2026-08-03,2026,2026-07,1,0.0033940780885721,0.7092449259086244,0.0071601015468125695,0.00045895459828181544,0.0003711706954175209,0.0006621889533718332,0.0007676222379921115,True,False,False,False,KEEP,False,0.7092449259086244
2026-07-30,2026-07-31,2026-08-04,2026,2026-07,0,-0.0030498862452493,0.7912048923703076,0.010326641084963839,0.0006305315901109066,0.00044184128785417095,0.0006621889533718332,0.0007676222379921115,True,False,False,False,KEEP,False,0.7912048923703076
2026-07-31,2026-08-03,2026-08-05,2026,2026-08,1,0.0309111463397286,0.4324620368631708,-0.004609970429278576,0.0006677488577273246,0.0005010350832083026,0.0006621889533718332,0.0007676222379921115,True,True,False,False,DOWN_MOMENTUM_PLUS_TAIL_FLIP_UP,True,0.5675379631368291
2026-08-03,2026-08-04,2026-08-06,2026,2026-08,1,0.0498407883126783,0.493174595517256,-0.0008529635764293886,0.00027206647830692007,0.000181799396303893,0.0006686171456979347,0.0007178680508510268,True,False,False,False,KEEP,False,0.493174595517256
2026-08-04,2026-08-05,2026-08-07,2026,2026-08,1,0.0575613454182827,0.6429044791468368,0.005397439097981405,0.00015283067632651295,0.00012929162611369742,0.0006686171456979347,0.0007078267939284617,True,False,False,False,KEEP,False,0.6429044791468368
2026-08-05,2026-08-06,2026-08-10,2026,2026-08,1,0.0384305943834909,0.8891358311921839,0.0206579651314982,0.0004356455231749185,0.00010126129603035903,0.0006686171456979347,0.0007078267939284617,True,False,False,False,KEEP,False,0.8891358311921839
2026-08-06,2026-08-07,2026-08-11,2026,2026-08,1,0.0291992898198628,0.3756145881358146,-0.008638988702676542,0.0005351340976856501,0.0001973852853665337,0.000661320665401223,0.0007078267939284617,True,False,False,False,KEEP,False,0.3756145881358146
2026-08-07,2026-08-10,2026-08-12,2026,2026-08,1,0.0220882908566863,0.7513707634908976,0.00897819795782695,0.000719010506338659,0.0002482941081760931,0.000661320665401223,0.0007078267939284617,True,True,False,False,KEEP,False,0.7513707634908976
2026-08-10,2026-08-11,2026-08-13,2026,2026-08,1,0.006575979885047,0.7550667332771726,0.00977869656232322,0.00037617265026719597,0.00018537142019724835,0.0006726046257997793,0.0007078267939284617,True,False,False,False,KEEP,False,0.7550667332771726
2026-08-11,2026-08-12,2026-08-14,2026,2026-08,0,-0.0063134555479986,0.4825753923800366,-0.0006318446278008594,0.0003282802326516505,0.00019522755749422225,0.0006726046257997793,0.0007078267939284617,True,False,False,False,KEEP,False,0.4825753923800366
2026-08-12,2026-08-13,2026-08-17,2026,2026-08,0,-0.0005992631966162,0.5567896775778225,0.0015868707183663844,0.00022368107174841804,0.00017904950550377767,0.0006726046257997793,0.0007078267939284617,True,False,False,False,KEEP,False,0.5567896775778225
2026-08-13,2026-08-14,2026-08-18,2026,2026-08,1,0.0002876127929909,0.4106748159888015,-0.005583365565774656,0.00026616119020045413,0.0002925989151485596,0.0006726046257997793,0.0007078267939284617,True,False,False,False,KEEP,False,0.4106748159888015
2026-08-14,2026-08-17,2026-08-19,2026,2026-08,1,0.0137807796795515,0.7206660398440229,0.006617191440085435,0.0003146245589362081,0.00034168496491076563,0.0006726046257997793,0.0007078267939284617,True,False,False,False,KEEP,False,0.7206660398440229
2026-08-17,2026-08-18,2026-08-20,2026,2026-08,1,0.0218059300053339,0.6391176504445512,0.004798529725627887,0.0001925583555463092,0.00019880741843245994,0.0006726046257997793,0.0007078267939284617,True,False,False,False,KEEP,False,0.6391176504445512
2026-08-18,2026-08-19,2026-08-21,2026,2026-08,1,0.0441155114186256,0.2707897607625186,-0.013184872340184839,0.00016300073055726993,0.0001681241854696358,0.0006726046257997793,0.0007078267939284617,True,False,False,False,KEEP,False,0.2707897607625186
2026-08-19,2026-08-20,2026-08-24,2026,2026-08,1,0.0504625395201084,0.976533237883175,0.037827961555764844,0.000504352275066055,0.00013169361211798415,0.0006726046257997793,0.0007078267939284617,True,False,False,False,KEEP,False,0.976533237883175
2026-08-20,2026-08-21,2026-08-25,2026,2026-08,1,0.0318112493998672,0.7339878101351197,0.006831491269844392,0.0005903334301841387,0.00020425169826017371,0.0006726046257997793,0.0007078267939284617,True,False,False,False,KEEP,False,0.7339878101351197
2026-08-21,2026-08-24,2026-08-26,2026,2026-08,1,0.0092167753149813,0.6570653129147357,0.004490275300966573,0.0006870614345910936,0.0002493810491115762,0.0006726046257997793,0.0007078267939284617,True,True,False,False,KEEP,False,0.6570653129147357
2026-08-24,2026-08-25,2026-08-27,2026,2026-08,0,-0.0090575042639794,0.6017674193386616,0.00337629343856527,0.0002519432657633125,0.00017578091371543058,0.0006880546872907942,0.0007078267939284617,True,False,False,False,KEEP,False,0.6017674193386616
2026-08-25,2026-08-26,2026-08-28,2026,2026-08,0,-0.0211818553410563,0.6991437131304128,0.0062337755381722815,0.0002626088767595939,0.00026042807218014055,0.0006880546872907942,0.0007078267939284617,True,False,False,False,KEEP,False,0.6991437131304128
2026-08-26,2026-08-27,2026-08-31,2026,2026-08,0,-0.0402718242816912,0.3770995946423323,-0.007154276766222267,0.00021227477644362102,0.0002934323001090539,0.0006880546872907942,0.0007078267939284617,True,False,False,False,KEEP,False,0.3770995946423323
2026-08-27,2026-08-28,2026-09-01,2026,2026-08,0,-0.0494608442614443,0.4781039796613943,-0.0003383942986676658,0.0003359859108858337,0.00037663805892043103,0.0006880546872907942,0.0007078267939284617,True,False,False,False,KEEP,False,0.4781039796613943
2026-08-28,2026-08-31,2026-09-02,2026,2026-08,0,-0.0462378548507739,0.067831488887193,-0.03207820629175018,0.0004350295910673695,0.0007684093766613111,0.0006880546872907942,0.0007078267939284617,True,False,True,False,KEEP,False,0.067831488887193
2026-08-31,2026-09-01,2026-09-03,2026,2026-09,1,0.0024591734680055,0.629739979786985,0.0029417679804524255,0.0002865338749700957,0.000553800788453517,0.0006880546872907942,0.0007220077980808313,True,False,False,False,KEEP,False,0.629739979786985
2026-09-01,2026-09-02,2026-09-04,2026,2026-09,1,0.015568877157478,0.2669172952339353,-0.01066970773348963,0.00019181430909264357,0.0006424631679725948,0.0006880546872907942,0.0007220077980808313,True,False,False,False,KEEP,False,0.2669172952339353
2026-09-02,2026-09-03,2026-09-07,2026,2026-09,1,0.0143427915777457,0.8458080603693503,0.016955994529467944,0.00028539915358264864,0.000309336917789708,0.0006880546872907942,0.0007220077980808313,True,False,False,False,KEEP,False,0.8458080603693503
2026-09-03,2026-09-04,2026-09-08,2026,2026-09,0,-0.0117381551801408,0.6939246718494667,0.008112438259759713,0.0004806720750902704,0.00037193671167017376,0.0006880546872907942,0.0007220077980808313,True,False,False,False,KEEP,False,0.6939246718494667
2026-09-04,2026-09-07,2026-09-09,2026,2026-09,0,-0.0126185352726498,0.3146227889335163,-0.010800334202970774,0.0005318261210717129,0.0005948693842627385,0.0006880546872907942,0.0007220077980808313,True,False,False,False,KEEP,False,0.3146227889335163
2026-09-07,2026-09-08,2026-09-10,2026,2026-09,0,-0.0072268259378393,0.5540124470693427,-0.0010844469585791217,0.00027501381214309475,0.00031338530888110473,0.0006880546872907942,0.0007220077980808313,True,False,False,False,KEEP,False,0.5540124470693427
2026-09-08,2026-09-09,2026-09-11,2026,2026-09,0,-0.01168202317729,0.2697650985738756,-0.008725677236254725,0.00011450657330199594,0.0003307849052231364,0.0006880546872907942,0.0007220077980808313,True,False,False,False,KEEP,False,0.2697650985738756
2026-09-09,2026-09-10,2026-09-14,2026,2026-09,0,-0.0202988148019753,0.5371645190751506,0.00018821790080814083,0.00012559352245352734,0.00014856336113800212,0.0006880546872907942,0.0007112862029697927,True,False,False,False,KEEP,False,0.5371645190751506
2026-09-10,2026-09-11,2026-09-15,2026,2026-09,0,-0.0192620327368765,0.1715446974694491,-0.018079732727233733,0.00019525836146020063,0.00028871527239429315,0.0006880546872907942,0.0007078267939284617,True,False,False,False,KEEP,False,0.1715446974694491
2026-09-11,2026-09-14,2026-09-16,2026,2026-09,0,-0.0072379346609537,0.539166380950074,0.0005942251991424286,0.0004177925106996132,0.0003609251238828599,0.0006880546872907942,0.0007018134544319046,True,False,False,False,KEEP,False,0.539166380950074
2026-09-14,2026-09-15,2026-09-17,2026,2026-09,1,0.0050528314840382,0.4942960609648337,-0.0018409510148629238,0.00036812403266433646,0.0003269853227326296,0.0006880546872907942,0.0007018134544319046,True,False,False,False,KEEP,False,0.4942960609648337
2026-09-15,2026-09-16,2026-09-18,2026,2026-09,1,0.0187109910598389,0.6374221234618813,0.007016874599678147,0.0003490139450196971,0.00025923799632819676,0.0006880546872907942,0.0007018134544319046,True,False,False,False,KEEP,False,0.6374221234618813
2026-09-16,2026-09-17,2026-09-21,2026,2026-09,1,0.0087964016107226,0.1940645148044257,-0.015341697146880051,0.00024109462144842684,0.0006086365865820365,0.0006880546872907942,0.0007018134544319046,True,False,False,False,KEEP,False,0.1940645148044257
2026-09-17,2026-09-18,2026-09-22,2026,2026-09,1,0.002332533424035,0.6782881145242191,0.00694572586258424,0.0004028680720610702,0.0006664663334391705,0.0006880546872907942,0.0007018134544319046,True,False,False,False,KEEP,False,0.6782881145242191
2026-09-18,2026-09-21,2026-09-23,2026,2026-09,0,-0.014007857009205,0.4781492769420183,-0.0035938580912127094,0.0004870802225092892,0.0007130498006612868,0.0006880546872907942,0.0007018134544319046,True,False,True,False,KEEP,False,0.4781492769420183
2026-09-21,2026-09-22,2026-09-24,2026,2026-09,0,-0.0185619586910461,0.5031657817661119,-0.002197592454294295,0.0002930398436454391,0.00014637336938259053,0.0006880546872907942,0.0007078267939284617,True,False,False,False,KEEP,False,0.5031657817661119
2026-09-22,2026-09-23,2026-09-25,2026,2026-09,0,-0.0127088909061519,0.6534101558122991,0.006701942366101221,0.000232994470815803,0.00015366414378068435,0.0006880546872907942,0.0007078267939284617,True,False,False,False,KEEP,False,0.6534101558122991
2026-09-23,2026-09-24,2026-09-28,2026,2026-09,0,-0.0361457820978272,0.3528526954311843,-0.007556398716937807,0.0001598818290198979,0.00017060332646463687,0.0006880546872907942,0.0007078267939284617,True,False,False,False,KEEP,False,0.3528526954311843
2026-09-24,2026-09-25,2026-09-29,2026,2026-09,0,-0.0290460352206907,0.5593638366234325,0.0031080573778794474,0.00021985900878842342,0.0002511075926367312,0.0006880546872907942,0.0007078267939284617,True,False,False,False,KEEP,False,0.5593638366234325
