feature_cutoff_date,forecast_issue_date,target_end_date_h3,year,month,target_r3,y_up,p_A0_global,p_recent252,p_A1_arcr,train_n
2016-12-30,2017-01-03,2017-01-05,2017,2017-01,0.011963352596275527,1,0.47112898564431366,0.44496127698078153,0.4645870584784306,1765
2017-01-03,2017-01-04,2017-01-06,2017,2017-01,0.025230745473352037,1,0.4829509985550058,0.470749069818939,0.47990051637098907,1765
2017-01-04,2017-01-05,2017-01-09,2017,2017-01,0.008710558917745106,1,0.4670969408687314,0.4469264390400824,0.46205431541156916,1765
2017-01-05,2017-01-06,2017-01-10,2017,2017-01,0.008615437905615433,1,0.498702126409864,0.48237165344933447,0.4946195081697316,1765
2017-01-06,2017-01-09,2017-01-11,2017,2017-01,0.008074276074020455,1,0.4854991715770245,0.42655599919429327,0.4707633784813417,1765
2017-01-09,2017-01-10,2017-01-12,2017,2017-01,0.025644045044631567,1,0.49573835340968814,0.42038850604787165,0.476900891569234,1770
2017-01-10,2017-01-11,2017-01-13,2017,2017-01,0.011052622443096054,1,0.49438882441541016,0.4774550413810324,0.4901553786568157,1770
2017-01-11,2017-01-12,2017-01-16,2017,2017-01,0.012718240294010742,1,0.4745842858127491,0.4956959833622365,0.47986221020012093,1770
2017-01-12,2017-01-13,2017-01-17,2017,2017-01,0.008951651055122646,1,0.4467800916045318,0.4524696029654681,0.4482024694447658,1770
2017-01-13,2017-01-16,2017-01-18,2017,2017-01,0.013409088971952208,1,0.4444290707864362,0.5510603647647468,0.4710868942810138,1770
2017-01-16,2017-01-17,2017-01-19,2017,2017-01,0.0004987323988500274,1,0.4434657510664543,0.5907451840192388,0.4802856093046504,1775
2017-01-17,2017-01-18,2017-01-20,2017,2017-01,-0.01522830057135737,0,0.4334964857600258,0.6271751696817301,0.48191615674045185,1775
2017-01-18,2017-01-19,2017-01-23,2017,2017-01,0.0010303967938964016,1,0.43942385965668046,0.6674681195038008,0.49643492461846056,1775
2017-01-19,2017-01-20,2017-01-24,2017,2017-01,0.008234586079414102,1,0.4610975696445093,0.6140417383342976,0.49933361181695635,1775
2017-01-20,2017-01-23,2017-01-25,2017,2017-01,0.0036627028377391,1,0.48657053538796,0.6124429324246584,0.5180386346471346,1775
2017-01-23,2017-01-24,2017-01-26,2017,2017-01,-0.01845976003616162,0,0.4730971915937494,0.5410117035548354,0.4900758195840209,1780
2017-01-24,2017-01-25,2017-01-27,2017,2017-01,-0.024276478960151456,0,0.4755919959485363,0.580834811789526,0.5019026999087838,1780
2017-01-25,2017-01-26,2017-01-30,2017,2017-01,-0.011406729482741603,0,0.4844012678082424,0.41442749534736306,0.46690782469302256,1780
2017-01-26,2017-01-27,2017-01-31,2017,2017-01,0.006066075873135152,1,0.5000734643846098,0.45222524379443363,0.4881114092370657,1780
2017-01-27,2017-01-30,2017-02-01,2017,2017-01,0.021552918493111098,1,0.5077175100081591,0.44694688110641256,0.49252485278272246,1780
2017-01-30,2017-01-31,2017-02-02,2017,2017-01,0.028337784170763693,1,0.489464951096853,0.45297013708476436,0.48034124759383084,1785
2017-01-31,2017-02-01,2017-02-03,2017,2017-02,0.011816792767432692,1,0.5003945376894549,0.440452130782692,0.4854089359627642,1785
2017-02-01,2017-02-02,2017-02-06,2017,2017-02,0.009745744015571588,1,0.49078573636313805,0.5178954167192675,0.4975631564521704,1785
2017-02-02,2017-02-03,2017-02-07,2017,2017-02,0.005661814273304626,1,0.4999503529663584,0.5598933937423943,0.5149361131603674,1785
2017-02-03,2017-02-06,2017-02-08,2017,2017-02,0.018418832834485862,1,0.515744030656544,0.5620640457747323,0.527324034436091,1785
2017-02-06,2017-02-07,2017-02-09,2017,2017-02,0.01615557138110157,1,0.4926625195414164,0.46498958734273016,0.48574428649174484,1790
2017-02-07,2017-02-08,2017-02-10,2017,2017-02,-0.004273945653110858,0,0.49381876438872646,0.49591038792929787,0.4943416702738693,1790
2017-02-08,2017-02-09,2017-02-13,2017,2017-02,-0.005030436571517424,0,0.4704158464738225,0.4507061767143422,0.4654884290339524,1790
2017-02-09,2017-02-10,2017-02-14,2017,2017-02,-0.009792098959367834,0,0.4775156736656203,0.4179057859374056,0.4626132017335666,1790
2017-02-10,2017-02-13,2017-02-15,2017,2017-02,-0.0004896160691877207,0,0.5193918147947584,0.6033184364439595,0.5403734702070586,1790
2017-02-13,2017-02-14,2017-02-16,2017,2017-02,0.005960725634908786,1,0.5008719596538876,0.5920909370265232,0.5236767039970466,1795
2017-02-14,2017-02-15,2017-02-17,2017,2017-02,0.009510198951460264,1,0.536595427306844,0.5813418534431223,0.5477820338409136,1795
2017-02-15,2017-02-16,2017-02-20,2017,2017-02,0.008291045259215424,1,0.5339189248727227,0.5361291744945986,0.5344714872781917,1795
2017-02-16,2017-02-17,2017-02-21,2017,2017-02,-0.006530271234292383,0,0.5175284453026232,0.5682296740553279,0.5302037524907994,1795
2017-02-17,2017-02-20,2017-02-22,2017,2017-02,-0.003146559536707097,0,0.5047867574861314,0.522584151062937,0.5092361058803329,1795
2017-02-20,2017-02-21,2017-02-23,2017,2017-02,0.0016176652534800168,1,0.48144638872584217,0.5467508560830223,0.4977725055651372,1800
2017-02-21,2017-02-22,2017-02-24,2017,2017-02,0.021457718273467107,1,0.5130184577048529,0.5053346666722459,0.5110975099467011,1800
2017-02-22,2017-02-23,2017-02-27,2017,2017-02,0.015037877364540502,1,0.5005875856009285,0.45298975699871186,0.48868812845037435,1800
2017-02-23,2017-02-24,2017-02-28,2017,2017-02,0.011690401290766426,1,0.5050559315964336,0.4900376618674333,0.5013013641641835,1800
2017-02-24,2017-02-27,2017-03-01,2017,2017-02,-0.007435870193802439,0,0.4906217158909453,0.4692558968546941,0.4852802611318825,1800
2017-02-27,2017-02-28,2017-03-02,2017,2017-02,-0.010361957848494065,0,0.4963795785709149,0.4335027228196182,0.48066036463309075,1805
2017-02-28,2017-03-01,2017-03-03,2017,2017-03,-0.018665004804240378,0,0.5053140787427238,0.47192309683616457,0.496966333266084,1805
2017-03-01,2017-03-02,2017-03-06,2017,2017-03,-0.012029856039385778,0,0.5182739406052304,0.5069579069407811,0.515444932189118,1805
2017-03-02,2017-03-03,2017-03-07,2017,2017-03,-0.015890078967269333,0,0.537497237041306,0.5853530226144448,0.5494611834345907,1805
2017-03-03,2017-03-06,2017-03-08,2017,2017-03,-0.01265347240354897,0,0.5340173730361132,0.4433730056525087,0.5113562811902121,1805
2017-03-06,2017-03-07,2017-03-09,2017,2017-03,-0.02180113030418375,0,0.4937240261773696,0.4672970014951311,0.48711727000680993,1810
2017-03-07,2017-03-08,2017-03-10,2017,2017-03,-0.022436639966374364,0,0.5104836227260968,0.5883821624307869,0.5299582576522693,1810
2017-03-08,2017-03-09,2017-03-13,2017,2017-03,-0.004543397184026568,0,0.49589137615659873,0.4923571768275239,0.49500782632433005,1810
2017-03-09,2017-03-10,2017-03-14,2017,2017-03,-0.0008720387571699917,0,0.49731003441341276,0.40308262871775946,0.4737531829894994,1810
2017-03-10,2017-03-13,2017-03-15,2017,2017-03,0.004752385132523912,1,0.5341869531394057,0.48105009861409287,0.5209027395080774,1810
2017-03-13,2017-03-14,2017-03-16,2017,2017-03,0.014629997112525956,1,0.49234453075254697,0.3401889307630088,0.45430563075516245,1815
2017-03-14,2017-03-15,2017-03-17,2017,2017-03,0.020721869608925778,1,0.5028289322900863,0.41848281936672244,0.48174240405924534,1815
2017-03-15,2017-03-16,2017-03-20,2017,2017-03,0.02525542300657219,1,0.5087482211346064,0.3777636578275164,0.47600208030783386,1815
2017-03-16,2017-03-17,2017-03-21,2017,2017-03,0.005248928699197641,1,0.5062748765921998,0.4725189377810188,0.4978358918894046,1815
2017-03-17,2017-03-20,2017-03-22,2017,2017-03,0.014021281487445535,1,0.5321052694432608,0.6163946079666925,0.5531776040741188,1815
2017-03-20,2017-03-21,2017-03-23,2017,2017-03,0.012011914349464478,1,0.5236156450116081,0.45718966629104424,0.5070091503314671,1820
2017-03-21,2017-03-22,2017-03-24,2017,2017-03,0.009652545613600376,1,0.5146674563783729,0.5835823746379081,0.5318961859432567,1820
2017-03-22,2017-03-23,2017-03-27,2017,2017-03,0.008629697981970103,1,0.5062454021026437,0.6282137031920373,0.5367374773749921,1820
2017-03-23,2017-03-24,2017-03-28,2017,2017-03,0.0045971578634349105,1,0.4937091367665297,0.5073693744069291,0.4971241961766296,1820
2017-03-24,2017-03-27,2017-03-29,2017,2017-03,0.007128869952382237,1,0.5025079671956371,0.5496405042385547,0.5142911014563665,1820
2017-03-27,2017-03-28,2017-03-30,2017,2017-03,-0.004785079710096139,0,0.5272826343747261,0.5625128236879874,0.5360901817030415,1825
2017-03-28,2017-03-29,2017-03-31,2017,2017-03,-0.009577887954447297,0,0.5432387691637443,0.696022006562984,0.5814345785135542,1825
2017-03-29,2017-03-30,2017-04-03,2017,2017-03,-0.005321821975458958,0,0.5471042875070944,0.65726519531619,0.5746445144593683,1825
2017-03-30,2017-03-31,2017-04-04,2017,2017-03,0.006176425763492557,1,0.5715182870126836,0.5765930491583561,0.5727869775491017,1825
2017-03-31,2017-04-03,2017-04-05,2017,2017-04,0.00866014553622341,1,0.5640430924577249,0.6463296330676988,0.5846147276102184,1825
2017-04-03,2017-04-04,2017-04-06,2017,2017-04,0.006000018000097201,1,0.5389801135035386,0.4436770501089292,0.5151543476548862,1830
2017-04-04,2017-04-05,2017-04-07,2017,2017-04,0.004478891333663758,1,0.5390767501745065,0.5153686517687435,0.5331497255730657,1830
2017-04-05,2017-04-06,2017-04-10,2017,2017-04,0.0008778580827910984,1,0.5314951810577035,0.4115297510826571,0.501503823563942,1830
2017-04-06,2017-04-07,2017-04-11,2017,2017-04,0.0015541257187730352,1,0.5273305913781868,0.5108400965644138,0.5232079676747435,1830
2017-04-07,2017-04-10,2017-04-12,2017,2017-04,0.006307676830802709,1,0.5142794754192809,0.4813214177060705,0.5060399609909783,1830
2017-04-10,2017-04-11,2017-04-13,2017,2017-04,0.02559497123023009,1,0.5138728775218581,0.4079140638113127,0.4873831740942217,1835
2017-04-11,2017-04-12,2017-04-18,2017,2017-04,0.02306553233440199,1,0.4982400923857132,0.4200189750242324,0.478684813045343,1835
2017-04-12,2017-04-13,2017-04-19,2017,2017-04,0.0076340731314820396,1,0.47108019483359065,0.4077783941526491,0.45525474466335525,1835
2017-04-13,2017-04-18,2017-04-20,2017,2017-04,-0.004832433410294835,0,0.4844238554515416,0.5258472845403236,0.4947797127237371,1835
2017-04-18,2017-04-19,2017-04-21,2017,2017-04,-0.0027274515251943634,0,0.49033066648351786,0.4046037320772307,0.46889893288194606,1835
2017-04-19,2017-04-20,2017-04-24,2017,2017-04,-0.008027139446829241,0,0.5107307715412277,0.5272022555443513,0.5148486425420086,1840
2017-04-20,2017-04-21,2017-04-25,2017,2017-04,-0.0073714261015274,0,0.5272501546954108,0.5376206078329439,0.5298427679797941,1840
2017-04-21,2017-04-24,2017-04-26,2017,2017-04,-0.01299867111536544,0,0.49433807202314595,0.32846380059972524,0.45286950416729077,1840
2017-04-24,2017-04-25,2017-04-27,2017,2017-04,-0.005914610515455354,0,0.4865350721688163,0.35913961804404054,0.4546862086376224,1840
2017-04-25,2017-04-26,2017-04-28,2017,2017-04,-0.0039037134804734037,0,0.4831800189195999,0.43644794201359993,0.4714969996930999,1840
2017-04-26,2017-04-27,2017-05-02,2017,2017-04,-0.007259776008751282,0,0.4873317261461576,0.3125066618776705,0.4436254600790358,1845
2017-04-27,2017-04-28,2017-05-03,2017,2017-04,-0.008220040328205013,0,0.4867538613302758,0.3332565784905476,0.4483795406203438,1845
2017-04-28,2017-05-02,2017-05-04,2017,2017-05,-0.02374781785003674,0,0.4789509121471373,0.4204236743942542,0.4643191027089165,1845
2017-05-02,2017-05-03,2017-05-05,2017,2017-05,-0.013145428152001828,0,0.4740646575970072,0.35850549089740535,0.44517486592210676,1845
2017-05-03,2017-05-04,2017-05-08,2017,2017-05,-0.019528331811245424,0,0.4604915017609137,0.411249832567631,0.448181084462593,1845
2017-05-04,2017-05-05,2017-05-09,2017,2017-05,-0.008695706967553708,0,0.46403536126734624,0.39337056329776415,0.44636916177495073,1850
2017-05-05,2017-05-08,2017-05-10,2017,2017-05,-0.01336141875097768,0,0.45624192714547906,0.268473450360079,0.40929980794912907,1850
2017-05-08,2017-05-09,2017-05-11,2017,2017-05,-0.007100042067696962,0,0.46337640328788854,0.4766462035626988,0.4666938533565911,1850
2017-05-09,2017-05-10,2017-05-12,2017,2017-05,0.0022421077043120736,1,0.504663017394873,0.47345874861186593,0.4968619501991212,1850
2017-05-10,2017-05-11,2017-05-15,2017,2017-05,0.006966965783563122,1,0.5195335279692583,0.5600849135848487,0.5296713743731559,1850
2017-05-11,2017-05-12,2017-05-16,2017,2017-05,0.010631248172344267,1,0.5265402089503318,0.5460012677268922,0.5314054736444719,1855
2017-05-12,2017-05-15,2017-05-17,2017,2017-05,0.013508799968650434,1,0.5356950141638186,0.5217422127236967,0.5322068138037881,1855
2017-05-15,2017-05-16,2017-05-18,2017,2017-05,0.023949637386423958,1,0.5050407877883387,0.7198986953978574,0.5587552646907183,1855
2017-05-16,2017-05-17,2017-05-19,2017,2017-05,0.014321013892697071,1,0.5293962935940065,0.7499786167920909,0.5845418743935276,1855
2017-05-17,2017-05-18,2017-05-22,2017,2017-05,0.008520562779697422,1,0.5335188336813305,0.7474011987631852,0.5869894249517942,1855
2017-05-18,2017-05-19,2017-05-23,2017,2017-05,-0.0011502232304324935,0,0.5081108253307985,0.6927744758177218,0.5542767379525293,1860
2017-05-19,2017-05-22,2017-05-24,2017,2017-05,-0.00039948865983514364,0,0.5094219126937498,0.7967275877341525,0.5812483314538505,1860
2017-05-22,2017-05-23,2017-05-25,2017,2017-05,0.001472725005970414,1,0.49129667009944555,0.6968675001919266,0.5426893776225659,1860
2017-05-23,2017-05-24,2017-05-26,2017,2017-05,0.0040397694450364854,1,0.4976507877622656,0.6229061933946761,0.5289646391703683,1860
2017-05-24,2017-05-25,2017-05-30,2017,2017-05,0.009108509167925716,1,0.5035210075724769,0.559927734341295,0.5176226892646814,1860
2017-05-25,2017-05-26,2017-05-31,2017,2017-05,0.005315574418569498,1,0.5277154467811238,0.5208418993618598,0.5259970599263077,1865
2017-05-26,2017-05-30,2017-06-01,2017,2017-05,0.0009086779362181122,1,0.522610281272169,0.5594274160457191,0.5318145649655566,1865
2017-05-30,2017-05-31,2017-06-02,2017,2017-05,-0.0014660725756203193,0,0.5126739031633003,0.5723628394025116,0.5275961372231032,1865
2017-05-31,2017-06-01,2017-06-05,2017,2017-06,0.01328374809267134,1,0.49934780609632345,0.5142380674247046,0.5030703714284187,1865
2017-06-01,2017-06-02,2017-06-06,2017,2017-06,0.016993361157182037,1,0.49408119980195164,0.4261902942997512,0.4771084734264015,1865
2017-06-02,2017-06-05,2017-06-07,2017,2017-06,0.0248676491816859,1,0.4792162756855039,0.6008512710843282,0.50962502453521,1870
2017-06-05,2017-06-06,2017-06-08,2017,2017-06,0.0031962607604710735,1,0.46617368013648003,0.4431820703355057,0.4604257776862365,1870
2017-06-06,2017-06-07,2017-06-09,2017,2017-06,-0.010616391034869643,0,0.48090421822376384,0.4527627897125956,0.4738688610959718,1870
2017-06-07,2017-06-08,2017-06-12,2017,2017-06,-0.01830687946239829,0,0.4773227497777658,0.516666791313968,0.48715876016181636,1870
2017-06-08,2017-06-09,2017-06-13,2017,2017-06,-0.018460129099349788,0,0.5022201295828976,0.5842474007026877,0.5227269473628451,1870
2017-06-09,2017-06-12,2017-06-14,2017,2017-06,-0.004719772773351684,0,0.5078892361591861,0.4880799005274847,0.5029369022512608,1875
2017-06-12,2017-06-13,2017-06-15,2017,2017-06,-0.0071160608647634635,0,0.49462943155879596,0.3162930884911215,0.4500453457918773,1875
2017-06-13,2017-06-14,2017-06-16,2017,2017-06,-0.0037332741243008925,0,0.49089035829150535,0.2400419965658759,0.428178267860098,1875
2017-06-14,2017-06-15,2017-06-19,2017,2017-06,-0.013614833123445134,0,0.47588449642217207,0.34699785366398006,0.4436628357326241,1875
2017-06-15,2017-06-16,2017-06-20,2017,2017-06,-0.010970489999127604,0,0.488240106304518,0.31507203201406364,0.4449480877319044,1875
2017-06-16,2017-06-19,2017-06-21,2017,2017-06,-0.007628898861688209,0,0.4931614968649847,0.3850791754009633,0.4661409164989794,1880
2017-06-19,2017-06-20,2017-06-22,2017,2017-06,0.0002397602409088573,1,0.5023977012179792,0.45356195234878083,0.4901887640006796,1880
2017-06-20,2017-06-21,2017-06-23,2017,2017-06,0.007831269046759513,1,0.5154226038110524,0.5621280549991251,0.5270989666080707,1880
2017-06-21,2017-06-22,2017-06-26,2017,2017-06,-0.004984133473865039,0,0.5244374363012516,0.5085653218012992,0.5204694076762635,1880
2017-06-22,2017-06-23,2017-06-27,2017,2017-06,-0.0007994244569962715,0,0.5073708206353511,0.5580520774189842,0.5200411348312594,1880
2017-06-23,2017-06-26,2017-06-28,2017,2017-06,-0.003748160215645094,0,0.5140342988595312,0.6082907971295043,0.5375984234270245,1885
2017-06-26,2017-06-27,2017-06-29,2017,2017-06,0.004623216741456798,1,0.5262110744240941,0.6338420905542926,0.5531188284566437,1885
2017-06-27,2017-06-28,2017-06-30,2017,2017-06,-0.005734581512418961,0,0.5200168041554041,0.587487319472047,0.5368844329845648,1885
2017-06-28,2017-06-29,2017-07-03,2017,2017-06,-0.013189832524215211,0,0.5335943039944805,0.6950166186768892,0.5739498826650826,1885
2017-06-29,2017-06-30,2017-07-04,2017,2017-06,-0.018091433792323437,0,0.531307136833934,0.7045196017688209,0.5746102530676558,1885
2017-06-30,2017-07-03,2017-07-05,2017,2017-07,-0.01732189427237128,0,0.5272816929031136,0.4564730926042128,0.5095795428283884,1890
2017-07-03,2017-07-04,2017-07-06,2017,2017-07,-0.008863648190642122,0,0.5054306238176907,0.7083953792973227,0.5561718126875986,1890
2017-07-04,2017-07-05,2017-07-07,2017,2017-07,-0.003149737739912156,0,0.5237383765938866,0.48604944802484473,0.5143161444516261,1890
2017-07-05,2017-07-06,2017-07-10,2017,2017-07,-0.011813510785536255,0,0.5077097952539703,0.35296782333854604,0.4690243022751142,1890
2017-07-06,2017-07-07,2017-07-11,2017,2017-07,-0.01017987610542782,0,0.4865520065918833,0.40916569797660823,0.46720542943806453,1890
2017-07-07,2017-07-10,2017-07-12,2017,2017-07,-0.0008197393687989061,0,0.49072193497451116,0.6326836429737053,0.5262123619743098,1895
2017-07-10,2017-07-11,2017-07-13,2017,2017-07,0.011404228252094003,1,0.457804053656039,0.4246776218902821,0.44952244571459976,1895
2017-07-11,2017-07-12,2017-07-14,2017,2017-07,0.005800456438364891,1,0.4661055660461945,0.643795555073754,0.5105280633030844,1895
2017-07-12,2017-07-13,2017-07-17,2017,2017-07,0.00853327623658045,1,0.5024506574712905,0.7036027930469574,0.5527386913652073,1895
2017-07-13,2017-07-14,2017-07-18,2017,2017-07,0.012772189079751277,1,0.5005529916041482,0.7539954711270618,0.5639136114848766,1895
2017-07-14,2017-07-17,2017-07-19,2017,2017-07,0.01700057212715302,1,0.5124721123845041,0.6027522574520711,0.5350421486513958,1900
2017-07-17,2017-07-18,2017-07-20,2017,2017-07,0.005433033150171258,1,0.5318834111474178,0.8509898074708302,0.6116600102282709,1900
2017-07-18,2017-07-19,2017-07-21,2017,2017-07,0.008171196872360866,1,0.5258978573771004,0.7380809382815742,0.5789436276032188,1900
2017-07-19,2017-07-20,2017-07-24,2017,2017-07,0.012822229604649724,1,0.5052658153563914,0.6700590442947715,0.5464641225909864,1900
2017-07-20,2017-07-21,2017-07-25,2017,2017-07,0.012417028799576324,1,0.4909343692931017,0.6563093243415603,0.5322781080552164,1900
2017-07-21,2017-07-24,2017-07-26,2017,2017-07,-0.0014843643027950865,0,0.5247187642594592,0.7087811920314283,0.5707343712024514,1905
2017-07-24,2017-07-25,2017-07-27,2017,2017-07,0.004924748823058616,1,0.48923482858877493,0.6020215992458009,0.5174315212530314,1905
2017-07-25,2017-07-26,2017-07-28,2017,2017-07,0.006051937566825747,1,0.48037847954891916,0.554454566748669,0.4988975013488566,1905
2017-07-26,2017-07-27,2017-07-31,2017,2017-07,0.01668198335280639,1,0.4896890984951394,0.6210806117310254,0.5225369768041109,1905
2017-07-27,2017-07-28,2017-08-01,2017,2017-07,0.003953980873947547,1,0.4976626955150669,0.6363351040427744,0.5323307976469938,1905
2017-07-28,2017-07-31,2017-08-02,2017,2017-07,0.005581409838195266,1,0.48682172520059125,0.5170596859982983,0.494381215400018,1910
2017-07-31,2017-08-01,2017-08-03,2017,2017-08,-0.0035994738544489857,0,0.487062930862284,0.5578917593502357,0.504770137984272,1910
2017-08-01,2017-08-02,2017-08-04,2017,2017-08,0.001774203552516115,1,0.5090513624916885,0.5992764016957481,0.5316076222927033,1910
2017-08-02,2017-08-03,2017-08-07,2017,2017-08,-0.007210236450223804,0,0.49375228367302626,0.5696118939179061,0.5127171862342462,1910
2017-08-03,2017-08-04,2017-08-08,2017,2017-08,-0.0002774199958344009,0,0.4772861955318253,0.3622122028925966,0.4485176973720181,1910
2017-08-04,2017-08-07,2017-08-09,2017,2017-08,-0.0010641443510850243,0,0.4940444318136107,0.4789033551625283,0.4902591626508401,1915
2017-08-07,2017-08-08,2017-08-10,2017,2017-08,0.016834949824433343,1,0.48016627007981105,0.2997378383397132,0.43505916214478657,1915
2017-08-08,2017-08-09,2017-08-11,2017,2017-08,0.02106166685660437,1,0.4658550192209382,0.3308541784010208,0.4321048090159589,1915
2017-08-09,2017-08-10,2017-08-14,2017,2017-08,0.010317660819341498,1,0.47171841353102906,0.38806593772199294,0.45080529457877005,1915
2017-08-10,2017-08-11,2017-08-15,2017,2017-08,-0.003367929559080701,0,0.4941732474684019,0.639454834811382,0.5304936443041469,1915
2017-08-11,2017-08-14,2017-08-16,2017,2017-08,-0.014188516083086272,0,0.4862094065036186,0.5570917641890154,0.5039299959249678,1920
2017-08-14,2017-08-15,2017-08-17,2017,2017-08,0.0037397784140053942,1,0.5141280125025693,0.7487898389401404,0.572793469111962,1920
2017-08-15,2017-08-16,2017-08-18,2017,2017-08,0.016071322814703998,1,0.5053160945525522,0.6590256137650388,0.5437434743556739,1920
2017-08-16,2017-08-17,2017-08-21,2017,2017-08,0.013645016710260261,1,0.49200496498537793,0.517954833955423,0.4984924322278892,1920
2017-08-17,2017-08-18,2017-08-22,2017,2017-08,-0.0006223259632979721,0,0.4549199918453033,0.42577878306586897,0.44763468965044473,1920
2017-08-18,2017-08-21,2017-08-23,2017,2017-08,-0.006817239866339096,0,0.4594410008215839,0.46724687352101235,0.46139246899644104,1925
2017-08-21,2017-08-22,2017-08-24,2017,2017-08,-0.0013211581482597313,0,0.4769336810565011,0.5088435455882695,0.48491114718944317,1925
2017-08-22,2017-08-23,2017-08-25,2017,2017-08,0.001516241567238119,1,0.4900071630131207,0.525925477113431,0.4989867415381983,1925
2017-08-23,2017-08-24,2017-08-29,2017,2017-08,0.028317695749400545,1,0.4987164943872071,0.6030959281637425,0.524811352831341,1925
2017-08-24,2017-08-25,2017-08-30,2017,2017-08,0.019026185329003176,1,0.47922812809367615,0.487191300360016,0.4812189211602611,1925
2017-08-25,2017-08-29,2017-08-31,2017,2017-08,0.014463101872199579,1,0.4698156633252559,0.5505987294780744,0.49001142986346047,1930
2017-08-29,2017-08-30,2017-09-01,2017,2017-08,-0.0037853024227518053,0,0.45996303244710135,0.5349417164021674,0.4787077034358679,1930
2017-08-30,2017-08-31,2017-09-04,2017,2017-08,0.01814657386410962,1,0.4814468534654627,0.645911407415902,0.5225629919530725,1930
2017-08-31,2017-09-01,2017-09-05,2017,2017-09,0.01922735051285924,1,0.48271862724989045,0.5568682251363557,0.5012560267215067,1930
2017-09-01,2017-09-04,2017-09-06,2017,2017-09,0.01636266782340949,1,0.5014274103025269,0.5945112614008641,0.5246983730771112,1930
2017-09-04,2017-09-05,2017-09-07,2017,2017-09,0.00437375699575733,1,0.4902844296421947,0.6289740472598542,0.5249568340466095,1935
2017-09-05,2017-09-06,2017-09-08,2017,2017-09,0.014727806710243386,1,0.4967298574762024,0.3805236745733849,0.467678311750498,1935
2017-09-06,2017-09-07,2017-09-11,2017,2017-09,-0.001045205216658319,0,0.4942478752878975,0.3140699798774831,0.4492034014352939,1935
2017-09-07,2017-09-08,2017-09-12,2017,2017-09,-0.010649967537070612,0,0.492967740065865,0.4879008902205024,0.4917010276045244,1935
2017-09-08,2017-09-11,2017-09-13,2017,2017-09,-0.013901794798744099,0,0.49445054752734674,0.4613897635937148,0.48618535154393877,1935
2017-09-11,2017-09-12,2017-09-14,2017,2017-09,-0.011834457647002796,0,0.4969077353242743,0.41852982731067945,0.47731325832087557,1940
2017-09-12,2017-09-13,2017-09-15,2017,2017-09,-0.0009429515078703472,0,0.5102271264934412,0.4524102450948824,0.4957729061438015,1940
2017-09-13,2017-09-14,2017-09-18,2017,2017-09,-0.013488954453833243,0,0.5125632580792144,0.35526669082927603,0.4732391162667298,1940
2017-09-14,2017-09-15,2017-09-19,2017,2017-09,-0.011058654567618465,0,0.5151016224797047,0.35395624188848673,0.4748152773319002,1940
2017-09-15,2017-09-18,2017-09-20,2017,2017-09,-0.007651842327449365,0,0.4866615667669812,0.1974871268122434,0.41436795677829674,1940
2017-09-18,2017-09-19,2017-09-21,2017,2017-09,-0.013056565302427848,0,0.514588005034254,0.3326744048336944,0.4691096049841141,1945
2017-09-19,2017-09-20,2017-09-22,2017,2017-09,-0.008789325230893355,0,0.5097269606812819,0.2965502360288606,0.45643277951817657,1945
2017-09-20,2017-09-21,2017-09-25,2017,2017-09,-0.014863896090708536,0,0.49181482322761716,0.2718900822545652,0.43683363798435415,1945
2017-09-21,2017-09-22,2017-09-26,2017,2017-09,0.007334198182359816,1,0.506229371320192,0.3417165565502459,0.4651011676277055,1945
2017-09-22,2017-09-25,2017-09-27,2017,2017-09,-0.004404442463838031,0,0.5036018926036415,0.30114822057769103,0.4529884745971539,1945
2017-09-25,2017-09-26,2017-09-28,2017,2017-09,-0.008682898183154542,0,0.5038257019780656,0.29141253387868593,0.4507224099532207,1950
2017-09-26,2017-09-27,2017-09-29,2017,2017-09,-0.015382842800395929,0,0.5131549806450716,0.3266641752565947,0.4665322792979524,1950
2017-09-27,2017-09-28,2017-10-02,2017,2017-09,-0.014194591785006315,0,0.5286160974248659,0.3854504607627384,0.49282468825933406,1950
2017-09-28,2017-09-29,2017-10-03,2017,2017-09,-0.010645893108521367,0,0.5491923183871528,0.44637357623783996,0.5234876328498246,1950
2017-09-29,2017-10-02,2017-10-04,2017,2017-10,-0.008897619675438,0,0.5462574893513042,0.4116122423458528,0.5125961775999415,1950
2017-10-02,2017-10-03,2017-10-05,2017,2017-10,0.004154424944410588,1,0.5567402253654359,0.42422022873977455,0.5236102262090205,1955
2017-10-03,2017-10-04,2017-10-06,2017,2017-10,-0.001969357444557409,0,0.5610095160238441,0.23833724453366772,0.48034144815130003,1955
2017-10-04,2017-10-05,2017-10-09,2017,2017-10,0.005160898189132644,1,0.5639469033154584,0.4028113701182799,0.5236630200161637,1955
2017-10-05,2017-10-06,2017-10-10,2017,2017-10,0.008722796740353514,1,0.5601495717747222,0.38526734865171924,0.5164290159939715,1955
2017-10-06,2017-10-09,2017-10-11,2017,2017-10,0.01719867283221005,1,0.5573951541858764,0.4361649221977256,0.5270875961888387,1955
2017-10-09,2017-10-10,2017-10-12,2017,2017-10,0.00954753817762206,1,0.5677807334634222,0.5251295678505662,0.5571179420602081,1960
2017-10-10,2017-10-11,2017-10-13,2017,2017-10,0.0033288205695433393,1,0.5705006617974263,0.6318254038583841,0.5858318473126658,1960
2017-10-11,2017-10-12,2017-10-16,2017,2017-10,0.011520731582001934,1,0.5520920601184263,0.6033513848595822,0.5649068913037152,1960
2017-10-12,2017-10-13,2017-10-17,2017,2017-10,-0.003676261323565365,0,0.5656208611800368,0.6208447505947787,0.5794268335337223,1960
2017-10-13,2017-10-16,2017-10-18,2017,2017-10,-0.01029315180137806,0,0.5567723973750601,0.7470521879291163,0.6043423450135742,1960
2017-10-16,2017-10-17,2017-10-19,2017,2017-10,-0.016805170363728115,0,0.547528667751639,0.5650161647857217,0.5519005420101597,1965
2017-10-17,2017-10-18,2017-10-20,2017,2017-10,-0.007354261827685905,0,0.5437329339651072,0.5463979332169301,0.544399183778063,1965
2017-10-18,2017-10-19,2017-10-23,2017,2017-10,-0.004225523717493246,0,0.5297013606387615,0.4204840402469524,0.5023970305408092,1965
2017-10-19,2017-10-20,2017-10-24,2017,2017-10,-0.003981736142438983,0,0.5181206095965598,0.3632392343056075,0.4794002657738217,1965
2017-10-20,2017-10-23,2017-10-25,2017,2017-10,-0.0056790517852531985,0,0.5147085227861261,0.3266569233275669,0.4676956229214863,1965
2017-10-23,2017-10-24,2017-10-26,2017,2017-10,0.0021541181344441446,1,0.5137336924205063,0.24452514231444505,0.44643155489399095,1970
2017-10-24,2017-10-25,2017-10-27,2017,2017-10,-0.008247955323910072,0,0.5227652451730358,0.38758982561387245,0.488971390283245,1970
2017-10-25,2017-10-26,2017-10-30,2017,2017-10,-0.00019640577496108264,0,0.5294467150575739,0.5146266796196289,0.5257417061980877,1970
2017-10-26,2017-10-27,2017-10-31,2017,2017-10,-0.0028208763416412296,0,0.513227549199327,0.4746652328059353,0.5035869701009791,1970
2017-10-27,2017-10-30,2017-11-01,2017,2017-10,0.008990853835135105,1,0.5139171203665012,0.526930819695259,0.5171705451986907,1970
2017-10-30,2017-10-31,2017-11-02,2017,2017-10,0.0028637016216431876,1,0.5057487577990111,0.5482918075931275,0.5163845202475401,1975
2017-10-31,2017-11-01,2017-11-03,2017,2017-11,0.0007059654370151794,1,0.49200931355969435,0.4965970905513041,0.49315625780759675,1975
2017-11-01,2017-11-02,2017-11-06,2017,2017-11,-0.005998018648553613,0,0.5025199170688383,0.5528457617684108,0.5151013782437315,1975
2017-11-02,2017-11-03,2017-11-07,2017,2017-11,-3.9173440412548586e-05,0,0.5107811338053655,0.59528673004629,0.5319075328655966,1975
2017-11-03,2017-11-06,2017-11-08,2017,2017-11,0.005434902236523662,1,0.5310493243290805,0.6170070417711628,0.5525387536896011,1975
2017-11-06,2017-11-07,2017-11-09,2017,2017-11,0.009704255213259011,1,0.5286417804732264,0.589168141625118,0.5437733707611994,1980
2017-11-07,2017-11-08,2017-11-10,2017,2017-11,0.0063261691766348304,1,0.5165334893323665,0.595431805460735,0.5362580683644587,1980
2017-11-08,2017-11-09,2017-11-13,2017,2017-11,-0.0030070512573675584,0,0.5006128639333723,0.5635577318424991,0.5163490809106541,1980
2017-11-09,2017-11-10,2017-11-14,2017,2017-11,-0.008054154654192684,0,0.4903884578016597,0.6332187406235779,0.5260960285071392,1980
2017-11-10,2017-11-13,2017-11-15,2017,2017-11,0.0009727059498923616,1,0.49748281705748426,0.5856447957399199,0.5195233117280932,1980
2017-11-13,2017-11-14,2017-11-16,2017,2017-11,-0.000547709414732816,0,0.5074814454824006,0.7068177719752183,0.5573155271056051,1985
2017-11-14,2017-11-15,2017-11-17,2017,2017-11,0.007937325400014445,1,0.50836233652445,0.6707445497698811,0.5489578898358077,1985
2017-11-15,2017-11-16,2017-11-20,2017,2017-11,0.005158949398968571,1,0.504193300586196,0.5620954377935522,0.5186688348880351,1985
2017-11-16,2017-11-17,2017-11-21,2017,2017-11,0.0017984913163852916,1,0.502382918098373,0.6309837871941759,0.5345331353723237,1985
2017-11-17,2017-11-20,2017-11-22,2017,2017-11,7.788768599628272e-05,1,0.49731307593508156,0.5776939278246396,0.5174082889074711,1985
2017-11-20,2017-11-21,2017-11-23,2017,2017-11,-0.001703775823573562,0,0.4936854078216008,0.644419333843824,0.5313688893271566,1990
2017-11-21,2017-11-22,2017-11-24,2017,2017-11,0.0071230085336559164,1,0.49705841656254995,0.7693614991111982,0.565134187199712,1990
2017-11-22,2017-11-23,2017-11-27,2017,2017-11,0.008337744382876924,1,0.4944573291623117,0.5353613924293366,0.504683344979068,1990
2017-11-23,2017-11-24,2017-11-28,2017,2017-11,0.002902422656308996,1,0.4814033193366389,0.6457036457908296,0.5224784009501866,1990
2017-11-24,2017-11-27,2017-11-29,2017,2017-11,0.004411771861663365,1,0.48802000956535607,0.6718212314312564,0.5339703150318311,1990
2017-11-27,2017-11-28,2017-11-30,2017,2017-11,-0.009740651748312668,0,0.4779190385533246,0.5314983829340219,0.49131387464849896,1995
2017-11-28,2017-11-29,2017-12-01,2017,2017-11,-0.012951584110999856,0,0.49226435711233374,0.6445601006586853,0.5303382929989217,1995
2017-11-29,2017-11-30,2017-12-04,2017,2017-11,-0.012238152703634597,0,0.48779740242184316,0.6668623365563171,0.5325636359554616,1995
2017-11-30,2017-12-01,2017-12-05,2017,2017-12,-0.004886544388591309,0,0.48504684259139075,0.5385299371304613,0.4984176162261584,1995
2017-12-01,2017-12-04,2017-12-06,2017,2017-12,-0.006834813314566432,0,0.47419071077365904,0.5104853806154445,0.4832643782341054,1995
2017-12-04,2017-12-05,2017-12-07,2017,2017-12,-0.017587897663936054,0,0.45911648468556066,0.43270660754793516,0.45251401540115427,2000
2017-12-05,2017-12-06,2017-12-08,2017,2017-12,-0.023833784059927768,0,0.4444809648524798,0.4153596601996142,0.4372006386892634,2000
2017-12-06,2017-12-07,2017-12-11,2017,2017-12,-0.013611591332077684,0,0.45676467248741087,0.43050562508112666,0.45019991063583986,2000
2017-12-07,2017-12-08,2017-12-12,2017,2017-12,-0.010719245106174134,0,0.4752833173074757,0.5508775385146363,0.4941818726092658,2000
2017-12-08,2017-12-11,2017-12-13,2017,2017-12,-0.0034171574388156415,0,0.48544336655663506,0.5607308422641677,0.5042652354835182,2000
2017-12-11,2017-12-12,2017-12-14,2017,2017-12,0.0033506214035351352,1,0.4964444610300484,0.4336994680027011,0.48075821277321157,2005
2017-12-12,2017-12-13,2017-12-15,2017,2017-12,0.011077233216837006,1,0.5051206482694469,0.5421079625366102,0.5143674768362377,2005
2017-12-13,2017-12-14,2017-12-18,2017,2017-12,0.01363884755523405,1,0.5129772098184482,0.5915208283228228,0.5326131144445418,2005
2017-12-14,2017-12-15,2017-12-19,2017,2017-12,0.00595547081213112,1,0.5128992248475467,0.6529878104520023,0.5479213712486606,2005
2017-12-15,2017-12-18,2017-12-20,2017,2017-12,0.006896032401346214,1,0.5145946075403809,0.7463589159735398,0.5725356846486707,2005
2017-12-18,2017-12-19,2017-12-21,2017,2017-12,0.005704115287896985,1,0.5310431223695419,0.8143024831583923,0.6018579625667544,2010
2017-12-19,2017-12-20,2017-12-22,2017,2017-12,0.003911270616469934,1,0.5362058499259494,0.82052874264973,0.6072865731068946,2010
2017-12-20,2017-12-21,2017-12-27,2017,2017-12,0.015247125483765651,1,0.5442816413920532,0.8545401194956389,0.6218462609179496,2010
2017-12-21,2017-12-22,2017-12-28,2017,2017-12,0.020137926612034982,1,0.5370443943292001,0.628062816076161,0.5597989997659403,2010
2017-12-22,2017-12-27,2017-12-29,2017,2017-12,0.022188038582319613,1,0.5295763368414269,0.5815460758646389,0.5425687715972299,2010
2017-12-27,2017-12-28,2018-01-02,2017,2017-12,0.02109230683869532,1,0.5107250529530623,0.5795131872299285,0.5279220865222788,2015
2017-12-28,2017-12-29,2018-01-03,2017,2017-12,0.01765067694535564,1,0.5101745929084506,0.6169702571075335,0.5368735089582213,2015
2017-12-29,2018-01-02,2018-01-04,2018,2018-01,0.01317925749674325,1,0.5142159244680281,0.5766169822339475,0.529816188909508,2015
2018-01-02,2018-01-03,2018-01-05,2018,2018-01,0.003877299873962523,1,0.5257158787286997,0.6102926814877097,0.5468600794184522,2015
2018-01-03,2018-01-04,2018-01-08,2018,2018-01,0.003189795368100081,1,0.5310740603321563,0.6214928669339632,0.553678761982608,2015
2018-01-04,2018-01-05,2018-01-09,2018,2018-01,0.0009510585998288,1,0.5304094936913544,0.46859093033587496,0.5149548528524845,2020
2018-01-05,2018-01-08,2018-01-10,2018,2018-01,0.0028413953310048408,1,0.5167427545747925,0.37445024920035425,0.4811696282311829,2020
2018-01-08,2018-01-09,2018-01-11,2018,2018-01,0.0007958615621033534,1,0.5050762279358318,0.3800424836132142,0.4738177918551774,2020
2018-01-09,2018-01-10,2018-01-12,2018,2018-01,0.013558377534681393,1,0.4952419376267546,0.2375511900931225,0.4308192507433466,2020
2018-01-10,2018-01-11,2018-01-15,2018,2018-01,0.016024961542389124,1,0.4704544116531831,0.16359219765803962,0.39373885815439724,2020
2018-01-11,2018-01-12,2018-01-16,2018,2018-01,0.011375744189761883,1,0.46712830640125347,0.24611472228018108,0.4118749103709854,2025
2018-01-12,2018-01-15,2018-01-17,2018,2018-01,0.0033330243382496895,1,0.4491962322655298,0.2930996498980195,0.41017208667365224,2025
2018-01-15,2018-01-16,2018-01-18,2018,2018-01,-0.00991496290081056,0,0.44512424949871626,0.34184070808614747,0.41930336414557406,2025
2018-01-16,2018-01-17,2018-01-19,2018,2018-01,0.0006365253420942828,1,0.45401957535856047,0.5153309719225911,0.4693474244995681,2025
2018-01-17,2018-01-18,2018-01-22,2018,2018-01,-0.0023956590158699044,0,0.4523600738479134,0.5583341508120588,0.4788535930889497,2025
2018-01-18,2018-01-19,2018-01-23,2018,2018-01,0.005512134998192777,1,0.46278971234970145,0.6576076907906689,0.5114942069599433,2030
2018-01-19,2018-01-22,2018-01-24,2018,2018-01,0.010944530941134737,1,0.45401894120786046,0.5043543159033244,0.4666027848817264,2030
2018-01-22,2018-01-23,2018-01-25,2018,2018-01,0.019374121433682497,1,0.4585841613707977,0.4475818824198506,0.4558335916330609,2030
2018-01-23,2018-01-24,2018-01-26,2018,2018-01,0.012818544800978042,1,0.4597364004523551,0.40582730873653855,0.4462591275234009,2030
2018-01-24,2018-01-25,2018-01-29,2018,2018-01,-0.0015561898727645127,0,0.4387653331687662,0.3936656139765479,0.42749040337071165,2030
2018-01-25,2018-01-26,2018-01-30,2018,2018-01,-0.010754182618539,0,0.4514765695187102,0.5906577074103058,0.4862718539916091,2035
2018-01-26,2018-01-29,2018-01-31,2018,2018-01,-0.008155140278053578,0,0.4724852724512127,0.7075371492963979,0.531248241662509,2035
2018-01-29,2018-01-30,2018-02-01,2018,2018-01,-0.00542853164301137,0,0.4645722235231675,0.7024881965067618,0.5240512167690661,2035
2018-01-30,2018-01-31,2018-02-02,2018,2018-01,-0.0005203107115562801,0,0.4967903741176334,0.7211316490166063,0.5528756928423766,2035
2018-01-31,2018-02-01,2018-02-05,2018,2018-02,-0.0046634045229244515,0,0.48108473137328095,0.6441011221270002,0.5218388290617108,2035
2018-02-01,2018-02-02,2018-02-06,2018,2018-02,0.0026435834068257295,1,0.45737607295756105,0.3337111124278102,0.42645983282512334,2040
2018-02-02,2018-02-05,2018-02-07,2018,2018-02,-0.012343526836071247,0,0.4582144491886291,0.3798340445453049,0.438619348027798,2040
2018-02-05,2018-02-06,2018-02-08,2018,2018-02,-0.019674746758862247,0,0.46661870940759864,0.3448529130150167,0.43617726030945314,2040
2018-02-06,2018-02-07,2018-02-09,2018,2018-02,-0.02149893003923565,0,0.4600529111105007,0.32895199614573,0.42727768236930797,2040
2018-02-07,2018-02-08,2018-02-12,2018,2018-02,-0.005131699436107154,0,0.4606810543406241,0.3418775592144012,0.4309801805590684,2040
2018-02-08,2018-02-09,2018-02-13,2018,2018-02,0.013899369745723957,1,0.47424161491984757,0.3426118402806686,0.4413341712600528,2045
2018-02-09,2018-02-12,2018-02-14,2018,2018-02,0.011107866968382379,1,0.4685211105914074,0.2683055725145094,0.4184672260721829,2045
2018-02-12,2018-02-13,2018-02-15,2018,2018-02,0.02392279742797942,1,0.487716756094469,0.3928777676396341,0.4640070089807603,2045
2018-02-13,2018-02-14,2018-02-16,2018,2018-02,0.02172704514972004,1,0.49472908749545097,0.5147344360541144,0.49973042463511685,2045
2018-02-14,2018-02-15,2018-02-19,2018,2018-02,0.012434116473692771,1,0.4968572791605301,0.5469618900302949,0.5093834318779713,2045
2018-02-15,2018-02-16,2018-02-20,2018,2018-02,-0.012114153571862274,0,0.5086313228127999,0.731329261410968,0.5643058074623419,2050
2018-02-16,2018-02-19,2018-02-21,2018,2018-02,-0.022329001526060717,0,0.5205540851288112,0.7568772446761987,0.579634875015658,2050
2018-02-19,2018-02-20,2018-02-22,2018,2018-02,-0.017897066859403597,0,0.5440021455127522,0.7455662340011926,0.5943931676348623,2050
2018-02-20,2018-02-21,2018-02-23,2018,2018-02,-0.0063758982824161335,0,0.5473471513159579,0.6380368187619512,0.5700195681774562,2050
2018-02-21,2018-02-22,2018-02-26,2018,2018-02,0.007834651062340083,1,0.5286555464912406,0.5602270594582126,0.5365484247329836,2050
2018-02-22,2018-02-23,2018-02-27,2018,2018-02,0.0069647340357145435,1,0.5152975037398393,0.3475528469166843,0.4733613395340506,2055
2018-02-23,2018-02-26,2018-02-28,2018,2018-02,-0.006492548852306795,0,0.5193705746347903,0.43961153663314295,0.4994308151343785,2055
2018-02-26,2018-02-27,2018-03-01,2018,2018-02,-0.02097952658297379,0,0.5142989360432233,0.5059547075698329,0.5122128789248757,2055
2018-02-27,2018-02-28,2018-03-02,2018,2018-02,-0.01207789733937166,0,0.5187251765512711,0.5595602817167344,0.5289339528426369,2055
2018-02-28,2018-03-01,2018-03-05,2018,2018-03,0.004534127015151787,1,0.5235883877212538,0.5562668760126039,0.5317580097940913,2055
2018-03-01,2018-03-02,2018-03-06,2018,2018-03,0.010393842148743972,1,0.5315628263434579,0.539606844961536,0.5335738309979774,2060
2018-03-02,2018-03-05,2018-03-07,2018,2018-03,0.011890297676500907,1,0.5123213702314332,0.4893183805507124,0.506570622811253,2060
2018-03-05,2018-03-06,2018-03-08,2018,2018-03,-0.000678809846180588,0,0.5008143006576389,0.44292969895041456,0.4863431502308328,2060
2018-03-06,2018-03-07,2018-03-09,2018,2018-03,-0.00423553180189193,0,0.5044541164770563,0.45977804577461256,0.49328509880144533,2060
2018-03-07,2018-03-08,2018-03-12,2018,2018-03,-0.011510646950604412,0,0.5141806687200724,0.528472951878563,0.517753739509695,2060
2018-03-08,2018-03-09,2018-03-13,2018,2018-03,-0.005067897840473159,0,0.5114451021755685,0.4757520591749861,0.5025218414254229,2065
2018-03-09,2018-03-12,2018-03-14,2018,2018-03,0.004235531801891943,1,0.5173078682473442,0.4776229095861505,0.5073866285820458,2065
2018-03-12,2018-03-13,2018-03-15,2018,2018-03,0.004620170302859829,1,0.5270207742085156,0.535434465855947,0.5291241971203734,2065
2018-03-13,2018-03-14,2018-03-16,2018,2018-03,0.001023211837258648,1,0.5219316322423754,0.5532312516910419,0.5297565371045421,2065
2018-03-14,2018-03-15,2018-03-19,2018,2018-03,-0.010050717038150933,0,0.5271734394204752,0.5537016921719926,0.5338055026083546,2065
2018-03-15,2018-03-16,2018-03-20,2018,2018-03,-0.008042226874286412,0,0.54139963323041,0.645844612365839,0.5675108780142673,2070
2018-03-16,2018-03-19,2018-03-21,2018,2018-03,-0.0028068596792534956,0,0.5458953816545872,0.6364069407350106,0.568523271424693,2070
2018-03-19,2018-03-20,2018-03-22,2018,2018-03,0.012989900705050936,1,0.5454874160118874,0.5994500050851982,0.5589780632802152,2070
2018-03-20,2018-03-21,2018-03-23,2018,2018-03,0.02229763577900818,1,0.5277726736881819,0.5162072439153428,0.5248813162449721,2070
2018-03-21,2018-03-22,2018-03-26,2018,2018-03,0.024055949388247202,1,0.5126092450319977,0.4433777881981374,0.4953013808235326,2070
2018-03-22,2018-03-23,2018-03-27,2018,2018-03,0.016272051512790046,1,0.5149660417196675,0.4508309749002078,0.4989322750148026,2075
2018-03-23,2018-03-26,2018-03-28,2018,2018-03,-0.0009689201026339616,0,0.5005467609607529,0.33331838699409166,0.45873966746908756,2075
2018-03-26,2018-03-27,2018-03-29,2018,2018-03,-0.018336778416294483,0,0.5098502363118931,0.42317873784929283,0.488182361696243,2075
2018-03-27,2018-03-28,2018-04-03,2018,2018-03,-0.010456881961971465,0,0.5132856716075304,0.46152361354617294,0.5003451570921911,2075
2018-03-28,2018-03-29,2018-04-04,2018,2018-03,0.0015647123377221979,1,0.5270181884171606,0.5360799284753043,0.5292836234316965,2075
2018-03-29,2018-04-03,2018-04-05,2018,2018-04,0.0023765076538932975,1,0.5099733243762751,0.4052889351881869,0.483802227079253,2080
2018-04-03,2018-04-04,2018-04-06,2018,2018-04,-0.008263888964616616,0,0.5171170597401044,0.436133393001947,0.496871143055565,2080
2018-04-04,2018-04-05,2018-04-09,2018,2018-04,-0.010967115332196884,0,0.49958447441874937,0.2642209236641842,0.44074358673010805,2080
2018-04-05,2018-04-06,2018-04-10,2018,2018-04,0.0066842156490475434,1,0.4940340519221461,0.18586558449235988,0.4169919350646995,2080
2018-04-06,2018-04-09,2018-04-11,2018,2018-04,0.014677513753761588,1,0.5106537256613166,0.35456751652721796,0.47163217337779195,2080
2018-04-09,2018-04-10,2018-04-12,2018,2018-04,0.013012448039801816,1,0.5151171873277468,0.48103882816591975,0.5065975975372901,2085
2018-04-10,2018-04-11,2018-04-13,2018,2018-04,0.003586509616482534,1,0.5123048133348841,0.4501030567507496,0.49675437418885043,2085
2018-04-11,2018-04-12,2018-04-16,2018,2018-04,-0.0005948840151639282,0,0.5349052882544203,0.4726672626181517,0.5193457818453532,2085
2018-04-12,2018-04-13,2018-04-17,2018,2018-04,-0.0021942474913953214,0,0.5490678220829246,0.5700414879685378,0.5543112385543278,2085
2018-04-13,2018-04-16,2018-04-18,2018,2018-04,0.004316607007772475,1,0.5538115459324269,0.588468439560146,0.5624757693393567,2085
2018-04-16,2018-04-17,2018-04-19,2018,2018-04,0.0026000088932734227,1,0.5420450262275053,0.4684251252158141,0.5236400509745824,2090
2018-04-17,2018-04-18,2018-04-20,2018,2018-04,-0.0020871387696578653,0,0.5259658490098222,0.46025510151498755,0.5095381621361136,2090
2018-04-18,2018-04-19,2018-04-23,2018,2018-04,-0.013871714834427956,0,0.5483335828136244,0.6454656451596149,0.572616598400122,2090
2018-04-19,2018-04-20,2018-04-24,2018,2018-04,-0.015363352362755198,0,0.5612380733199599,0.6951015626262464,0.5947039456465315,2090
2018-04-20,2018-04-23,2018-04-25,2018,2018-04,-0.010840926173812838,0,0.5766040794495153,0.6556496556508337,0.5963654734998449,2090
2018-04-23,2018-04-24,2018-04-26,2018,2018-04,-0.004603955451025088,0,0.5810593747702306,0.696218876653915,0.6098492502411517,2095
2018-04-24,2018-04-25,2018-04-27,2018,2018-04,-0.007296680830262264,0,0.5692986410526306,0.5850330915408447,0.5732322536746841,2095
2018-04-25,2018-04-26,2018-04-30,2018,2018-04,-0.00715383735661877,0,0.5203228443689647,0.46633195659369775,0.506825122425148,2095
2018-04-26,2018-04-27,2018-05-01,2018,2018-04,-0.00965383195832859,0,0.49257781256945676,0.30913445814164237,0.44671697396250315,2095
2018-04-27,2018-04-30,2018-05-02,2018,2018-04,-0.005288300098564426,0,0.5167781543522225,0.39559112129411506,0.48648139608769564,2095
2018-04-30,2018-05-01,2018-05-03,2018,2018-05,-0.0022437308570710532,0,0.5099162596522782,0.4458797152898513,0.49390712356167144,2100
2018-05-01,2018-05-02,2018-05-04,2018,2018-05,0.00011456722244284864,1,0.5256975044617487,0.5074916021347304,0.5211460288799941,2100
2018-05-02,2018-05-03,2018-05-08,2018,2018-05,-0.0005341880468908926,0,0.516529944417443,0.5754956166175845,0.5312713624674784,2100
2018-05-03,2018-05-04,2018-05-09,2018,2018-05,-0.004923392194250188,0,0.5273275006085744,0.7050627715893732,0.5717613183537741,2100
2018-05-04,2018-05-08,2018-05-10,2018,2018-05,0.004153731940595921,1,0.5212138808905895,0.6737585051106216,0.5593500369455975,2100
2018-05-08,2018-05-09,2018-05-11,2018,2018-05,0.011196200225244046,1,0.5303627538833547,0.694860953316614,0.5714873037416696,2105
2018-05-09,2018-05-10,2018-05-14,2018,2018-05,0.010542237652894733,1,0.5495424225200305,0.7828497081873159,0.6078692439368518,2105
2018-05-10,2018-05-11,2018-05-15,2018,2018-05,-0.0036192583843130685,0,0.5511907618463479,0.7348275974174212,0.5970999707391162,2105
2018-05-11,2018-05-14,2018-05-16,2018,2018-05,-0.025263616463701205,0,0.5425604553071341,0.7168052026793742,0.5861216421501941,2105
2018-05-14,2018-05-15,2018-05-17,2018,2018-05,-0.024411551160511708,0,0.5426974943322215,0.77016586516401,0.5995645870401687,2105
2018-05-15,2018-05-16,2018-05-18,2018,2018-05,-0.01759598772757774,0,0.5323622489777505,0.6550820153265651,0.5630421905649542,2110
2018-05-16,2018-05-17,2018-05-21,2018,2018-05,-0.00457790991929103,0,0.5382270980922118,0.7848161776081106,0.5998743679711865,2110
2018-05-17,2018-05-18,2018-05-22,2018,2018-05,0.003910565432660225,1,0.5302588881471233,0.6655913113917519,0.5640919939582805,2110
2018-05-18,2018-05-21,2018-05-23,2018,2018-05,0.005268879382672479,1,0.5303419482238898,0.5490414733100843,0.5350168294954385,2110
2018-05-21,2018-05-22,2018-05-24,2018,2018-05,0.008132644932507599,1,0.5273050229230476,0.48912221412530016,0.5177593207236107,2110
2018-05-22,2018-05-23,2018-05-25,2018,2018-05,0.007737205871275955,1,0.5465919943243476,0.6333825590798644,0.5682896355132268,2115
2018-05-23,2018-05-24,2018-05-29,2018,2018-05,0.006201749428070497,1,0.5457362641442606,0.6691882900264786,0.5765992706148151,2115
2018-05-24,2018-05-25,2018-05-30,2018,2018-05,0.0017341378938756863,1,0.5411090767404834,0.593538859373467,0.5542165223987292,2115
2018-05-25,2018-05-29,2018-05-31,2018,2018-05,-0.00034516481962660066,0,0.5440246257273008,0.5952763979179725,0.5568375687749687,2115
2018-05-29,2018-05-30,2018-06-01,2018,2018-05,-0.0022297410437528,0,0.5394353443077227,0.6185854455257722,0.559222869612235,2115
2018-05-30,2018-05-31,2018-06-04,2018,2018-05,-0.0030463727406099743,0,0.49993464805095056,0.5922528663760449,0.5230142026322242,2120
2018-05-31,2018-06-01,2018-06-05,2018,2018-06,-0.008668069297407762,0,0.5001420937232921,0.6133936522575205,0.5284549833568493,2120
2018-06-01,2018-06-04,2018-06-06,2018,2018-06,-0.0030064777502659293,0,0.5023054680687769,0.6014468797557064,0.5270908209905092,2120
2018-06-04,2018-06-05,2018-06-07,2018,2018-06,0.0028153280324313083,1,0.49016756005718515,0.5312377054913822,0.5004350964157345,2120
2018-06-05,2018-06-06,2018-06-08,2018,2018-06,0.005363805331264942,1,0.5136093202707258,0.6141945529981045,0.5387556284525705,2120
2018-06-06,2018-06-07,2018-06-11,2018,2018-06,0.0006174507200372436,1,0.5179477149597337,0.6275731688813151,0.5453540784401291,2125
2018-06-07,2018-06-08,2018-06-12,2018,2018-06,0.0,0,0.5206569087492111,0.5659444503774208,0.5319787941562635,2125
2018-06-08,2018-06-11,2018-06-13,2018,2018-06,-0.0037014231031862292,0,0.5281224588575506,0.5408729764730166,0.5313100882614171,2125
2018-06-11,2018-06-12,2018-06-14,2018,2018-06,0.007111721979809041,1,0.5432462268344999,0.6777150447281575,0.5768634313079142,2125
2018-06-12,2018-06-13,2018-06-15,2018,2018-06,0.0013854682019152872,1,0.5578874536203676,0.6809449716991621,0.5886518331400663,2125
2018-06-13,2018-06-14,2018-06-18,2018,2018-06,-0.01021110341750899,0,0.5492693428292673,0.6273807503333173,0.5687971947052798,2130
2018-06-14,2018-06-15,2018-06-19,2018,2018-06,-0.020354376815901395,0,0.5253779586951769,0.5684055890983478,0.5361348662959696,2130
2018-06-15,2018-06-18,2018-06-20,2018,2018-06,-0.020868497803408895,0,0.5456299625147084,0.6395293425450375,0.5691048075222906,2130
2018-06-18,2018-06-19,2018-06-21,2018,2018-06,-0.013792238122083194,0,0.529209078790245,0.5649718043909892,0.538149760190431,2130
2018-06-19,2018-06-20,2018-06-22,2018,2018-06,-0.007297870503096968,0,0.49486913184814474,0.4714438505797151,0.4890128115310373,2130
2018-06-20,2018-06-21,2018-06-25,2018,2018-06,-0.0027132790283645124,0,0.4784036329628101,0.40707630817923085,0.46057180176691526,2135
2018-06-21,2018-06-22,2018-06-26,2018,2018-06,-0.005196671551610136,0,0.48798450755286565,0.39095250302674567,0.4637265064213356,2135
2018-06-22,2018-06-25,2018-06-27,2018,2018-06,-0.01021184413433434,0,0.476770900204009,0.25547944517913,0.4214480364477892,2135
2018-06-25,2018-06-26,2018-06-28,2018,2018-06,-0.015315936418675744,0,0.5271876229749445,0.48532692227489255,0.5167224477999315,2135
2018-06-26,2018-06-27,2018-06-29,2018,2018-06,-0.005263799688292867,0,0.5490681052145842,0.5092872155488192,0.5391228827981429,2135
2018-06-27,2018-06-28,2018-07-02,2018,2018-06,-0.006225576815833744,0,0.5609955268672459,0.48878129020742717,0.5429419677022912,2140
2018-06-28,2018-06-29,2018-07-03,2018,2018-06,-0.0037254434499039506,0,0.5533747487097719,0.46411962442867327,0.5310609676394973,2140
2018-06-29,2018-07-02,2018-07-04,2018,2018-07,0.0050649174060598675,1,0.5354996028055438,0.35211629446018927,0.4896537757192051,2140
2018-07-02,2018-07-03,2018-07-05,2018,2018-07,0.0027983228334422412,1,0.5178140657397763,0.33563145776188036,0.4722684137453023,2140
2018-07-03,2018-07-04,2018-07-06,2018,2018-07,0.006679891241150544,1,0.5095626978012855,0.3125995975624227,0.4603219227415698,2140
2018-07-04,2018-07-05,2018-07-09,2018,2018-07,0.004524715002733374,1,0.5073813906142178,0.3491866107519458,0.4678326956486498,2145
2018-07-05,2018-07-06,2018-07-10,2018,2018-07,0.0009576251629595164,1,0.5173615511551114,0.4642491134366825,0.5040834417255041,2145
2018-07-06,2018-07-09,2018-07-11,2018,2018-07,-0.0033543678125737154,0,0.5256178267758832,0.48560109311129845,0.515613643359737,2145
2018-07-09,2018-07-10,2018-07-12,2018,2018-07,-0.014158046220958528,0,0.5394447678612123,0.6136510298416936,0.5579963333563326,2145
2018-07-10,2018-07-11,2018-07-13,2018,2018-07,-0.010584654990123695,0,0.5548692934522771,0.5777782211274515,0.5605965253710706,2145
2018-07-11,2018-07-12,2018-07-16,2018,2018-07,-0.004088345908606518,0,0.5430416419396384,0.6288154646194875,0.5644850976096007,2150
2018-07-12,2018-07-13,2018-07-17,2018,2018-07,-0.0009644364822291589,0,0.5339946356118692,0.7077000730146378,0.5774209949625614,2150
2018-07-13,2018-07-16,2018-07-18,2018,2018-07,-0.013839787451161996,0,0.5439740440069359,0.7334539961733252,0.5913440320485333,2150
2018-07-16,2018-07-17,2018-07-19,2018,2018-07,-0.022337768327916188,0,0.508331949884134,0.6704920156439611,0.5488719663240907,2150
2018-07-17,2018-07-18,2018-07-20,2018,2018-07,-0.015232216728590384,0,0.5215310473254683,0.6039721546235157,0.5421413241499802,2150
2018-07-18,2018-07-19,2018-07-23,2018,2018-07,0.004892178210851615,1,0.5207575629750392,0.480540428690276,0.5107032794038484,2155
2018-07-19,2018-07-20,2018-07-24,2018,2018-07,0.005651815020045477,1,0.5160245257672865,0.5500287839422419,0.5245255903110254,2155
2018-07-20,2018-07-23,2018-07-25,2018,2018-07,0.004642836392492444,1,0.5072924947222837,0.5304628908951622,0.5130850937655033,2155
2018-07-23,2018-07-24,2018-07-26,2018,2018-07,-0.0008951095072385264,0,0.5142853408491417,0.5288415166510456,0.5179243847996177,2155
2018-07-24,2018-07-25,2018-07-27,2018,2018-07,-0.004215357487128927,0,0.5351605290610026,0.5327798146292372,0.5345653504530613,2155
2018-07-25,2018-07-26,2018-07-30,2018,2018-07,-0.0069314474694791624,0,0.545491354993576,0.5717282067123137,0.5520505679232605,2160
2018-07-26,2018-07-27,2018-07-31,2018,2018-07,-0.007476899451924983,0,0.5555920513843043,0.6713910240606529,0.5845417945533915,2160
2018-07-27,2018-07-30,2018-08-01,2018,2018-07,0.0029485258267257946,1,0.5335638837276149,0.5629909587682362,0.5409206524877702,2160
2018-07-30,2018-07-31,2018-08-02,2018,2018-07,-0.003648068317339096,0,0.524151532327742,0.612157229505266,0.546152956622123,2160
2018-07-31,2018-08-01,2018-08-03,2018,2018-08,-0.009477181651052222,0,0.5151573032377407,0.6393943406771349,0.5462165625975892,2160
2018-08-01,2018-08-02,2018-08-06,2018,2018-08,-0.0088305327902068,0,0.4887376670873784,0.5826205509282569,0.512208388047598,2165
2018-08-02,2018-08-03,2018-08-07,2018,2018-08,-0.0018084674061663428,0,0.4976555868367841,0.5658786965199598,0.514711364257578,2165
2018-08-03,2018-08-06,2018-08-08,2018,2018-08,0.003842900537223466,1,0.5375700450471643,0.6873607602037518,0.5750177238363112,2165
2018-08-06,2018-08-07,2018-08-09,2018,2018-08,0.0028836271269182556,1,0.5212376639649386,0.6227642676712838,0.5466193148915249,2165
2018-08-07,2018-08-08,2018-08-10,2018,2018-08,-0.0030901736545322187,0,0.5227710751762927,0.5934283862296488,0.5404354029396317,2165
2018-08-08,2018-08-09,2018-08-13,2018,2018-08,-0.006579107210974088,0,0.5109181689248534,0.48378573503295147,0.504135060451878,2170
2018-08-09,2018-08-10,2018-08-14,2018,2018-08,-0.016758314872242778,0,0.5152665819082425,0.5062582403163643,0.513014496510273,2170
2018-08-10,2018-08-13,2018-08-15,2018,2018-08,-0.020806721375629358,0,0.5082822661372918,0.6257587433790659,0.5376513854477354,2170
2018-08-13,2018-08-14,2018-08-16,2018,2018-08,-0.02076373331485643,0,0.49985135312939616,0.5599615746660214,0.5148789085135524,2170
2018-08-14,2018-08-15,2018-08-17,2018,2018-08,-0.015683289414051966,0,0.48920044804437024,0.5349719645395016,0.5006433271681531,2170
2018-08-15,2018-08-16,2018-08-20,2018,2018-08,0.0017259891885066266,1,0.4895696783219626,0.5699109980864782,0.5096550082630915,2175
2018-08-16,2018-08-17,2018-08-21,2018,2018-08,0.012174979246616584,1,0.46181246922590136,0.5170741690648162,0.47562789418563006,2175
2018-08-17,2018-08-20,2018-08-22,2018,2018-08,0.016979194952516295,1,0.4580807701245288,0.5237768257064271,0.4745047840200034,2175
2018-08-20,2018-08-21,2018-08-23,2018,2018-08,-0.0012205131878535286,0,0.4777620178132441,0.47688810193729364,0.47754353884425654,2175
2018-08-21,2018-08-22,2018-08-24,2018,2018-08,-0.003481474123217174,0,0.4866082451990867,0.4369130494919026,0.47418444627229067,2175
2018-08-22,2018-08-23,2018-08-28,2018,2018-08,0.013197402702926296,1,0.49560345818945317,0.4089558769983964,0.473941562891689,2180
2018-08-23,2018-08-24,2018-08-29,2018,2018-08,0.014216663594687616,1,0.5267870685972398,0.5787939336650291,0.5397887848641871,2180
2018-08-24,2018-08-28,2018-08-30,2018,2018-08,0.01036668565835796,1,0.5143617140449478,0.6336093729774891,0.5441736287780832,2180
2018-08-28,2018-08-29,2018-08-31,2018,2018-08,-0.004876848812717363,0,0.49304333443043147,0.5699426177384339,0.5122681552574321,2180
2018-08-29,2018-08-30,2018-09-03,2018,2018-08,-0.002161264349180074,0,0.4799731580720907,0.4354724676519534,0.46884798546705636,2180
2018-08-30,2018-08-31,2018-09-04,2018,2018-08,-0.005504371514073347,0,0.48872006940865176,0.5015733467503475,0.49193338874407566,2185
2018-08-31,2018-09-03,2018-09-05,2018,2018-09,-0.010118551489430387,0,0.5071016736329902,0.6245471742945915,0.5364630487983905,2185
2018-09-03,2018-09-04,2018-09-06,2018,2018-09,0.00216126434918016,1,0.4866585145497085,0.5785941009811848,0.5096424111575776,2185
2018-09-04,2018-09-05,2018-09-07,2018,2018-09,0.004172757984527396,1,0.4683163753223916,0.528652793293552,0.48340047981518175,2185
2018-09-05,2018-09-06,2018-09-10,2018,2018-09,0.0009203096236257761,1,0.48224696868846073,0.5741557673202101,0.505224168346398,2185
2018-09-06,2018-09-07,2018-09-11,2018,2018-09,-0.008589470313886774,0,0.4732903714726689,0.5819233477038733,0.50044861553047,2190
2018-09-07,2018-09-10,2018-09-12,2018,2018-09,-0.00245982071457174,0,0.46652240336608525,0.5408008988852401,0.48509202724587397,2190
2018-09-10,2018-09-11,2018-09-13,2018,2018-09,0.009032507454818347,1,0.4806939051389735,0.5436125817075961,0.4964235742811291,2190
2018-09-11,2018-09-12,2018-09-14,2018,2018-09,0.010165907064338946,1,0.5263328433645014,0.694393391936828,0.5683479805075831,2190
2018-09-12,2018-09-13,2018-09-17,2018,2018-09,-0.0008352126101491928,0,0.5148318374300396,0.6216824906253876,0.5415445007288766,2190
2018-09-13,2018-09-14,2018-09-18,2018,2018-09,-0.006026493167212849,0,0.4891683803058145,0.5906141906211535,0.5145298328846493,2195
2018-09-14,2018-09-17,2018-09-19,2018,2018-09,-0.0026564850422075683,0,0.4817609085336068,0.5582341157367953,0.500879210334404,2195
2018-09-17,2018-09-18,2018-09-20,2018,2018-09,0.005167108754466032,1,0.4889730138358391,0.5035180667882662,0.49260927707394586,2195
2018-09-18,2018-09-19,2018-09-21,2018,2018-09,0.006813487098274279,1,0.49245314853951094,0.665499719976942,0.5357147913988687,2195
2018-09-19,2018-09-20,2018-09-24,2018,2018-09,-0.0035390897770309123,0,0.5000801889088516,0.6514505413810676,0.5379227770269056,2195
2018-09-20,2018-09-21,2018-09-25,2018,2018-09,-0.002955318598747696,0,0.49081529049870687,0.4835032434529348,0.4889872787372639,2200
2018-09-21,2018-09-24,2018-09-26,2018,2018-09,-0.007313862390175526,0,0.4851892490619259,0.49224409762589233,0.48695296120291753,2200
2018-09-24,2018-09-25,2018-09-27,2018,2018-09,-0.00229669168707095,0,0.49760394316155254,0.4809641489355923,0.49344399460506244,2200
2018-09-25,2018-09-26,2018-09-28,2018,2018-09,-0.013386968421892562,0,0.49134055946806765,0.600906507868397,0.51873204656815,2200
2018-09-26,2018-09-27,2018-10-01,2018,2018-09,-0.0113251493570534,0,0.5063491605832852,0.6912889894132332,0.5525841177907722,2200
2018-09-27,2018-09-28,2018-10-02,2018,2018-09,-0.002804933494974795,0,0.5015191902612438,0.5671593698457245,0.517929235157364,2205
2018-09-28,2018-10-01,2018-10-03,2018,2018-10,0.016757828269087918,1,0.497818226666339,0.6076278053043191,0.525270621325834,2205
2018-10-01,2018-10-02,2018-10-04,2018,2018-10,0.011867211290476467,1,0.5087305372453658,0.63016354169003,0.5390887883565318,2205
2018-10-02,2018-10-03,2018-10-05,2018,2018-10,0.007060081544842317,1,0.5041754889959555,0.5301402070328805,0.5106666685051868,2205
2018-10-03,2018-10-04,2018-10-08,2018,2018-10,-0.00725517088117191,0,0.4721274957345736,0.28848442552081216,0.4262167281811332,2205
2018-10-04,2018-10-05,2018-10-09,2018,2018-10,-0.010097075539356057,0,0.47938083674474136,0.34317512196627825,0.44532940805012555,2210
2018-10-05,2018-10-08,2018-10-10,2018,2018-10,-0.012314291736722166,0,0.49609026538990086,0.41660584123058436,0.47621915935007175,2210
2018-10-08,2018-10-09,2018-10-11,2018,2018-10,0.005258996218489873,1,0.48061775075980645,0.4573048376502522,0.4747895224824179,2210
2018-10-09,2018-10-10,2018-10-12,2018,2018-10,0.026059700475481853,1,0.4737949188678115,0.45484292857684133,0.469056921295069,2210
2018-10-10,2018-10-11,2018-10-15,2018,2018-10,0.03852671234062188,1,0.4668710822596833,0.3984211564095201,0.4497586007971425,2210
2018-10-11,2018-10-12,2018-10-16,2018,2018-10,0.02284096910931004,1,0.45642749988646053,0.257083720507907,0.40659155504182215,2215
2018-10-12,2018-10-15,2018-10-17,2018,2018-10,0.006542652657955839,1,0.4419745030702835,0.14437007508905328,0.36757339607497597,2215
2018-10-15,2018-10-16,2018-10-18,2018,2018-10,-0.006835964120490314,0,0.44487678668879055,0.1237506981278103,0.36459526454854546,2215
2018-10-16,2018-10-17,2018-10-19,2018,2018-10,-0.000488380620996842,0,0.456547338766829,0.29839174668089447,0.4170084407453454,2215
2018-10-17,2018-10-18,2018-10-22,2018,2018-10,-0.003143308774688476,0,0.4675370565034731,0.433498537858371,0.45902742684219755,2215
2018-10-18,2018-10-19,2018-10-23,2018,2018-10,0.008942422000572495,1,0.4908957358697599,0.6014038336009706,0.5185227603025626,2220
2018-10-19,2018-10-22,2018-10-24,2018,2018-10,0.0027643417741498857,1,0.47309900026837387,0.5602395267704898,0.49488413189390285,2220
2018-10-22,2018-10-23,2018-10-25,2018,2018-10,0.007535523733569086,1,0.4913008489910991,0.5204264562728078,0.4985822508115263,2220
2018-10-23,2018-10-24,2018-10-26,2018,2018-10,0.00036412922943960754,1,0.463560270077575,0.48926959216125704,0.46998760059849554,2220
2018-10-24,2018-10-25,2018-10-29,2018,2018-10,-0.0007309941845975561,0,0.48401765738020297,0.5587209648739546,0.5026934842536409,2220
2018-10-25,2018-10-26,2018-10-30,2018,2018-10,-0.009909752201591182,0,0.4975878796946442,0.5453867908166364,0.5095376074751422,2225
2018-10-26,2018-10-29,2018-10-31,2018,2018-10,-0.014956977760904322,0,0.4975686979795993,0.6113817755435464,0.5260219673705862,2225
2018-10-29,2018-10-30,2018-11-01,2018,2018-10,-0.006112488469077016,0,0.4800727890676217,0.5833218009545084,0.5058850420393434,2225
2018-10-30,2018-10-31,2018-11-02,2018,2018-10,0.012624887701362584,1,0.4906539903086442,0.5016584494308459,0.49340510508919466,2225
2018-10-31,2018-11-01,2018-11-05,2018,2018-11,0.011350303537383356,1,0.4852656518349633,0.5544077435801833,0.5025511747712683,2225
2018-11-01,2018-11-02,2018-11-06,2018,2018-11,0.009438254026407742,1,0.476779068372986,0.4521200896439896,0.4706143236907369,2230
2018-11-02,2018-11-05,2018-11-07,2018,2018-11,-0.00036429135615675837,0,0.48059560651455574,0.23894685445655522,0.4201834185000556,2230
2018-11-05,2018-11-06,2018-11-08,2018,2018-11,-0.006639400369651599,0,0.48781060603996607,0.2125785413410642,0.4190025898652406,2230
2018-11-06,2018-11-07,2018-11-09,2018,2018-11,-0.012877638328317299,0,0.4904675568603137,0.2885931845533576,0.43999896378357467,2230
2018-11-07,2018-11-08,2018-11-12,2018,2018-11,-0.022932088812256498,0,0.501675872350929,0.3995262233790285,0.4761384601079539,2230
2018-11-08,2018-11-09,2018-11-13,2018,2018-11,-0.021396933613838227,0,0.4905968087148321,0.4173365760604965,0.4722817505512482,2235
2018-11-09,2018-11-12,2018-11-14,2018,2018-11,-0.014542706205069495,0,0.46094416020223117,0.485130216317926,0.4669906742311549,2235
2018-11-12,2018-11-13,2018-11-15,2018,2018-11,0.0029367381973353164,1,0.4725197177762068,0.6161351392161253,0.5084235731361865,2235
2018-11-13,2018-11-14,2018-11-16,2018,2018-11,0.015124493247766758,1,0.4769696830799161,0.5790001919997918,0.502477310309885,2235
2018-11-14,2018-11-15,2018-11-19,2018,2018-11,0.0182273087524452,1,0.46066867980610104,0.6095323403699107,0.49788459494705345,2235
2018-11-15,2018-11-16,2018-11-20,2018,2018-11,0.010272515035730505,1,0.45326476384960934,0.5297811347848779,0.4723938565834265,2240
2018-11-16,2018-11-19,2018-11-21,2018,2018-11,0.006721887757649278,1,0.46519088592295105,0.3344940609235173,0.4325166796730926,2240
2018-11-19,2018-11-20,2018-11-22,2018,2018-11,0.0038339226340585214,1,0.4705613279429271,0.33589166438356943,0.4368939120530877,2240
2018-11-20,2018-11-21,2018-11-23,2018,2018-11,-0.0007770167040564937,0,0.48737289174734866,0.44994996993483444,0.4780171612942201,2240
2018-11-21,2018-11-22,2018-11-26,2018,2018-11,0.002162692373770364,1,0.5038448100324003,0.4074309434545605,0.4797413433879404,2240
2018-11-22,2018-11-23,2018-11-27,2018,2018-11,-0.00260873257636332,0,0.49977260220905156,0.5155410097984117,0.5037147041063916,2245
2018-11-23,2018-11-26,2018-11-28,2018,2018-11,-0.007350105974834735,0,0.48735711082007616,0.516250504115547,0.4945804591439439,2245
2018-11-26,2018-11-27,2018-11-29,2018,2018-11,-0.00016305898694969707,0,0.47384322356265823,0.563177651251073,0.4961768304847619,2245
2018-11-27,2018-11-28,2018-11-30,2018,2018-11,-0.00376201629542085,0,0.468391668257408,0.6273287725329045,0.5081259443262821,2245
2018-11-28,2018-11-29,2018-12-03,2018,2018-11,0.014605966929404293,1,0.478714098477856,0.570919852438427,0.5017655369679987,2245
2018-11-29,2018-11-30,2018-12-04,2018,2018-11,0.010382540441591212,1,0.46675198007913965,0.637559924269432,0.5094539661267128,2250
2018-11-30,2018-12-03,2018-12-05,2018,2018-12,0.012782067700528907,1,0.5013460910821657,0.6567930139397169,0.5402078217965535,2250
2018-12-03,2018-12-04,2018-12-06,2018,2018-12,0.004376906683515851,1,0.49182989396289317,0.6098340970284772,0.5213309447292892,2250
2018-12-04,2018-12-05,2018-12-07,2018,2018-12,0.0015722956735418534,1,0.5113713317163612,0.6893351934905745,0.5558622971599145,2250
2018-12-05,2018-12-06,2018-12-10,2018,2018-12,0.008578558015679676,1,0.5195114329252233,0.6379694607333447,0.5491259398772537,2250
2018-12-06,2018-12-07,2018-12-11,2018,2018-12,0.009498199953372515,1,0.5346302550516461,0.6943248108477189,0.5745538940006643,2255
2018-12-07,2018-12-10,2018-12-12,2018,2018-12,0.002856052948066985,1,0.5303813149022361,0.7547308537024936,0.5864686996023004,2255
2018-12-10,2018-12-11,2018-12-13,2018,2018-12,-0.0018866036704660598,0,0.5195160267325295,0.6857342666926804,0.5610705867225673,2255
2018-12-11,2018-12-12,2018-12-14,2018,2018-12,-0.0073169097040946315,0,0.5119910867313415,0.6437807011731613,0.5449384903417964,2255
2018-12-12,2018-12-13,2018-12-17,2018,2018-12,-0.004549396899844922,0,0.5258692526472355,0.665589332438621,0.5607992725950819,2255
2018-12-13,2018-12-14,2018-12-18,2018,2018-12,0.003489424978506383,1,0.5411874517992024,0.5777472451232798,0.5503274001302217,2260
2018-12-14,2018-12-17,2018-12-19,2018,2018-12,0.007597262951019559,1,0.5390210445180513,0.5521918435895149,0.5423137442859172,2260
2018-12-17,2018-12-18,2018-12-20,2018,2018-12,0.012750262943437044,1,0.5448353122314173,0.5380157980079755,0.5431304336755569,2260
2018-12-18,2018-12-19,2018-12-21,2018,2018-12,0.007022052473719716,1,0.5329237287401207,0.4386425618795694,0.5093534370249829,2260
2018-12-19,2018-12-20,2018-12-24,2018,2018-12,0.010080369040175003,1,0.5203551790334324,0.45194985521557407,0.5032538480789679,2260
2018-12-20,2018-12-21,2018-12-27,2018,2018-12,0.012747094734738902,1,0.5107144566689007,0.49797928168815503,0.5075306629237143,2265
2018-12-21,2018-12-24,2018-12-28,2018,2018-12,0.015504186535965254,1,0.5185419136456194,0.5591364161129221,0.528690539262445,2265
2018-12-24,2018-12-27,2018-12-31,2018,2018-12,0.016045017618094157,1,0.5090598135225254,0.47676087946583656,0.5009850800083532,2265
2018-12-27,2018-12-28,2019-01-02,2018,2018-12,0.01258664937755027,1,0.5179347694127382,0.48977167636896585,0.5108939961517951,2265
2018-12-28,2018-12-31,2019-01-03,2018,2018-12,0.00834247782410443,1,0.5358817852623837,0.46611141555382607,0.5184391928352443,2265
2018-12-31,2019-01-02,2019-01-04,2019,2019-01,0.006765189099236118,1,0.546466519839402,0.5848831730125166,0.5560706831326807,2270
2019-01-02,2019-01-03,2019-01-07,2019,2019-01,0.003335016857721798,1,0.5523184857158804,0.6560679066177918,0.5782558409413582,2270
2019-01-03,2019-01-04,2019-01-08,2019,2019-01,-0.003149486437973623,0,0.5481368845309803,0.6502918562971768,0.5736756274725294,2270
2019-01-04,2019-01-07,2019-01-09,2019,2019-01,-0.007038311869618557,0,0.5345928791980865,0.6437905443107996,0.5618922954762648,2270
2019-01-07,2019-01-08,2019-01-10,2019,2019-01,0.0006966214144481358,1,0.5193542993975292,0.5524958290534723,0.527639681811515,2270
2019-01-08,2019-01-09,2019-01-11,2019,2019-01,0.006908088169792791,1,0.5137072042251739,0.49454314581386727,0.5089161896223473,2275
2019-01-09,2019-01-10,2019-01-14,2019,2019-01,0.00963114240832569,1,0.5213682416012417,0.535445975020291,0.5248876749560041,2275
2019-01-10,2019-01-11,2019-01-15,2019,2019-01,-0.0023627395517731896,0,0.5046992959744108,0.5372816740725929,0.5128448904989563,2275
2019-01-11,2019-01-14,2019-01-16,2019,2019-01,-0.0017806686081623018,0,0.48235109546165045,0.4516464950577319,0.4746749453606708,2275
2019-01-14,2019-01-15,2019-01-17,2019,2019-01,0.00023186613698956832,1,0.4605215014386053,0.6814960665190176,0.5157651427087084,2275
2019-01-15,2019-01-16,2019-01-18,2019,2019-01,-0.0033405873204075207,0,0.4771337486011297,0.8070212389872472,0.5596056211976591,2280
2019-01-16,2019-01-17,2019-01-21,2019,2019-01,-0.009185803341545973,0,0.48542827826910595,0.8498591464834825,0.5765359953227001,2280
2019-01-17,2019-01-18,2019-01-22,2019,2019-01,-0.007174049188506923,0,0.4770516467035086,0.8271395258755841,0.5645736164965275,2280
2019-01-18,2019-01-21,2019-01-23,2019,2019-01,-0.00011673378872754792,0,0.476200355411442,0.7647587262148273,0.5483399481122884,2280
2019-01-21,2019-01-22,2019-01-24,2019,2019-01,0.0008208095205700359,1,0.5004374493381014,0.7275465451343621,0.5572147232871666,2280
2019-01-22,2019-01-23,2019-01-25,2019,2019-01,-0.001402033177438582,0,0.4829256080215895,0.7354845134457023,0.5460653343776177,2285
2019-01-23,2019-01-24,2019-01-28,2019,2019-01,0.012452305223070254,1,0.48447252898433435,0.6221326725224404,0.5188875648688609,2285
2019-01-24,2019-01-25,2019-01-29,2019,2019-01,0.022102054983071183,1,0.4937169740242605,0.5751958311734456,0.5140866883115568,2285
2019-01-25,2019-01-28,2019-01-30,2019,2019-01,0.02311440015165629,1,0.48798879378308896,0.5880067268138539,0.5129932770407802,2285
2019-01-28,2019-01-29,2019-01-31,2019,2019-01,0.016390685219949276,1,0.49881412976585454,0.3812923632127559,0.46943368812757985,2285
2019-01-29,2019-01-30,2019-02-01,2019,2019-01,0.00943295572366158,1,0.503155046287887,0.1626962479129498,0.4180403466941527,2290
2019-01-30,2019-01-31,2019-02-04,2019,2019-01,-0.0014863090828568701,0,0.4953615427979584,0.14716929737812046,0.4083134814429989,2290
2019-01-31,2019-02-01,2019-02-05,2019,2019-02,-0.006447964687898598,0,0.5045945135373667,0.21452767537151668,0.4320778039959042,2290
2019-02-01,2019-02-04,2019-02-06,2019,2019-02,-0.005618632145747433,0,0.4967140663046543,0.24543389839928756,0.43389402432831264,2290
2019-02-04,2019-02-05,2019-02-07,2019,2019-02,-0.003361861357049951,0,0.4866535220711324,0.33674055493515603,0.4491752802871383,2290
2019-02-05,2019-02-06,2019-02-08,2019,2019-02,-0.0022094405391997673,0,0.4970819034130787,0.6048555733036277,0.524025320885716,2295
2019-02-06,2019-02-07,2019-02-11,2019,2019-02,-0.005037986305646562,0,0.495154267401481,0.5616231806933731,0.511771495724454,2295
2019-02-07,2019-02-08,2019-02-12,2019,2019-02,0.003819422563843321,1,0.48675081359497097,0.5864779364062771,0.5116825942977975,2295
2019-02-08,2019-02-11,2019-02-13,2019,2019-02,3.813518925053939e-05,1,0.4950494259799583,0.6949632532507816,0.5450278827976641,2295
2019-02-11,2019-02-12,2019-02-14,2019,2019-02,-0.0008421375478559531,0,0.5142316503128309,0.7350112626895895,0.5694265534070206,2295
2019-02-12,2019-02-13,2019-02-15,2019,2019-02,0.00486767009195946,1,0.48679145752351816,0.701787215094455,0.5405403969162523,2300
2019-02-13,2019-02-14,2019-02-18,2019,2019-02,0.009715077738802539,1,0.49956965382038626,0.6758238017456185,0.5436331908016944,2300
2019-02-14,2019-02-15,2019-02-19,2019,2019-02,0.018139538054086208,1,0.4967002610866803,0.6846762306906035,0.5436942534876611,2300
2019-02-15,2019-02-18,2019-02-20,2019,2019-02,0.020836042378614136,1,0.4932150393645471,0.6326126885982462,0.5280644516729718,2300
2019-02-18,2019-02-19,2019-02-21,2019,2019-02,0.008349051883108171,1,0.48812726876510665,0.46217071104260515,0.4816381293344813,2300
2019-02-19,2019-02-20,2019-02-22,2019,2019-02,-0.0055057081531721,0,0.4713992446064196,0.2848683431680773,0.42476651924683406,2305
2019-02-20,2019-02-21,2019-02-25,2019,2019-02,-0.012411838279645482,0,0.4696273341972845,0.25212096759247915,0.41525074254608313,2305
2019-02-21,2019-02-22,2019-02-26,2019,2019-02,-0.005633606126296258,0,0.4850934101059085,0.2242350411839645,0.41987881787542247,2305
2019-02-22,2019-02-25,2019-02-27,2019,2019-02,0.0031713697437645433,1,0.5044419569551958,0.2715192276978404,0.4462112746408569,2305
2019-02-25,2019-02-26,2019-02-28,2019,2019-02,-0.0027876157583039576,0,0.5037296794047911,0.3821573476205439,0.4733365964587293,2305
2019-02-26,2019-02-27,2019-03-01,2019,2019-02,-0.013346169662369529,0,0.49886930977900157,0.24158497455828393,0.43454822597382214,2310
2019-02-27,2019-02-28,2019-03-04,2019,2019-02,-0.029842682857515134,0,0.4797271523246091,0.14812899824483974,0.39682761380466675,2310
2019-02-28,2019-03-01,2019-03-05,2019,2019-03,-0.03099330607379696,0,0.47708550771775454,0.11737143370544677,0.3871569892146776,2310
2019-03-01,2019-03-04,2019-03-06,2019,2019-03,-0.01880232620686202,0,0.47192382116344045,0.1990280563956373,0.40369987997148965,2310
2019-03-04,2019-03-05,2019-03-07,2019,2019-03,-0.0008158984076367447,0,0.480783990686261,0.45780185888311564,0.47503845773547465,2310
2019-03-05,2019-03-06,2019-03-08,2019,2019-03,0.007056754498304256,1,0.4859253421706701,0.623680821723655,0.5203642120589164,2315
2019-03-06,2019-03-07,2019-03-11,2019,2019-03,0.008365980859520934,1,0.47397293591925954,0.6975124570522674,0.5298578162025115,2315
2019-03-07,2019-03-08,2019-03-12,2019,2019-03,0.008167734647495728,1,0.4597691843762361,0.6094571656741423,0.49719117970071264,2315
2019-03-08,2019-03-11,2019-03-13,2019,2019-03,0.010989543836604632,1,0.452031056435478,0.5520123027876493,0.47702636802352083,2315
2019-03-11,2019-03-12,2019-03-14,2019,2019-03,0.002196067226902998,1,0.46829306318734276,0.5375227690417499,0.48560048965094454,2315
2019-03-12,2019-03-13,2019-03-15,2019,2019-03,0.004385297072350856,1,0.480544745898312,0.5036036916365251,0.4863094823328652,2320
2019-03-13,2019-03-14,2019-03-18,2019,2019-03,-0.002333812632703884,0,0.4800910760326391,0.3374266486218393,0.4444249691799392,2320
2019-03-14,2019-03-15,2019-03-19,2019,2019-03,0.007018110913350274,1,0.48164388988212115,0.2902252574230548,0.43378923176735457,2320
2019-03-15,2019-03-18,2019-03-20,2019,2019-03,0.00026864698029664853,1,0.4718827739198961,0.2765187506754813,0.4230417681087924,2320
2019-03-18,2019-03-19,2019-03-21,2019,2019-03,0.009112983204256409,1,0.46504841917976203,0.1958185233957153,0.39774094523375036,2320
2019-03-19,2019-03-20,2019-03-22,2019,2019-03,0.0020996781845923876,1,0.45456121875626854,0.25832769719507365,0.4055028383659698,2325
2019-03-20,2019-03-21,2019-03-25,2019,2019-03,0.01246989293251378,1,0.4547123115509416,0.17116154286926688,0.3838246193805229,2325
2019-03-21,2019-03-22,2019-03-26,2019,2019-03,-0.0015574256248647958,0,0.46557157834639523,0.10054543094684086,0.37431504149650663,2325
2019-03-22,2019-03-25,2019-03-27,2019,2019-03,0.005438619905223136,1,0.4677262644925723,0.12542088921882963,0.3821499206741366,2325
2019-03-25,2019-03-26,2019-03-28,2019,2019-03,-0.009481270454368652,0,0.4722333880999551,0.18971763494694222,0.4016044498117019,2325
2019-03-26,2019-03-27,2019-03-29,2019,2019-03,-0.018493467512918582,0,0.4925101234175196,0.37400752969392825,0.4628844749866218,2330
2019-03-27,2019-03-28,2019-04-01,2019,2019-03,-0.02019109644432351,0,0.48436218419094984,0.47909027569672913,0.4830442070673947,2330
2019-03-28,2019-03-29,2019-04-02,2019,2019-03,-0.015188603924816774,0,0.48632749969050004,0.5543105196356244,0.5033232546767812,2330
2019-03-29,2019-04-01,2019-04-03,2019,2019-04,0.0005420054333228592,1,0.506752630324645,0.5850982446361626,0.5263390339025245,2330
2019-04-01,2019-04-02,2019-04-04,2019,2019-04,-0.00023224308213557802,0,0.5060706702065798,0.5388510396427001,0.5142657625656099,2330
2019-04-02,2019-04-03,2019-04-05,2019,2019-04,0.0013198247325605442,1,0.49969085086985643,0.5700458135114893,0.5172795915302646,2335
2019-04-03,2019-04-04,2019-04-08,2019,2019-04,0.004055703815306479,1,0.4906895926130189,0.5464566952437676,0.5046313682707061,2335
2019-04-04,2019-04-05,2019-04-09,2019,2019-04,0.00790456987424334,1,0.4886097265795016,0.3700829568639101,0.45897803415060373,2335
2019-04-05,2019-04-08,2019-04-10,2019,2019-04,0.012260630896070244,1,0.4660449527609145,0.1700794718805632,0.3920535825408267,2335
2019-04-08,2019-04-09,2019-04-11,2019,2019-04,0.005803802204603664,1,0.4599985244430774,0.11146279235703854,0.3728645914215677,2335
2019-04-09,2019-04-10,2019-04-12,2019,2019-04,-0.004387997802845414,0,0.44766175352890697,0.13299489160783615,0.36899503804863926,2340
2019-04-10,2019-04-11,2019-04-15,2019,2019-04,-0.013930112773940132,0,0.4536102361886103,0.2226644587818971,0.395873791836932,2340
2019-04-11,2019-04-12,2019-04-16,2019,2019-04,-0.016149323308462995,0,0.45599594390255466,0.30196609822098813,0.417488482482163,2340
2019-04-12,2019-04-15,2019-04-17,2019,2019-04,-0.015589780215587455,0,0.43946848364732954,0.4746201728214122,0.44825640594085026,2340
2019-04-15,2019-04-16,2019-04-18,2019,2019-04,-0.007997701851325428,0,0.46084816106902327,0.5814618988247323,0.49100159550795053,2340
2019-04-16,2019-04-17,2019-04-23,2019,2019-04,-0.00805572947074157,0,0.4567861129936248,0.5709013993728542,0.48531493458843217,2345
2019-04-17,2019-04-18,2019-04-24,2019,2019-04,-0.001803992802665243,0,0.48091990577126253,0.5327654810777828,0.4938812995978926,2345
2019-04-18,2019-04-23,2019-04-25,2019,2019-04,0.0010570204754206285,1,0.5013340536336921,0.6028696756580253,0.5267179591397754,2345
2019-04-23,2019-04-24,2019-04-26,2019,2019-04,0.006301514032099505,1,0.5046542212724066,0.48544083409691147,0.49985087447853277,2345
2019-04-24,2019-04-25,2019-04-29,2019,2019-04,0.006533797379023476,1,0.48940319316342296,0.38658766559719804,0.46369931127186675,2345
2019-04-25,2019-04-26,2019-04-30,2019,2019-04,0.005696464877277505,1,0.46682431680474235,0.32218867749634494,0.430665406977643,2350
2019-04-26,2019-04-29,2019-05-01,2019,2019-04,0.00023407326600056468,1,0.4630677512811733,0.2839485250498186,0.4182879447233346,2350
2019-04-29,2019-04-30,2019-05-02,2019,2019-04,-0.008380374860812643,0,0.4752836349952954,0.22757258978124273,0.4133558736917823,2350
2019-04-30,2019-05-01,2019-05-03,2019,2019-05,-0.011819173277840624,0,0.4575058645950589,0.19083808972296548,0.39083892087703553,2350
2019-05-01,2019-05-02,2019-05-07,2019,2019-05,-0.00039015255459591,0,0.4643625253033383,0.24565633119938868,0.4096859767773509,2350
2019-05-02,2019-05-03,2019-05-08,2019,2019-05,0.012738527990218317,1,0.47731703826133637,0.30988173733554675,0.43545821302988896,2355
2019-05-03,2019-05-07,2019-05-09,2019,2019-05,0.011001814080832405,1,0.46854063510441163,0.43304021269057874,0.4596655295009534,2355
2019-05-07,2019-05-08,2019-05-10,2019,2019-05,0.003194766421655503,1,0.4740679683788808,0.4417560635778791,0.46598999217863035,2355
2019-05-08,2019-05-09,2019-05-13,2019,2019-05,-0.0037343957507942316,0,0.47967347125112625,0.4557133370454192,0.4736834376996995,2355
2019-05-09,2019-05-10,2019-05-14,2019,2019-05,0.010458320523920178,1,0.5067072221091526,0.4028169725138501,0.48073465971032703,2355
2019-05-10,2019-05-13,2019-05-15,2019,2019-05,0.010447798476052386,1,0.524313065552404,0.3473247166665027,0.4800659783309287,2360
2019-05-13,2019-05-14,2019-05-16,2019,2019-05,0.00977320169950377,1,0.5159872255430982,0.2667778014162746,0.4536848695113923,2360
2019-05-14,2019-05-15,2019-05-17,2019,2019-05,-0.009135311653562144,0,0.48549967166452246,0.4798742328910607,0.484093311971157,2360
2019-05-15,2019-05-16,2019-05-20,2019,2019-05,-0.018375514610202422,0,0.49178433241207276,0.4214174309285645,0.4741926070411957,2360
2019-05-16,2019-05-17,2019-05-21,2019,2019-05,-0.015205130489669082,0,0.5028988295102618,0.33156758267934877,0.4600660178025335,2360
2019-05-17,2019-05-20,2019-05-22,2019,2019-05,-0.0092195355754776,0,0.5067812901780058,0.5240450368171691,0.5110972268377966,2365
2019-05-20,2019-05-21,2019-05-23,2019,2019-05,0.0005487613809708718,1,0.5237305583268335,0.6319001487845173,0.5507729559412544,2365
2019-05-21,2019-05-22,2019-05-24,2019,2019-05,0.004301081899390702,1,0.5336363011190527,0.8078061762538211,0.6021787699027448,2365
2019-05-22,2019-05-23,2019-05-28,2019,2019-05,0.0077407634649293644,1,0.535514857554247,0.8085581830947495,0.6037756889393726,2365
2019-05-23,2019-05-24,2019-05-29,2019,2019-05,0.005899722127188322,1,0.5384156868181057,0.8348683454473665,0.6125288514754209,2365
2019-05-24,2019-05-28,2019-05-30,2019,2019-05,-0.003948479494123175,0,0.5652262230372221,0.7466822952493768,0.6105902410902608,2370
2019-05-28,2019-05-29,2019-05-31,2019,2019-05,0.009380277315181935,1,0.5426763178429398,0.5646037042023737,0.5481581644327983,2370
2019-05-29,2019-05-30,2019-06-03,2019,2019-05,0.023447146258993974,1,0.5378387550768979,0.5904219094054683,0.5509845436590406,2370
2019-05-30,2019-05-31,2019-06-04,2019,2019-05,0.036272509737454404,1,0.5542785429597835,0.6806962851624336,0.585882978510446,2370
2019-05-31,2019-06-03,2019-06-05,2019,2019-06,0.0317065002791941,1,0.5434326754991956,0.6941279986497716,0.5811065062868396,2370
2019-06-03,2019-06-04,2019-06-06,2019,2019-06,0.017128616156649387,1,0.5164739823573433,0.6135590807908421,0.540745256965718,2375
2019-06-04,2019-06-05,2019-06-07,2019,2019-06,0.008051512700917831,1,0.49679038509364726,0.3364923259478035,0.4567158703071863,2375
2019-06-05,2019-06-06,2019-06-10,2019,2019-06,-0.0068633419602732405,0,0.4811531964445791,0.2583104269120098,0.42544250406143674,2375
2019-06-06,2019-06-07,2019-06-11,2019,2019-06,-0.01052918387602729,0,0.5000634316753088,0.298228352938949,0.44960466199121885,2375
2019-06-07,2019-06-10,2019-06-12,2019,2019-06,0.0017596739784635266,1,0.5304966622362189,0.3858459891780323,0.49433399397167227,2375
2019-06-10,2019-06-11,2019-06-13,2019,2019-06,0.005404607060394767,1,0.5305182642651355,0.5565861955660761,0.5370352470903706,2380
2019-06-11,2019-06-12,2019-06-14,2019,2019-06,0.022280462609760708,1,0.5401082097106693,0.7208364282868124,0.5852902643547051,2380
2019-06-12,2019-06-13,2019-06-17,2019,2019-06,-0.0025844162932538908,0,0.5247931372979381,0.6954644148655749,0.5674609566898472,2380
2019-06-13,2019-06-14,2019-06-18,2019,2019-06,0.006529021271834712,1,0.5010690612432472,0.436946470845563,0.4850384136438262,2380
2019-06-14,2019-06-17,2019-06-19,2019,2019-06,-0.007458705747630345,0,0.4969939262419152,0.4895282282372894,0.49512750174075876,2380
2019-06-17,2019-06-18,2019-06-20,2019,2019-06,0.035696369668769753,1,0.5330603489451018,0.6817526172829119,0.5702334160295544,2385
2019-06-18,2019-06-19,2019-06-21,2019,2019-06,0.03205660709932676,1,0.5199047590802106,0.8045541030720739,0.5910670950781765,2385
2019-06-19,2019-06-20,2019-06-24,2019,2019-06,0.045898479472218694,1,0.5380326259139807,0.8978749051800007,0.6279931957304857,2385
2019-06-20,2019-06-21,2019-06-25,2019,2019-06,0.03408127231309977,1,0.49905673701556685,0.8770831355142443,0.5935633366402362,2385
2019-06-21,2019-06-24,2019-06-26,2019,2019-06,0.013166087650691294,1,0.4811170582065407,0.8482250681085374,0.5728940606820399,2385
2019-06-24,2019-06-25,2019-06-27,2019,2019-06,-0.002279446796714274,0,0.46073038537877226,0.645825573926642,0.5070041825157396,2390
2019-06-25,2019-06-26,2019-06-28,2019,2019-06,-0.01150307293046387,0,0.44678056941579575,0.6410352173757342,0.4953442314057803,2390
2019-06-26,2019-06-27,2019-07-01,2019,2019-06,-0.011942361612578355,0,0.4625257990132842,0.7670568075527392,0.538658551148148,2390
2019-06-27,2019-06-28,2019-07-02,2019,2019-06,-0.006546609676267174,0,0.4734839681682232,0.8935202480185306,0.5784930381308,2390
2019-06-28,2019-07-01,2019-07-03,2019,2019-07,0.008385350194176274,1,0.4760637297272311,0.9124450085799359,0.5851590494404073,2390
2019-07-01,2019-07-02,2019-07-04,2019,2019-07,0.01796647621595933,1,0.4879385584264853,0.7259525646078757,0.5474420599718329,2395
2019-07-02,2019-07-03,2019-07-05,2019,2019-07,0.015173933171199881,1,0.5100317466051176,0.8465877260818118,0.5941707414742912,2395
2019-07-03,2019-07-04,2019-07-08,2019,2019-07,-0.014275860821560564,0,0.48519437750692185,0.7455370942007187,0.550280056680371,2395
2019-07-04,2019-07-05,2019-07-09,2019,2019-07,-0.019514380554975095,0,0.4843864063126179,0.7429173774429894,0.5490191490952108,2395
2019-07-05,2019-07-08,2019-07-10,2019,2019-07,-0.013488469000701692,0,0.48582579477618604,0.8103687831217775,0.566961541862584,2395
2019-07-08,2019-07-09,2019-07-11,2019,2019-07,0.012871464832008286,1,0.47314837757466205,0.9164754740452972,0.5839801516923209,2400
2019-07-09,2019-07-10,2019-07-12,2019,2019-07,0.012672444511093126,1,0.5166018682344542,0.9845451577545552,0.6335876906144795,2400
2019-07-10,2019-07-11,2019-07-15,2019,2019-07,0.014795589459538603,1,0.5412418593576077,0.9840963315282528,0.651955477400269,2400
2019-07-11,2019-07-12,2019-07-16,2019,2019-07,-0.004930976460601133,0,0.5086682918935818,0.9397158478025476,0.6164301808708232,2400
2019-07-12,2019-07-15,2019-07-17,2019,2019-07,-0.0034207559012452895,0,0.5090497749767151,0.9499700019982503,0.6192798317320989,2400
2019-07-15,2019-07-16,2019-07-18,2019,2019-07,0.00327794030181357,1,0.5091448428767562,0.6730321501203802,0.5501166696876623,2405
2019-07-16,2019-07-17,2019-07-19,2019,2019-07,0.01468578695589378,1,0.4969669318793154,0.6729142980736865,0.5409537734279082,2405
2019-07-17,2019-07-18,2019-07-22,2019,2019-07,0.01674227231520029,1,0.5292488541728655,0.9002335742564515,0.621995034193762,2405
2019-07-18,2019-07-19,2019-07-23,2019,2019-07,-0.0023604442956064752,0,0.5641242952564121,0.9127001088614539,0.6512682486576725,2405
2019-07-19,2019-07-22,2019-07-24,2019,2019-07,-0.008034697035172046,0,0.5619613046907861,0.7529696334592694,0.6097133868829069,2405
2019-07-22,2019-07-23,2019-07-25,2019,2019-07,0.0013329593667206364,1,0.561466451832576,0.6724742869220461,0.5892184106049436,2410
2019-07-23,2019-07-24,2019-07-26,2019,2019-07,0.0004936878582533302,1,0.5869533594431939,0.8249833987363789,0.6464608692664902,2410
2019-07-24,2019-07-25,2019-07-29,2019,2019-07,-0.004640542692245163,0,0.5632364153322135,0.7717579722509841,0.6153668045619062,2410
2019-07-25,2019-07-26,2019-07-30,2019,2019-07,0.0014712066546019135,1,0.5299657678389892,0.7109084955607818,0.5752014497694373,2410
2019-07-26,2019-07-29,2019-07-31,2019,2019-07,0.008635268486354484,1,0.5118924354697968,0.7672554788072286,0.5757331963041548,2410
2019-07-29,2019-07-30,2019-08-01,2019,2019-07,-0.008883913526577084,0,0.5066232523496539,0.698186808593917,0.5545141414107196,2415
2019-07-30,2019-07-31,2019-08-02,2019,2019-07,0.005306348635343663,1,0.4919489143570746,0.5876076364064559,0.5158635948694199,2415
2019-07-31,2019-08-01,2019-08-05,2019,2019-08,0.01862934762585141,1,0.4743857560582718,0.5469381551917286,0.49252385584163605,2415
2019-08-01,2019-08-02,2019-08-06,2019,2019-08,0.038669508935948824,1,0.4922589822962567,0.8320087128806173,0.5771964149423469,2415
2019-08-02,2019-08-05,2019-08-07,2019,2019-08,0.03530140472836613,1,0.47375682027993077,0.8118900709540824,0.5582901329484686,2415
2019-08-05,2019-08-06,2019-08-08,2019,2019-08,0.027041937477702407,1,0.4634412579492661,0.6628598130668967,0.5132958967286737,2420
2019-08-06,2019-08-07,2019-08-09,2019,2019-08,0.02809296656172244,1,0.4330797816955648,0.3678844402032415,0.41678094632248397,2420
2019-08-07,2019-08-08,2019-08-12,2019,2019-08,0.009566570150046996,1,0.4263480921324321,0.3730392855315208,0.41302089048220425,2420
2019-08-08,2019-08-09,2019-08-13,2019,2019-08,0.019705722614952962,1,0.46651796351486274,0.22097025550545082,0.4051310365125098,2420
2019-08-09,2019-08-12,2019-08-14,2019,2019-08,-0.002097309222937426,0,0.4863676253226344,0.18464032692110488,0.410935800722252,2420
2019-08-12,2019-08-13,2019-08-15,2019,2019-08,0.010398822014189457,1,0.49151669249890734,0.40284421799566494,0.4693485738730967,2425
2019-08-13,2019-08-14,2019-08-16,2019,2019-08,-0.011955679666449053,0,0.5132797577636066,0.40595151363698184,0.4864476967319504,2425
2019-08-14,2019-08-15,2019-08-19,2019,2019-08,-0.0006667333646994022,0,0.535853534964724,0.682277779371007,0.5724595960662947,2425
2019-08-15,2019-08-16,2019-08-20,2019,2019-08,-0.009932869799142695,0,0.5025328689584591,0.49344136305766906,0.5002599924832616,2425
2019-08-16,2019-08-19,2019-08-21,2019,2019-08,-0.006248566214578245,0,0.5423468514321965,0.706893590991972,0.5834835363221405,2425
2019-08-19,2019-08-20,2019-08-22,2019,2019-08,-0.000433615189996479,0,0.5351825557224131,0.6459314770399286,0.5628697860517919,2430
2019-08-20,2019-08-21,2019-08-23,2019,2019-08,-0.0047696169669657,0,0.5018729565236183,0.7027129408618947,0.5520829526081874,2430
2019-08-21,2019-08-22,2019-08-27,2019,2019-08,0.021244407749254672,1,0.5150425921314635,0.7772912042195501,0.5806047451534851,2430
2019-08-22,2019-08-23,2019-08-28,2019,2019-08,0.028320069220651656,1,0.5270563368668802,0.7750245375221484,0.5890483870306973,2430
2019-08-23,2019-08-27,2019-08-29,2019,2019-08,0.02714412320677884,1,0.5407236584834066,0.8550236270660243,0.619298650629061,2430
2019-08-27,2019-08-28,2019-08-30,2019,2019-08,-0.003465867973715174,0,0.5373598440355041,0.7661326152517851,0.5945530368395744,2435
2019-08-28,2019-08-29,2019-09-02,2019,2019-08,-0.012006277792275838,0,0.5751694760758065,0.8297960370494157,0.6388261163192088,2435
2019-08-29,2019-08-30,2019-09-03,2019,2019-08,-0.00273696042607477,0,0.5786118028114547,0.4066154285623594,0.5356127092491809,2435
2019-08-30,2019-09-02,2019-09-04,2019,2019-09,0.00799260457208981,1,0.5955108791153495,0.4168155242987255,0.5508370404111935,2435
2019-09-02,2019-09-03,2019-09-05,2019,2019-09,0.012557447420572252,1,0.5734401642764935,0.39288286898922586,0.5283008404546765,2435
2019-09-03,2019-09-04,2019-09-06,2019,2019-09,-0.01810808681097534,0,0.5325911353281665,0.3008133254639647,0.47464668286211603,2440
2019-09-04,2019-09-05,2019-09-09,2019,2019-09,-0.01892635420018516,0,0.5068815376067994,0.3818447183010377,0.47562233278035904,2440
2019-09-05,2019-09-06,2019-09-10,2019,2019-09,-0.031610692003709084,0,0.5088303282891901,0.26725950404040416,0.44843762222699357,2440
2019-09-06,2019-09-09,2019-09-11,2019,2019-09,-0.007536886207562377,0,0.5118736253239831,0.6398196019343223,0.5438601194765679,2440
2019-09-09,2019-09-10,2019-09-12,2019,2019-09,-0.004646694278066528,0,0.4825774372605385,0.6970374628168141,0.5361924436496074,2440
2019-09-10,2019-09-11,2019-09-13,2019,2019-09,0.0077977002125798524,1,0.5058432943940795,0.9302039194765185,0.6119334506646893,2445
2019-09-11,2019-09-12,2019-09-16,2019,2019-09,0.005608052885915264,1,0.44034395008685556,0.9605607436565097,0.5703981484792691,2445
2019-09-12,2019-09-13,2019-09-17,2019,2019-09,-0.0024315108990309547,0,0.4429228905526514,0.9159766183937331,0.5611863225129218,2445
2019-09-13,2019-09-16,2019-09-18,2019,2019-09,-0.0027256124568580246,0,0.46211640497028184,0.6363952479559841,0.5056861157167074,2445
2019-09-16,2019-09-17,2019-09-19,2019,2019-09,-0.002432969588205659,0,0.4430080541422913,0.5823987107397314,0.4778557182916513,2445
2019-09-17,2019-09-18,2019-09-20,2019,2019-09,0.003196380160310155,1,0.44823721277907,0.6050874508555815,0.48744977229819786,2450
2019-09-18,2019-09-19,2019-09-23,2019,2019-09,0.011450633104936372,1,0.44967220729055063,0.725359239394128,0.518593965316445,2450
2019-09-19,2019-09-20,2019-09-24,2019,2019-09,0.0144769228703402,1,0.4621874433579172,0.7965146605188839,0.5457692476481589,2450
2019-09-20,2019-09-23,2019-09-25,2019,2019-09,0.017628424017013446,1,0.4372966722050618,0.4498554690344378,0.4404363714124058,2450
2019-09-23,2019-09-24,2019-09-26,2019,2019-09,-0.008227235780414791,0,0.46766665385178136,0.4011647203621628,0.45104117047937675,2450
2019-09-24,2019-09-25,2019-09-27,2019,2019-09,-0.015979653112555024,0,0.4811666822657932,0.20976281753393594,0.41331571608282885,2455
2019-09-25,2019-09-26,2019-09-30,2019,2019-09,-0.02865905362726618,0,0.4710384390577672,0.11854113176822512,0.38291411223538174,2455
2019-09-26,2019-09-27,2019-10-01,2019,2019-09,-0.02754828363221413,0,0.4942269325289681,0.25978776470017373,0.4356171405717695,2455
2019-09-27,2019-09-30,2019-10-02,2019,2019-09,-0.008120305005553394,0,0.5002431518211017,0.6413676345121133,0.5355242724938546,2455
2019-09-30,2019-10-01,2019-10-03,2019,2019-10,0.010964142458870202,1,0.47353779761836023,0.8346454168222781,0.5638147024193397,2455
2019-10-01,2019-10-02,2019-10-04,2019,2019-10,0.029172656202674757,1,0.48030182437736063,0.9542548180495067,0.5987900727953972,2460
2019-10-02,2019-10-03,2019-10-07,2019,2019-10,0.01212257829981587,1,0.4867242423738105,0.9570728816188692,0.6043114021850752,2460
2019-10-03,2019-10-04,2019-10-08,2019,2019-10,-0.002663117419483662,0,0.5062488795573662,0.8910069330057139,0.6024383929194531,2460
2019-10-04,2019-10-07,2019-10-09,2019,2019-10,-0.004049260403524869,0,0.5295272262072727,0.8026643870265413,0.5978115164120898,2460
2019-10-07,2019-10-08,2019-10-10,2019,2019-10,0.00401947158662023,1,0.5500436487496447,0.8479831536812821,0.6245285249825541,2460
2019-10-08,2019-10-09,2019-10-11,2019,2019-10,-0.0011006054440331151,0,0.5600596221552959,0.880221506136,0.6401000931504719,2465
2019-10-09,2019-10-10,2019-10-14,2019,2019-10,-0.0061382632016676476,0,0.570860156688503,0.8854026260970457,0.6494957740406386,2465
2019-10-10,2019-10-11,2019-10-15,2019,2019-10,-0.008957918007532843,0,0.5432900321011084,0.7184208100688765,0.5870727265930504,2465
2019-10-11,2019-10-14,2019-10-16,2019,2019-10,-0.010600924530307868,0,0.5438672771249864,0.7222864184854648,0.588472062465106,2465
2019-10-14,2019-10-15,2019-10-17,2019,2019-10,-0.0065466132793166746,0,0.5599359110325381,0.7720071771361491,0.6129537275584409,2465
2019-10-15,2019-10-16,2019-10-18,2019,2019-10,-0.004862110341229005,0,0.550787548113719,0.6497783990378214,0.5755352608447446,2470
2019-10-16,2019-10-17,2019-10-21,2019,2019-10,0.0055828489661637545,1,0.5259410086024824,0.7153014453780787,0.5732811177963815,2470
2019-10-17,2019-10-18,2019-10-22,2019,2019-10,0.0020189111470779435,1,0.5385762502146999,0.87197493536576,0.6219259215024648,2470
2019-10-18,2019-10-21,2019-10-23,2019,2019-10,0.004527550284578765,1,0.5435784296628723,0.8282347121784869,0.6147425002917759,2470
2019-10-21,2019-10-22,2019-10-24,2019,2019-10,-0.0013424172234435114,0,0.5416136243363762,0.8147859951634767,0.6099067170431512,2470
2019-10-22,2019-10-23,2019-10-25,2019,2019-10,0.011497068588141746,1,0.5464492164470469,0.7134532631791599,0.5882002281300751,2475
2019-10-23,2019-10-24,2019-10-28,2019,2019-10,0.007201711518116596,1,0.5499939371521356,0.5512989804657071,0.5503201979805286,2475
2019-10-24,2019-10-25,2019-10-29,2019,2019-10,0.002616046568421133,1,0.5198150240969043,0.5355940899860872,0.5237597905692,2475
2019-10-25,2019-10-28,2019-10-30,2019,2019-10,-0.009683526984158647,0,0.5155671487172531,0.46614728676452355,0.5032121832290707,2475
2019-10-28,2019-10-29,2019-10-31,2019,2019-10,0.0008965781204626005,1,0.5191611858060869,0.47470372964523866,0.5080468217658749,2475
2019-10-29,2019-10-30,2019-11-01,2019,2019-10,0.01139025169920283,1,0.5221358639692772,0.5866215283414206,0.5382572800623131,2480
2019-10-30,2019-10-31,2019-11-04,2019,2019-10,0.012702923076710258,1,0.5118800275094888,0.44840147205463493,0.49601038864577535,2480
2019-10-31,2019-11-01,2019-11-05,2019,2019-11,-0.0011956162168215761,0,0.5027286569805962,0.3070951305437845,0.4538202753713933,2480
2019-11-01,2019-11-04,2019-11-06,2019,2019-11,-0.01420781637134884,0,0.4646532297311629,0.35578478877477127,0.43743611949206496,2480
2019-11-04,2019-11-05,2019-11-07,2019,2019-11,-0.016771181188382923,0,0.4570359411439284,0.26676616056302555,0.4094684959987027,2480
2019-11-05,2019-11-06,2019-11-08,2019,2019-11,-0.025409837699727395,0,0.4885110094522891,0.28308114409311236,0.4371535431124949,2485
2019-11-06,2019-11-07,2019-11-11,2019,2019-11,-0.015606010604008704,0,0.47157942456346824,0.47147919191947135,0.47155436640246906,2485
2019-11-07,2019-11-08,2019-11-12,2019,2019-11,-0.019802627296179643,0,0.4616987303240622,0.4523015042207042,0.4593494237982227,2485
2019-11-08,2019-11-11,2019-11-13,2019,2019-11,-0.002320582551806342,0,0.4761204859508208,0.7816488143008704,0.5525025680383332,2485
2019-11-11,2019-11-12,2019-11-14,2019,2019-11,0.001466000978509525,1,0.4666787223598808,0.8895525706501481,0.5723971844324476,2485
2019-11-12,2019-11-13,2019-11-15,2019,2019-11,0.007258814314272775,1,0.4695666051066968,0.840698759942041,0.5623496438155329,2490
2019-11-13,2019-11-14,2019-11-18,2019,2019-11,-0.003456717510134129,0,0.4875602489446258,0.7754664451272878,0.5595367979902913,2490
2019-11-14,2019-11-15,2019-11-19,2019,2019-11,-0.0018755013937323786,0,0.49803225572732174,0.8536067045989606,0.5869258679452314,2490
2019-11-15,2019-11-18,2019-11-20,2019,2019-11,0.006867738549538196,1,0.5235079707859827,0.7539348616432775,0.5811146935003064,2490
2019-11-18,2019-11-19,2019-11-21,2019,2019-11,0.007173876972915838,1,0.5156903079530105,0.7679671624503512,0.5787595215773458,2490
2019-11-19,2019-11-20,2019-11-22,2019,2019-11,0.004359382968176888,1,0.5215269871289386,0.6547515049631178,0.5548331165874834,2495
2019-11-20,2019-11-21,2019-11-25,2019,2019-11,-0.011072801069703148,0,0.48804832506239176,0.409491091439038,0.4684090166565533,2495
2019-11-21,2019-11-22,2019-11-26,2019,2019-11,-0.007688271456232478,0,0.4858513858624895,0.48173533874371377,0.48482237408279555,2495
2019-11-22,2019-11-25,2019-11-27,2019,2019-11,-0.00784692368636943,0,0.5122796845409081,0.419848975634758,0.4891720073143706,2495
2019-11-25,2019-11-26,2019-11-28,2019,2019-11,-0.0013027084461429736,0,0.5276939616320921,0.45771470715765983,0.5101991480134841,2495
2019-11-26,2019-11-27,2019-11-29,2019,2019-11,-0.0008922443968732154,0,0.49852360213006075,0.4342060888483205,0.4824442238096257,2500
2019-11-27,2019-11-28,2019-12-02,2019,2019-11,-0.001576800792884467,0,0.5146231048187064,0.5078594980507838,0.5129322031267258,2500
2019-11-28,2019-11-29,2019-12-03,2019,2019-11,0.00877752864786499,1,0.5110090338561448,0.522511363494778,0.5138846162658031,2500
2019-11-29,2019-12-02,2019-12-04,2019,2019-12,0.013300789495620684,1,0.505775964540363,0.5115530341104966,0.5072202319328964,2500
2019-12-02,2019-12-03,2019-12-05,2019,2019-12,0.011664127330902687,1,0.5147967142586743,0.4088333495305205,0.48830587307663587,2500
2019-12-03,2019-12-04,2019-12-06,2019,2019-12,0.003021817085964742,1,0.5077114460145903,0.41144691172536885,0.4836453124422849,2505
2019-12-04,2019-12-05,2019-12-09,2019,2019-12,-0.008334940834832471,0,0.4890283465465143,0.4274405764651796,0.4736314040261806,2505
2019-12-05,2019-12-06,2019-12-10,2019,2019-12,-0.006907021215759915,0,0.4954361655223359,0.4751250217404013,0.49035837957685224,2505
2019-12-06,2019-12-09,2019-12-11,2019,2019-12,-0.004621300147449287,0,0.4954763190924335,0.5282122269737408,0.5036602960627603,2505
2019-12-09,2019-12-10,2019-12-12,2019,2019-12,0.007555425111843432,1,0.4893879289737885,0.5127005635350135,0.49521608761409475,2505
2019-12-10,2019-12-11,2019-12-13,2019,2019-12,0.004190735422331595,1,0.4655894606982917,0.44431611185174374,0.4602711234866547,2510
2019-12-11,2019-12-12,2019-12-16,2019,2019-12,0.006348796554699231,1,0.44371563241361134,0.39709222725497373,0.43205978112395194,2510
2019-12-12,2019-12-13,2019-12-17,2019,2019-12,0.0025058426305246758,1,0.4300198015672247,0.20892620900359735,0.3747464034263178,2510
2019-12-13,2019-12-16,2019-12-18,2019,2019-12,0.005628087410601621,1,0.43459485866522624,0.2106278375680004,0.3786031033909198,2510
2019-12-16,2019-12-17,2019-12-19,2019,2019-12,-0.0020326587390238336,0,0.4603570540035779,0.19536607298830014,0.39410930874975847,2510
2019-12-17,2019-12-18,2019-12-20,2019,2019-12,-0.0010151254551550985,0,0.4804459710135662,0.3297351482305532,0.44276826531781294,2515
2019-12-18,2019-12-19,2019-12-23,2019,2019-12,0.00340888326461784,1,0.4883012570248502,0.3457153107603549,0.4526547704587264,2515
2019-12-19,2019-12-20,2019-12-24,2019,2019-12,0.011095299726510558,1,0.49644265879753857,0.4642186339990118,0.48838665259790687,2515
2019-12-20,2019-12-23,2019-12-27,2019,2019-12,0.022561626447082817,1,0.4892606216800937,0.4743213722507453,0.48552580932275663,2515
2019-12-23,2019-12-24,2019-12-30,2019,2019-12,0.018395083782171535,1,0.49144422546608535,0.3678018406373293,0.46053362925889635,2515
2019-12-24,2019-12-27,2019-12-31,2019,2019-12,0.02133564681303757,1,0.4946309221354155,0.36704848605149093,0.46273531311443433,2520
2019-12-27,2019-12-30,2020-01-02,2019,2019-12,0.006565188617170754,1,0.48908031675518715,0.2371285039536459,0.42609236355480185,2520
2019-12-30,2019-12-31,2020-01-03,2019,2019-12,0.023473567895841346,1,0.4908707779814106,0.24996579567612323,0.43064453240508876,2520
2019-12-31,2020-01-02,2020-01-06,2020,2020-01,0.03474711223258759,1,0.4720127389319828,0.17749193825160764,0.398382538761889,2520
2020-01-02,2020-01-03,2020-01-07,2020,2020-01,0.02977171989572819,1,0.4550842592811088,0.20920635533678042,0.3936147832950267,2520
2020-01-03,2020-01-06,2020-01-08,2020,2020-01,0.022650916485046163,1,0.4231179952891957,0.15198506597788863,0.3553347629613689,2525
2020-01-06,2020-01-07,2020-01-09,2020,2020-01,-0.018562314897916356,0,0.40914541490101425,0.09954230922125584,0.3317446384810746,2525
2020-01-07,2020-01-08,2020-01-10,2020,2020-01,-0.011363393869933923,0,0.4195069592985468,0.14028940398020986,0.3497025704689626,2525
2020-01-08,2020-01-09,2020-01-13,2020,2020-01,-0.020746307725934877,0,0.413977264363651,0.1566998330301669,0.34965790653028,2525
2020-01-09,2020-01-10,2020-01-14,2020,2020-01,-0.0018753238812097284,0,0.47512053813709076,0.3668699318853777,0.44805788657416246,2525
2020-01-10,2020-01-13,2020-01-15,2020,2020-01,0.0019995491552665533,1,0.4577354332423946,0.4391736499436222,0.4530949874177015,2530
2020-01-13,2020-01-14,2020-01-16,2020,2020-01,0.0031234428317090156,1,0.47098669093470147,0.5318438648965186,0.4862009844251558,2530
2020-01-14,2020-01-15,2020-01-17,2020,2020-01,0.00744816353303958,1,0.4793510713023506,0.47878932038643907,0.47921063357337274,2530
2020-01-15,2020-01-16,2020-01-20,2020,2020-01,0.004724949728652783,1,0.46419643522180337,0.4869974422848221,0.46989668698755804,2530
2020-01-16,2020-01-17,2020-01-21,2020,2020-01,0.000674926506842987,1,0.45676973048398795,0.3573769895461569,0.4319215452495302,2530
2020-01-17,2020-01-20,2020-01-22,2020,2020-01,0.0010274193416460358,1,0.4550224819928252,0.45629335307842517,0.4553401997642252,2535
2020-01-20,2020-01-21,2020-01-23,2020,2020-01,-0.0033405099640694625,0,0.4686237758100825,0.6199326605688228,0.5064509969997676,2535
2020-01-21,2020-01-22,2020-01-24,2020,2020-01,0.0035919348455341845,1,0.47675794825059475,0.5670111120725406,0.4993212392060812,2535
2020-01-22,2020-01-23,2020-01-27,2020,2020-01,0.01613888063324666,1,0.4843540700728451,0.7385466767710459,0.5479022217473953,2535
2020-01-23,2020-01-24,2020-01-28,2020,2020-01,0.016307223970331734,1,0.46199777258573943,0.687642151527112,0.5184088673210826,2535
2020-01-24,2020-01-27,2020-01-29,2020,2020-01,0.005968642541649597,1,0.4374313824666614,0.6320034160093546,0.4860743908523347,2540
2020-01-27,2020-01-28,2020-01-30,2020,2020-01,-0.0019280313193196937,0,0.44966511707827594,0.5560101107667326,0.4762513655003901,2540
2020-01-28,2020-01-29,2020-01-31,2020,2020-01,0.0007910266355610487,1,0.46394019569600675,0.4099207486740512,0.4504353339405179,2540
2020-01-29,2020-01-30,2020-02-03,2020,2020-01,0.004857075309516811,1,0.4678174424692392,0.4622351538114152,0.4664218703047832,2540
2020-01-30,2020-01-31,2020-02-04,2020,2020-01,-0.005838320937034207,0,0.4746727572236774,0.44823041172396616,0.46806217084874957,2540
2020-01-31,2020-02-03,2020-02-05,2020,2020-02,-0.018289397628016863,0,0.4986170250362417,0.6297395353780375,0.5313976526216906,2545
2020-02-03,2020-02-04,2020-02-06,2020,2020-02,-0.008970667104907366,0,0.4770833739103195,0.5726900111971043,0.5009850332320157,2545
2020-02-04,2020-02-05,2020-02-07,2020,2020-02,-0.00184742845982253,0,0.5103034467825959,0.519621344883994,0.5126329213079455,2545
2020-02-05,2020-02-06,2020-02-10,2020,2020-02,0.01397863625353734,1,0.5381566918490086,0.531179350881903,0.5364123566072322,2545
2020-02-06,2020-02-07,2020-02-11,2020,2020-02,0.0018835102696745495,1,0.5094715486233664,0.37173965367883377,0.4750385748872333,2545
2020-02-07,2020-02-10,2020-02-12,2020,2020-02,-0.0009888200355940362,0,0.4940202075124878,0.5656670732667398,0.5119319239510508,2550
2020-02-10,2020-02-11,2020-02-13,2020,2020-02,0.0006033565861576145,1,0.5071332979680863,0.6367561384894409,0.5395390080984249,2550
2020-02-11,2020-02-12,2020-02-14,2020,2020-02,0.005502470905229843,1,0.5101858342378076,0.6995876747091739,0.5575362943556492,2550
2020-02-12,2020-02-13,2020-02-17,2020,2020-02,0.008611292310273253,1,0.5017500602645797,0.6819186809649022,0.5467922154396603,2550
2020-02-13,2020-02-14,2020-02-18,2020,2020-02,0.008346027201377145,1,0.5078569716396862,0.7064521634141718,0.5575057695833077,2550
2020-02-14,2020-02-17,2020-02-19,2020,2020-02,0.02081152375914769,1,0.527343481878273,0.7115251881837283,0.5733889084546369,2555
2020-02-17,2020-02-18,2020-02-20,2020,2020-02,0.01883684424173292,1,0.5169351099168588,0.6311003148429662,0.5454764111483856,2555
2020-02-18,2020-02-19,2020-02-21,2020,2020-02,0.02824608157135228,1,0.5233403370504859,0.5696264337869112,0.5349118612345922,2555
2020-02-19,2020-02-20,2020-02-24,2020,2020-02,0.04426805375958857,1,0.5058915373755859,0.2769149230411036,0.44864738379196534,2555
2020-02-20,2020-02-21,2020-02-25,2020,2020-02,0.02789312099164783,1,0.5022275473069988,0.26532106851699144,0.44300092760949694,2555
2020-02-21,2020-02-24,2020-02-26,2020,2020-02,0.008684710170867705,1,0.5070683595696315,0.3055120224516993,0.4566792752901484,2560
2020-02-24,2020-02-25,2020-02-27,2020,2020-02,-0.021479069634125807,0,0.47557336642545545,0.14127031469866752,0.39199760349375845,2560
2020-02-25,2020-02-26,2020-02-28,2020,2020-02,-0.018006427551581893,0,0.4771305150088407,0.17509214391510003,0.4016209222354055,2560
2020-02-26,2020-02-27,2020-03-02,2020,2020-02,-0.023484264991146767,0,0.45948091699810845,0.30345425966877604,0.4204742526657753,2560
2020-02-27,2020-02-28,2020-03-03,2020,2020-02,-0.02930285297578869,0,0.504855375558213,0.581297176554751,0.5239658258073475,2560
2020-02-28,2020-03-02,2020-03-04,2020,2020-03,0.011280556163989267,1,0.47432333387971864,0.5651754904974516,0.49703637303415193,2565
2020-03-02,2020-03-03,2020-03-05,2020,2020-03,0.02318081169028084,1,0.492402569430875,0.6858135939695207,0.5407553255655364,2565
2020-03-03,2020-03-04,2020-03-06,2020,2020-03,0.053542100657431375,1,0.50020261239232,0.7170202168062291,0.5544070134957972,2565
2020-03-04,2020-03-05,2020-03-09,2020,2020-03,0.01914913694291107,1,0.49741219912904644,0.567439189409859,0.5149189466992496,2565
2020-03-05,2020-03-06,2020-03-10,2020,2020-03,0.006021471512477478,1,0.48565618319083853,0.5932529200522162,0.5125553674061829,2565
2020-03-06,2020-03-09,2020-03-11,2020,2020-03,-0.014629310015959043,0,0.514317678828394,0.35500125358753226,0.4744885725181785,2570
2020-03-09,2020-03-10,2020-03-12,2020,2020-03,-0.02411646343453941,0,0.5398048560846218,0.7380428811950496,0.5893643623622288,2570
2020-03-10,2020-03-11,2020-03-13,2020,2020-03,-0.04268029263049129,0,0.5328813624744896,0.5060912692782824,0.5261838391754378,2570
2020-03-11,2020-03-12,2020-03-16,2020,2020-03,-0.09976218053240526,0,0.5499133349685004,0.6086717120001959,0.5646029292264243,2570
2020-03-12,2020-03-13,2020-03-17,2020,2020-03,-0.10579170600448555,0,0.5564308236847556,0.7029365222655027,0.5930572483299423,2570
2020-03-13,2020-03-16,2020-03-18,2020,2020-03,-0.05311268742461194,0,0.5718534634384382,0.7399613882515068,0.6138804446417054,2575
2020-03-16,2020-03-17,2020-03-19,2020,2020-03,-0.01604536408293073,0,0.599011415084046,0.9241194412280646,0.6802884216200507,2575
2020-03-17,2020-03-18,2020-03-20,2020,2020-03,0.02156761912068247,1,0.49965269891187714,0.9143420235256917,0.6033250300653308,2575
2020-03-18,2020-03-19,2020-03-23,2020,2020-03,-0.007665426635846331,0,0.5131276055260161,0.9661194102876983,0.6263755567164366,2575
2020-03-19,2020-03-20,2020-03-24,2020,2020-03,0.07717613147489942,1,0.4892242209070944,0.9117669729125755,0.5948599089084646,2575
2020-03-20,2020-03-23,2020-03-25,2020,2020-03,0.07458501421722971,1,0.5275943263322994,0.8229894060809158,0.6014430962694535,2580
2020-03-23,2020-03-24,2020-03-26,2020,2020-03,0.08069617299237988,1,0.6916905940192101,0.08401895244309757,0.5397726836251819,2580
2020-03-24,2020-03-25,2020-03-27,2020,2020-03,0.013475535364580848,1,0.6465589448702794,0.0004426764815930517,0.4850298777731078,2580
2020-03-25,2020-03-26,2020-03-30,2020,2020-03,0.0021568998316980875,1,0.6505828359630264,0.0003264008694665996,0.4880187271896364,2580
2020-03-26,2020-03-27,2020-03-31,2020,2020-03,-0.00958221146848213,0,0.6157076285336888,2.8049830476536253e-05,0.46178773385788574,2580
2020-03-27,2020-03-30,2020-04-01,2020,2020-03,-0.016763209558772498,0,0.6290606357582202,0.003794600323297785,0.47274412689948964,2585
2020-03-30,2020-03-31,2020-04-02,2020,2020-03,-0.022662448476843833,0,0.5517331722354609,0.00045666229337320587,0.413914044749939,2585
2020-03-31,2020-04-01,2020-04-03,2020,2020-04,0.00317322317040257,1,0.5655168987385518,0.0016484974846250364,0.4245497984250702,2585
2020-04-01,2020-04-02,2020-04-06,2020,2020-04,0.026217512897900384,1,0.5915506127808149,0.009197220813773005,0.44596226478905443,2585
2020-04-02,2020-04-03,2020-04-07,2020,2020-04,0.03960088467090644,1,0.5614072604623811,0.0034901951099956174,0.4219279941242848,2585
2020-04-03,2020-04-06,2020-04-08,2020,2020-04,0.024120477088534785,1,0.5536959740939172,0.06419626100545898,0.43132104582180264,2590
2020-04-06,2020-04-07,2020-04-09,2020,2020-04,0.015701574436728007,1,0.5616330006213001,0.04119943806206916,0.43152460998149234,2590
2020-04-07,2020-04-08,2020-04-14,2020,2020-04,0.03780085151138705,1,0.5988479449954066,0.15315949465853268,0.48742583241118814,2590
2020-04-08,2020-04-09,2020-04-15,2020,2020-04,0.037608930571187096,1,0.5958533183651923,0.1388468472748848,0.48160170059261537,2590
2020-04-09,2020-04-14,2020-04-16,2020,2020-04,0.032751015375836835,1,0.585122088396975,0.12128778203074422,0.4691635118054173,2590
2020-04-14,2020-04-15,2020-04-17,2020,2020-04,-0.013317885313281902,0,0.5670111766699394,0.3169988975906259,0.5045081069001109,2595
2020-04-15,2020-04-16,2020-04-20,2020,2020-04,-0.016072405322326646,0,0.5239552746735343,0.3479408757409325,0.4799516749403839,2595
2020-04-16,2020-04-17,2020-04-21,2020,2020-04,-0.023113396257118873,0,0.4496514925103725,0.26259035635518746,0.40288620847157625,2595
2020-04-17,2020-04-20,2020-04-22,2020,2020-04,0.005595161542947942,1,0.38457766541618876,0.17116262858931086,0.3312239062094693,2595
2020-04-20,2020-04-21,2020-04-23,2020,2020-04,0.024968330027338063,1,0.4193415865933478,0.2893603171001137,0.3868462692200393,2595
2020-04-21,2020-04-22,2020-04-24,2020,2020-04,0.028570435720177107,1,0.41166265548178993,0.33047999108028375,0.3913669893814134,2600
2020-04-22,2020-04-23,2020-04-27,2020,2020-04,0.008538313224532846,1,0.4011356154825635,0.2997288306637099,0.37578391927785004,2600
2020-04-23,2020-04-24,2020-04-28,2020,2020-04,-0.01132257813901103,0,0.4072616462517921,0.4510997678189902,0.4182211766435916,2600
2020-04-24,2020-04-27,2020-04-29,2020,2020-04,-0.012379099317279789,0,0.4385237342595812,0.34324226041809064,0.4147033657992086,2600
2020-04-27,2020-04-28,2020-04-30,2020,2020-04,-0.0002912055932051835,0,0.4848902551527502,0.3802821073346577,0.45873821819822713,2600
2020-04-28,2020-04-29,2020-05-01,2020,2020-04,-0.020733333672221466,0,0.5015016259581881,0.5248217571616483,0.5073316587590532,2605
2020-04-29,2020-04-30,2020-05-04,2020,2020-04,-0.0013490925001278498,0,0.5393789285294959,0.6106699357941094,0.5572016803456492,2605
2020-04-30,2020-05-01,2020-05-05,2020,2020-05,-0.011983559999108682,0,0.497792818495271,0.5844945337120252,0.5194682472994595,2605
2020-05-01,2020-05-04,2020-05-06,2020,2020-05,0.01533267481607552,1,0.5261494121978765,0.6123869755927354,0.5477088030465912,2605
2020-05-04,2020-05-05,2020-05-07,2020,2020-05,-0.008872963426391598,0,0.4991274592714103,0.5399781833183721,0.5093401402831508,2605
2020-05-05,2020-05-06,2020-05-11,2020,2020-05,0.0014727109374389033,1,0.4887152499490379,0.508601823888822,0.493686893433984,2610
2020-05-06,2020-05-07,2020-05-12,2020,2020-05,0.00267462354690768,1,0.493001390723682,0.6091935116571204,0.5220494209570417,2610
2020-05-07,2020-05-11,2020-05-13,2020,2020-05,0.006610618732122329,1,0.5271694318073823,0.6094225047693641,0.5477327000478778,2610
2020-05-11,2020-05-12,2020-05-14,2020,2020-05,0.010306954678253651,1,0.5376144816018991,0.6296880858443178,0.5606328826625038,2610
2020-05-12,2020-05-13,2020-05-15,2020,2020-05,0.01826534797729319,1,0.5520256601757356,0.5656466766004361,0.5554309142819107,2610
2020-05-13,2020-05-14,2020-05-18,2020,2020-05,0.03301088051378145,1,0.5610445578836271,0.5885601784827277,0.5679234630334022,2615
2020-05-14,2020-05-15,2020-05-19,2020,2020-05,0.01092242110232341,1,0.5416036981121537,0.45892651508563026,0.5209344023555228,2615
2020-05-15,2020-05-18,2020-05-20,2020,2020-05,0.00872340462590581,1,0.5626578889795739,0.6042848143390727,0.5730646203194486,2615
2020-05-18,2020-05-19,2020-05-21,2020,2020-05,-0.013812295124282418,0,0.5901920524615007,0.6406747918036713,0.6028127372970433,2615
2020-05-19,2020-05-20,2020-05-22,2020,2020-05,-0.0016149036009534725,0,0.5971460230365125,0.45000950848216825,0.5603618943979265,2615
2020-05-20,2020-05-21,2020-05-26,2020,2020-05,-0.01572250770065835,0,0.5986075305451478,0.5105829019787711,0.5766013734035537,2620
2020-05-21,2020-05-22,2020-05-27,2020,2020-05,-0.016085513859228264,0,0.5872209357464555,0.48097519001306643,0.5606594993131082,2620
2020-05-22,2020-05-26,2020-05-28,2020,2020-05,-0.005295534331208344,0,0.5230518559749067,0.4246819453367315,0.49845937831536286,2620
2020-05-26,2020-05-27,2020-05-29,2020,2020-05,0.0016819398466859834,1,0.5174073672953704,0.6517122176571762,0.5509835798858218,2620
2020-05-27,2020-05-28,2020-06-01,2020,2020-05,0.017239049573713316,1,0.5271415385716585,0.5727091664194409,0.538533445533604,2620
2020-05-28,2020-05-29,2020-06-02,2020,2020-05,0.009787723761244508,1,0.5196417755585896,0.48759553877143597,0.5116302163618012,2625
2020-05-29,2020-06-01,2020-06-03,2020,2020-06,-0.004675823519432145,0,0.5319633998943825,0.5125075273440532,0.5270994317568002,2625
2020-06-01,2020-06-02,2020-06-04,2020,2020-06,-0.016476943779997387,0,0.5729832929166365,0.5467419160930072,0.5664229487107292,2625
2020-06-02,2020-06-03,2020-06-05,2020,2020-06,-0.017798603078921862,0,0.5646323860687459,0.43143183708733795,0.5313322488233939,2625
2020-06-03,2020-06-04,2020-06-08,2020,2020-06,-0.015016706398402642,0,0.5452813061367647,0.3634402300972963,0.4998210371268976,2625
2020-06-04,2020-06-05,2020-06-09,2020,2020-06,0.0006151232637313203,1,0.5711682539892207,0.4624996874028028,0.5440011123426162,2630
2020-06-05,2020-06-08,2020-06-10,2020,2020-06,0.004726899557604142,1,0.5338375905788325,0.4038424830669781,0.5013388137008689,2630
2020-06-08,2020-06-09,2020-06-11,2020,2020-06,0.023307810568829017,1,0.5048414749151999,0.57415471767704,0.52216978560566,2630
2020-06-09,2020-06-10,2020-06-12,2020,2020-06,0.016466894512223485,1,0.4914945180278767,0.4446291993689627,0.47977818836314823,2630
2020-06-10,2020-06-11,2020-06-15,2020,2020-06,-0.004229816256677317,0,0.49091781320661376,0.4374807336667125,0.4775585433216385,2630
2020-06-11,2020-06-12,2020-06-16,2020,2020-06,-0.0020518755844321,0,0.46993486911332183,0.39287607847298744,0.45067017145323823,2635
2020-06-12,2020-06-15,2020-06-17,2020,2020-06,-0.010743916967352276,0,0.4844636835587022,0.33959650700599137,0.4482468894205245,2635
2020-06-15,2020-06-16,2020-06-18,2020,2020-06,0.012924767132018171,1,0.46841008035621656,0.37008376366635926,0.4438285011837522,2635
2020-06-16,2020-06-17,2020-06-19,2020,2020-06,0.00011571060789899842,1,0.479686835984622,0.5586496165354151,0.49942753112232025,2635
2020-06-17,2020-06-18,2020-06-22,2020,2020-06,0.016259112057628502,1,0.49930614345532276,0.5659349040408468,0.5159633336017038,2635
2020-06-18,2020-06-19,2020-06-23,2020,2020-06,0.013728094080217924,1,0.486146003334544,0.49591435460353794,0.48858809115179247,2640
2020-06-19,2020-06-22,2020-06-24,2020,2020-06,0.026911804606324374,1,0.5371539803542533,0.45113874654057967,0.515650171900835,2640
2020-06-22,2020-06-23,2020-06-25,2020,2020-06,0.0074772037862284755,1,0.5452302996695686,0.39212987837070146,0.5069551943448518,2640
2020-06-23,2020-06-24,2020-06-26,2020,2020-06,0.003126157091667927,1,0.5373664025612293,0.3578199788470248,0.49247979663267816,2640
2020-06-24,2020-06-25,2020-06-29,2020,2020-06,-0.0038933608215525866,0,0.47753775019063394,0.30494026159508125,0.4343883780417458,2640
2020-06-25,2020-06-26,2020-06-30,2020,2020-06,0.0068853427784977515,1,0.4899315704019977,0.355783854540282,0.45639464143656877,2645
2020-06-26,2020-06-29,2020-07-01,2020,2020-06,0.014255770372606764,1,0.5173938265229815,0.4725229920295081,0.5061761178996131,2645
2020-06-29,2020-06-30,2020-07-02,2020,2020-06,0.0017228479258998223,1,0.5181954566211415,0.42822233140095795,0.4957021753160956,2645
2020-06-30,2020-07-01,2020-07-03,2020,2020-07,0.0022282717556104574,1,0.5146391688445131,0.4390479892810054,0.49574137395363616,2645
2020-07-01,2020-07-02,2020-07-06,2020,2020-07,-0.007299712351188996,0,0.5292958535672017,0.49558363656174126,0.5208677993158366,2645
2020-07-02,2020-07-03,2020-07-07,2020,2020-07,0.0020578749140061736,1,0.5222201326285796,0.3937598101115533,0.490105051999323,2650
2020-07-03,2020-07-06,2020-07-08,2020,2020-07,0.013822268189045476,1,0.5041252049920674,0.4429985586117582,0.48884354339699004,2650
2020-07-06,2020-07-07,2020-07-09,2020,2020-07,0.021217183545324335,1,0.5456029936229501,0.5114704248946488,0.5370698514408747,2650
2020-07-07,2020-07-08,2020-07-10,2020,2020-07,0.016893944547813625,1,0.5270740568145758,0.3696096409637007,0.487707952851857,2650
2020-07-08,2020-07-09,2020-07-13,2020,2020-07,0.004823427880162683,1,0.508308448823211,0.513342393414244,0.5095669349709693,2650
2020-07-09,2020-07-10,2020-07-14,2020,2020-07,-0.007893356590754366,0,0.5148965669738214,0.4246515610832354,0.4923353155011748,2655
2020-07-10,2020-07-13,2020-07-15,2020,2020-07,0.0019640121940946702,1,0.4931065006878296,0.3828413393254246,0.46554021034722837,2655
2020-07-13,2020-07-14,2020-07-16,2020,2020-07,-0.001909955876589311,0,0.51970874199138,0.4485990268785285,0.5019313132131671,2655
2020-07-14,2020-07-15,2020-07-17,2020,2020-07,0.002610314997481978,1,0.5521959642669072,0.3359257031525235,0.4981283989883113,2655
2020-07-15,2020-07-16,2020-07-20,2020,2020-07,0.000552547256847292,1,0.5787899167047845,0.46789264118181767,0.5510655978240429,2655
2020-07-16,2020-07-17,2020-07-21,2020,2020-07,0.010254238371074365,1,0.5665615668668019,0.41560121740063044,0.528821479500259,2660
2020-07-17,2020-07-20,2020-07-22,2020,2020-07,0.026329554025342865,1,0.5559546639504791,0.41590960234945856,0.520943398550224,2660
2020-07-20,2020-07-21,2020-07-23,2020,2020-07,0.039028418842528674,1,0.533144497218696,0.4878227040273369,0.5218140489208561,2660
2020-07-21,2020-07-22,2020-07-24,2020,2020-07,0.03801859521258302,1,0.5557090599481814,0.551068400139568,0.5545488949960281,2660
2020-07-22,2020-07-23,2020-07-27,2020,2020-07,0.047245404458523134,1,0.611861618715296,0.5095032878230936,0.5862720359922453,2660
2020-07-23,2020-07-24,2020-07-28,2020,2020-07,0.025853563716396907,1,0.616393398197487,0.31991868392846307,0.542274719630231,2665
2020-07-24,2020-07-27,2020-07-29,2020,2020-07,0.03144586317299277,1,0.5516341328131509,0.1630359807512171,0.45448459479766745,2665
2020-07-27,2020-07-28,2020-07-30,2020,2020-07,0.005985503708844188,1,0.579660172247863,0.3541330002615511,0.5232783792512851,2665
2020-07-28,2020-07-29,2020-07-31,2020,2020-07,0.022041928122440373,1,0.530818599482479,0.11983627382833249,0.4280730180689424,2665
2020-07-29,2020-07-30,2020-08-03,2020,2020-07,0.009472227265847158,1,0.4716175967136258,0.2724732473763273,0.42183150937930114,2665
2020-07-30,2020-07-31,2020-08-04,2020,2020-07,0.010218081234334275,1,0.46088817835165125,0.180258344118964,0.39073071979347945,2670
2020-07-31,2020-08-03,2020-08-05,2020,2020-08,0.0298090240135696,1,0.5153184502462334,0.42800408418666097,0.49348985873134027,2670
2020-08-03,2020-08-04,2020-08-06,2020,2020-08,0.03789518841870861,1,0.47982769059229513,0.3983093873701179,0.45944811478675085,2670
2020-08-04,2020-08-05,2020-08-07,2020,2020-08,0.04425885017175578,1,0.5241007138383305,0.41032839680842176,0.49565763458085327,2670
2020-08-05,2020-08-06,2020-08-10,2020,2020-08,-0.002041946708637928,0,0.5524752480025815,0.6530303400736431,0.577614021020347,2670
2020-08-06,2020-08-07,2020-08-11,2020,2020-08,-0.025979339099281153,0,0.6596617870831035,0.6301095199390377,0.6522737202970871,2675
2020-08-07,2020-08-10,2020-08-12,2020,2020-08,-0.06503342893470714,0,0.6360790256691858,0.566157662102038,0.6185986847773989,2675
2020-08-10,2020-08-11,2020-08-13,2020,2020-08,-0.05014556193968114,0,0.6757504868689748,0.6128571326733838,0.660027148320077,2675
2020-08-11,2020-08-12,2020-08-14,2020,2020-08,-0.024488536450483295,0,0.7143345544814451,0.6993541085775264,0.7105894430054654,2675
2020-08-12,2020-08-13,2020-08-17,2020,2020-08,0.00935200230989025,1,0.6423372046172607,0.5841070872754545,0.6277796752818091,2675
2020-08-13,2020-08-14,2020-08-18,2020,2020-08,0.03768086748138572,1,0.5835899509417852,0.7267199654044009,0.6193724545574392,2680
2020-08-14,2020-08-17,2020-08-19,2020,2020-08,0.0227591043507809,1,0.5660472248403818,0.6963854322261296,0.5986317766868188,2680
2020-08-17,2020-08-18,2020-08-20,2020,2020-08,-0.011243317077958585,0,0.5347285695097088,0.6025644941472498,0.551687550669094,2680
2020-08-18,2020-08-19,2020-08-21,2020,2020-08,-0.03672327329870847,0,0.4959401840458608,0.4932443362885481,0.49526622210653265,2680
2020-08-19,2020-08-20,2020-08-24,2020,2020-08,-0.02314412944633916,0,0.557176989670274,0.28355124814782484,0.4887705542896617,2680
2020-08-20,2020-08-21,2020-08-25,2020,2020-08,-0.0013494228075968389,0,0.5838342608467125,0.3772165417452137,0.5321798310713378,2685
2020-08-21,2020-08-24,2020-08-26,2020,2020-08,-0.007451966924184585,0,0.6330343186630832,0.4954349080946609,0.5986344660209776,2685
2020-08-24,2020-08-25,2020-08-27,2020,2020-08,-0.004502947385062394,0,0.621515814882317,0.5254249490925126,0.5974930984348659,2685
2020-08-25,2020-08-26,2020-08-28,2020,2020-08,0.015665174901008674,1,0.5699042596786014,0.5610517985914769,0.5676911444068202,2685
2020-08-26,2020-08-27,2020-09-01,2020,2020-08,0.03556032630779027,1,0.5881014736111037,0.6062572438670212,0.592640416175083,2685
2020-08-27,2020-08-28,2020-09-02,2020,2020-08,0.01545657466790471,1,0.5532683108473084,0.4579408047318964,0.5294364343184554,2690
2020-08-28,2020-09-01,2020-09-03,2020,2020-09,-0.011182779552906807,0,0.5232755030562555,0.29810279689276137,0.46698232651538196,2690
2020-09-01,2020-09-02,2020-09-04,2020,2020-09,-0.025653863195969722,0,0.5510116642878691,0.40636689548465754,0.5148504720870661,2690
2020-09-02,2020-09-03,2020-09-07,2020,2020-09,-0.02083515610765831,0,0.5442314180974807,0.19352395144772244,0.45655455143504114,2690
2020-09-03,2020-09-04,2020-09-08,2020,2020-09,-0.0070044647808118025,0,0.5577220735437888,0.26221444095998286,0.4838451653978373,2690
2020-09-04,2020-09-07,2020-09-09,2020,2020-09,-0.004759450267360533,0,0.5559833293471438,0.45597500298129595,0.5309812477556819,2695
2020-09-07,2020-09-08,2020-09-10,2020,2020-09,0.00846850047044622,1,0.5797602098535326,0.5687699805727127,0.5770126525333277,2695
2020-09-08,2020-09-09,2020-09-11,2020,2020-09,0.012367237391929579,1,0.5362623719955785,0.6088097593831026,0.5543992188424595,2695
2020-09-09,2020-09-10,2020-09-14,2020,2020-09,0.0071821943066199155,1,0.5480505532440183,0.5919733828968982,0.5590312606572383,2695
2020-09-10,2020-09-11,2020-09-15,2020,2020-09,0.00959491542327695,1,0.5245938533571055,0.5498437718575856,0.5309063329822256,2695
2020-09-11,2020-09-14,2020-09-16,2020,2020-09,0.010385584357021378,1,0.5192550435645586,0.46258943881846576,0.5050886423780354,2700
2020-09-14,2020-09-15,2020-09-17,2020,2020-09,-0.0031971974429675365,0,0.5026254162611051,0.44659185439211585,0.4886170257938578,2700
2020-09-15,2020-09-16,2020-09-18,2020,2020-09,-0.004491751420567232,0,0.49910500182282824,0.4056432674851713,0.475739568238414,2700
2020-09-16,2020-09-17,2020-09-21,2020,2020-09,-0.017404243504330185,0,0.49522785247856893,0.40940755595248907,0.47377277834704895,2700
2020-09-17,2020-09-18,2020-09-22,2020,2020-09,-0.017191504872137862,0,0.47950426085348746,0.4275842768752929,0.46652426485893883,2700
2020-09-18,2020-09-21,2020-09-23,2020,2020-09,-0.034691275600136955,0,0.5048710569721991,0.4815649132872854,0.49904452105097075,2705
2020-09-21,2020-09-22,2020-09-24,2020,2020-09,-0.04239525312528538,0,0.5136182559929638,0.488246922955049,0.5072754227334851,2705
2020-09-22,2020-09-23,2020-09-25,2020,2020-09,-0.017518967063887954,0,0.4644897897050328,0.49984074271991386,0.47332752795875305,2705
2020-09-23,2020-09-24,2020-09-28,2020,2020-09,-0.01987201162154691,0,0.4852621776680986,0.5953223666048687,0.5127772249022912,2705
2020-09-24,2020-09-25,2020-09-29,2020,2020-09,0.01695659608994504,1,0.47737482507841916,0.5867080095563342,0.5047081211978979,2705
2020-09-25,2020-09-28,2020-09-30,2020,2020-09,0.007113485616869198,1,0.45529340712735056,0.740741339381146,0.5266553901907993,2710
2020-09-28,2020-09-29,2020-10-01,2020,2020-09,0.02381001308985989,1,0.4700720358789253,0.6703477662582359,0.520140968473753,2710
2020-09-29,2020-09-30,2020-10-02,2020,2020-09,0.012669088371379693,1,0.5297509276064405,0.6653672405907142,0.5636550058525089,2710
2020-09-30,2020-10-01,2020-10-05,2020,2020-10,0.008591004583410236,1,0.5271806170779869,0.49951356921484114,0.5202638551122005,2710
2020-10-01,2020-10-02,2020-10-06,2020,2020-10,0.008902252827891522,1,0.5404250496347679,0.49443431743521155,0.5289273665848788,2710
2020-10-02,2020-10-05,2020-10-07,2020,2020-10,-0.009698579079086455,0,0.5021430892459191,0.40516499385078986,0.4778985653971368,2715
2020-10-05,2020-10-06,2020-10-08,2020,2020-10,-0.004378798872028158,0,0.48427524090956603,0.32435263745129544,0.4442945900449984,2715
2020-10-06,2020-10-07,2020-10-09,2020,2020-10,-5.228894874253716e-05,0,0.503628083822561,0.5396202085263134,0.5126261149984991,2715
2020-10-07,2020-10-08,2020-10-12,2020,2020-10,0.016702946223990506,1,0.5015335579486311,0.43257944208472804,0.4842950289826553,2715
2020-10-08,2020-10-09,2020-10-13,2020,2020-10,0.015450906119698356,1,0.5719812546475666,0.7229378959053184,0.6097204149620045,2715
2020-10-09,2020-10-12,2020-10-14,2020,2020-10,-0.008375280325931945,0,0.570113395116627,0.7286397398566494,0.6097449813016326,2720
2020-10-12,2020-10-13,2020-10-15,2020,2020-10,-0.014745118257818882,0,0.5615874283936249,0.7161143812969502,0.6002191666194562,2720
2020-10-13,2020-10-14,2020-10-16,2020,2020-10,-0.006581376589297919,0,0.5514843513173789,0.5713134908537032,0.5564416362014599,2720
2020-10-14,2020-10-15,2020-10-19,2020,2020-10,0.007119524614659203,1,0.5940806665534625,0.6401882868122073,0.6056075716181486,2720
2020-10-15,2020-10-16,2020-10-20,2020,2020-10,0.007714523324571463,1,0.5513332816433557,0.4609754328440106,0.5287438194435194,2720
2020-10-16,2020-10-19,2020-10-21,2020,2020-10,0.005617772113408124,1,0.5748210772066393,0.6632836865493272,0.5969367295423114,2725
2020-10-19,2020-10-20,2020-10-22,2020,2020-10,0.003579971682146427,1,0.5543325615091905,0.6970645722481749,0.5900155641939366,2725
2020-10-20,2020-10-21,2020-10-23,2020,2020-10,0.0022269098397189446,1,0.5277411714475196,0.5405872700753136,0.5309526961044682,2725
2020-10-21,2020-10-22,2020-10-26,2020,2020-10,-0.009082524385169533,0,0.5713110889342714,0.6288001059860029,0.5856833431972043,2725
2020-10-22,2020-10-23,2020-10-27,2020,2020-10,-0.009408442591450754,0,0.5310211606332634,0.5630734629371521,0.5390342362092355,2725
2020-10-23,2020-10-26,2020-10-28,2020,2020-10,-0.00722271324656014,0,0.5011318334906385,0.4848562083842331,0.49706292721403716,2730
2020-10-26,2020-10-27,2020-10-29,2020,2020-10,-0.013100797410421602,0,0.4861082110356558,0.47536017000070196,0.48342120077691736,2730
2020-10-27,2020-10-28,2020-10-30,2020,2020-10,-0.012239536056533112,0,0.4711568100011024,0.4170487012028288,0.457629782801534,2730
2020-10-28,2020-10-29,2020-11-02,2020,2020-10,-0.005338843424370023,0,0.4987011657052411,0.6115616718016356,0.5269162922293397,2730
2020-10-29,2020-10-30,2020-11-03,2020,2020-10,0.012180096034040761,1,0.48538046296594145,0.5973250805536533,0.5133666173628694,2730
2020-10-30,2020-11-02,2020-11-04,2020,2020-11,0.006774103766373869,1,0.5140819461006035,0.5949306581568131,0.5342941241146559,2735
2020-11-02,2020-11-03,2020-11-05,2020,2020-11,0.0158013567561523,1,0.5531119473175679,0.6007224739154123,0.565014578967029,2735
2020-11-03,2020-11-04,2020-11-06,2020,2020-11,0.02500260185233578,1,0.5191538111447512,0.5977556994972609,0.5388042832328787,2735
2020-11-04,2020-11-05,2020-11-09,2020,2020-11,0.035833266913360265,1,0.5306723486842136,0.5111670675672539,0.5257960284049737,2735
2020-11-05,2020-11-06,2020-11-10,2020,2020-11,-0.02210180427222513,0,0.5582977280096415,0.5713863784960352,0.56156989063124,2735
2020-11-06,2020-11-09,2020-11-11,2020,2020-11,-0.03752908283008839,0,0.5026961424677984,0.42710733782922916,0.4837989413081561,2740
2020-11-09,2020-11-10,2020-11-12,2020,2020-11,-0.046774265965784295,0,0.4694247851872049,0.3407805882013408,0.43726373594073886,2740
2020-11-10,2020-11-11,2020-11-13,2020,2020-11,0.0017585467216080738,1,0.5328433432235566,0.46391204920234913,0.5156105197182548,2740
2020-11-11,2020-11-12,2020-11-16,2020,2020-11,0.008703090382281632,1,0.5453113441043126,0.5485457434952397,0.5461199439520443,2740
2020-11-12,2020-11-13,2020-11-17,2020,2020-11,0.009271660173261987,1,0.5575367982708922,0.5782793011707609,0.5627224239958594,2740
2020-11-13,2020-11-16,2020-11-18,2020,2020-11,-0.0005325664502506694,0,0.5187792706773793,0.7940924293356527,0.5876075603419476,2745
2020-11-16,2020-11-17,2020-11-19,2020,2020-11,-0.01877388473222429,0,0.5263241230724038,0.8003840722730334,0.5948391103725612,2745
2020-11-17,2020-11-18,2020-11-20,2020,2020-11,-0.009807135420327386,0,0.4842661098946108,0.5731043155488045,0.5064756613081591,2745
2020-11-18,2020-11-19,2020-11-23,2020,2020-11,-0.007163890568707478,0,0.4643310433526479,0.4999922921824764,0.473246355560105,2745
2020-11-19,2020-11-20,2020-11-24,2020,2020-11,-0.02138566061668098,0,0.45561068086738193,0.4628021689629137,0.4574085528912649,2745
2020-11-20,2020-11-23,2020-11-25,2020,2020-11,-0.03180744531029309,0,0.46026380368157094,0.3970780656318111,0.444467369169131,2750
2020-11-23,2020-11-24,2020-11-26,2020,2020-11,-0.02661459469595864,0,0.46369852744871204,0.38638241684848335,0.44436949979865487,2750
2020-11-24,2020-11-25,2020-11-27,2020,2020-11,-0.005543083288237444,0,0.47645984061102603,0.5465700873736914,0.49398740230169236,2750
2020-11-25,2020-11-26,2020-11-30,2020,2020-11,-0.020444784168790836,0,0.506795599736534,0.7069507309424432,0.5568343825380113,2750
2020-11-26,2020-11-27,2020-12-01,2020,2020-11,-0.01032949741874707,0,0.47070881061436326,0.4780472128658804,0.4725434111772425,2750
2020-11-27,2020-11-30,2020-12-02,2020,2020-11,0.01367777434382035,1,0.45178732051108844,0.3873132725895383,0.4356688085307009,2755
2020-11-30,2020-12-01,2020-12-03,2020,2020-12,0.034854848660378204,1,0.45341738427316275,0.4242689588345968,0.4461302779135212,2755
2020-12-01,2020-12-02,2020-12-04,2020,2020-12,0.02371174219990256,1,0.4487032034028754,0.3961102610420995,0.4355549678126814,2755
2020-12-02,2020-12-03,2020-12-07,2020,2020-12,-8.183864152428126e-05,0,0.42754538253652746,0.21178791915754755,0.3736060166917825,2755
2020-12-03,2020-12-04,2020-12-08,2020,2020-12,0.016057436895858687,1,0.40761528181634593,0.23657190152869464,0.36485443674443313,2755
2020-12-04,2020-12-07,2020-12-09,2020,2020-12,0.01108389060734495,1,0.41593438706318314,0.25934374448092795,0.37678672641761934,2760
2020-12-07,2020-12-08,2020-12-10,2020,2020-12,0.0007635669855581061,1,0.41381316050142714,0.1289566336004308,0.3425990287761781,2760
2020-12-08,2020-12-09,2020-12-11,2020,2020-12,-0.01668440470933344,0,0.38771736937232315,0.24397803270268356,0.3517825352049132,2760
2020-12-09,2020-12-10,2020-12-14,2020,2020-12,-0.02149510076927645,0,0.41300781035667744,0.35828137034492086,0.3993262003537383,2760
2020-12-10,2020-12-11,2020-12-15,2020,2020-12,0.005491382563916382,1,0.43427857014463095,0.41115067117618387,0.42849659540251916,2760
2020-12-11,2020-12-14,2020-12-16,2020,2020-12,0.014993514979196178,1,0.4697520595360285,0.5632366822139048,0.49312321520549757,2765
2020-12-14,2020-12-15,2020-12-17,2020,2020-12,0.02800681400430502,1,0.48801141167098977,0.6282776319904254,0.5230779667508487,2765
2020-12-15,2020-12-16,2020-12-18,2020,2020-12,0.01861330847177305,1,0.4636528774302132,0.6200985210338643,0.5027642883311261,2765
2020-12-16,2020-12-17,2020-12-21,2020,2020-12,0.004235249991286714,1,0.5087209865787885,0.6612252229706221,0.5468470456767469,2765
2020-12-17,2020-12-18,2020-12-22,2020,2020-12,0.0007209131878876558,1,0.4842784380771612,0.46790057590046646,0.4801839725329875,2765
2020-12-18,2020-12-21,2020-12-23,2020,2020-12,-0.00632668518924329,0,0.5156193576153448,0.416955846017315,0.49095347971583736,2770
2020-12-21,2020-12-22,2020-12-24,2020,2020-12,0.0017638574245432178,1,0.548789204344588,0.4500782267320748,0.5241114599414597,2770
2020-12-22,2020-12-23,2020-12-29,2020,2020-12,0.00032023911460711367,1,0.5612659053924595,0.43122002002080567,0.528754434049546,2770
2020-12-23,2020-12-24,2020-12-30,2020,2020-12,0.0055813104708522165,1,0.5469041470501498,0.5019930582026444,0.5356763748382734,2770
2020-12-24,2020-12-29,2020-12-31,2020,2020-12,0.009857532028659058,1,0.5281025844210038,0.5970956013831042,0.5453508386615289,2770
2020-12-29,2020-12-30,2021-01-04,2020,2020-12,0.02991260420471773,1,0.5373070060931383,0.6313280416293071,0.5608122649771805,2775
2020-12-30,2020-12-31,2021-01-05,2020,2020-12,0.03609083940920708,1,0.4732484944027927,0.5293488302106748,0.4872735783547632,2775
2020-12-31,2021-01-04,2021-01-06,2021,2021-01,0.034356210081741445,1,0.45567147857022544,0.39778344958817613,0.44119947132471315,2775
2021-01-04,2021-01-05,2021-01-07,2021,2021-01,-0.010281595576465892,0,0.4565825538617284,0.38622906320695793,0.4389941811980358,2775
2021-01-05,2021-01-06,2021-01-08,2021,2021-01,-0.02879415155694053,0,0.4302493009215343,0.27685821439210373,0.39190152928917665,2775
2021-01-06,2021-01-07,2021-01-11,2021,2021-01,-0.05751913817832374,0,0.4693556459873544,0.3438202403828273,0.4379717945862226,2780
2021-01-07,2021-01-08,2021-01-12,2021,2021-01,-0.026082212157078233,0,0.5107850132075344,0.43354820651345133,0.49147581153401365,2780
2021-01-08,2021-01-11,2021-01-13,2021,2021-01,-0.02078232768781177,0,0.5201410418679606,0.45544568610903585,0.5039672029282294,2780
2021-01-11,2021-01-12,2021-01-14,2021,2021-01,-0.004094310297829456,0,0.5030883905039532,0.48898852627984923,0.4995634244479272,2780
2021-01-12,2021-01-13,2021-01-15,2021,2021-01,-0.004306059348939675,0,0.5209137192287421,0.7262204392851779,0.5722403992428511,2780
2021-01-13,2021-01-14,2021-01-18,2021,2021-01,-0.010009984975346425,0,0.5329211773460182,0.7411931571580912,0.5849891722990364,2785
2021-01-14,2021-01-15,2021-01-19,2021,2021-01,0.0015475046187616477,1,0.497865414344248,0.6545743763508661,0.5370426548459025,2785
2021-01-15,2021-01-18,2021-01-20,2021,2021-01,0.00040448166227157443,1,0.44148189562384554,0.408417670735985,0.4332158394018804,2785
2021-01-18,2021-01-19,2021-01-21,2021,2021-01,0.018208845435280688,1,0.46251076215260917,0.30277524610375817,0.42257688314039643,2785
2021-01-19,2021-01-20,2021-01-22,2021,2021-01,0.005680757560589472,1,0.4862349253597775,0.423091036111019,0.4704489530475879,2785
2021-01-20,2021-01-21,2021-01-25,2021,2021-01,0.000539054511462911,1,0.46716230660489994,0.31354243408404525,0.4287573384746862,2790
2021-01-21,2021-01-22,2021-01-26,2021,2021-01,-0.007767081524037955,0,0.5035749942446431,0.5183848827651186,0.507277466374762,2790
2021-01-22,2021-01-25,2021-01-27,2021,2021-01,-0.0038918968043858975,0,0.4719431120576127,0.45920790539256046,0.4687593103913496,2790
2021-01-25,2021-01-26,2021-01-28,2021,2021-01,-0.008632757759484052,0,0.49023509070455257,0.5422783637097824,0.5032459089558601,2790
2021-01-26,2021-01-27,2021-01-29,2021,2021-01,-0.000269839986526271,0,0.48780660677154547,0.4702443865079763,0.48341605170565316,2790
2021-01-27,2021-01-28,2021-02-01,2021,2021-01,0.006155194639640046,1,0.5120745553026341,0.5775094680443573,0.528433283488065,2795
2021-01-28,2021-01-29,2021-02-02,2021,2021-01,0.004041505467169535,1,0.5221939052263206,0.6593354827757203,0.5564792996136705,2795
2021-01-29,2021-02-01,2021-02-03,2021,2021-02,-0.009763054171293022,0,0.6371405197136855,0.8436968296093281,0.6887795971875961,2795
2021-02-01,2021-02-02,2021-02-04,2021,2021-02,-0.0252101595639265,0,0.6928173556056497,0.8857189047798616,0.7410427428992027,2795
2021-02-02,2021-02-03,2021-02-05,2021,2021-02,-0.02109142235384467,0,0.618716984133888,0.5660611586680765,0.6055530277674351,2795
2021-02-03,2021-02-04,2021-02-08,2021,2021-02,-0.012642948171805418,0,0.6021500417727574,0.6658904121316513,0.6180851343624809,2800
2021-02-04,2021-02-05,2021-02-09,2021,2021-02,0.0191362007926748,1,0.5972748722677662,0.6537695106748741,0.6113985318695432,2800
2021-02-05,2021-02-08,2021-02-10,2021,2021-02,0.019113396753282132,1,0.5319103570229031,0.6440725102600593,0.5599508953321921,2800
2021-02-08,2021-02-09,2021-02-11,2021,2021-02,0.016451025888691805,1,0.44806246060996485,0.5914705459151537,0.4839144819362621,2800
2021-02-09,2021-02-10,2021-02-12,2021,2021-02,-0.015582037444744628,0,0.45169555006941914,0.4385254740903159,0.44840303107464335,2800
2021-02-10,2021-02-11,2021-02-15,2021,2021-02,-0.014204396271821544,0,0.43738616265190206,0.43139353154205035,0.43588800487443913,2805
2021-02-11,2021-02-12,2021-02-16,2021,2021-02,-0.009958747025848485,0,0.3991130032593789,0.3687307499216613,0.3915174399249495,2805
2021-02-12,2021-02-15,2021-02-17,2021,2021-02,-0.016164040467822292,0,0.4158507565445777,0.34498092185763857,0.3981332978728429,2805
2021-02-15,2021-02-16,2021-02-18,2021,2021-02,-0.019249257640489376,0,0.4517940010038122,0.4401271935432264,0.4488772991386657,2805
2021-02-16,2021-02-17,2021-02-19,2021,2021-02,-0.027634361601459562,0,0.4187833498655,0.41212717404270227,0.4171193059098005,2805
2021-02-17,2021-02-18,2021-02-22,2021,2021-02,0.005546820626950373,1,0.44857745101867624,0.45834117570626004,0.4510183821905722,2810
2021-02-18,2021-02-19,2021-02-23,2021,2021-02,0.014865401931396412,1,0.5562332493839296,0.6714500311287317,0.5850374448201301,2810
2021-02-19,2021-02-22,2021-02-24,2021,2021-02,0.018710403406154083,1,0.4945147899901122,0.5350769656283603,0.5046553338996742,2810
2021-02-22,2021-02-23,2021-02-25,2021,2021-02,-0.003731659347209429,0,0.4720208597115296,0.5492567472725772,0.49132983160179144,2810
2021-02-23,2021-02-24,2021-02-26,2021,2021-02,-0.024843218017563937,0,0.5017181157080911,0.565077822984712,0.5175580425272464,2810
2021-02-24,2021-02-25,2021-03-01,2021,2021-02,-0.03393494264819646,0,0.46507284376843033,0.4127558059161003,0.4519935843053478,2815
2021-02-25,2021-02-26,2021-03-02,2021,2021-02,-0.036134136187663674,0,0.5032378451167872,0.5158667008231056,0.5063950590433668,2815
2021-02-26,2021-03-01,2021-03-03,2021,2021-03,-0.02179259531887403,0,0.4984385022453789,0.45531050931376543,0.48765650401247557,2815
2021-03-01,2021-03-02,2021-03-04,2021,2021-03,-0.021348800396896274,0,0.5587789916526679,0.7401561518314499,0.6041232816973634,2815
2021-03-02,2021-03-03,2021-03-05,2021,2021-03,-0.018951962312315433,0,0.529574175863053,0.6842567361133914,0.5682448159256376,2815
2021-03-03,2021-03-04,2021-03-08,2021,2021-03,-0.01905654628487122,0,0.5557993556070578,0.7472882881070735,0.6036715887320617,2820
2021-03-04,2021-03-05,2021-03-09,2021,2021-03,-0.00421929191095629,0,0.49899279146384995,0.616325860805849,0.5283260587993497,2820
2021-03-05,2021-03-08,2021-03-10,2021,2021-03,0.009068160920876239,1,0.5333943705142786,0.6106299149315217,0.5527032566185894,2820
2021-03-08,2021-03-09,2021-03-11,2021,2021-03,0.024427004419883193,1,0.538966674224881,0.5935997871150366,0.5526249524474198,2820
2021-03-09,2021-03-10,2021-03-12,2021,2021-03,0.0005870784211827512,1,0.5450626102027154,0.5812705025459786,0.5541145832885312,2820
2021-03-10,2021-03-11,2021-03-15,2021,2021-03,0.0095366193488361,1,0.4903302694768213,0.4478535828209372,0.47971109781285026,2825
2021-03-11,2021-03-12,2021-03-16,2021,2021-03,-0.0023352035174759142,0,0.48461362032787847,0.42252161961659,0.46909062015005637,2825
2021-03-12,2021-03-15,2021-03-17,2021,2021-03,0.01924030521931531,1,0.4681771673511384,0.35576523597585463,0.4400741845073175,2825
2021-03-15,2021-03-16,2021-03-18,2021,2021-03,0.0035817484854274344,1,0.5017212350805016,0.43450082264529444,0.4849161319716998,2825
2021-03-16,2021-03-17,2021-03-19,2021,2021-03,0.0028246163757716766,1,0.49778843896637875,0.4744466419180421,0.4919529897042946,2825
2021-03-17,2021-03-18,2021-03-22,2021,2021-03,-0.002045903864610848,0,0.507075949462961,0.5218059660269516,0.5107584536039587,2830
2021-03-18,2021-03-19,2021-03-23,2021,2021-03,0.0029654389992472725,1,0.5226388487010263,0.6709719052643084,0.5597221128418468,2830
2021-03-19,2021-03-22,2021-03-24,2021,2021-03,-0.0018149086724650377,0,0.5175636186122334,0.5708926126341697,0.5308958671177175,2830
2021-03-22,2021-03-23,2021-03-25,2021,2021-03,-0.002425923906767838,0,0.53943242066554,0.6562386900528471,0.5686339880123668,2830
2021-03-23,2021-03-24,2021-03-26,2021,2021-03,-0.006576124763125693,0,0.5433941728832185,0.6770126425554074,0.5767987903012657,2830
2021-03-24,2021-03-25,2021-03-29,2021,2021-03,-0.005841543505324442,0,0.539488128050753,0.7168082386413274,0.5838181556983966,2835
2021-03-25,2021-03-26,2021-03-30,2021,2021-03,-0.018973685744582882,0,0.4961944980157115,0.682119015283197,0.5426756273325829,2835
2021-03-26,2021-03-29,2021-03-31,2021,2021-03,-0.02490460369043334,0,0.518674301447967,0.7857517938855446,0.5854436745573615,2835
2021-03-29,2021-03-30,2021-04-01,2021,2021-03,-0.004709584843085349,0,0.5086574960636707,0.6544800110437533,0.5451131248086913,2835
2021-03-30,2021-03-31,2021-04-06,2021,2021-03,0.02004297274770135,1,0.520000107189909,0.6949981360078615,0.5637496143943971,2835
2021-03-31,2021-04-01,2021-04-07,2021,2021-04,0.02961035887010375,1,0.5147011554388221,0.6395480728948992,0.5459128848028414,2840
2021-04-01,2021-04-06,2021-04-08,2021,2021-04,0.016100707683655974,1,0.5017307335233637,0.5341079885244401,0.5098250472736329,2840
2021-04-06,2021-04-07,2021-04-09,2021,2021-04,0.009715511890786965,1,0.46036185231941396,0.5063320064979177,0.4718543908640399,2840
2021-04-07,2021-04-08,2021-04-12,2021,2021-04,0.0031919050550350348,1,0.4438127522072461,0.3903302061819079,0.4304421157009115,2840
2021-04-08,2021-04-09,2021-04-13,2021,2021-04,-0.008986753263502092,0,0.43151786470773845,0.35540064744201466,0.4124885603913075,2840
2021-04-09,2021-04-12,2021-04-14,2021,2021-04,-0.002663803938212508,0,0.45794418409430276,0.38840026133061867,0.4405582034033817,2845
2021-04-12,2021-04-13,2021-04-15,2021,2021-04,0.003696755940150216,1,0.49990503586885815,0.5453440972566812,0.5112648012158139,2845
2021-04-13,2021-04-14,2021-04-16,2021,2021-04,0.021949343781638656,1,0.5427440972334815,0.6600219766475931,0.5720635670870093,2845
2021-04-14,2021-04-15,2021-04-19,2021,2021-04,0.025541496610655995,1,0.5545306041746987,0.6480251506695838,0.57790424079842,2845
2021-04-15,2021-04-16,2021-04-20,2021,2021-04,0.009961659152960229,1,0.5575435561928234,0.686520043455752,0.5897876780085556,2845
2021-04-16,2021-04-19,2021-04-21,2021,2021-04,0.008231195169671706,1,0.5415551161490614,0.6445263152718882,0.5672979159297681,2850
2021-04-19,2021-04-20,2021-04-22,2021,2021-04,-0.0015388707727619212,0,0.5044528296642321,0.46821608620069227,0.49539364379834716,2850
2021-04-20,2021-04-21,2021-04-23,2021,2021-04,0.011152531950474887,1,0.4982847151750095,0.5374917610370858,0.5080864766405286,2850
2021-04-21,2021-04-22,2021-04-26,2021,2021-04,-0.000786362272666951,0,0.4869221512700433,0.5084254060949313,0.4922979649762653,2850
2021-04-22,2021-04-23,2021-04-27,2021,2021-04,-0.0026636401051036607,0,0.510289474593553,0.5651226308842479,0.5239977636662267,2850
2021-04-23,2021-04-26,2021-04-28,2021,2021-04,-0.011917480353760689,0,0.4846420847710549,0.532148917419109,0.49651879293306844,2855
2021-04-26,2021-04-27,2021-04-29,2021,2021-04,-0.002813495370807878,0,0.5247022175722525,0.6335036352801605,0.5519025719992295,2855
2021-04-27,2021-04-28,2021-04-30,2021,2021-04,-0.006817503938723554,0,0.48195163737200203,0.5179167280412534,0.4909429100393149,2855
2021-04-28,2021-04-29,2021-05-04,2021,2021-04,0.011721415651781222,1,0.4868200278485454,0.5647799081025842,0.5063099979120551,2855
2021-04-29,2021-04-30,2021-05-05,2021,2021-04,0.0019140377954811115,1,0.4924920539591346,0.613293915110542,0.5226925192469865,2855
2021-04-30,2021-05-04,2021-05-06,2021,2021-05,0.013672499235320554,1,0.5193420421713171,0.6292101819247596,0.5468090771096777,2860
2021-05-04,2021-05-05,2021-05-07,2021,2021-05,0.019720784998551667,1,0.5401946832617036,0.6831314254125571,0.575928868799417,2860
2021-05-05,2021-05-06,2021-05-10,2021,2021-05,0.031063900749222433,1,0.5129229161473493,0.607990567256458,0.5366898289246265,2860
2021-05-06,2021-05-07,2021-05-11,2021,2021-05,0.024241607975065076,1,0.5102157744248487,0.5575918165304088,0.5220597849512387,2860
2021-05-07,2021-05-10,2021-05-12,2021,2021-05,0.007170058904932318,1,0.5014070213102334,0.47720733721307945,0.4953571002859449,2860
2021-05-10,2021-05-11,2021-05-13,2021,2021-05,-0.010881440536367682,0,0.501253360127217,0.4542716540977482,0.4895079336198498,2865
2021-05-11,2021-05-12,2021-05-14,2021,2021-05,-0.001988749242241397,0,0.4636795836465584,0.47413952919202595,0.4662945700329253,2865
2021-05-12,2021-05-13,2021-05-17,2021,2021-05,0.008066202531821436,1,0.4878673268072945,0.5125769877489773,0.4940447420427152,2865
2021-05-13,2021-05-14,2021-05-18,2021,2021-05,0.02884737067370814,1,0.49776750016097626,0.5979829807721414,0.5228213703137675,2865
2021-05-14,2021-05-17,2021-05-19,2021,2021-05,0.014349779195866164,1,0.5086165476170446,0.6347790133985758,0.5401571640624274,2865
2021-05-17,2021-05-18,2021-05-20,2021,2021-05,0.01124332678885064,1,0.5043945773930812,0.6594485111434928,0.5431580608306841,2870
2021-05-18,2021-05-19,2021-05-21,2021,2021-05,0.005473905872516743,1,0.5172723508892647,0.6403382167772602,0.5480388173612636,2870
2021-05-19,2021-05-20,2021-05-24,2021,2021-05,0.00901835192831559,1,0.5040298645655782,0.58423069651579,0.5240800725531312,2870
2021-05-20,2021-05-21,2021-05-25,2021,2021-05,0.007169253685894524,1,0.49990451511911865,0.5657935874052209,0.5163767831906443,2870
2021-05-21,2021-05-24,2021-05-26,2021,2021-05,0.014093492042428546,1,0.5109696675158121,0.6099288978043352,0.5357094750879429,2870
2021-05-24,2021-05-25,2021-05-27,2021,2021-05,0.00965038375715481,1,0.5264831360833165,0.6898642625892348,0.5673284177097961,2875
2021-05-25,2021-05-26,2021-05-28,2021,2021-05,0.005112255356339972,1,0.5322475623047228,0.741835162039222,0.5846444622383477,2875
2021-05-26,2021-05-27,2021-06-01,2021,2021-05,0.0017838409767008568,1,0.5359941301488305,0.6815415889244546,0.5723809948427365,2875
2021-05-27,2021-05-28,2021-06-02,2021,2021-05,0.0004484364152754422,1,0.5208429480155871,0.7068912747423612,0.5673550296972807,2875
2021-05-28,2021-06-01,2021-06-03,2021,2021-06,-0.00015853723015820837,0,0.524748799781201,0.7327929902609062,0.5767598474011273,2875
2021-06-01,2021-06-02,2021-06-04,2021,2021-06,-0.020200567762931977,0,0.5244237302001883,0.7092520172856142,0.5706308019715447,2880
2021-06-02,2021-06-03,2021-06-07,2021,2021-06,-0.007332051534174361,0,0.5412345777846276,0.7249792309329468,0.5871707410717074,2880
2021-06-03,2021-06-04,2021-06-08,2021,2021-06,-5.285132922334604e-05,0,0.5543083854250029,0.8015966608880276,0.6161304542907591,2880
2021-06-04,2021-06-07,2021-06-09,2021,2021-06,0.011117135773070611,1,0.5741057443168459,0.8028081792890044,0.6312813530598855,2880
2021-06-07,2021-06-08,2021-06-10,2021,2021-06,-2.656712849346384e-05,0,0.5820197192477387,0.7810838730378096,0.6317857576952564,2880
2021-06-08,2021-06-09,2021-06-11,2021,2021-06,-5.2854122633824745e-05,0,0.5557654218667532,0.7137920748121089,0.5952720851030922,2885
2021-06-09,2021-06-10,2021-06-14,2021,2021-06,-0.016372825880159696,0,0.5628456651424913,0.7220282983683902,0.602641323448966,2885
2021-06-10,2021-06-11,2021-06-15,2021,2021-06,-0.009690800240846214,0,0.5798758159644203,0.7492136994833019,0.6222102868441406,2885
2021-06-11,2021-06-14,2021-06-16,2021,2021-06,-0.018053582962602992,0,0.5724727507506658,0.6640356093657747,0.5953634654044431,2885
2021-06-14,2021-06-15,2021-06-17,2021,2021-06,-0.02891241890836031,0,0.5911108280409969,0.7247520674696897,0.6245211378981701,2885
2021-06-15,2021-06-16,2021-06-18,2021,2021-06,-0.03911663294060613,0,0.5797458730686077,0.588269357718675,0.5818767442311246,2890
2021-06-16,2021-06-17,2021-06-21,2021,2021-06,-0.0415656378345639,0,0.5807973881005838,0.6210377851937877,0.5908574873738848,2890
2021-06-17,2021-06-18,2021-06-22,2021,2021-06,-0.015422032722360746,0,0.5835615702505254,0.6330033545407384,0.5959220163230786,2890
2021-06-18,2021-06-21,2021-06-23,2021,2021-06,-0.005286355923147837,0,0.6052863460689497,0.6940234876403318,0.6274706314617953,2890
2021-06-21,2021-06-22,2021-06-24,2021,2021-06,-0.0012631048793138922,0,0.612293933763453,0.66822115309311,0.6262757385958673,2890
2021-06-22,2021-06-23,2021-06-25,2021,2021-06,0.002329923717417811,1,0.6445230943136554,0.6519224723349246,0.6463729388189727,2895
2021-06-23,2021-06-24,2021-06-28,2021,2021-06,-0.004863453635632436,0,0.5921899469548172,0.5947012796273984,0.5928177801229625,2895
2021-06-24,2021-06-25,2021-06-29,2021,2021-06,-0.005972185196815564,0,0.555523190825001,0.46309777261986057,0.5324168362737158,2895
2021-06-25,2021-06-28,2021-06-30,2021,2021-06,-0.014374515027602744,0,0.5364126358709652,0.35738257658338984,0.4916551210490714,2895
2021-06-28,2021-06-29,2021-07-01,2021,2021-06,-0.00014091453556747878,0,0.5074382126877753,0.30389475735362514,0.4565523488542378,2895
2021-06-29,2021-06-30,2021-07-02,2021,2021-06,0.007824193470930694,1,0.5038811027364739,0.25662644942921636,0.44206743940965953,2900
2021-06-30,2021-07-01,2021-07-05,2021,2021-07,0.018683178175869397,1,0.5672335446348125,0.35096878049732794,0.5131673536004413,2900
2021-07-01,2021-07-02,2021-07-06,2021,2021-07,0.01887375249478578,1,0.5829305248854361,0.42268313180077205,0.5428686766142701,2900
2021-07-02,2021-07-05,2021-07-07,2021,2021-07,0.011567267153436346,1,0.5535904366124325,0.4368336968085163,0.5244012516614535,2900
2021-07-05,2021-07-06,2021-07-08,2021,2021-07,0.010718751962515895,1,0.5387012838088833,0.5009708825739272,0.5292686835001443,2900
2021-07-06,2021-07-07,2021-07-09,2021,2021-07,-0.002436864298504157,0,0.5031581682045799,0.42689123021618935,0.48409143370748225,2905
2021-07-07,2021-07-08,2021-07-12,2021,2021-07,-0.0007207806921056841,0,0.4797565701409551,0.37863715138060716,0.4544767154508681,2905
2021-07-08,2021-07-09,2021-07-13,2021,2021-07,-0.001326663360331194,0,0.49078878004023635,0.4558499972355449,0.4820540843390635,2905
2021-07-09,2021-07-12,2021-07-14,2021,2021-07,0.005336737907769254,1,0.5301605613713586,0.5450596298618114,0.5338853284939717,2905
2021-07-12,2021-07-13,2021-07-15,2021,2021-07,0.01598405397379861,1,0.518245459959065,0.5740593707373381,0.5321989376536334,2905
2021-07-13,2021-07-14,2021-07-16,2021,2021-07,0.007796504911304812,1,0.5191629069694403,0.6050286640847818,0.5406293462482757,2910
2021-07-14,2021-07-15,2021-07-19,2021,2021-07,-0.005419917589793673,0,0.48858154034405443,0.5439459517681875,0.5024226432000878,2910
2021-07-15,2021-07-16,2021-07-20,2021,2021-07,-0.009157522937690184,0,0.47080812728815674,0.5216880334108062,0.48352810381881905,2910
2021-07-16,2021-07-19,2021-07-21,2021,2021-07,-0.008875716361605954,0,0.4457762923056048,0.5232034401537409,0.4651330792676388,2910
2021-07-19,2021-07-20,2021-07-22,2021,2021-07,-0.0032494161595089032,0,0.44707303464889725,0.5263678687053825,0.4668967431630186,2910
2021-07-20,2021-07-21,2021-07-23,2021,2021-07,-0.006771067919067226,0,0.4717070325798437,0.5783600147374919,0.49837027811925577,2915
2021-07-21,2021-07-22,2021-07-26,2021,2021-07,0.001245140654221961,1,0.4999294576529188,0.6658284824382914,0.541404213849262,2915
2021-07-22,2021-07-23,2021-07-27,2021,2021-07,-0.00013909947025532362,0,0.5513572793601234,0.7263936825848492,0.5951163801663049,2915
2021-07-23,2021-07-26,2021-07-28,2021,2021-07,-0.0020819750188452242,0,0.530624413076487,0.6729218704122101,0.5661987774104178,2915
2021-07-26,2021-07-27,2021-07-29,2021,2021-07,0.006230034485166542,1,0.5088138549971833,0.5415874031357822,0.5170072420318331,2915
2021-07-27,2021-07-28,2021-07-30,2021,2021-07,0.01715714839704288,1,0.5599732189276121,0.5483089087493841,0.5570571413830551,2920
2021-07-28,2021-07-29,2021-08-02,2021,2021-07,0.004574636809135398,1,0.5275420267026886,0.5147522901434437,0.5243445925628774,2920
2021-07-29,2021-07-30,2021-08-03,2021,2021-07,-0.005373171931530629,0,0.5169521110614137,0.5135407203290421,0.5160992633783208,2920
2021-07-30,2021-08-02,2021-08-04,2021,2021-08,-0.008679704009633613,0,0.5048599164752402,0.5059415627344644,0.5051303280400462,2920
2021-08-02,2021-08-03,2021-08-05,2021,2021-08,0.0020172718412554483,1,0.5351917385068246,0.573002421793383,0.5446444093284641,2920
2021-08-03,2021-08-04,2021-08-06,2021,2021-08,-0.005680023029065205,0,0.5338325209626974,0.47253891473604587,0.5185091194060345,2925
2021-08-04,2021-08-05,2021-08-09,2021,2021-08,-0.03993271033537099,0,0.5651841692943648,0.4837010624796885,0.5448133925906957,2925
2021-08-05,2021-08-06,2021-08-10,2021,2021-08,-0.04612834995990774,0,0.5628931501805229,0.5823949944080666,0.5677686112374087,2925
2021-08-06,2021-08-09,2021-08-11,2021,2021-08,-0.037021349648888466,0,0.5726243109945582,0.6216536934088878,0.5848816565981406,2925
2021-08-09,2021-08-10,2021-08-12,2021,2021-08,0.008006905802431125,1,0.6010868460637085,0.738553075004786,0.6354534032989779,2925
2021-08-10,2021-08-11,2021-08-13,2021,2021-08,0.016116430500288534,1,0.6055541811476479,0.7180512006736078,0.6336784360291379,2930
2021-08-11,2021-08-12,2021-08-16,2021,2021-08,0.02376315588971744,1,0.565148399017568,0.6829729110700119,0.5946045270306789,2930
2021-08-12,2021-08-13,2021-08-17,2021,2021-08,0.021721917301918976,1,0.48879550593090815,0.556033898933275,0.5056051041814998,2930
2021-08-13,2021-08-16,2021-08-18,2021,2021-08,0.01717591403191253,1,0.4840783474675162,0.5486707073527347,0.5002264374388208,2930
2021-08-16,2021-08-17,2021-08-19,2021,2021-08,0.006986658423298286,1,0.44351628604651555,0.34162371463705793,0.41804314319415115,2930
2021-08-17,2021-08-18,2021-08-20,2021,2021-08,-0.006206338065256804,0,0.47233388332357407,0.4061238453880784,0.45578137383970013,2935
2021-08-18,2021-08-19,2021-08-23,2021,2021-08,-0.0006713286965415156,0,0.4739331222397487,0.41845557328765726,0.4600637350017258,2935
2021-08-19,2021-08-20,2021-08-24,2021,2021-08,0.008214684959059134,1,0.504108831708716,0.4498100177688422,0.49053412822374753,2935
2021-08-20,2021-08-23,2021-08-25,2021,2021-08,0.006568581190081695,1,0.5712857372405198,0.6013625232980436,0.5788049337549007,2935
2021-08-23,2021-08-24,2021-08-26,2021,2021-08,-0.0017363546525086674,0,0.5766213471955737,0.6884755580707678,0.6045848999143721,2935
2021-08-24,2021-08-25,2021-08-27,2021,2021-08,-0.004140677594139367,0,0.5148725404315676,0.6263890836908881,0.5427516762463978,2940
2021-08-25,2021-08-26,2021-08-31,2021,2021-08,0.01086184134088666,1,0.5231889860635273,0.6417560704898264,0.5528307571701021,2940
2021-08-26,2021-08-27,2021-09-01,2021,2021-08,0.01673330313181677,1,0.5376745642350151,0.5332508146036173,0.5365686268271657,2940
2021-08-27,2021-08-31,2021-09-02,2021,2021-08,0.010884574246033618,1,0.5408032804208054,0.4302066970038442,0.5131541345665651,2940
2021-08-31,2021-09-01,2021-09-03,2021,2021-09,-0.0012409173349106678,0,0.5592921311878595,0.5918487450840237,0.5674312846619005,2940
2021-09-01,2021-09-02,2021-09-06,2021,2021-09,0.005470428046613036,1,0.5285493547820095,0.5962284022119274,0.5454691166394889,2945
2021-09-02,2021-09-03,2021-09-07,2021,2021-09,-0.0024269848367358083,0,0.5144864295942825,0.5756962246578925,0.529788878360185,2945
2021-09-03,2021-09-06,2021-09-08,2021,2021-09,-0.0078116740726165805,0,0.5219687616675097,0.5132662254729812,0.5197931276188776,2945
2021-09-06,2021-09-07,2021-09-09,2021,2021-09,-0.015749662423047806,0,0.5298372401635719,0.5254826670087971,0.5287485968748782,2945
2021-09-07,2021-09-08,2021-09-10,2021,2021-09,-0.0060100162900018645,0,0.5062182706805791,0.4742899534014385,0.49823619136079395,2945
2021-09-08,2021-09-09,2021-09-13,2021,2021-09,-0.005633346371762866,0,0.5356017622330859,0.47343048991963393,0.5200589441547229,2950
2021-09-09,2021-09-10,2021-09-14,2021,2021-09,-0.0037388436411343205,0,0.5298474113163004,0.38314741543078745,0.4931724123449222,2950
2021-09-10,2021-09-13,2021-09-15,2021,2021-09,0.0008330325642089526,1,0.5501482063963395,0.4117006283983306,0.5155363118968372,2950
2021-09-13,2021-09-14,2021-09-16,2021,2021-09,-0.0035861411811184047,0,0.54135968173605,0.5779527829207229,0.5505079570322182,2950
2021-09-14,2021-09-15,2021-09-17,2021,2021-09,-0.01268741964402945,0,0.5749098644006637,0.5742333466547739,0.5747407349641912,2950
2021-09-15,2021-09-16,2021-09-20,2021,2021-09,-0.024870962012058687,0,0.5362287459151407,0.5527673849623018,0.540363405676931,2955
2021-09-16,2021-09-17,2021-09-21,2021,2021-09,-0.008455756574124196,0,0.5780600649670284,0.6278267923897496,0.5905017468227087,2955
2021-09-17,2021-09-20,2021-09-22,2021,2021-09,0.00522386086775036,1,0.5658787940850329,0.5840134291146651,0.570412452842441,2955
2021-09-20,2021-09-21,2021-09-23,2021,2021-09,0.007879412683644586,1,0.49932646591568913,0.4305612761078891,0.48213516846373916,2955
2021-09-21,2021-09-22,2021-09-24,2021,2021-09,-0.006417559508507996,0,0.5173277935778998,0.5367566948463647,0.5221850188950161,2955
2021-09-22,2021-09-23,2021-09-27,2021,2021-09,-0.014867630935624078,0,0.5245323548672689,0.4906040477950426,0.5160502780992123,2960
2021-09-23,2021-09-24,2021-09-28,2021,2021-09,-0.017888647471199923,0,0.48187307620785114,0.4465017021847107,0.473030232702066,2960
2021-09-24,2021-09-27,2021-09-29,2021,2021-09,-0.007721383591951835,0,0.44825885230774887,0.3949197082634854,0.434924066296683,2960
2021-09-27,2021-09-28,2021-09-30,2021,2021-09,-0.010459564912973634,0,0.486394580006257,0.30977703215069063,0.4422401930423654,2960
2021-09-28,2021-09-29,2021-10-01,2021,2021-09,0.009126735264050377,1,0.47042183442981084,0.28499025945459017,0.42406394068600567,2960
2021-09-29,2021-09-30,2021-10-04,2021,2021-09,0.005839432651559166,1,0.5138492942015702,0.38707603937876023,0.4821559804958677,2965
2021-09-30,2021-10-01,2021-10-05,2021,2021-10,0.015506408523644235,1,0.539153284994835,0.504723786158824,0.5305459102858322,2965
2021-10-01,2021-10-04,2021-10-06,2021,2021-10,-0.004195391230102627,0,0.4948235688337487,0.5019292089707087,0.4965999788679887,2965
2021-10-04,2021-10-05,2021-10-07,2021,2021-10,0.0038172334409893975,1,0.5213658238330939,0.5491325628221694,0.5283075085803628,2965
2021-10-05,2021-10-06,2021-10-08,2021,2021-10,-0.00028445456030232294,0,0.5407950578032487,0.4946345718673467,0.5292549363192732,2965
2021-10-06,2021-10-07,2021-10-11,2021,2021-10,0.002456582588247827,1,0.5287371923682579,0.493427872769226,0.5199098624684999,2970
2021-10-07,2021-10-08,2021-10-12,2021,2021-10,0.00031270877118644253,1,0.5655693219821986,0.35844097823809296,0.5137872360461722,2970
2021-10-08,2021-10-11,2021-10-13,2021,2021-10,0.005645485142639523,1,0.5111680517157364,0.37077912703290716,0.47607082054502914,2970
2021-10-11,2021-10-12,2021-10-14,2021,2021-10,0.025130206581793702,1,0.4871217553539325,0.31944759221851393,0.44520321457007783,2970
2021-10-12,2021-10-13,2021-10-15,2021,2021-10,0.01262532481084921,1,0.42076435267713824,0.32425848690659564,0.3966378862345026,2970
2021-10-13,2021-10-14,2021-10-18,2021,2021-10,-0.0028329433377637953,0,0.4394176226431851,0.33794359527424245,0.41404911580094944,2975
2021-10-14,2021-10-15,2021-10-19,2021,2021-10,-0.009925847943350774,0,0.4390651505902795,0.3779813383668204,0.4237941975344147,2975
2021-10-15,2021-10-18,2021-10-20,2021,2021-10,-0.0018541414458962196,0,0.4636150009886929,0.42953484379745677,0.4550949616908838,2975
2021-10-18,2021-10-19,2021-10-21,2021,2021-10,0.012881581829220435,1,0.49027965480168406,0.4974275499766118,0.492066628595416,2975
2021-10-19,2021-10-20,2021-10-22,2021,2021-10,0.0072234824268846325,1,0.47531790239167265,0.3551387405475727,0.44527311193064767,2975
2021-10-20,2021-10-21,2021-10-25,2021,2021-10,0.011768623675293183,1,0.4798171360915501,0.41969458407084836,0.4647864980863746,2980
2021-10-21,2021-10-22,2021-10-26,2021,2021-10,0.009255195413852647,1,0.5269777054081097,0.44197679001466883,0.5057274765597495,2980
2021-10-22,2021-10-25,2021-10-27,2021,2021-10,-0.004725761350067431,0,0.5476564373295643,0.41326835957241953,0.5140594178902781,2980
2021-10-25,2021-10-26,2021-10-28,2021,2021-10,-0.0005559570944333927,0,0.4960323078376769,0.42012167644889836,0.47705464999048225,2980
2021-10-26,2021-10-27,2021-10-29,2021,2021-10,-0.003112669957978601,0,0.5120686636507782,0.4384634997487317,0.4936673726752666,2980
2021-10-27,2021-10-28,2021-11-01,2021,2021-10,0.0015124358697507288,1,0.4926624891308515,0.5190185431502661,0.4992515026357051,2985
2021-10-28,2021-10-29,2021-11-02,2021,2021-10,-0.003732906805664033,0,0.5016810145608236,0.4816996116759242,0.4966856638395987,2985
2021-10-29,2021-11-01,2021-11-03,2021,2021-11,-0.008076843371131667,0,0.5183479433042439,0.5214221856479501,0.5191165038901705,2985
2021-11-01,2021-11-02,2021-11-04,2021,2021-11,-0.004741007295332849,0,0.5119851702178357,0.5211438864172007,0.514274849267677,2985
2021-11-02,2021-11-03,2021-11-05,2021,2021-11,0.0009484755362758932,1,0.4881812995847662,0.4725556796653819,0.4842748946049201,2985
2021-11-03,2021-11-04,2021-11-08,2021,2021-11,0.02008484533376581,1,0.4397863718113184,0.4420528134420454,0.44035298221900016,2990
2021-11-04,2021-11-05,2021-11-09,2021,2021-11,0.02570578737564327,1,0.4592184602946171,0.47183780802003095,0.4623732972259706,2990
2021-11-05,2021-11-08,2021-11-10,2021,2021-11,0.017550856099721675,1,0.4583266071358553,0.4090229012583763,0.44600068066648557,2990
2021-11-08,2021-11-09,2021-11-11,2021,2021-11,0.02243618484598542,1,0.4773621688403035,0.4114973136618299,0.4608959550456851,2990
2021-11-09,2021-11-10,2021-11-12,2021,2021-11,0.013934473234825174,1,0.5143812534683468,0.4317694994662918,0.49372831496783304,2990
2021-11-10,2021-11-11,2021-11-15,2021,2021-11,0.021064824970549026,1,0.47801869031945116,0.4218275339990039,0.4639709012393393,2995
2021-11-11,2021-11-12,2021-11-16,2021,2021-11,0.00696773554606689,1,0.4630517648321107,0.38182610214288254,0.4427453491598037,2995
2021-11-12,2021-11-15,2021-11-17,2021,2021-11,0.004557167886299025,1,0.468277029694709,0.4275644672632028,0.4580988890868325,2995
2021-11-15,2021-11-16,2021-11-18,2021,2021-11,-0.0017721455648778504,0,0.48409701716693365,0.38353648496630893,0.4589568841167775,2995
2021-11-16,2021-11-17,2021-11-19,2021,2021-11,-0.0058120233778663445,0,0.49357246099858654,0.3895495075803322,0.46756672264402294,2995
2021-11-17,2021-11-18,2021-11-22,2021,2021-11,-0.009379587895508574,0,0.4856520578996132,0.4798155906614106,0.48419294109006256,3000
2021-11-18,2021-11-19,2021-11-23,2021,2021-11,-0.03455973002868835,0,0.5225481878597437,0.512364375371405,0.5200022347376589,3000
2021-11-19,2021-11-22,2021-11-24,2021,2021-11,-0.03866644538479977,0,0.5015326755101387,0.49711780850327564,0.500428958758423,3000
2021-11-22,2021-11-23,2021-11-25,2021,2021-11,-0.02778453665193417,0,0.5430987232854426,0.5643724608051044,0.548417157665358,3000
2021-11-23,2021-11-24,2021-11-26,2021,2021-11,0.006930803159043861,1,0.5877157130714641,0.6244585331693318,0.596901418095931,3000
2021-11-24,2021-11-25,2021-11-29,2021,2021-11,0.0023425745555687217,1,0.576773549451957,0.53860827948451,0.5672322319600953,3005
2021-11-25,2021-11-26,2021-11-30,2021,2021-11,0.0038737594598926175,1,0.5870154378184321,0.6059637757760629,0.5917525223078398,3005
2021-11-26,2021-11-29,2021-12-01,2021,2021-11,-0.012790031439069281,0,0.5392732716036172,0.6113424528669401,0.5572905669194479,3005
2021-11-29,2021-11-30,2021-12-02,2021,2021-11,-0.010810310557590123,0,0.549274592598245,0.6564768226089299,0.5760751501009163,3005
2021-11-30,2021-12-01,2021-12-03,2021,2021-12,-0.013497446657442812,0,0.5052273776792295,0.5646999812650539,0.5200955285756856,3005
2021-12-01,2021-12-02,2021-12-06,2021,2021-12,-0.0031109454610029363,0,0.5586618650511991,0.5908342101378257,0.5667049513228557,3010
2021-12-02,2021-12-03,2021-12-07,2021,2021-12,0.0022220043738004993,1,0.5318451241651663,0.596449992408609,0.5479963412260269,3010
2021-12-03,2021-12-06,2021-12-08,2021,2021-12,0.009148886535081231,1,0.5417558642642439,0.6159324667686124,0.5603000148903361,3010
2021-12-06,2021-12-07,2021-12-09,2021,2021-12,0.001206289683818416,1,0.5255362916593352,0.5487765486723187,0.5313463559125812,3010
2021-12-07,2021-12-08,2021-12-10,2021,2021-12,-0.004364298574565765,0,0.5500390363498366,0.5479680499748164,0.5495212897560816,3010
2021-12-08,2021-12-09,2021-12-13,2021,2021-12,-0.002993637264039782,0,0.5126946318946484,0.4874861250357808,0.5063925051799315,3015
2021-12-09,2021-12-10,2021-12-14,2021,2021-12,-0.0005889364259127666,0,0.5117825706249334,0.44720219049381005,0.49563747559215254,3015
2021-12-10,2021-12-13,2021-12-15,2021,2021-12,-0.001411911114738155,0,0.5352734252318369,0.4620346080258038,0.5169637209303286,3015
2021-12-13,2021-12-14,2021-12-16,2021,2021-12,0.0003922008118406299,1,0.5320187262099643,0.4707143118455273,0.5166926226188551,3015
2021-12-14,2021-12-15,2021-12-17,2021,2021-12,0.014011956758053496,1,0.5486685172798786,0.4615539034301704,0.5268898638174516,3015
2021-12-15,2021-12-16,2021-12-20,2021,2021-12,0.015700670174987493,1,0.5818210660439334,0.4305627950444091,0.5440064982940522,3020
2021-12-16,2021-12-17,2021-12-21,2021,2021-12,0.005976002146728491,1,0.577448535465266,0.4656409990319816,0.5494966513569449,3020
2021-12-17,2021-12-20,2021-12-22,2021,2021-12,-0.0097849226804655,0,0.5596967852960502,0.42771524713706266,0.5267014007563033,3020
2021-12-20,2021-12-21,2021-12-23,2021,2021-12,0.004524078269580344,1,0.5448881176862962,0.4101358837061897,0.5112000591912695,3020
2021-12-21,2021-12-22,2021-12-29,2021,2021-12,0.0002783809382712244,1,0.5616645309216772,0.4060321615389258,0.5227564385759894,3020
2021-12-22,2021-12-23,2021-12-30,2021,2021-12,0.005210159035459409,1,0.5371591485508473,0.44387491061941475,0.5138380890679892,3025
2021-12-23,2021-12-29,2021-12-31,2021,2021-12,0.00802619012250826,1,0.5267766436658381,0.4351825714955353,0.5038781256232624,3025
2021-12-29,2021-12-30,2022-01-04,2021,2021-12,0.007045017211649022,1,0.5068531687194082,0.4496854602569415,0.49256124160379156,3025
2021-12-30,2021-12-31,2022-01-05,2021,2021-12,0.010642074039130171,1,0.49182903001995765,0.4223420972564154,0.47445729682907206,3025
2021-12-31,2022-01-04,2022-01-06,2022,2022-01,-0.008358554064080467,0,0.4801080423002719,0.45389409681984577,0.4735545559301653,3025
2022-01-04,2022-01-05,2022-01-07,2022,2022-01,-0.009357930143088179,0,0.48868546990439543,0.46930126876937867,0.48383941962064125,3030
2022-01-05,2022-01-06,2022-01-10,2022,2022-01,-0.009919811659823738,0,0.5110782290164987,0.48220072630002647,0.5038588533373807,3030
2022-01-06,2022-01-07,2022-01-11,2022,2022-01,0.00013849840056490446,1,0.4631088139078535,0.49410642370085606,0.47085821635610414,3030
2022-01-07,2022-01-10,2022-01-12,2022,2022-01,0.013412604773676937,1,0.4908337803791042,0.5548890364941096,0.5068475944078555,3030
2022-01-10,2022-01-11,2022-01-13,2022,2022-01,0.012062139925697761,1,0.47316883448677094,0.5593230904533482,0.4947073984784152,3030
2022-01-11,2022-01-12,2022-01-14,2022,2022-01,0.009400612309476144,1,0.4977327199994371,0.5133082600866871,0.5016266050212496,3035
2022-01-12,2022-01-13,2022-01-17,2022,2022-01,0.0020074529971544374,1,0.5235704509823844,0.47795876962731754,0.5121675306436178,3035
2022-01-13,2022-01-14,2022-01-18,2022,2022-01,-0.00638557713111427,0,0.5267375397113067,0.45735248187252775,0.509391275251612,3035
2022-01-14,2022-01-17,2022-01-19,2022,2022-01,-0.0026100708546479452,0,0.5215702017145515,0.41995512378063465,0.4961664322310723,3035
2022-01-17,2022-01-18,2022-01-20,2022,2022-01,0.009106509913538669,1,0.49890231426376264,0.46880814849800245,0.49137877282232256,3035
2022-01-18,2022-01-19,2022-01-21,2022,2022-01,0.012866942032300122,1,0.49707853181953504,0.48328345809283185,0.49362976338785924,3040
2022-01-19,2022-01-20,2022-01-24,2022,2022-01,0.011352101668657194,1,0.5447275294096924,0.44372966208200676,0.519478062577771,3040
2022-01-20,2022-01-21,2022-01-25,2022,2022-01,-0.0005718409348850716,0,0.5062838949511468,0.402611272946034,0.4803657394498686,3040
2022-01-21,2022-01-24,2022-01-26,2022,2022-01,0.005951994089561896,1,0.4741985752009558,0.38049698233202134,0.4507731769837222,3040
2022-01-24,2022-01-25,2022-01-27,2022,2022-01,-0.01245312022194118,0,0.45127847280918,0.3770433542409992,0.43271969316713477,3040
2022-01-25,2022-01-26,2022-01-28,2022,2022-01,-0.025071296762765583,0,0.4527977713789191,0.4569629323399364,0.4538390616191734,3045
2022-01-26,2022-01-27,2022-01-31,2022,2022-01,-0.030036913483609918,0,0.43856976128919145,0.48020935526152175,0.44897965978227405,3045
2022-01-27,2022-01-28,2022-02-01,2022,2022-01,-0.004969640266695523,0,0.47075154842277983,0.5696052759990543,0.4954649803168485,3045
2022-01-28,2022-01-31,2022-02-02,2022,2022-01,0.006569813731444551,1,0.47006477547850595,0.6444838772795607,0.5136695509287696,3045
2022-01-31,2022-02-01,2022-02-03,2022,2022-02,0.007317071888025121,1,0.49657713528301506,0.6649098508632126,0.5386603141780645,3045
2022-02-01,2022-02-02,2022-02-04,2022,2022-02,0.004446231486271934,1,0.4780947177980394,0.5547266345553659,0.497252696987371,3050
2022-02-02,2022-02-03,2022-02-07,2022,2022-02,0.005064843452460646,1,0.47317173808352125,0.520000124164677,0.4848788346038102,3050
2022-02-03,2022-02-04,2022-02-08,2022,2022-02,0.009517969639527382,1,0.45182810882468183,0.4735297752060108,0.4572535254200141,3050
2022-02-04,2022-02-07,2022-02-09,2022,2022-02,0.007439673039072517,1,0.44560785505308015,0.46794775479901346,0.45119282998956345,3050
2022-02-07,2022-02-08,2022-02-10,2022,2022-02,0.01161000566538552,1,0.4819714563652234,0.491129720371872,0.48426102236688556,3050
2022-02-08,2022-02-09,2022-02-11,2022,2022-02,0.0028788833373012907,1,0.4902577873322701,0.43346160203289,0.47605874100742507,3055
2022-02-09,2022-02-10,2022-02-14,2022,2022-02,0.015038693806039543,1,0.5025250695183466,0.4758995365856051,0.4958686862851613,3055
2022-02-10,2022-02-11,2022-02-15,2022,2022-02,0.012366594658198215,1,0.5077474888061271,0.44551479484979745,0.4921893153170447,3055
2022-02-11,2022-02-14,2022-02-16,2022,2022-02,0.015296509520578032,1,0.5080458110093515,0.4599435262164432,0.4960202398111244,3055
2022-02-14,2022-02-15,2022-02-17,2022,2022-02,0.016433894242195227,1,0.4748685251428626,0.4824027508662985,0.47675208157372156,3055
2022-02-15,2022-02-16,2022-02-18,2022,2022-02,0.017023165987848313,1,0.47793841303899165,0.4382049236795993,0.46800504069914356,3060
2022-02-16,2022-02-17,2022-02-21,2022,2022-02,0.02189508375867954,1,0.49234675539901684,0.5064085280678191,0.4958621985662174,3060
2022-02-17,2022-02-18,2022-02-22,2022,2022-02,0.0044690743552524975,1,0.45066272634217314,0.43299278078905623,0.44624523995389387,3060
2022-02-18,2022-02-21,2022-02-23,2022,2022-02,0.004626394515343667,1,0.4533541732325839,0.48355935237511705,0.4609054680182172,3060
2022-02-21,2022-02-22,2022-02-24,2022,2022-02,0.037739350983846,1,0.41551141585025747,0.4621405576460813,0.4271687012992134,3060
2022-02-22,2022-02-23,2022-02-25,2022,2022-02,0.009009424900477032,1,0.4661247859696477,0.5596197564303959,0.48949852858483467,3065
2022-02-23,2022-02-24,2022-02-28,2022,2022-02,0.004001058246219093,1,0.45927196296950584,0.5323912163223463,0.47755177630771595,3065
2022-02-24,2022-02-25,2022-03-01,2022,2022-02,-0.024636094767715028,0,0.49465182709489985,0.4769215021958995,0.49021924587014976,3065
2022-02-25,2022-02-28,2022-03-02,2022,2022-02,0.007217049941067154,1,0.49719332145882955,0.4420051236400393,0.483396272004132,3065
2022-02-28,2022-03-01,2022-03-03,2022,2022-03,0.01672480175310397,1,0.5496625382718794,0.5435447622381299,0.548133094263442,3065
2022-03-01,2022-03-02,2022-03-04,2022,2022-03,0.012085286509072495,1,0.5390896549896566,0.5331649612905563,0.5376084815648815,3070
2022-03-02,2022-03-03,2022-03-07,2022,2022-03,0.03732679685392841,1,0.5456630951012211,0.5045473942175992,0.5353841698803157,3070
2022-03-03,2022-03-04,2022-03-08,2022,2022-03,0.03632704634949589,1,0.5620385172318093,0.4898960373163323,0.54400289725294,3070
2022-03-04,2022-03-07,2022-03-09,2022,2022-03,0.03704080399276734,1,0.49283600605687106,0.4506669805012051,0.4822937496679546,3070
2022-03-07,2022-03-08,2022-03-10,2022,2022-03,-0.0008006205236386715,0,0.4478843820654673,0.459075653673861,0.4506821999675657,3070
2022-03-08,2022-03-09,2022-03-11,2022,2022-03,-0.007778053193307618,0,0.4133132062640811,0.7245709682758112,0.49112764676701365,3075
2022-03-09,2022-03-10,2022-03-14,2022,2022-03,-0.02792515732024528,0,0.39684849712651993,0.6581834299779749,0.46218223033938366,3075
2022-03-10,2022-03-11,2022-03-15,2022,2022-03,-0.03509936501099007,0,0.47651653713812864,0.7975831750072475,0.5567831966054084,3075
2022-03-11,2022-03-14,2022-03-16,2022,2022-03,-0.03718908426752321,0,0.5172696828398096,0.7612773940404336,0.5782716106399656,3075
2022-03-14,2022-03-15,2022-03-17,2022,2022-03,-0.010351104463766232,0,0.6113228034215669,0.8730024732882192,0.67674272088823,3075
2022-03-15,2022-03-16,2022-03-18,2022,2022-03,0.0021493411353357902,1,0.6156007937278399,0.8682055739042916,0.6787519887719529,3080
2022-03-16,2022-03-17,2022-03-21,2022,2022-03,0.00327800907503219,1,0.6316761520446083,0.8810778738607402,0.6940265824986412,3080
2022-03-17,2022-03-18,2022-03-22,2022,2022-03,-0.006226203669630252,0,0.5869116294914541,0.6976324204512887,0.6145918272314128,3080
2022-03-18,2022-03-21,2022-03-23,2022,2022-03,-0.00038809330249989297,0,0.5933160553842681,0.5991751226402597,0.594780822198266,3080
2022-03-21,2022-03-22,2022-03-24,2022,2022-03,0.010772653553570752,1,0.5522254500585825,0.5257017560979718,0.5455945265684299,3080
2022-03-22,2022-03-23,2022-03-25,2022,2022-03,0.014050668621695473,1,0.542847846371164,0.3817278842846519,0.502567855849536,3085
2022-03-23,2022-03-24,2022-03-28,2022,2022-03,-0.0026689830958402574,0,0.505783259259191,0.3350657284443314,0.4631038765554761,3085
2022-03-24,2022-03-25,2022-03-29,2022,2022-03,-0.018071765754238234,0,0.5146187633295123,0.33734624269628166,0.47030063317120463,3085
2022-03-25,2022-03-28,2022-03-30,2022,2022-03,-0.02005513151061044,0,0.5519995611610605,0.320076245221127,0.4940187321760771,3085
2022-03-28,2022-03-29,2022-03-31,2022,2022-03,-0.0015060634873958138,0,0.537922802361025,0.4193029768872961,0.5082678459925928,3085
2022-03-29,2022-03-30,2022-04-01,2022,2022-03,0.011601420309026281,1,0.5755042937707454,0.48000722678995794,0.5516300270255485,3090
2022-03-30,2022-03-31,2022-04-04,2022,2022-03,0.004837586484294144,1,0.576550935358531,0.494204948215026,0.5559644385726548,3090
2022-03-31,2022-04-01,2022-04-05,2022,2022-04,0.0027766622658635027,1,0.5511868876361781,0.42776985990023675,0.5203326307021927,3090
2022-04-01,2022-04-04,2022-04-06,2022,2022-04,-0.0022525156131691653,0,0.540346897159596,0.3574755731124086,0.4946290661477992,3090
2022-04-04,2022-04-05,2022-04-07,2022,2022-04,-0.00036330608937299065,0,0.5351363078856919,0.3393859599857375,0.48619872091070326,3090
2022-04-05,2022-04-06,2022-04-08,2022,2022-04,0.0009065831504328351,1,0.5390316163103803,0.290808476428697,0.47697583133995947,3095
2022-04-06,2022-04-07,2022-04-11,2022,2022-04,0.014334303622238469,1,0.5307771224383635,0.30097081720295815,0.47332554612951216,3095
2022-04-07,2022-04-08,2022-04-12,2022,2022-04,0.012894087559347695,1,0.548739354774726,0.42191441574977584,0.5170331200184886,3095
2022-04-08,2022-04-11,2022-04-13,2022,2022-04,0.022553401259575577,1,0.5786091566403688,0.455767322352749,0.5478986980684639,3095
2022-04-11,2022-04-12,2022-04-14,2022,2022-04,0.007002027360406584,1,0.5483068880274461,0.3992404170087555,0.5110402702727734,3095
2022-04-12,2022-04-13,2022-04-19,2022,2022-04,0.0125022316700962,1,0.5219502537901527,0.4601973433316993,0.5065120261755394,3100
2022-04-13,2022-04-14,2022-04-20,2022,2022-04,-0.014122800246559382,0,0.5465296672436183,0.32138052060067474,0.49024238058288244,3100
2022-04-14,2022-04-19,2022-04-21,2022,2022-04,-0.012587775203242994,0,0.5225692544930283,0.34294935455542036,0.4776642795086263,3100
2022-04-19,2022-04-20,2022-04-22,2022,2022-04,-0.017330925492675685,0,0.529774866463846,0.33209129227085776,0.4803539729155989,3100
2022-04-20,2022-04-21,2022-04-25,2022,2022-04,-0.014924298992229789,0,0.535447746451585,0.5106752551385418,0.5292546236233242,3100
2022-04-21,2022-04-22,2022-04-26,2022,2022-04,-0.02210852904688806,0,0.5178067521548544,0.3911880924421968,0.48615208722669,3105
2022-04-22,2022-04-25,2022-04-27,2022,2022-04,-0.023892855241593913,0,0.5116791997623706,0.519061205581424,0.513524701217134,3105
2022-04-25,2022-04-26,2022-04-28,2022,2022-04,-0.015071044310365335,0,0.5156231694891616,0.5529046820149599,0.5249435476206112,3105
2022-04-26,2022-04-27,2022-04-29,2022,2022-04,0.0063108213165653055,1,0.5939059736587163,0.7575321419212224,0.6348125157243429,3105
2022-04-27,2022-04-28,2022-05-03,2022,2022-04,-0.020378696997551377,0,0.5721742046022696,0.6377889903060432,0.5885779010282131,3105
2022-04-28,2022-04-29,2022-05-04,2022,2022-04,-0.011333827125478467,0,0.5793520376418126,0.5416663514435179,0.5699306160922389,3110
2022-04-29,2022-05-03,2022-05-05,2022,2022-05,-0.010628208110232674,0,0.5160023367145458,0.4215088997555851,0.4923789774748056,3110
2022-05-03,2022-05-04,2022-05-06,2022,2022-05,0.014109581516319773,1,0.5538210030843621,0.5135720949571221,0.5437587760525521,3110
2022-05-04,2022-05-05,2022-05-09,2022,2022-05,-0.0017674946354463436,0,0.47758361776390695,0.507050923691315,0.48495044424575895,3110
2022-05-05,2022-05-06,2022-05-10,2022,2022-05,-0.017538939788190093,0,0.4216737024110943,0.543424047774466,0.4521112887519372,3110
2022-05-06,2022-05-09,2022-05-11,2022,2022-05,-0.017425261235046154,0,0.43519584083580426,0.4519448122632637,0.4393830836926691,3115
2022-05-09,2022-05-10,2022-05-12,2022,2022-05,-0.00788454496955545,0,0.46484414190786827,0.5209387880901737,0.4788678034534446,3115
2022-05-10,2022-05-11,2022-05-13,2022,2022-05,-0.02064389931032764,0,0.48469690975144425,0.7787516489419513,0.558210594549071,3115
2022-05-11,2022-05-12,2022-05-16,2022,2022-05,-0.02512743102001981,0,0.49734823884057605,0.8534758434743426,0.5863801399990176,3115
2022-05-12,2022-05-13,2022-05-17,2022,2022-05,-0.012341137385586691,0,0.45045266251467025,0.7022306313872616,0.5133971547328181,3115
2022-05-13,2022-05-16,2022-05-18,2022,2022-05,-0.0031295493190143173,0,0.4886825660575824,0.7910556203734956,0.5642758296365608,3120
2022-05-16,2022-05-17,2022-05-19,2022,2022-05,0.0108776046034515,1,0.5418778410005413,0.8415168068809292,0.6167875824706383,3120
2022-05-17,2022-05-18,2022-05-20,2022,2022-05,0.009933811464076321,1,0.5931815717445506,0.8721547622815793,0.6629248693788077,3120
2022-05-18,2022-05-19,2022-05-23,2022,2022-05,0.024873662074372038,1,0.5938861626613648,0.8544810966553241,0.6590348961598547,3120
2022-05-19,2022-05-20,2022-05-24,2022,2022-05,0.01794220464640878,1,0.594485170754246,0.7004655624965114,0.6209802686898124,3120
2022-05-20,2022-05-23,2022-05-25,2022,2022-05,0.006881968138793213,1,0.5947468805303938,0.73863833793283,0.6307197448810029,3125
2022-05-23,2022-05-24,2022-05-26,2022,2022-05,-0.010325072518512014,0,0.49122080002544605,0.6071023472079737,0.520191186821078,3125
2022-05-24,2022-05-25,2022-05-27,2022,2022-05,0.00018829605575402777,1,0.4795351046719426,0.6853118571485168,0.5309792927910861,3125
2022-05-25,2022-05-26,2022-05-30,2022,2022-05,-0.000968705508574975,0,0.4905860393617072,0.7693682481448374,0.5602815915574897,3125
2022-05-26,2022-05-27,2022-05-31,2022,2022-05,0.005000618602583459,1,0.513342760414154,0.7675686014453614,0.5768992206719559,3125
2022-05-27,2022-05-30,2022-06-01,2022,2022-05,-0.01585979320847262,0,0.5367496689338638,0.8153615213412816,0.6064026320357182,3130
2022-05-30,2022-05-31,2022-06-06,2022,2022-05,-0.003100777678248271,0,0.5453667271405251,0.7550071603167046,0.59777683543457,3130
2022-05-31,2022-06-01,2022-06-07,2022,2022-06,-0.004106781952653471,0,0.5156773287113098,0.721251755125775,0.567070935314926,3130
2022-06-01,2022-06-06,2022-06-08,2022,2022-06,0.010141330237734966,1,0.5309072846261982,0.7100915004162804,0.5757033385737187,3130
2022-06-06,2022-06-07,2022-06-09,2022,2022-06,-0.0012159698856903825,0,0.49219298317533094,0.5572857077848804,0.5084661643277183,3130
2022-06-07,2022-06-08,2022-06-10,2022,2022-06,-0.001869843234117907,0,0.43866690647167683,0.5547229096551987,0.4676809072675573,3135
2022-06-08,2022-06-09,2022-06-13,2022,2022-06,0.004103345119839076,1,0.4440584597141863,0.5038887742777706,0.4590160383550823,3135
2022-06-09,2022-06-10,2022-06-14,2022,2022-06,-0.013940164211079803,0,0.4727101958112789,0.6057498171556903,0.5059701011473817,3135
2022-06-10,2022-06-13,2022-06-15,2022,2022-06,-0.011018794152201968,0,0.49583024585794644,0.5214723600499159,0.5022407744059388,3135
2022-06-13,2022-06-14,2022-06-16,2022,2022-06,-0.013234091454564358,0,0.5253197035555494,0.5205684042233644,0.5241318787225031,3135
2022-06-14,2022-06-15,2022-06-17,2022,2022-06,0.014264567447143509,1,0.5826952587452447,0.7124129001148312,0.6151246690876413,3140
2022-06-15,2022-06-16,2022-06-20,2022,2022-06,0.009851758696572566,1,0.5898769233475534,0.6856141519140463,0.6138112304891766,3140
2022-06-16,2022-06-17,2022-06-21,2022,2022-06,0.0026989833861918674,1,0.5479601016495947,0.530081285694088,0.543490397660718,3140
2022-06-17,2022-06-20,2022-06-22,2022,2022-06,-0.012265087193492195,0,0.5550166460769437,0.5428374710760704,0.5519718523267254,3140
2022-06-20,2022-06-21,2022-06-23,2022,2022-06,-0.005336831269454526,0,0.5300258801786082,0.44199610860894906,0.5080184372861934,3140
2022-06-21,2022-06-22,2022-06-24,2022,2022-06,-0.005460019024384763,0,0.5231971864578784,0.5666095748221076,0.5340502835489357,3145
2022-06-22,2022-06-23,2022-06-27,2022,2022-06,0.005865759517121371,1,0.516399617206715,0.5365802971316405,0.5214447871879464,3145
2022-06-23,2022-06-24,2022-06-28,2022,2022-06,-0.0024054242956251274,0,0.5127213960920873,0.45097084725210745,0.49728375888209236,3145
2022-06-24,2022-06-27,2022-06-29,2022,2022-06,-0.008053144515940126,0,0.5175393018844479,0.46918117684824284,0.5054497706253966,3145
2022-06-27,2022-06-28,2022-06-30,2022,2022-06,-0.013391406834350835,0,0.5348894625672668,0.6203252076226125,0.5562483988311031,3145
2022-06-28,2022-06-29,2022-07-01,2022,2022-06,-0.017308204012518123,0,0.5460227083473245,0.5539962132610584,0.5480160845757579,3150
2022-06-29,2022-06-30,2022-07-04,2022,2022-06,-0.002652741338425605,0,0.5402988343165828,0.5949412725824376,0.5539594438830464,3150
2022-06-30,2022-07-01,2022-07-05,2022,2022-07,-0.005085693659078278,0,0.49490763064760046,0.41679940830420503,0.47538057506175163,3150
2022-07-01,2022-07-04,2022-07-06,2022,2022-07,-0.016281975500149322,0,0.499381526103145,0.4913735667901002,0.4973795362748838,3150
2022-07-04,2022-07-05,2022-07-07,2022,2022-07,-0.03582977262314477,0,0.48714017211007554,0.3348581151535163,0.4490696578709357,3150
2022-07-05,2022-07-06,2022-07-08,2022,2022-07,-0.038039854445477785,0,0.5177496242125805,0.37348958692377293,0.4816846148903786,3155
2022-07-06,2022-07-07,2022-07-11,2022,2022-07,-0.016695355039519064,0,0.5587395335116869,0.5317394482682283,0.5519895122008223,3155
2022-07-07,2022-07-08,2022-07-12,2022,2022-07,-0.0052332053413304625,0,0.6336559558537027,0.880181639260662,0.6952873767054425,3155
2022-07-08,2022-07-11,2022-07-13,2022,2022-07,-0.004702903978032736,0,0.6094632099081618,0.7931296243435689,0.6553798135170136,3155
2022-07-11,2022-07-12,2022-07-14,2022,2022-07,-0.012306333010757542,0,0.5751088210690928,0.747755821820966,0.6182705712570611,3155
2022-07-12,2022-07-13,2022-07-15,2022,2022-07,-0.01850557624845289,0,0.5110053815631326,0.6012716906775831,0.5335719588417452,3160
2022-07-13,2022-07-14,2022-07-18,2022,2022-07,-0.0030412327389779375,0,0.5569069327838181,0.6999321254573496,0.592663230952201,3160
2022-07-14,2022-07-15,2022-07-19,2022,2022-07,-0.0018663794750221497,0,0.538159772106358,0.6407041902253465,0.5637958766361051,3160
2022-07-15,2022-07-18,2022-07-20,2022,2022-07,0.005914751373324251,1,0.5693616445411546,0.6935440760285172,0.6004072524129953,3160
2022-07-18,2022-07-19,2022-07-21,2022,2022-07,-0.02175911311117733,0,0.5657167203596865,0.6676789701391778,0.5912072828045593,3160
2022-07-19,2022-07-20,2022-07-22,2022,2022-07,0.007010020125419715,1,0.5407874093838658,0.6585769095146897,0.5702347844165718,3165
2022-07-20,2022-07-21,2022-07-25,2022,2022-07,0.011206062804036675,1,0.4926098317387661,0.4942954618966261,0.4930312392782311,3165
2022-07-21,2022-07-22,2022-07-26,2022,2022-07,0.01955205544164552,1,0.4931708469298246,0.627938912714081,0.5268628633758887,3165
2022-07-22,2022-07-25,2022-07-27,2022,2022-07,-0.000608880982582765,0,0.4991435984205158,0.5060063448490582,0.5008592850276514,3165
2022-07-25,2022-07-26,2022-07-28,2022,2022-07,0.008423099634228192,1,0.4856347561955634,0.5064236498456169,0.4908319796080768,3165
2022-07-26,2022-07-27,2022-07-29,2022,2022-07,0.022451535936058333,1,0.4980291205372809,0.5440997144255952,0.5095467690093595,3170
2022-07-27,2022-07-28,2022-08-01,2022,2022-07,0.024523531088086387,1,0.5122923493497632,0.651215802519683,0.5470232126422432,3170
2022-07-28,2022-07-29,2022-08-02,2022,2022-07,0.014945582924702295,1,0.5143885084529305,0.5927225984736694,0.5339720309581152,3170
2022-07-29,2022-08-01,2022-08-03,2022,2022-08,0.004368181672752579,1,0.5566827996234952,0.7151696205112755,0.5963045048454403,3170
2022-08-01,2022-08-02,2022-08-04,2022,2022-08,0.0062911919515624085,1,0.5613624817357222,0.7093655187305935,0.59836324098444,3170
2022-08-02,2022-08-03,2022-08-05,2022,2022-08,0.0077817031957534925,1,0.5649673566898175,0.7575791503374039,0.613120305101714,3175
2022-08-03,2022-08-04,2022-08-08,2022,2022-08,0.005137916053757383,1,0.5303307534726277,0.732495299864872,0.5808718900706888,3175
2022-08-04,2022-08-05,2022-08-09,2022,2022-08,0.00711786667752945,1,0.5422209690163483,0.6941713336884215,0.5802085601843666,3175
2022-08-05,2022-08-08,2022-08-10,2022,2022-08,0.0037706908722490023,1,0.46922740061641116,0.4123820650043928,0.45501606671340655,3175
2022-08-08,2022-08-09,2022-08-11,2022,2022-08,0.007853296658573544,1,0.4591019296741723,0.574354939579216,0.4879151821504332,3175
2022-08-09,2022-08-10,2022-08-12,2022,2022-08,-0.0012014362798049177,0,0.47785886993341464,0.5174569206473035,0.48775838261188686,3180
2022-08-10,2022-08-11,2022-08-15,2022,2022-08,-0.006741378556628373,0,0.46641971407381494,0.5545101878548777,0.48844233251908065,3180
2022-08-11,2022-08-12,2022-08-16,2022,2022-08,-0.007599907578287186,0,0.47157591504972496,0.5432692040945549,0.4894992373109325,3180
2022-08-12,2022-08-15,2022-08-17,2022,2022-08,-0.00830975276607859,0,0.4765748143989783,0.5319271973918812,0.490412910147204,3180
2022-08-15,2022-08-16,2022-08-18,2022,2022-08,-0.00893706347318225,0,0.46940095245296926,0.5996947297998664,0.5019743967896936,3180
2022-08-16,2022-08-17,2022-08-19,2022,2022-08,-0.013176541216574484,0,0.4801842943696842,0.49815880681679064,0.4846779224814608,3185
2022-08-17,2022-08-18,2022-08-22,2022,2022-08,-0.023300972907445996,0,0.48441423264084055,0.40281173611769605,0.46401360851005446,3185
2022-08-18,2022-08-19,2022-08-23,2022,2022-08,-0.014921604655566351,0,0.5032754230908892,0.487112534028609,0.4992347008253192,3185
2022-08-19,2022-08-22,2022-08-24,2022,2022-08,-0.0005135667321643417,0,0.49332415664669765,0.39420099296501493,0.468543365726277,3185
2022-08-22,2022-08-23,2022-08-25,2022,2022-08,0.01693791924140737,1,0.5064487003795218,0.5173018973252266,0.509161999615948,3185
2022-08-23,2022-08-24,2022-08-26,2022,2022-08,0.007246097206081609,1,0.5085222287332398,0.4089854536763545,0.48363803496901847,3190
2022-08-24,2022-08-25,2022-08-30,2022,2022-08,-0.010327114155849628,0,0.5059168053542291,0.30188264174490304,0.4549082644518976,3190
2022-08-25,2022-08-26,2022-08-31,2022,2022-08,-0.028780621217342373,0,0.5008937350183911,0.3469108506346771,0.4623980139224626,3190
2022-08-26,2022-08-30,2022-09-01,2022,2022-08,-0.026663619441417402,0,0.5342032955105185,0.5424736993206009,0.536270896463039,3190
2022-08-30,2022-08-31,2022-09-02,2022,2022-08,-0.015752018570199845,0,0.5135125335962906,0.5596163825068299,0.5250384958239254,3190
2022-08-31,2022-09-01,2022-09-05,2022,2022-09,-0.0002628236030723869,0,0.5098385386159218,0.44594677386461434,0.4938655974280949,3195
2022-09-01,2022-09-02,2022-09-06,2022,2022-09,0.003802842084755968,1,0.5301289469269646,0.45775653472866423,0.5120358438773894,3195
2022-09-02,2022-09-05,2022-09-07,2022,2022-09,-0.0010844239694581725,0,0.5280181584304968,0.4196306951682135,0.500921292614926,3195
2022-09-05,2022-09-06,2022-09-08,2022,2022-09,0.004836557414870388,1,0.5407502179507153,0.45874124189600046,0.5202479739370366,3195
2022-09-06,2022-09-07,2022-09-09,2022,2022-09,0.008402555651402703,1,0.5595719595589004,0.541787035113154,0.5551257284474638,3195
2022-09-07,2022-09-08,2022-09-12,2022,2022-09,0.012501802029217789,1,0.5557281449066055,0.5219777267535279,0.5472905403683361,3200
2022-09-08,2022-09-09,2022-09-13,2022,2022-09,0.003945121584769946,1,0.5495008004254853,0.5988292875590628,0.5618329222088797,3200
2022-09-09,2022-09-12,2022-09-14,2022,2022-09,-0.013495796179043035,0,0.5194181356049649,0.5411922061288034,0.5248616532359245,3200
2022-09-12,2022-09-13,2022-09-15,2022,2022-09,-0.02195960002224698,0,0.5262797212872448,0.6308999475007814,0.5524347778406289,3200
2022-09-13,2022-09-14,2022-09-16,2022,2022-09,-0.037010136074678485,0,0.5797532186986931,0.8208134577424969,0.6400182784596441,3200
2022-09-14,2022-09-15,2022-09-20,2022,2022-09,-0.021295700525612513,0,0.5885862864064967,0.8561992918071701,0.6554895377566651,3205
2022-09-15,2022-09-16,2022-09-21,2022,2022-09,-0.008651884678949192,0,0.6008254866292713,0.8541353958119802,0.6641529639249485,3205
2022-09-16,2022-09-20,2022-09-22,2022,2022-09,0.004526183108861215,1,0.6102976075939015,0.8882561044390497,0.6797872318051885,3205
2022-09-20,2022-09-21,2022-09-23,2022,2022-09,-0.0038746350304871458,0,0.5910774705282783,0.8015523240582174,0.6436961839107631,3205
2022-09-21,2022-09-22,2022-09-26,2022,2022-09,-0.016529301951210582,0,0.5133723004108355,0.6518968978339894,0.548003449766624,3205
2022-09-22,2022-09-23,2022-09-27,2022,2022-09,-0.02375696168428641,0,0.4978320115395465,0.6224446346194682,0.5289851673095269,3210
2022-09-23,2022-09-26,2022-09-28,2022,2022-09,-0.02637629467890105,0,0.5088675515635028,0.5895612752150434,0.529040982476388,3210
2022-09-26,2022-09-27,2022-09-29,2022,2022-09,-0.0002428953133147158,0,0.5286111929838307,0.7334947813831323,0.5798320900836561,3210
2022-09-27,2022-09-28,2022-09-30,2022,2022-09,0.024295142645670783,1,0.6017992072820174,0.8751160173316198,0.670128409794418,3210
2022-09-28,2022-09-29,2022-10-03,2022,2022-09,0.025984993597830228,1,0.5790505422883339,0.7949866939326758,0.6330345801994194,3210
2022-09-29,2022-09-30,2022-10-04,2022,2022-09,0.03728361502574645,1,0.5420442856295945,0.5056653067114324,0.532949540900054,3215
2022-09-30,2022-10-03,2022-10-05,2022,2022-10,0.023280912023061377,1,0.5102292018479254,0.40223445346385867,0.48323051475190876,3215
2022-10-03,2022-10-04,2022-10-06,2022,2022-10,0.03269658707633822,1,0.5294165721707739,0.6913902326928243,0.5699099873012865,3215
2022-10-04,2022-10-05,2022-10-07,2022,2022-10,0.0013740080801679388,1,0.5507187399997592,0.6980250799168511,0.5875453249790322,3215
2022-10-05,2022-10-06,2022-10-10,2022,2022-10,-0.01892633582679803,0,0.4780980309969164,0.40131783086361644,0.45890298096359144,3215
2022-10-06,2022-10-07,2022-10-11,2022,2022-10,-0.030681518498731405,0,0.47795340462299113,0.601788095738254,0.5089120774018068,3220
2022-10-07,2022-10-10,2022-10-12,2022,2022-10,-0.023170254583162922,0,0.5396095575434777,0.6882967790608356,0.5767813629228172,3220
2022-10-10,2022-10-11,2022-10-13,2022,2022-10,-0.0021749178082732536,0,0.48067153074764585,0.5849459716232902,0.506740140966557,3220
2022-10-11,2022-10-12,2022-10-14,2022,2022-10,-0.005422843403978008,0,0.5083916999994895,0.5554789280524854,0.5201635070127385,3220
2022-10-12,2022-10-13,2022-10-17,2022,2022-10,-0.008587867691836863,0,0.5325005937951418,0.545910148340223,0.5358529824314121,3220
2022-10-13,2022-10-14,2022-10-18,2022,2022-10,-0.014510641700354251,0,0.5064799496783912,0.5197954456529814,0.5098088236720387,3225
2022-10-14,2022-10-17,2022-10-19,2022,2022-10,-0.008768659124361422,0,0.5191596948310455,0.44554098221496596,0.5007550166770256,3225
2022-10-17,2022-10-18,2022-10-20,2022,2022-10,-0.015070776249819576,0,0.4494421281499138,0.30527145280778534,0.4133994593143817,3225
2022-10-18,2022-10-19,2022-10-21,2022,2022-10,-0.016907141013922947,0,0.4520982745425921,0.4211504240216797,0.444361311912364,3225
2022-10-19,2022-10-20,2022-10-24,2022,2022-10,0.003437736307218697,1,0.46118335718446474,0.3058265710292157,0.42234416064565244,3225
2022-10-20,2022-10-21,2022-10-25,2022,2022-10,0.005891258015068627,1,0.5296611368261824,0.5701471650120926,0.5397826438726601,3230
2022-10-21,2022-10-24,2022-10-26,2022,2022-10,0.028071699286381,1,0.5446287499081631,0.33936355968068593,0.49331245235129384,3230
2022-10-24,2022-10-25,2022-10-27,2022,2022-10,0.010242864468433827,1,0.5512400815843695,0.7288853164899891,0.5956513903107745,3230
2022-10-25,2022-10-26,2022-10-28,2022,2022-10,0.0038881006424910675,1,0.5076903572074085,0.42675194001025096,0.48745575290811916,3230
2022-10-26,2022-10-27,2022-10-31,2022,2022-10,-0.019307777286365818,0,0.49409590306599627,0.6031866612979657,0.5213685926239886,3230
2022-10-27,2022-10-28,2022-11-01,2022,2022-10,-0.006484031342305585,0,0.44283160907303193,0.3848281094453255,0.4283307341661053,3235
2022-10-28,2022-10-31,2022-11-02,2022,2022-10,0.004356119058269201,1,0.4924334263644615,0.6456143629373549,0.5307286605076849,3235
2022-10-31,2022-11-01,2022-11-03,2022,2022-11,-0.011167473015387511,0,0.49384855218034,0.6220565347131415,0.5259005478135403,3235
2022-11-01,2022-11-02,2022-11-04,2022,2022-11,-0.002271798877934393,0,0.5537066960019678,0.8520596886621457,0.6282949441670123,3235
2022-11-02,2022-11-03,2022-11-07,2022,2022-11,0.014057509654919115,1,0.5167699853854113,0.4796671561805823,0.507494278084204,3235
2022-11-03,2022-11-04,2022-11-08,2022,2022-11,0.03047525030175342,1,0.5417590787197347,0.5796919369842022,0.5512422932858516,3240
2022-11-04,2022-11-07,2022-11-09,2022,2022-11,0.03360533281124864,1,0.5977837423932729,0.8797023187819538,0.6682633864904431,3240
2022-11-07,2022-11-08,2022-11-10,2022,2022-11,0.015212001922673074,1,0.5624450013003307,0.7181112671674065,0.6013615677670996,3240
2022-11-08,2022-11-09,2022-11-11,2022,2022-11,0.05470648365256138,1,0.5029642965013758,0.6393985996323837,0.5370728722841277,3240
2022-11-09,2022-11-10,2022-11-14,2022,2022-11,0.030153909148529872,1,0.49682096222488387,0.5644647737561163,0.513731915107692,3240
2022-11-10,2022-11-11,2022-11-15,2022,2022-11,0.039910489611916455,1,0.47222613330303276,0.5108013019591752,0.4818699254670684,3245
2022-11-11,2022-11-14,2022-11-16,2022,2022-11,0.010400465796077675,1,0.37419740905508275,0.1999490326363911,0.3306353149504098,3245
2022-11-14,2022-11-15,2022-11-17,2022,2022-11,0.004088707817096677,1,0.38590820040237256,0.4184537848154758,0.3940445965056484,3245
2022-11-15,2022-11-16,2022-11-18,2022,2022-11,-0.005847722075176436,0,0.41507544210316794,0.4793437367674905,0.43114251576924856,3245
2022-11-16,2022-11-17,2022-11-21,2022,2022-11,-0.024725559521630695,0,0.4392411940027613,0.38562205737418953,0.4258364098456183,3245
2022-11-17,2022-11-18,2022-11-22,2022,2022-11,-0.00999566921906774,0,0.43440656790751725,0.381281465529504,0.42112529231301393,3250
2022-11-18,2022-11-21,2022-11-23,2022,2022-11,-0.01656944064219884,0,0.5409906877652495,0.7097050914684025,0.5831692886910378,3250
2022-11-21,2022-11-22,2022-11-24,2022,2022-11,0.008927353347329777,1,0.5257089586939161,0.47960596590714105,0.5141832104972224,3250
2022-11-22,2022-11-23,2022-11-25,2022,2022-11,0.00374227343942034,1,0.5613040764735978,0.6015473840616122,0.5713649033706014,3250
2022-11-23,2022-11-24,2022-11-28,2022,2022-11,0.015520583658315016,1,0.5318790637581625,0.39303771397279663,0.4971687263118211,3250
2022-11-24,2022-11-25,2022-11-29,2022,2022-11,5.697031847940587e-05,1,0.5333945182037714,0.4751498780344832,0.5188333581614494,3255
2022-11-25,2022-11-28,2022-11-30,2022,2022-11,0.003472621046362257,1,0.5185342151229976,0.3339465084878394,0.4723872884642081,3255
2022-11-28,2022-11-29,2022-12-01,2022,2022-11,0.009428439640188909,1,0.5034038080863074,0.35080399809459284,0.46525385558837873,3255
2022-11-29,2022-11-30,2022-12-02,2022,2022-11,0.025534977553634614,1,0.5028001834823812,0.37475012515351813,0.47078766890016543,3255
2022-11-30,2022-12-01,2022-12-05,2022,2022-12,0.0195279137307065,1,0.48243373091610287,0.4348775911072951,0.4705446959639009,3255
2022-12-01,2022-12-02,2022-12-06,2022,2022-12,-0.0035182068122313484,0,0.47464749751270746,0.3812231276309387,0.4512914050422653,3260
2022-12-02,2022-12-05,2022-12-07,2022,2022-12,-0.01617904630033594,0,0.44355534019366333,0.3489125348297137,0.4198946388526759,3260
2022-12-05,2022-12-06,2022-12-08,2022,2022-12,-0.006654016946400597,0,0.5011232368586701,0.6394811321803248,0.5357127106890838,3260
2022-12-06,2022-12-07,2022-12-09,2022,2022-12,0.011019781485477597,1,0.5601765589729417,0.6134102390320528,0.5734849789877194,3260
2022-12-07,2022-12-08,2022-12-12,2022,2022-12,0.010526560730919192,1,0.5755535724307741,0.5686654037388608,0.5738315302577958,3260
2022-12-08,2022-12-09,2022-12-13,2022,2022-12,0.0015136228924136018,1,0.6047347839656225,0.6588825234160209,0.6182717188282221,3265
2022-12-09,2022-12-12,2022-12-14,2022,2022-12,0.008441680698133131,1,0.5713367152223721,0.6271404740468763,0.5852876549284981,3265
2022-12-12,2022-12-13,2022-12-15,2022,2022-12,-0.008215268197400814,0,0.5668130878722621,0.4714219339723756,0.5429652993972905,3265
2022-12-13,2022-12-14,2022-12-16,2022,2022-12,-0.0028048148979949814,0,0.5251887064908501,0.3868473553775102,0.49060336871251514,3265
2022-12-14,2022-12-15,2022-12-19,2022,2022-12,-0.006491547749692701,0,0.5191525378446542,0.3023619394138239,0.46495488823694664,3265
2022-12-15,2022-12-16,2022-12-20,2022,2022-12,0.016972743647394657,1,0.5315432851198236,0.4775953036349804,0.5180562897486128,3270
2022-12-16,2022-12-19,2022-12-21,2022,2022-12,0.018561049324393494,1,0.4842019700218028,0.202467117683393,0.4137682569372004,3270
2022-12-19,2022-12-20,2022-12-22,2022,2022-12,0.010355326912058514,1,0.5183006380054628,0.3540028692832595,0.477226195824912,3270
2022-12-20,2022-12-21,2022-12-23,2022,2022-12,-0.004967058425776355,0,0.4951837074295738,0.40796433897620976,0.4733788653162328,3270
2022-12-21,2022-12-22,2022-12-28,2022,2022-12,-0.006000875273137357,0,0.5569327864589904,0.5441498854566394,0.5537370612084026,3270
2022-12-22,2022-12-23,2022-12-29,2022,2022-12,-0.005413480601577413,0,0.5174902141471124,0.4118198067987198,0.4910726123100142,3275
2022-12-23,2022-12-28,2022-12-30,2022,2022-12,0.008283169459183498,1,0.5457105399837673,0.5419283529826084,0.5447649932334776,3275
2022-12-28,2022-12-29,2023-01-03,2022,2022-12,0.017813924624035294,1,0.5432649012381369,0.40465623976100984,0.5086127358688551,3275
2022-12-29,2022-12-30,2023-01-04,2022,2022-12,0.028476241265983245,1,0.4844108593757562,0.2663285303457286,0.4298902771182493,3275
2022-12-30,2023-01-03,2023-01-05,2023,2023-01,0.020696419394119148,1,0.4757471549719287,0.20291677616457907,0.4075395602700913,3275
2023-01-03,2023-01-04,2023-01-06,2023,2023-01,-0.0002997642785183774,0,0.42322010449557607,0.16435224584759311,0.3585031398335803,3280
2023-01-04,2023-01-05,2023-01-09,2023,2023-01,0.008710039387050072,1,0.3572312528648721,0.09368353660320353,0.29134432379945496,3280
2023-01-05,2023-01-06,2023-01-10,2023,2023-01,0.013394555305117769,1,0.35313988516874045,0.10807263089100047,0.2918730715993055,3280
2023-01-06,2023-01-09,2023-01-11,2023,2023-01,0.026757898928242603,1,0.38750763975254376,0.2713498571142637,0.35846819409297376,3280
2023-01-09,2023-01-10,2023-01-12,2023,2023-01,0.00495090047450777,1,0.43957528127502815,0.334032389880628,0.4131895584264281,3280
2023-01-10,2023-01-11,2023-01-13,2023,2023-01,0.015267876128017817,1,0.3995258392624115,0.404590813309809,0.40079208277426087,3285
2023-01-11,2023-01-12,2023-01-16,2023,2023-01,0.016239976848934638,1,0.45173211944519465,0.5295678587680857,0.4711910542759174,3285
2023-01-12,2023-01-13,2023-01-17,2023,2023-01,0.011536406505594479,1,0.4778376400562162,0.5539591822543998,0.49686802560576215,3285
2023-01-13,2023-01-16,2023-01-18,2023,2023-01,0.003931234751612614,1,0.4210594747840668,0.35421354991401144,0.40434799356655293,3285
2023-01-16,2023-01-17,2023-01-19,2023,2023-01,-0.003976356413901828,0,0.51255415297284,0.6804998275651799,0.5545405716209251,3285
2023-01-17,2023-01-18,2023-01-20,2023,2023-01,0.012416363180180516,1,0.5499776602721318,0.6829638482538466,0.5832242072675605,3290
2023-01-18,2023-01-19,2023-01-23,2023,2023-01,0.00815374103833767,1,0.5375911764867565,0.6329646321851432,0.5614345404113532,3290
2023-01-19,2023-01-20,2023-01-24,2023,2023-01,0.015088735796194734,1,0.5049221385188338,0.4764613705757175,0.49780694653305474,3290
2023-01-20,2023-01-23,2023-01-25,2023,2023-01,-0.001504695972168291,0,0.5298603176314512,0.600424972243476,0.5475014812844574,3290
2023-01-23,2023-01-24,2023-01-26,2023,2023-01,0.004788227542859076,1,0.4940316167163867,0.5221530272032393,0.5010619693380998,3290
2023-01-24,2023-01-25,2023-01-27,2023,2023-01,-0.004269364140698367,0,0.46641143346451713,0.5369408941670583,0.48404379864015246,3295
2023-01-25,2023-01-26,2023-01-30,2023,2023-01,0.0004672169529002868,1,0.45398323683761643,0.4256628511854248,0.4469031404245685,3295
2023-01-26,2023-01-27,2023-01-31,2023,2023-01,-0.016269409916815476,0,0.46900217425008095,0.4792954723808905,0.4715754987827833,3295
2023-01-27,2023-01-30,2023-02-01,2023,2023-01,-0.0013752483452463742,0,0.5114726096709769,0.48575744315826497,0.505043818042799,3295
2023-01-30,2023-01-31,2023-02-02,2023,2023-01,0.014504395557971223,1,0.5437245256384706,0.5680319116651789,0.5498013721451477,3295
2023-01-31,2023-02-01,2023-02-03,2023,2023-02,0.0025162521139701355,1,0.5628121584486728,0.43533954800896746,0.5309440058387465,3300
2023-02-01,2023-02-02,2023-02-06,2023,2023-02,-0.027429268235120093,0,0.5717900061320864,0.4774533341300784,0.5482058381315844,3300
2023-02-02,2023-02-03,2023-02-07,2023,2023-02,-0.042370586698986,0,0.5550363321641743,0.44844337960770475,0.5283880940250569,3300
2023-02-03,2023-02-06,2023-02-08,2023,2023-02,-0.015432608600344625,0,0.5408831083742529,0.4195042978374955,0.5105384057400636,3300
2023-02-06,2023-02-07,2023-02-09,2023,2023-02,0.004579835462776157,1,0.4831586311865269,0.23198689497111408,0.4203656971326737,3300
2023-02-07,2023-02-08,2023-02-10,2023,2023-02,-0.0051900916418881025,0,0.5438749871557166,0.22333812556055244,0.4637407717569256,3305
2023-02-08,2023-02-09,2023-02-13,2023,2023-02,-0.011900922703024147,0,0.5377873084468933,0.2772181871064289,0.4726450281117772,3305
2023-02-09,2023-02-10,2023-02-14,2023,2023-02,-0.011542905909841117,0,0.4837524545041864,0.19922772004341605,0.4126212708889938,3305
2023-02-10,2023-02-13,2023-02-15,2023,2023-02,-0.015488679843255292,0,0.542882635413924,0.4561644895574045,0.5212030989497941,3305
2023-02-13,2023-02-14,2023-02-16,2023,2023-02,-0.011472608111617714,0,0.5495915715218108,0.41793984322270417,0.5166786394470342,3305
2023-02-14,2023-02-15,2023-02-17,2023,2023-02,-0.019539291910174852,0,0.555867655068206,0.4716829205127117,0.5348214714293325,3310
2023-02-15,2023-02-16,2023-02-20,2023,2023-02,0.004755896073096497,1,0.5655558270359331,0.5544150379964476,0.5627706297760617,3310
2023-02-16,2023-02-17,2023-02-21,2023,2023-02,-0.0022340289907200835,0,0.57341699744359,0.5075852994634146,0.5569590729485462,3310
2023-02-17,2023-02-20,2023-02-22,2023,2023-02,0.004893461014879094,1,0.5663707935434342,0.48108756643436845,0.5450499867661678,3310
2023-02-20,2023-02-21,2023-02-23,2023,2023-02,-0.009397669370271275,0,0.5359082741252699,0.42643933994617855,0.5085410405804971,3310
2023-02-21,2023-02-22,2023-02-24,2023,2023-02,-0.004976358942100152,0,0.6032248368968047,0.6426930432394767,0.6130918884824728,3315
2023-02-22,2023-02-23,2023-02-27,2023,2023-02,-0.01339759229817414,0,0.5534878257201576,0.52003985474212,0.5451258329756482,3315
2023-02-23,2023-02-24,2023-02-28,2023,2023-02,-0.009210573341699141,0,0.502700646129082,0.33626430936530405,0.4610915619381375,3315
2023-02-24,2023-02-27,2023-03-01,2023,2023-02,0.0051399938185118605,1,0.49147528614494335,0.3848446305234762,0.46481762223957657,3315
2023-02-27,2023-02-28,2023-03-02,2023,2023-02,0.012469948446865902,1,0.4892164789671131,0.3713939687532724,0.4597608514136529,3315
2023-02-28,2023-03-01,2023-03-03,2023,2023-03,0.01933999963872154,1,0.4867001332228284,0.3493836424224124,0.4523710105227244,3320
2023-03-01,2023-03-02,2023-03-06,2023,2023-03,0.009877427532389654,1,0.4678587585275139,0.3269167929230836,0.43262326712640636,3320
2023-03-02,2023-03-03,2023-03-07,2023,2023-03,0.006150013941616695,1,0.4643825306559677,0.41951480503265015,0.45316559925013833,3320
2023-03-03,2023-03-06,2023-03-08,2023,2023-03,-0.017601372715681497,0,0.4825679810502249,0.43153095817235326,0.46980872533075696,3320
2023-03-06,2023-03-07,2023-03-09,2023,2023-03,-0.01864220563609587,0,0.44439840839670297,0.2844985164705925,0.40442343541517534,3320
2023-03-07,2023-03-08,2023-03-10,2023,2023-03,-0.004404574820654844,0,0.48914081668532206,0.4880398636937517,0.4888655784374295,3325
2023-03-08,2023-03-09,2023-03-13,2023,2023-03,0.03721221138040763,1,0.4959684712265301,0.4846395843965826,0.4931362495190432,3325
2023-03-09,2023-03-10,2023-03-14,2023,2023-03,0.045154822584680336,1,0.5190062665218725,0.43469519389150196,0.4979284983642799,3325
2023-03-10,2023-03-13,2023-03-15,2023,2023-03,0.03798957205311243,1,0.500406294534425,0.43709559420678595,0.48457861945251524,3325
2023-03-13,2023-03-14,2023-03-16,2023,2023-03,0.019624462487009012,1,0.50211375728737,0.5727398427019443,0.5197702786410136,3325
2023-03-14,2023-03-15,2023-03-17,2023,2023-03,0.01536946245613838,1,0.5068730037532851,0.6878357837946151,0.5521136987636176,3330
2023-03-15,2023-03-16,2023-03-20,2023,2023-03,0.03907440331418813,1,0.5054622004568253,0.670567944594463,0.5467386364912348,3330
2023-03-16,2023-03-17,2023-03-21,2023,2023-03,0.02396295185022764,1,0.5124528195822425,0.6468235948405949,0.5460455133968306,3330
2023-03-17,2023-03-20,2023-03-22,2023,2023-03,0.005654911460812442,1,0.5110782332866223,0.6286945187163095,0.5404823046440441,3330
2023-03-20,2023-03-21,2023-03-23,2023,2023-03,-0.0022225037561097345,0,0.47014419105630406,0.512299269230667,0.4806829605998948,3330
2023-03-21,2023-03-22,2023-03-24,2023,2023-03,0.015244736314613087,1,0.553241748641266,0.8235396208321172,0.6208162166889788,3335
2023-03-22,2023-03-23,2023-03-27,2023,2023-03,0.009430889201725834,1,0.5066009968787909,0.6797259866416102,0.5498822443194957,3335
2023-03-23,2023-03-24,2023-03-28,2023,2023-03,-0.014106258250088004,0,0.5055024479811222,0.5294816180650813,0.511497240502112,3335
2023-03-24,2023-03-27,2023-03-29,2023,2023-03,-0.015295603601871766,0,0.5346082342428053,0.6544113780576121,0.564559020196507,3335
2023-03-27,2023-03-28,2023-03-30,2023,2023-03,0.003996594218360354,1,0.5537156142510478,0.5891802051719472,0.5625817619812726,3335
2023-03-28,2023-03-29,2023-03-31,2023,2023-03,0.014738153831415851,1,0.5894101315546425,0.6394971846017068,0.6019318948164085,3340
2023-03-29,2023-03-30,2023-04-03,2023,2023-03,-0.0013998653325088609,0,0.5573877589735947,0.5110288837389115,0.545798040164924,3340
2023-03-30,2023-03-31,2023-04-04,2023,2023-03,0.007163952823116721,1,0.5817809537258611,0.5506382049344346,0.5739952665280045,3340
2023-03-31,2023-04-03,2023-04-05,2023,2023-04,0.021744877173949264,1,0.5369162973853085,0.37999416787507784,0.49768576500775086,3340
2023-04-03,2023-04-04,2023-04-06,2023,2023-04,0.027210341314628222,1,0.5370046828822053,0.47195346647886344,0.5207418787813698,3340
2023-04-04,2023-04-05,2023-04-11,2023,2023-04,0.00966433628012005,1,0.4917404764935788,0.4058292187177325,0.4702626620496172,3345
2023-04-05,2023-04-06,2023-04-12,2023,2023-04,-0.006648168959399171,0,0.4769597531530506,0.31695655162326614,0.43695895277060454,3345
2023-04-06,2023-04-11,2023-04-13,2023,2023-04,0.004871002497622617,1,0.4561621756019034,0.4934285617720306,0.4654787721444352,3345
2023-04-11,2023-04-12,2023-04-14,2023,2023-04,0.016918278762861137,1,0.5160504771192251,0.5819638874934419,0.5325288297127793,3345
2023-04-12,2023-04-13,2023-04-17,2023,2023-04,0.0004479060467545945,1,0.4984744386988865,0.40353671116000495,0.47474000681416617,3345
2023-04-13,2023-04-14,2023-04-18,2023,2023-04,-0.013809080948451596,0,0.5353234517051852,0.4844266856229053,0.5225992601846152,3350
2023-04-14,2023-04-17,2023-04-19,2023,2023-04,-0.029689972880732496,0,0.5570376090075286,0.6018485934428267,0.5682403551163532,3350
2023-04-17,2023-04-18,2023-04-20,2023,2023-04,-0.007867468181775921,0,0.5051538718372482,0.5428257766023504,0.5145718480285238,3350
2023-04-18,2023-04-19,2023-04-21,2023,2023-04,-0.00662420247304115,0,0.46939302938536426,0.3781823451624619,0.44659035832963867,3350
2023-04-19,2023-04-20,2023-04-24,2023,2023-04,0.0050728861391187005,1,0.45174964900599063,0.2188802678826108,0.39353230372514564,3350
2023-04-20,2023-04-21,2023-04-25,2023,2023-04,-0.001932610252020666,0,0.4551453590002736,0.27744719059991396,0.4107208169001837,3355
2023-04-21,2023-04-24,2023-04-26,2023,2023-04,0.006499150889099764,1,0.44543863482902085,0.3497975016601769,0.42152835153680984,3355
2023-04-24,2023-04-25,2023-04-27,2023,2023-04,0.005773398234485001,1,0.436499532943818,0.3904901081896804,0.4249971767552836,3355
2023-04-25,2023-04-26,2023-04-28,2023,2023-04,-0.0037755840365449054,0,0.44946475579249645,0.4122676110137983,0.4401654695978219,3355
2023-04-26,2023-04-27,2023-05-02,2023,2023-04,-0.009120780825210183,0,0.46818265299492234,0.5519292950700336,0.4891193135137002,3355
2023-04-27,2023-04-28,2023-05-03,2023,2023-04,0.009590189454740152,1,0.46590299860512435,0.6297686614228959,0.5068694143095672,3360
2023-04-28,2023-05-02,2023-05-04,2023,2023-05,0.026552104181132765,1,0.48865472527078585,0.688053581082215,0.5385044392236431,3360
2023-05-02,2023-05-03,2023-05-05,2023,2023-05,0.02885915985429337,1,0.5423500324112558,0.7189199313983798,0.5864925071580368,3360
2023-05-03,2023-05-04,2023-05-09,2023,2023-05,0.004304273806756309,1,0.5154052531854079,0.5823796675889749,0.5321488567862996,3360
2023-05-04,2023-05-05,2023-05-10,2023,2023-05,-0.003172927040577609,0,0.5463108246892503,0.7303846539576884,0.5923292820063598,3360
2023-05-05,2023-05-09,2023-05-11,2023,2023-05,-0.006470444382093981,0,0.5714333847652011,0.8245489759811929,0.6347122825691991,3365
2023-05-09,2023-05-10,2023-05-12,2023,2023-05,-0.009399287997432589,0,0.5636879815512844,0.7551656722228267,0.6115574042191699,3365
2023-05-10,2023-05-11,2023-05-15,2023,2023-05,-0.0070706616116286035,0,0.4984200203832532,0.48537509387863514,0.49515878875709873,3365
2023-05-11,2023-05-12,2023-05-16,2023,2023-05,-0.007855032769128424,0,0.4558386357084765,0.41835328992399073,0.44646729926235507,3365
2023-05-12,2023-05-15,2023-05-17,2023,2023-05,-0.010469988439182966,0,0.38980773100626614,0.30308125311355466,0.3681261115330883,3365
2023-05-15,2023-05-16,2023-05-18,2023,2023-05,-0.01921281466735956,0,0.3649338857346763,0.2422519914955298,0.3342634121748897,3370
2023-05-16,2023-05-17,2023-05-19,2023,2023-05,-0.02231286521371373,0,0.45114683417230567,0.39449101216479243,0.43698287867042734,3370
2023-05-17,2023-05-18,2023-05-22,2023,2023-05,-0.0022939547991587825,0,0.5089329691508793,0.5277404599856443,0.5136348418595705,3370
2023-05-18,2023-05-19,2023-05-23,2023,2023-05,-0.008789367155868323,0,0.5234313846042206,0.5081648251751278,0.5196147447469475,3370
2023-05-19,2023-05-22,2023-05-24,2023,2023-05,0.005707271316407903,1,0.580063277820594,0.594812369246275,0.5837505506770142,3370
2023-05-22,2023-05-23,2023-05-25,2023,2023-05,-0.00958546707880592,0,0.5211218903893448,0.43852997557704854,0.5004739116862706,3375
2023-05-23,2023-05-24,2023-05-26,2023,2023-05,-0.0031432503550903827,0,0.5236053346831706,0.5405469987512287,0.5278407507001851,3375
2023-05-24,2023-05-25,2023-05-30,2023,2023-05,-0.013906446251748307,0,0.5018512264880705,0.46549535656955965,0.4927622590084428,3375
2023-05-25,2023-05-26,2023-05-31,2023,2023-05,-0.001683115690735992,0,0.5342607604641351,0.537933963158204,0.5351790611376523,3375
2023-05-26,2023-05-30,2023-06-01,2023,2023-05,0.002683879175105403,1,0.5401096918310652,0.5700923596440318,0.5476053587843068,3375
2023-05-30,2023-05-31,2023-06-02,2023,2023-05,0.01602883827589899,1,0.5635462420200864,0.5032000125491509,0.5484596846523526,3380
2023-05-31,2023-06-01,2023-06-05,2023,2023-06,-0.008458335702738233,0,0.5521520385532805,0.48605013642101147,0.5356265630202133,3380
2023-06-01,2023-06-02,2023-06-06,2023,2023-06,0.0016068767565525586,1,0.5689890098325635,0.5043282202947547,0.5528238124481113,3380
2023-06-02,2023-06-05,2023-06-07,2023,2023-06,-0.009102381528951679,0,0.5619464322125446,0.44120639015628527,0.5317614216984797,3380
2023-06-05,2023-06-06,2023-06-08,2023,2023-06,0.0024423175582553454,1,0.5969157562440748,0.6351753402154217,0.6064806522369115,3380
2023-06-06,2023-06-07,2023-06-09,2023,2023-06,0.0008406679984075031,1,0.5568088362484355,0.5545481023847407,0.5562436527825118,3385
2023-06-07,2023-06-08,2023-06-12,2023,2023-06,0.000560195573827032,1,0.5309596695321348,0.4899168525404814,0.5206989652842214,3385
2023-06-08,2023-06-09,2023-06-13,2023,2023-06,0.00856508911435336,1,0.5095017576095726,0.49391512922683145,0.5056051005138873,3385
2023-06-09,2023-06-12,2023-06-14,2023,2023-06,-0.005950802272625608,0,0.539168751959371,0.30046808626828436,0.4794935855365994,3385
2023-06-12,2023-06-13,2023-06-15,2023,2023-06,-0.015133150193014122,0,0.5471131311101283,0.3701876088381832,0.502881750542142,3385
2023-06-13,2023-06-14,2023-06-16,2023,2023-06,5.0915200744054005e-05,1,0.5747668623943235,0.35471356310383517,0.5197535375717015,3390
2023-06-14,2023-06-15,2023-06-19,2023,2023-06,0.001254400164485102,1,0.61462519967326,0.5266524318106961,0.592632007707619,3390
2023-06-15,2023-06-16,2023-06-20,2023,2023-06,0.00987535349667843,1,0.5905528815327343,0.4612396615189428,0.5582245765292865,3390
2023-06-16,2023-06-19,2023-06-21,2023,2023-06,-0.014797608030332561,0,0.5374697201817102,0.3173922634612461,0.4824503560015942,3390
2023-06-19,2023-06-20,2023-06-22,2023,2023-06,-0.013600395092799627,0,0.5412276110394116,0.36459005999548105,0.497068223278429,3390
2023-06-20,2023-06-21,2023-06-23,2023,2023-06,-0.017815198010096928,0,0.5124451775179344,0.35873081112771826,0.4740165859203804,3395
2023-06-21,2023-06-22,2023-06-26,2023,2023-06,-0.0024315806900316013,0,0.5226430035854003,0.3599518722278384,0.4819702207460098,3395
2023-06-22,2023-06-23,2023-06-27,2023,2023-06,-0.0020768978622679006,0,0.5033697993392323,0.28642750738426553,0.4491342263504906,3395
2023-06-23,2023-06-26,2023-06-28,2023,2023-06,-0.004961882111690315,0,0.5323059887127677,0.3524703415574257,0.4873470769239322,3395
2023-06-26,2023-06-27,2023-06-29,2023,2023-06,-0.013821739884079889,0,0.5347454596734811,0.3590119201339488,0.490812074788598,3395
2023-06-27,2023-06-28,2023-06-30,2023,2023-06,-0.01065980048225887,0,0.5371047108421244,0.36203759957587117,0.49333793302556106,3400
2023-06-28,2023-06-29,2023-07-03,2023,2023-06,0.0020399630465901507,1,0.5573621573823839,0.40068848050690803,0.518193738163515,3400
2023-06-29,2023-06-30,2023-07-04,2023,2023-06,0.013407264319252016,1,0.5969699683568153,0.40739098811831254,0.5495752232971896,3400
2023-06-30,2023-07-03,2023-07-05,2023,2023-07,0.012918221845835512,1,0.5530152610421922,0.3639034732672499,0.5057373140984567,3400
2023-07-03,2023-07-04,2023-07-06,2023,2023-07,0.0028177116923344234,1,0.5744921674007083,0.3241777733595991,0.511913568890431,3400
2023-07-04,2023-07-05,2023-07-07,2023,2023-07,-0.007333470219582401,0,0.5452663256492752,0.3252774124310846,0.49026909734472757,3405
2023-07-05,2023-07-06,2023-07-10,2023,2023-07,-0.0016868443150199438,0,0.5039007452936565,0.2766876277139749,0.4470974658987361,3405
2023-07-06,2023-07-07,2023-07-11,2023,2023-07,0.008844909621743306,1,0.5358727725553604,0.27333059195622994,0.4702372274055777,3405
2023-07-07,2023-07-10,2023-07-12,2023,2023-07,0.010437857656452162,1,0.49359881677678413,0.15691564318520207,0.4094280233788886,3405
2023-07-10,2023-07-11,2023-07-13,2023,2023-07,0.017788429353880326,1,0.5060886506810183,0.19651371740525872,0.4286949173620784,3405
2023-07-11,2023-07-12,2023-07-14,2023,2023-07,0.010429873364495978,1,0.5224029046601198,0.284549531455995,0.46293956135908865,3410
2023-07-12,2023-07-13,2023-07-17,2023,2023-07,0.009920920273157288,1,0.5077580406033094,0.30845758473408585,0.4579329266360035,3410
2023-07-13,2023-07-14,2023-07-18,2023,2023-07,0.0011985058363647857,1,0.5064028249123098,0.2719560772520131,0.44779113799723563,3410
2023-07-14,2023-07-17,2023-07-19,2023,2023-07,0.01100490183285975,1,0.5338249846719405,0.31169730418411284,0.4782930645499836,3410
2023-07-17,2023-07-18,2023-07-20,2023,2023-07,0.01343836509049936,1,0.5202385129001946,0.2552992906310755,0.45400370733291484,3410
2023-07-18,2023-07-19,2023-07-21,2023,2023-07,0.0009424951344053149,1,0.5447234588850587,0.3465658898470735,0.49518406662556236,3415
2023-07-19,2023-07-20,2023-07-24,2023,2023-07,-0.006797053737042641,0,0.5086757925946134,0.2920035803494024,0.45450773953331064,3415
2023-07-20,2023-07-21,2023-07-25,2023,2023-07,-0.009329277216502027,0,0.50218818694102,0.2873964143058098,0.44849024378221747,3415
2023-07-21,2023-07-24,2023-07-26,2023,2023-07,0.004166884427390976,1,0.500525410553281,0.3275794543184242,0.45728892149456685,3415
2023-07-24,2023-07-25,2023-07-27,2023,2023-07,0.005304648284685519,1,0.4974238296910216,0.2701864915329548,0.4406144951515049,3415
2023-07-25,2023-07-26,2023-07-28,2023,2023-07,-0.006618563737700159,0,0.516518171219526,0.3376941401194898,0.47181216344451693,3420
2023-07-26,2023-07-27,2023-07-31,2023,2023-07,-0.008376772385683294,0,0.49289519615398936,0.2674063291715566,0.43652297940838114,3420
2023-07-27,2023-07-28,2023-08-01,2023,2023-07,-0.009384725346022266,0,0.4933838278716326,0.3046920603991204,0.4462108860035045,3420
2023-07-28,2023-07-31,2023-08-02,2023,2023-07,-0.0002307781078744936,0,0.4806130687013688,0.35119067446315844,0.44825747014181616,3420
2023-07-31,2023-08-01,2023-08-03,2023,2023-08,-0.009582726928703902,0,0.5236946841833062,0.34570318764728075,0.4791968100492998,3420
2023-08-01,2023-08-02,2023-08-04,2023,2023-08,-0.011694536671707896,0,0.5596940212306302,0.4887815984755453,0.541965915541859,3425
2023-08-02,2023-08-03,2023-08-07,2023,2023-08,-0.006586757720219362,0,0.5385419704581631,0.43696726151615944,0.5131482932226622,3425
2023-08-03,2023-08-04,2023-08-08,2023,2023-08,-0.0010847948993654734,0,0.508037997070723,0.3660609783800193,0.47254374239804703,3425
2023-08-04,2023-08-07,2023-08-09,2023,2023-08,-0.0028997534817723596,0,0.49547385837509,0.35770614877726997,0.461031930975635,3425
2023-08-07,2023-08-08,2023-08-10,2023,2023-08,-0.008711488849322782,0,0.47398926219171517,0.3066294618899943,0.43214931211628493,3425
2023-08-08,2023-08-09,2023-08-11,2023,2023-08,-0.008694917023541162,0,0.447046899546595,0.28876845995155875,0.4074772896478359,3430
2023-08-09,2023-08-10,2023-08-14,2023,2023-08,-0.0077566176657103535,0,0.43983461302079635,0.2885255649902586,0.4020073510131619,3430
2023-08-10,2023-08-11,2023-08-15,2023,2023-08,-0.008367812018336696,0,0.5049569834169589,0.3930737297397074,0.47698616999764604,3430
2023-08-11,2023-08-14,2023-08-16,2023,2023-08,-0.005882600594616347,0,0.5021063496308658,0.366243048598524,0.4681405243727803,3430
2023-08-14,2023-08-15,2023-08-17,2023,2023-08,-0.010269430623424218,0,0.5106366079332861,0.3957335883830343,0.4819108530457231,3430
2023-08-15,2023-08-16,2023-08-18,2023,2023-08,-0.006507129405903097,0,0.5047043577817539,0.3600777630041597,0.46854770908735544,3435
2023-08-16,2023-08-17,2023-08-21,2023,2023-08,-0.008796706623760045,0,0.5388315713261562,0.3698748926523214,0.4965924016576975,3435
2023-08-17,2023-08-18,2023-08-22,2023,2023-08,0.004162501399733949,1,0.557365852531812,0.4263780909745713,0.5246189121425018,3435
2023-08-18,2023-08-21,2023-08-23,2023,2023-08,0.006743433609279078,1,0.5839263846728119,0.4596800580233481,0.5528648030104459,3435
2023-08-21,2023-08-22,2023-08-24,2023,2023-08,0.016059965203895632,1,0.5671948603066919,0.43112810752567743,0.5331781721114383,3435
2023-08-22,2023-08-23,2023-08-25,2023,2023-08,0.008377670277964015,1,0.5524139531421318,0.41274114451073496,0.5174957509842826,3440
2023-08-23,2023-08-24,2023-08-29,2023,2023-08,0.009900683008439748,1,0.5435506898100997,0.3928864629567465,0.5058846330967613,3440
2023-08-24,2023-08-25,2023-08-30,2023,2023-08,0.009147392789160833,1,0.5236331177784715,0.3754170053446907,0.4865790896700263,3440
2023-08-25,2023-08-29,2023-08-31,2023,2023-08,0.013645814466938036,1,0.5424156714838146,0.434049388936712,0.515324100847039,3440
2023-08-29,2023-08-30,2023-09-01,2023,2023-08,0.010755571909430056,1,0.5191340639280728,0.4107373049640457,0.49203487418706604,3440
2023-08-30,2023-08-31,2023-09-04,2023,2023-08,0.0019070204727987341,1,0.48393347014615035,0.4017558707119332,0.463389070287596,3445
2023-08-31,2023-09-01,2023-09-05,2023,2023-09,-0.006398370641773177,0,0.4473506231058887,0.34293364635441614,0.4212463789180205,3445
2023-09-01,2023-09-04,2023-09-06,2023,2023-09,-0.010781566528545491,0,0.4565751609081985,0.33956412683303594,0.4273224023894079,3445
2023-09-04,2023-09-05,2023-09-07,2023,2023-09,-0.01149705820285548,0,0.4309437238155094,0.2431845738970832,0.38400393633590285,3445
2023-09-05,2023-09-06,2023-09-08,2023,2023-09,-0.003240569546150318,0,0.47767310233729443,0.31606558341064844,0.43727122260563295,3445
2023-09-06,2023-09-07,2023-09-11,2023,2023-09,0.0016363427502887214,1,0.5008390365940886,0.31136531089152947,0.4534706051684488,3450
2023-09-07,2023-09-08,2023-09-12,2023,2023-09,-0.000494952794213715,0,0.502742745028797,0.2904393502680762,0.44966689633861684,3450
2023-09-08,2023-09-11,2023-09-13,2023,2023-09,-0.006983377782041436,0,0.49370102943672056,0.2907973730561259,0.4429751153415719,3450
2023-09-11,2023-09-12,2023-09-14,2023,2023-09,-0.010513917438526374,0,0.5258003328465696,0.3977039627485934,0.4937762403220755,3450
2023-09-12,2023-09-13,2023-09-15,2023,2023-09,-0.00010423181164330945,0,0.5311180631311526,0.4338818875649952,0.5068090192396133,3450
2023-09-13,2023-09-14,2023-09-18,2023,2023-09,0.0074247126974982085,1,0.5054171103714226,0.3847791222276897,0.4752576133354893,3455
2023-09-14,2023-09-15,2023-09-19,2023,2023-09,0.01486445257888539,1,0.4920959592413146,0.37118566452416557,0.46186838556202736,3455
2023-09-15,2023-09-18,2023-09-20,2023,2023-09,0.005949846722072823,1,0.5011623925511322,0.3894772269807008,0.4732411011585243,3455
2023-09-18,2023-09-19,2023-09-21,2023,2023-09,-0.0015585228361204699,0,0.47706509789432977,0.39694424298231495,0.45703488416632604,3455
2023-09-19,2023-09-20,2023-09-22,2023,2023-09,-0.004558176337118208,0,0.4613318333135497,0.38803239492662017,0.44300697371681735,3455
2023-09-20,2023-09-21,2023-09-25,2023,2023-09,-0.0039452902421836,0,0.4710065740239118,0.49039023470421217,0.47585248919398687,3460
2023-09-21,2023-09-22,2023-09-26,2023,2023-09,-0.005787747209452932,0,0.4786760097064046,0.4791878574640819,0.4788039716458239,3460
2023-09-22,2023-09-25,2023-09-27,2023,2023-09,-0.016040116253964506,0,0.5362336114157754,0.5592293352293994,0.5419825423691814,3460
2023-09-25,2023-09-26,2023-09-28,2023,2023-09,-0.02552388567630888,0,0.534332999142807,0.5075876252749469,0.5276466556758419,3460
2023-09-26,2023-09-27,2023-09-29,2023,2023-09,-0.02151302607686732,0,0.5351825037008533,0.43471622910764823,0.510065935052552,3460
2023-09-27,2023-09-28,2023-10-02,2023,2023-09,-0.034182648720145745,0,0.5710892882255676,0.47976877184830474,0.5482591591312519,3465
2023-09-28,2023-09-29,2023-10-03,2023,2023-09,-0.024741970833174715,0,0.5530383553975566,0.4373741827837456,0.5241223122441039,3465
2023-09-29,2023-10-02,2023-10-04,2023,2023-10,-0.026173057127718773,0,0.5892106692497974,0.5284211033854598,0.574013277783713,3465
2023-10-02,2023-10-03,2023-10-05,2023,2023-10,-0.0049800354661140005,0,0.5020143094080849,0.416946460303088,0.48074734713183565,3465
2023-10-03,2023-10-04,2023-10-06,2023,2023-10,-0.003506660762819747,0,0.45478010248800543,0.24392669562751176,0.402066750772882,3465
2023-10-04,2023-10-05,2023-10-09,2023,2023-10,0.015807487264334952,1,0.4947903063960799,0.317534355181192,0.4504763185923579,3470
2023-10-05,2023-10-06,2023-10-10,2023,2023-10,0.020068834689443697,1,0.482754409752888,0.37566504401019124,0.45598206831721383,3470
2023-10-06,2023-10-09,2023-10-11,2023,2023-10,0.026058518276992806,1,0.4805692603008098,0.3022980420137769,0.4360014557290516,3470
2023-10-09,2023-10-10,2023-10-12,2023,2023-10,0.015455181809491202,1,0.5386041239849664,0.5631821918072746,0.5447486409405434,3470
2023-10-10,2023-10-11,2023-10-13,2023,2023-10,0.014573081992566728,1,0.521742256137402,0.6966357143950265,0.5654656207018081,3470
2023-10-11,2023-10-12,2023-10-16,2023,2023-10,0.023596407438055682,1,0.509059443767829,0.7324979876709303,0.5649190797436043,3475
2023-10-12,2023-10-13,2023-10-17,2023,2023-10,0.022237156635066084,1,0.5077666508388212,0.6736619075248235,0.5492404650103218,3475
2023-10-13,2023-10-16,2023-10-18,2023,2023-10,0.029682276180982913,1,0.4799302836628454,0.6163191009789729,0.5140274879918773,3475
2023-10-16,2023-10-17,2023-10-19,2023,2023-10,0.017601986823163707,1,0.5410687500961526,0.5090544978916854,0.5330651870450358,3475
2023-10-17,2023-10-18,2023-10-20,2023,2023-10,0.031095361642567525,1,0.5426835330424874,0.5688766571105099,0.5492318140594931,3475
2023-10-18,2023-10-19,2023-10-23,2023,2023-10,0.018905985052599356,1,0.520086204989101,0.5456245562537202,0.5264707928052558,3480
2023-10-19,2023-10-20,2023-10-24,2023,2023-10,0.009576048968805921,1,0.49803008086556855,0.46851004203474056,0.4906500711578616,3480
2023-10-20,2023-10-23,2023-10-25,2023,2023-10,-0.007106128250453202,0,0.4843680303594272,0.4109999623768009,0.4660260133637706,3480
2023-10-23,2023-10-24,2023-10-26,2023,2023-10,0.005286489000898162,1,0.4923119670117679,0.5261399562423367,0.5007689643194101,3480
2023-10-24,2023-10-25,2023-10-27,2023,2023-10,0.010215006649507906,1,0.5020338560916913,0.5322319155684674,0.5095833709608852,3480
2023-10-25,2023-10-26,2023-10-30,2023,2023-10,0.013110643383019158,1,0.4962449018250179,0.36542170625941406,0.46353910293361694,3485
2023-10-26,2023-10-27,2023-10-31,2023,2023-10,0.003083443362532856,1,0.4697135071115466,0.29701096962847345,0.4265378727407783,3485
2023-10-27,2023-10-30,2023-11-01,2023,2023-10,-0.00256920621916238,0,0.4674922902650496,0.30639159976521985,0.4272171176400922,3485
2023-10-30,2023-10-31,2023-11-02,2023,2023-10,-0.004745354574350277,0,0.46401024009059744,0.2268735241998988,0.40472606111792275,3485
2023-10-31,2023-11-01,2023-11-03,2023,2023-11,-0.004565874317818124,0,0.46595244451081186,0.264690081873285,0.4156368538514301,3485
2023-11-01,2023-11-02,2023-11-06,2023,2023-11,0.002317614902767564,1,0.4071278204460624,0.2575195150836564,0.3697257441054609,3490
2023-11-02,2023-11-03,2023-11-07,2023,2023-11,-0.009558803342352762,0,0.4647664023903741,0.2330878860646084,0.40684677330893265,3490
2023-11-03,2023-11-06,2023-11-08,2023,2023-11,-0.014385093316515905,0,0.4384341795163415,0.2270112319156861,0.38557844261617763,3490
2023-11-06,2023-11-07,2023-11-09,2023,2023-11,-0.02051497395467505,0,0.47172249975258645,0.2815023562407368,0.42416746387462406,3490
2023-11-07,2023-11-08,2023-11-10,2023,2023-11,-0.007319127349843099,0,0.4831934820090506,0.24750607271489314,0.42427162968551124,3490
2023-11-08,2023-11-09,2023-11-13,2023,2023-11,-0.011622816888332445,0,0.5332520349735557,0.3292938873118083,0.4822624980581188,3495
2023-11-09,2023-11-10,2023-11-14,2023,2023-11,-0.0001027406057462938,0,0.5664319313990814,0.4141373465540053,0.5283582851878124,3495
2023-11-10,2023-11-13,2023-11-15,2023,2023-11,0.010160903341244339,1,0.5916961141633159,0.28690418372387466,0.5154981315534556,3495
2023-11-13,2023-11-14,2023-11-16,2023,2023-11,0.014882637428967354,1,0.5720640875244691,0.33173994654154937,0.5119830522787392,3495
2023-11-14,2023-11-15,2023-11-17,2023,2023-11,0.023155882663020193,1,0.5627116824134761,0.4355747216118035,0.530927442213058,3495
2023-11-15,2023-11-16,2023-11-20,2023,2023-11,0.0013419592083396673,1,0.5487183006585896,0.5069342779206365,0.5382722949741013,3500
2023-11-16,2023-11-17,2023-11-21,2023,2023-11,0.01115041704110419,1,0.531898420365986,0.7264350821426784,0.5805325858101591,3500
2023-11-17,2023-11-20,2023-11-22,2023,2023-11,0.003882721777671366,1,0.47411285140094955,0.484845145810627,0.47679592500336887,3500
2023-11-20,2023-11-21,2023-11-23,2023,2023-11,0.008340415979349895,1,0.5117324867372862,0.791883474824156,0.5817702337590036,3500
2023-11-21,2023-11-22,2023-11-24,2023,2023-11,0.003338566012803593,1,0.5085307259823603,0.6651851960786713,0.547694343506438,3500
2023-11-22,2023-11-23,2023-11-27,2023,2023-11,0.005882956442485333,1,0.4628305422385553,0.4822123482256995,0.46767599373534136,3505
2023-11-23,2023-11-24,2023-11-28,2023,2023-11,0.010682475667751747,1,0.4460897458315675,0.5156329528524066,0.4634755475867773,3505
2023-11-24,2023-11-27,2023-11-29,2023,2023-11,0.021028348739475105,1,0.4567984066792029,0.34362620448503567,0.4285053561306611,3505
2023-11-27,2023-11-28,2023-11-30,2023,2023-11,0.012915194769248704,1,0.5392321148503351,0.6105237175867801,0.5570550155344463,3505
2023-11-28,2023-11-29,2023-12-01,2023,2023-11,0.015054922084327519,1,0.5412452936599655,0.5449578992519518,0.5421734450579621,3505
2023-11-29,2023-11-30,2023-12-04,2023,2023-11,0.014301446077115584,1,0.550699113764835,0.4663826076825205,0.5296199872442564,3510
2023-11-30,2023-12-01,2023-12-05,2023,2023-12,-0.007091355154620789,0,0.5411582001844567,0.6336737057735947,0.5642870765817412,3510
2023-12-01,2023-12-04,2023-12-06,2023,2023-12,-0.011387375722272983,0,0.5437382230129257,0.6507665478247756,0.5704953042158882,3510
2023-12-04,2023-12-05,2023-12-07,2023,2023-12,-0.01641400182606674,0,0.47260067846954046,0.3299333909531866,0.436933856590452,3510
2023-12-05,2023-12-06,2023-12-08,2023,2023-12,0.003231817686679092,1,0.5123589541841711,0.7235804072500167,0.5651643174506324,3510
2023-12-06,2023-12-07,2023-12-11,2023,2023-12,-0.014676282212645402,0,0.49262896595254,0.31788371431951806,0.44894265304428455,3515
2023-12-07,2023-12-08,2023-12-12,2023,2023-12,-0.02308445375725252,0,0.4693960733988043,0.2304712757483405,0.40966487398618834,3515
2023-12-08,2023-12-11,2023-12-13,2023,2023-12,-0.024156426314666912,0,0.47667606705326404,0.31600262613137975,0.43650770682279294,3515
2023-12-11,2023-12-12,2023-12-14,2023,2023-12,0.020939402180524643,1,0.4459360205141182,0.32519250279434364,0.4157501410841746,3515
2023-12-12,2023-12-13,2023-12-15,2023,2023-12,0.02816178962581655,1,0.43781351627883314,0.4059944114878502,0.4298587400810874,3515
2023-12-13,2023-12-14,2023-12-18,2023,2023-12,0.019688331148800364,1,0.4166016232240736,0.3630183068358443,0.4032057941270163,3520
2023-12-14,2023-12-15,2023-12-19,2023,2023-12,-0.0039900547998126795,0,0.4222017837351724,0.37958183729667094,0.4115467971255471,3520
2023-12-15,2023-12-18,2023-12-20,2023,2023-12,-0.003578435191091937,0,0.4731660667378446,0.6797554293911006,0.5248134074011586,3520
2023-12-18,2023-12-19,2023-12-21,2023,2023-12,0.006584081487939545,1,0.5141606781214998,0.947135729500406,0.6224044409662264,3520
2023-12-19,2023-12-20,2023-12-22,2023,2023-12,0.014504370309445831,1,0.5049599123444499,0.8314049286595486,0.5865711664232246,3520
2023-12-20,2023-12-21,2023-12-27,2023,2023-12,0.012371895582754314,1,0.5341530774009456,0.8621960940170306,0.6161638315549669,3525
2023-12-21,2023-12-22,2023-12-28,2023,2023-12,0.021157862278525185,1,0.5161483703187453,0.7224649264842959,0.5677275093601329,3525
2023-12-22,2023-12-27,2023-12-29,2023,2023-12,0.003302577066848552,1,0.49683336044913134,0.5163341313583022,0.501708553176424,3525
2023-12-27,2023-12-28,2024-01-02,2023,2023-12,0.00638207455588306,1,0.46137172511057584,0.6499669915997814,0.5085205417328773,3525
2023-12-28,2023-12-29,2024-01-03,2023,2023-12,-0.011496187698345853,0,0.44451163587998227,0.6957375810901746,0.5073181221825304,3525
2023-12-29,2024-01-02,2024-01-04,2024,2024-01,-0.006494082096361782,0,0.4475790340186027,0.7924478288307529,0.5337962327216402,3530
2024-01-02,2024-01-03,2024-01-05,2024,2024-01,-0.01809123892551459,0,0.4146512048957036,0.7171609659626415,0.4902786451624381,3530
2024-01-03,2024-01-04,2024-01-08,2024,2024-01,-0.012763368227011733,0,0.4332147673594626,0.7365089149198213,0.5090383042495523,3530
2024-01-04,2024-01-05,2024-01-09,2024,2024-01,-0.005333737444186883,0,0.4722392701108259,0.5903357446802324,0.5017633887531776,3530
2024-01-05,2024-01-08,2024-01-10,2024,2024-01,-0.0007118398906359425,0,0.5126780626029683,0.579703205626098,0.5294343483587507,3530
2024-01-08,2024-01-09,2024-01-11,2024,2024-01,0.00189662236491189,1,0.554077400001112,0.5721275619739642,0.5585899404943251,3535
2024-01-09,2024-01-10,2024-01-12,2024,2024-01,0.0006866616254303709,1,0.5231602451603746,0.39321159533219535,0.4906730827033298,3535
2024-01-10,2024-01-11,2024-01-15,2024,2024-01,0.008606199667971763,1,0.5384898297931311,0.613860250837772,0.5573324350542913,3535
2024-01-11,2024-01-12,2024-01-16,2024,2024-01,0.0038805432329237664,1,0.5714755210323721,0.6513860925457742,0.5914531639107226,3535
2024-01-12,2024-01-15,2024-01-17,2024,2024-01,-0.005901027671858274,0,0.5324543507408117,0.5273085801859964,0.5311679081021079,3535
2024-01-15,2024-01-16,2024-01-18,2024,2024-01,-0.020487429726276412,0,0.5412821067574849,0.5720835253684278,0.5489824614102206,3540
2024-01-16,2024-01-17,2024-01-19,2024,2024-01,-0.005037794029957181,0,0.546515603866736,0.5686349749030346,0.5520454466258107,3540
2024-01-17,2024-01-18,2024-01-22,2024,2024-01,-0.0018018245257864353,0,0.5626657656822149,0.5809498319470981,0.5672367822484358,3540
2024-01-18,2024-01-19,2024-01-23,2024,2024-01,0.007254212869161817,1,0.5673615109289105,0.5630108564039232,0.5662738472976637,3540
2024-01-19,2024-01-22,2024-01-24,2024,2024-01,0.0004926108473999813,1,0.5293633764887105,0.2984945075676481,0.4716461592584449,3540
2024-01-22,2024-01-23,2024-01-25,2024,2024-01,-0.0028450929002064402,0,0.46689691736882694,0.17100892927174788,0.39292492034455717,3545
2024-01-23,2024-01-24,2024-01-26,2024,2024-01,-0.002840946092388267,0,0.47891041440859894,0.2760022390439565,0.4281833705674383,3545
2024-01-24,2024-01-25,2024-01-29,2024,2024-01,-0.001552546611003473,0,0.4917255408995806,0.4413912201106037,0.4791419607023364,3545
2024-01-25,2024-01-26,2024-01-30,2024,2024-01,0.009198698631188452,1,0.5218619431524063,0.6426464445376646,0.5520580684987209,3545
2024-01-26,2024-01-29,2024-01-31,2024,2024-01,0.008277948230642282,1,0.5449497682772928,0.4353576479334721,0.5175517381913376,3545
2024-01-29,2024-01-30,2024-02-01,2024,2024-01,0.005018584175871559,1,0.5685808615016817,0.6049491936193069,0.577672944531088,3550
2024-01-30,2024-01-31,2024-02-02,2024,2024-01,0.008506528928561815,1,0.5493262652842019,0.494327890068147,0.5355766714801882,3550
2024-01-31,2024-02-01,2024-02-05,2024,2024-02,-0.006597109393150124,0,0.5038124080443357,0.41770569421516296,0.4822857295870425,3550
2024-02-01,2024-02-02,2024-02-06,2024,2024-02,-0.006153714097382933,0,0.44770087790822993,0.2112684980103719,0.3885927829337654,3550
2024-02-02,2024-02-05,2024-02-07,2024,2024-02,-0.010275571158956399,0,0.471273348965742,0.33517619497089174,0.43724906046702944,3550
2024-02-05,2024-02-06,2024-02-08,2024,2024-02,0.006179926354178854,1,0.49273705377342014,0.40326974709662644,0.4703702271042217,3555
2024-02-06,2024-02-07,2024-02-09,2024,2024-02,0.0032538791743290667,1,0.5164608804748113,0.2260396762515408,0.44385557941899373,3555
2024-02-07,2024-02-08,2024-02-12,2024,2024-02,-0.006018468169126454,0,0.49305286987788666,0.2036871178008746,0.42071143185863363,3555
2024-02-08,2024-02-09,2024-02-13,2024,2024-02,-0.005340565206817679,0,0.5086590747456884,0.28344130174277515,0.45235463149496,3555
2024-02-09,2024-02-12,2024-02-14,2024,2024-02,-0.02031170278376768,0,0.5388794474351186,0.3963232209514206,0.5032403908141941,3555
2024-02-12,2024-02-13,2024-02-15,2024,2024-02,-0.011996460354275115,0,0.5671675971008967,0.7062423313629242,0.6019362806664036,3560
2024-02-13,2024-02-14,2024-02-16,2024,2024-02,-0.010318575529752029,0,0.5908899551722149,0.6803247171191784,0.6132486456589558,3560
2024-02-14,2024-02-15,2024-02-19,2024,2024-02,0.01473419572853438,1,0.5588153943229824,0.7031810129024044,0.5949067989678379,3560
2024-02-15,2024-02-16,2024-02-20,2024,2024-02,0.014862216552408767,1,0.5625094650044812,0.7173211562657247,0.6012123878197921,3560
2024-02-16,2024-02-19,2024-02-21,2024,2024-02,0.011600943153081815,1,0.5145805882664037,0.514106785382,0.5144621375453029,3560
2024-02-19,2024-02-20,2024-02-22,2024,2024-02,0.005208280826130565,1,0.4838360740312735,0.38779249660437903,0.4598251796745499,3565
2024-02-20,2024-02-21,2024-02-23,2024,2024-02,-0.003707277916977585,0,0.4898034421239323,0.4011762582662697,0.4676466461595166,3565
2024-02-21,2024-02-22,2024-02-26,2024,2024-02,0.0031250409910447232,1,0.5109438110814207,0.6776744026614171,0.5526264589764198,3565
2024-02-22,2024-02-23,2024-02-27,2024,2024-02,0.0025080541313493333,1,0.5117062337503469,0.5684040992858564,0.5258807001342243,3565
2024-02-23,2024-02-26,2024-02-28,2024,2024-02,0.0029422330258235944,1,0.49124408800537495,0.4943731300190078,0.49202634850878313,3565
2024-02-26,2024-02-27,2024-02-29,2024,2024-02,-0.001155373227997214,0,0.47307820552928953,0.19054845901179862,0.4024457688999168,3570
2024-02-27,2024-02-28,2024-03-01,2024,2024-02,0.006999025218587724,1,0.4945710378195442,0.38494582704305613,0.46716473512542217,3570
2024-02-28,2024-02-29,2024-03-04,2024,2024-02,0.028188021479509717,1,0.4929538464308133,0.3067772006014061,0.44640968497346145,3570
2024-02-29,2024-03-01,2024-03-05,2024,2024-03,0.04494571170411724,1,0.47357504245082155,0.23607210000986756,0.41419930684058304,3570
2024-03-01,2024-03-04,2024-03-06,2024,2024-03,0.036890949785016815,1,0.47800808410915324,0.3015368561571606,0.4338902771211551,3570
2024-03-04,2024-03-05,2024-03-07,2024,2024-03,0.03476765275174935,1,0.5184669752412885,0.3426322762483698,0.4745083004930588,3575
2024-03-05,2024-03-06,2024-03-08,2024,2024-03,0.019744989411935317,1,0.4795918932786139,0.30505922494523285,0.43595872619526865,3575
2024-03-06,2024-03-07,2024-03-11,2024,2024-03,0.02373654104790465,1,0.5177943882222806,0.6119664216045891,0.5413373965678577,3575
2024-03-07,2024-03-08,2024-03-12,2024,2024-03,0.009023311669910643,1,0.5261611008823353,0.6064711120167579,0.5462386036659409,3575
2024-03-08,2024-03-11,2024-03-13,2024,2024-03,-0.0036031913333827987,0,0.4840758346809579,0.5949150538776148,0.5117856394801221,3575
2024-03-11,2024-03-12,2024-03-14,2024,2024-03,-0.003978617333572283,0,0.4759267373714058,0.38179623946137775,0.45239411289389875,3580
2024-03-12,2024-03-13,2024-03-15,2024,2024-03,-0.0027836907605701244,0,0.4499155966482506,0.23976697841922973,0.3973784420909954,3580
2024-03-13,2024-03-14,2024-03-18,2024,2024-03,-0.0025717378028558588,0,0.46643052016881503,0.2677613179383438,0.4167632196111972,3580
2024-03-14,2024-03-15,2024-03-19,2024,2024-03,-0.007169152603968752,0,0.49793095123893194,0.1349264451534416,0.40717982471755937,3580
2024-03-15,2024-03-18,2024-03-20,2024,2024-03,-0.007840456469583569,0,0.513604160277921,0.13408074231236386,0.41872330578653166,3580
2024-03-18,2024-03-19,2024-03-21,2024,2024-03,0.02535666492897309,1,0.5448351465736517,0.2403176893460801,0.4687057822667588,3585
2024-03-19,2024-03-20,2024-03-22,2024,2024-03,0.005531717245434215,1,0.5461784259964713,0.164650680621246,0.45079648965266494,3585
2024-03-20,2024-03-21,2024-03-25,2024,2024-03,0.00691852126241979,1,0.5760789894718513,0.2850537905154858,0.50332268973276,3585
2024-03-21,2024-03-22,2024-03-26,2024,2024-03,-0.007810943188743534,0,0.4992482759433227,0.0809215179472531,0.3946665864443053,3585
2024-03-22,2024-03-25,2024-03-27,2024,2024-03,0.011839616996919483,1,0.5333159721121036,0.6398445234735871,0.5599481099524745,3585
2024-03-25,2024-03-26,2024-03-28,2024,2024-03,0.01766761761269987,1,0.46938369138127733,0.34937926213430326,0.43938258406953384,3590
2024-03-26,2024-03-27,2024-04-02,2024,2024-03,0.031900416955857165,1,0.44410945433685894,0.22573155052534308,0.38951497838397997,3590
2024-03-27,2024-03-28,2024-04-03,2024,2024-03,0.03527299435558774,1,0.4317350187762473,0.27084546391280995,0.39151263006038795,3590
2024-03-28,2024-04-02,2024-04-04,2024,2024-04,0.0380087978738835,1,0.43388409785260446,0.10489412938089143,0.3516366057346762,3590
2024-04-02,2024-04-03,2024-04-05,2024,2024-04,0.01049866880086651,1,0.4691725315507775,0.28291759879566963,0.4226087983620005,3590
2024-04-03,2024-04-04,2024-04-08,2024,2024-04,0.028715091339437834,1,0.5152305395773128,0.7647752298610273,0.5776167121482414,3595
2024-04-04,2024-04-05,2024-04-09,2024,2024-04,0.030796773185656587,1,0.5296279015475824,0.7196782766713561,0.5771404953285258,3595
2024-04-05,2024-04-08,2024-04-10,2024,2024-04,0.025199270949658136,1,0.5264954671635054,0.7812861149682,0.590193129114679,3595
2024-04-08,2024-04-09,2024-04-11,2024,2024-04,-0.0022062061147879175,0,0.5463032338530678,0.8370367945966243,0.6189866240389569,3595
2024-04-09,2024-04-10,2024-04-12,2024,2024-04,0.012860021734920561,1,0.5276278873792396,0.5791230870259375,0.5405016872909141,3595
2024-04-10,2024-04-11,2024-04-15,2024,2024-04,0.00012782275262415648,1,0.5038335131487858,0.7507681302390543,0.5655671674213529,3600
2024-04-11,2024-04-12,2024-04-16,2024,2024-04,0.015848866551812626,1,0.49803130570739046,0.6492185812151338,0.5358281245843263,3600
2024-04-12,2024-04-15,2024-04-17,2024,2024-04,-0.000438546122240943,0,0.46619456423909633,0.5132492084043077,0.47795822528039916,3600
2024-04-15,2024-04-16,2024-04-18,2024,2024-04,0.013835634284260849,1,0.4854193786095388,0.6956877966285004,0.5379864831142792,3600
2024-04-16,2024-04-17,2024-04-19,2024,2024-04,0.0053885791751099995,1,0.5105461630352469,0.3697503060855763,0.4753471987978293,3600
2024-04-17,2024-04-18,2024-04-22,2024,2024-04,-0.013585336800208486,0,0.5008457462004754,0.4610123212627081,0.49088738996603354,3605
2024-04-18,2024-04-19,2024-04-23,2024,2024-04,-0.03493300903939196,0,0.5283036503601767,0.7764017998094923,0.5903281877225056,3605
2024-04-19,2024-04-22,2024-04-24,2024,2024-04,-0.029613804173973437,0,0.5331109015210489,0.37093345111575426,0.49256653891972524,3605
2024-04-22,2024-04-23,2024-04-25,2024,2024-04,-0.01527626728719806,0,0.5049625224346865,0.6253245407732141,0.5350530270193185,3605
2024-04-23,2024-04-24,2024-04-26,2024,2024-04,0.02222576670360003,1,0.582835448464338,0.8921649100466997,0.6601678138599285,3605
2024-04-24,2024-04-25,2024-04-29,2024,2024-04,0.010882061836512939,1,0.5240873759629311,0.5883394348914313,0.5401503906950561,3610
2024-04-25,2024-04-26,2024-04-30,2024,2024-04,-0.004676279141865851,0,0.49003651031113155,0.5276779042739471,0.4994468588018355,3610
2024-04-26,2024-04-29,2024-05-01,2024,2024-04,-0.0264336370397755,0,0.5048670936981354,0.7477393063723601,0.5655851468666916,3610
2024-04-29,2024-04-30,2024-05-02,2024,2024-04,-0.015976537231536362,0,0.5193031689092502,0.8722508981458247,0.6075401012183939,3610
2024-04-30,2024-05-01,2024-05-03,2024,2024-05,-0.005936021243155512,0,0.4956509115999571,0.9311812272077145,0.6045334905018964,3610
2024-05-01,2024-05-02,2024-05-07,2024,2024-05,0.011513106426637621,1,0.49303839396802307,0.9339958996592347,0.603277770390826,3615
2024-05-02,2024-05-03,2024-05-08,2024,2024-05,0.0034713970335770454,1,0.42725290156074924,0.7446592737101491,0.5066044945980992,3615
2024-05-03,2024-05-07,2024-05-09,2024,2024-05,0.0032973260817502482,1,0.43781396199685096,0.8123743836922234,0.5314540674206941,3615
2024-05-07,2024-05-08,2024-05-10,2024,2024-05,0.023923207471179736,1,0.44130902066375094,0.742959292909258,0.5167215887251277,3615
2024-05-08,2024-05-09,2024-05-13,2024,2024-05,0.013659504463901646,1,0.557002943184211,0.9322979423733085,0.6508266929814853,3615
2024-05-09,2024-05-10,2024-05-14,2024,2024-05,0.016623737127745127,1,0.5528453941312138,0.9614390894281398,0.6549938179554453,3620
2024-05-10,2024-05-13,2024-05-15,2024,2024-05,0.0003162655391805888,1,0.5367805376085318,0.9222878490138945,0.6331573654598726,3620
2024-05-13,2024-05-14,2024-05-16,2024,2024-05,0.01835380006437789,1,0.5860941585957368,0.9706678409883367,0.6822375791938868,3620
2024-05-14,2024-05-15,2024-05-17,2024,2024-05,0.014527178920865247,1,0.5143111352177122,0.9257064302534763,0.6171599589766532,3620
2024-05-15,2024-05-16,2024-05-20,2024,2024-05,0.030130078363498774,1,0.5206009042364224,0.8950017373438193,0.6142011125132716,3620
2024-05-16,2024-05-17,2024-05-21,2024,2024-05,0.013914861964579521,1,0.5120557954455178,0.9553449762842671,0.6228780906552052,3625
2024-05-17,2024-05-20,2024-05-22,2024,2024-05,0.013553168260138557,1,0.4840947406409047,0.8668721379953864,0.5797890899795252,3625
2024-05-20,2024-05-21,2024-05-23,2024,2024-05,-0.034355198727012246,0,0.5375300604439353,0.965801938643158,0.6445980299937409,3625
2024-05-21,2024-05-22,2024-05-24,2024,2024-05,-0.03250370225396877,0,0.569300637002291,0.9801702709527281,0.6720180454899003,3625
2024-05-22,2024-05-23,2024-05-28,2024,2024-05,-0.029231217920337185,0,0.6565690325552828,0.9800161625528059,0.7374308150546636,3625
2024-05-23,2024-05-24,2024-05-29,2024,2024-05,-0.008888569376356053,0,0.6181058958317295,0.9149869050958335,0.6923261481477554,3630
2024-05-24,2024-05-28,2024-05-30,2024,2024-05,-0.0009407137289629675,0,0.6334419876488707,0.9399770197902214,0.7100757456842084,3630
2024-05-28,2024-05-29,2024-05-31,2024,2024-05,-0.0007679836540957751,0,0.6245036275343544,0.871238449342611,0.6861873329864185,3630
2024-05-29,2024-05-30,2024-06-03,2024,2024-05,-0.006944472352811158,0,0.5586665371643686,0.8966758025518772,0.6431688535112458,3630
2024-05-30,2024-05-31,2024-06-04,2024,2024-05,-0.003020535495607257,0,0.5261031130682093,0.7411897134149339,0.5798747631548904,3630
2024-05-31,2024-06-03,2024-06-05,2024,2024-06,-0.004556011431523903,0,0.5250589610855367,0.4943900716330036,0.5173917387224034,3635
2024-06-03,2024-06-04,2024-06-06,2024,2024-06,0.015430725227705453,1,0.5037523667940336,0.6185889709297664,0.5324615178279668,3635
2024-06-04,2024-06-05,2024-06-07,2024,2024-06,0.003213026219218002,1,0.4276584688799096,0.3109827371497144,0.3984895359473608,3635
2024-06-05,2024-06-06,2024-06-10,2024,2024-06,-0.014946605385510636,0,0.44696804774764115,0.36064334931304143,0.4253868731389912,3635
2024-06-06,2024-06-07,2024-06-11,2024,2024-06,-0.025026234536257692,0,0.4531748485888878,0.39977510282764667,0.4398249121485775,3635
2024-06-07,2024-06-10,2024-06-12,2024,2024-06,-0.009929372988953302,0,0.5224698080896134,0.6510626495893505,0.5546180184645476,3640
2024-06-10,2024-06-11,2024-06-13,2024,2024-06,0.0081058094446682,1,0.5620251924014273,0.6130787662607667,0.5747885858662621,3640
2024-06-11,2024-06-12,2024-06-14,2024,2024-06,0.006234596113865997,1,0.5521952106426302,0.5437972259070406,0.5500957144587328,3640
2024-06-12,2024-06-13,2024-06-17,2024,2024-06,0.002502374245652346,1,0.5579174382484355,0.5719079459130694,0.5614150651645939,3640
2024-06-13,2024-06-14,2024-06-18,2024,2024-06,-0.0018580940442270788,0,0.5367959631259938,0.5153789962582495,0.5314417214090577,3640
2024-06-14,2024-06-17,2024-06-19,2024,2024-06,0.005037143359587702,1,0.545129110733307,0.6902897985712133,0.5814192826927835,3645
2024-06-17,2024-06-18,2024-06-20,2024,2024-06,0.0052646968699658556,1,0.5257889589915794,0.819278161825726,0.599161259700116,3645
2024-06-18,2024-06-19,2024-06-21,2024,2024-06,0.022220522669987832,1,0.547640000678024,0.8491636569722687,0.6230209147515852,3645
2024-06-19,2024-06-20,2024-06-24,2024,2024-06,-0.0006014004219237955,0,0.5148671756115609,0.8424972097501116,0.5967746841461985,3645
2024-06-20,2024-06-21,2024-06-25,2024,2024-06,-0.00023578081067772387,0,0.5331255488444399,0.8497009020076423,0.6122693871352405,3645
2024-06-21,2024-06-24,2024-06-26,2024,2024-06,-0.020470362872322585,0,0.5101987404868754,0.816710039212855,0.5868265651683704,3650
2024-06-24,2024-06-25,2024-06-27,2024,2024-06,-0.0071802367672301635,0,0.534256761198217,0.8540038435569652,0.614193531787904,3650
2024-06-25,2024-06-26,2024-06-28,2024,2024-06,-0.0020600865654861328,0,0.4899777642383408,0.6431957361968348,0.5282822572279643,3650
2024-06-26,2024-06-27,2024-07-01,2024,2024-06,0.005038878854209713,1,0.5009642181404594,0.7032310895519299,0.551530935993327,3650
2024-06-27,2024-06-28,2024-07-02,2024,2024-06,0.007953399470579254,1,0.4659794633375223,0.6447778001235399,0.5106790475340267,3650
2024-06-28,2024-07-01,2024-07-03,2024,2024-07,0.006402385819449674,1,0.45397974572104455,0.39801075411747394,0.4399874978201519,3655
2024-07-01,2024-07-02,2024-07-04,2024,2024-07,0.012550858455882075,1,0.5015929149159329,0.5388819635999531,0.510915177086938,3655
2024-07-02,2024-07-03,2024-07-05,2024,2024-07,0.015487011635364496,1,0.5129081303698805,0.5415519170128433,0.5200690770306211,3655
2024-07-03,2024-07-04,2024-07-08,2024,2024-07,0.012345835822299362,1,0.5766981651783114,0.7113106596671056,0.6103512888005099,3655
2024-07-04,2024-07-05,2024-07-09,2024,2024-07,0.0022035774659548576,1,0.5524319805661109,0.6434262656555777,0.5751805518384776,3655
2024-07-05,2024-07-08,2024-07-10,2024,2024-07,0.0031868332780063667,1,0.5331137493698705,0.5890586717468661,0.5470999799641194,3660
2024-07-08,2024-07-09,2024-07-11,2024,2024-07,0.005005057554607974,1,0.5454429462462367,0.5260309940961612,0.5405899582087178,3660
2024-07-09,2024-07-10,2024-07-12,2024,2024-07,0.01751835928549095,1,0.5397395338468176,0.445570139358286,0.5161971852246847,3660
2024-07-10,2024-07-11,2024-07-15,2024,2024-07,0.014891311272563507,1,0.508270420569147,0.2362422837211104,0.4402633863571378,3660
2024-07-11,2024-07-12,2024-07-16,2024,2024-07,0.023140637376716833,1,0.5311969070393078,0.2291993429151221,0.45569751600826136,3660
2024-07-12,2024-07-15,2024-07-17,2024,2024-07,0.02716343027312306,1,0.4948104518390149,0.23117272584145415,0.42890102033962474,3665
2024-07-15,2024-07-16,2024-07-18,2024,2024-07,0.023978422722277272,1,0.4791311712677954,0.20421581248860643,0.41040233157299816,3665
2024-07-16,2024-07-17,2024-07-19,2024,2024-07,-0.009701115184410473,0,0.42334068522052615,0.15527826804510025,0.3563250809266697,3665
2024-07-17,2024-07-18,2024-07-22,2024,2024-07,-0.028307940391709377,0,0.42865672840431307,0.3018275579668682,0.3969494357949519,3665
2024-07-18,2024-07-19,2024-07-23,2024,2024-07,-0.025661382634979316,0,0.3951963444255135,0.2872015724065107,0.3681976514207628,3665
2024-07-19,2024-07-22,2024-07-24,2024,2024-07,-0.0018644740335185077,0,0.44460034208001836,0.3852892197137862,0.4297725614884603,3670
2024-07-22,2024-07-23,2024-07-25,2024,2024-07,-0.012634658347393659,0,0.49095991798636124,0.37864842383269515,0.4628820444479447,3670
2024-07-23,2024-07-24,2024-07-26,2024,2024-07,-0.012513241325448466,0,0.47226274082154,0.2515201153949969,0.4170770844649042,3670
2024-07-24,2024-07-25,2024-07-29,2024,2024-07,-0.007994379920917614,0,0.5326089393129665,0.2858778171173726,0.470926158764068,3670
2024-07-25,2024-07-26,2024-07-30,2024,2024-07,0.0075204118828283845,1,0.5148484234773812,0.3591941661256171,0.47593485913944017,3670
2024-07-26,2024-07-29,2024-07-31,2024,2024-07,0.0187942914006342,1,0.48818581542075057,0.4798063485358471,0.4860909486995247,3675
2024-07-29,2024-07-30,2024-08-01,2024,2024-07,0.017364353330730522,1,0.49915210347000666,0.5871530405130251,0.5211523377307613,3675
2024-07-30,2024-07-31,2024-08-02,2024,2024-07,0.02993482499585926,1,0.469792537854756,0.6520193266556726,0.5153492350549851,3675
2024-07-31,2024-08-01,2024-08-05,2024,2024-08,0.0008881820737351711,1,0.4480079198520777,0.5835301914494078,0.48188848775141024,3675
2024-08-01,2024-08-02,2024-08-06,2024,2024-08,-0.008188736289383294,0,0.49381872968159557,0.83167699282581,0.5782832954676491,3675
2024-08-02,2024-08-05,2024-08-07,2024,2024-08,-0.028387355009094513,0,0.48427789005346816,0.8413683734753256,0.5735505109089325,3680
2024-08-05,2024-08-06,2024-08-08,2024,2024-08,-0.010564538227971723,0,0.44568529752137526,0.7501772300293241,0.5218082806483625,3680
2024-08-06,2024-08-07,2024-08-09,2024,2024-08,0.003844886496171482,1,0.5172917305372331,0.7761938521832654,0.5820172609487412,3680
2024-08-07,2024-08-08,2024-08-12,2024,2024-08,0.020373200754352925,1,0.5569449450697083,0.7397983580749671,0.6026582983210229,3680
2024-08-08,2024-08-09,2024-08-13,2024,2024-08,0.02645902109399279,1,0.503603816496466,0.5877877342864498,0.524649795943962,3680
2024-08-09,2024-08-12,2024-08-14,2024,2024-08,0.019835394823320526,1,0.5161957161195868,0.46984934169362147,0.5046091225130954,3685
2024-08-12,2024-08-13,2024-08-15,2024,2024-08,0.0057774717444013255,1,0.5521833030726895,0.7756527651229929,0.6080506685852654,3685
2024-08-13,2024-08-14,2024-08-16,2024,2024-08,0.0006500497923260096,1,0.4947503712918631,0.7190137142511707,0.55081620703169,3685
2024-08-14,2024-08-15,2024-08-19,2024,2024-08,0.01128319207871338,1,0.5059277416010016,0.7760030049788372,0.5734465574454605,3685
2024-08-15,2024-08-16,2024-08-20,2024,2024-08,0.026237995169194676,1,0.5657859444814717,0.8768252362145643,0.6435457674147449,3685
2024-08-16,2024-08-19,2024-08-21,2024,2024-08,0.018311107620457002,1,0.5397417446823661,0.8241091642556745,0.6108335995756932,3690
2024-08-19,2024-08-20,2024-08-22,2024,2024-08,0.0020179222255625943,1,0.48886597412607935,0.5033613957926755,0.49248982954272835,3690
2024-08-20,2024-08-21,2024-08-23,2024,2024-08,-0.008463067129898038,0,0.5606976057488707,0.6532581430590214,0.5838377400764083,3690
2024-08-21,2024-08-22,2024-08-27,2024,2024-08,0.001056208310707071,1,0.5544464899376546,0.5548675274693853,0.5545517493205873,3690
2024-08-22,2024-08-23,2024-08-28,2024,2024-08,0.001774800302351798,1,0.5556257079696129,0.572436318979894,0.5598283607221832,3690
2024-08-23,2024-08-27,2024-08-29,2024,2024-08,0.006676856199696739,1,0.551071759476876,0.45328480934762017,0.5266250219445621,3695
2024-08-27,2024-08-28,2024-08-30,2024,2024-08,0.005502104476257465,1,0.5448376630127232,0.39808085993902453,0.5081484622442985,3695
2024-08-28,2024-08-29,2024-09-02,2024,2024-08,-0.003013042157352732,0,0.48735530481384975,0.28138059016745004,0.4358616261522498,3695
2024-08-29,2024-08-30,2024-09-03,2024,2024-08,-0.005497693268652709,0,0.5009699680928088,0.3808892196595415,0.470949780984492,3695
2024-08-30,2024-09-02,2024-09-04,2024,2024-09,-0.019886223286711215,0,0.5159072176656156,0.4397055815150739,0.4968568086279802,3695
2024-09-02,2024-09-03,2024-09-05,2024,2024-09,0.005917707576959898,1,0.4968479903387048,0.4527225415535451,0.4858166281424149,3700
2024-09-03,2024-09-04,2024-09-06,2024,2024-09,0.005755898742057043,1,0.47418705596244654,0.3982753829708627,0.45520913771455057,3700
2024-09-04,2024-09-05,2024-09-09,2024,2024-09,0.008931684167898721,1,0.4973473370253322,0.3699336699498751,0.46549392025646796,3700
2024-09-05,2024-09-06,2024-09-10,2024,2024-09,-0.005777829270857957,0,0.4848129840645446,0.36599785795418033,0.4551092025369535,3700
2024-09-06,2024-09-09,2024-09-11,2024,2024-09,0.001666799338192474,1,0.4906918738828118,0.34203709083920014,0.4535281781219089,3700
2024-09-09,2024-09-10,2024-09-12,2024,2024-09,0.007939082631068576,1,0.49447902434977864,0.46121294217842707,0.4861625038069407,3705
2024-09-10,2024-09-11,2024-09-13,2024,2024-09,0.027200762467644083,1,0.4978719461930034,0.45372214951207196,0.48683449702277054,3705
2024-09-11,2024-09-12,2024-09-16,2024,2024-09,0.025660249047260737,1,0.46407991575048,0.4942596865177899,0.4716248584423075,3705
2024-09-12,2024-09-13,2024-09-17,2024,2024-09,0.02315477412112061,1,0.49918235020377805,0.49716302363521025,0.4986775185616361,3705
2024-09-13,2024-09-16,2024-09-18,2024,2024-09,-0.001167383442884225,0,0.47232339403050055,0.47614962017648144,0.4732799505669958,3705
2024-09-16,2024-09-17,2024-09-19,2024,2024-09,0.0012166743807332282,1,0.5303667419728576,0.5390594494593037,0.532539918844469,3710
2024-09-17,2024-09-18,2024-09-20,2024,2024-09,0.011945452206327787,1,0.5228024479714217,0.5329696590864359,0.5253442507501753,3710
2024-09-18,2024-09-19,2024-09-23,2024,2024-09,0.018860478841746253,1,0.5370086915483915,0.49217945868642093,0.5258013833328988,3710
2024-09-19,2024-09-20,2024-09-24,2024,2024-09,0.014542854238466092,1,0.5586281206820497,0.5955798545711908,0.567866054154335,3710
2024-09-20,2024-09-23,2024-09-25,2024,2024-09,0.01800343289036829,1,0.5366412810517242,0.3867392117319061,0.4991657637217697,3710
2024-09-23,2024-09-24,2024-09-26,2024,2024-09,0.019542254286960263,1,0.4629745039202579,0.22505507590121984,0.40349464691549836,3715
2024-09-24,2024-09-25,2024-09-27,2024,2024-09,0.012100504985083697,1,0.5172604888776983,0.39214624422735644,0.48598192771511284,3715
2024-09-25,2024-09-26,2024-09-30,2024,2024-09,-0.001376332950416508,0,0.5290553864201293,0.44812716684624104,0.5088233315266573,3715
2024-09-26,2024-09-27,2024-10-01,2024,2024-09,-0.007540818959181729,0,0.5261039495959188,0.37419721460804395,0.48812726584895005,3715
2024-09-27,2024-09-30,2024-10-02,2024,2024-09,-0.002050549569538636,0,0.48571912100744796,0.377498527437795,0.45866397261503467,3715
2024-09-30,2024-10-01,2024-10-03,2024,2024-10,-0.0023233201803427718,0,0.45098430357677555,0.3603396606901524,0.42832314285511974,3720
2024-10-01,2024-10-02,2024-10-04,2024,2024-10,0.0032602476888600913,1,0.4886825972841151,0.2809121427978068,0.436739983662538,3720
2024-10-02,2024-10-03,2024-10-07,2024,2024-10,-0.0013190873829300653,0,0.4677022133729696,0.19590670801560597,0.3997533370336287,3720
2024-10-03,2024-10-04,2024-10-08,2024,2024-10,-0.0016844739056966456,0,0.46546174842825666,0.13834085233487,0.38368152440491,3720
2024-10-04,2024-10-07,2024-10-09,2024,2024-10,-0.01514706545710306,0,0.5086670155236884,0.22972801860062117,0.4389322662929216,3720
2024-10-07,2024-10-08,2024-10-10,2024,2024-10,-0.013039083167772128,0,0.5120245419332768,0.2882414028351852,0.45607875715875396,3725
2024-10-08,2024-10-09,2024-10-11,2024,2024-10,-0.000947579951887254,0,0.49130141262089505,0.29285166748750163,0.4416889763375467,3725
2024-10-09,2024-10-10,2024-10-14,2024,2024-10,0.01571134648401974,1,0.5298891198395491,0.4075815511809648,0.499312227674903,3725
2024-10-10,2024-10-11,2024-10-15,2024,2024-10,0.013661155442467602,1,0.518985142375306,0.4027936810628007,0.4899372770471797,3725
2024-10-11,2024-10-14,2024-10-16,2024,2024-10,0.015932020728892507,1,0.5061633901976317,0.29269027063404224,0.4527951103067343,3725
2024-10-14,2024-10-15,2024-10-17,2024,2024-10,0.007288156739303641,1,0.46448975913679663,0.34408792282620515,0.4343893000591488,3730
2024-10-15,2024-10-16,2024-10-18,2024,2024-10,0.021753562914878625,1,0.4738583831248122,0.4660539537605344,0.47190727578374275,3730
2024-10-16,2024-10-17,2024-10-21,2024,2024-10,0.020282572755495182,1,0.4815795881113399,0.4689770286505008,0.47842894824613014,3730
2024-10-17,2024-10-18,2024-10-22,2024,2024-10,0.020362861753029145,1,0.48845449136763,0.502755835627932,0.49202982743270546,3730
2024-10-18,2024-10-21,2024-10-23,2024,2024-10,0.014425615367764105,1,0.4661935573325873,0.41141063486219087,0.4524978267149882,3730
2024-10-21,2024-10-22,2024-10-24,2024,2024-10,0.002082458783735316,1,0.556057285783844,0.44473366882804233,0.5282263815448935,3735
2024-10-22,2024-10-23,2024-10-25,2024,2024-10,-0.005245023761393079,0,0.5705175457400287,0.5194193651103469,0.5577430005826083,3735
2024-10-23,2024-10-24,2024-10-28,2024,2024-10,-0.007516363332077202,0,0.546398905066517,0.4397023349545153,0.5197247625385166,3735
2024-10-24,2024-10-25,2024-10-29,2024,2024-10,0.003333852590969612,1,0.548209801863547,0.5206678105315408,0.5413243040305453,3735
2024-10-25,2024-10-28,2024-10-30,2024,2024-10,0.02351467554895691,1,0.5286131681691892,0.4747336527996535,0.5151432893268053,3735
2024-10-28,2024-10-29,2024-10-31,2024,2024-10,0.017786958459984296,1,0.4924225380588365,0.3612860623080505,0.45963841912114,3740
2024-10-29,2024-10-30,2024-11-01,2024,2024-10,-0.0006549622721173068,0,0.47633091173925596,0.28423321160194187,0.42830648670492744,3740
2024-10-30,2024-10-31,2024-11-04,2024,2024-10,-0.015420282748024816,0,0.40549349622569664,0.13228441977115782,0.33719122711206195,3740
2024-10-31,2024-11-01,2024-11-05,2024,2024-11,-0.014733465142805383,0,0.444840178249825,0.16905668545529412,0.3758943050511923,3740
2024-11-01,2024-11-04,2024-11-06,2024,2024-11,-0.0077281125642256225,0,0.4976640174758257,0.4871693990525932,0.49504036287001757,3740
2024-11-04,2024-11-05,2024-11-07,2024,2024-11,-0.0274775071120697,0,0.5186074815726642,0.5257747660753603,0.5203993026983382,3745
2024-11-05,2024-11-06,2024-11-08,2024,2024-11,-0.01974639884507983,0,0.5016406515097919,0.3395545768140855,0.46111913283586525,3745
2024-11-06,2024-11-07,2024-11-11,2024,2024-11,-0.02062425444662778,0,0.4752515315536346,0.31957902522862003,0.43633340497238093,3745
2024-11-07,2024-11-08,2024-11-12,2024,2024-11,-0.029025583598495407,0,0.5052145544153872,0.5078271326451568,0.5058676989728296,3745
2024-11-08,2024-11-11,2024-11-13,2024,2024-11,-0.028500781776188554,0,0.4865270130530763,0.4117778215950367,0.4678397151885664,3745
2024-11-11,2024-11-12,2024-11-14,2024,2024-11,-0.04679911248643249,0,0.4967389742693327,0.5347129127273378,0.5062324588838341,3750
2024-11-12,2024-11-13,2024-11-15,2024,2024-11,-0.009326381962004856,0,0.5612740228695635,0.7843590780586165,0.6170452866668268,3750
2024-11-13,2024-11-14,2024-11-18,2024,2024-11,-0.007557946301562665,0,0.569985501283954,0.798456538697312,0.6271032606372935,3750
2024-11-14,2024-11-15,2024-11-19,2024,2024-11,0.033758317105282494,1,0.6249836069290517,0.932137748052093,0.7017721422098121,3750
2024-11-15,2024-11-18,2024-11-20,2024,2024-11,0.02219316669485771,1,0.6045412822191435,0.8554507761905202,0.6672686557119877,3750
2024-11-18,2024-11-19,2024-11-21,2024,2024-11,0.03026962154408117,1,0.5670087246962074,0.7747197828895103,0.6189364892445332,3755
2024-11-19,2024-11-20,2024-11-22,2024,2024-11,0.026320264441835134,1,0.5327551726589349,0.8353444964106148,0.6084025035968549,3755
2024-11-20,2024-11-21,2024-11-25,2024,2024-11,0.017414080110390917,1,0.5325354710919403,0.8626305978584314,0.6150592527835631,3755
2024-11-21,2024-11-22,2024-11-26,2024,2024-11,-0.014868198423361132,0,0.48140450837822524,0.7916595105321816,0.5589682589167143,3755
2024-11-22,2024-11-25,2024-11-27,2024,2024-11,-0.02175927469390111,0,0.4870777923556623,0.7811425074197179,0.5605939711216762,3755
2024-11-25,2024-11-26,2024-11-28,2024,2024-11,-0.009028048078198425,0,0.5287521261668552,0.7888161003823494,0.5937681197207287,3760
2024-11-26,2024-11-27,2024-11-29,2024,2024-11,0.012843450825003197,1,0.5590604918865618,0.691481427416729,0.5921657257691036,3760
2024-11-27,2024-11-28,2024-12-02,2024,2024-11,-0.0040679304949806875,0,0.564263534689644,0.7768901996006313,0.6174202009173908,3760
2024-11-28,2024-11-29,2024-12-03,2024,2024-11,-0.00039684414939489954,0,0.5563538353309956,0.6996518414285774,0.592178336855391,3760
2024-11-29,2024-12-02,2024-12-04,2024,2024-12,-0.00838622797259898,0,0.5588143625491532,0.5609713611761825,0.5593536122059105,3760
2024-12-02,2024-12-03,2024-12-05,2024,2024-12,0.004502126248571674,1,0.5751637956062878,0.580916885996364,0.5766020682038069,3765
2024-12-03,2024-12-04,2024-12-06,2024,2024-12,-0.0033511017094529226,0,0.5504364015077869,0.6490186628948456,0.5750819668545516,3765
2024-12-04,2024-12-05,2024-12-09,2024,2024-12,0.005209623137916751,1,0.5410393450760105,0.6044181152995527,0.556884037631896,3765
2024-12-05,2024-12-06,2024-12-10,2024,2024-12,0.008008163708491533,1,0.593880762032675,0.7306104519885463,0.6280631845216429,3765
2024-12-06,2024-12-09,2024-12-11,2024,2024-12,0.022854602308791147,1,0.5726315364061614,0.7498706981125967,0.6169413268327701,3765
2024-12-09,2024-12-10,2024-12-12,2024,2024-12,0.021511412499697898,1,0.5862294684693936,0.7073430434878291,0.6165078622240024,3770
2024-12-10,2024-12-11,2024-12-13,2024,2024-12,-0.00033707865487692855,0,0.5555452828112869,0.5079870329605772,0.5436557203486095,3770
2024-12-11,2024-12-12,2024-12-16,2024,2024-12,-0.013623680406757637,0,0.5168453905753386,0.540604252473733,0.5227851060499372,3770
2024-12-12,2024-12-13,2024-12-17,2024,2024-12,-0.026891372431720316,0,0.5178117959898803,0.5008936493049162,0.5135822593186392,3770
2024-12-13,2024-12-16,2024-12-18,2024,2024-12,-0.007973114314995124,0,0.49739490763634026,0.6247768227870621,0.5292403864240207,3770
2024-12-16,2024-12-17,2024-12-19,2024,2024-12,-0.015012823969490843,0,0.4982837264397085,0.44708980104521917,0.48548524509108615,3775
2024-12-17,2024-12-18,2024-12-20,2024,2024-12,-0.013510757659428845,0,0.49298110820620183,0.4989275455485188,0.4944677175417811,3775
2024-12-18,2024-12-19,2024-12-23,2024,2024-12,-0.010552585160733804,0,0.4822962205245506,0.4494980252060107,0.47409667169491565,3775
2024-12-19,2024-12-20,2024-12-24,2024,2024-12,-0.0028844061602237682,0,0.47727335545706134,0.4676739697674823,0.4748735090346666,3775
2024-12-20,2024-12-23,2024-12-27,2024,2024-12,0.007416361381765452,1,0.4699004646389835,0.42758055941577805,0.4593204883331821,3775
2024-12-23,2024-12-24,2024-12-30,2024,2024-12,-0.003919062148286997,0,0.4953271325063294,0.479310473360077,0.4913229677197663,3780
2024-12-24,2024-12-27,2024-12-31,2024,2024-12,-0.001110132947145733,0,0.4873981925170399,0.5567531020451256,0.5047369198990613,3780
2024-12-27,2024-12-30,2025-01-02,2024,2024-12,0.0072294272345223495,1,0.47098042771963217,0.5565407293134116,0.49237050311807706,3780
2024-12-30,2024-12-31,2025-01-03,2024,2024-12,0.01671580918926809,1,0.5201958222744503,0.6689391453067955,0.5573816530325366,3780
2024-12-31,2025-01-02,2025-01-06,2025,2025-01,0.00799218392034267,1,0.5270951796458918,0.663073995623543,0.5610898836403047,3780
2025-01-02,2025-01-03,2025-01-07,2025,2025-01,-7.56286632993108e-05,0,0.5067443160288568,0.4585662573174194,0.4946998013509975,3785
2025-01-03,2025-01-06,2025-01-08,2025,2025-01,-0.000320286376436942,0,0.5534782339253211,0.6067444657029462,0.5667947918697274,3785
2025-01-06,2025-01-07,2025-01-09,2025,2025-01,0.013042473226483591,1,0.5795884263919171,0.7269739658922978,0.6164348112670123,3785
2025-01-07,2025-01-08,2025-01-10,2025,2025-01,0.013167353103580014,1,0.5051233690841194,0.562265605891,0.5194089282858395,3785
2025-01-08,2025-01-09,2025-01-13,2025,2025-01,0.009881484801588096,1,0.5306266974116962,0.658647512420908,0.5626319011639992,3785
2025-01-09,2025-01-10,2025-01-14,2025,2025-01,1.8752051006093896e-05,1,0.49414593325454026,0.6392649723101854,0.5304256930184515,3790
2025-01-10,2025-01-13,2025-01-15,2025,2025-01,0.002664904065909701,1,0.4981774526489485,0.5566973797313635,0.5128074344195522,3790
2025-01-13,2025-01-14,2025-01-16,2025,2025-01,0.010265067629433343,1,0.44320918683524646,0.36803408622788913,0.42441541168340713,3790
2025-01-14,2025-01-15,2025-01-17,2025,2025-01,0.014409632180440595,1,0.47000357205080817,0.33900733288389,0.43725451225907863,3790
2025-01-15,2025-01-16,2025-01-20,2025,2025-01,0.007749246246232936,1,0.4693545490191786,0.2809874776119299,0.42226278116736643,3790
2025-01-16,2025-01-17,2025-01-21,2025,2025-01,0.0051392212728168934,1,0.5145409211855142,0.34953635656015675,0.4732897800291748,3795
2025-01-17,2025-01-20,2025-01-22,2025,2025-01,0.02014614588652248,1,0.5309682348598042,0.414636818021346,0.5018853806501896,3795
2025-01-20,2025-01-21,2025-01-23,2025,2025-01,0.014556511268065253,1,0.5336686876212523,0.45738692863364344,0.51459824787435,3795
2025-01-21,2025-01-22,2025-01-24,2025,2025-01,0.018079855970855877,1,0.5323583019958025,0.4330335677432809,0.5075271184326721,3795
2025-01-22,2025-01-23,2025-01-27,2025,2025-01,0.002514814297459969,1,0.488560822301974,0.4213118233367136,0.47174857256065894,3795
2025-01-23,2025-01-24,2025-01-28,2025,2025-01,-0.001274836720398925,0,0.4684761149290224,0.4068875935470777,0.45307898458353624,3800
2025-01-24,2025-01-27,2025-01-29,2025,2025-01,-0.004213044953680744,0,0.4591224830950966,0.42350195988886247,0.4502173522935381,3800
2025-01-27,2025-01-28,2025-01-30,2025,2025-01,0.003985398178967271,1,0.47876911463433025,0.5037884620807548,0.48502395149593636,3800
2025-01-28,2025-01-29,2025-01-31,2025,2025-01,0.017271711327602923,1,0.4858758248448467,0.4828831505363123,0.4851276562677131,3800
2025-01-29,2025-01-30,2025-02-03,2025,2025-01,0.012514681072916221,1,0.47467837251977885,0.41422475853818364,0.45956496902438004,3800
2025-01-30,2025-01-31,2025-02-04,2025,2025-01,0.012537386896942764,1,0.5011042092826964,0.5033850303390074,0.5016744145467742,3805
2025-01-31,2025-02-03,2025-02-05,2025,2025-02,0.029056110044691087,1,0.5031760003980756,0.5104843492459439,0.5050030876100426,3805
2025-02-03,2025-02-04,2025-02-06,2025,2025-02,0.023713171387379262,1,0.48228741288103727,0.5903246227824533,0.5092967153563913,3805
2025-02-04,2025-02-05,2025-02-07,2025,2025-02,0.018751704887859863,1,0.5103991728753169,0.6823760194160496,0.5533933845105001,3805
2025-02-05,2025-02-06,2025-02-10,2025,2025-02,0.007539879896398943,1,0.47580199713788257,0.6189407218906687,0.5115866783260791,3805
2025-02-06,2025-02-07,2025-02-11,2025,2025-02,0.015828903406139412,1,0.5057187333523916,0.6170834618350818,0.5335599154730641,3810
2025-02-07,2025-02-10,2025-02-12,2025,2025-02,0.005878482266207058,1,0.4818126992340616,0.5310581766725404,0.4941240685936813,3810
2025-02-10,2025-02-11,2025-02-13,2025,2025-02,0.0075348713617664756,1,0.45084327480600617,0.48408410669637125,0.4591534827785974,3810
2025-02-11,2025-02-12,2025-02-14,2025,2025-02,0.010676075328493915,1,0.4349922741316943,0.3710837157060858,0.41901513452529215,3810
2025-02-12,2025-02-13,2025-02-17,2025,2025-02,0.0051370420238936705,1,0.4744648616278806,0.4120915459717256,0.45887153271384185,3810
2025-02-13,2025-02-14,2025-02-18,2025,2025-02,-0.0029521329989231266,0,0.4728336443111695,0.33669120577377926,0.43879803467682194,3815
2025-02-14,2025-02-17,2025-02-19,2025,2025-02,0.0021589652156889937,1,0.4886048835969291,0.4203387456453983,0.47153834910904646,3815
2025-02-17,2025-02-18,2025-02-20,2025,2025-02,0.018748679922382282,1,0.5080436603344645,0.5372841422464827,0.5153537808124691,3815
2025-02-18,2025-02-19,2025-02-21,2025,2025-02,0.007142214636146554,1,0.5380330910117296,0.5230419126262355,0.534285296415356,3815
2025-02-19,2025-02-20,2025-02-24,2025,2025-02,-0.0012914190409940634,0,0.5075765630091617,0.5412140121676192,0.515985925298776,3815
2025-02-20,2025-02-21,2025-02-25,2025,2025-02,-0.00373191727590811,0,0.5416960312746287,0.553607507616879,0.5446739003601914,3820
2025-02-21,2025-02-24,2025-02-26,2025,2025-02,-0.005527759765005525,0,0.5397414846603333,0.5019011208747988,0.5302813937139497,3820
2025-02-24,2025-02-25,2025-02-27,2025,2025-02,-0.01678636870197748,0,0.5011315805489993,0.47095735544774026,0.49358802427368453,3820
2025-02-25,2025-02-26,2025-02-28,2025,2025-02,-0.02779560172606418,0,0.4996737149484262,0.469719701107182,0.4921852114881151,3820
2025-02-26,2025-02-27,2025-03-03,2025,2025-02,-0.01567018124623714,0,0.4987040390610467,0.46038114738478464,0.48912331614198123,3820
2025-02-27,2025-02-28,2025-03-04,2025,2025-02,0.00687548480252352,1,0.49101267133812854,0.4899877084180382,0.4907564306081059,3825
2025-02-28,2025-03-03,2025-03-05,2025,2025-03,0.01948461912123785,1,0.4757356031910741,0.5307403079099785,0.4894867793708002,3825
2025-03-03,2025-03-04,2025-03-06,2025,2025-03,0.011577453013043955,1,0.5324289780966697,0.6057509431677575,0.5507594693644415,3825
2025-03-04,2025-03-05,2025-03-07,2025,2025-03,0.0023670273997429916,1,0.5133346502299257,0.5712847527094387,0.527822175849804,3825
2025-03-05,2025-03-06,2025-03-10,2025,2025-03,-0.005361021809238545,0,0.5576384584142917,0.7555756576226483,0.6071227582163808,3825
2025-03-06,2025-03-07,2025-03-11,2025,2025-03,0.004058405253955342,1,0.557387359199479,0.7795512969129277,0.6129283436278412,3830
2025-03-07,2025-03-10,2025-03-12,2025,2025-03,-0.0016803556705022478,0,0.5401634922977457,0.7597415423934004,0.5950580048216594,3830
2025-03-10,2025-03-11,2025-03-13,2025,2025-03,0.014555351677919126,1,0.5467815698456557,0.7971267603642094,0.6093678674752941,3830
2025-03-11,2025-03-12,2025-03-14,2025,2025-03,0.029224341453953598,1,0.5316477950766468,0.7253480447997757,0.5800728575074291,3830
2025-03-12,2025-03-13,2025-03-17,2025,2025-03,0.027938701166142766,1,0.5573856449376007,0.6397619302240632,0.5779797162592163,3830
2025-03-13,2025-03-14,2025-03-18,2025,2025-03,0.025829622377446463,1,0.4855774541286235,0.5155719841844011,0.4930760866425679,3835
2025-03-14,2025-03-17,2025-03-19,2025,2025-03,0.011319593508272613,1,0.5125054119091754,0.3931485361529735,0.4826661929701249,3835
2025-03-17,2025-03-18,2025-03-20,2025,2025-03,0.009979575877984195,1,0.5194171330698796,0.5055950316386093,0.515961607712062,3835
2025-03-18,2025-03-19,2025-03-21,2025,2025-03,0.0031719834955170885,1,0.4958708917288669,0.4989352239420293,0.4966369747821575,3835
2025-03-19,2025-03-20,2025-03-24,2025,2025-03,-0.0012367565578561726,0,0.45874522350068747,0.3952269526640745,0.44286565579153425,3835
2025-03-20,2025-03-21,2025-03-25,2025,2025-03,-0.0016039556646208135,0,0.4766978070790038,0.3930145757433278,0.4557769992450848,3840
2025-03-21,2025-03-24,2025-03-26,2025,2025-03,-0.0031223437969853402,0,0.46258318479200894,0.34568266782952,0.4333580555513867,3840
2025-03-24,2025-03-25,2025-03-27,2025,2025-03,0.007053688023124504,1,0.49255360151638317,0.3095833731306986,0.446811044419962,3840
2025-03-25,2025-03-26,2025-03-28,2025,2025-03,0.01610409490058594,1,0.5182884958928039,0.3272215007977776,0.4705217471190474,3840
2025-03-26,2025-03-27,2025-03-31,2025,2025-03,0.03202787571501851,1,0.5179611857283809,0.4454618033102294,0.49983634012384304,3840
2025-03-27,2025-03-28,2025-04-01,2025,2025-03,0.02581331059172165,1,0.5334317235234881,0.4984031441579254,0.5246745786820974,3845
2025-03-28,2025-03-31,2025-04-02,2025,2025-03,0.01828222184312024,1,0.5378408118414331,0.6647707076253692,0.5695732857874171,3845
2025-03-31,2025-04-01,2025-04-03,2025,2025-04,0.002544673166492487,1,0.465576508937334,0.4502902954852096,0.4617549555743029,3845
2025-04-01,2025-04-02,2025-04-04,2025,2025-04,-0.01324394940771004,0,0.4504404267223419,0.4655241932766659,0.4542113683609229,3845
2025-04-02,2025-04-03,2025-04-07,2025,2025-04,-0.03314591932677303,0,0.4390046520552041,0.42966318616656807,0.4366692855830451,3845
2025-04-03,2025-04-04,2025-04-08,2025,2025-04,-0.04092989158655869,0,0.394026432860531,0.2924383354922001,0.3686294085184483,3850
2025-04-04,2025-04-07,2025-04-09,2025,2025-04,-0.014865799434875369,0,0.3861558376790811,0.2315174670538459,0.3474962450227723,3850
2025-04-07,2025-04-08,2025-04-10,2025,2025-04,0.026600826420486817,1,0.47926583203912076,0.35593582620584063,0.4484333305808007,3850
2025-04-08,2025-04-09,2025-04-11,2025,2025-04,0.06792659568701646,1,0.5118306136478383,0.41259743008838096,0.487022317757974,3850
2025-04-09,2025-04-10,2025-04-14,2025,2025-04,0.05618082839794379,1,0.42050717056914266,0.26641706539300486,0.38198464427510825,3850
2025-04-10,2025-04-11,2025-04-15,2025,2025-04,0.0381163918501938,1,0.5020554611443857,0.4703450571049841,0.4941278601345353,3855
2025-04-11,2025-04-14,2025-04-16,2025,2025-04,0.027816434108250934,1,0.4211999826727672,0.27627020549587505,0.38496753837854414,3855
2025-04-14,2025-04-15,2025-04-17,2025,2025-04,0.031690963736913234,1,0.5253569527252289,0.547809907455539,0.5309701914078064,3855
2025-04-15,2025-04-16,2025-04-22,2025,2025-04,0.0680742557111312,1,0.5077482348949226,0.47024009904528025,0.498371200932512,3855
2025-04-16,2025-04-17,2025-04-23,2025,2025-04,0.008572880106206453,1,0.4862395744548144,0.4775676108564853,0.4840715835552321,3855
2025-04-17,2025-04-22,2025-04-24,2025,2025-04,0.002013403330639048,1,0.49244368676397077,0.3966940556754077,0.46850627899183,3860
2025-04-22,2025-04-23,2025-04-25,2025,2025-04,-0.04601014339507133,0,0.42978755466733715,0.22839148098998568,0.3794385362479993,3860
2025-04-23,2025-04-24,2025-04-28,2025,2025-04,-0.01639604150672596,0,0.5821831171982589,0.1565921999883548,0.4757853878957829,3860
2025-04-24,2025-04-25,2025-04-29,2025,2025-04,-0.004845029038423854,0,0.5525950790185731,0.1876032570583498,0.46134712352851726,3860
2025-04-25,2025-04-28,2025-04-30,2025,2025-04,-0.004571939946801072,0,0.5706402671149949,0.36149833756278665,0.5183547847269429,3860
2025-04-28,2025-04-29,2025-05-01,2025,2025-04,-0.016266270955875375,0,0.6249754114391868,0.5625860890085802,0.6093780808315351,3865
2025-04-29,2025-04-30,2025-05-02,2025,2025-04,-0.015780199751938475,0,0.6251320932358391,0.8115244902547966,0.6717301924905784,3865
2025-04-30,2025-05-01,2025-05-06,2025,2025-05,0.027937838891407447,1,0.5319677784536839,0.49857671922613606,0.5236200136467969,3865
2025-05-01,2025-05-02,2025-05-07,2025,2025-05,0.04545204050919637,1,0.576107585461405,0.41234711673403085,0.5351674682795614,3865
2025-05-02,2025-05-06,2025-05-08,2025,2025-05,0.023637753269148198,1,0.507764523137095,0.3816130650414355,0.47622665861318014,3865
2025-05-06,2025-05-07,2025-05-09,2025,2025-05,-0.01578713142733728,0,0.45865583126473763,0.15021518003438655,0.3815456684571498,3870
2025-05-07,2025-05-08,2025-05-12,2025,2025-05,-0.046429034701683095,0,0.5101210344846661,0.1825015278280193,0.4282161578205044,3870
2025-05-08,2025-05-09,2025-05-13,2025,2025-05,-0.026384354352882618,0,0.5110008378278944,0.14166754142633664,0.418667513727505,3870
2025-05-09,2025-05-12,2025-05-14,2025,2025-05,-0.028528035254147516,0,0.4954532060587876,0.08147400901093602,0.3919584067968247,3870
2025-05-12,2025-05-13,2025-05-15,2025,2025-05,-0.01603112241608575,0,0.5569936668191919,0.09906921924175709,0.4425125549248332,3870
2025-05-13,2025-05-14,2025-05-16,2025,2025-05,-0.01362922638754203,0,0.541212476842822,0.10844024704409164,0.4330194193931395,3875
2025-05-14,2025-05-15,2025-05-19,2025,2025-05,0.0025038652957668265,1,0.5917314537420264,0.21023551148886166,0.4963574681787352,3875
2025-05-15,2025-05-16,2025-05-20,2025,2025-05,0.020937455533837673,1,0.5809598305880908,0.20791163439859842,0.4876977815407177,3875
2025-05-16,2025-05-19,2025-05-21,2025,2025-05,0.030737201893126773,1,0.5520439005794677,0.15580009838351777,0.4529829500304802,3875
2025-05-19,2025-05-20,2025-05-22,2025,2025-05,0.020428673974199216,1,0.5295706238471788,0.13851732201771008,0.4318072983898116,3875
2025-05-20,2025-05-21,2025-05-23,2025,2025-05,0.027907513296406762,1,0.5058009318553868,0.12296474372333158,0.41009188482237297,3880
2025-05-21,2025-05-22,2025-05-27,2025,2025-05,-0.004389955581786847,0,0.4498818971540899,0.060927174432054934,0.35264321647358116,3880
2025-05-22,2025-05-23,2025-05-28,2025,2025-05,0.004752896515121663,1,0.4227076735568078,0.04063125627746156,0.3271885692369712,3880
2025-05-23,2025-05-27,2025-05-29,2025,2025-05,-0.015494333276800231,0,0.4122037716454515,0.08828472898593209,0.3312240109805717,3880
2025-05-27,2025-05-28,2025-05-30,2025,2025-05,-0.0006677492546236987,0,0.4324159677473047,0.08650501386494683,0.3459382292767152,3880
2025-05-28,2025-05-29,2025-06-02,2025,2025-05,0.007034941076957219,1,0.44132610138288264,0.25554368876421213,0.394880498228215,3885
2025-05-29,2025-05-30,2025-06-03,2025,2025-05,0.02389711584854198,1,0.5112786192021651,0.3089844008015628,0.46070506460201455,3885
2025-05-30,2025-06-02,2025-06-04,2025,2025-06,0.020897157270064602,1,0.5281709430793671,0.3398645765380523,0.4810943514440384,3885
2025-06-02,2025-06-03,2025-06-05,2025,2025-06,0.012034554742236043,1,0.48563197310189693,0.23579923539866293,0.4231737886760884,3885
2025-06-03,2025-06-04,2025-06-06,2025,2025-06,-0.0006404289603409814,0,0.5614915882557543,0.3038346441888871,0.4970773522390375,3885
2025-06-04,2025-06-05,2025-06-09,2025,2025-06,-0.013561254995345377,0,0.5677175487603359,0.5825033627240395,0.5714140022512617,3890
2025-06-05,2025-06-06,2025-06-10,2025,2025-06,-0.017264794082627304,0,0.5467126033584672,0.5541335849427311,0.5485678487545331,3890
2025-06-06,2025-06-09,2025-06-11,2025,2025-06,-0.005362904333263364,0,0.5954784867152213,0.6941949881233562,0.620157612067255,3890
2025-06-09,2025-06-10,2025-06-12,2025,2025-06,0.012772980902873151,1,0.5668378105926212,0.7510066613790161,0.61288002328922,3890
2025-06-10,2025-06-11,2025-06-13,2025,2025-06,0.027432679737655116,1,0.47718693157994213,0.6676969605999394,0.5248144388349414,3890
2025-06-11,2025-06-12,2025-06-16,2025,2025-06,0.023448982742211584,1,0.4731167731407827,0.4595338879768923,0.46972105184981017,3895
2025-06-12,2025-06-13,2025-06-17,2025,2025-06,0.005963524571736276,1,0.3755001597895344,0.4199658562397678,0.38661658390209275,3895
2025-06-13,2025-06-16,2025-06-18,2025,2025-06,-0.01142399086012142,0,0.33659433989728105,0.24428698798599882,0.3135175019194605,3895
2025-06-16,2025-06-17,2025-06-19,2025,2025-06,-0.013804498984790104,0,0.36246844598275635,0.25419387634316654,0.3353998035728589,3895
2025-06-17,2025-06-18,2025-06-20,2025,2025-06,-0.0075419393374653995,0,0.42736701323721027,0.21238794471345718,0.373622246106272,3895
2025-06-18,2025-06-19,2025-06-23,2025,2025-06,-0.005441605278562227,0,0.4948884342422314,0.4119880837609662,0.47416334662191506,3900
2025-06-19,2025-06-20,2025-06-24,2025,2025-06,-0.015232097429971943,0,0.46021394854857256,0.5280251127192706,0.47716673959124706,3900
2025-06-20,2025-06-23,2025-06-25,2025,2025-06,-0.00980906547877513,0,0.5029621264061971,0.7233583572309793,0.5580611841123926,3900
2025-06-23,2025-06-24,2025-06-26,2025,2025-06,-0.006802747322752523,0,0.4590677135619692,0.5411118528535476,0.4795787483848638,3900
2025-06-24,2025-06-25,2025-06-27,2025,2025-06,-0.010067072115123104,0,0.4494843965352514,0.38727792511405074,0.4339327786799513,3900
2025-06-25,2025-06-26,2025-06-30,2025,2025-06,-0.013682757238625201,0,0.4086618604961809,0.27882610907476335,0.37620292264082655,3905
2025-06-26,2025-06-27,2025-07-01,2025,2025-06,0.0008827908733144849,1,0.4769081874472401,0.3812518370062343,0.4529940998369887,3905
2025-06-27,2025-06-30,2025-07-02,2025,2025-06,0.01577450725383245,1,0.4343152360751615,0.6746586385352603,0.49440108669018623,3905
2025-06-30,2025-07-01,2025-07-03,2025,2025-07,0.021955689741193492,1,0.45415916876670354,0.6841833999078551,0.5116652265519914,3905
2025-07-01,2025-07-02,2025-07-04,2025,2025-07,-0.0028306780323148232,0,0.4069080687705968,0.39307865019379645,0.4034507141263967,3905
2025-07-02,2025-07-03,2025-07-07,2025,2025-07,-0.009782604916953994,0,0.47191134561980624,0.42782566960096735,0.46088992661509653,3910
2025-07-03,2025-07-04,2025-07-08,2025,2025-07,-0.008318081607495028,0,0.49536184216274765,0.2730208106020366,0.4397765842725699,3910
2025-07-04,2025-07-07,2025-07-09,2025,2025-07,-0.013788114385416373,0,0.45872889317777243,0.495042229106685,0.46780722716000056,3910
2025-07-07,2025-07-08,2025-07-10,2025,2025-07,0.00604641433166816,1,0.48113777798784974,0.5231108760555824,0.4916310525047829,3910
2025-07-08,2025-07-09,2025-07-11,2025,2025-07,0.004145208164293623,1,0.4930228956002316,0.6934192171698825,0.5431219759926443,3910
2025-07-09,2025-07-10,2025-07-14,2025,2025-07,0.022702279949589316,1,0.5340394421063316,0.6987507214471245,0.5752172619415299,3915
2025-07-10,2025-07-11,2025-07-15,2025,2025-07,0.010006739647566983,1,0.5306722865671293,0.413510872579859,0.5013819330703118,3915
2025-07-11,2025-07-14,2025-07-16,2025,2025-07,0.0010036777389461243,1,0.5267617348635224,0.4517913059909695,0.5080191276453841,3915
2025-07-14,2025-07-15,2025-07-17,2025,2025-07,-0.010234892155673123,0,0.5757031901919859,0.5206886827584949,0.5619495633336131,3915
2025-07-15,2025-07-16,2025-07-18,2025,2025-07,-0.0023543096210733253,0,0.5155789484435495,0.49584438578086687,0.5106453077778788,3915
2025-07-16,2025-07-17,2025-07-21,2025,2025-07,0.0069233341299710675,1,0.5211492209637063,0.5547253008118278,0.5295432409257367,3920
2025-07-17,2025-07-18,2025-07-22,2025,2025-07,0.016769071556909224,1,0.5409599260353896,0.6764614782159722,0.5748353140805352,3920
2025-07-18,2025-07-21,2025-07-23,2025,2025-07,0.02316614824307366,1,0.4812984614326579,0.569087639449329,0.5032457559368257,3920
2025-07-21,2025-07-22,2025-07-24,2025,2025-07,-0.00031230713429478574,0,0.4186927361147472,0.3483498104390657,0.40110700469582683,3920
2025-07-22,2025-07-23,2025-07-25,2025,2025-07,-0.011586238163452332,0,0.446198002294578,0.48535109449605696,0.45598627534494773,3920
2025-07-23,2025-07-24,2025-07-28,2025,2025-07,-0.027172252437887852,0,0.44619303519814224,0.3727541660659557,0.4278333179150956,3925
2025-07-24,2025-07-25,2025-07-29,2025,2025-07,-0.010932503020578478,0,0.524986306716314,0.26558319272713604,0.4601355282190195,3925
2025-07-25,2025-07-28,2025-07-30,2025,2025-07,-0.0044622208416309015,0,0.587283366976741,0.24094960601937435,0.5006999267373994,3925
2025-07-28,2025-07-29,2025-07-31,2025,2025-07,-0.009450785165796503,0,0.5430539411687733,0.2555414635956922,0.471175821775503,3925
2025-07-29,2025-07-30,2025-08-01,2025,2025-07,-0.009093855627544552,0,0.529630163827923,0.3804220852308784,0.4923281441786619,3925
2025-07-30,2025-07-31,2025-08-04,2025,2025-07,0.008175511665218604,1,0.525389269670967,0.38407001426354465,0.4900594558191114,3930
2025-07-31,2025-08-01,2025-08-05,2025,2025-08,0.01692681398713172,1,0.4211619047246985,0.23257236590075236,0.374014520018712,3930
2025-08-01,2025-08-04,2025-08-06,2025,2025-08,0.02036840423274947,1,0.5014850120639187,0.2441262608531833,0.43714532426123487,3930
2025-08-04,2025-08-05,2025-08-07,2025,2025-08,0.00501857029557096,1,0.5486292795439784,0.18455150492264835,0.4576098358886459,3930
2025-08-05,2025-08-06,2025-08-08,2025,2025-08,0.010014358100831447,1,0.5019993183320858,0.1675859135506982,0.41839596713673893,3930
2025-08-06,2025-08-07,2025-08-11,2025,2025-08,-0.001368884870344998,0,0.5392033070401866,0.31999543973280986,0.48440134021334236,3935
2025-08-07,2025-08-08,2025-08-12,2025,2025-08,-0.00844803120606213,0,0.5706932406558414,0.6868600371538429,0.5997349397803418,3935
2025-08-08,2025-08-11,2025-08-13,2025,2025-08,-0.010371219508570883,0,0.5029487487562763,0.6689416391459433,0.544446971353693,3935
2025-08-11,2025-08-12,2025-08-14,2025,2025-08,-0.0004169893430292091,0,0.5588466987204886,0.7105853250315065,0.5967813552982432,3935
2025-08-12,2025-08-13,2025-08-15,2025,2025-08,-0.0009563801742137726,0,0.5728489163924214,0.8334114596548721,0.6379895522080341,3935
2025-08-13,2025-08-14,2025-08-18,2025,2025-08,-0.004053354778423366,0,0.5520190207309111,0.7203788210569548,0.5941089708124221,3940
2025-08-14,2025-08-15,2025-08-19,2025,2025-08,-0.005616481767474103,0,0.5244864477288488,0.6660026834635657,0.559865506662528,3940
2025-08-15,2025-08-18,2025-08-20,2025,2025-08,-0.005126217832690571,0,0.5391757801783356,0.7343425490077704,0.5879674723856942,3940
2025-08-18,2025-08-19,2025-08-21,2025,2025-08,-0.0026165696021149473,0,0.530361249111346,0.8136351495191084,0.6011797242132866,3940
2025-08-19,2025-08-20,2025-08-22,2025,2025-08,-0.0028501586880361565,0,0.5702196911469729,0.7713142056511563,0.6204933197730188,3940
2025-08-20,2025-08-21,2025-08-26,2025,2025-08,0.013626771457158224,1,0.49904991009428107,0.7007009012805144,0.5494626578908394,3945
2025-08-21,2025-08-22,2025-08-27,2025,2025-08,0.012556699141220744,1,0.5345873370119114,0.7405089271886908,0.5860677345561063,3945
2025-08-22,2025-08-26,2025-08-28,2025,2025-08,0.020651170617353897,1,0.5754887554105101,0.8253914141028367,0.6379644200835918,3945
2025-08-26,2025-08-27,2025-08-29,2025,2025-08,0.01020597614686414,1,0.5125422858850389,0.7735623037937277,0.5777972903622111,3945
2025-08-27,2025-08-28,2025-09-01,2025,2025-08,0.025371031086677157,1,0.5148501335742868,0.6084332925813516,0.538245923326053,3945
2025-08-28,2025-08-29,2025-09-02,2025,2025-08,0.023314537270599633,1,0.5439211247281264,0.7655417061723963,0.5993262700891938,3950
2025-08-29,2025-09-01,2025-09-03,2025,2025-09,0.03727175268776054,1,0.5255613988719857,0.6634614337795373,0.5600364075988735,3950
2025-09-01,2025-09-02,2025-09-04,2025,2025-09,0.02016263502017072,1,0.5071456863361102,0.26639745618297694,0.44695862879782694,3950
2025-09-02,2025-09-03,2025-09-05,2025,2025-09,0.020095743575250603,1,0.47869133492473304,0.4592857325297415,0.47383993432598515,3950
2025-09-03,2025-09-04,2025-09-08,2025,2025-09,0.02059562963278814,1,0.47934994134029346,0.39034147539939956,0.45709782485507,3950
2025-09-04,2025-09-05,2025-09-09,2025,2025-09,0.031878477006778594,1,0.4783016277324237,0.2814336634501233,0.4290846366618486,3955
2025-09-05,2025-09-08,2025-09-10,2025,2025-09,0.027187220001940793,1,0.46735288722884855,0.385902562721826,0.4469903061020929,3955
2025-09-08,2025-09-09,2025-09-11,2025,2025-09,0.0020613001785707266,1,0.4417273480622991,0.1810622807809233,0.3765610812419551,3955
2025-09-09,2025-09-10,2025-09-12,2025,2025-09,-0.002397442051401527,0,0.42103454514389904,0.18070032343976725,0.3609509897178661,3955
2025-09-10,2025-09-11,2025-09-15,2025,2025-09,-0.0022513256633041436,0,0.46039065707155663,0.19838419922583694,0.3948890426101267,3955
2025-09-11,2025-09-12,2025-09-16,2025,2025-09,0.02118123585124549,1,0.4884647240215197,0.1887570474778636,0.41353780488560565,3960
2025-09-12,2025-09-15,2025-09-17,2025,2025-09,0.006657532057373863,1,0.5099659019106758,0.3522465236882881,0.4705360573550789,3960
2025-09-15,2025-09-16,2025-09-18,2025,2025-09,0.009369960423355453,1,0.5397308092618053,0.4087506553117436,0.5069857707742899,3960
2025-09-16,2025-09-17,2025-09-19,2025,2025-09,-0.01021325982522662,0,0.5165326358636837,0.49276891074173873,0.5105917045831975,3960
2025-09-17,2025-09-18,2025-09-22,2025,2025-09,0.013949718491792242,1,0.4926927508371994,0.43975461391304893,0.4794582166061617,3960
2025-09-18,2025-09-19,2025-09-23,2025,2025-09,0.03108475210047518,1,0.5125505670661377,0.43028640159951126,0.49198452569948103,3965
2025-09-19,2025-09-22,2025-09-24,2025,2025-09,0.029682083151452668,1,0.4874453597852614,0.24887128414750898,0.4278018408758233,3965
2025-09-22,2025-09-23,2025-09-25,2025,2025-09,0.008336001921809695,1,0.4990178659687836,0.31724257430887576,0.45357404305380666,3965
2025-09-23,2025-09-24,2025-09-26,2025,2025-09,-0.010521315288727432,0,0.48255920336888514,0.3929013314177143,0.46014473538109246,3965
2025-09-24,2025-09-25,2025-09-29,2025,2025-09,0.011819314733413902,1,0.5228169342581851,0.47311244681800607,0.5103908123981403,3965
2025-09-25,2025-09-26,2025-09-30,2025,2025-09,0.01432763183444694,1,0.5218934098416651,0.49405810083106966,0.5149345825890163,3970
2025-09-26,2025-09-29,2025-10-01,2025,2025-09,0.03598363294502402,1,0.4875176946416241,0.5015945586975527,0.4910369106556062,3970
2025-09-29,2025-09-30,2025-10-02,2025,2025-09,0.016813675070001526,1,0.4618078056813773,0.5161376685027282,0.4753902713867151,3970
2025-09-30,2025-10-01,2025-10-03,2025,2025-10,0.014125247081485841,1,0.4478182410052754,0.6247296242217173,0.4920460868093859,3970
2025-10-01,2025-10-02,2025-10-06,2025,2025-10,0.014269440707187605,1,0.4947896052052282,0.5341703538262723,0.5046347923604892,3970
2025-10-02,2025-10-03,2025-10-07,2025,2025-10,0.021634048674908226,1,0.464486735887199,0.3144553336248638,0.4269788853216152,3975
2025-10-03,2025-10-06,2025-10-08,2025,2025-10,0.04409582774820306,1,0.5119582715908405,0.2614728501857468,0.4493369162395671,3975
2025-10-06,2025-10-07,2025-10-09,2025,2025-10,0.024717671064011706,1,0.4585197183936271,0.13991490741628992,0.3788685156492928,3975
2025-10-07,2025-10-08,2025-10-10,2025,2025-10,0.008982077509667261,1,0.4439759875991349,0.20778519608699825,0.38492828972110077,3975
2025-10-08,2025-10-09,2025-10-13,2025,2025-10,0.008919763296155542,1,0.43148581807368525,0.14345626992478566,0.3594784310364604,3975
2025-10-09,2025-10-10,2025-10-14,2025,2025-10,0.025220045446940037,1,0.4345663534666436,0.2107765224319794,0.3786188957079775,3980
2025-10-10,2025-10-13,2025-10-15,2025,2025-10,0.047192276545168825,1,0.47449007026223555,0.19504700932360416,0.4046293050275777,3980
2025-10-13,2025-10-14,2025-10-16,2025,2025-10,0.037285324621622436,1,0.4845033681719517,0.23131870704041982,0.42120720288906877,3980
2025-10-14,2025-10-15,2025-10-17,2025,2025-10,0.045857799744230994,1,0.4597052585131763,0.22329035485075183,0.4006015325975702,3980
2025-10-15,2025-10-16,2025-10-20,2025,2025-10,0.01456681370925398,1,0.49618267798408594,0.26575861146307156,0.43857666135383233,3980
2025-10-16,2025-10-17,2025-10-21,2025,2025-10,0.011658064076432207,1,0.48726581097057653,0.23733196625215294,0.4247823497909706,3985
2025-10-17,2025-10-20,2025-10-22,2025,2025-10,-0.06100647307920254,0,0.3817525869022438,0.16873911821758955,0.3284992197310802,3985
2025-10-20,2025-10-21,2025-10-23,2025,2025-10,-0.030330130148115968,0,0.4314922397634733,0.09316740499478422,0.346911031071301,3985
2025-10-21,2025-10-22,2025-10-24,2025,2025-10,-0.04925049325728579,0,0.43259452838571566,0.08661017387088138,0.3460984397570071,3985
2025-10-22,2025-10-23,2025-10-27,2025,2025-10,-0.01277263640894687,0,0.49347890768161234,0.030891477387542044,0.37783205010809473,3985
2025-10-23,2025-10-24,2025-10-28,2025,2025-10,-0.053647178775186606,0,0.47852216828762095,0.09466015770194677,0.3825566656412024,3990
2025-10-24,2025-10-27,2025-10-29,2025,2025-10,-0.011156321119067655,0,0.4428421157860304,0.18009054816391026,0.3771542238805004,3990
2025-10-27,2025-10-28,2025-10-30,2025,2025-10,-0.010803363515268963,0,0.471102672875923,0.3071508135450333,0.43011470804320057,3990
2025-10-28,2025-10-29,2025-10-31,2025,2025-10,0.026000404485068046,1,0.5977175888238722,0.5069060731118749,0.5750147098958729,3990
2025-10-29,2025-10-30,2025-11-03,2025,2025-10,-0.007569888928747707,0,0.5521771716495093,0.4883695449536466,0.5362252649755437,3990
2025-10-30,2025-10-31,2025-11-04,2025,2025-10,0.0015791257934252077,1,0.5864116082737653,0.3083342015221983,0.5168922565858736,3995
2025-10-31,2025-11-03,2025-11-05,2025,2025-11,-0.012120904719558026,0,0.5736783818086914,0.5335175646028895,0.5636381775072409,3995
2025-11-03,2025-11-04,2025-11-06,2025,2025-11,0.0025379930982521565,1,0.6046552309479959,0.46532734346984544,0.5698232590784582,3995
2025-11-04,2025-11-05,2025-11-07,2025,2025-11,0.003425388705104666,1,0.5233163681482725,0.35931162349877677,0.48231518198589857,3995
2025-11-05,2025-11-06,2025-11-10,2025,2025-11,0.028040556693932246,1,0.5822291688568872,0.23860111901812964,0.49632215639719784,3995
2025-11-06,2025-11-07,2025-11-11,2025,2025-11,0.032722956982025306,1,0.5771962217586123,0.20295026374404748,0.4836347322549711,4000
2025-11-07,2025-11-10,2025-11-12,2025,2025-11,0.027984352427951085,1,0.5407734357204561,0.24393383556390327,0.4665635356813179,4000
2025-11-10,2025-11-11,2025-11-13,2025,2025-11,0.03770944514235005,1,0.5527215187760495,0.2925380111048347,0.48767564185824575,4000
2025-11-11,2025-11-12,2025-11-14,2025,2025-11,0.005711753511421672,1,0.5722792170253042,0.4437808955014806,0.5401546366443483,4000
2025-11-12,2025-11-13,2025-11-17,2025,2025-11,-0.00899644018325992,0,0.5830732421120853,0.4358551421679733,0.5462687171260574,4000
2025-11-13,2025-11-14,2025-11-18,2025,2025-11,-0.04671346599129864,0,0.5851270472806799,0.4047863888274032,0.5400418826673608,4005
2025-11-14,2025-11-17,2025-11-19,2025,2025-11,-0.01222232735940598,0,0.5744664447584718,0.38815306263258104,0.5278880992269991,4005
2025-11-17,2025-11-18,2025-11-20,2025,2025-11,-0.005070139455854327,0,0.6106306321123264,0.27373418263344274,0.5264065197426054,4005
2025-11-18,2025-11-19,2025-11-21,2025,2025-11,-0.0016717545548005247,0,0.5791594266950105,0.20332087221061634,0.48519978807391195,4005
2025-11-19,2025-11-20,2025-11-24,2025,2025-11,-0.010441979796533265,0,0.5450542957285704,0.24657817366445225,0.4704352652125409,4005
2025-11-20,2025-11-21,2025-11-25,2025,2025-11,0.016502870653566253,1,0.5286340481939416,0.18016231050063963,0.44151611377061606,4010
2025-11-21,2025-11-24,2025-11-26,2025,2025-11,0.02970823772581942,1,0.4993367171619747,0.23041202679517353,0.4321055445702744,4010
2025-11-24,2025-11-25,2025-11-27,2025,2025-11,0.020932538395256644,1,0.5180220098766265,0.21656849654032484,0.44265863154255114,4010
2025-11-25,2025-11-26,2025-11-28,2025,2025-11,0.007057107175692424,1,0.5089547796335401,0.31018088112636955,0.45926130500674744,4010
2025-11-26,2025-11-27,2025-12-01,2025,2025-11,0.023342181423247513,1,0.5000775977944766,0.3772219508925865,0.469363686069004,4010
2025-11-27,2025-11-28,2025-12-02,2025,2025-11,0.007602228538680307,1,0.5576647761673301,0.507202244726383,0.5450491433070933,4015
2025-11-28,2025-12-01,2025-12-03,2025,2025-12,0.009927954946020535,1,0.5664151782274046,0.7070855793286775,0.6015827785027229,4015
2025-12-01,2025-12-02,2025-12-04,2025,2025-12,-0.012917753205467923,0,0.5742462227069192,0.740184985885395,0.6157309135015381,4015
2025-12-02,2025-12-03,2025-12-05,2025,2025-12,0.009120429462513485,1,0.618652350436738,0.7669715171121366,0.6557321421055877,4015
2025-12-03,2025-12-04,2025-12-08,2025,2025-12,0.0007733446349457107,1,0.6238285932862558,0.6692396264525013,0.6351813515778173,4015
2025-12-04,2025-12-05,2025-12-09,2025,2025-12,0.0012731503858495559,1,0.5843116015458234,0.481559491054499,0.5586235739229923,4020
2025-12-05,2025-12-08,2025-12-10,2025,2025-12,-0.007759576451408916,0,0.5804929933930949,0.506201493452357,0.5619201184079105,4020
2025-12-08,2025-12-09,2025-12-11,2025,2025-12,0.002233390096413899,1,0.5482528876527345,0.40713510387914875,0.512973441709338,4020
2025-12-09,2025-12-10,2025-12-12,2025,2025-12,0.026901033847407513,1,0.49492122688496515,0.4184989050101577,0.4758156464162633,4020
2025-12-10,2025-12-11,2025-12-15,2025,2025-12,0.0342633382692721,1,0.5664957378109317,0.4191547765239594,0.5296604974891885,4020
2025-12-11,2025-12-12,2025-12-16,2025,2025-12,0.014770934530613976,1,0.5934324705132827,0.6241396920787995,0.6011092759046619,4025
2025-12-12,2025-12-15,2025-12-17,2025,2025-12,-0.00107709334218554,0,0.5955619876081831,0.6524900560237101,0.6097940047120649,4025
2025-12-15,2025-12-16,2025-12-18,2025,2025-12,-0.0036724412167634135,0,0.554965547708983,0.5875260568226316,0.5631056749873952,4025
2025-12-16,2025-12-17,2025-12-19,2025,2025-12,0.011925104706823014,1,0.5290074267540457,0.5560557564750882,0.5357695091843063,4025
2025-12-17,2025-12-18,2025-12-22,2025,2025-12,0.02092738297117323,1,0.46426783814171085,0.4420858864300975,0.4587223502138075,4025
2025-12-18,2025-12-19,2025-12-23,2025,2025-12,0.03641020356033994,1,0.39889462697514433,0.526584978591599,0.430817214879258,4030
2025-12-19,2025-12-22,2025-12-24,2025,2025-12,0.03480003989698504,1,0.39288651917147693,0.5046489695937649,0.4208271317770489,4030
2025-12-22,2025-12-23,2025-12-29,2025,2025-12,0.011654209986229576,1,0.44693485143304407,0.4626553443988791,0.4508649746745028,4030
2025-12-23,2025-12-24,2025-12-30,2025,2025-12,-0.020831973116303498,0,0.3927248507617454,0.3945745538063418,0.39318727652289454,4030
2025-12-24,2025-12-29,2025-12-31,2025,2025-12,-0.03933944900053193,0,0.39930075013709443,0.29959060148403005,0.3743732129738283,4030
2025-12-29,2025-12-30,2026-01-02,2025,2025-12,-0.016032724763203752,0,0.42797338836074894,0.6102274519706553,0.4735369042632255,4035
2025-12-30,2025-12-31,2026-01-05,2025,2025-12,0.010706922358445347,1,0.494134292511437,0.6639989237417872,0.5366004503190245,4035
2025-12-31,2026-01-02,2026-01-06,2026,2026-01,0.03305972992380392,1,0.5218952361303525,0.4201228485795647,0.4964521392426556,4035
2026-01-02,2026-01-05,2026-01-07,2026,2026-01,0.016436434411740284,1,0.6291103726148626,0.31807733712332387,0.5513521137419779,4035
2026-01-05,2026-01-06,2026-01-08,2026,2026-01,-0.001037344491362602,0,0.5648987807177747,0.19097192873970797,0.471417067723258,4035
2026-01-06,2026-01-07,2026-01-09,2026,2026-01,0.004134946136593935,1,0.5342373567438141,0.20408994176488918,0.4517005029990829,4040
2026-01-07,2026-01-08,2026-01-12,2026,2026-01,0.028330945080068445,1,0.43103247601260325,0.27868816892900405,0.3929463992417035,4040
2026-01-08,2026-01-09,2026-01-13,2026,2026-01,0.0334366526700004,1,0.3670400422890496,0.35035026635380195,0.3628675983052376,4040
2026-01-09,2026-01-12,2026-01-14,2026,2026-01,0.035547777461159995,1,0.445885476180179,0.29072432922340496,0.4070951894409855,4040
2026-01-12,2026-01-13,2026-01-15,2026,2026-01,0.005087631098351948,1,0.4971954346515058,0.3084814369741739,0.45001693523217284,4040
2026-01-13,2026-01-14,2026-01-16,2026,2026-01,0.005320984692675589,1,0.5101477880752887,0.3583198026469051,0.4721907917181928,4045
2026-01-14,2026-01-15,2026-01-19,2026,2026-01,0.006872509693744355,1,0.5746812391523666,0.38661043628367286,0.5276635384351931,4045
2026-01-15,2026-01-16,2026-01-20,2026,2026-01,0.024178873769491266,1,0.634157924794483,0.4881874971563105,0.5976653178849398,4045
2026-01-16,2026-01-19,2026-01-21,2026,2026-01,0.05356159726378851,1,0.6234378426850833,0.44909728508283947,0.5798527032845223,4045
2026-01-19,2026-01-20,2026-01-22,2026,2026-01,0.03384760180367431,1,0.5729278413320592,0.4743730556422406,0.5482891449096046,4045
2026-01-20,2026-01-21,2026-01-23,2026,2026-01,0.04192258573890455,1,0.5763368854262582,0.6730769657458863,0.6005219055061652,4050
2026-01-21,2026-01-22,2026-01-26,2026,2026-01,0.046782286438713544,1,0.4116187488141352,0.36182971525458985,0.3991714904242488,4050
2026-01-22,2026-01-23,2026-01-27,2026,2026-01,0.05297976200080242,1,0.3839477820639826,0.282945386454477,0.35869718316160626,4050
2026-01-23,2026-01-26,2026-01-28,2026,2026-01,0.06894144445445598,1,0.42334883581561356,0.34441440157257136,0.40361522725485305,4050
2026-01-26,2026-01-27,2026-01-29,2026,2026-01,0.07708210195625043,1,0.4495395039327705,0.5697111139809292,0.47958240644481015,4050
2026-01-27,2026-01-28,2026-01-30,2026,2026-01,-0.00485641078395692,0,0.4677572919239124,0.8585174442380155,0.5654473300024382,4055
2026-01-28,2026-01-29,2026-02-02,2026,2026-01,-0.1190473819167448,0,0.5338291766999099,0.8512550278942227,0.6131856394984881,4055
2026-01-29,2026-01-30,2026-02-03,2026,2026-01,-0.1110070100153088,0,0.5606315020764795,0.633649876880619,0.5788860957775144,4055
2026-01-30,2026-02-02,2026-02-04,2026,2026-02,-0.002313351237306955,0,0.5839145339506614,0.48927746963865953,0.5602552678726609,4055
2026-02-02,2026-02-03,2026-02-05,2026,2026-02,0.03639127327324079,1,0.4938386967183868,0.02523855510652691,0.37668866131542184,4055
2026-02-03,2026-02-04,2026-02-06,2026,2026-02,-0.010935654608868481,0,0.3546500226127445,0.05411874361302973,0.2795172028628158,4060
2026-02-04,2026-02-05,2026-02-09,2026,2026-02,-0.01179793160363524,0,0.35255260761141677,0.12893727583555437,0.2966487746674512,4060
2026-02-05,2026-02-06,2026-02-10,2026,2026-02,0.038128984698697486,1,0.2825864270102687,0.06252332283147449,0.22757065096557016,4060
2026-02-06,2026-02-09,2026-02-11,2026,2026-02,0.04028551668557037,1,0.1764263646715063,0.06512521141951097,0.14860107635850747,4060
2026-02-09,2026-02-10,2026-02-12,2026,2026-02,0.011429674563982356,1,0.43722827177181955,0.13401762165972012,0.36142560924379474,4060
2026-02-10,2026-02-11,2026-02-13,2026,2026-02,-0.019132124412332762,0,0.4979568194501769,0.2117039683041965,0.4263936066636818,4065
2026-02-11,2026-02-12,2026-02-16,2026,2026-02,-0.018496339272751856,0,0.5699390113164217,0.3162693689185836,0.5065216007169622,4065
2026-02-12,2026-02-13,2026-02-17,2026,2026-02,-0.03504945273188607,0,0.5931235533725725,0.2814251745792748,0.515198958674248,4065
2026-02-13,2026-02-16,2026-02-18,2026,2026-02,0.009747803770777042,1,0.6075624852972452,0.16313366847909616,0.496455281092708,4065
2026-02-16,2026-02-17,2026-02-19,2026,2026-02,0.004842216834434416,1,0.49983268891490634,0.076823921467717,0.394080497053109,4065
2026-02-17,2026-02-18,2026-02-20,2026,2026-02,0.038058846995178267,1,0.5148556836787668,0.12276774523883469,0.41683369906878376,4070
2026-02-18,2026-02-19,2026-02-23,2026,2026-02,0.04179544473594768,1,0.4887953619786639,0.13555626587962513,0.4004855879539042,4070
2026-02-19,2026-02-20,2026-02-24,2026,2026-02,0.026540383550576325,1,0.5196206527001599,0.13014205690671202,0.4222510037517979,4070
2026-02-20,2026-02-23,2026-02-25,2026,2026-02,0.02860699043614185,1,0.6397113867030148,0.1453446828321466,0.5161197107352977,4070
2026-02-23,2026-02-24,2026-02-26,2026,2026-02,-0.006839284848035446,0,0.6675830136204398,0.148716673987079,0.5378664287120996,4070
2026-02-24,2026-02-25,2026-02-27,2026,2026-02,0.009252129496409342,1,0.772257071667009,0.3830705666062087,0.6749604454018089,4075
2026-02-25,2026-02-26,2026-03-02,2026,2026-02,0.02697129143837616,1,0.760545900363026,0.38562065505040416,0.6668145890348706,4075
2026-02-26,2026-02-27,2026-03-03,2026,2026-02,0.00769618539361825,1,0.650943956058438,0.3250357308000317,0.5694668997438365,4075
2026-02-27,2026-03-02,2026-03-04,2026,2026-03,-0.005037940172905013,0,0.6657969235857166,0.30697891476358824,0.5760924213801846,4075
2026-03-02,2026-03-03,2026-03-05,2026,2026-03,-0.042378802566593994,0,0.4873512434228359,0.2999898446685862,0.4405108937342735,4075
2026-03-03,2026-03-04,2026-03-06,2026,2026-03,-0.018109963842553704,0,0.42446643791861777,0.40306935869071436,0.4191171681116419,4080
2026-03-04,2026-03-05,2026-03-09,2026,2026-03,-0.004011719975503622,0,0.5307028404658497,0.3859077838337513,0.4945040763078251,4080
2026-03-05,2026-03-06,2026-03-10,2026,2026-03,0.010277435333098413,1,0.5482346271575581,0.42566337832577816,0.517591814949613,4080
2026-03-06,2026-03-09,2026-03-11,2026,2026-03,0.011862898858899304,1,0.5455768741747631,0.41226853767467886,0.512249790049742,4080
2026-03-09,2026-03-10,2026-03-12,2026,2026-03,0.0008911564024337547,1,0.5541609266586587,0.5643186205433841,0.55670035012984,4080
2026-03-10,2026-03-11,2026-03-13,2026,2026-03,-0.021146021575807503,0,0.5864846423251462,0.5847810565124654,0.5860587458719759,4085
2026-03-11,2026-03-12,2026-03-16,2026,2026-03,-0.035292078348633,0,0.5494564737293777,0.5892725199615457,0.5594104852874197,4085
2026-03-12,2026-03-13,2026-03-17,2026,2026-03,-0.025526880536817828,0,0.5828378472304844,0.54393369861381,0.5731118100763157,4085
2026-03-13,2026-03-16,2026-03-18,2026,2026-03,-0.029803960744047103,0,0.5337123267056113,0.5230844962021112,0.5310553690797363,4085
2026-03-16,2026-03-17,2026-03-19,2026,2026-03,-0.05836854615515143,0,0.5278700050639523,0.6228191515757144,0.5516072916918928,4085
2026-03-17,2026-03-18,2026-03-20,2026,2026-03,-0.08078968108143741,0,0.4968177448273197,0.6268575367211028,0.5293276928007655,4090
2026-03-18,2026-03-19,2026-03-23,2026,2026-03,-0.12002536841787,0,0.4873151935850092,0.6198526395503343,0.5204495550763405,4090
2026-03-19,2026-03-20,2026-03-24,2026,2026-03,-0.0703926196155701,0,0.5284549064936177,0.6224446947047132,0.5519523535463916,4090
2026-03-20,2026-03-23,2026-03-25,2026,2026-03,-0.015437303042609003,0,0.5579634302165167,0.6829447698351238,0.5892087651211685,4090
2026-03-23,2026-03-24,2026-03-26,2026,2026-03,0.017026176806159865,1,0.6305734844882577,0.6929153471247972,0.6461589501473926,4090
2026-03-24,2026-03-25,2026-03-27,2026,2026-03,0.013156228413680778,1,0.6615639091893378,0.5793823588727083,0.6410185216101805,4095
2026-03-25,2026-03-26,2026-03-30,2026,2026-03,-0.00803257915092756,0,0.640445763808015,0.5966045640381413,0.6294854638655466,4095
2026-03-26,2026-03-27,2026-03-31,2026,2026-03,0.034163577156627996,1,0.6432988714635743,0.5644976041769525,0.6235985546419189,4095
2026-03-27,2026-03-30,2026-04-01,2026,2026-03,0.05987978626628976,1,0.6433964307528927,0.5244666183509727,0.6136639776524127,4095
2026-03-30,2026-03-31,2026-04-02,2026,2026-03,0.031338323147087385,1,0.6021861422095416,0.4834129281470515,0.5724928386939191,4095
2026-03-31,2026-04-01,2026-04-03,2026,2026-04,0.016527698261012438,1,0.581663338578588,0.40573758530847787,0.5376819002610604,4100
2026-04-01,2026-04-02,2026-04-06,2026,2026-04,-0.014992440042790245,0,0.5296408766771487,0.4165038989204099,0.5013566322379639,4100
2026-04-02,2026-04-03,2026-04-07,2026,2026-04,0.002240165915866522,1,0.5452988985892749,0.3885751680812019,0.5061179659622567,4100
2026-04-03,2026-04-06,2026-04-08,2026,2026-04,0.021121563763325996,1,0.5408054776610848,0.36453902903974084,0.4967388655057488,4100
2026-04-06,2026-04-07,2026-04-09,2026,2026-04,0.01736764287229436,1,0.5332519108635033,0.2844397696014123,0.4710488755479806,4100
2026-04-07,2026-04-08,2026-04-10,2026,2026-04,0.019113563090394796,1,0.5042007726415139,0.32335586597573956,0.4589895459750703,4105
2026-04-08,2026-04-09,2026-04-13,2026,2026-04,-0.010893319511953744,0,0.5655446231106529,0.37027701646290356,0.5167277214487156,4105
2026-04-09,2026-04-10,2026-04-14,2026,2026-04,0.010441934333357222,1,0.5683224012870062,0.387268856263472,0.5230590150311226,4105
2026-04-10,2026-04-13,2026-04-15,2026,2026-04,0.010931216959497256,1,0.5653661633094416,0.33928669874012024,0.5088462971671113,4105
2026-04-13,2026-04-14,2026-04-16,2026,2026-04,0.01786357353966828,1,0.5559181976787236,0.3644346352494811,0.508047307071413,4105
2026-04-14,2026-04-15,2026-04-17,2026,2026-04,0.0051305786841962155,1,0.5818018602978542,0.4821384221446679,0.5568860007595576,4110
2026-04-15,2026-04-16,2026-04-20,2026,2026-04,-0.0022675039099369,0,0.6006917405492905,0.5391865254604534,0.5853154367770812,4110
2026-04-16,2026-04-17,2026-04-21,2026,2026-04,-0.009485693857888089,0,0.6035430742955462,0.5444813982427168,0.5887776552823388,4110
2026-04-17,2026-04-20,2026-04-22,2026,2026-04,-0.015315502636711343,0,0.5717170265480316,0.4988559773774002,0.5535017642553737,4110
2026-04-20,2026-04-21,2026-04-23,2026,2026-04,-0.018857971990744567,0,0.5829879149810071,0.5475852658167422,0.5741372526899409,4110
2026-04-21,2026-04-22,2026-04-24,2026,2026-04,-0.013627848238059168,0,0.5313037486923902,0.5011075934910543,0.5237547098920562,4115
2026-04-22,2026-04-23,2026-04-27,2026,2026-04,-0.010245034621609552,0,0.5277487894944237,0.4799461701685177,0.5157981346629472,4115
2026-04-23,2026-04-24,2026-04-28,2026,2026-04,-0.020094866347764317,0,0.504434514004203,0.4653626645671768,0.49466655164494644,4115
2026-04-24,2026-04-27,2026-04-29,2026,2026-04,-0.029040729211440425,0,0.48197429081427984,0.4408207418497385,0.4716859035731445,4115
2026-04-27,2026-04-28,2026-04-30,2026,2026-04,-0.020373792122641697,0,0.4940850847495161,0.4501008001190815,0.4830890135919075,4115
2026-04-28,2026-04-29,2026-05-01,2026,2026-04,-0.0017967003206753964,0,0.5094924410549297,0.4747872678739341,0.5008161477596809,4120
2026-04-29,2026-04-30,2026-05-04,2026,2026-04,0.00013798133331553974,1,0.528072443379076,0.43891334231683077,0.5057826681135147,4120
2026-04-30,2026-05-01,2026-05-05,2026,2026-05,-0.011083404113720035,0,0.5475056565441571,0.48782015763197345,0.5325842818161112,4120
2026-05-01,2026-05-04,2026-05-06,2026,2026-05,0.014031644731014354,1,0.5592576811556993,0.5267537859488909,0.5511317073539972,4120
2026-05-04,2026-05-05,2026-05-07,2026,2026-05,0.03263827547660761,1,0.5607517189770191,0.5497439973236352,0.5579997885636732,4120
2026-05-05,2026-05-06,2026-05-08,2026,2026-05,0.0354966018078703,1,0.5405598513061053,0.5552660510503324,0.5442364012421621,4125
2026-05-06,2026-05-07,2026-05-11,2026,2026-05,0.005612018572769475,1,0.515928140646991,0.5226477620889377,0.5176080460074777,4125
2026-05-07,2026-05-08,2026-05-12,2026,2026-05,-0.0023641425506438817,0,0.5775577187400701,0.5636022301320402,0.5740688465880626,4125
2026-05-08,2026-05-11,2026-05-13,2026,2026-05,-0.004494914685309704,0,0.570297983175478,0.5668895113885535,0.5694458652287469,4125
2026-05-11,2026-05-12,2026-05-14,2026,2026-05,-0.0035606525201986833,0,0.6308614766820836,0.6084852744541837,0.6252674261251087,4125
2026-05-12,2026-05-13,2026-05-15,2026,2026-05,-0.02982746682115118,0,0.6593215756299023,0.6444159829533683,0.6555951774607689,4130
2026-05-13,2026-05-14,2026-05-18,2026,2026-05,-0.03243674969955445,0,0.6869466848959968,0.6648104100637652,0.6814126161879389,4130
2026-05-14,2026-05-15,2026-05-19,2026,2026-05,-0.03479548591789868,0,0.6249212591224494,0.618664585514711,0.6233570907205148,4130
2026-05-15,2026-05-18,2026-05-20,2026,2026-05,-0.014197800655611749,0,0.5534402253774835,0.623793196836201,0.5710284682421629,4130
2026-05-18,2026-05-19,2026-05-21,2026,2026-05,-0.0036507688536883917,0,0.500125542378243,0.49257952369133373,0.49823903770651573,4130
2026-05-19,2026-05-20,2026-05-22,2026,2026-05,-0.0010039495418823206,0,0.4678111308852917,0.4488533732538218,0.4630716914774242,4135
2026-05-20,2026-05-21,2026-05-25,2026,2026-05,0.013829972479767767,1,0.452422124489731,0.4285514326984997,0.4464544515419232,4135
2026-05-21,2026-05-22,2026-05-26,2026,2026-05,-0.002101316913011889,0,0.45708089128085144,0.4436418069408259,0.45372112019584504,4135
2026-05-22,2026-05-25,2026-05-27,2026,2026-05,-0.010846532422298528,0,0.5301661114886145,0.49428484580136617,0.5211957950668024,4135
2026-05-25,2026-05-26,2026-05-28,2026,2026-05,-0.028716675472456283,0,0.5571700319567788,0.4932037206703433,0.54117845413517,4135
2026-05-26,2026-05-27,2026-05-29,2026,2026-05,0.002063792674004501,1,0.5616827515398408,0.5308893672143497,0.553984405458468,4140
2026-05-27,2026-05-28,2026-06-01,2026,2026-05,0.006047286120807575,1,0.551131188824301,0.5287587409954173,0.5455380768670801,4140
2026-05-28,2026-05-29,2026-06-02,2026,2026-05,0.014915567154613977,1,0.5370865306708457,0.4975792334268512,0.5272097063598471,4140
2026-05-29,2026-06-01,2026-06-03,2026,2026-06,-0.0165141449322191,0,0.5036542886880242,0.45189335696822297,0.4907140557580739,4140
2026-06-01,2026-06-02,2026-06-04,2026,2026-06,-0.005249145277010409,0,0.535263785379847,0.507504182808259,0.52832388473695,4140
2026-06-02,2026-06-03,2026-06-05,2026,2026-06,-0.022487136443425648,0,0.5267214435753493,0.5003528541098133,0.5201292962089653,4145
2026-06-03,2026-06-04,2026-06-08,2026,2026-06,-0.03090729594510717,0,0.5089643806299589,0.487253883641397,0.5035367563828184,4145
2026-06-04,2026-06-05,2026-06-09,2026,2026-06,-0.03846956729889968,0,0.5105591840102252,0.46082427288731775,0.49812545622949833,4145
2026-06-05,2026-06-08,2026-06-10,2026,2026-06,-0.05985157762468858,0,0.5265269500850033,0.4677730061623406,0.5118384641043376,4145
2026-06-08,2026-06-09,2026-06-11,2026,2026-06,-0.04916252836165229,0,0.5137318589571244,0.39917789299668116,0.48509336746701354,4145
2026-06-09,2026-06-10,2026-06-12,2026,2026-06,-0.023614883080628465,0,0.5319422292681185,0.3547187002093462,0.4876363470034254,4150
2026-06-10,2026-06-11,2026-06-15,2026,2026-06,0.04250074798340574,1,0.5862886190587719,0.4097677741132665,0.5421584078223955,4150
2026-06-11,2026-06-12,2026-06-16,2026,2026-06,0.051714529043963,1,0.6220455723920958,0.37401434627948826,0.5600377658639439,4150
2026-06-12,2026-06-15,2026-06-17,2026,2026-06,0.026747592048209083,1,0.6178353918564836,0.3586897935291687,0.5530489922746549,4150
2026-06-15,2026-06-16,2026-06-18,2026,2026-06,-0.015254319995956882,0,0.6069277698533806,0.4711534924613107,0.5729842005053631,4150
2026-06-16,2026-06-17,2026-06-19,2026,2026-06,-0.04089135255110366,0,0.6075625404667335,0.5458168640508516,0.5921261213627631,4155
2026-06-17,2026-06-18,2026-06-22,2026,2026-06,-0.03010612145524298,0,0.5787874956109955,0.5806270824456771,0.5792473923196659,4155
2026-06-18,2026-06-19,2026-06-23,2026,2026-06,-0.03205070210062733,0,0.543137756567781,0.546838875511794,0.5440630363037842,4155
2026-06-19,2026-06-22,2026-06-24,2026,2026-06,-0.029183210505821764,0,0.5556857492710255,0.5139514635486413,0.5452521778404295,4155
2026-06-22,2026-06-23,2026-06-25,2026,2026-06,-0.045233571949208726,0,0.5526226775831012,0.3845111366710747,0.5105947923550946,4155
2026-06-23,2026-06-24,2026-06-26,2026,2026-06,-0.019303097281381947,0,0.545753856392613,0.39697632381569137,0.5085594732483826,4160
2026-06-24,2026-06-25,2026-06-29,2026,2026-06,0.00048522298928429245,1,0.5354985791171886,0.39724886682728666,0.5009361510447131,4160
2026-06-25,2026-06-26,2026-06-30,2026,2026-06,0.001546536068144767,1,0.5021837636859257,0.3678413693330523,0.4685981650977073,4160
2026-06-26,2026-06-29,2026-07-01,2026,2026-06,-0.007361941694772895,0,0.4952840640966863,0.41477995972742654,0.4751580380043714,4160
2026-06-29,2026-06-30,2026-07-02,2026,2026-06,0.012264961425159327,1,0.49047962499088577,0.42014957773290623,0.4728971131763909,4160
2026-06-30,2026-07-01,2026-07-03,2026,2026-07,0.03935194347221697,1,0.5616657033667444,0.42590837138388293,0.527726370371029,4165
2026-07-01,2026-07-02,2026-07-06,2026,2026-07,0.03411291917651366,1,0.5869293617660192,0.4177088651526242,0.5446242376126704,4165
2026-07-02,2026-07-03,2026-07-07,2026,2026-07,0.010738619353944117,1,0.613781469144627,0.4612895844393453,0.5756584979683065,4165
2026-07-03,2026-07-06,2026-07-08,2026,2026-07,-0.021489274942480742,0,0.604331986067827,0.4383940445051024,0.5628475006771458,4165
2026-07-06,2026-07-07,2026-07-09,2026,2026-07,-0.012983942417280403,0,0.589775548419322,0.4756922817106624,0.5612547317421571,4165
2026-07-07,2026-07-08,2026-07-10,2026,2026-07,-0.0056394478010456115,0,0.5460153112680896,0.5443327114400541,0.5455946613110807,4170
2026-07-08,2026-07-09,2026-07-13,2026,2026-07,-0.010831221714293139,0,0.5157643057254342,0.48045809003903633,0.5069377518038347,4170
2026-07-09,2026-07-10,2026-07-14,2026,2026-07,-0.01635612450637279,0,0.5153439053070275,0.4871932698837163,0.5083062464511997,4170
2026-07-10,2026-07-13,2026-07-15,2026,2026-07,-0.016090305747003927,0,0.5285446050972421,0.5139928099479949,0.5249066563099303,4170
2026-07-13,2026-07-14,2026-07-16,2026,2026-07,-0.0069118146841039,0,0.5298674545825408,0.5360571460401545,0.5314148774469443,4170
2026-07-14,2026-07-15,2026-07-17,2026,2026-07,-0.009941144680131228,0,0.5451915763086572,0.45759354793073764,0.5232920692141774,4175
2026-07-15,2026-07-16,2026-07-20,2026,2026-07,-0.00798132011717806,0,0.5459487911777933,0.4760482550162043,0.528473657137396,4175
2026-07-16,2026-07-17,2026-07-21,2026,2026-07,0.012179609953500148,1,0.5198587839332625,0.5068253017359989,0.5166004133839466,4175
2026-07-17,2026-07-20,2026-07-22,2026,2026-07,0.031796993974052404,1,0.4686459416952989,0.43558521725367294,0.4603807605848924,4175
2026-07-20,2026-07-21,2026-07-23,2026,2026-07,0.017117533959437388,1,0.5259752712261099,0.5112038170988865,0.522282407694304,4175
2026-07-21,2026-07-22,2026-07-24,2026,2026-07,-0.002613149566213838,0,0.5405101053208927,0.5110860036327882,0.5331540798988665,4180
2026-07-22,2026-07-23,2026-07-27,2026,2026-07,-0.009786338389671266,0,0.5328260262059838,0.4952362604140217,0.5234285847579934,4180
2026-07-23,2026-07-24,2026-07-28,2026,2026-07,-0.011249427404945538,0,0.5630198347563857,0.5273175578540326,0.5540942655307974,4180
2026-07-24,2026-07-27,2026-07-29,2026,2026-07,-0.0031373912722266377,0,0.5621152795189657,0.5062010146539184,0.5481367133027039,4180
2026-07-27,2026-07-28,2026-07-30,2026,2026-07,-0.0014492969041425808,0,0.548814456965331,0.4817819393140181,0.5320563275525028,4180
2026-07-28,2026-07-29,2026-07-31,2026,2026-07,0.005695952166548743,1,0.5147346363673255,0.4972670302363663,0.5103677348345858,4185
2026-07-29,2026-07-30,2026-08-03,2026,2026-07,0.0033940780885721093,1,0.5257165764860043,0.4971171799624808,0.5185667273551234,4185
2026-07-30,2026-07-31,2026-08-04,2026,2026-07,-0.003049886245249391,0,0.5120899147091271,0.48128377773028913,0.5043883804644176,4185
2026-07-31,2026-08-03,2026-08-05,2026,2026-08,0.0309111463397286,1,0.5161949658331569,0.5264314879843501,0.5187540963709552,4185
2026-08-03,2026-08-04,2026-08-06,2026,2026-08,0.049840788312678345,1,0.5117199256255978,0.48086461669911545,0.5040060983939771,4185
2026-08-04,2026-08-05,2026-08-07,2026,2026-08,0.05756134541828276,1,0.5527287716762505,0.5551154709292868,0.5533254464895095,4190
2026-08-05,2026-08-06,2026-08-10,2026,2026-08,0.03843059438349096,1,0.48813750248884263,0.497643195478066,0.4905139257361485,4190
2026-08-06,2026-08-07,2026-08-11,2026,2026-08,0.029199289819862827,1,0.45455729940220124,0.48183414126480545,0.46137650986785234,4190
2026-08-07,2026-08-10,2026-08-12,2026,2026-08,0.022088290856686368,1,0.48709528190600987,0.5273318650197243,0.49715442768443846,4190
2026-08-10,2026-08-11,2026-08-13,2026,2026-08,0.006575979885047067,1,0.49339923362812205,0.5003262218518503,0.4951309806840541,4190
2026-08-11,2026-08-12,2026-08-14,2026,2026-08,-0.006313455547998676,0,0.4917042319850799,0.49822218896740383,0.4933337212306609,4195
2026-08-12,2026-08-13,2026-08-17,2026,2026-08,-0.0005992631966162023,0,0.5089273714934796,0.4928169263057111,0.5048997601965375,4195
2026-08-13,2026-08-14,2026-08-18,2026,2026-08,0.00028761279299095325,1,0.528565763062737,0.4638414104121271,0.5123846749000844,4195
2026-08-14,2026-08-17,2026-08-19,2026,2026-08,0.013780779679551537,1,0.5312314087297347,0.4722241234013369,0.5164795873976353,4195
2026-08-17,2026-08-18,2026-08-20,2026,2026-08,0.021805930005333908,1,0.5042254815336062,0.47675543786500324,0.4973579706164555,4195
2026-08-18,2026-08-19,2026-08-21,2026,2026-08,0.04411551141862568,1,0.4885476713784819,0.4886869053546151,0.48858247987251524,4200
2026-08-19,2026-08-20,2026-08-24,2026,2026-08,0.05046253952010845,1,0.4760182898823974,0.49494977246407124,0.48075116052781586,4200
2026-08-20,2026-08-21,2026-08-25,2026,2026-08,0.0318112493998672,1,0.4925584465709436,0.5570438864973851,0.508679806552554,4200
2026-08-21,2026-08-24,2026-08-26,2026,2026-08,0.009216775314981331,1,0.4765841084077839,0.6080710187115196,0.5094558359837178,4200
2026-08-24,2026-08-25,2026-08-27,2026,2026-08,-0.009057504263979468,0,0.4155131977489588,0.5561884952673416,0.45068202212855446,4200
2026-08-25,2026-08-26,2026-08-28,2026,2026-08,-0.021181855341056346,0,0.4303677220576319,0.5811726100959181,0.46806894406720345,4205
2026-08-26,2026-08-27,2026-08-31,2026,2026-08,-0.04027182428169124,0,0.4850252458948267,0.6233167358107798,0.519598118373815,4205
2026-08-27,2026-08-28,2026-09-01,2026,2026-08,-0.049460844261444356,0,0.478634300979631,0.5770058717603135,0.5032271936748016,4205
2026-08-28,2026-08-31,2026-09-02,2026,2026-08,-0.04623785485077391,0,0.5333635901318223,0.6177967846839628,0.5544718887698574,4205
2026-08-31,2026-09-01,2026-09-03,2026,2026-09,0.0024591734680055595,1,0.55918400218585,0.5797620346424747,0.5643285103000062,4205
2026-09-01,2026-09-02,2026-09-04,2026,2026-09,0.015568877157478027,1,0.5650664499421391,0.5510825618285146,0.5615704779137329,4210
2026-09-02,2026-09-03,2026-09-07,2026,2026-09,0.014342791577745762,1,0.5605809312941648,0.5018403711079235,0.5458957912476045,4210
2026-09-03,2026-09-04,2026-09-08,2026,2026-09,-0.011738155180140833,0,0.5374896788880612,0.4671513698749262,0.5199051016347774,4210
2026-09-04,2026-09-07,2026-09-09,2026,2026-09,-0.01261853527264982,0,0.5363060163017107,0.5456713862654775,0.5386473587926524,4210
2026-09-07,2026-09-08,2026-09-10,2026,2026-09,-0.007226825937839396,0,0.5358379667006189,0.5916322077708425,0.5497865269681748,4210
2026-09-08,2026-09-09,2026-09-11,2026,2026-09,-0.011682023177290012,0,0.5237888205496355,0.5522852735910042,0.5309129338099776,4215
2026-09-09,2026-09-10,2026-09-14,2026,2026-09,-0.020298814801975353,0,0.5272623958949143,0.5945014188759512,0.5440721516401735,4215
2026-09-10,2026-09-11,2026-09-15,2026,2026-09,-0.019262032736876503,0,0.5062953595705773,0.5343210619137096,0.5133017851563604,4215
2026-09-11,2026-09-14,2026-09-16,2026,2026-09,-0.007237934660953797,0,0.49973670183960384,0.49952217592324194,0.4996830703605134,4215
2026-09-14,2026-09-15,2026-09-17,2026,2026-09,0.005052831484038239,1,0.5241140626261434,0.521340916076415,0.5234207759887113,4215
2026-09-15,2026-09-16,2026-09-18,2026,2026-09,0.018710991059838932,1,0.5301133301087219,0.4781620185511447,0.5171255022193276,4220
2026-09-16,2026-09-17,2026-09-21,2026,2026-09,0.008796401610722664,1,0.5285101536050879,0.45789207313679087,0.5108556334880137,4220
2026-09-17,2026-09-18,2026-09-22,2026,2026-09,0.002332533424035077,1,0.5346561596453162,0.4534898716340569,0.5143645876425014,4220
2026-09-18,2026-09-21,2026-09-23,2026,2026-09,-0.014007857009205073,0,0.5652059606365148,0.45393583609058535,0.5373884295000324,4220
2026-09-21,2026-09-22,2026-09-24,2026,2026-09,-0.01856195869104614,0,0.5743899795431009,0.44465538995536885,0.5419563321461679,4220
2026-09-22,2026-09-23,2026-09-25,2026,2026-09,-0.012708890906151933,0,0.567235321278053,0.45071056090410666,0.5381041311845665,4225
2026-09-23,2026-09-24,2026-09-28,2026,2026-09,-0.03614578209782728,0,0.5518801667441817,0.4383548914495538,0.5234988479205247,4225
2026-09-24,2026-09-25,2026-09-29,2026,2026-09,-0.029046035220690738,0,0.542097941123916,0.4243472229075759,0.5126602615698309,4225
