date,year,period,y,p_high,p_global,p_low,p_high_exp,p_mix,pred_global,pred_mix,agree_active,pred_agree,dominant_active,pred_dominant
2023-01-03,2023,DEV,1,0.002857503928150694,0.4716951823723163,0.3900716507268583,0.6074240166913762,0.39069273596639476,0,0,False,0,True,0
2023-01-04,2023,DEV,0,0.004612938691460391,0.5161749588572867,0.5801398823477267,0.6180794253458004,0.5803148951335589,1,1,True,1,True,1
2023-01-05,2023,DEV,1,0.9997831120244608,0.5756959871956934,0.6240979438227736,0.56986050762453,0.5698722710722655,1,1,True,1,True,1
2023-01-06,2023,DEV,1,0.020987053322388607,0.4709189889456092,0.35187065087013547,0.5941730492529024,0.35695586422513725,0,0,False,0,True,0
2023-01-09,2023,DEV,0,0.0008151583581654335,0.37490613377218496,0.46830350967007656,0.41296503049182576,0.4682584000462462,0,0,True,0,True,0
2023-01-10,2023,DEV,1,0.4061316575978111,0.4488193977821887,0.41077311529460253,0.5640885923708449,0.47303938413497604,0,0,False,0,False,0
2023-01-11,2023,DEV,1,0.45661193985887377,0.5754239263366581,0.3515431812583308,0.7326630577541281,0.5255670673838513,1,1,False,1,False,1
2023-01-12,2023,DEV,0,4.185513566530256e-06,0.9535827959387361,0.9217781430263007,0.4899443955630324,0.9217763355802921,1,1,False,1,True,1
2023-01-13,2023,DEV,1,0.12897896989912203,0.5947687580939505,0.42513074347771923,0.8294142621496944,0.477274815263223,1,0,False,1,True,0
2023-01-16,2023,DEV,0,0.18781686183064686,0.5178296024810449,0.6059316189783048,0.48381123335326315,0.5829953513846611,1,1,False,1,True,1
2023-01-17,2023,DEV,0,0.9938152460031011,0.47541494843989873,0.5091047707867975,0.46886337834286984,0.46911226145562823,0,0,False,0,True,0
2023-01-18,2023,DEV,0,0.9803165544135082,0.4218042938597644,0.4521048868320296,0.4752851806987584,0.4748289126457538,0,0,True,0,True,0
2023-01-19,2023,DEV,1,0.0015913707022471987,0.33964641808748736,0.2815366142573608,0.4914844864750881,0.2818707191502072,0,0,True,0,True,0
2023-01-20,2023,DEV,1,0.9432997235066387,0.49986114323451825,0.40859221620421093,0.5552747079243886,0.5469577700871193,0,1,False,0,True,1
2023-01-23,2023,DEV,1,0.2154281432388949,0.46417407694261364,0.38541453466632963,0.5283837977307457,0.41621413754852987,0,0,False,0,True,0
2023-01-24,2023,DEV,0,0.1469392028525923,0.6189999560255335,0.5238362178538679,0.6202292097404601,0.5380001272422602,1,1,True,1,True,1
2023-01-25,2023,DEV,1,0.21394283989152021,0.48068912180890955,0.39558720429898664,0.5301478672466252,0.4243754946676901,0,0,False,0,True,0
2023-01-26,2023,DEV,0,0.015823571254893642,0.4094063467326182,0.3583408395345106,0.5180080321490325,0.3608673447339153,0,0,False,0,True,0
2023-01-27,2023,DEV,1,0.09731417220544625,0.5987685617780569,0.546138818995861,0.514779785941965,0.543087140653058,1,1,True,1,True,1
2023-01-30,2023,DEV,0,0.925158075723898,0.5484571065704598,0.40231451509233385,0.7668642653696363,0.7395806605645104,1,1,False,1,True,1
2023-01-31,2023,DEV,1,0.9999977073413353,0.47531967707299067,0.3765399911553469,0.5517057014496656,0.5517052998544821,0,1,False,0,True,1
2023-02-01,2023,DEV,1,0.09246210392908313,0.44365175971103915,0.5553079174206919,0.32337199116500553,0.5338626337023504,0,1,False,0,True,1
2023-02-02,2023,DEV,0,6.358684731952047e-05,0.6558935158740391,0.6856071718591591,0.5701564006505526,0.6855998307085973,1,1,True,1,True,1
2023-02-03,2023,DEV,0,1.5329664001058334e-09,0.723929760421355,0.9639020798274788,0.46999941143043356,0.9639020790703425,1,1,False,1,True,1
2023-02-06,2023,DEV,1,0.5103526567016421,0.5215019280612259,0.4697627855567114,0.5152870930396812,0.4929962368251475,1,0,False,0,False,0
2023-02-07,2023,DEV,1,0.11686876932375496,0.560885744786198,0.3728943109396173,0.6735486621317378,0.4080314149552724,1,0,False,1,True,0
2023-02-08,2023,DEV,1,0.0067344773449177,0.4411420799680797,0.42704487973243954,0.4940990372579656,0.4274964544371777,0,0,True,0,True,0
2023-02-09,2023,DEV,0,0.020209196736211615,0.5463565513799128,0.4583001330272601,0.6475423761213912,0.46212456674875135,1,0,False,1,True,0
2023-02-10,2023,DEV,0,0.01459003138988022,0.4331484979002208,0.4690449052474506,0.4381537370170058,0.46859420213329833,0,0,True,0,True,0
2023-02-13,2023,DEV,1,0.23340048012066575,0.49416839849951977,0.599746831482316,0.37287513189709376,0.5467948678733336,0,1,False,0,True,1
2023-02-14,2023,DEV,0,0.006131557875313316,0.49542999815782374,0.48816324879654505,0.6580776620558633,0.48920508885529446,0,0,False,1,True,0
2023-02-15,2023,DEV,1,0.9999999999997726,0.6613554269094638,0.8028984947442531,0.4209956434339462,0.42099564343403306,1,0,False,1,True,0
2023-02-16,2023,DEV,0,0.0975637464934945,0.610460346351869,0.5195684211763589,0.6337872114881288,0.53071203427913,1,1,True,1,True,1
2023-02-17,2023,DEV,1,0.9350361704317302,0.4706673797487792,0.6011124695552434,0.39047727132385085,0.40416094044283374,0,0,False,0,True,0
2023-02-20,2023,DEV,0,0.4453882869676938,0.5269775211959477,0.5912600576422061,0.5611470189904454,0.5778480629417064,1,1,True,1,True,1
2023-02-21,2023,DEV,1,0.04547224983098087,0.5426123403712255,0.4793148741580724,0.6605183511134854,0.48755460393243133,1,0,False,1,True,0
2023-02-22,2023,DEV,0,0.01387063035930485,0.4743694951300024,0.49017732828433414,0.4204385885284585,0.48921000800345665,0,0,True,0,True,0
2023-02-23,2023,DEV,0,0.0038822672749408323,0.4678130018610671,0.41577423893911164,0.5285639316866678,0.41621211867221614,0,0,False,0,True,0
2023-02-24,2023,DEV,0,0.019030157693817645,0.5108755614505504,0.4469619586139387,0.6416100738817329,0.45066614294228924,1,0,False,1,True,0
2023-02-27,2023,DEV,0,0.0003920163260361875,0.46764082333958534,0.45586416652815487,0.5483524225922335,0.4559004234344986,0,0,False,1,True,0
2023-02-28,2023,DEV,1,5.50760039038679e-05,0.3646437060033388,0.35047706625520986,0.4643802194713977,0.3504833395857211,0,0,True,0,True,0
2023-03-01,2023,DEV,0,0.0069408991292975964,0.46730055781481933,0.41321160438072513,0.5148300759029084,0.41391692794123397,0,0,False,0,True,0
2023-03-02,2023,DEV,1,0.4756485000706589,0.5189521305343275,0.5236802519599627,0.5267415804802417,0.5251363682788568,1,1,True,1,True,1
2023-03-03,2023,DEV,1,5.143495395437236e-14,0.6828644500135465,0.78993391287797,0.6714290502002712,0.7899339128779639,1,1,True,1,True,1
2023-03-06,2023,DEV,0,3.440021073230091e-05,0.5811236317142636,0.580134451877203,0.6400096547973545,0.5801365115968011,1,1,True,1,True,1
2023-03-07,2023,DEV,0,0.027748519074133518,0.5304295776280195,0.4290255435755954,0.6157068008154574,0.43420567200289895,1,0,False,1,True,0
2023-03-08,2023,DEV,1,0.0023588595585596456,0.5354594039038915,0.5407691027181036,0.5537955150788678,0.5407998301954147,1,1,True,1,True,1
2023-03-09,2023,DEV,1,0.9996879393878454,0.41903329312701115,0.3898072049061313,0.4991126347633095,0.4990785248439565,0,0,True,0,True,0
2023-03-10,2023,DEV,1,0.9997631518036175,0.24810156247509849,0.23622049987829077,0.5353603870187704,0.5352895362760351,0,1,False,0,True,1
2023-03-13,2023,DEV,1,0.9242803788386196,0.4275749940956354,0.3882048303296225,0.408897098053927,0.4073302873808728,0,0,True,0,True,0
2023-03-14,2023,DEV,0,0.11263675782956413,0.3000398576332533,0.19268641947239068,0.9532894386900518,0.2783582775524457,0,0,False,1,True,0
2023-03-15,2023,DEV,0,0.9911415201431027,0.4571811972245002,0.34365777896884664,0.45687768270080054,0.45587472646419114,0,0,True,0,True,0
2023-03-16,2023,DEV,1,0.017526056399612924,0.538521634322134,0.528596463894237,0.5186080136583981,0.5284214057520589,1,1,True,1,True,1
2023-03-17,2023,DEV,1,0.9998940108452905,0.4835864827924336,0.4910464599284432,0.4664707019451021,0.46647330670891707,0,0,True,0,True,0
2023-03-20,2023,DEV,1,0.06643537535985945,0.5788703597375642,0.6219968616205942,0.5961780015282349,0.6202815759589947,1,1,True,1,True,1
2023-03-21,2023,DEV,0,3.0565913881105803e-05,0.4667352362133896,0.440169549690484,0.542337482922919,0.4401726725467326,0,0,False,0,True,0
2023-03-22,2023,DEV,1,0.006500054365623902,0.9828954372913639,0.9726486136400736,0.6506131794679251,0.9705553658102973,1,1,True,1,True,1
2023-03-23,2023,DEV,1,0.9616688340013649,0.6549055793859989,0.7271832537843749,0.6644142339025867,0.6668202436232471,1,1,True,1,True,1
2023-03-24,2023,DEV,0,0.002279221023789096,0.4119004565875079,0.274300868573595,0.5146900403821615,0.27484876862787233,0,0,False,0,True,0
2023-03-27,2023,DEV,1,0.166124940707187,0.5154375149932713,0.5644850189151148,0.5168694781663327,0.5565748900314827,1,1,True,1,True,1
2023-03-28,2023,DEV,0,0.9405482299093783,0.4192951541866594,0.3135275624071143,0.49649025893300347,0.4856128027639861,0,0,True,0,True,0
2023-03-29,2023,DEV,0,0.44895078832942514,0.4161523101851414,0.2858101065195406,0.5898618106398817,0.42231435877727286,0,0,False,0,False,0
2023-03-30,2023,DEV,1,0.07811747052205723,0.3708407673099146,0.29484710725476704,0.45141555519858434,0.30707783837170244,0,0,True,0,True,0
2023-03-31,2023,DEV,0,0.39047986171287585,0.5312301001360559,0.4703371371846748,0.5732557109044755,0.510524767618469,1,1,False,1,False,1
2023-04-03,2023,DEV,0,0.04497991590379888,0.46972053755220466,0.40517105928614866,0.4952245878236224,0.4092216594266046,0,0,True,0,True,0
2023-04-04,2023,DEV,1,0.9994885029691395,0.5121668968013489,0.4634115800423826,0.6290124496679428,0.6289277453148213,1,1,False,1,True,1
2023-04-05,2023,DEV,0,0.02583628983171353,0.45350057168038893,0.30965384529307494,0.5095148668544335,0.31481751257219653,0,0,False,0,True,0
2023-04-06,2023,DEV,0,6.171785255166662e-07,0.5195248353999407,0.4832454337662645,0.6155405509818687,0.4832455154159699,1,0,False,1,True,0
2023-04-10,2023,DEV,1,3.6431847628008554e-06,0.6019448913303894,0.6092528033402992,0.6830396914632062,0.6092530721595657,1,1,True,1,True,1
2023-04-11,2023,DEV,1,0.25317832993987804,0.4638600308501054,0.3942453728319715,0.6742474528947177,0.4651358318419496,0,0,False,1,False,0
2023-04-12,2023,DEV,1,0.24360508935779884,0.15328625128989665,0.055020157730310944,0.9160800004122814,0.2647787176492646,0,0,False,0,True,0
2023-04-13,2023,DEV,0,0.9999693845377807,0.38107897569129434,0.2902893182447282,0.43526423376554124,0.4352597952914924,0,0,True,0,True,0
2023-04-14,2023,DEV,0,0.00012539148563532886,0.5830146943075534,0.4493683883109028,0.7136187755728676,0.44940152305954134,1,0,False,1,True,0
2023-04-18,2023,DEV,1,0.009067271507964937,0.43242583779715055,0.32392028799125966,0.521101047207342,0.32570817947121855,0,0,False,0,True,0
2023-04-19,2023,DEV,1,0.9999765583537296,0.5029237740873682,0.4133868407296686,0.6567590451806125,0.6567533401354837,1,1,False,1,True,1
2023-04-20,2023,DEV,0,0.6943706720835436,0.3675450352066292,0.24107283750008845,0.48303130960762974,0.4090817043937093,0,0,True,0,True,0
2023-04-21,2023,DEV,1,1.9843124360823258e-05,0.39156164320933046,0.3684596669686914,0.47332691063484966,0.36846174786244884,0,0,True,0,True,0
2023-04-24,2023,DEV,1,4.540721940020113e-06,0.5080756499020005,0.5112463365958105,0.5415267876954399,0.5112464740909192,1,1,True,1,True,1
2023-04-25,2023,DEV,1,0.7109630768127388,0.40405820593453035,0.2889683583681909,0.5197183663216223,0.45302309399732643,0,0,False,0,False,0
2023-04-26,2023,DEV,0,0.8447087824240749,0.5875328186445509,0.6087864429748251,0.6396497855582729,0.6348569795100264,1,1,True,1,True,1
2023-04-27,2023,DEV,1,0.00020788065119415347,0.5515421953850643,0.519122155228918,0.6472293250873159,0.5191487862308108,1,1,True,1,True,1
2023-04-28,2023,DEV,0,0.9130551601463486,0.5277368092248809,0.4348399803938565,0.6382233597456425,0.620540224399007,1,1,False,1,True,1
2023-05-01,2023,DEV,0,0.9161048443899823,0.34180574650662776,0.34029379801591175,0.33293417232168204,0.3335516092645309,0,0,True,0,True,0
2023-05-02,2023,DEV,1,0.03539101076992309,0.5127521511318613,0.5526640705742344,0.5495677949145613,0.5525544902490163,1,1,True,1,True,1
2023-05-03,2023,DEV,1,0.41939713320586214,0.9846205993255823,0.959564039762006,0.6889405948276545,0.8460653427782445,1,1,True,1,True,1
2023-05-04,2023,DEV,1,0.9785181688424855,0.6141683251315722,0.598755254993429,0.6606910019230035,0.6593605086648479,1,1,True,1,True,1
2023-05-05,2023,DEV,1,4.9012541953413224e-08,0.7195197051611353,0.7663875345239581,0.9865962914701627,0.7663875453169491,1,1,True,1,True,1
2023-05-08,2023,DEV,1,0.9371046768975928,0.4292466512801027,0.3271452441051666,0.5369023112394353,0.5237095727290122,0,1,False,0,True,1
2023-05-09,2023,DEV,0,0.9703775307039282,0.5505376839943354,0.5490368092375769,0.621314719293608,0.6191736691221891,1,1,True,1,True,1
2023-05-10,2023,DEV,0,0.09940212585461546,0.40633116243137524,0.21908314130925763,0.9459063784337403,0.29133091619996443,0,0,False,1,True,0
2023-05-11,2023,DEV,0,0.9991942037227315,0.42820796139486217,0.5448416671891348,0.36571336059056403,0.36585770151317454,0,0,False,0,True,0
2023-05-12,2023,DEV,0,3.84948473735859e-05,0.48378851941011947,0.36334493595602135,0.6107519367067403,0.36335445985075443,0,0,False,0,True,0
2023-05-15,2023,DEV,0,0.0002143482122806329,0.3962646902950636,0.29969922056207077,0.5176591574927847,0.29974593988490067,0,0,False,0,True,0
2023-05-16,2023,DEV,0,0.0027089372084731452,0.41851870436242494,0.2714033912107401,0.5129525169359332,0.2720577326250912,0,0,False,0,True,0
2023-05-17,2023,DEV,1,0.9173221951174361,0.5736503988841523,0.520935138790887,0.646146404122561,0.6357942115583699,1,1,True,1,True,1
2023-05-18,2023,DEV,1,0.9959205727911169,0.5458591910330663,0.5346791621718213,0.6364287097385868,0.6360136298657514,1,1,True,1,True,1
2023-05-19,2023,DEV,1,0.059471704230306816,0.4898685378428309,0.5175029862274907,0.5422298019167126,0.5189735320967174,0,1,True,1,True,1
2023-05-22,2023,DEV,0,0.08233039814297291,0.44443282496025066,0.22812595871891678,0.6584958061901741,0.26355847960995593,0,0,False,0,True,0
2023-05-23,2023,DEV,1,7.435423832065454e-06,0.5102853321841784,0.536248308928918,0.5351683207566043,0.5362483008987482,1,1,True,1,True,1
2023-05-24,2023,DEV,0,0.49595990694552944,0.6120676130611732,0.7188452980718438,0.516218066079364,0.6183503149482233,1,1,True,1,True,1
2023-05-25,2023,DEV,1,0.9994705537470057,0.7644162804610529,0.921177523829923,0.6233637817946739,0.6235214581644847,1,1,True,1,True,1
2023-05-26,2023,DEV,1,0.2617297311447559,0.515832942746,0.45304842247127447,0.6225547230242354,0.49741326094234306,1,0,False,1,False,0
2023-05-29,2023,DEV,0,0.989985434507772,0.5534502512586248,0.6986287407904461,0.5135533825464529,0.515406831842585,1,1,True,1,True,1
2023-05-30,2023,DEV,1,0.4444911048148172,0.5683262651774372,0.6538538409934405,0.4939345478334184,0.5827711376955376,1,1,False,1,False,1
2023-05-31,2023,DEV,0,4.254015422443942e-05,0.45357922648838384,0.41275269639906176,0.4936331891406605,0.4127561370676967,0,0,True,0,True,0
2023-06-01,2023,DEV,1,0.000629201911803146,0.5222725516703397,0.36037336471017994,0.6996388186692509,0.36058683118241974,1,0,False,1,True,0
2023-06-02,2023,DEV,0,0.9882984764218761,0.5931310874364883,0.6186145291976448,0.9695010203552042,0.9653951138056789,1,1,True,1,True,1
2023-06-05,2023,DEV,1,0.9960729178646579,0.49473720702047264,0.39434882121326,0.6352657791492607,0.6343196784676494,0,1,False,1,True,1
2023-06-06,2023,DEV,1,0.019949823515523088,0.5206571021992946,0.49050340254306735,0.546236037861276,0.4916152587817206,1,0,False,1,True,0
2023-06-07,2023,DEV,0,0.9999765698535659,0.5505786470165577,0.4448779150071294,0.6871998692171342,0.6871941915782628,1,1,False,1,True,1
2023-06-08,2023,DEV,0,0.9999990036090328,0.440306004425443,0.277736662881385,0.5534605495721873,0.5534602748433971,0,1,False,0,True,1
2023-06-09,2023,DEV,0,0.1399568289487366,0.47555660285318907,0.5861012568094803,0.416522469191789,0.5623675474375369,0,1,False,1,True,1
2023-06-12,2023,DEV,1,2.315763408465991e-05,0.4866661385064663,0.39705780716635447,0.6011889746894494,0.39706253436123723,0,0,False,0,True,0
2023-06-13,2023,DEV,0,0.0008270793275659846,0.4224960217715738,0.36019058807900645,0.5334147322038287,0.3603338581876474,0,0,False,0,True,0
2023-06-14,2023,DEV,0,0.9991490223549537,0.9681435058627528,0.9095045652100151,0.4294686608238047,0.4298771606472569,1,0,False,1,True,0
2023-06-15,2023,DEV,1,0.9999996470410847,0.7321483525028378,0.7381426204452356,0.8017168009535769,0.8017167785145032,1,1,True,1,True,1
2023-06-16,2023,DEV,0,0.15956468598609685,0.4758317883032168,0.47092517551601304,0.5120003200879601,0.4774793180614693,0,0,False,0,True,0
2023-06-19,2023,DEV,0,4.069689192159995e-08,0.5534020453010878,0.675264274160991,0.5114387384531144,0.6752642674938009,1,1,True,1,True,1
2023-06-20,2023,DEV,1,1.9248694795296166e-05,0.5485226417377925,0.629844585055915,0.531968829739352,0.6298427010753731,1,1,True,1,True,1
2023-06-21,2023,DEV,1,0.23272028905683537,0.4530191834667714,0.525000432952625,0.43212927541081814,0.5033874303244528,0,1,False,0,True,1
2023-06-22,2023,DEV,0,0.14455403193365238,0.49868070761822203,0.45927622189774525,0.5715042880744706,0.47549924135970767,0,0,False,1,True,0
2023-06-23,2023,DEV,0,0.999634556890485,0.48244422695125955,0.4138196284584861,0.5809761847512591,0.5809150985395516,0,1,False,0,True,1
2023-06-26,2023,DEV,1,0.0007081089960255297,0.4865206655189801,0.49585130921723475,0.48601338366756447,0.49584434289365076,0,0,True,0,True,0
2023-06-27,2023,DEV,0,0.1328803026008289,0.5389338722485482,0.4294677527934656,0.6255096767573952,0.4555178629722412,1,0,False,1,True,0
2023-06-28,2023,DEV,0,0.9604856266860301,0.4164616146374993,0.41011892816069884,0.437057751908598,0.4359932811703843,0,0,True,0,True,0
2023-06-29,2023,DEV,1,0.012694594792792571,0.7466327700989477,0.8062397632592261,0.7545728670227916,0.8055838729473033,1,1,True,1,True,1
2023-06-30,2023,DEV,1,0.9872969118955514,0.3329189579289067,0.328042132940036,0.34345698562467747,0.3432611693929074,0,0,True,0,True,0
2023-07-03,2023,DEV,0,0.9999723433602506,0.32350344380107127,0.24595305180506696,0.4344493394669384,0.4344441262930165,0,0,True,0,True,0
2023-07-04,2023,DEV,0,1.2926094849797952e-06,0.6237085415575078,0.6607823172092048,0.6353224229057705,0.6607822842995039,1,1,True,1,True,1
2023-07-05,2023,DEV,0,0.015385252580915243,0.4685594218780847,0.4791336968563219,0.4735149861343954,0.47904725157268596,0,0,True,0,True,0
2023-07-06,2023,DEV,1,0.0008055756673782962,0.8181469820024572,0.9407761203169304,0.7049942363204242,0.9405861801683741,1,1,True,1,True,1
2023-07-07,2023,DEV,0,0.9935587132201585,0.28442084216343266,0.2038526289596347,0.4386191401486062,0.4371069417237352,0,0,True,0,True,0
2023-07-10,2023,DEV,1,0.6782698000903632,0.690612039994096,0.8012786192675102,0.6385245121823284,0.6908874235909583,1,1,True,1,True,1
2023-07-11,2023,DEV,1,0.46833192955091774,0.48138353912676957,0.5467809496346097,0.46155130256629473,0.506865184568162,0,1,False,1,False,1
2023-07-12,2023,DEV,0,0.9999831945454076,0.03815808714335778,0.472954876378525,0.04755536111463115,0.047562510146868534,0,0,True,0,True,0
2023-07-13,2023,DEV,1,0.29182893362506834,0.5163068348855487,0.43355719638271895,0.624072435289584,0.4891550553922345,1,0,False,1,False,0
2023-07-14,2023,DEV,0,0.6707605092826494,0.5524966484162098,0.5445172441085412,0.5796790474632064,0.5681023932340128,1,1,True,1,True,1
2023-07-17,2023,DEV,1,0.06900618499066304,0.6287003512702988,0.7221904644940103,0.5718298694484333,0.711814653456989,1,1,True,1,True,1
2023-07-18,2023,DEV,1,0.9739510297522801,0.448664696911114,0.40118965762046244,0.5181972868608135,0.5151493586079754,0,1,False,0,True,1
2023-07-19,2023,DEV,1,0.778844890283571,0.42196003171514185,0.27201450382820463,0.5925919282059258,0.5216945927450606,0,1,False,0,True,1
2023-07-20,2023,DEV,0,0.20747349567619255,0.6358406801020124,0.6701019332193725,0.622214376083405,0.6601665343409799,1,1,True,1,True,1
2023-07-21,2023,DEV,0,0.007388909557165703,0.556534732112127,0.5316912212071014,0.5890625615496049,0.5321151328520656,1,1,True,1,True,1
2023-07-24,2023,DEV,1,0.0004044271479778459,0.4843049050729084,0.401971746678626,0.5799776323802672,0.4020437370913036,0,0,False,0,True,0
2023-07-25,2023,DEV,1,0.3120530321343788,0.41688582937389645,0.2829093794851864,0.5612106573663161,0.36975413709486527,0,0,False,0,False,0
2023-07-26,2023,DEV,1,2.163030311001866e-05,0.8061214125043898,0.9825508473214333,0.04527259214750884,0.9825305737086755,1,1,False,1,True,1
2023-07-27,2023,DEV,1,2.8277686288095188e-08,0.7380130355861838,0.927840070231509,0.5437567145574169,0.9278400593705204,1,1,True,1,True,1
2023-07-28,2023,DEV,0,0.16435253270456746,0.4479751499276134,0.5037548751860512,0.3991779361336858,0.4865673903903038,0,0,False,0,True,1
2023-07-31,2023,DEV,0,0.9998988482678224,0.39028269660598947,0.3098529741836926,0.5061122293731537,0.5060923774095354,0,1,False,0,True,1
2023-08-01,2023,DEV,1,0.021355809169913087,0.614737706410752,0.6312577603581401,0.636822263372064,0.6313765948226309,1,1,True,1,True,1
2023-08-02,2023,DEV,0,6.157686756912946e-05,0.6774535610514724,0.5949204655431418,0.776323340141948,0.5949316357639276,1,1,True,1,True,1
2023-08-03,2023,DEV,1,0.08793335951826366,0.5060905587734459,0.4155596845610431,0.6045934298615263,0.4321820568476344,1,0,False,1,True,0
2023-08-04,2023,DEV,0,0.9984599578928409,0.012306070201649968,0.18810451072149514,0.03365614428795956,0.033894001275649135,0,0,True,0,True,0
2023-08-07,2023,DEV,1,0.0011840791680774669,0.5500280886849419,0.44903375598995576,0.6637571897911742,0.44928800553481785,1,0,False,1,True,0
2023-08-08,2023,DEV,1,0.016884618409906824,0.5853904735729902,0.5096467394875487,0.6929299026596712,0.5127414057586707,1,1,True,1,True,1
2023-08-09,2023,DEV,0,9.644899904379178e-11,0.5563781855650368,0.49254047902124265,0.6594769282943629,0.49254047903734355,1,0,False,1,True,0
2023-08-10,2023,DEV,0,0.25162220056503076,0.006042269054045228,0.1316323257546959,0.024376443843250058,0.10464436472459482,0,0,True,0,True,0
2023-08-11,2023,DEV,0,0.00668578481314198,0.6290021012581339,0.49360466861055535,0.7582257977378616,0.4953738685369112,1,0,False,1,True,0
2023-08-14,2023,DEV,1,7.828369843377813e-05,0.633032272695079,0.5512556945924243,0.7502745800114295,0.5512712745268331,1,1,True,1,True,1
2023-08-15,2023,DEV,1,0.0011648070945686727,0.5087660861956246,0.47337373238777414,0.5825584935619854,0.47350091157220864,1,0,False,1,True,0
2023-08-16,2023,DEV,0,0.05936591672747671,0.5603831933368738,0.5248023652656555,0.661065345083919,0.5328917419785844,1,1,True,1,True,1
2023-08-17,2023,DEV,0,3.9439058675974655e-05,0.6111413993978504,0.5605723240172586,0.6785304961441231,0.5605769761765305,1,1,True,1,True,1
2023-08-18,2023,DEV,0,0.16676410398495953,0.5650035794633881,0.5146208407316167,0.6581726350838671,0.5385601270922029,1,1,True,1,True,1
2023-08-21,2023,DEV,1,0.0002702973214085462,0.4333216053736673,0.46600958637253515,0.3970304995295033,0.46599094151012826,0,0,True,0,True,0
2023-08-22,2023,DEV,1,1.0792958935125493e-07,0.6351075181853837,0.6463205149887561,0.6633562564089762,0.6463205168274166,1,1,True,1,True,1
2023-08-23,2023,DEV,1,0.9994797117719375,0.5895711084038404,0.6760686424923122,0.5044762612777847,0.5045655387737559,1,1,True,1,True,1
2023-08-24,2023,DEV,0,0.0015496882912418176,0.49896994216688173,0.39355258323056247,0.6718053666370827,0.393983788311013,0,0,False,1,True,0
2023-08-25,2023,DEV,1,5.799612933981977e-06,0.4834130278070574,0.5117713888582269,0.48691508984804516,0.5117712447013136,0,1,False,0,True,1
2023-08-28,2023,DEV,1,0.0033486846804738533,0.3990412378903575,0.324110072789292,0.5359589465888964,0.3248194878675604,0,0,False,0,True,0
2023-08-29,2023,DEV,1,6.344148778076128e-09,0.4955226779216317,0.3857298502341064,0.7317636745842662,0.38572985242939645,0,0,False,1,True,0
2023-08-30,2023,DEV,0,0.9223218688501352,0.3388109823275077,0.36494200570514557,0.3357331135704785,0.33800200572445743,0,0,True,0,True,0
2023-08-31,2023,DEV,0,2.9831320317324604e-06,0.45906922702551367,0.47609276838001147,0.453919205067111,0.4760927022333445,0,0,True,0,True,0
2023-09-01,2023,DEV,1,0.00011023085196478748,0.00024700262406889743,0.002371002727820244,0.0007825494644968271,0.0023708276312637212,0,0,True,0,True,0
2023-09-04,2023,DEV,0,7.883125899498092e-91,0.7395423225136368,0.9008564509864445,0.5268024980445705,0.9008564509864445,1,1,True,1,True,1
2023-09-05,2023,DEV,1,0.0025203068883779675,0.39838475199876755,0.3803469010434527,0.4606604961887727,0.3805493159505278,0,0,True,0,True,0
2023-09-06,2023,DEV,0,0.5059925209390231,0.44756270165383044,0.45745599339138193,0.4938185283926915,0.4758551641444281,0,0,True,0,True,0
2023-09-07,2023,DEV,1,0.04463345439298779,0.4490984162635486,0.3735040976395288,0.5353442340538961,0.38072758198713436,0,0,False,0,True,0
2023-09-08,2023,DEV,0,0.9467682136777144,0.47773308127723346,0.47538093011170285,0.509634772315017,0.5078113791061328,0,1,False,0,True,1
2023-09-11,2023,DEV,0,1.4762173905738709e-08,0.54940602862123,0.464366466726053,0.6859330631600938,0.4643664699968576,1,0,False,1,True,0
2023-09-12,2023,DEV,1,0.0002202756567649391,0.5351718874534265,0.4834164530170596,0.6551691164624642,0.48345428594780115,1,0,False,1,True,0
2023-09-13,2023,DEV,0,0.07488255976602948,0.2589685815731479,0.3705891771676743,0.0286373968063484,0.34498295253766714,0,0,True,0,True,0
2023-09-14,2023,DEV,1,0.0013186026872686793,0.5525375442333477,0.4376982400923639,0.6877653984400748,0.43802797931935883,1,0,False,1,True,0
2023-09-15,2023,DEV,1,0.9843520412646058,0.5684062560224277,0.549489712209829,0.62262472914606,0.6214803154189295,1,1,True,1,True,1
2023-09-18,2023,DEV,1,1.955264976272924e-05,0.5803362587423109,0.5578267241378726,0.6229052923596459,0.5578279965963241,1,1,True,1,True,1
2023-09-19,2023,DEV,0,7.107932416680067e-14,0.4383374797918422,0.44807546555406563,0.4641064208164738,0.44807546555406674,0,0,True,0,True,0
2023-09-20,2023,DEV,0,0.9993881742766139,0.7862834698727715,0.9769173915711855,0.04368351792029541,0.04425449441013031,1,0,False,1,True,0
2023-09-21,2023,DEV,1,1.7831725245667696e-05,0.5836827358709034,0.5575542353942435,0.7039295642962979,0.5575568455188913,1,1,True,1,True,1
2023-09-22,2023,DEV,0,1.7936627957071417e-18,0.46373574031338993,0.4529168002385108,0.5172246843026971,0.4529168002385108,0,0,False,0,True,0
2023-09-25,2023,DEV,0,9.124329981194695e-11,0.38456223104590104,0.3978081544934605,0.4221937299511911,0.3978081544956855,0,0,True,0,True,0
2023-09-26,2023,DEV,0,1.2840936261258707e-06,0.47409425597271243,0.4763762165851789,0.48741951055857313,0.4763762307658024,0,0,True,0,True,0
2023-09-27,2023,DEV,0,5.4078665213474185e-06,0.5288819241670999,0.5053499176356533,0.5762207155413616,0.5053503008954686,1,1,True,1,True,1
2023-09-28,2023,DEV,0,2.0853717510483605e-08,0.5344056274620553,0.5533681935220947,0.5204552507756492,0.5533681928357375,1,1,True,1,True,1
2023-09-29,2023,DEV,0,0.8931733780842712,0.581143290931299,0.5472638336789534,0.6738412261997632,0.6603193909458639,1,1,True,1,True,1
2023-10-02,2023,DEV,0,0.006165122117615695,0.48248049903420137,0.4307252224051275,0.5378552707730443,0.43138569223578177,0,0,False,0,True,0
2023-10-03,2023,DEV,0,0.9828713385819006,0.44568962060355877,0.47387524909336226,0.47966078429703923,0.4795616858234129,0,0,True,0,True,0
2023-10-04,2023,DEV,1,1.827723872917937e-05,0.5438247639106172,0.5914744667067616,0.5036375265219537,0.5914728612900367,1,1,True,1,True,1
2023-10-05,2023,DEV,1,0.7424312390832174,0.6199441852873453,0.6221363483445818,0.6585088750314497,0.6491404484013006,1,1,True,1,True,1
2023-10-06,2023,DEV,1,0.9992701830060924,0.4757173118869549,0.623202408906276,0.060521515645319476,0.060932169723368436,0,0,False,0,True,0
2023-10-09,2023,DEV,1,0.002775346303229123,0.4849761337420439,0.43398922069379375,0.5905288497356663,0.434423672374564,0,0,False,1,True,0
2023-10-10,2023,DEV,1,1.5060825969237712e-09,0.3815734723795609,0.4169158432643583,0.4060848957777234,0.41691584324804604,0,0,True,0,True,0
2023-10-11,2023,DEV,1,0.0016631583411810973,0.443422844400285,0.4499133549110804,0.5040582388288407,0.4500034064264005,0,0,False,0,True,0
2023-10-12,2023,DEV,1,0.8697914441941866,0.5458287556423281,0.8372105467422893,0.033581698431088894,0.13822105017357936,1,0,False,0,True,0
2023-10-13,2023,DEV,1,1.0,0.3149369325042586,0.3482617735894683,0.3165004499604134,0.3165004499604134,0,0,True,0,True,0
2023-10-16,2023,DEV,0,0.7170749323408977,0.45301747197694536,0.4665007504407311,0.48943106464289743,0.48294350394580504,0,0,True,0,True,0
2023-10-17,2023,DEV,1,0.05231548241893754,0.3570490757838774,0.3395331225241269,0.39333445116112453,0.3423477649865512,0,0,True,0,True,0
2023-10-18,2023,DEV,0,0.999996946595616,0.48629907100970304,0.4806859073010337,0.539234630423052,0.5392344516501241,0,1,False,1,True,1
2023-10-19,2023,DEV,1,0.0005093756115820808,0.39274387826543866,0.33160425028395696,0.4978045348631133,0.3316889086555596,0,0,True,0,True,0
2023-10-20,2023,DEV,0,0.9999986694496995,0.554742073120367,0.6303513491779597,0.5098702174729672,0.5098703777791733,1,1,True,1,True,1
2023-10-23,2023,DEV,1,0.9999997883121747,0.4972233095731067,0.5938282537399034,0.3923814826991265,0.39238152534295534,0,0,False,0,True,0
2023-10-24,2023,DEV,1,0.000588597794733865,0.4503247048068646,0.3347499518857598,0.6124130255315445,0.3349133837585867,0,0,False,0,True,0
2023-10-25,2023,DEV,1,0.9989888261470241,0.4997863052407616,0.4899515076827003,0.5225355080768519,0.522502559987628,0,1,False,1,True,1
2023-10-26,2023,DEV,1,0.3693258371781242,0.6375842819546891,0.6489349560169444,0.6614633882648929,0.6535620297454473,1,1,True,1,True,1
2023-10-27,2023,DEV,1,0.9372157811546747,0.5788663365560374,0.5786083188466633,0.5864648145908585,0.5859715506426976,1,1,True,1,True,1
2023-10-30,2023,DEV,0,0.23011032401586484,0.38006885349361014,0.4350111417968141,0.34956949652868563,0.41535013711971647,0,0,True,0,True,0
2023-10-31,2023,DEV,0,0.140252824121325,0.48404697665813623,0.5123735820104829,0.46186187901204767,0.5052891730137747,0,1,False,0,True,1
2023-11-01,2023,DEV,0,3.0946779489198234e-09,0.5768403030014523,0.9711942560623772,0.02749042124313446,0.9711942531419177,1,1,False,0,True,1
2023-11-02,2023,DEV,1,0.025057028810243225,0.558135138162274,0.4032809349319469,0.7426715062446965,0.41178505425525536,1,0,False,1,True,0
2023-11-03,2023,DEV,0,0.7424262432503345,0.3281977877814924,0.4164625916318533,0.31405353143840736,0.34043141779763586,0,0,True,0,True,0
2023-11-06,2023,DEV,0,0.9716110294286807,0.44807461909559704,0.49351591876018935,0.4460907826252007,0.4474371334192777,0,0,True,0,True,0
2023-11-07,2023,DEV,0,0.8573474621238631,0.5938552674413478,0.6521761166622935,0.5607226376591773,0.5737687085365738,1,1,True,1,True,1
2023-11-08,2023,DEV,0,0.21229755512638032,0.5062887645140968,0.4391888830775011,0.6062711047025051,0.47466003023357345,1,0,False,1,True,0
2023-11-09,2023,DEV,1,0.7656944296266005,0.41604210449064727,0.4720923216337873,0.35740372479242116,0.3842759018906623,0,0,True,0,True,0
2023-11-10,2023,DEV,0,0.020036008957320092,0.4877981999354897,0.5121672298325579,0.49110147226548917,0.5117451561252514,0,1,False,1,True,1
2023-11-13,2023,DEV,1,8.057752175354181e-11,0.46263447980628347,0.4540086540588778,0.48473097204726084,0.4540086540613533,0,0,True,0,True,0
2023-11-14,2023,DEV,1,0.9998477257174577,0.27632597211189874,0.4136495492760642,0.18356106028875743,0.1835960968483392,0,0,True,0,True,0
2023-11-15,2023,DEV,0,1.2222655337426947e-06,0.5648738809772983,0.4517438468705574,0.6814086375115015,0.4517441275819153,1,0,False,1,True,0
2023-11-16,2023,DEV,1,0.21956271089195034,0.4885290433946224,0.4764294387287737,0.5369904842455041,0.4897263860568778,0,0,False,1,True,0
2023-11-17,2023,DEV,0,0.02134392620752227,0.5319446396208838,0.4867858190150792,0.6075011138766896,0.48936235736072475,1,0,False,1,True,0
2023-11-20,2023,DEV,1,0.10975716652605741,0.5141158931642219,0.43277659367957927,0.6144285264569546,0.45271419511520583,1,0,False,1,True,0
2023-11-21,2023,DEV,1,0.2943833487299885,0.39042604516370644,0.3947421154921835,0.39858020679637435,0.39587198566304266,0,0,True,0,True,0
2023-11-22,2023,DEV,0,0.035405526068497006,0.46418032912697105,0.3927467543432726,0.5539683576654928,0.3984548900225024,0,0,False,0,True,0
2023-11-23,2023,DEV,1,0.0,0.42785025667246207,0.6800714470238671,0.12123473133998464,0.6800714470238671,0,1,False,0,True,1
2023-11-24,2023,DEV,1,0.03785432979215161,0.43218097574034947,0.44881164183043976,0.4276607551417784,0.4480109891903307,0,0,True,0,True,0
2023-11-27,2023,DEV,1,0.025921960832469972,0.49950276392866727,0.4223795647962613,0.5813967724058026,0.4265016026236046,0,0,False,1,True,0
2023-11-28,2023,DEV,1,0.022677252756849182,0.3998286085639846,0.4620250611183916,0.35798899550677216,0.4596658089626887,0,0,True,0,True,0
2023-11-29,2023,DEV,1,0.22924789494104658,0.4685531939216637,0.42643122195110716,0.5244352475819911,0.44889843852273564,0,0,False,0,True,0
2023-11-30,2023,DEV,1,0.008209014935528494,0.5398309414345378,0.5117952460782921,0.5842863128499497,0.512390326328113,1,1,True,1,True,1
2023-12-01,2023,DEV,1,0.008523819957526041,0.6002826422490202,0.555875291790115,0.6310502895093847,0.5565160699359815,1,1,True,1,True,1
2023-12-04,2023,DEV,0,0.025146755855588506,0.5051626739943326,0.6065241020459874,0.4851731335996087,0.603472518869627,1,1,False,1,True,1
2023-12-05,2023,DEV,0,0.005647469151131524,0.525444216320312,0.44727032958446167,0.6237574301133795,0.4482670350402714,1,0,False,1,True,0
2023-12-06,2023,DEV,0,0.2660160174949986,0.5062880297755356,0.5506967256363641,0.4780296890937247,0.5313661299721276,1,1,False,1,False,1
2023-12-07,2023,DEV,0,0.012168948901075612,0.43957991677205277,0.4241564638514197,0.4668901485268863,0.4246764878765902,0,0,True,0,True,0
2023-12-08,2023,DEV,0,0.1983157673510836,0.6643743483521959,0.4858983352191873,0.8404229658586305,0.556206159389308,1,1,False,1,True,0
2023-12-11,2023,DEV,0,0.012267345072082337,0.42622432245849673,0.4341130273773285,0.42436232349569075,0.43399341212811676,0,0,True,0,True,0
2023-12-12,2023,DEV,0,0.006532485060138294,0.5819924893766572,0.5459153573911175,0.6756630453811301,0.5467629322244998,1,1,True,1,True,1
2023-12-13,2023,DEV,1,0.9999999932588253,0.5786816833830554,0.8048820314298967,0.018593323415699525,0.018593328716209095,1,0,False,0,True,0
2023-12-14,2023,DEV,0,0.005870591323059878,0.3894448058865368,0.36627429073128287,0.4795199942272817,0.3669391099756003,0,0,True,0,True,0
2023-12-15,2023,DEV,0,0.9997871687300223,0.4992508663550977,0.5104566523690603,0.5612668825722569,0.5612560685664348,0,1,True,1,True,1
2023-12-18,2023,DEV,0,0.9999965497784563,0.39896182866038665,0.4726648312117406,0.36004582313912126,0.3600462116996492,0,0,True,0,True,0
2023-12-19,2023,DEV,1,0.35051074917159625,0.4238072197360092,0.40700313732045845,0.49186545028281253,0.43674829021332773,0,0,True,0,True,0
2023-12-20,2023,DEV,0,0.11595131356485881,0.4029104429086764,0.40275915154559244,0.43121923685260993,0.4060591358211091,0,0,True,0,True,0
2023-12-21,2023,DEV,1,0.011227940682822351,0.3886652217717609,0.42347080180514485,0.38163226979680664,0.42300104124949883,0,0,True,0,True,0
2023-12-22,2023,DEV,0,0.3375935553578917,0.5105743123407647,0.46912672695533675,0.5750257381339958,0.5048775506480254,1,1,False,1,False,1
2023-12-26,2023,DEV,1,0.9999999999993179,0.736999293918272,0.5731072539847354,0.8831261807042504,0.8831261807040389,1,1,True,1,True,1
2023-12-27,2023,DEV,1,0.9994986785560099,0.4031159943286897,0.4501505903276512,0.3709412480457368,0.3709809573875871,0,0,True,0,True,0
2023-12-28,2023,DEV,0,0.03670519143126652,0.5728654373449507,0.4945083917971326,0.7152113946900045,0.5026093377677708,1,1,False,1,True,0
2023-12-29,2023,DEV,1,0.00785549324397643,0.5251282354541639,0.5064108143700222,0.60102750880018,0.5071540751738857,1,1,True,1,True,1
2024-01-02,2024,DEV,0,0.1797015552541229,0.5357583371037097,0.5143313535463274,0.6232878479598031,0.5339110050474661,1,1,True,1,True,1
2024-01-03,2024,DEV,1,0.08796312381035544,0.6783214101229293,0.7248241886011226,0.6939972529868252,0.7221125550469883,1,1,True,1,True,1
2024-01-04,2024,DEV,1,0.023412353890157958,0.5503744070019515,0.40700703518928155,0.7624169482878442,0.41532801785081536,1,0,False,1,True,0
2024-01-05,2024,DEV,0,0.027150237953667156,0.38474752849442645,0.25982972432375795,0.5603174625059691,0.26798803791756426,0,0,False,0,True,0
2024-01-08,2024,DEV,1,0.03117107303815223,0.4615430022523535,0.5128076952232914,0.4795343782873797,0.5117705302308605,0,1,False,0,True,1
2024-01-09,2024,DEV,0,0.00681552867220273,0.3706502861171657,0.37218021786723404,0.4200691783525119,0.37250660645050343,0,0,True,0,True,0
2024-01-10,2024,DEV,1,0.04671542919709238,0.5469767268515012,0.5105989052245141,0.6186877887593726,0.5156483238102796,1,1,True,1,True,1
2024-01-11,2024,DEV,1,0.019134294895110943,0.3003996323768852,0.20109262074391956,0.4609106670206995,0.20606405586045104,0,0,True,0,True,0
2024-01-12,2024,DEV,0,0.326940438163656,0.4617494925552449,0.48679441425114145,0.4458282609989887,0.47340092215700313,0,0,True,0,True,0
2024-01-15,2024,DEV,0,1.0,0.5164882345846741,0.5243763113045521,0.5680574515885202,0.5680574515885202,1,1,True,1,True,1
2024-01-16,2024,DEV,0,0.9772879949388235,0.40631673993238154,0.4752708146385581,0.3851394714970346,0.38718653501863554,0,0,True,0,True,0
2024-01-17,2024,DEV,0,0.9398226713677593,0.47269799664645656,0.46111798715314684,0.5521171970126363,0.5466411076556476,0,1,False,1,True,1
2024-01-18,2024,DEV,1,0.005487861481303283,0.47857874920497145,0.5086757289714648,0.49661044658797565,0.5086095163730114,0,1,False,1,True,1
2024-01-19,2024,DEV,0,0.02554302467808469,0.44051944711258173,0.42765134485955,0.4929635124332657,0.4293196151676646,0,0,True,0,True,0
2024-01-22,2024,DEV,1,0.012736684246078493,0.5073849807364145,0.4549208184808127,0.6519492308226881,0.45743030715631733,1,0,False,1,True,0
2024-01-23,2024,DEV,0,0.019717828537650823,0.5234299303944308,0.4533580345949668,0.6434282003195122,0.4571058055328463,1,0,False,1,True,0
2024-01-24,2024,DEV,0,0.030215188968140693,0.4662555832231161,0.4044772874383091,0.5628156066255937,0.40926150967345065,0,0,False,0,True,0
2024-01-25,2024,DEV,1,0.021992253420654726,0.4971107035530434,0.4987717938228378,0.494819031158413,0.4986848636646101,0,0,True,0,True,0
2024-01-26,2024,DEV,1,0.6892344177508516,0.4262887793032354,0.44400787450338525,0.40617764181712235,0.4179339761044896,0,0,True,0,True,0
2024-01-29,2024,DEV,0,0.1520273482307986,0.4616575529801742,0.47493328220001163,0.48865479033344794,0.4770193266952653,0,0,True,0,True,0
2024-01-30,2024,DEV,0,0.02787506670002913,0.4148749628741922,0.3431708327730287,0.564759857442272,0.3493476416156782,0,0,False,0,True,0
2024-01-31,2024,DEV,1,0.27920624960573753,0.5510718267399927,0.7230577117565922,0.38989678204312417,0.6300370980561341,1,1,False,1,False,1
2024-02-01,2024,DEV,1,0.7742902189198334,0.37423721934240906,0.4414142999239159,0.3320744967680673,0.35675355980172235,0,0,True,0,True,0
2024-02-02,2024,DEV,0,0.9999999998281055,0.6495917661555725,0.7760491058996447,0.63460307388157,0.6346030739058839,1,1,True,1,True,1
2024-02-05,2024,DEV,1,0.051777804225430456,0.6677837108959371,0.6452758463078379,0.7305337087213886,0.6496903112165654,1,1,True,1,True,1
2024-02-06,2024,DEV,1,0.14280342900375745,0.431478257483418,0.3840720218807245,0.5461867328135178,0.40722255849388034,0,0,False,0,True,0
2024-02-07,2024,DEV,0,0.17040466390062356,0.47317506429643796,0.482859530771473,0.5013965093383121,0.48601831837388826,0,0,False,0,True,0
2024-02-08,2024,DEV,1,0.35325391701349795,0.7230755071503179,0.6966691710064123,0.7846592583486431,0.7277520140184153,1,1,True,1,True,1
2024-02-09,2024,DEV,0,0.8299768496890012,0.5924138815335959,0.5863464008147465,0.6174436724238425,0.6121564163387871,1,1,True,1,True,1
2024-02-12,2024,DEV,1,0.006528729088373048,0.5471796803373565,0.6196904145545548,0.49117160424732825,0.6188513500592988,1,1,False,1,True,1
2024-02-13,2024,DEV,0,1.0,0.3058741766901507,0.5750787363474695,0.18465749192466363,0.18465749192466363,0,0,False,0,True,0
2024-02-14,2024,DEV,1,0.9999999705946725,0.6547152895969435,0.617048951930373,0.6586037088014901,0.6586037075795589,1,1,True,1,True,1
2024-02-15,2024,DEV,1,7.49528631355652e-05,0.37032819810523804,0.48622998047076,0.2930593434614763,0.48621550177844247,0,0,True,0,True,0
2024-02-16,2024,DEV,1,0.9977145294865938,0.4541318847657078,0.42883947916934556,0.5484619632761553,0.5481885696159887,0,1,False,0,True,1
2024-02-19,2024,DEV,1,1.376919851191371e-06,0.599018835963366,0.6412693415804901,0.5315783559574409,0.6412691905447945,1,1,True,1,True,1
2024-02-20,2024,DEV,1,0.9999999998790372,0.4832436138221855,0.6002230182174491,0.37903632942595983,0.3790363294527152,0,0,False,0,True,0
2024-02-21,2024,DEV,0,0.033915134127784866,0.4598593716424385,0.37757297545371477,0.6202539053991601,0.3858035317430701,0,0,False,0,True,0
2024-02-22,2024,DEV,0,0.9789292238332411,0.5663252929735743,0.4294318385317506,0.7475748900191238,0.7408713689922237,1,1,False,1,True,1
2024-02-23,2024,DEV,1,0.038244377337056205,0.4298441600785485,0.40021502125002206,0.5264445741468291,0.4050425919020954,0,0,False,0,True,0
2024-02-26,2024,DEV,1,0.9919765779817934,0.49643138798817854,0.48721732830602466,0.5404872745164682,0.5400598672571346,0,1,False,1,True,1
2024-02-27,2024,DEV,0,0.9877857147905335,0.5623374080409552,0.595580329178129,0.5297717171190206,0.5305755222759497,1,1,True,1,True,1
2024-02-28,2024,DEV,0,0.8689543395218073,0.4324435453843838,0.5551311064271738,0.36343189868805537,0.3885532479793744,0,0,False,0,True,0
2024-02-29,2024,DEV,0,0.7920713724134228,0.6165864294637984,0.5774410175708501,0.6363445872826807,0.6240968488725496,1,1,True,1,True,1
2024-03-01,2024,DEV,1,0.9999999994417976,0.6811094698398016,0.696875687123709,0.6243699009970778,0.6243699010375506,1,1,True,1,True,1
2024-03-04,2024,DEV,1,0.18188128665725495,0.40535811980261843,0.4791666766598526,0.36057525716625444,0.45759711669584663,0,0,True,0,True,0
2024-03-05,2024,DEV,0,0.02902437372499936,0.6063031684202402,0.6303171215500479,0.5879539738282548,0.6290875577184032,1,1,True,1,True,1
2024-03-06,2024,DEV,1,0.1801924415406956,0.32775313056363964,0.3760740651847748,0.30354804152073034,0.36300542390551244,0,0,True,0,True,0
2024-03-07,2024,DEV,0,0.9774319258659194,0.44609834279804117,0.4678826421656014,0.4759494060860774,0.47576735475989795,0,0,True,0,True,0
2024-03-08,2024,DEV,1,0.9969400886779789,0.3848926549278623,0.4172695707146355,0.4256191466825742,0.42559359772053584,0,0,True,0,True,0
2024-03-11,2024,DEV,0,0.014928055877401022,0.504670322619319,0.5353966604987608,0.4979019720955364,0.5348369376951718,1,1,False,1,True,1
2024-03-12,2024,DEV,0,0.9999928080393928,0.38843799588768635,0.5231226613264778,0.29711311268976415,0.2971147381415348,0,0,False,0,True,0
2024-03-13,2024,DEV,1,0.0466788287280689,0.4998405735864312,0.501068944521728,0.541471352150857,0.5029548815876498,0,1,True,1,True,1
2024-03-14,2024,DEV,1,0.024883166461934527,0.6052904244319957,0.48522579063387195,0.7395955374599368,0.49155531538702507,1,0,False,1,True,0
2024-03-15,2024,DEV,0,0.0162925856795053,0.5653489074514753,0.6324872566500906,0.5294308391482411,0.6308082011381189,1,1,True,1,True,1
2024-03-18,2024,DEV,1,0.0963060535798313,0.5735203159712856,0.5340054764076018,0.6219284205030213,0.5424729881725519,1,1,True,1,True,1
2024-03-19,2024,DEV,1,0.009346780316298877,0.49905403104062085,0.5419983175587899,0.48879546666866,0.541501042199319,0,1,False,1,True,1
2024-03-20,2024,DEV,1,0.012904183649838604,0.6103407108286084,0.7111218092849448,0.4602061561151417,0.7078839476158225,1,1,False,1,True,1
2024-03-21,2024,DEV,0,0.7312337498293635,0.5412530036673576,0.6215123227448563,0.5416919691770014,0.5631449862927281,1,1,True,1,True,1
2024-03-22,2024,DEV,0,0.0005032769098839654,0.39502465052481034,0.4600265797601069,0.37295065702572,0.4599827564587879,0,0,True,0,True,0
2024-03-25,2024,DEV,0,0.006946952994799282,0.42113339969046737,0.4379094791552717,0.4247699568760519,0.4378181995116238,0,0,True,0,True,0
2024-03-26,2024,DEV,0,0.9994904646219507,0.6164115894469279,0.7455107379659863,0.4827137360698645,0.4828476404395759,1,0,False,1,True,0
2024-03-27,2024,DEV,1,0.08401193587887443,0.5671199771872114,0.5526960807026345,0.6141446160779905,0.5578584911164396,1,1,True,1,True,1
2024-03-28,2024,DEV,1,0.9022880684732506,0.36020322642924724,0.49763971069902374,0.28517114253549763,0.3059318567194786,0,0,True,0,True,0
2024-04-01,2024,DEV,1,0.8100832938378533,0.5163832760144708,0.5842904518574891,0.48374299480926447,0.5028386366648432,1,1,False,1,True,0
2024-04-02,2024,DEV,1,0.022687593725085036,0.5221083968138918,0.4885368270272907,0.6006655745510894,0.49108075849601324,1,0,False,1,True,0
2024-04-03,2024,DEV,1,0.004661550035883239,0.44576009532012845,0.421307557776935,0.5220530295483841,0.4217771878344863,0,0,False,0,True,0
2024-04-04,2024,DEV,0,0.015501926170650939,0.5230442110805208,0.6179296759981614,0.4522206751728937,0.6153608673015558,1,1,False,1,True,1
2024-04-05,2024,DEV,1,0.11432492321915395,0.2941438576944302,0.19967270838278353,0.3982716288380585,0.2223775147152397,0,0,True,0,True,0
2024-04-08,2024,DEV,1,0.7844476892436051,0.6341554271155846,0.7234996087101343,0.559440928798977,0.5948041563534707,1,1,True,1,True,1
2024-04-09,2024,DEV,1,0.43746760454185624,0.5143221833945844,0.44543217713390926,0.6214794038997985,0.5224471357134197,1,1,False,1,False,1
2024-04-10,2024,DEV,1,0.9999999965230018,0.5034270863154104,0.6155072090775636,0.5211363805132756,0.5211363808414028,1,1,True,1,True,1
2024-04-11,2024,DEV,1,0.016452031516130325,0.46404976981621,0.49198952422223996,0.5057173437304305,0.49221537474143645,0,0,False,0,True,0
2024-04-12,2024,DEV,0,0.0003082705920903241,0.46861999234601864,0.4522972479090173,0.5366885528204842,0.4523232632665496,0,0,False,0,True,0
2024-04-15,2024,DEV,1,0.4069562525982192,0.44582802891966794,0.5105791833426656,0.41593678365126563,0.4720638670273506,0,0,False,0,False,0
2024-04-16,2024,DEV,1,0.9925801650833136,0.4514021540389388,0.5529952122717718,0.3829733289905063,0.3842348632966774,0,0,False,0,True,0
2024-04-17,2024,DEV,0,0.009702467362700943,0.6158761433117357,0.6343545407880479,0.6194534583823684,0.6342099635223378,1,1,True,1,True,1
2024-04-18,2024,DEV,1,0.9962489793044149,0.4497426738345113,0.54412716936818,0.3784003952934781,0.3790220398528448,0,0,False,0,True,0
2024-04-19,2024,DEV,0,0.9522645953000107,0.46235101704812037,0.4094287691815886,0.5676334267196633,0.5600814633666601,0,1,False,0,True,1
2024-04-22,2024,DEV,0,0.9998559514408697,0.7003867046463147,0.7734850023509084,0.6680251180850122,0.6680403094293867,1,1,True,1,True,1
2024-04-23,2024,DEV,0,0.00018733293303330612,0.566629851304905,0.46189002159389625,0.6411446616850309,0.46192360189138437,1,0,False,1,True,0
2024-04-24,2024,DEV,0,0.021919680405670983,0.3708383409266906,0.3528236229062611,0.44104185991736083,0.3547573384674962,0,0,True,0,True,0
2024-04-25,2024,DEV,1,0.0005177575012830026,0.3700242149968025,0.4179591188908847,0.3975163790443087,0.4179485345089824,0,0,True,0,True,0
2024-04-26,2024,DEV,0,0.0837740799662745,0.49218826961837714,0.5370016628360987,0.4820800067975613,0.5324006516312461,0,1,False,1,True,1
2024-04-29,2024,DEV,0,0.1319537869661106,0.613785717388533,0.657427778415875,0.58025282200576,0.6472442506586158,1,1,True,1,True,1
2024-04-30,2024,DEV,0,0.302391436587838,0.607085323556891,0.6779042759615475,0.544244140348776,0.6374865955390763,1,1,True,1,True,1
2024-05-01,2024,DEV,1,0.9988374560707075,0.6278616782283447,0.8022621870965844,0.3316789174610716,0.3322259911844129,1,0,False,1,True,0
2024-05-02,2024,DEV,1,0.0005838860795932023,0.5835304555766765,0.5827153377623414,0.6307365746912283,0.582743376694109,1,1,True,1,True,1
2024-05-03,2024,DEV,1,2.1749353034366837e-05,0.3647129192612057,0.49161294874829614,0.33262591266879155,0.49160949088312056,0,0,True,0,True,0
2024-05-06,2024,DEV,0,0.9971780346823063,0.4374791760768461,0.4392507557391547,0.46907692291808656,0.4689927545087479,0,0,True,0,True,0
2024-05-07,2024,DEV,0,0.9690421978650906,0.4443579332559663,0.44771022731728327,0.48036480872008974,0.4793538946502234,0,0,True,0,True,0
2024-05-08,2024,DEV,1,0.008392108035578057,0.5030942696113593,0.5441660694700208,0.5048530080779647,0.5438361500116093,1,1,True,1,True,1
2024-05-09,2024,DEV,1,0.567557977318406,0.47170529870950306,0.44333087679634825,0.5443084715003291,0.5006415162010174,0,1,False,0,False,1
2024-05-10,2024,DEV,0,0.020417638361278384,0.5713382841224575,0.5506075040117714,0.601027321497747,0.5516369576114417,1,1,True,1,True,1
2024-05-13,2024,DEV,1,0.16297795215254893,0.4591120867036654,0.4224982856259741,0.5387730319843198,0.44144850567451427,0,0,False,0,True,0
2024-05-14,2024,DEV,1,0.999425958432484,0.4008142677881656,0.3908266725087687,0.42731065397341045,0.4272897106515013,0,0,True,0,True,0
2024-05-15,2024,DEV,1,0.016506688424958768,0.3902419003008098,0.6482688515512681,0.22717655522783084,0.6413180122177067,0,1,False,0,True,1
2024-05-16,2024,DEV,1,0.0014601238374647074,0.5181135933303402,0.5849382668756835,0.4843684270544358,0.5847914224552304,1,1,False,1,True,1
2024-05-17,2024,DEV,1,0.9995916480154251,0.46146233788880325,0.47123140533116903,0.43477709978612256,0.4347919859741382,0,0,True,0,True,0
2024-05-20,2024,DEV,0,0.000990661678064327,0.7628007711206991,0.8790780699351944,0.6346972053085056,0.8788359711777566,1,1,True,1,True,1
2024-05-21,2024,DEV,0,0.7959852548431102,0.4645607530616931,0.4171469785918872,0.5609649146453942,0.5316239350724481,0,1,False,0,True,1
2024-05-22,2024,DEV,0,0.4537452740963269,0.41414122546266074,0.42199690225193565,0.452943626057332,0.43603883192739856,0,0,True,0,True,0
2024-05-23,2024,DEV,0,0.00023444540867580512,0.5657749012301408,0.5447306634308773,0.6176029721534466,0.544747748009077,1,1,True,1,True,1
2024-05-24,2024,DEV,1,0.034277633069569144,0.5197221932131906,0.49913087209828244,0.5694556658000357,0.5015414395724843,1,1,False,1,True,0
2024-05-27,2024,DEV,0,0.9999109598541545,0.41603889396736854,0.46197329009552407,0.38480014248943695,0.3848070139977552,0,0,True,0,True,0
2024-05-28,2024,DEV,1,0.9475285535936101,0.5108919084297037,0.4989008900911487,0.5290567778293653,0.5274744547820724,1,1,False,1,True,1
2024-05-29,2024,DEV,0,0.8381816327441682,0.5358308909879611,0.5207805782822373,0.5431655487796763,0.5395432494027107,1,1,True,1,True,1
2024-05-30,2024,DEV,0,0.9993100497753564,0.4288939740753756,0.44025869437524123,0.4457961695137204,0.44579234893150466,0,0,True,0,True,0
2024-05-31,2024,DEV,0,0.8424586061032581,0.3890085021094711,0.49045452981559096,0.3279920703096534,0.3535866326361118,0,0,True,0,True,0
2024-06-03,2024,DEV,1,0.9104757367317129,0.4335077530228536,0.45664592002082544,0.44539371364090885,0.4464010591272136,0,0,True,0,True,0
2024-06-04,2024,DEV,1,0.0015724298084659827,0.47263847148108196,0.5351602939282708,0.4514393525194816,0.5350286486244068,0,1,False,0,True,1
2024-06-05,2024,DEV,1,0.00042707729399723643,0.33080805644476147,0.3934630597869504,0.3248460640762293,0.3934337550261,0,0,True,0,True,0
2024-06-06,2024,DEV,1,0.9998902936393389,0.5018054745793971,0.5008225595878798,0.5133025772582739,0.5133012081209544,1,1,True,1,True,1
2024-06-07,2024,DEV,0,0.9999999967149051,0.5997881895900808,0.7429558310919535,0.4459873052296595,0.4459873062052293,1,0,False,1,True,0
2024-06-10,2024,DEV,0,0.036307575552001786,0.4371021817434156,0.4494388519049566,0.45602781269506154,0.44967808109665247,0,0,True,0,True,0
2024-06-11,2024,DEV,1,0.0192450572221762,0.4246301245453959,0.44231291759059405,0.4621274262730888,0.44269424894401793,0,0,True,0,True,0
2024-06-12,2024,DEV,0,0.9547370493646324,0.6732624214508726,0.8321595784604122,0.42950065678082244,0.44772618767569605,1,0,False,1,True,0
2024-06-13,2024,DEV,0,0.9988365439407247,0.3894756568499131,0.5619113296766399,0.29103394103860963,0.2913490949777412,0,0,False,0,True,0
2024-06-14,2024,DEV,0,0.9981142254594192,0.4844066619028815,0.5421415247514914,0.44493640092505615,0.44511970787278204,0,0,False,0,True,0
2024-06-17,2024,DEV,1,0.6385260208964477,0.43998002143906023,0.45050384941807414,0.4526860164824887,0.451897219870646,0,0,True,0,True,0
2024-06-18,2024,DEV,1,1.0,0.5981234526148203,0.46154116939535333,0.7151436770974957,0.7151436770974957,1,1,False,1,True,1
2024-06-19,2024,DEV,1,0.9458912704129039,0.5634070570746841,0.5060551614109913,0.6428151299773815,0.635415221819883,1,1,True,1,True,1
2024-06-20,2024,DEV,1,0.014760734466164657,0.4355885055670298,0.41436786013685745,0.4580912552589706,0.41501324956221414,0,0,True,0,True,0
2024-06-21,2024,DEV,0,0.9999995024994733,0.6123609971459166,0.8079552794067456,0.4625041959273285,0.46250436778942444,1,0,False,1,True,0
2024-06-24,2024,DEV,0,0.040018608686241866,0.5329620747309047,0.4787187208257317,0.6307593687107952,0.4848031760178467,1,0,False,1,True,0
2024-06-25,2024,DEV,0,0.022921517809301892,0.5439221370002255,0.6495903195348776,0.4402465653307393,0.6447918429446213,1,1,False,1,True,1
2024-06-26,2024,DEV,1,0.9999999999997726,0.5262913311667955,0.7403153639413426,0.36329175960013776,0.3632917596002235,1,0,False,1,True,0
2024-06-27,2024,DEV,1,0.9742385710380423,0.39792207417509656,0.44560334792753187,0.388259933504296,0.38973718180139627,0,0,True,0,True,0
2024-06-28,2024,DEV,0,0.12853238567822362,0.4955061832013578,0.4705769317351258,0.5745406224461238,0.48393963292612335,0,0,False,1,True,0
2024-07-01,2024,DEV,0,0.9120166735968646,0.611379890168453,0.6019135269619162,0.650139163253029,0.6458961113542291,1,1,True,1,True,1
2024-07-02,2024,DEV,0,0.9879429775463188,0.4739113821730981,0.41726332829811325,0.5743099385191968,0.5724164240134866,0,1,False,0,True,1
2024-07-03,2024,DEV,0,0.9999891464847324,0.4389699462587384,0.4097824709184718,0.4964375222355683,0.49643658172364585,0,0,True,0,True,0
2024-07-04,2024,DEV,1,6.868532685921138e-109,0.5662754592469402,0.6395697067807673,0.4976366274532525,0.6395697067807673,1,1,False,1,True,1
2024-07-05,2024,DEV,0,1.0,0.29337079977589015,0.23515097094382512,0.3450821357256158,0.3450821357256158,0,0,True,0,True,0
2024-07-08,2024,DEV,0,1.167783529846724e-07,0.5205883742785193,0.4812727420306905,0.563880106531503,0.48127275167744243,1,0,False,1,True,0
2024-07-09,2024,DEV,1,0.6185539679912885,0.47965723926091247,0.4242843984343818,0.5396483789276693,0.49564324633177437,0,0,False,0,False,0
2024-07-10,2024,DEV,0,0.2587024602381202,0.498944439074455,0.4538149613501441,0.5681752486566571,0.4834002490298773,0,0,False,1,False,0
2024-07-11,2024,DEV,1,1.0,0.46979329839721595,0.6565898836977677,0.33595760926694923,0.33595760926694923,0,0,False,0,True,0
2024-07-12,2024,DEV,1,0.6831407171334493,0.5747862783560345,0.485707040083001,0.670172801346016,0.6117231125187846,1,1,False,1,False,1
2024-07-15,2024,DEV,1,0.18285109523656187,0.5123757266068965,0.5227135364304074,0.5059649799505177,0.5196510445344282,1,1,True,1,True,1
2024-07-16,2024,DEV,1,0.7615127456531081,0.6200918240815929,0.5370486192923624,0.693045317785996,0.6558420934750694,1,1,True,1,True,1
2024-07-17,2024,DEV,0,0.9998799787864906,0.4476916456805059,0.38778996999873916,0.5145572983218716,0.5145420835532929,0,1,False,0,True,1
2024-07-18,2024,DEV,0,0.8916991668841994,0.44457482834929096,0.4972960192095147,0.3943137956267566,0.40546685623688694,0,0,True,0,True,0
2024-07-19,2024,DEV,0,0.9832766146982408,0.5714973935522647,0.6826117994473953,0.49424783740694156,0.49739792052111004,1,0,False,1,True,0
2024-07-22,2024,DEV,0,0.9988687211746741,0.573832831407602,0.641135931655609,0.5143729043340489,0.514516308662692,1,1,True,1,True,1
2024-07-23,2024,DEV,1,0.9764949689379122,0.5451423858939413,0.5893069244659077,0.5178087419203226,0.5194893089219393,1,1,True,1,True,1
2024-07-24,2024,DEV,0,0.024703501650793377,0.4081401719623488,0.4321323531336863,0.42619154038577156,0.4319855942561611,0,0,True,0,True,0
2024-07-25,2024,DEV,1,0.007273195260237637,0.4772718263936793,0.7125972857443085,0.2946488384912044,0.7095574650787235,0,1,False,1,True,1
2024-07-26,2024,DEV,1,0.000609199114686506,0.3758143125195228,0.40381462003573637,0.38986711091592885,0.40380612322552856,0,0,True,0,True,0
2024-07-29,2024,DEV,0,0.0932213919511911,0.464009159455384,0.4931371443064804,0.46239248484423384,0.4902710843563445,0,0,True,0,True,0
2024-07-30,2024,DEV,1,0.02326102585134377,0.4771488661113314,0.518028610500012,0.42120950393157375,0.5157764987592196,0,1,False,0,True,1
2024-07-31,2024,DEV,1,0.0010296221118064404,0.6044886954563219,0.8304083996783302,0.38275199024804296,0.829947482740689,1,1,False,1,True,1
2024-08-01,2024,DEV,1,9.211372002795621e-05,0.4159820829022634,0.44467030770615473,0.4069768073003597,0.4446668356176115,0,0,True,0,True,0
2024-08-02,2024,DEV,0,0.9724048236752199,0.3788520369006295,0.44101105135385327,0.3680478069875521,0.3700612405810682,0,0,True,0,True,0
2024-08-05,2024,DEV,1,0.06881206741471008,0.8851572696551757,0.9467985599073716,0.7766360929844083,0.9350893287620152,1,1,True,1,True,1
2024-08-06,2024,DEV,0,0.9999999999938609,0.7072746283305728,0.7822952924784871,0.6292456251627662,0.6292456251637057,1,1,True,1,True,1
2024-08-07,2024,DEV,0,0.862234507180644,0.41562456833381606,0.4592047603462777,0.41119439227580445,0.4178085642934719,0,0,True,0,True,0
2024-08-08,2024,DEV,1,0.9999873857206948,0.5786936371888984,0.5719464932393675,0.5991465574987802,0.5991462143895726,1,1,True,1,True,1
2024-08-09,2024,DEV,1,0.9999874958925434,0.4823424880511899,0.438149754829713,0.5472175293406973,0.5472161655455249,0,1,False,0,True,1
2024-08-12,2024,DEV,1,0.8173879332677187,0.4320066334138398,0.4422043213583144,0.4172452530375375,0.42180308008730677,0,0,True,0,True,0
2024-08-13,2024,DEV,0,0.9996476407251091,0.4463811337164439,0.4546719608411534,0.4652744470098873,0.46527071112554885,0,0,True,0,True,0
2024-08-14,2024,DEV,0,1.0,0.31826775624568415,0.42273808007643,0.27146287894084314,0.27146287894084314,0,0,True,0,True,0
2024-08-15,2024,DEV,1,1.0,0.7958893693178131,0.9062083797859619,0.6202890955137864,0.6202890955137864,1,1,True,1,True,1
2024-08-16,2024,DEV,1,1.0,0.4753432827428242,0.4324051380822524,0.5241428795098938,0.5241428795098938,0,1,False,0,True,1
2024-08-19,2024,DEV,1,0.7085877102669044,0.4601596543076611,0.49481228696143476,0.4222520733579849,0.4433970113476887,0,0,True,0,True,0
2024-08-20,2024,DEV,0,0.5848828822025935,0.41366787287352846,0.47393787184504155,0.3548539640446475,0.4042877326267992,0,0,True,0,True,0
2024-08-21,2024,DEV,1,0.999406444686426,0.5088979959376645,0.5620832825557353,0.49038616133283464,0.4904287175401044,1,0,False,1,True,0
2024-08-22,2024,DEV,1,0.99999968418188,0.5225554302679802,0.6723460238171096,0.4269956598705273,0.42699573735661794,1,0,False,1,True,0
2024-08-23,2024,DEV,1,1.4750928847081633e-10,0.5509245266948838,0.5101372637624624,0.6209765926610507,0.5101372637788122,1,1,True,1,True,1
2024-08-26,2024,DEV,0,0.9993252918457695,0.5415968018938262,0.5261378419682224,0.6086523032109269,0.6085966300310846,1,1,True,1,True,1
2024-08-27,2024,DEV,0,0.04468178411618467,0.48588628266927525,0.48480325158511156,0.5042194970964508,0.4856708040753961,0,0,False,0,True,0
2024-08-28,2024,DEV,1,0.9999245885581381,0.5809555738569822,0.536867946109787,0.6057989330793112,0.6057937348941949,1,1,True,1,True,1
2024-08-29,2024,DEV,0,0.9999999836393273,0.6389436370161959,0.624003692987284,0.669321205524744,0.669321204783319,1,1,True,1,True,1
2024-08-30,2024,DEV,0,0.9996682303991266,0.48650862410335266,0.4661560859384307,0.5495528162180885,0.5495251477181694,0,1,False,1,True,1
2024-09-02,2024,DEV,0,4.5475414274982694e-23,0.5479656810146852,0.5664952187968624,0.5605965207064214,0.5664952187968624,1,1,True,1,True,1
2024-09-03,2024,DEV,1,1.0,0.4994148700849979,0.7321743404655522,0.30992737002315124,0.30992737002315124,0,0,False,1,True,0
2024-09-04,2024,DEV,1,0.2652215402107786,0.49054695065782983,0.44107268982431386,0.5454365735244515,0.46875223980164293,0,0,False,0,False,0
2024-09-05,2024,DEV,1,0.8941310181223091,0.4893019689737272,0.5279328029228636,0.4672997565338799,0.4737189154232244,0,0,False,0,True,0
2024-09-06,2024,DEV,0,0.999999999992724,0.29895351786410396,0.4971778575664099,0.19636417994056687,0.19636417994275557,0,0,True,0,True,0
2024-09-09,2024,DEV,1,0.040357879891428305,0.5202246950569178,0.5440631867602327,0.5392184501116333,0.5438676634604629,1,1,True,1,True,1
2024-09-10,2024,DEV,1,0.8246048983368784,0.4290993366636023,0.5273229087423241,0.38109800521709186,0.4067451370365801,0,0,False,0,True,0
2024-09-11,2024,DEV,1,1.0,0.34658973746737787,0.309230714363151,0.35492462284356185,0.35492462284356185,0,0,True,0,True,0
2024-09-12,2024,DEV,1,1.0,0.6544674895936772,0.48646696773668974,0.7494566534141078,0.7494566534141078,1,1,False,1,True,1
2024-09-13,2024,DEV,1,0.9982535549479393,0.4765426785119677,0.41038552868666694,0.5761408513605513,0.5758513687974148,0,1,False,0,True,1
2024-09-16,2024,DEV,0,0.6606966940608796,0.43326085249551805,0.45440437792299715,0.41409232459153594,0.42777033755609484,0,0,True,0,True,0
2024-09-17,2024,DEV,0,0.8781808078085965,0.5591295194137665,0.5306517582449758,0.6197229131838343,0.6088723370416274,1,1,True,1,True,1
2024-09-18,2024,DEV,1,0.0049150287387889945,0.7968405249714033,0.8979472533621942,0.655000182108819,0.8967531615249792,1,1,True,1,True,1
2024-09-19,2024,DEV,1,0.999999531876138,0.6196815158185709,0.5730913333316763,0.6780288496215323,0.6780288004977769,1,1,True,1,True,1
2024-09-20,2024,DEV,1,0.980723364128725,0.49605653491537693,0.5522875796368617,0.47789456051945955,0.4793286076603505,0,0,False,1,True,0
2024-09-23,2024,DEV,0,3.535873803058897e-09,0.46965205517134273,0.4783816401303169,0.5055162601593566,0.4783816402262615,0,0,False,0,True,0
2024-09-24,2024,DEV,1,0.2013644053831124,0.4399003961718863,0.4228022824762087,0.48795673902997033,0.4359220708782167,0,0,True,0,True,0
2024-09-25,2024,DEV,0,1.0742598123964438e-06,0.4685957427279192,0.451476753668653,0.50882897015953,0.4514768152798343,0,0,False,0,True,0
2024-09-26,2024,DEV,1,1.0,0.4678290431223773,0.7014647859018652,0.32669777862541416,0.32669777862541416,0,0,False,1,True,0
2024-09-27,2024,DEV,0,0.6655323121332481,0.4540713188469529,0.47381928439030624,0.47286265558397567,0.4731826170089758,0,0,True,0,True,0
2024-09-30,2024,DEV,1,0.9999398299516404,0.5527114202478752,0.5152466115996587,0.607712223694666,0.6077066600343147,1,1,True,1,True,1
2024-10-01,2024,DEV,0,0.9999907860730424,0.547293650239047,0.4384621708687071,0.6210502886021747,0.6210486062485945,1,1,False,1,True,1
2024-10-02,2024,DEV,0,0.997201293568948,0.541689095414359,0.4805571974925369,0.5746212789783315,0.5743580212285462,1,1,False,1,True,1
2024-10-03,2024,DEV,1,0.6452817866806854,0.5612893820462964,0.5288722908855877,0.5872769274866643,0.5665597391419666,1,1,True,1,True,1
2024-10-04,2024,DEV,0,1.0,0.63708063648384,0.6140466913976386,0.6267672717394056,0.6267672717394056,1,1,True,1,True,1
2024-10-07,2024,DEV,1,0.9999999989572643,0.6612223906299837,0.772475323251978,0.5395039049125778,0.5395039051555054,1,1,True,1,True,1
2024-10-08,2024,DEV,0,0.20920173439458664,0.5888388696544088,0.5819295113137415,0.629587411572669,0.5918996267055133,1,1,True,1,True,1
2024-10-09,2024,DEV,1,0.9798058775131017,0.49016938850586833,0.4918822303943357,0.5420438452883671,0.5410308754930564,0,1,False,1,True,1
2024-10-10,2024,DEV,1,0.9999996200993604,0.291690822417457,0.37010774133364976,0.2705819588204098,0.27058199663031823,0,0,True,0,True,0
2024-10-11,2024,DEV,1,0.7332462422177562,0.4754876658643792,0.4248594298759677,0.5363500857474913,0.5066095343361554,0,1,False,0,False,1
2024-10-14,2024,DEV,0,0.9868478016311623,0.5064844526439163,0.5008688134912944,0.5281721830205046,0.5278130836883188,1,1,True,1,True,1
2024-10-15,2024,DEV,1,0.9898803591264888,0.5446785905493898,0.5031282875866054,0.5946149070954689,0.5936890953613077,1,1,True,1,True,1
2024-10-16,2024,DEV,1,0.9943234865671496,0.5155618319186375,0.45707311642672277,0.6373968434659152,0.6363732334071156,1,1,False,1,True,1
2024-10-17,2024,DEV,1,0.37732050961013097,0.5438585083617105,0.5228291119379557,0.5545763637946456,0.5348080011872431,1,1,True,1,True,1
2024-10-18,2024,DEV,1,0.9302029291389092,0.49644123765531556,0.4455490355485832,0.5667143886337871,0.55825740189859,0,1,False,1,True,1
2024-10-21,2024,DEV,0,0.026438080020372044,0.4293859704943387,0.4407837330946725,0.4633180405133441,0.44137949691741096,0,0,True,0,True,0
2024-10-22,2024,DEV,1,0.0901572177869837,0.5142963960110337,0.47956408978850634,0.5630281224807396,0.4870889747613199,1,0,False,1,True,0
2024-10-23,2024,DEV,0,0.9895795910732976,0.5847519602947617,0.5742401327146015,0.6254480656104502,0.6249144580093843,1,1,True,1,True,1
2024-10-24,2024,DEV,0,0.7252650404330114,0.5563418810008026,0.5523308211755374,0.6053016682605956,0.590748724728453,1,1,True,1,True,1
2024-10-25,2024,DEV,1,0.8498872250588525,0.46339631456873365,0.36782284990946057,0.6057977479578541,0.5700746756454731,0,1,False,0,True,1
2024-10-28,2024,DEV,1,2.5961732804328926e-08,0.4359678724772888,0.4907978075444813,0.41299140422019903,0.49079780552449226,0,0,True,0,True,0
2024-10-29,2024,DEV,1,0.979364925831842,0.4973356636968686,0.46262912045119164,0.5296557455747181,0.5282726461940528,0,1,False,0,True,1
2024-10-30,2024,DEV,1,0.9988663469327629,0.5170478383554015,0.49620773123979584,0.577614974307337,0.5775226867365382,1,1,False,1,True,1
2024-10-31,2024,DEV,0,0.9999999980334451,0.6332790531554611,0.7597107366923103,0.5659349095687486,0.5659349099498194,1,1,True,1,True,1
2024-11-01,2024,DEV,0,0.9999939769167612,0.458493610371178,0.4531155406419909,0.5404969440773356,0.5404964177718692,0,1,False,0,True,1
2024-11-04,2024,DEV,0,0.0001521958549338269,0.4399373850158249,0.38974614279096403,0.5272176833889122,0.3897670653896144,0,0,False,0,True,0
2024-11-05,2024,DEV,0,1.6376436317769285e-07,0.5272694215991232,0.5228733482565483,0.5458149652420297,0.5228733520135675,1,1,True,1,True,1
2024-11-06,2024,DEV,0,1.0,0.5356886694455968,0.9792840984076124,0.07783753969808102,0.07783753969808102,1,0,False,1,True,0
2024-11-07,2024,DEV,1,0.8701172912390618,0.681947728081255,0.8666741097248951,0.43962137903960985,0.4950881444847701,1,0,False,1,True,0
2024-11-08,2024,DEV,0,0.08618543111305499,0.440094827349011,0.5074522809606983,0.40474504982168136,0.4986004139665539,0,0,False,0,True,1
2024-11-11,2024,DEV,0,1.0,0.5791488001655284,0.8026133592475445,0.46690029396095006,0.46690029396095006,1,0,False,1,True,0
2024-11-12,2024,DEV,0,0.9999999901629053,0.6103756205432532,0.5065255653365517,0.6651527306181135,0.6651527290576831,1,1,True,1,True,1
2024-11-13,2024,DEV,0,1.0808660064508348e-22,0.23937417450344112,0.22425835067272418,0.21761497351330217,0.22425835067272418,0,0,True,0,True,0
2024-11-14,2024,DEV,1,0.13611978358857724,0.49203765208188355,0.4745200831196788,0.526712771241276,0.48162454053169673,0,0,False,1,True,0
2024-11-15,2024,DEV,1,0.6778909040301435,0.544940292730255,0.5719923810531681,0.5446556115762894,0.5534610336792232,1,1,True,1,True,1
2024-11-18,2024,DEV,1,0.006060593328271978,0.46580364081466946,0.4282204169297789,0.5159110310059278,0.4287518740804009,0,0,False,0,True,0
2024-11-19,2024,DEV,1,0.9881943858499898,0.45523924286176237,0.4084588957154516,0.5507121545097257,0.5490327674248189,0,1,False,0,True,1
2024-11-20,2024,DEV,1,0.016273068011323315,0.44174703429303647,0.46304824759591706,0.4559968437638634,0.4629334996217827,0,0,True,0,True,0
2024-11-21,2024,DEV,1,0.966566962558814,0.5658153573854661,0.5209890500022686,0.623673157510849,0.6202401158998998,1,1,True,1,True,1
2024-11-22,2024,DEV,0,0.9999789115488441,0.4431884101735107,0.5384778582573723,0.4351754640292746,0.43517764251676955,0,0,False,0,True,0
2024-11-25,2024,DEV,0,0.7456144526383932,0.6001831953421735,0.6054795038679398,0.6070002522327856,0.6066133958275951,1,1,True,1,True,1
2024-11-26,2024,DEV,1,0.9999590792193402,0.5623794963033383,0.6198542854460403,0.5272754538629323,0.5272792422609932,1,1,True,1,True,1
2024-11-27,2024,DEV,0,0.1288851408149525,0.45467819436271717,0.38407457302249154,0.5364490041221122,0.40371337303136445,0,0,False,0,True,0
2024-11-28,2024,DEV,1,1.0028983987957172e-117,0.6040803044041193,0.6217076760999396,0.6077344908650913,0.6217076760999396,1,1,True,1,True,1
2024-11-29,2024,DEV,0,0.001416795075509592,0.5458280457503959,0.4653269638331712,0.6183618302532379,0.4655437828782964,1,0,False,1,True,0
2024-12-02,2024,DEV,0,0.5891845466240971,0.5130633489944897,0.5209365299722958,0.5179573511563375,0.5191812438523032,1,1,True,1,True,1
2024-12-03,2024,DEV,0,0.15764981599482375,0.5273826300527709,0.5076223141016303,0.5318864795244659,0.5114475553158082,1,1,True,1,True,1
2024-12-04,2024,DEV,1,0.996562707594153,0.5866356610815153,0.6481533061471959,0.5154418240577615,0.5158979922273162,1,1,True,1,True,1
2024-12-05,2024,DEV,0,0.14074049019427767,0.4299089913905104,0.43407330888981543,0.47852425584775804,0.4403293569542761,0,0,True,0,True,0
2024-12-06,2024,DEV,1,1.9346163456620502e-19,0.3224363033178191,0.3267319928295844,0.33715909054372556,0.3267319928295844,0,0,True,0,True,0
2024-12-09,2024,DEV,1,0.006279145311229419,0.43460696825265305,0.4181767945669835,0.4670122154966979,0.41848343927133624,0,0,True,0,True,0
2024-12-10,2024,DEV,1,0.036786858640743235,0.4420496483937488,0.3311496137036806,0.5650151619448746,0.3397527925677693,0,0,False,0,True,0
2024-12-11,2024,DEV,1,5.493355279053904e-07,0.2172358369620551,0.22125479013140842,0.1854235776156182,0.22125477044805036,0,0,True,0,True,0
2024-12-12,2024,DEV,0,0.99984618698336,0.557609502590956,0.6325568505776816,0.5330232598172254,0.5330385693790773,1,1,True,1,True,1
2024-12-13,2024,DEV,0,0.516789162364087,0.48185519322218123,0.4640840261101784,0.5440448851389238,0.5054069314695566,0,1,False,1,False,1
2024-12-16,2024,DEV,0,5.559522080252507e-10,0.5299529031009979,0.5128152218877488,0.5428199614271407,0.51281522190443,1,1,True,1,True,1
2024-12-17,2024,DEV,1,0.00014231663689481857,0.583896521191214,0.5159084275291563,0.6757647828463289,0.5159311777480313,1,1,True,1,True,1
2024-12-18,2024,DEV,0,1.534339102667622e-21,0.7976884126089169,0.9148224847624767,0.624980376875514,0.9148224847624767,1,1,True,1,True,1
2024-12-19,2024,DEV,1,0.9999990415178718,0.6188820756430288,0.7801106264062453,0.5130129237049461,0.5130131797133206,1,1,True,1,True,1
2024-12-20,2024,DEV,1,0.14850806747009027,0.43420794530260287,0.466853915522945,0.42731504964587613,0.4609820749615824,0,0,True,0,True,0
2024-12-23,2024,DEV,1,0.00021379753854910557,0.4972891940826642,0.4764450451388669,0.5268359971478875,0.47645581860037156,0,0,False,1,True,0
2024-12-24,2024,DEV,1,8.863687645556869e-79,0.5906331192631433,0.5274369695490458,0.6505435321191142,0.5274369695490458,1,1,True,1,True,1
2024-12-26,2024,DEV,1,9.650959258242457e-05,0.5756700439465263,0.5280339046869654,0.617381942046828,0.5280425276296491,1,1,True,1,True,1
2024-12-27,2024,DEV,1,0.00151631950534906,0.574728727137412,0.5360350459882198,0.6413324977468263,0.536194710568185,1,1,True,1,True,1
2024-12-30,2024,DEV,0,0.9991024647585547,0.5294272724018568,0.5943765652775487,0.5150506299370549,0.5151218277595836,1,1,True,1,True,1
2024-12-31,2024,DEV,1,0.004169323501624068,0.44717908582047416,0.5200262658921438,0.3991833793094157,0.5195224328051105,0,1,False,0,True,1
2025-01-02,2025,TRANSPORT_2025,1,0.012400874678985499,0.47061092357390655,0.42936641519664376,0.5264039264741275,0.4305697652131565,0,0,False,0,True,0
2025-01-03,2025,TRANSPORT_2025,0,0.866510554882425,0.4653801269258612,0.5658412793194068,0.43321265438296497,0.4509171759324375,0,0,False,0,True,0
2025-01-06,2025,TRANSPORT_2025,1,1.0,0.49400489541921705,0.694836239510368,0.38027253216714624,0.38027253216714624,0,0,False,1,True,0
2025-01-07,2025,TRANSPORT_2025,0,0.012144007478481465,0.4529472895433954,0.5301482965960307,0.37438631862578503,0.528256721970697,0,1,False,0,True,1
2025-01-08,2025,TRANSPORT_2025,0,0.0012275454866834039,0.4876978887540097,0.46712907908730683,0.522650373850112,0.4671972340021078,0,0,False,0,True,0
2025-01-09,2025,TRANSPORT_2025,1,1.916959130130309e-05,0.5510458274827735,0.48308747377884786,0.6360801479125296,0.4830904065858831,1,0,False,1,True,0
2025-01-10,2025,TRANSPORT_2025,1,0.03553130454174854,0.3644989796450127,0.36366647303672384,0.326706182581655,0.3623532257006133,0,0,True,0,True,0
2025-01-14,2025,TRANSPORT_2025,1,6.764835992449382e-14,0.5578569380401155,0.5651282824176224,0.5659601388877255,0.5651282824176225,1,1,True,1,True,1
2025-01-15,2025,TRANSPORT_2025,1,0.0004171802262107547,0.24099773540139952,0.2804389909667038,0.1618160393756187,0.28038950381692523,0,0,True,0,True,0
2025-01-16,2025,TRANSPORT_2025,0,0.0013173532088160006,0.5314234433121842,0.5278448006819563,0.5322689374948408,0.527850628832783,1,1,True,1,True,1
2025-01-17,2025,TRANSPORT_2025,1,1.5848431865089734e-09,0.5317497458946044,0.5474741126882315,0.5649912957436528,0.5474741127159936,1,1,True,1,True,1
2025-01-20,2025,TRANSPORT_2025,1,0.00015853574068837341,0.5414777747094669,0.49319494319126156,0.5974185475328099,0.49321146635757307,1,0,False,1,True,0
2025-01-21,2025,TRANSPORT_2025,1,6.58469010932228e-39,0.49851963779119396,0.6146282459652844,0.4609739172917883,0.6146282459652844,0,1,False,1,True,1
2025-01-22,2025,TRANSPORT_2025,0,0.0321322506319428,0.49447249431204543,0.3745514258856438,0.6087609253742584,0.3820771042235938,0,0,False,0,True,0
2025-01-23,2025,TRANSPORT_2025,1,0.3183519319913393,0.5232582882878953,0.6216389204037147,0.4726540481178009,0.5742092984740111,1,1,False,1,False,1
2025-01-24,2025,TRANSPORT_2025,0,1.3918891730863704e-17,0.4802570899624987,0.5848610529447901,0.4293378288823534,0.5848610529447901,0,1,False,1,True,1
2025-01-27,2025,TRANSPORT_2025,0,0.9834584966642742,0.5307042649492247,0.6459231110866891,0.4812229480694901,0.4839473363654337,1,0,False,1,True,0
2025-01-28,2025,TRANSPORT_2025,1,7.197599540758106e-131,0.5665254399676283,0.6736316295720013,0.5233183809793202,0.6736316295720013,1,1,True,1,True,1
2025-01-29,2025,TRANSPORT_2025,1,4.311123398835941e-121,0.6034564601803374,0.6639449109035536,0.5667196034587614,0.6639449109035536,1,1,True,1,True,1
2025-01-30,2025,TRANSPORT_2025,1,2.2195772887999427e-28,0.4045144857709948,0.5452055409064848,0.3371732658293833,0.5452055409064848,0,1,False,0,True,1
2025-01-31,2025,TRANSPORT_2025,0,1.4884390741235165e-09,0.46402754021143405,0.4948028346477143,0.4791455655664911,0.4948028346244094,0,0,True,0,True,0
2025-02-03,2025,TRANSPORT_2025,1,0.018896534173201515,0.4325821525597065,0.4398008267170969,0.45380526781610764,0.44006546211690095,0,0,True,0,True,0
2025-02-04,2025,TRANSPORT_2025,1,0.9520962829048492,0.5484962099165761,0.4957633751329467,0.5380266513720984,0.5360020833436239,1,1,False,1,True,1
2025-02-05,2025,TRANSPORT_2025,1,5.8048673628432925e-06,0.522311597959522,0.5289324795289578,0.5373699745057647,0.5289325285074972,1,1,True,1,True,1
2025-02-06,2025,TRANSPORT_2025,1,0.00011783333255460413,0.5378852966248262,0.6027185725539538,0.49572187502853454,0.6027059647765121,1,1,False,1,True,1
2025-02-07,2025,TRANSPORT_2025,1,2.6116958417624343e-19,0.5149852647745444,0.5822776072170289,0.47939897527977954,0.5822776072170289,1,1,False,1,True,1
2025-02-10,2025,TRANSPORT_2025,1,1.545357383810644e-09,0.5177419477764932,0.5233930148820432,0.5152640793638408,0.5233930148694811,1,1,True,1,True,1
2025-02-11,2025,TRANSPORT_2025,0,0.9977008807041478,0.625178137084164,0.6664979257186912,0.6215608817334557,0.6216641973583806,1,1,True,1,True,1
2025-02-12,2025,TRANSPORT_2025,1,0.9999938394672558,0.4874828042984729,0.6894470244512048,0.4514709238544524,0.45147238991401245,0,0,False,1,True,0
2025-02-13,2025,TRANSPORT_2025,1,8.13814253108144e-06,0.5729106570543347,0.5548700158960065,0.6177771791255061,0.5548705278434671,1,1,True,1,True,1
2025-02-14,2025,TRANSPORT_2025,0,0.9995249722584906,0.509288055908913,0.5443236717192866,0.5294148967460951,0.5294219788277992,1,1,True,1,True,1
2025-02-17,2025,TRANSPORT_2025,1,5.155589094795572e-15,0.5702006921732834,0.4583533426763062,0.6602145629910784,0.45835334267630723,1,0,False,1,True,0
2025-02-18,2025,TRANSPORT_2025,1,4.089316522938173e-11,0.46542981913772224,0.4737994012841752,0.5027813590014228,0.47379940128536036,0,0,False,0,True,0
2025-02-19,2025,TRANSPORT_2025,1,0.8325300874107907,0.5543480685306567,0.6144370963560963,0.5136267412423927,0.5305094426013718,1,1,True,1,True,1
2025-02-20,2025,TRANSPORT_2025,0,0.9996917474009939,0.5707417565310583,0.6291824529202472,0.5666241312161249,0.5666434149813796,1,1,True,1,True,1
2025-02-21,2025,TRANSPORT_2025,1,0.12035548249711078,0.5459454052769089,0.478782244879155,0.605586908485447,0.4940438813503741,1,0,False,1,True,0
2025-02-24,2025,TRANSPORT_2025,0,3.8894706635474016e-05,0.44204232680090655,0.4787070532048845,0.4303652061015789,0.47870517296292325,0,0,True,0,True,0
2025-02-25,2025,TRANSPORT_2025,0,0.9864892439966814,0.598323653472034,0.5389961501702093,0.6682035543363278,0.6664578646248173,1,1,True,1,True,1
2025-02-26,2025,TRANSPORT_2025,0,0.0005719675227999944,0.5535403078148388,0.5613771649437329,0.5758292183773545,0.5613854310489348,1,1,True,1,True,1
2025-02-27,2025,TRANSPORT_2025,0,0.3032908915153286,0.5089015536260678,0.5035091439733973,0.5341999120209368,0.5128173743758258,1,1,True,1,True,1
2025-02-28,2025,TRANSPORT_2025,1,0.9992741297419663,0.578443483491979,0.5748672221702079,0.6035970629164247,0.6035762087795089,1,1,True,1,True,1
2025-03-03,2025,TRANSPORT_2025,1,3.956115833404884e-13,0.5143103238503312,0.5239823471933349,0.5415393860196338,0.5239823471933419,1,1,True,1,True,1
2025-03-04,2025,TRANSPORT_2025,0,1.2907531071406206e-09,0.5196846067251264,0.4216657634895011,0.6456623139774708,0.42166576377862536,1,0,False,1,True,0
2025-03-05,2025,TRANSPORT_2025,1,0.9999938565433686,0.48453320778221104,0.5785075887308149,0.46550895342188325,0.4655096476240987,0,0,False,1,True,0
2025-03-06,2025,TRANSPORT_2025,1,1.2829094567994132e-06,0.5318452215262862,0.526039336910696,0.5392987392177532,0.5260393539213086,1,1,True,1,True,1
2025-03-07,2025,TRANSPORT_2025,0,0.9998065506988162,0.37583269870329006,0.37377218690636266,0.358658616534727,0.3586615402443538,0,0,True,0,True,0
2025-03-10,2025,TRANSPORT_2025,0,0.05143510665697101,0.45723341082178026,0.400876535703485,0.5197919750013513,0.40699296400693136,0,0,False,0,True,0
2025-03-11,2025,TRANSPORT_2025,0,0.5046341043692419,0.5007184925280729,0.49108341249683746,0.5221519264489786,0.5067616442091595,1,1,False,1,False,1
2025-03-12,2025,TRANSPORT_2025,1,0.010834767690587766,0.35755515739673777,0.3698559820546859,0.37065054988867546,0.36986459101258157,0,0,True,0,True,0
2025-03-13,2025,TRANSPORT_2025,1,0.023918863265049987,0.5095732380724269,0.5040014637493869,0.5175906883341052,0.5043265025541068,1,1,True,1,True,1
2025-03-14,2025,TRANSPORT_2025,1,0.964694854561276,0.5206890668971517,0.58342914007053,0.4837570197415686,0.48727595844596855,1,0,False,1,True,0
2025-03-17,2025,TRANSPORT_2025,1,0.5647650771192286,0.5948470422042418,0.5448003402659116,0.6511009511511214,0.6048352129703183,1,1,True,1,True,1
2025-03-18,2025,TRANSPORT_2025,1,0.7413899107636802,0.4596656036725992,0.4290358048961278,0.5003816976037007,0.48193092992395037,0,0,False,0,False,0
2025-03-19,2025,TRANSPORT_2025,1,0.0022421615327204046,0.4967350659032779,0.5175312909773763,0.49884596649029433,0.5174893954615849,0,1,False,1,True,1
2025-03-20,2025,TRANSPORT_2025,0,0.6618074360888713,0.4487099687122797,0.438734293922551,0.5114736405816814,0.48687373443780974,0,0,False,0,False,0
2025-03-21,2025,TRANSPORT_2025,1,0.9999999999849933,0.49269298587572136,0.7331860900222815,0.3826641101010894,0.3826641101063496,0,0,False,1,True,0
2025-03-24,2025,TRANSPORT_2025,0,1.4054404166401895e-16,0.5487728448527868,0.5284610866635273,0.5638378320173467,0.5284610866635273,1,1,True,1,True,1
2025-03-25,2025,TRANSPORT_2025,0,1.3755064889033956e-06,0.5133035639687702,0.5325570296997179,0.5224159936740994,0.5325570157506571,1,1,True,1,True,1
2025-03-26,2025,TRANSPORT_2025,1,0.0002468910271721571,0.5913199984248863,0.6221348668358675,0.583620402796069,0.6221253579602798,1,1,True,1,True,1
2025-03-27,2025,TRANSPORT_2025,1,0.6658342196697161,0.48999717268411347,0.5945319011502562,0.4484108337021742,0.49723949422865654,0,0,False,1,False,0
2025-03-28,2025,TRANSPORT_2025,1,0.2125440846034554,0.4458651770802392,0.47695182526397145,0.43027095249906006,0.46703008189366296,0,0,True,0,True,0
2025-03-31,2025,TRANSPORT_2025,1,0.9999986924837593,0.46749368220310217,0.565669996946428,0.436619420664409,0.4366195894001334,0,0,False,1,True,0
2025-04-01,2025,TRANSPORT_2025,0,6.17682670824864e-05,0.48477526737027804,0.4017026830697371,0.5888501566658142,0.40171424284487,0,0,False,0,True,0
2025-04-02,2025,TRANSPORT_2025,1,0.20909475479096895,0.5305973666392227,0.5002122516248677,0.5500798146358512,0.5106392974846725,1,1,True,1,True,1
2025-04-03,2025,TRANSPORT_2025,1,1.0,0.7117204236117641,0.876196631921111,0.6164876944253783,0.6164876944253783,1,1,True,1,True,1
2025-04-04,2025,TRANSPORT_2025,0,1.0,0.6019345784617173,0.9873044188430574,0.10302473675430113,0.10302473675430113,1,0,False,1,True,0
2025-04-07,2025,TRANSPORT_2025,0,1.0,0.5111953209036337,0.8050833943059288,0.32337061775753767,0.32337061775753767,1,0,False,1,True,0
2025-04-08,2025,TRANSPORT_2025,1,0.9999999999481588,0.6378107229303099,0.6517577387342175,0.5920098056210084,0.5920098056241058,1,1,True,1,True,1
2025-04-09,2025,TRANSPORT_2025,1,1.0,0.8023695699636068,0.6982976833099894,0.835007848303347,0.835007848303347,1,1,True,1,True,1
2025-04-10,2025,TRANSPORT_2025,1,0.9994956544922738,0.533314665128329,0.6863355140632063,0.47487037073853977,0.4749770222336162,1,0,False,1,True,0
2025-04-11,2025,TRANSPORT_2025,1,0.999999999996362,0.5435853109555445,0.5314627837417807,0.571148653405964,0.5711486534058197,1,1,True,1,True,1
2025-04-17,2025,TRANSPORT_2025,1,0.9999999998992735,0.5059027136431654,0.6294006308644289,0.4641327456491438,0.46413274566579066,1,0,False,1,True,0
2025-04-21,2025,TRANSPORT_2025,1,0.9999893635528647,0.49238581067433446,0.399603247696017,0.5495902393051824,0.5495886439764751,0,1,False,0,True,1
2025-04-22,2025,TRANSPORT_2025,0,1.0,0.6479855706102483,0.8569530446164711,0.4730923163364719,0.4730923163364719,1,0,False,1,True,0
2025-04-23,2025,TRANSPORT_2025,1,1.0,0.42696060913992834,0.9498614614751807,0.1139631717899001,0.1139631717899001,0,0,False,1,True,0
2025-04-24,2025,TRANSPORT_2025,0,0.999783938095387,0.4578339939051081,0.7164385833778036,0.3103112788870786,0.3103990275260022,0,0,False,1,True,0
2025-04-25,2025,TRANSPORT_2025,1,0.9999999816900528,0.5304853526310247,0.6804745861687587,0.5135349908240675,0.5135349938807228,1,1,True,1,True,1
2025-04-28,2025,TRANSPORT_2025,1,0.7555592341453672,0.49322257857392354,0.5029018406251157,0.4887443832701584,0.49220504298855844,0,0,False,0,True,0
2025-04-29,2025,TRANSPORT_2025,1,0.004341694862711633,0.5866908519620467,0.5088425371039191,0.6581575441563796,0.5094908173029645,1,1,True,1,True,1
2025-04-30,2025,TRANSPORT_2025,0,1.0,0.6429410450376348,0.45541140420292936,0.7265560545164612,0.7265560545164612,1,1,False,1,True,1
2025-05-01,2025,TRANSPORT_2025,1,0.9999859821253071,0.541609282742019,0.6266851209043713,0.5019127616967674,0.5019145107400639,1,1,True,1,True,1
2025-05-05,2025,TRANSPORT_2025,1,1.5670993490367016e-12,0.5069609731535738,0.4831985086376396,0.5428239272041023,0.483198508637733,1,0,False,1,True,0
2025-05-06,2025,TRANSPORT_2025,0,0.9866185100120651,0.49306862111917144,0.5066618030844343,0.4684976838098091,0.4690083765897809,0,0,False,0,True,0
2025-05-07,2025,TRANSPORT_2025,0,0.18240145606309555,0.47066280543762534,0.40990929249027125,0.5441324297677317,0.4343917881670368,0,0,False,0,True,0
2025-05-08,2025,TRANSPORT_2025,0,0.8923246023977939,0.5182087996005516,0.5166238437119812,0.544568745953934,0.541559767494077,1,1,True,1,True,1
2025-05-09,2025,TRANSPORT_2025,0,0.8336713476442202,0.5112021704185619,0.5725495054865302,0.44843881454513923,0.4690819785123655,1,0,False,1,True,0
2025-05-12,2025,TRANSPORT_2025,1,0.9999999998781277,0.5407727075688754,0.47344237221634644,0.5393103246747467,0.5393103246667192,1,1,False,1,True,1
2025-05-13,2025,TRANSPORT_2025,1,0.9999999013789469,0.4544474618222347,0.7078934924246507,0.28133197040027386,0.28133201246822037,0,0,False,0,True,0
2025-05-14,2025,TRANSPORT_2025,0,1.0,0.7838348291871433,0.9593740553180241,0.5947338995567681,0.5947338995567681,1,1,True,1,True,1
2025-05-15,2025,TRANSPORT_2025,1,0.004503687650078936,0.45585659779725823,0.4628852591157678,0.45827546073195213,0.46286449802371726,0,0,True,0,True,0
2025-05-16,2025,TRANSPORT_2025,1,0.9999985322787637,0.5442861884983073,0.529697286972217,0.5810214937268449,0.5810214183972167,1,1,True,1,True,1
2025-05-19,2025,TRANSPORT_2025,0,0.9997721240515638,0.5751093792160531,0.6294468853031303,0.5543385630309416,0.5543556784111149,1,1,True,1,True,1
2025-05-20,2025,TRANSPORT_2025,1,0.9999999996095994,0.5824811518280639,0.4514291177331172,0.659419616761258,0.6594196166800584,1,1,False,1,True,1
2025-05-21,2025,TRANSPORT_2025,1,0.9985995328260251,0.5646511942420332,0.5378190072507093,0.6208990876035256,0.6207827366781803,1,1,True,1,True,1
2025-05-22,2025,TRANSPORT_2025,1,1.0,0.5718547854434761,0.7137109650711709,0.45497261354583746,0.45497261354583746,1,0,False,1,True,0
2025-05-23,2025,TRANSPORT_2025,1,0.9996724731929868,0.4233373345089246,0.5820035931579718,0.3357578771379124,0.3358385292110211,0,0,False,0,True,0
2025-05-26,2025,TRANSPORT_2025,0,0.025604414739483335,0.47816935835588903,0.4646807784243359,0.5030307577896039,0.46566270720125486,0,0,False,0,True,0
2025-05-27,2025,TRANSPORT_2025,1,0.9704544911540274,0.5055892277278569,0.49842556739559185,0.538103629567465,0.536931321030575,1,1,False,1,True,1
2025-05-28,2025,TRANSPORT_2025,0,0.7305426136007885,0.4743241915285901,0.5039376533463816,0.4812067212250274,0.48733173878486535,0,0,False,0,False,0
2025-05-29,2025,TRANSPORT_2025,0,0.8955954111447312,0.45571575860900887,0.41973564197723917,0.4817675427521865,0.47529112765586723,0,0,True,0,True,0
2025-05-30,2025,TRANSPORT_2025,1,1.0,0.40259866995459437,0.6801738846308744,0.2799210211129878,0.2799210211129878,0,0,False,0,True,0
2025-06-02,2025,TRANSPORT_2025,0,0.98761273511459,0.5275142781436877,0.41948852024541605,0.6127354754606791,0.6103416742381287,1,1,False,1,True,1
2025-06-03,2025,TRANSPORT_2025,1,0.9733570057268549,0.5133389245819543,0.6043371987280205,0.47277297002243146,0.4762782350143852,1,0,False,1,True,0
2025-06-04,2025,TRANSPORT_2025,1,0.008356277184087355,0.46408929639492413,0.43977388231550196,0.5019454449258072,0.4402934051256415,0,0,False,0,True,0
2025-06-05,2025,TRANSPORT_2025,0,0.9999927767457246,0.5786797561386162,0.6732731339000834,0.5550953246299252,0.5550961782582913,1,1,True,1,True,1
2025-06-06,2025,TRANSPORT_2025,0,0.9151236238572924,0.43712153479624194,0.536848420852419,0.35215090128592674,0.3678273574292774,0,0,False,0,True,0
2025-06-09,2025,TRANSPORT_2025,0,0.00021342928473023264,0.4585673911005011,0.401121150909435,0.5270265822473023,0.4011480228155891,0,0,False,0,True,0
2025-06-10,2025,TRANSPORT_2025,0,0.7731249846922095,0.5624568821159338,0.5736413153653583,0.5498471923077096,0.5552454843406491,1,1,True,1,True,1
2025-06-11,2025,TRANSPORT_2025,1,0.9999999999988631,0.4404306370655042,0.5819506211696757,0.3299752103465487,0.32997521034683513,0,0,False,0,True,0
2025-06-12,2025,TRANSPORT_2025,1,0.9999893386688999,0.5017947918571652,0.46590620481275646,0.5378463682043522,0.5378456012264509,1,1,False,1,True,1
2025-06-13,2025,TRANSPORT_2025,0,0.11415006385549224,0.534710110780306,0.4830646731253645,0.5963555018265972,0.49599682845585186,1,0,False,1,True,0
2025-06-16,2025,TRANSPORT_2025,1,1.0,0.5344232682754569,0.7384004635231453,0.45579911731567346,0.45579911731567346,1,0,False,1,True,0
2025-06-17,2025,TRANSPORT_2025,0,0.9104930290139481,0.5793762110058985,0.5700050221177203,0.5956674077470219,0.5933704453410671,1,1,True,1,True,1
2025-06-18,2025,TRANSPORT_2025,0,0.004560843093490801,0.523810371116283,0.461302669311907,0.5761441388728491,0.4618264432352004,1,0,False,1,True,0
2025-06-19,2025,TRANSPORT_2025,0,0.001596494249019301,0.5468625338107959,0.5550398825074023,0.5643031517356644,0.5550546712634524,1,1,True,1,True,1
2025-06-20,2025,TRANSPORT_2025,1,0.5109508337373954,0.6098726039361007,0.5358966328672617,0.6429615941025273,0.5906015640744826,1,1,True,1,True,1
2025-06-23,2025,TRANSPORT_2025,0,0.9999999999972715,0.761554054615857,0.6968981378946597,0.7832042548282234,0.783204254827988,1,1,True,1,True,1
2025-06-24,2025,TRANSPORT_2025,1,0.9999994572964732,0.48059416166337704,0.7197489838036225,0.3479467236650639,0.3479469254434618,0,0,False,1,True,0
2025-06-25,2025,TRANSPORT_2025,1,0.015255009292229787,0.537417255530978,0.5387866060043247,0.5585849716373049,0.5390886302560267,1,1,True,1,True,1
2025-06-26,2025,TRANSPORT_2025,0,0.9999986549007596,0.6435114587472173,0.7194517932499387,0.6313932591933753,0.6313933776408426,1,1,True,1,True,1
2025-06-27,2025,TRANSPORT_2025,1,0.99999992583503,0.6017035594545832,0.728623012380627,0.5736773304183939,0.5736773419099358,1,1,True,1,True,1
2025-06-30,2025,TRANSPORT_2025,1,0.05338760016717972,0.5087514925120102,0.40373603523120694,0.6063544772991092,0.414553347602825,1,0,False,1,True,0
2025-07-01,2025,TRANSPORT_2025,0,0.9711910548033366,0.510090241412669,0.40840486117988506,0.6291943490792032,0.6228336368223124,1,1,False,1,True,1
2025-07-02,2025,TRANSPORT_2025,1,2.125177400266448e-05,0.4909693762907051,0.5374259814161365,0.46363596196633483,0.5374244132473195,0,1,False,1,True,1
2025-07-03,2025,TRANSPORT_2025,1,1.0,0.733265246241682,0.7700519768108885,0.7480020346408471,0.7480020346408471,1,1,True,1,True,1
2025-07-04,2025,TRANSPORT_2025,1,3.0037602169418373e-18,0.534576988347028,0.5217415015105134,0.5544717100585672,0.5217415015105134,1,1,True,1,True,1
2025-07-07,2025,TRANSPORT_2025,1,1.606229180796039e-05,0.41679757318797067,0.45637956051643214,0.40419479827889343,0.4563787223095532,0,0,True,0,True,0
2025-07-08,2025,TRANSPORT_2025,0,0.7368297705198806,0.4768312416491349,0.5758448634507516,0.4354042425256221,0.47236403296281887,0,0,False,1,False,0
2025-07-09,2025,TRANSPORT_2025,1,0.05735890248275451,0.4602217707483928,0.47866150807927027,0.47682852329797903,0.4785563700839478,0,0,True,0,True,0
2025-07-10,2025,TRANSPORT_2025,1,0.8720883020410621,0.584061915071553,0.5774833142015613,0.6141901799749371,0.6094949424471138,1,1,True,1,True,1
2025-07-11,2025,TRANSPORT_2025,1,0.0007312586412553905,0.44930462047069014,0.47232712827733353,0.4621135482437272,0.4723196595086758,0,0,True,0,True,0
2025-07-14,2025,TRANSPORT_2025,1,0.9494785085739302,0.6432137932408378,0.649500920775957,0.651480978666198,0.6513809431884731,1,1,True,1,True,1
2025-07-15,2025,TRANSPORT_2025,0,0.6333763217328753,0.3419628760373164,0.4701779634002639,0.21551929327341773,0.3088831916179364,0,0,True,0,True,0
2025-07-16,2025,TRANSPORT_2025,1,0.06434973973152594,0.5799104964212404,0.4787300504528996,0.6773073268429028,0.49150844650519165,1,0,False,1,True,0
2025-07-17,2025,TRANSPORT_2025,1,0.9986791696232625,0.6245959012319922,0.46331951169413627,0.7473380566093829,0.7469629162877021,1,1,False,1,True,1
2025-07-18,2025,TRANSPORT_2025,0,5.459941118153297e-08,0.4816286621859346,0.5918628409937395,0.42081377084061994,0.591862831654561,0,1,False,1,True,1
2025-07-21,2025,TRANSPORT_2025,0,0.0212131222848294,0.399086635991331,0.5072759836289891,0.33769769619829637,0.5036786986808698,0,1,False,0,True,1
2025-07-22,2025,TRANSPORT_2025,1,0.8129195493404258,0.49466678232264005,0.463460703793007,0.5330845061455733,0.5200592538248221,0,1,False,0,True,1
2025-07-23,2025,TRANSPORT_2025,0,0.6392272299289475,0.5454041489346164,0.5675378239596821,0.565276583721591,0.5660923776260832,1,1,True,1,True,1
2025-07-24,2025,TRANSPORT_2025,0,7.523495747880647e-11,0.5946856778166427,0.5473033376856985,0.6297287724257588,0.5473033376918999,1,1,True,1,True,1
2025-07-25,2025,TRANSPORT_2025,1,3.1922056577870287e-13,0.4683912788125282,0.4843077555351887,0.45781245275397936,0.48430775553518024,0,0,True,0,True,0
2025-07-28,2025,TRANSPORT_2025,1,1.0,0.5796173631735894,0.7244304456942076,0.5409503916464337,0.5409503916464337,1,1,True,1,True,1
2025-07-29,2025,TRANSPORT_2025,1,0.02904493181494088,0.49783717744627287,0.49012407069853925,0.5250137713196076,0.49113743967412193,0,0,False,1,True,0
2025-07-30,2025,TRANSPORT_2025,0,0.999820710670818,0.5737693947423467,0.640559897498129,0.5541451213737613,0.554160614621004,1,1,True,1,True,1
2025-07-31,2025,TRANSPORT_2025,0,0.0314723576899632,0.5099761095559003,0.539175909148347,0.5040200203515586,0.538069470441226,1,1,True,1,True,1
2025-08-01,2025,TRANSPORT_2025,1,1.0,0.43471692182836097,0.43808147770437955,0.31564837652150507,0.31564837652150507,0,0,True,0,True,0
2025-08-04,2025,TRANSPORT_2025,0,0.996056032585666,0.4877080231336596,0.44783608096151734,0.516634165429089,0.5163628280257804,0,1,False,0,True,1
2025-08-05,2025,TRANSPORT_2025,1,0.968619862800376,0.48856887705625557,0.4558188962328833,0.5255297492224756,0.5233422130913594,0,1,False,0,True,1
2025-08-06,2025,TRANSPORT_2025,1,0.08786221775378622,0.5026091747034954,0.42444071185329746,0.5728119725512237,0.43747693986914243,1,0,False,0,True,0
2025-08-07,2025,TRANSPORT_2025,1,0.8369073864757124,0.5510572854911373,0.48285503656918743,0.6030776030460985,0.5834701904747817,1,1,False,1,True,1
2025-08-08,2025,TRANSPORT_2025,0,0.9999592889081997,0.5239228544941327,0.44860961620827516,0.6159169259778048,0.6159101147145579,1,1,False,1,True,1
2025-08-11,2025,TRANSPORT_2025,0,0.9056927633076386,0.4653276178486014,0.40653433414123274,0.541717109922888,0.528968395890517,0,1,False,0,True,1
2025-08-12,2025,TRANSPORT_2025,0,0.999796178679327,0.30365099001237855,0.2873494781473445,0.2625169028819193,0.26252196429020563,0,0,True,0,True,0
2025-08-13,2025,TRANSPORT_2025,0,0.020634927068038735,0.46842771507599573,0.4920737832683274,0.45973718005171155,0.4914065198193244,0,0,True,0,True,0
2025-08-14,2025,TRANSPORT_2025,0,0.005716977197062363,0.5623877889061702,0.5304034086102709,0.601731774383093,0.5308111912508978,1,1,True,1,True,1
2025-08-15,2025,TRANSPORT_2025,1,0.0028812713121449773,0.5426220084435432,0.533057659118915,0.5571935801186025,0.5331272012556836,1,1,True,1,True,1
2025-08-18,2025,TRANSPORT_2025,1,1.6067596726511988e-12,0.6972901937966076,0.5749756774911093,0.774247654264118,0.5749756774914295,1,1,True,1,True,1
2025-08-19,2025,TRANSPORT_2025,0,0.03432254905303698,0.5255442684752962,0.5536722095306665,0.5231104483669853,0.5526232519839789,1,1,True,1,True,1
2025-08-20,2025,TRANSPORT_2025,0,0.592990246878937,0.4339757448775549,0.4646577684692048,0.44796034913873556,0.4547563616581887,0,0,True,0,True,0
2025-08-21,2025,TRANSPORT_2025,0,0.9481007567925731,0.4918966938062964,0.45656007152710554,0.5383583972719407,0.5341131260701492,0,1,False,0,True,1
2025-08-22,2025,TRANSPORT_2025,1,2.70698105074386e-14,0.5567385755377944,0.5896866427979554,0.5240691457697269,0.5896866427979536,1,1,True,1,True,1
2025-08-25,2025,TRANSPORT_2025,1,1.9260128448861653e-21,0.5903168289492765,0.5290929156650976,0.6506564841043638,0.5290929156650976,1,1,True,1,True,1
2025-08-26,2025,TRANSPORT_2025,1,0.004424993979420031,0.5279003594935462,0.5190496359786092,0.5476912292394693,0.5191763748563496,1,1,True,1,True,1
2025-08-27,2025,TRANSPORT_2025,1,7.419065345959975e-24,0.6079292010220148,0.6177424308014714,0.6201535504121617,0.6177424308014714,1,1,True,1,True,1
2025-08-28,2025,TRANSPORT_2025,1,0.1433264481402015,0.522441533606168,0.48121548250667157,0.5627151636676779,0.4928965423320375,1,0,False,1,True,0
2025-08-29,2025,TRANSPORT_2025,1,0.997926892496646,0.42306293411597107,0.41576615008106577,0.4392022860477718,0.4391537004184496,0,0,True,0,True,0
2025-09-01,2025,TRANSPORT_2025,1,0.0006124697684884625,0.5134829976467483,0.603249697151962,0.4312611319155831,0.603144359355229,1,1,False,1,True,1
2025-09-02,2025,TRANSPORT_2025,1,0.9950138288116089,0.5658895514385359,0.4992658195843181,0.634143470111952,0.6334709470569332,1,1,False,1,True,1
2025-09-03,2025,TRANSPORT_2025,0,0.9979827427346237,0.5422781345902654,0.43957334820255684,0.6237575126639594,0.6233859658200324,1,1,False,1,True,1
2025-09-04,2025,TRANSPORT_2025,1,0.9534854664826906,0.5158973743088292,0.5503962598515558,0.48797009851216994,0.4908738222861478,1,0,False,1,True,0
2025-09-05,2025,TRANSPORT_2025,1,1.0,0.41264736739516966,0.4077895404458496,0.3606423417991654,0.3606423417991654,0,0,True,0,True,0
2025-09-08,2025,TRANSPORT_2025,1,0.9975652877164216,0.47529439746856983,0.4198954541281969,0.5390739358846014,0.5387837705711308,0,1,False,0,True,1
2025-09-09,2025,TRANSPORT_2025,0,0.9998271300956262,0.557306098481236,0.4811802720355448,0.5985678509719127,0.5985475581923673,1,1,False,1,True,1
2025-09-10,2025,TRANSPORT_2025,0,0.1275419219624829,0.5975635632128796,0.5059209509244204,0.6706697545387575,0.5269333299784126,1,1,True,1,True,1
2025-09-11,2025,TRANSPORT_2025,1,0.9999994062358781,0.42491574543109945,0.42765919876373454,0.4594628099023713,0.4594627910185281,0,0,True,0,True,0
2025-09-12,2025,TRANSPORT_2025,0,9.136271966720985e-07,0.5324129017235785,0.6085860087180961,0.48297209255886775,0.6085858939538059,1,1,False,1,True,1
2025-09-15,2025,TRANSPORT_2025,1,0.9981634952637335,0.5195046284316512,0.4605304960098556,0.5744960578173476,0.5742867595233169,1,1,False,1,True,1
2025-09-16,2025,TRANSPORT_2025,0,0.2927292885841133,0.491631301863715,0.5637603855047139,0.43897529336309843,0.5272321342561958,0,1,False,1,False,1
2025-09-17,2025,TRANSPORT_2025,0,0.6110132478134794,0.43438817933682095,0.4747719923263049,0.44159716218708567,0.45450173161728,0,0,True,0,True,0
2025-09-18,2025,TRANSPORT_2025,1,0.9999999999997726,0.5156587795353079,0.6665785106035067,0.45381450161739656,0.4538145016174449,1,0,False,1,True,0
2025-09-19,2025,TRANSPORT_2025,1,0.006117015396920447,0.5108514159990821,0.44984576157439254,0.5733666962143098,0.4506013410334269,1,0,False,1,True,0
2025-09-22,2025,TRANSPORT_2025,1,0.8316661732844904,0.5442402661395995,0.506784922091418,0.5807918051521344,0.5683339433232367,1,1,True,1,True,1
2025-09-23,2025,TRANSPORT_2025,0,0.9401996783879075,0.4661146618259683,0.5456407976793761,0.4344328326973656,0.4410831047691161,0,0,False,0,True,0
2025-09-24,2025,TRANSPORT_2025,0,0.23665400573092826,0.5450863835969136,0.48387084816535136,0.6196981433666101,0.5160149216623265,1,1,False,1,True,0
2025-09-25,2025,TRANSPORT_2025,1,1.0,0.5737250027620957,0.616123936121595,0.5684533396626233,0.5684533396626233,1,1,True,1,True,1
2025-09-26,2025,TRANSPORT_2025,1,0.9999988873182071,0.5195443061441181,0.46907400444750963,0.5435984490639278,0.5435983661419351,1,1,False,1,True,1
2025-09-29,2025,TRANSPORT_2025,1,0.9994276548454228,0.617223931001283,0.5796648484148417,0.6457335602814378,0.6456957461743318,1,1,True,1,True,1
2025-09-30,2025,TRANSPORT_2025,1,0.9988604409471792,0.4638872206029413,0.43121682442883275,0.4957200969296688,0.4956465916415539,0,0,True,0,True,0
2025-10-01,2025,TRANSPORT_2025,0,0.9946401794196326,0.5815101221584291,0.5346897018273314,0.6245781436315047,0.6240963577111855,1,1,True,1,True,1
2025-10-02,2025,TRANSPORT_2025,0,0.996377482709861,0.5699623978026355,0.5559263673373683,0.5797079127597204,0.5796217637002417,1,1,True,1,True,1
2025-10-03,2025,TRANSPORT_2025,1,0.9977154701224841,0.5142481273455752,0.5131565227651363,0.5382513782079974,0.5381940482609662,1,1,True,1,True,1
2025-10-06,2025,TRANSPORT_2025,1,0.9585282154397238,0.5236168038724676,0.4697518059326581,0.5809503969986701,0.5763387929865743,1,1,False,1,True,1
2025-10-07,2025,TRANSPORT_2025,1,0.9999993821770293,0.4755501108309703,0.40712105843711627,0.5361395593849327,0.5361394796743392,0,1,False,0,True,1
2025-10-08,2025,TRANSPORT_2025,1,0.9999989489766515,0.5045882200829178,0.4789039967717401,0.5340208636359272,0.5340208057068132,1,1,False,1,True,1
2025-10-09,2025,TRANSPORT_2025,0,1.0,0.5050471346285441,0.6566665594053787,0.42041745565047983,0.42041745565047983,1,0,False,1,True,0
2025-10-10,2025,TRANSPORT_2025,0,0.9999951584487795,0.6014832098215732,0.5511763880871241,0.6431810031250084,0.6431805576799521,1,1,True,1,True,1
2025-10-13,2025,TRANSPORT_2025,1,0.99999997338432,0.5343791975440781,0.4302425880440833,0.5862195420847394,0.5862195379333066,1,1,False,1,True,1
2025-10-14,2025,TRANSPORT_2025,1,0.9999999999579359,0.638699152465972,0.713318447372997,0.5828674363278322,0.5828674363333195,1,1,True,1,True,1
2025-10-15,2025,TRANSPORT_2025,1,0.9991286658757494,0.5980556016575926,0.47702914434279764,0.706410257380416,0.7062103897891677,1,1,False,1,True,1
2025-10-16,2025,TRANSPORT_2025,1,0.9988126058853753,0.5943143393582748,0.5826437056990695,0.591792626514613,0.5917817631398814,1,1,True,1,True,1
2025-10-17,2025,TRANSPORT_2025,0,1.0,0.4942552548679459,0.9645576554781543,0.11679076826449733,0.11679076826449733,0,0,False,1,True,0
2025-10-20,2025,TRANSPORT_2025,1,1.0,0.456774347588128,0.5710561057848714,0.3449173250940248,0.3449173250940248,0,0,False,0,True,0
2025-10-21,2025,TRANSPORT_2025,0,1.0,0.5969404721239978,0.9813846723601307,0.17721393519778955,0.17721393519778955,1,0,False,1,True,0
2025-10-22,2025,TRANSPORT_2025,1,1.0,0.8007498271776682,0.5547505294483074,0.8783407086170015,0.8783407086170015,1,1,True,1,True,1
2025-10-23,2025,TRANSPORT_2025,0,0.9999999999995453,0.6013776070293599,0.5213127690267826,0.6155590429359715,0.6155590429359287,1,1,True,1,True,1
2025-10-24,2025,TRANSPORT_2025,1,1.0,0.5176671748345949,0.4511024544229007,0.42416349662793484,0.42416349662793484,1,0,True,0,True,0
2025-10-27,2025,TRANSPORT_2025,0,0.9999998608107131,0.4166564159423831,0.5537180461077917,0.3702287807753296,0.3702288063150696,0,0,False,0,True,0
2025-10-28,2025,TRANSPORT_2025,1,1.0,0.6499583216342631,0.5147920721162292,0.701097781982944,0.701097781982944,1,1,True,1,True,1
2025-10-29,2025,TRANSPORT_2025,0,0.9999999873168691,0.4498350706658367,0.5614844886900203,0.4056565568178505,0.40565655879423657,0,0,False,0,True,0
2025-10-30,2025,TRANSPORT_2025,1,1.0,0.7324618872483503,0.5974415773394146,0.8019246500162092,0.8019246500162092,1,1,True,1,True,1
2025-10-31,2025,TRANSPORT_2025,0,0.9999857047072025,0.49251576675360786,0.5087643013433074,0.49139352653684865,0.4913937748571606,0,0,False,1,True,0
2025-11-03,2025,TRANSPORT_2025,0,0.10153964961283063,0.46510663539256447,0.5109363904325536,0.4697438988608648,0.5067537192716848,0,1,False,0,True,1
2025-11-04,2025,TRANSPORT_2025,0,0.9988475111501751,0.5604753143618935,0.6595615840131097,0.5045736035808919,0.5047522255001968,1,1,True,1,True,1
2025-11-05,2025,TRANSPORT_2025,1,0.08687931163473438,0.44428173319256903,0.4797796271180364,0.442291026801051,0.476522643328347,0,0,True,0,True,0
2025-11-06,2025,TRANSPORT_2025,0,0.30603062953955934,0.5818198484336106,0.5520242953145735,0.601800516204974,0.567257343529763,1,1,True,1,True,1
2025-11-07,2025,TRANSPORT_2025,0,0.6326119153338747,0.5105842876701876,0.4483950357648036,0.5639810283384508,0.5215161119125855,1,1,False,1,False,1
2025-11-10,2025,TRANSPORT_2025,1,0.9568917771956127,0.5322189062914917,0.5063007772997697,0.5719589933380989,0.5691285843321799,1,1,True,1,True,1
2025-11-11,2025,TRANSPORT_2025,0,1.897186275490255e-08,0.5506849986159804,0.47299693762541467,0.6339418360350595,0.4729969406788392,1,0,False,1,True,0
2025-11-12,2025,TRANSPORT_2025,1,0.7727565187964217,0.49270547195146375,0.5016640011060856,0.508069053619361,0.5066135471889526,0,1,True,1,True,1
2025-11-13,2025,TRANSPORT_2025,0,0.9999851647103193,0.44242916949612443,0.428173098952946,0.4894099062677262,0.4894089978019506,0,0,True,0,True,0
2025-11-14,2025,TRANSPORT_2025,1,1.0,0.42084824584670993,0.9912728852253323,0.0642138131310412,0.0642138131310412,0,0,False,1,True,0
2025-11-17,2025,TRANSPORT_2025,0,0.999976111410416,0.4504688543559848,0.6129845851465189,0.3430901597947107,0.3430966071918689,0,0,False,0,True,0
2025-11-18,2025,TRANSPORT_2025,1,0.9999999998985913,0.7032447623505396,0.6182023191426494,0.7341564117687079,0.7341564117569492,1,1,True,1,True,1
2025-11-19,2025,TRANSPORT_2025,0,0.7969173302864963,0.49162575800454894,0.4687730039567198,0.5474725497252373,0.5314900358653267,0,1,False,1,True,1
2025-11-20,2025,TRANSPORT_2025,0,0.9999999999372449,0.4400314522112624,0.4802355127816432,0.38355421748017177,0.38355421748623897,0,0,True,0,True,0
2025-11-21,2025,TRANSPORT_2025,0,0.9999999999956799,0.5169368825585888,0.4130619955523682,0.5754348463607555,0.575434846360054,1,1,False,0,True,1
2025-11-24,2025,TRANSPORT_2025,1,0.12935680677018063,0.47743590645986006,0.47486074780255205,0.491722830930043,0.4770419730314176,0,0,True,0,True,0
2025-11-25,2025,TRANSPORT_2025,1,0.9861286517674137,0.5726811662507716,0.559961313039534,0.564646765784881,0.564581772238223,1,1,True,1,True,1
2025-11-26,2025,TRANSPORT_2025,0,0.9999136281016692,0.6072614096963551,0.608156287151362,0.5955168280775901,0.5955179197716642,1,1,True,1,True,1
2025-11-27,2025,TRANSPORT_2025,1,3.868296574683068e-09,0.5562286747016748,0.5633532685560046,0.5629111995793702,0.5633532685542947,1,1,True,1,True,1
2025-11-28,2025,TRANSPORT_2025,1,0.9926209207312826,0.43505057721065943,0.46082105131177314,0.4258036413751263,0.426062037618834,0,0,True,0,True,0
2025-12-01,2025,TRANSPORT_2025,0,0.9974757928311346,0.579893713193732,0.486848378756497,0.64469538754152,0.6442969489903609,1,1,False,1,True,1
2025-12-02,2025,TRANSPORT_2025,0,0.9975659712389849,0.4606754060416317,0.4035615054471332,0.5329583473426803,0.532643391707922,0,1,False,0,True,1
2025-12-03,2025,TRANSPORT_2025,0,0.9999990476685512,0.45536010813437205,0.4212240196512421,0.46055685868496316,0.4605568212270636,0,0,True,0,True,0
2025-12-04,2025,TRANSPORT_2025,1,0.9919072012755606,0.5133768259247685,0.5818450689505614,0.4617959827711035,0.4627675158626067,1,0,False,1,True,0
2025-12-05,2025,TRANSPORT_2025,0,2.9541737429803792e-05,0.41354623389500816,0.5173820668503221,0.3508595683090112,0.5173771474863941,0,1,False,0,True,1
2025-12-08,2025,TRANSPORT_2025,0,0.015241602999136888,0.49738747884507056,0.5448888194765433,0.4924803624766605,0.5440900305811538,0,1,False,1,True,1
2025-12-09,2025,TRANSPORT_2025,1,1.4301909483620765e-27,0.5544321161311242,0.5610816098522864,0.5613788300804511,0.5610816098522864,1,1,True,1,True,1
2025-12-10,2025,TRANSPORT_2025,1,1.122937879345659e-18,0.5362160184652743,0.5627476679571847,0.5450052126219016,0.5627476679571847,1,1,True,1,True,1
2025-12-11,2025,TRANSPORT_2025,1,0.43513003862092864,0.48802094578902894,0.3692387155962656,0.6100313851733203,0.4740148392089659,0,0,False,0,False,0
2025-12-12,2025,TRANSPORT_2025,0,0.9768686684468875,0.540382463717334,0.5868432395960778,0.4984688199607821,0.50051303796218,1,1,False,1,True,0
2025-12-15,2025,TRANSPORT_2025,0,0.7881289044992841,0.5252924893276736,0.443077408132504,0.622277696725927,0.584310335267594,1,1,False,1,True,1
2025-12-16,2025,TRANSPORT_2025,1,0.9999911812208259,0.4335735142812193,0.5285750062304964,0.4122804674499999,0.4122814930258566,0,0,False,0,True,0
2025-12-17,2025,TRANSPORT_2025,0,0.9993500432988799,0.49655267895106875,0.4697306988626697,0.504469193935942,0.5044466154182824,0,1,False,0,True,1
2025-12-18,2025,TRANSPORT_2025,0,0.9998761018217609,0.5058241493704997,0.5129546050049156,0.5015554479252383,0.501556860260034,1,1,True,1,True,1
2025-12-19,2025,TRANSPORT_2025,1,1.1955283146787031e-17,0.5870790040837263,0.5690159675125803,0.6116977500842499,0.5690159675125803,1,1,True,1,True,1
2025-12-22,2025,TRANSPORT_2025,1,0.9197681377492217,0.4784095910309591,0.47460517656888446,0.49742732814724794,0.4955962644255463,0,0,True,0,True,0
2025-12-23,2025,TRANSPORT_2025,1,0.9913847431662107,0.5498229130238217,0.5403123932917259,0.5789365927050119,0.5786038353070668,1,1,True,1,True,1
2025-12-24,2025,TRANSPORT_2025,0,0.6698442598531774,0.47112463653472336,0.47079448992749867,0.5122896510604048,0.4985897854240585,0,0,False,0,False,0
2025-12-25,2025,TRANSPORT_2025,1,0.0,1.0,1.0,1.0,1.0,1,1,True,1,True,1
2025-12-26,2025,TRANSPORT_2025,1,3.0502442215257774e-09,0.5308764245883093,0.42261508691591815,0.6262980347165352,0.42261508753720095,1,0,False,1,True,0
2025-12-29,2025,TRANSPORT_2025,0,1.0,0.42397016749994015,0.7634243829715688,0.2582633022024465,0.2582633022024465,0,0,False,1,True,0
2025-12-30,2025,TRANSPORT_2025,0,1.0,0.4537321160046733,0.5377216809714341,0.4207242196012769,0.4207242196012769,0,0,False,0,True,0
2025-12-31,2025,TRANSPORT_2025,0,1.1488919131260843e-05,0.622200660928488,0.4841021636724039,0.6621362868636479,0.4841042090920478,1,0,False,1,True,0
