series_id,observation_ts,revision_n,distinct_value_n,min_value,max_value,first_retrieved_at,last_retrieved_at,revision_spread
GPRT_OFFICIAL_GIT_PIT,2024-10-01 00:00:00+00:00,22,8,44.42564010620117,128.54483032226562,2026-09-05 21:25:57.695659+00:00,2026-09-05 21:25:57.695659+00:00,1.062460934965849
GPRA_OFFICIAL_GIT_PIT,2024-04-01 00:00:00+00:00,28,6,72.95233917236328,165.99069213867188,2026-09-05 21:25:57.695659+00:00,2026-09-05 21:25:57.695659+00:00,0.8221253754563391
GPRT_OFFICIAL_GIT_PIT,2024-04-01 00:00:00+00:00,28,5,75.86844635009766,170.697998046875,2026-09-05 21:25:57.695659+00:00,2026-09-05 21:25:57.695659+00:00,0.8108950304774973
GPR_OFFICIAL_GIT_PIT,2024-04-01 00:00:00+00:00,28,6,73.0743637084961,163.9473419189453,2026-09-05 12:35:03.449201+00:00,2026-09-05 12:35:03.449201+00:00,0.808067686821644
GPRA_OFFICIAL_GIT_PIT,2024-10-01 00:00:00+00:00,22,8,141.3468475341797,231.38961791992188,2026-09-05 21:25:57.695659+00:00,2026-09-05 21:25:57.695659+00:00,0.4928861660359264
GPRT_OFFICIAL_GIT_PIT,2022-02-01 00:00:00+00:00,54,13,255.81683349609375,328.59771728515625,2026-09-05 21:25:57.695659+00:00,2026-09-05 21:25:57.695659+00:00,0.2503725645545297
GPR_OFFICIAL_GIT_PIT,2022-02-01 00:00:00+00:00,54,14,178.90187072753906,221.88677978515625,2026-09-05 12:35:03.449201+00:00,2026-09-05 12:35:03.449201+00:00,0.21532980351614114
GPRT_OFFICIAL_GIT_PIT,2023-05-01 00:00:00+00:00,39,11,107.79853057861328,125.29037475585938,2026-09-05 21:25:57.695659+00:00,2026-09-05 21:25:57.695659+00:00,0.15037001397466587
GPR_OFFICIAL_GIT_PIT,2022-03-01 00:00:00+00:00,53,15,286.2213134765625,330.7833557128906,2026-09-05 12:35:03.449201+00:00,2026-09-05 12:35:03.449201+00:00,0.14469831170883926
GPRT_OFFICIAL_GIT_PIT,2022-03-01 00:00:00+00:00,53,15,367.7203369140625,421.20220947265625,2026-09-05 21:25:57.695659+00:00,2026-09-05 21:25:57.695659+00:00,0.1357903306880338
GPRT_OFFICIAL_GIT_PIT,2023-04-01 00:00:00+00:00,40,13,107.26287841796875,122.8319091796875,2026-09-05 21:25:57.695659+00:00,2026-09-05 21:25:57.695659+00:00,0.13553419961035051
GPRT_OFFICIAL_GIT_PIT,2024-03-01 00:00:00+00:00,29,5,107.16334533691406,121.53968048095703,2026-09-05 21:25:57.695659+00:00,2026-09-05 21:25:57.695659+00:00,0.1258865354441209
GPRT_OFFICIAL_GIT_PIT,2023-07-01 00:00:00+00:00,37,10,111.53018951416016,125.56104278564453,2026-09-05 21:25:57.695659+00:00,2026-09-05 21:25:57.695659+00:00,0.11849672479129215
GPR_OFFICIAL_GIT_PIT,2023-11-01 00:00:00+00:00,33,7,153.73654174804688,172.65,2026-09-05 12:35:03.449201+00:00,2026-09-05 12:35:03.449201+00:00,0.11602605432667759
GPRA_OFFICIAL_GIT_PIT,2022-03-01 00:00:00+00:00,53,13,227.25787353515625,255.1183319091797,2026-09-05 21:25:57.695659+00:00,2026-09-05 21:25:57.695659+00:00,0.11564210474793453
GPRT_OFFICIAL_GIT_PIT,2024-05-01 00:00:00+00:00,27,7,117.38127136230469,131.44712829589844,2026-09-05 21:25:57.695659+00:00,2026-09-05 21:25:57.695659+00:00,0.11317733833878058
GPRA_OFFICIAL_GIT_PIT,2026-03-01 00:00:00+00:00,5,5,404.0536804199219,450.74365234375,2026-09-05 21:25:57.695659+00:00,2026-09-05 21:25:57.695659+00:00,0.10935103809126691
GPRT_OFFICIAL_GIT_PIT,2022-07-01 00:00:00+00:00,49,10,128.6370391845703,143.34359741210938,2026-09-05 21:25:57.695659+00:00,2026-09-05 21:25:57.695659+00:00,0.10824973843088288
GPR_OFFICIAL_GIT_PIT,2026-03-01 00:00:00+00:00,5,5,297.2698059082031,330.94464111328125,2026-09-05 12:35:03.449201+00:00,2026-09-05 12:35:03.449201+00:00,0.1073109501732294
GPR_OFFICIAL_GIT_PIT,2023-04-01 00:00:00+00:00,40,13,99.14350128173828,110.34521484375,2026-09-05 12:35:03.449201+00:00,2026-09-05 12:35:03.449201+00:00,0.10704545980823277
GPRT_OFFICIAL_GIT_PIT,2023-10-01 00:00:00+00:00,34,7,188.2053985595703,208.6370391845703,2026-09-05 21:25:57.695659+00:00,2026-09-05 21:25:57.695659+00:00,0.10306217564665755
GPRT_OFFICIAL_GIT_PIT,2024-01-01 00:00:00+00:00,31,6,127.06275939941406,140.83609008789062,2026-09-05 21:25:57.695659+00:00,2026-09-05 21:25:57.695659+00:00,0.102915599629239
GPR_OFFICIAL_GIT_PIT,2023-12-01 00:00:00+00:00,32,7,141.38467407226562,156.62,2026-09-05 12:35:03.449201+00:00,2026-09-05 12:35:03.449201+00:00,0.10233812877658782
GPR_OFFICIAL_GIT_PIT,2026-05-01 00:00:00+00:00,3,2,184.1770477294922,203.55667114257812,2026-09-05 12:35:03.449201+00:00,2026-09-05 12:35:03.449201+00:00,0.10004693748962597
GPR_OFFICIAL_GIT_PIT,2023-05-01 00:00:00+00:00,39,11,99.3597183227539,109.57857513427734,2026-09-05 12:35:03.449201+00:00,2026-09-05 12:35:03.449201+00:00,0.09789508978803844
GPR_OFFICIAL_GIT_PIT,2026-04-01 00:00:00+00:00,4,4,230.770751953125,254.42950439453125,2026-09-05 12:35:03.449201+00:00,2026-09-05 12:35:03.449201+00:00,0.0975989991709636
GPRT_OFFICIAL_GIT_PIT,2025-03-01 00:00:00+00:00,17,12,177.5220184326172,195.67752075195312,2026-09-05 21:25:57.695659+00:00,2026-09-05 21:25:57.695659+00:00,0.09737335321838428
GPRT_OFFICIAL_GIT_PIT,2024-09-01 00:00:00+00:00,23,6,121.84796905517578,134.03704833984375,2026-09-05 21:25:57.695659+00:00,2026-09-05 21:25:57.695659+00:00,0.09534212953474819
GPR_OFFICIAL,2026-07-01 00:00:00+00:00,3,3,152.66822814941406,167.86692810058594,2026-08-31 12:58:31.028467+00:00,2026-10-02 02:35:01.185001+00:00,0.0949044474444755
GPRT_OFFICIAL_GIT_PIT,2025-01-01 00:00:00+00:00,19,7,106.76426696777344,117.08644104003906,2026-09-05 21:25:57.695659+00:00,2026-09-05 21:25:57.695659+00:00,0.09228918272968357
GPR_OFFICIAL_GIT_PIT,2023-07-01 00:00:00+00:00,37,10,98.77677154541016,108.0599365234375,2026-09-05 12:35:03.449201+00:00,2026-09-05 12:35:03.449201+00:00,0.08982356969971174
GPRT_OFFICIAL,2026-07-01 00:00:00+00:00,3,3,175.02061462402344,191.2559814453125,2026-08-31 12:58:31.028467+00:00,2026-10-02 02:35:01.185001+00:00,0.08870898291116722
GPRT_OFFICIAL_GIT_PIT,2023-06-01 00:00:00+00:00,38,11,124.53338623046875,136.05322265625,2026-09-05 21:25:57.695659+00:00,2026-09-05 21:25:57.695659+00:00,0.08847230979263795
GPRT_OFFICIAL_GIT_PIT,2024-02-01 00:00:00+00:00,30,5,128.4878692626953,140.2446746826172,2026-09-05 21:25:57.695659+00:00,2026-09-05 21:25:57.695659+00:00,0.08755407625037567
GPRT_OFFICIAL_GIT_PIT,2026-03-01 00:00:00+00:00,5,5,293.3921813964844,320.1606140136719,2026-09-05 21:25:57.695659+00:00,2026-09-05 21:25:57.695659+00:00,0.08731257158732313
GPRT_OFFICIAL_GIT_PIT,2026-05-01 00:00:00+00:00,3,2,214.3944549560547,233.46385192871094,2026-09-05 21:25:57.695659+00:00,2026-09-05 21:25:57.695659+00:00,0.08520968961345268
GPRT_OFFICIAL_GIT_PIT,2022-05-01 00:00:00+00:00,51,10,155.76739501953125,169.3214111328125,2026-09-05 21:25:57.695659+00:00,2026-09-05 21:25:57.695659+00:00,0.08343491278585616
GPRA_OFFICIAL_GIT_PIT,2026-04-01 00:00:00+00:00,4,4,285.34808349609375,310.0835876464844,2026-09-05 21:25:57.695659+00:00,2026-09-05 21:25:57.695659+00:00,0.08313211806964653
GPRT_OFFICIAL_GIT_PIT,2026-04-01 00:00:00+00:00,4,4,252.26490783691406,274.1067199707031,2026-09-05 21:25:57.695659+00:00,2026-09-05 21:25:57.695659+00:00,0.0830377625611155
GPRA_OFFICIAL_GIT_PIT,2026-05-01 00:00:00+00:00,3,2,198.08383178710938,215.21937561035156,2026-09-05 21:25:57.695659+00:00,2026-09-05 21:25:57.695659+00:00,0.08296752564551986
GPRT_OFFICIAL_GIT_PIT,2023-01-01 00:00:00+00:00,43,15,107.3753662109375,116.24208068847656,2026-09-05 21:25:57.695659+00:00,2026-09-05 21:25:57.695659+00:00,0.07934412815933695
GPRT_OFFICIAL_GIT_PIT,2025-06-01 00:00:00+00:00,14,10,266.40191650390625,288.1604919433594,2026-09-05 21:25:57.695659+00:00,2026-09-05 21:25:57.695659+00:00,0.07851145589032633
GPRT_OFFICIAL_GIT_PIT,2024-12-01 00:00:00+00:00,20,6,118.60427856445312,128.26246643066406,2026-09-05 21:25:57.695659+00:00,2026-09-05 21:25:57.695659+00:00,0.0782861219660694
GPR_OFFICIAL_GIT_PIT,2022-07-01 00:00:00+00:00,49,10,110.0541000366211,119.00039672851562,2026-09-05 12:35:03.449201+00:00,2026-09-05 12:35:03.449201+00:00,0.07815476355497687
GPR_OFFICIAL_GIT_PIT,2024-01-01 00:00:00+00:00,31,7,148.34339904785156,160.3736572265625,2026-09-05 12:35:03.449201+00:00,2026-09-05 12:35:03.449201+00:00,0.077976600244914
GPRA_OFFICIAL_GIT_PIT,2023-04-01 00:00:00+00:00,40,13,88.82635498046875,95.85137939453125,2026-09-05 21:25:57.695659+00:00,2026-09-05 21:25:57.695659+00:00,0.07611546428216938
GPRT_OFFICIAL_GIT_PIT,2023-09-01 00:00:00+00:00,35,9,117.97163391113281,127.28337860107422,2026-09-05 21:25:57.695659+00:00,2026-09-05 21:25:57.695659+00:00,0.07597172332809313
GPRT_OFFICIAL_GIT_PIT,2022-06-01 00:00:00+00:00,50,7,154.08154296875,166.1450958251953,2026-09-05 21:25:57.695659+00:00,2026-09-05 21:25:57.695659+00:00,0.07537951573969268
GPR_OFFICIAL_GIT_PIT,2022-05-01 00:00:00+00:00,51,10,134.79330444335938,144.99966430664062,2026-09-05 12:35:03.449201+00:00,2026-09-05 12:35:03.449201+00:00,0.07298890034816999
GPRT_OFFICIAL_GIT_PIT,2025-02-01 00:00:00+00:00,18,8,129.08949279785156,138.7676544189453,2026-09-05 21:25:57.695659+00:00,2026-09-05 21:25:57.695659+00:00,0.0722950771353011
GPRA_OFFICIAL_GIT_PIT,2022-12-01 00:00:00+00:00,44,9,104.09430694580078,111.85198211669922,2026-09-05 21:25:57.695659+00:00,2026-09-05 21:25:57.695659+00:00,0.07187912317877976
GPRT_OFFICIAL_GIT_PIT,2025-07-01 00:00:00+00:00,13,9,147.16387939453125,158.10060119628906,2026-09-05 21:25:57.695659+00:00,2026-09-05 21:25:57.695659+00:00,0.07168475520623056
GPR_OFFICIAL_GIT_PIT,2024-03-01 00:00:00+00:00,29,5,124.05857849121094,133.21316528320312,2026-09-05 12:35:03.449201+00:00,2026-09-05 12:35:03.449201+00:00,0.07119673044149934
GPRT_OFFICIAL_GIT_PIT,2023-11-01 00:00:00+00:00,33,6,135.522216796875,145.35519409179688,2026-09-05 21:25:57.695659+00:00,2026-09-05 21:25:57.695659+00:00,0.07004477295200966
GPRT_OFFICIAL_GIT_PIT,2024-08-01 00:00:00+00:00,24,6,116.36412811279297,124.80498504638672,2026-09-05 21:25:57.695659+00:00,2026-09-05 21:25:57.695659+00:00,0.07002808934384311
GPRT_OFFICIAL_GIT_PIT,2023-02-01 00:00:00+00:00,42,13,147.05015563964844,157.6725311279297,2026-09-05 21:25:57.695659+00:00,2026-09-05 21:25:57.695659+00:00,0.0697465710341012
GPRT_OFFICIAL_GIT_PIT,2023-08-01 00:00:00+00:00,36,9,115.00788879394531,123.20846557617188,2026-09-05 21:25:57.695659+00:00,2026-09-05 21:25:57.695659+00:00,0.06887703861229788
GPRA_OFFICIAL,2026-07-01 00:00:00+00:00,3,3,168.84104919433594,180.8005828857422,2026-08-31 12:58:31.028467+00:00,2026-10-02 02:35:01.185001+00:00,0.0684369368497422
GPR_OFFICIAL_GIT_PIT,2025-06-01 00:00:00+00:00,14,10,207.7406463623047,222.37838745117188,2026-09-05 12:35:03.449201+00:00,2026-09-05 12:35:03.449201+00:00,0.06808996973236817
GPR_OFFICIAL_GIT_PIT,2023-08-01 00:00:00+00:00,36,9,98.31048583984375,105.1506118774414,2026-09-05 12:35:03.449201+00:00,2026-09-05 12:35:03.449201+00:00,0.06726302793954071
GPRT_OFFICIAL_GIT_PIT,2025-09-01 00:00:00+00:00,11,8,133.8585205078125,142.89134216308594,2026-09-05 21:25:57.695659+00:00,2026-09-05 21:25:57.695659+00:00,0.06530107134046167
GPR_OFFICIAL_GIT_PIT,2025-03-01 00:00:00+00:00,17,13,164.9962921142578,175.901123046875,2026-09-05 12:35:03.449201+00:00,2026-09-05 12:35:03.449201+00:00,0.06399903468560501
GPR_OFFICIAL_GIT_PIT,2024-02-01 00:00:00+00:00,30,5,137.56097412109375,146.59817504882812,2026-09-05 12:35:03.449201+00:00,2026-09-05 12:35:03.449201+00:00,0.06362807390179569
GPR_OFFICIAL,2026-08-01 00:00:00+00:00,2,2,117.9188461303711,125.62138366699219,2026-09-02 01:24:10.194916+00:00,2026-10-02 02:35:01.185001+00:00,0.06327584846563712
GPRT_OFFICIAL_GIT_PIT,2025-05-01 00:00:00+00:00,15,11,192.83860778808594,205.18582153320312,2026-09-05 21:25:57.695659+00:00,2026-09-05 21:25:57.695659+00:00,0.06206240507426249
GPR_OFFICIAL_GIT_PIT,2023-10-01 00:00:00+00:00,34,7,189.52235412597656,201.619873046875,2026-09-05 12:35:03.449201+00:00,2026-09-05 12:35:03.449201+00:00,0.06187712666948363
GPRT_OFFICIAL_GIT_PIT,2022-04-01 00:00:00+00:00,52,10,213.3406219482422,226.80223083496094,2026-09-05 21:25:57.695659+00:00,2026-09-05 21:25:57.695659+00:00,0.06118835545383757
GPR_OFFICIAL_GIT_PIT,2023-06-01 00:00:00+00:00,38,11,107.83885192871094,114.61956024169922,2026-09-05 12:35:03.449201+00:00,2026-09-05 12:35:03.449201+00:00,0.060980471407668095
GPRT_OFFICIAL_GIT_PIT,2025-11-01 00:00:00+00:00,9,5,111.68956756591797,118.69731903076172,2026-09-05 21:25:57.695659+00:00,2026-09-05 21:25:57.695659+00:00,0.0608534104573185
GPRA_OFFICIAL_GIT_PIT,2022-02-01 00:00:00+00:00,54,13,100.82066345214844,107.13525390625,2026-09-05 21:25:57.695659+00:00,2026-09-05 21:25:57.695659+00:00,0.06074876222162676
GPR_OFFICIAL_GIT_PIT,2023-01-01 00:00:00+00:00,43,15,99.5979995727539,105.74602508544922,2026-09-05 12:35:03.449201+00:00,2026-09-05 12:35:03.449201+00:00,0.0598981495975453
GPRA_OFFICIAL_GIT_PIT,2021-07-01 00:00:00+00:00,54,5,50.7158317565918,53.78689193725586,2026-09-05 21:25:57.695659+00:00,2026-09-05 21:25:57.695659+00:00,0.05879166789604172
GPRT_OFFICIAL,2026-08-01 00:00:00+00:00,2,2,130.72189331054688,138.63320922851562,2026-09-02 01:24:10.194916+00:00,2026-10-02 02:35:01.185001+00:00,0.05875954816187791
GPR_OFFICIAL_GIT_PIT,2025-09-01 00:00:00+00:00,11,8,119.50958251953125,126.74058532714844,2026-09-05 12:35:03.449201+00:00,2026-09-05 12:35:03.449201+00:00,0.058745805610135995
GPRT_OFFICIAL_GIT_PIT,2024-07-01 00:00:00+00:00,25,6,89.7398910522461,95.1602783203125,2026-09-05 21:25:57.695659+00:00,2026-09-05 21:25:57.695659+00:00,0.05864722368278452
GPRA_OFFICIAL,2026-08-01 00:00:00+00:00,2,2,120.34859466552734,127.60411834716797,2026-09-02 01:24:10.194916+00:00,2026-10-02 02:35:01.185001+00:00,0.058540158739476135
GPR_OFFICIAL_GIT_PIT,2024-09-01 00:00:00+00:00,23,6,122.98408508300781,130.35877990722656,2026-09-05 12:35:03.449201+00:00,2026-09-05 12:35:03.449201+00:00,0.05823553708307981
GPR_OFFICIAL_GIT_PIT,2023-09-01 00:00:00+00:00,35,9,93.9027099609375,99.50411987304688,2026-09-05 12:35:03.449201+00:00,2026-09-05 12:35:03.449201+00:00,0.057939803194962315
GPRT_OFFICIAL_GIT_PIT,2026-02-01 00:00:00+00:00,6,4,149.5655517578125,158.1876983642578,2026-09-05 21:25:57.695659+00:00,2026-09-05 21:25:57.695659+00:00,0.056047522260610466
GPR_OFFICIAL_GIT_PIT,2024-05-01 00:00:00+00:00,27,7,123.49040222167969,130.52186584472656,2026-09-05 12:35:03.449201+00:00,2026-09-05 12:35:03.449201+00:00,0.05537732884893697
GPRT_OFFICIAL_GIT_PIT,2023-03-01 00:00:00+00:00,41,14,125.08584594726562,132.14198303222656,2026-09-05 21:25:57.695659+00:00,2026-09-05 21:25:57.695659+00:00,0.05487670438048636
GPR_OFFICIAL_GIT_PIT,2025-05-01 00:00:00+00:00,15,11,158.00523376464844,166.83749389648438,2026-09-05 12:35:03.449201+00:00,2026-09-05 12:35:03.449201+00:00,0.054392090645618986
GPRT_OFFICIAL_GIT_PIT,2025-12-01 00:00:00+00:00,8,6,138.7212677001953,146.3589324951172,2026-09-05 21:25:57.695659+00:00,2026-09-05 21:25:57.695659+00:00,0.05359539488721233
GPR_OFFICIAL_GIT_PIT,2024-08-01 00:00:00+00:00,24,8,133.64645385742188,140.97506713867188,2026-09-05 12:35:03.449201+00:00,2026-09-05 12:35:03.449201+00:00,0.05338513675878046
GPR_OFFICIAL_GIT_PIT,2025-02-01 00:00:00+00:00,18,8,129.9324951171875,136.9805908203125,2026-09-05 12:35:03.449201+00:00,2026-09-05 12:35:03.449201+00:00,0.05282419568737871
GPRA_OFFICIAL_GIT_PIT,2025-06-01 00:00:00+00:00,14,10,173.94314575195312,183.316162109375,2026-09-05 21:25:57.695659+00:00,2026-09-05 21:25:57.695659+00:00,0.052483826681733826
GPRT_OFFICIAL_GIT_PIT,2025-04-01 00:00:00+00:00,16,9,151.31417846679688,159.4412384033203,2026-09-05 21:25:57.695659+00:00,2026-09-05 21:25:57.695659+00:00,0.05231711572622521
GPR_OFFICIAL_GIT_PIT,2022-06-01 00:00:00+00:00,50,7,128.06813049316406,134.92015075683594,2026-09-05 12:35:03.449201+00:00,2026-09-05 12:35:03.449201+00:00,0.05212073577997048
GPR_OFFICIAL_GIT_PIT,2025-11-01 00:00:00+00:00,9,6,99.91239929199219,105.2516098022461,2026-09-05 12:35:03.449201+00:00,2026-09-05 12:35:03.449201+00:00,0.05205997248915557
GPR_OFFICIAL_GIT_PIT,2023-02-01 00:00:00+00:00,42,14,120.99437713623047,127.43144989013672,2026-09-05 12:35:03.449201+00:00,2026-09-05 12:35:03.449201+00:00,0.051834497525044154
GPR_OFFICIAL_GIT_PIT,2025-07-01 00:00:00+00:00,13,11,128.45562744140625,135.00425720214844,2026-09-05 12:35:03.449201+00:00,2026-09-05 12:35:03.449201+00:00,0.04972277981052855
GPRT_OFFICIAL_GIT_PIT,2022-11-01 00:00:00+00:00,45,10,138.48724365234375,145.3690185546875,2026-09-05 21:25:57.695659+00:00,2026-09-05 21:25:57.695659+00:00,0.04849724726228017
GPRT_OFFICIAL_GIT_PIT,2022-09-01 00:00:00+00:00,47,12,165.50762939453125,173.7284698486328,2026-09-05 21:25:57.695659+00:00,2026-09-05 21:25:57.695659+00:00,0.04847626941141739
GPR_OFFICIAL_GIT_PIT,2025-01-01 00:00:00+00:00,19,7,107.88215637207031,113.233154296875,2026-09-05 12:35:03.449201+00:00,2026-09-05 12:35:03.449201+00:00,0.04840951867921607
GPRA_OFFICIAL_GIT_PIT,2023-03-01 00:00:00+00:00,41,14,86.34112548828125,90.57007598876953,2026-09-05 21:25:57.695659+00:00,2026-09-05 21:25:57.695659+00:00,0.04781784581289956
GPR_OFFICIAL_GIT_PIT,2024-10-01 00:00:00+00:00,22,8,124.80281066894531,130.82672119140625,2026-09-05 12:35:03.449201+00:00,2026-09-05 12:35:03.449201+00:00,0.047138731545316885
GPRA_OFFICIAL_GIT_PIT,2024-01-01 00:00:00+00:00,31,7,199.0035858154297,208.4711456298828,2026-09-05 21:25:57.695659+00:00,2026-09-05 21:25:57.695659+00:00,0.04647779766252639
GPR_OFFICIAL_GIT_PIT,2024-12-01 00:00:00+00:00,20,7,136.16561889648438,142.36643981933594,2026-09-05 12:35:03.449201+00:00,2026-09-05 12:35:03.449201+00:00,0.04453236493636392
GPRA_OFFICIAL_GIT_PIT,2025-08-01 00:00:00+00:00,12,9,116.73757934570312,121.95104217529297,2026-09-05 21:25:57.695659+00:00,2026-09-05 21:25:57.695659+00:00,0.04369116641931369
GPRA_OFFICIAL_GIT_PIT,2023-08-01 00:00:00+00:00,36,9,82.01899719238281,85.67658233642578,2026-09-05 21:25:57.695659+00:00,2026-09-05 21:25:57.695659+00:00,0.0436286431367111
GPR_OFFICIAL_GIT_PIT,2022-04-01 00:00:00+00:00,52,10,186.66249084472656,194.8137664794922,2026-09-05 12:35:03.449201+00:00,2026-09-05 12:35:03.449201+00:00,0.04274193418784613
GPRT_OFFICIAL_GIT_PIT,2022-10-01 00:00:00+00:00,46,9,181.657958984375,189.53794860839844,2026-09-05 21:25:57.695659+00:00,2026-09-05 21:25:57.695659+00:00,0.04246368833227283
GPRA_OFFICIAL_GIT_PIT,2024-09-01 00:00:00+00:00,23,5,129.9499053955078,135.572265625,2026-09-05 21:25:57.695659+00:00,2026-09-05 21:25:57.695659+00:00,0.04235579071756677
GPR_OFFICIAL_GIT_PIT,2022-10-01 00:00:00+00:00,46,9,139.852294921875,145.89991760253906,2026-09-05 12:35:03.449201+00:00,2026-09-05 12:35:03.449201+00:00,0.042334061381141874
GPR_OFFICIAL_GIT_PIT,2023-03-01 00:00:00+00:00,41,14,105.37997436523438,109.93122100830078,2026-09-05 12:35:03.449201+00:00,2026-09-05 12:35:03.449201+00:00,0.04228228515187702
GPRA_OFFICIAL_GIT_PIT,2022-11-01 00:00:00+00:00,45,10,98.68260955810547,102.93951416015625,2026-09-05 21:25:57.695659+00:00,2026-09-05 21:25:57.695659+00:00,0.04223283861053582
GPRA_OFFICIAL_GIT_PIT,2022-05-01 00:00:00+00:00,51,9,135.65170288085938,141.4455108642578,2026-09-05 21:25:57.695659+00:00,2026-09-05 21:25:57.695659+00:00,0.04182396817298588
GPR_OFFICIAL_GIT_PIT,2026-02-01 00:00:00+00:00,6,4,116.70408630371094,121.61688232421875,2026-09-05 12:35:03.449201+00:00,2026-09-05 12:35:03.449201+00:00,0.04123424066306111
GPRT_OFFICIAL_GIT_PIT,2026-01-01 00:00:00+00:00,7,4,211.3011932373047,220.17141723632812,2026-09-05 21:25:57.695659+00:00,2026-09-05 21:25:57.695659+00:00,0.041121840483538216
GPR_OFFICIAL_GIT_PIT,2022-12-01 00:00:00+00:00,44,10,109.41170501708984,113.96341705322266,2026-09-05 12:35:03.449201+00:00,2026-09-05 12:35:03.449201+00:00,0.040759616744034985
GPR_OFFICIAL_GIT_PIT,2022-09-01 00:00:00+00:00,47,11,128.83154296875,134.1236572265625,2026-09-05 12:35:03.449201+00:00,2026-09-05 12:35:03.449201+00:00,0.040256507029277855
GPR_OFFICIAL_GIT_PIT,2025-12-01 00:00:00+00:00,8,6,127.31910705566406,132.48622131347656,2026-09-05 12:35:03.449201+00:00,2026-09-05 12:35:03.449201+00:00,0.03978206092890438
GPRT_OFFICIAL_GIT_PIT,2021-07-01 00:00:00+00:00,54,5,64.03631591796875,66.60992431640625,2026-09-05 21:25:57.695659+00:00,2026-09-05 21:25:57.695659+00:00,0.039403221557870995
GPRA_OFFICIAL_GIT_PIT,2023-05-01 00:00:00+00:00,39,11,89.22696685791016,92.76505279541016,2026-09-05 21:25:57.695659+00:00,2026-09-05 21:25:57.695659+00:00,0.03888666967774762
GPRA_OFFICIAL_GIT_PIT,2023-02-01 00:00:00+00:00,42,14,102.12694549560547,106.11273193359375,2026-09-05 21:25:57.695659+00:00,2026-09-05 21:25:57.695659+00:00,0.03828543465542199
GPR_OFFICIAL_GIT_PIT,2021-07-01 00:00:00+00:00,54,5,58.42076873779297,60.688880920410156,2026-09-05 12:35:03.449201+00:00,2026-09-05 12:35:03.449201+00:00,0.03808904471797276
GPRT_OFFICIAL_GIT_PIT,2024-06-01 00:00:00+00:00,26,7,121.02145385742188,125.71302795410156,2026-09-05 21:25:57.695659+00:00,2026-09-05 21:25:57.695659+00:00,0.038033918969404175
GPRA_OFFICIAL_GIT_PIT,2025-05-01 00:00:00+00:00,15,9,143.7914581298828,149.22117614746094,2026-09-05 21:25:57.695659+00:00,2026-09-05 21:25:57.695659+00:00,0.037065566502914996
GPRT_OFFICIAL_GIT_PIT,2021-11-01 00:00:00+00:00,54,5,121.5009536743164,125.95845794677734,2026-09-05 21:25:57.695659+00:00,2026-09-05 21:25:57.695659+00:00,0.03603004183264039
GPRT_OFFICIAL_GIT_PIT,2023-12-01 00:00:00+00:00,32,6,131.74110412597656,136.51730346679688,2026-09-05 21:25:57.695659+00:00,2026-09-05 21:25:57.695659+00:00,0.03561270763910646
GPRA_OFFICIAL_GIT_PIT,2026-06-01 00:00:00+00:00,2,2,177.95994567871094,184.4062957763672,2026-09-05 21:25:57.695659+00:00,2026-09-05 21:25:57.695659+00:00,0.03558295180052014
GPRA_OFFICIAL_GIT_PIT,2026-01-01 00:00:00+00:00,7,4,99.39381408691406,102.97509002685547,2026-09-05 21:25:57.695659+00:00,2026-09-05 21:25:57.695659+00:00,0.03539723538111275
GPRA_OFFICIAL_GIT_PIT,2023-07-01 00:00:00+00:00,37,10,88.72653198242188,91.84920501708984,2026-09-05 21:25:57.695659+00:00,2026-09-05 21:25:57.695659+00:00,0.03458919137219797
GPRT_OFFICIAL_GIT_PIT,2021-12-01 00:00:00+00:00,54,4,155.3102569580078,160.7694854736328,2026-09-05 21:25:57.695659+00:00,2026-09-05 21:25:57.695659+00:00,0.03454679771663884
GPR_OFFICIAL_GIT_PIT,2026-06-01 00:00:00+00:00,2,2,173.63955688476562,179.72244262695312,2026-09-05 12:35:03.449201+00:00,2026-09-05 12:35:03.449201+00:00,0.03443203689232149
GPRA_OFFICIAL_GIT_PIT,2026-02-01 00:00:00+00:00,6,4,81.2406234741211,84.02339935302734,2026-09-05 21:25:57.695659+00:00,2026-09-05 21:25:57.695659+00:00,0.0336799126232285
GPRT_OFFICIAL_GIT_PIT,2021-10-01 00:00:00+00:00,54,5,93.80802917480469,97.01256561279297,2026-09-05 21:25:57.695659+00:00,2026-09-05 21:25:57.695659+00:00,0.03359006128609932
GPR_OFFICIAL_GIT_PIT,2025-04-01 00:00:00+00:00,16,10,136.52084350585938,141.13638305664062,2026-09-05 12:35:03.449201+00:00,2026-09-05 12:35:03.449201+00:00,0.03324937596440897
GPRT_OFFICIAL_GIT_PIT,2021-04-01 00:00:00+00:00,54,4,109.58695983886719,113.20831298828125,2026-09-05 21:25:57.695659+00:00,2026-09-05 21:25:57.695659+00:00,0.03251121150210255
GPR_OFFICIAL_GIT_PIT,2025-08-01 00:00:00+00:00,12,9,134.5920867919922,138.98846435546875,2026-09-05 12:35:03.449201+00:00,2026-09-05 12:35:03.449201+00:00,0.0321423145058242
GPRA_OFFICIAL_GIT_PIT,2024-07-01 00:00:00+00:00,25,5,94.71619415283203,97.8082275390625,2026-09-05 21:25:57.695659+00:00,2026-09-05 21:25:57.695659+00:00,0.03212370931451257
GPRA_OFFICIAL_GIT_PIT,2023-11-01 00:00:00+00:00,33,7,184.92547607421875,190.9423828125,2026-09-05 21:25:57.695659+00:00,2026-09-05 21:25:57.695659+00:00,0.03201880998190311
GPRT_OFFICIAL_GIT_PIT,2021-06-01 00:00:00+00:00,54,4,92.54654693603516,95.5494155883789,2026-09-05 21:25:57.695659+00:00,2026-09-05 21:25:57.695659+00:00,0.03193182630648475
GPR_OFFICIAL_GIT_PIT,2024-11-01 00:00:00+00:00,21,7,124.94347381591797,128.90164184570312,2026-09-05 12:35:03.449201+00:00,2026-09-05 12:35:03.449201+00:00,0.031188221671909284
GPRT_OFFICIAL_GIT_PIT,2022-12-01 00:00:00+00:00,44,10,119.1385269165039,122.89392852783203,2026-09-05 21:25:57.695659+00:00,2026-09-05 21:25:57.695659+00:00,0.031034705807899726
GPR_OFFICIAL_GIT_PIT,2021-12-01 00:00:00+00:00,54,4,105.34542083740234,108.62418365478516,2026-09-05 12:35:03.449201+00:00,2026-09-05 12:35:03.449201+00:00,0.030649395175979307
GPR_OFFICIAL_GIT_PIT,2026-01-01 00:00:00+00:00,7,4,163.7406005859375,168.62986755371094,2026-09-05 12:35:03.449201+00:00,2026-09-05 12:35:03.449201+00:00,0.02942270839040958
GPR_OFFICIAL_GIT_PIT,2021-11-01 00:00:00+00:00,54,5,86.56914520263672,89.13878631591797,2026-09-05 12:35:03.449201+00:00,2026-09-05 12:35:03.449201+00:00,0.029251090824472824
GPRA_OFFICIAL_GIT_PIT,2022-01-01 00:00:00+00:00,54,9,63.251529693603516,65.11968231201172,2026-09-05 21:25:57.695659+00:00,2026-09-05 21:25:57.695659+00:00,0.0291075309870492
GPRA_OFFICIAL_GIT_PIT,2022-06-01 00:00:00+00:00,50,6,114.81468963623047,118.18913269042969,2026-09-05 21:25:57.695659+00:00,2026-09-05 21:25:57.695659+00:00,0.02896672652874579
GPRA_OFFICIAL_GIT_PIT,2023-10-01 00:00:00+00:00,34,7,219.0345458984375,225.28915405273438,2026-09-05 21:25:57.695659+00:00,2026-09-05 21:25:57.695659+00:00,0.028155245051325956
GPR_OFFICIAL_GIT_PIT,2021-04-01 00:00:00+00:00,54,4,88.16622161865234,90.65160369873047,2026-09-05 12:35:03.449201+00:00,2026-09-05 12:35:03.449201+00:00,0.02779971333612152
GPRT_OFFICIAL_GIT_PIT,2022-08-01 00:00:00+00:00,48,9,157.47747802734375,161.8894805908203,2026-09-05 21:25:57.695659+00:00,2026-09-05 21:25:57.695659+00:00,0.027631432451308568
GPRA_OFFICIAL_GIT_PIT,2024-02-01 00:00:00+00:00,30,5,166.65467834472656,171.18118286132812,2026-09-05 21:25:57.695659+00:00,2026-09-05 21:25:57.695659+00:00,0.026798667238207417
GPR_OFFICIAL_GIT_PIT,2024-06-01 00:00:00+00:00,26,8,110.10440063476562,113.0927963256836,2026-09-05 12:35:03.449201+00:00,2026-09-05 12:35:03.449201+00:00,0.02677967576418912
GPRT_OFFICIAL_GIT_PIT,2025-08-01 00:00:00+00:00,12,8,156.18983459472656,160.41519165039062,2026-09-05 21:25:57.695659+00:00,2026-09-05 21:25:57.695659+00:00,0.02669324611629096
GPR_OFFICIAL_GIT_PIT,2021-10-01 00:00:00+00:00,54,5,79.02923583984375,81.14508056640625,2026-09-05 12:35:03.449201+00:00,2026-09-05 12:35:03.449201+00:00,0.026420812708353805
GPRA_OFFICIAL_GIT_PIT,2024-08-01 00:00:00+00:00,24,8,160.91477966308594,165.17947387695312,2026-09-05 21:25:57.695659+00:00,2026-09-05 21:25:57.695659+00:00,0.026157697244721525
GPRA_OFFICIAL_GIT_PIT,2025-04-01 00:00:00+00:00,16,10,129.37796020507812,132.7179718017578,2026-09-05 21:25:57.695659+00:00,2026-09-05 21:25:57.695659+00:00,0.025488319412333305
GPR_OFFICIAL_GIT_PIT,2022-11-01 00:00:00+00:00,45,10,115.83612060546875,118.77709197998047,2026-09-05 12:35:03.449201+00:00,2026-09-05 12:35:03.449201+00:00,0.02507212105514733
GPRT_OFFICIAL_GIT_PIT,2025-10-01 00:00:00+00:00,10,5,164.64608764648438,168.79913330078125,2026-09-05 21:25:57.695659+00:00,2026-09-05 21:25:57.695659+00:00,0.024911200771469612
GPRA_OFFICIAL_GIT_PIT,2021-04-01 00:00:00+00:00,54,3,67.87379455566406,69.58321380615234,2026-09-05 21:25:57.695659+00:00,2026-09-05 21:25:57.695659+00:00,0.024873338978314338
XAU_DAILY_XAUS,2026-09-10 00:00:00+00:00,4,4,4364.4,4471.9,2026-09-10 11:32:04.720745+00:00,2026-09-16 11:49:30.481696+00:00,0.024332651444401943
GPRA_OFFICIAL_GIT_PIT,2024-03-01 00:00:00+00:00,29,5,148.1713409423828,151.81399536132812,2026-09-05 21:25:57.695659+00:00,2026-09-05 21:25:57.695659+00:00,0.024286743562017238
HL_PB_TWELVEDATA,2026-09-28 00:00:00+00:00,2,2,72.0,73.75,2026-09-29 07:24:13.116949+00:00,2026-09-30 07:14:30.987729+00:00,0.02401487620387392
GPRA_OFFICIAL_GIT_PIT,2022-08-01 00:00:00+00:00,48,8,111.15857696533203,113.83950805664062,2026-09-05 21:25:57.695659+00:00,2026-09-05 21:25:57.695659+00:00,0.02383182930148239
GPRT_OFFICIAL,2025-09-01 00:00:00+00:00,3,3,139.63558959960938,142.89134216308594,2026-08-31 12:58:31.028467+00:00,2026-10-02 02:35:01.185001+00:00,0.023048398756061864
GPRA_OFFICIAL_GIT_PIT,2021-02-01 00:00:00+00:00,54,4,45.271453857421875,46.326778411865234,2026-09-05 21:25:57.695659+00:00,2026-09-05 21:25:57.695659+00:00,0.023043485145719998
GPRA_OFFICIAL_GIT_PIT,2024-06-01 00:00:00+00:00,26,8,107.33140563964844,109.73841094970703,2026-09-05 21:25:57.695659+00:00,2026-09-05 21:25:57.695659+00:00,0.022178154552490986
GPRA_OFFICIAL_GIT_PIT,2025-03-01 00:00:00+00:00,17,12,157.5574493408203,161.01182556152344,2026-09-05 21:25:57.695659+00:00,2026-09-05 21:25:57.695659+00:00,0.021687663502527998
GPRA_OFFICIAL_GIT_PIT,2025-11-01 00:00:00+00:00,9,6,88.68616485595703,90.60432434082031,2026-09-05 21:25:57.695659+00:00,2026-09-05 21:25:57.695659+00:00,0.02139804161236536
GPRA_OFFICIAL,2026-02-01 00:00:00+00:00,2,2,81.2406234741211,82.99718475341797,2026-08-31 12:58:31.028467+00:00,2026-10-02 02:35:01.185001+00:00,0.021391277432899647
XAU_DAILY_XAUS,2026-09-16 00:00:00+00:00,3,3,4297.0,4387.5,2026-09-16 11:49:30.481696+00:00,2026-09-17 11:52:39.498198+00:00,0.020842483999126193
GPR_OFFICIAL,2025-09-01 00:00:00+00:00,3,3,124.12738037109375,126.74058532714844,2026-08-31 12:58:31.028467+00:00,2026-10-02 02:35:01.185001+00:00,0.020834062824069143
GPR_OFFICIAL_GIT_PIT,2021-06-01 00:00:00+00:00,54,4,74.12712097167969,75.67454528808594,2026-09-05 12:35:03.449201+00:00,2026-09-05 12:35:03.449201+00:00,0.02066037578846573
XAU_DAILY_XAUS,2026-09-04 00:00:00+00:00,6,4,4429.8,4521.6,2026-09-04 08:14:06.401475+00:00,2026-09-16 11:49:30.481696+00:00,0.020511477197033494
GPRT_OFFICIAL_GIT_PIT,2026-06-01 00:00:00+00:00,2,2,210.58103942871094,214.9290313720703,2026-09-05 21:25:57.695659+00:00,2026-09-05 21:25:57.695659+00:00,0.02043732255142152
GPR_OFFICIAL_GIT_PIT,2025-10-01 00:00:00+00:00,10,5,151.41043090820312,154.52259826660156,2026-09-05 12:35:03.449201+00:00,2026-09-05 12:35:03.449201+00:00,0.0203461177540817
GPR_OFFICIAL_GIT_PIT,2022-01-01 00:00:00+00:00,54,11,138.67498779296875,141.4897003173828,2026-09-05 12:35:03.449201+00:00,2026-09-05 12:35:03.449201+00:00,0.02009394724246872
GPRT_OFFICIAL,2026-04-01 00:00:00+00:00,3,3,265.87322998046875,271.0191345214844,2026-08-31 12:58:31.028467+00:00,2026-10-02 02:35:01.185001+00:00,0.019169809316456853
GPR_OFFICIAL_GIT_PIT,2024-07-01 00:00:00+00:00,25,6,90.6468276977539,92.3948745727539,2026-09-05 12:35:03.449201+00:00,2026-09-05 12:35:03.449201+00:00,0.01910056558939197
GPRT_OFFICIAL_GIT_PIT,2021-03-01 00:00:00+00:00,54,3,100.85202026367188,102.76712799072266,2026-09-05 21:25:57.695659+00:00,2026-09-05 21:25:57.695659+00:00,0.018811238696383317
GPRT_OFFICIAL_GIT_PIT,2021-05-01 00:00:00+00:00,54,4,120.7828369140625,123.06391143798828,2026-09-05 21:25:57.695659+00:00,2026-09-05 21:25:57.695659+00:00,0.018709628730651406
GPR_OFFICIAL_GIT_PIT,2022-08-01 00:00:00+00:00,48,10,132.58241271972656,135.0795440673828,2026-09-05 12:35:03.449201+00:00,2026-09-05 12:35:03.449201+00:00,0.018659385367649634
GPRT_OFFICIAL_GIT_PIT,2022-01-01 00:00:00+00:00,54,11,199.48751831054688,203.1650848388672,2026-09-05 21:25:57.695659+00:00,2026-09-05 21:25:57.695659+00:00,0.018267204846829144
XAU_DAILY_XAUS,2026-09-23 00:00:00+00:00,3,3,4318.4,4395.9,2026-09-23 01:47:22.154076+00:00,2026-09-25 11:59:48.405090+00:00,0.01778732504834887
GPRT_OFFICIAL_GIT_PIT,2021-09-01 00:00:00+00:00,54,5,92.04731750488281,93.6766128540039,2026-09-05 21:25:57.695659+00:00,2026-09-05 21:25:57.695659+00:00,0.017545796544885296
GPRT_OFFICIAL_GIT_PIT,2021-01-01 00:00:00+00:00,54,4,98.47562408447266,100.18294525146484,2026-09-05 21:25:57.695659+00:00,2026-09-05 21:25:57.695659+00:00,0.01718892076432855
GPRA_OFFICIAL_GIT_PIT,2024-05-01 00:00:00+00:00,27,7,130.90328979492188,133.154296875,2026-09-05 21:25:57.695659+00:00,2026-09-05 21:25:57.695659+00:00,0.017049777951072004
GPR_OFFICIAL_GIT_PIT,2021-03-01 00:00:00+00:00,54,3,78.61876678466797,79.9705581665039,2026-09-05 12:35:03.449201+00:00,2026-09-05 12:35:03.449201+00:00,0.017048109918638834
GPRA_OFFICIAL_GIT_PIT,2025-01-01 00:00:00+00:00,19,7,109.50493621826172,111.36846160888672,2026-09-05 21:25:57.695659+00:00,2026-09-05 21:25:57.695659+00:00,0.01687455011532628
GPR_OFFICIAL,2026-04-01 00:00:00+00:00,3,3,248.23397827148438,252.3643341064453,2026-08-31 12:58:31.028467+00:00,2026-10-02 02:35:01.185001+00:00,0.016502051497802706
XAU_DAILY_XAUS,2026-08-31 00:00:00+00:00,6,5,4431.1,4504.8,2026-08-31 13:03:36.325280+00:00,2026-09-16 11:49:30.481696+00:00,0.016495634726564967
GPRA_OFFICIAL_GIT_PIT,2022-09-01 00:00:00+00:00,47,12,107.69955444335938,109.47516632080078,2026-09-05 21:25:57.695659+00:00,2026-09-05 21:25:57.695659+00:00,0.016352284806969635
GPRA_OFFICIAL_GIT_PIT,2023-09-01 00:00:00+00:00,35,8,68.04259490966797,69.15933990478516,2026-09-05 21:25:57.695659+00:00,2026-09-05 21:25:57.695659+00:00,0.016279211501717045
GPRA_OFFICIAL_GIT_PIT,2021-10-01 00:00:00+00:00,54,5,61.149112701416016,62.14250183105469,2026-09-05 21:25:57.695659+00:00,2026-09-05 21:25:57.695659+00:00,0.01611481252554063
GPRA_OFFICIAL_GIT_PIT,2023-01-01 00:00:00+00:00,43,13,93.15361785888672,94.62993621826172,2026-09-05 21:25:57.695659+00:00,2026-09-05 21:25:57.695659+00:00,0.015723941149909878
XAU_DAILY_XAUS,2026-09-02 00:00:00+00:00,4,4,4366.3,4434.6,2026-09-02 11:29:43.599893+00:00,2026-09-16 11:49:30.481696+00:00,0.01552145148904478
GPRA_OFFICIAL_GIT_PIT,2025-10-01 00:00:00+00:00,10,5,149.25184631347656,151.55816650390625,2026-09-05 21:25:57.695659+00:00,2026-09-05 21:25:57.695659+00:00,0.015334365778109846
GPRA_OFFICIAL_GIT_PIT,2022-07-01 00:00:00+00:00,49,8,97.46560668945312,98.96800994873047,2026-09-05 21:25:57.695659+00:00,2026-09-05 21:25:57.695659+00:00,0.015297102216076417
GPRA_OFFICIAL,2025-09-01 00:00:00+00:00,3,3,113.48472595214844,115.22395324707031,2026-08-31 12:58:31.028467+00:00,2026-10-02 02:35:01.185001+00:00,0.015209399382935996
GPRA_OFFICIAL_GIT_PIT,2022-10-01 00:00:00+00:00,46,9,112.6750259399414,114.3917007446289,2026-09-05 21:25:57.695659+00:00,2026-09-05 21:25:57.695659+00:00,0.015120731579731449
XAU_DAILY_XAUS,2026-09-03 00:00:00+00:00,4,4,4473.1,4539.9,2026-09-03 11:26:28.418821+00:00,2026-09-16 11:49:30.481696+00:00,0.014823304817757142
GPRA_OFFICIAL_GIT_PIT,2024-11-01 00:00:00+00:00,21,5,125.67269134521484,127.53326416015625,2026-09-05 21:25:57.695659+00:00,2026-09-05 21:25:57.695659+00:00,0.014696386575132718
GPR_OFFICIAL,2026-02-01 00:00:00+00:00,2,2,119.86540985107422,121.6249008178711,2026-08-31 12:58:31.028467+00:00,2026-10-02 02:35:01.185001+00:00,0.014572196269994349
GPRA_OFFICIAL_GIT_PIT,2025-12-01 00:00:00+00:00,8,6,121.78854370117188,123.53462219238281,2026-09-05 21:25:57.695659+00:00,2026-09-05 21:25:57.695659+00:00,0.014235165849006661
XAU_DAILY_XAUS,2026-07-31 00:00:00+00:00,2,2,4049.1,4107.0,2026-08-31 13:03:36.325280+00:00,2026-09-16 11:49:30.481696+00:00,0.014198200773212712
GPRA_OFFICIAL_GIT_PIT,2025-09-01 00:00:00+00:00,11,8,113.60269927978516,115.22395324707031,2026-09-05 21:25:57.695659+00:00,2026-09-05 21:25:57.695659+00:00,0.014170386869324742
GPRA_OFFICIAL_GIT_PIT,2021-08-01 00:00:00+00:00,54,5,76.48285675048828,77.5722885131836,2026-09-05 21:25:57.695659+00:00,2026-09-05 21:25:57.695659+00:00,0.014143635667841018
GPRA_OFFICIAL_GIT_PIT,2022-04-01 00:00:00+00:00,52,9,184.41781616210938,187.03009033203125,2026-09-05 21:25:57.695659+00:00,2026-09-05 21:25:57.695659+00:00,0.01406559138974177
XAU_DAILY_XAUS,2026-08-03 00:00:00+00:00,2,2,4033.7,4090.5,2026-08-31 13:03:36.325280+00:00,2026-09-16 11:49:30.481696+00:00,0.013983143078102079
GPRT_OFFICIAL,2026-02-01 00:00:00+00:00,2,2,156.00601196289062,158.19815063476562,2026-08-31 12:58:31.028467+00:00,2026-10-02 02:35:01.185001+00:00,0.013953820488878391
XAU_DAILY_XAUS,2026-08-05 00:00:00+00:00,2,2,4245.8,4305.2,2026-08-31 13:03:36.325280+00:00,2026-09-16 11:49:30.481696+00:00,0.013893335392241591
XAU_DAILY_XAUS,2026-08-04 00:00:00+00:00,2,2,4095.4,4152.6,2026-08-31 13:03:36.325280+00:00,2026-09-16 11:49:30.481696+00:00,0.013870251461412842
GPRA_OFFICIAL_GIT_PIT,2021-12-01 00:00:00+00:00,54,4,47.65493392944336,48.30940628051758,2026-09-05 21:25:57.695659+00:00,2026-09-05 21:25:57.695659+00:00,0.013640118752738413
GPR_OFFICIAL_GIT_PIT,2021-08-01 00:00:00+00:00,54,6,89.4865493774414,90.70796966552734,2026-09-05 12:35:03.449201+00:00,2026-09-05 12:35:03.449201+00:00,0.013556893977926716
XAU_DAILY_XAUS,2026-08-07 00:00:00+00:00,2,2,4340.7,4399.7,2026-08-31 13:03:36.325280+00:00,2026-09-16 11:49:30.481696+00:00,0.013500731352539312
XAU_DAILY_XAUS,2026-08-06 00:00:00+00:00,2,2,4242.0,4299.6,2026-08-31 13:03:36.325280+00:00,2026-09-16 11:49:30.481696+00:00,0.013487138974280662
XAU_DAILY_XAUS,2026-09-08 00:00:00+00:00,4,4,4393.9,4452.7,2026-09-08 11:29:01.320920+00:00,2026-09-16 11:49:30.481696+00:00,0.013293438361272643
GPR_OFFICIAL_GIT_PIT,2021-09-01 00:00:00+00:00,54,5,80.69696807861328,81.7759780883789,2026-09-05 12:35:03.449201+00:00,2026-09-05 12:35:03.449201+00:00,0.0132825297863282
XAU_DAILY_XAUS,2026-08-12 00:00:00+00:00,2,2,4408.9,4467.5,2026-08-31 13:03:36.325280+00:00,2026-09-16 11:49:30.481696+00:00,0.013203742812878677
XAU_DAILY_XAUS,2026-08-10 00:00:00+00:00,2,2,4361.8,4419.7,2026-08-31 13:03:36.325280+00:00,2026-09-16 11:49:30.481696+00:00,0.013187004281953681
XAU_DAILY_XAUS,2026-08-11 00:00:00+00:00,2,2,4383.0,4441.1,2026-08-31 13:03:36.325280+00:00,2026-09-16 11:49:30.481696+00:00,0.013168672070803697
GPRT_OFFICIAL_GIT_PIT,2024-11-01 00:00:00+00:00,21,7,137.32852172851562,139.14866638183594,2026-09-05 21:25:57.695659+00:00,2026-09-05 21:25:57.695659+00:00,0.013166879782940307
GPR_OFFICIAL_GIT_PIT,2021-01-01 00:00:00+00:00,54,4,77.418701171875,78.43135833740234,2026-09-05 12:35:03.449201+00:00,2026-09-05 12:35:03.449201+00:00,0.012995457560933113
XAU_DAILY_XAUS,2026-08-13 00:00:00+00:00,2,2,4363.6,4420.4,2026-08-31 13:03:36.325280+00:00,2026-09-16 11:49:30.481696+00:00,0.012932784991025351
XAU_DAILY_XAUS,2026-08-14 00:00:00+00:00,2,2,4380.4,4437.3,2026-08-31 13:03:36.325280+00:00,2026-09-16 11:49:30.481696+00:00,0.012906038943830115
GPRT_OFFICIAL,2026-06-01 00:00:00+00:00,3,3,212.19248962402344,214.94244384765625,2026-08-31 12:58:31.028467+00:00,2026-10-02 02:35:01.185001+00:00,0.012876456613349779
GPRA_OFFICIAL_GIT_PIT,2023-06-01 00:00:00+00:00,38,11,95.2789077758789,96.4953842163086,2026-09-05 21:25:57.695659+00:00,2026-09-05 21:25:57.695659+00:00,0.012686713573679426
GPRA_OFFICIAL_GIT_PIT,2023-12-01 00:00:00+00:00,32,7,171.7771759033203,173.96380615234375,2026-09-05 21:25:57.695659+00:00,2026-09-05 21:25:57.695659+00:00,0.01264911895056705
XAU_DAILY_XAUS,2026-08-17 00:00:00+00:00,2,2,4417.8,4473.7,2026-08-31 13:03:36.325280+00:00,2026-09-16 11:49:30.481696+00:00,0.012573972108823066
XAU_DAILY_XAUS,2026-08-18 00:00:00+00:00,2,2,4366.0,4420.6,2026-08-31 13:03:36.325280+00:00,2026-09-16 11:49:30.481696+00:00,0.012428175355452578
XAU_DAILY_XAUS,2026-08-19 00:00:00+00:00,2,2,4489.4,4545.3,2026-08-31 13:03:36.325280+00:00,2026-09-16 11:49:30.481696+00:00,0.012374669516454566
XAU_DAILY_XAUS,2026-08-24 00:00:00+00:00,2,2,4640.8,4697.8,2026-08-31 13:03:36.325280+00:00,2026-09-16 11:49:30.481696+00:00,0.012207548853880618
XAU_DAILY_XAUS,2026-08-21 00:00:00+00:00,2,2,4624.1,4680.6,2026-08-31 13:03:36.325280+00:00,2026-09-16 11:49:30.481696+00:00,0.012144549406376135
XAU_DAILY_XAUS,2026-08-20 00:00:00+00:00,2,2,4516.3,4571.4,2026-08-31 13:03:36.325280+00:00,2026-09-16 11:49:30.481696+00:00,0.012126429174430155
XAU_DAILY_XAUS,2026-08-25 00:00:00+00:00,2,2,4638.1,4694.5,2026-08-31 13:03:36.325280+00:00,2026-09-16 11:49:30.481696+00:00,0.012086811097880453
GPR_OFFICIAL_GIT_PIT,2021-05-01 00:00:00+00:00,54,4,93.00713348388672,94.12997436523438,2026-09-05 12:35:03.449201+00:00,2026-09-05 12:35:03.449201+00:00,0.012000338885991897
GPRA_OFFICIAL_GIT_PIT,2021-03-01 00:00:00+00:00,54,3,49.41804122924805,50.011112213134766,2026-09-05 21:25:57.695659+00:00,2026-09-05 21:25:57.695659+00:00,0.011929660406438131
XAU_DAILY_XAUS,2026-08-26 00:00:00+00:00,2,2,4598.2,4653.3,2026-08-31 13:03:36.325280+00:00,2026-09-16 11:49:30.481696+00:00,0.011911722748978788
GPRT_OFFICIAL,2025-03-01 00:00:00+00:00,2,2,193.36782836914062,195.67752075195312,2026-08-31 12:58:31.028467+00:00,2026-09-02 01:24:10.194916+00:00,0.011873780392361805
GPRT_OFFICIAL_GIT_PIT,2021-02-01 00:00:00+00:00,54,4,94.48355865478516,95.60425567626953,2026-09-05 21:25:57.695659+00:00,2026-09-05 21:25:57.695659+00:00,0.011791497634780391
XAU_DAILY_XAUS,2026-08-27 00:00:00+00:00,2,2,4609.7,4664.0,2026-08-31 13:03:36.325280+00:00,2026-09-16 11:49:30.481696+00:00,0.011710670079072777
GPRA_OFFICIAL,2026-05-01 00:00:00+00:00,3,3,212.7493133544922,215.2461395263672,2026-08-31 12:58:31.028467+00:00,2026-10-02 02:35:01.185001+00:00,0.01166766833782735
GPRA_OFFICIAL_GIT_PIT,2025-02-01 00:00:00+00:00,18,8,139.154541015625,140.7871551513672,2026-09-05 21:25:57.695659+00:00,2026-09-05 21:25:57.695659+00:00,0.011664090544241367
GPRA_OFFICIAL_GIT_PIT,2021-06-01 00:00:00+00:00,54,4,45.81465148925781,46.34864044189453,2026-09-05 21:25:57.695659+00:00,2026-09-05 21:25:57.695659+00:00,0.011588017677460313
XAU_DAILY_XAUS,2026-08-28 00:00:00+00:00,2,2,4478.1,4529.9,2026-08-31 13:03:36.325280+00:00,2026-09-16 11:49:30.481696+00:00,0.011501014870930575
GLL_TWELVEDATA,2026-08-31 00:00:00+00:00,3,2,21.76,22.005,2026-08-31 14:09:09.902335+00:00,2026-09-01 08:17:53.763412+00:00,0.011196278275312827
XAU_DAILY_XAUS,2026-09-01 00:00:00+00:00,3,3,4348.0,4396.4,2026-09-02 01:24:08.055404+00:00,2026-09-16 11:49:30.481696+00:00,0.011070054953645119
GPR_OFFICIAL,2026-06-01 00:00:00+00:00,3,3,177.9998321533203,179.9416961669922,2026-08-31 12:58:31.028467+00:00,2026-10-02 02:35:01.185001+00:00,0.010850280903833566
GPRA_OFFICIAL_GIT_PIT,2025-07-01 00:00:00+00:00,13,11,118.43976593017578,119.71036529541016,2026-09-05 21:25:57.695659+00:00,2026-09-05 21:25:57.695659+00:00,0.010670675803491195
GPRA_OFFICIAL_GIT_PIT,2024-12-01 00:00:00+00:00,20,5,163.10935974121094,164.81373596191406,2026-09-05 21:25:57.695659+00:00,2026-09-05 21:25:57.695659+00:00,0.010395068786279694
XAU_DAILY_XAUS,2026-09-09 00:00:00+00:00,4,4,4416.0,4460.7,2026-09-09 11:34:30.394311+00:00,2026-09-16 11:49:30.481696+00:00,0.010071395414355899
NEM_TWELVEDATA,2026-08-31 00:00:00+00:00,4,3,124.83,126.059998,2026-08-31 14:09:09.902335+00:00,2026-09-01 08:17:53.763412+00:00,0.009805156556543444
XAU_DAILY_XAUS,2026-09-11 00:00:00+00:00,4,4,4366.2,4408.9,2026-09-11 11:33:18.800270+00:00,2026-09-13 12:04:52.762479+00:00,0.009732159639608703
GPRT_OFFICIAL_GIT_PIT,2021-08-01 00:00:00+00:00,54,5,103.20159149169922,104.14788818359375,2026-09-05 21:25:57.695659+00:00,2026-09-05 21:25:57.695659+00:00,0.009127616459889926
GPR_OFFICIAL,2025-03-01 00:00:00+00:00,2,2,174.3096466064453,175.901123046875,2026-08-31 12:58:31.028467+00:00,2026-09-02 01:24:10.194916+00:00,0.009088740459597774
GPRA_OFFICIAL,2025-06-01 00:00:00+00:00,3,3,182.07473754882812,183.72996520996094,2026-08-31 12:58:31.028467+00:00,2026-10-02 02:35:01.185001+00:00,0.009049850619933414
GPRA_OFFICIAL_GIT_PIT,2021-05-01 00:00:00+00:00,54,4,52.16321563720703,52.62611389160156,2026-09-05 21:25:57.695659+00:00,2026-09-05 21:25:57.695659+00:00,0.008834893160312229
XAU_DAILY_XAUS,2026-10-02 00:00:00+00:00,2,2,4172.1,4208.8,2026-10-02 12:51:15.476422+00:00,2026-10-03 02:19:47.158656+00:00,0.008758065263922657
GPRT_OFFICIAL,2025-11-01 00:00:00+00:00,3,3,117.66785430908203,118.69731903076172,2026-08-31 12:58:31.028467+00:00,2026-10-02 02:35:01.185001+00:00,0.00871085377499177
BARRICK_B_TWELVEDATA,2026-08-31 00:00:00+00:00,4,3,44.46,44.83,2026-08-31 14:09:09.902335+00:00,2026-09-01 08:17:53.763412+00:00,0.00828764963129752
GPRT_OFFICIAL,2025-10-01 00:00:00+00:00,3,3,166.6230010986328,168.00865173339844,2026-08-31 12:58:31.028467+00:00,2026-10-02 02:35:01.185001+00:00,0.008281694470736763
GPRA_OFFICIAL,2026-04-01 00:00:00+00:00,3,3,305.1354675292969,307.6094970703125,2026-08-31 12:58:31.028467+00:00,2026-10-02 02:35:01.185001+00:00,0.00807527806264517
XAU_DAILY_XAUS,2026-09-18 00:00:00+00:00,4,4,4397.8,4432.9,2026-09-18 01:29:47.237526+00:00,2026-09-19 11:12:30.656968+00:00,0.007949581538871398
XAU_DAILY_XAUS,2026-09-29 00:00:00+00:00,3,3,4179.7,4212.6,2026-09-29 13:07:04.849350+00:00,2026-09-30 12:47:11.798584+00:00,0.007840560642998129
XAU_DAILY_XAUS,2026-09-22 00:00:00+00:00,3,3,4355.2,4389.3,2026-09-22 01:53:09.492942+00:00,2026-09-23 11:50:46.358962+00:00,0.007799227595079475
GPR_OFFICIAL,2026-05-01 00:00:00+00:00,3,3,202.11822509765625,203.5819854736328,2026-08-31 12:58:31.028467+00:00,2026-10-02 02:35:01.185001+00:00,0.007216001813226969
XAU_DAILY_XAUS,2026-05-29 00:00:00+00:00,2,2,4560.5,4593.0,2026-08-31 13:03:36.325280+00:00,2026-09-16 11:49:30.481696+00:00,0.00710113870558035
XAU_DAILY_XAUS,2026-06-01 00:00:00+00:00,2,2,4475.2,4506.3,2026-08-31 13:03:36.325280+00:00,2026-09-16 11:49:30.481696+00:00,0.006925374224423159
XAU_DAILY_XAUS,2026-06-02 00:00:00+00:00,2,2,4489.1,4519.9,2026-08-31 13:03:36.325280+00:00,2026-09-16 11:49:30.481696+00:00,0.006837633477603969
XAU_DAILY_XAUS,2026-06-03 00:00:00+00:00,2,2,4436.7,4466.9,2026-08-31 13:03:36.325280+00:00,2026-09-16 11:49:30.481696+00:00,0.006783798871631063
GPR_OFFICIAL,2025-10-01 00:00:00+00:00,3,3,153.4799346923828,154.52259826660156,2026-08-31 12:58:31.028467+00:00,2026-10-02 02:35:01.185001+00:00,0.006770512873125558
XAU_DAILY_XAUS,2026-09-17 00:00:00+00:00,2,2,4370.5,4399.7,2026-09-17 11:52:39.498198+00:00,2026-09-18 11:28:27.177001+00:00,0.0066589377431421305
GPR_OFFICIAL,2025-06-01 00:00:00+00:00,3,3,221.13490295410156,222.58563232421875,2026-08-31 12:58:31.028467+00:00,2026-10-02 02:35:01.185001+00:00,0.006538956049837075
XAU_DAILY_XAUS,2026-06-04 00:00:00+00:00,2,2,4475.8,4505.0,2026-08-31 13:03:36.325280+00:00,2026-09-16 11:49:30.481696+00:00,0.006502784361383829
XAU_DAILY_XAUS,2026-06-05 00:00:00+00:00,2,2,4337.1,4365.3,2026-08-31 13:03:36.325280+00:00,2026-09-16 11:49:30.481696+00:00,0.006480993451836133
XAU_DAILY_XAUS,2026-06-08 00:00:00+00:00,2,2,4335.9,4363.4,2026-08-31 13:03:36.325280+00:00,2026-09-16 11:49:30.481696+00:00,0.006322368835017879
XAU_DAILY_XAUS,2026-09-30 00:00:00+00:00,2,2,4186.7,4213.2,2026-09-30 12:47:11.798584+00:00,2026-10-01 13:32:20.399471+00:00,0.006309619856562208
XAU_DAILY_XAUS,2026-04-01 00:00:00+00:00,2,2,4783.2,4813.1,2026-08-31 13:03:36.325280+00:00,2026-09-16 11:49:30.481696+00:00,0.0062315885826980215
XAU_DAILY_XAUS,2026-06-09 00:00:00+00:00,2,2,4260.0,4286.4,2026-08-31 13:03:36.325280+00:00,2026-09-16 11:49:30.481696+00:00,0.006178059526928045
XAU_DAILY_XAUS,2026-06-10 00:00:00+00:00,2,2,4108.2,4133.3,2026-08-31 13:03:36.325280+00:00,2026-09-16 11:49:30.481696+00:00,0.006091143021299081
XAU_DAILY_XAUS,2026-04-02 00:00:00+00:00,2,2,4651.5,4679.7,2026-08-31 13:03:36.325280+00:00,2026-09-16 11:49:30.481696+00:00,0.006044257084319293
GPRT_OFFICIAL,2025-06-01 00:00:00+00:00,3,3,286.4390869140625,288.1604919433594,2026-08-31 12:58:31.028467+00:00,2026-10-02 02:35:01.185001+00:00,0.005991686184770053
GPR_OFFICIAL_GIT_PIT,2021-02-01 00:00:00+00:00,54,4,73.95680236816406,74.40068054199219,2026-09-05 12:35:03.449201+00:00,2026-09-05 12:35:03.449201+00:00,0.005983917893804359
XAU_DAILY_XAUS,2026-04-06 00:00:00+00:00,2,2,4656.8,4684.7,2026-08-31 13:03:36.325280+00:00,2026-09-16 11:49:30.481696+00:00,0.005973362513175401
XAU_DAILY_XAUS,2026-04-07 00:00:00+00:00,2,2,4657.1,4684.7,2026-08-31 13:03:36.325280+00:00,2026-09-16 11:49:30.481696+00:00,0.005908942667545983
XAU_DAILY_XAUS,2026-04-08 00:00:00+00:00,2,2,4749.5,4777.2,2026-08-31 13:03:36.325280+00:00,2026-09-16 11:49:30.481696+00:00,0.00581525146403467
XAU_DAILY_XAUS,2026-06-11 00:00:00+00:00,2,2,4090.3,4114.0,2026-08-31 13:03:36.325280+00:00,2026-09-16 11:49:30.481696+00:00,0.00577747423275597
XAU_DAILY_XAUS,2026-06-12 00:00:00+00:00,2,2,4215.0,4238.8,2026-08-31 13:03:36.325280+00:00,2026-09-16 11:49:30.481696+00:00,0.005630618864725183
XAU_DAILY_XAUS,2026-06-15 00:00:00+00:00,2,2,4328.0,4351.6,2026-08-31 13:03:36.325280+00:00,2026-09-16 11:49:30.481696+00:00,0.005438052020610135
XAU_DAILY_XAUS,2026-06-16 00:00:00+00:00,2,2,4330.9,4354.4,2026-08-31 13:03:36.325280+00:00,2026-09-16 11:49:30.481696+00:00,0.005411455527733949
XAU_DAILY_XAUS,2026-04-09 00:00:00+00:00,2,2,4792.2,4818.0,2026-08-31 13:03:36.325280+00:00,2026-09-16 11:49:30.481696+00:00,0.005369308023418467
XAU_DAILY_XAUS,2026-04-10 00:00:00+00:00,2,2,4761.9,4787.4,2026-08-31 13:03:36.325280+00:00,2026-09-16 11:49:30.481696+00:00,0.005340718295984811
XAU_DAILY_XAUS,2026-04-13 00:00:00+00:00,2,2,4742.4,4767.4,2026-08-31 13:03:36.325280+00:00,2026-09-16 11:49:30.481696+00:00,0.005257746238916054
XAU_DAILY_XAUS,2026-04-14 00:00:00+00:00,2,2,4825.0,4850.1,2026-08-31 13:03:36.325280+00:00,2026-09-16 11:49:30.481696+00:00,0.005188588502584169
XAU_DAILY_XAUS,2026-06-17 00:00:00+00:00,2,2,4358.9,4381.4,2026-08-31 13:03:36.325280+00:00,2026-09-16 11:49:30.481696+00:00,0.005148576067679602
XAU_DAILY_XAUS,2026-06-18 00:00:00+00:00,2,2,4224.1,4245.9,2026-08-31 13:03:36.325280+00:00,2026-09-16 11:49:30.481696+00:00,0.005147591059611578
XAU_DAILY_XAUS,2026-06-22 00:00:00+00:00,2,2,4181.9,4202.7,2026-08-31 13:03:36.325280+00:00,2026-09-16 11:49:30.481696+00:00,0.004961487171321597
XAU_DAILY_XAUS,2026-04-15 00:00:00+00:00,2,2,4800.0,4823.6,2026-08-31 13:03:36.325280+00:00,2026-09-16 11:49:30.481696+00:00,0.00490461933345519
XAU_DAILY_XAUS,2026-09-21 00:00:00+00:00,3,3,4383.9,4405.4,2026-09-21 01:41:22.420059+00:00,2026-09-22 11:51:18.207533+00:00,0.004892322001340893
GPRA_OFFICIAL,2025-11-01 00:00:00+00:00,3,3,88.69731140136719,89.12689971923828,2026-08-31 12:58:31.028467+00:00,2026-10-02 02:35:01.185001+00:00,0.004831616019826098
XAU_DAILY_XAUS,2026-04-16 00:00:00+00:00,2,2,4785.4,4808.3,2026-08-31 13:03:36.325280+00:00,2026-09-16 11:49:30.481696+00:00,0.00477397531557252
GPRT_OFFICIAL,2025-05-01 00:00:00+00:00,3,3,205.18582153320312,206.15826416015625,2026-08-31 12:58:31.028467+00:00,2026-10-02 02:35:01.185001+00:00,0.00472813137405989
XAU_DAILY_XAUS,2026-06-23 00:00:00+00:00,2,2,4129.9,4149.4,2026-08-31 13:03:36.325280+00:00,2026-09-16 11:49:30.481696+00:00,0.004710551872162492
GPRT_OFFICIAL,2026-01-01 00:00:00+00:00,2,2,219.1377410888672,220.17141723632812,2026-08-31 12:58:31.028467+00:00,2026-10-02 02:35:01.185001+00:00,0.004705925362573297
GPRA_OFFICIAL_GIT_PIT,2021-11-01 00:00:00+00:00,54,5,39.74269104003906,39.929718017578125,2026-09-05 21:25:57.695659+00:00,2026-09-05 21:25:57.695659+00:00,0.004694908144263638
XAU_DAILY_XAUS,2026-06-24 00:00:00+00:00,2,2,3990.3,4008.8,2026-08-31 13:03:36.325280+00:00,2026-09-16 11:49:30.481696+00:00,0.004625528618154716
XAU_DAILY_XAUS,2026-04-20 00:00:00+00:00,2,2,4806.6,4828.8,2026-08-31 13:03:36.325280+00:00,2026-09-16 11:49:30.481696+00:00,0.004608016124403551
XAU_DAILY_XAUS,2026-04-17 00:00:00+00:00,2,2,4857.6,4879.6,2026-08-31 13:03:36.325280+00:00,2026-09-16 11:49:30.481696+00:00,0.00451876051332638
XAU_DAILY_XAUS,2026-04-21 00:00:00+00:00,2,2,4698.4,4719.6,2026-08-31 13:03:36.325280+00:00,2026-09-16 11:49:30.481696+00:00,0.004502025017454501
GPRT_OFFICIAL,2026-05-01 00:00:00+00:00,3,3,232.44528198242188,233.49290466308594,2026-08-31 12:58:31.028467+00:00,2026-10-02 02:35:01.185001+00:00,0.004496838748444604
GPRT_OFFICIAL,2025-07-01 00:00:00+00:00,3,2,156.1194610595703,156.7975311279297,2026-08-31 12:58:31.028467+00:00,2026-10-02 02:35:01.185001+00:00,0.004333872219190598
XAU_DAILY_XAUS,2026-04-22 00:00:00+00:00,2,2,4732.5,4753.0,2026-08-31 13:03:36.325280+00:00,2026-09-16 11:49:30.481696+00:00,0.004322393530531425
XAU_DAILY_XAUS,2026-06-26 00:00:00+00:00,2,2,4078.7,4096.3,2026-08-31 13:03:36.325280+00:00,2026-09-16 11:49:30.481696+00:00,0.004305817050050422
XAU_DAILY_XAUS,2026-06-25 00:00:00+00:00,2,2,4030.5,4047.6,2026-08-31 13:03:36.325280+00:00,2026-09-16 11:49:30.481696+00:00,0.004233675131949256
XAU_DAILY_XAUS,2026-06-29 00:00:00+00:00,2,2,4022.3,4038.9,2026-08-31 13:03:36.325280+00:00,2026-09-16 11:49:30.481696+00:00,0.004118499346038851
XAU_DAILY_XAUS,2026-04-23 00:00:00+00:00,2,2,4705.1,4724.0,2026-08-31 13:03:36.325280+00:00,2026-09-16 11:49:30.481696+00:00,0.004008871538513277
GPR_OFFICIAL,2025-11-01 00:00:00+00:00,3,3,103.939208984375,104.35176849365234,2026-08-31 12:58:31.028467+00:00,2026-10-02 02:35:01.185001+00:00,0.0039613818493874015
XAU_DAILY_XAUS,2026-04-24 00:00:00+00:00,2,2,4722.3,4740.9,2026-08-31 13:03:36.325280+00:00,2026-09-16 11:49:30.481696+00:00,0.003931022054282296
XAU_DAILY_XAUS,2026-04-27 00:00:00+00:00,2,2,4675.4,4693.7,2026-08-31 13:03:36.325280+00:00,2026-09-16 11:49:30.481696+00:00,0.00390646343238737
XAU_DAILY_XAUS,2026-06-30 00:00:00+00:00,2,2,4022.9,4038.5,2026-08-31 13:03:36.325280+00:00,2026-09-16 11:49:30.481696+00:00,0.003870300313341814
GPRA_OFFICIAL,2026-06-01 00:00:00+00:00,3,3,184.13058471679688,184.83316040039062,2026-08-31 12:58:31.028467+00:00,2026-10-02 02:35:01.185001+00:00,0.003808377067154608
GPR_OFFICIAL,2026-01-01 00:00:00+00:00,2,2,168.0076141357422,168.62986755371094,2026-08-31 12:58:31.028467+00:00,2026-10-02 02:35:01.185001+00:00,0.0036968796435639245
XAU_DAILY_XAUS,2026-04-28 00:00:00+00:00,2,2,4591.5,4608.4,2026-08-31 13:03:36.325280+00:00,2026-09-16 11:49:30.481696+00:00,0.003673957110321444
XAU_DAILY_XAUS,2026-04-29 00:00:00+00:00,2,2,4545.2,4561.5,2026-08-31 13:03:36.325280+00:00,2026-09-16 11:49:30.481696+00:00,0.0035797857416749322
GPR_OFFICIAL,2025-05-01 00:00:00+00:00,3,3,166.83749389648438,167.42288208007812,2026-08-31 12:58:31.028467+00:00,2026-10-02 02:35:01.185001+00:00,0.003502591537225685
XAU_DAILY_XAUS,2026-07-01 00:00:00+00:00,2,2,4068.3,4082.4,2026-08-31 13:03:36.325280+00:00,2026-09-16 11:49:30.481696+00:00,0.0034598289877524288
GPRA_OFFICIAL,2025-07-01 00:00:00+00:00,3,2,119.3396224975586,119.74867248535156,2026-08-31 12:58:31.028467+00:00,2026-10-02 02:35:01.185001+00:00,0.0034217516748920817
XAU_DAILY_XAUS,2026-04-30 00:00:00+00:00,2,2,4614.7,4629.6,2026-08-31 13:03:36.325280+00:00,2026-09-16 11:49:30.481696+00:00,0.003223610852738313
XAU_DAILY_XAUS,2026-07-02 00:00:00+00:00,2,2,4112.7,4125.7,2026-08-31 13:03:36.325280+00:00,2026-09-16 11:49:30.481696+00:00,0.003155955231611912
XAU_DAILY_XAUS,2026-05-01 00:00:00+00:00,2,2,4629.9,4644.5,2026-08-31 13:03:36.325280+00:00,2026-09-16 11:49:30.481696+00:00,0.0031484542526801942
GPR_OFFICIAL,2025-07-01 00:00:00+00:00,3,2,134.23008728027344,134.64071655273438,2026-08-31 12:58:31.028467+00:00,2026-10-02 02:35:01.185001+00:00,0.0030544751298022957
GPRA_OFFICIAL,2025-04-01 00:00:00+00:00,2,2,132.06373596191406,132.4676055908203,2026-08-31 12:58:31.028467+00:00,2026-09-02 01:24:10.194916+00:00,0.0030534751786501692
XAU_DAILY_XAUS,2026-05-04 00:00:00+00:00,2,2,4519.5,4533.3,2026-08-31 13:03:36.325280+00:00,2026-09-16 11:49:30.481696+00:00,0.0030487828493587312
XAU_DAILY_XAUS,2026-07-06 00:00:00+00:00,2,2,4155.1,4167.5,2026-08-31 13:03:36.325280+00:00,2026-09-16 11:49:30.481696+00:00,0.002979840236326976
XAU_DAILY_XAUS,2026-07-07 00:00:00+00:00,2,2,4145.3,4157.4,2026-08-31 13:03:36.325280+00:00,2026-09-16 11:49:30.481696+00:00,0.002914716553980627
XAU_DAILY_XAUS,2026-09-25 00:00:00+00:00,3,3,4308.8,4321.2,2026-09-25 11:59:48.405090+00:00,2026-09-26 11:34:37.023578+00:00,0.002873698385495385
XAU_DAILY_XAUS,2026-07-08 00:00:00+00:00,2,2,4070.9,4082.4,2026-08-31 13:03:36.325280+00:00,2026-09-16 11:49:30.481696+00:00,0.0028209455376743847
XAU_DAILY_XAUS,2026-05-05 00:00:00+00:00,2,2,4555.8,4568.5,2026-08-31 13:03:36.325280+00:00,2026-09-16 11:49:30.481696+00:00,0.0027837769914322665
GPRA_OFFICIAL,2025-10-01 00:00:00+00:00,3,2,151.14178466796875,151.55816650390625,2026-08-31 12:58:31.028467+00:00,2026-10-02 02:35:01.185001+00:00,0.0027511210156907144
GPRA_OFFICIAL,2025-05-01 00:00:00+00:00,2,2,148.81414794921875,149.22117614746094,2026-08-31 12:58:31.028467+00:00,2026-10-02 02:35:01.185001+00:00,0.0027314107985837613
XAU_DAILY_XAUS,2026-05-06 00:00:00+00:00,2,2,4681.9,4694.3,2026-08-31 13:03:36.325280+00:00,2026-09-16 11:49:30.481696+00:00,0.0026449963160354475
GPRA_OFFICIAL,2025-03-01 00:00:00+00:00,2,2,159.4183807373047,159.82244873046875,2026-08-31 12:58:31.028467+00:00,2026-09-02 01:24:10.194916+00:00,0.0025314318949425573
XAU_DAILY_XAUS,2026-07-09 00:00:00+00:00,2,2,4130.6,4140.8,2026-08-31 13:03:36.325280+00:00,2026-09-16 11:49:30.481696+00:00,0.0024663310129772235
XAU_DAILY_XAUS,2026-05-07 00:00:00+00:00,2,2,4699.8,4710.9,2026-08-31 13:03:36.325280+00:00,2026-09-16 11:49:30.481696+00:00,0.002359017957769848
XAU_DAILY_XAUS,2026-07-10 00:00:00+00:00,2,2,4104.1,4113.7,2026-08-31 13:03:36.325280+00:00,2026-09-16 11:49:30.481696+00:00,0.002336392797825228
XAU_DAILY_XAUS,2026-05-08 00:00:00+00:00,2,2,4720.4,4730.7,2026-08-31 13:03:36.325280+00:00,2026-09-16 11:49:30.481696+00:00,0.002179641328057275
XAU_DAILY_XAUS,2026-07-13 00:00:00+00:00,2,2,3997.0,4005.7,2026-08-31 13:03:36.325280+00:00,2026-09-16 11:49:30.481696+00:00,0.0021742670417213045
XAU_DAILY_XAUS,2026-09-28 00:00:00+00:00,2,2,4159.4,4168.4,2026-09-29 02:44:37.451838+00:00,2026-09-29 13:07:04.849350+00:00,0.002161436034451941
XAU_DAILY_XAUS,2026-05-11 00:00:00+00:00,2,2,4718.7,4728.7,2026-08-31 13:03:36.325280+00:00,2026-09-16 11:49:30.481696+00:00,0.0021169853578102823
XAU_DAILY_XAUS,2026-07-14 00:00:00+00:00,2,2,4061.1,4069.7,2026-08-31 13:03:36.325280+00:00,2026-09-16 11:49:30.481696+00:00,0.002115413786359422
XAU_DAILY_XAUS,2026-05-12 00:00:00+00:00,2,2,4677.6,4686.7,2026-08-31 13:03:36.325280+00:00,2026-09-16 11:49:30.481696+00:00,0.0019435521853258806
XAU_DAILY_XAUS,2026-07-15 00:00:00+00:00,2,2,4044.0,4051.8,2026-08-31 13:03:36.325280+00:00,2026-09-16 11:49:30.481696+00:00,0.0019269256684893543
XAU_DAILY_XAUS,2026-05-13 00:00:00+00:00,2,2,4697.7,4706.7,2026-08-31 13:03:36.325280+00:00,2026-09-16 11:49:30.481696+00:00,0.0019139982875125848
GPRA_OFFICIAL_GIT_PIT,2021-09-01 00:00:00+00:00,54,5,67.88835144042969,68.00611877441406,2026-09-05 21:25:57.695659+00:00,2026-09-05 21:25:57.695659+00:00,0.001733217890024621
XAU_DAILY_XAUS,2026-07-16 00:00:00+00:00,2,2,3985.6,3992.1,2026-08-31 13:03:36.325280+00:00,2026-09-16 11:49:30.481696+00:00,0.0016295427098905265
XAU_DAILY_XAUS,2026-05-14 00:00:00+00:00,2,2,4678.1,4685.3,2026-08-31 13:03:36.325280+00:00,2026-09-16 11:49:30.481696+00:00,0.0015379032016334048
XAU_DAILY_XAUS,2026-07-17 00:00:00+00:00,2,2,4012.7,4018.8,2026-08-31 13:03:36.325280+00:00,2026-09-16 11:49:30.481696+00:00,0.0015190191553106662
GPR_OFFICIAL,2025-04-01 00:00:00+00:00,2,2,140.9822540283203,141.1845245361328,2026-08-31 12:58:31.028467+00:00,2026-09-02 01:24:10.194916+00:00,0.0014336949479914472
XAU_DAILY_XAUS,2026-07-20 00:00:00+00:00,2,2,4010.3,4015.9,2026-08-31 13:03:36.325280+00:00,2026-09-16 11:49:30.481696+00:00,0.0013954301932931352
XAU_DAILY_XAUS,2026-05-15 00:00:00+00:00,2,2,4555.8,4561.9,2026-08-31 13:03:36.325280+00:00,2026-09-16 11:49:30.481696+00:00,0.0013380569464048321
XAU_DAILY_XAUS,2026-07-21 00:00:00+00:00,2,2,4071.1,4076.4,2026-08-31 13:03:36.325280+00:00,2026-09-16 11:49:30.481696+00:00,0.0013010127640576512
XAU_DAILY_XAUS,2026-10-01 00:00:00+00:00,3,3,4202.3,4207.7,2026-10-01 13:32:20.399471+00:00,2026-10-02 12:51:15.476422+00:00,0.0012841856699428343
GPRA_OFFICIAL_GIT_PIT,2021-01-01 00:00:00+00:00,54,4,48.2874870300293,48.34858703613281,2026-09-05 21:25:57.695659+00:00,2026-09-05 21:25:57.695659+00:00,0.0012645384207878097
XAU_DAILY_XAUS,2026-05-18 00:00:00+00:00,2,2,4552.5,4558.0,2026-08-31 13:03:36.325280+00:00,2026-09-16 11:49:30.481696+00:00,0.001207398203866646
XAU_DAILY_XAUS,2026-07-22 00:00:00+00:00,2,2,4146.9,4151.9,2026-08-31 13:03:36.325280+00:00,2026-09-16 11:49:30.481696+00:00,0.0012049936388403455
XAU_DAILY_XAUS,2026-05-19 00:00:00+00:00,2,2,4506.3,4511.2,2026-08-31 13:03:36.325280+00:00,2026-09-16 11:49:30.481696+00:00,0.001086775820853723
XAU_DAILY_XAUS,2026-07-23 00:00:00+00:00,2,2,4046.6,4050.2,2026-08-31 13:03:36.325280+00:00,2026-09-16 11:49:30.481696+00:00,0.0008892402522538827
XAU_DAILY_XAUS,2026-05-20 00:00:00+00:00,2,2,4531.3,4535.3,2026-08-31 13:03:36.325280+00:00,2026-09-16 11:49:30.481696+00:00,0.0008823594863607163
DZZ_TWELVEDATA,2026-09-08 00:00:00+00:00,2,2,1.69,1.6914,2026-09-09 06:32:05.640904+00:00,2026-09-10 06:32:07.257383+00:00,0.000828059431002683
XAU_DAILY_XAUS,2026-07-24 00:00:00+00:00,2,2,4067.6,4070.8,2026-08-31 13:03:36.325280+00:00,2026-09-16 11:49:30.481696+00:00,0.0007863954007942274
XAU_DAILY_XAUS,2026-07-27 00:00:00+00:00,2,2,4074.5,4077.0,2026-08-31 13:03:36.325280+00:00,2026-09-16 11:49:30.481696+00:00,0.0006133840589789909
XAU_DAILY_XAUS,2026-05-21 00:00:00+00:00,2,2,4539.8,4542.5,2026-08-31 13:03:36.325280+00:00,2026-09-16 11:49:30.481696+00:00,0.0005945630687245077
XAU_DAILY_XAUS,2026-07-28 00:00:00+00:00,2,2,4036.3,4038.7,2026-08-31 13:03:36.325280+00:00,2026-09-16 11:49:30.481696+00:00,0.0005944272620851248
XAU_DAILY_XAUS,2026-05-22 00:00:00+00:00,2,2,4521.0,4523.2,2026-08-31 13:03:36.325280+00:00,2026-09-16 11:49:30.481696+00:00,0.0004864996447207225
DZZ_TWELVEDATA,2026-09-22 00:00:00+00:00,2,2,1.7292,1.73,2026-09-23 06:31:23.034389+00:00,2026-09-26 06:31:52.417933+00:00,0.00046253469834785005
XAU_DAILY_XAUS,2026-05-26 00:00:00+00:00,2,2,4500.4,4502.3,2026-08-31 13:03:36.325280+00:00,2026-09-16 11:49:30.481696+00:00,0.00042209559981113727
XAU_DAILY_XAUS,2026-07-29 00:00:00+00:00,2,2,4034.7,4036.3,2026-08-31 13:03:36.325280+00:00,2026-09-16 11:49:30.481696+00:00,0.0003964812342856112
BARRICK_B_TWELVEDATA,2026-09-04 00:00:00+00:00,2,2,44.74,44.75,2026-09-05 06:13:16.429516+00:00,2026-09-05 15:31:53.041711+00:00,0.00022348865888072958
XAU_DAILY_XAUS,2026-05-27 00:00:00+00:00,2,2,4447.5,4448.4,2026-08-31 13:03:36.325280+00:00,2026-09-16 11:49:30.481696+00:00,0.00020234040469661996
XAU_DAILY_XAUS,2026-03-26 00:00:00+00:00,2,2,4375.5,4376.3,2026-08-31 13:03:36.325280+00:00,2026-09-16 11:49:30.481696+00:00,0.00018281953477639886
XAU_DAILY_XAUS,2026-03-27 00:00:00+00:00,2,2,4492.0,4492.5,2026-08-31 13:03:36.325280+00:00,2026-09-16 11:49:30.481696+00:00,0.00011130279938037739
NEM_TWELVEDATA,2026-09-04 00:00:00+00:00,2,2,128.089996,128.10001,2026-09-05 06:13:16.429516+00:00,2026-09-05 15:31:53.041711+00:00,7.817635169644969e-05
GPR_OFFICIAL_GIT_PIT,1985-01-01 00:00:00+00:00,54,1,102.17337799072266,102.17337799072266,2026-09-05 12:35:03.449201+00:00,2026-09-05 12:35:03.449201+00:00,0.0
GPRT_OFFICIAL_GIT_PIT,1985-01-01 00:00:00+00:00,54,1,107.57417297363281,107.57417297363281,2026-09-05 21:25:57.695659+00:00,2026-09-05 21:25:57.695659+00:00,0.0
GPRA_OFFICIAL_GIT_PIT,1985-01-01 00:00:00+00:00,54,1,89.64749145507812,89.64749145507812,2026-09-05 21:25:57.695659+00:00,2026-09-05 21:25:57.695659+00:00,0.0
GPRA_OFFICIAL_GIT_PIT,1985-02-01 00:00:00+00:00,54,1,96.60166931152344,96.60166931152344,2026-09-05 21:25:57.695659+00:00,2026-09-05 21:25:57.695659+00:00,0.0
GPR_OFFICIAL_GIT_PIT,1985-02-01 00:00:00+00:00,54,1,117.10202026367188,117.10202026367188,2026-09-05 12:35:03.449201+00:00,2026-09-05 12:35:03.449201+00:00,0.0
GPRT_OFFICIAL_GIT_PIT,1985-02-01 00:00:00+00:00,54,1,126.4427261352539,126.4427261352539,2026-09-05 21:25:57.695659+00:00,2026-09-05 21:25:57.695659+00:00,0.0
GPR_OFFICIAL_GIT_PIT,1985-03-01 00:00:00+00:00,54,1,124.77815246582031,124.77815246582031,2026-09-05 12:35:03.449201+00:00,2026-09-05 12:35:03.449201+00:00,0.0
GPRT_OFFICIAL_GIT_PIT,1985-03-01 00:00:00+00:00,54,1,127.07085418701172,127.07085418701172,2026-09-05 21:25:57.695659+00:00,2026-09-05 21:25:57.695659+00:00,0.0
GPRA_OFFICIAL_GIT_PIT,1985-03-01 00:00:00+00:00,54,1,116.98727416992188,116.98727416992188,2026-09-05 21:25:57.695659+00:00,2026-09-05 21:25:57.695659+00:00,0.0
GPRA_OFFICIAL_GIT_PIT,1985-04-01 00:00:00+00:00,54,1,73.75779724121094,73.75779724121094,2026-09-05 21:25:57.695659+00:00,2026-09-05 21:25:57.695659+00:00,0.0
GPR_OFFICIAL_GIT_PIT,1985-04-01 00:00:00+00:00,54,1,87.92900085449219,87.92900085449219,2026-09-05 12:35:03.449201+00:00,2026-09-05 12:35:03.449201+00:00,0.0
GPRT_OFFICIAL_GIT_PIT,1985-04-01 00:00:00+00:00,54,1,94.64019775390625,94.64019775390625,2026-09-05 21:25:57.695659+00:00,2026-09-05 21:25:57.695659+00:00,0.0
GPRT_OFFICIAL_GIT_PIT,1985-05-01 00:00:00+00:00,54,1,111.15978240966797,111.15978240966797,2026-09-05 21:25:57.695659+00:00,2026-09-05 21:25:57.695659+00:00,0.0
GPRA_OFFICIAL_GIT_PIT,1985-05-01 00:00:00+00:00,54,1,92.27672576904297,92.27672576904297,2026-09-05 21:25:57.695659+00:00,2026-09-05 21:25:57.695659+00:00,0.0
GPR_OFFICIAL_GIT_PIT,1985-05-01 00:00:00+00:00,54,1,103.26284790039062,103.26284790039062,2026-09-05 12:35:03.449201+00:00,2026-09-05 12:35:03.449201+00:00,0.0
GPRT_OFFICIAL_GIT_PIT,1985-06-01 00:00:00+00:00,54,1,134.65670776367188,134.65670776367188,2026-09-05 21:25:57.695659+00:00,2026-09-05 21:25:57.695659+00:00,0.0
GPR_OFFICIAL_GIT_PIT,1985-06-01 00:00:00+00:00,54,1,148.78282165527344,148.78282165527344,2026-09-05 12:35:03.449201+00:00,2026-09-05 12:35:03.449201+00:00,0.0
GPRA_OFFICIAL_GIT_PIT,1985-06-01 00:00:00+00:00,54,1,174.1437530517578,174.1437530517578,2026-09-05 21:25:57.695659+00:00,2026-09-05 21:25:57.695659+00:00,0.0
GPRA_OFFICIAL_GIT_PIT,1985-07-01 00:00:00+00:00,54,1,149.5423583984375,149.5423583984375,2026-09-05 21:25:57.695659+00:00,2026-09-05 21:25:57.695659+00:00,0.0
GPR_OFFICIAL_GIT_PIT,1985-07-01 00:00:00+00:00,54,1,133.90542602539062,133.90542602539062,2026-09-05 12:35:03.449201+00:00,2026-09-05 12:35:03.449201+00:00,0.0
GPRT_OFFICIAL_GIT_PIT,1985-07-01 00:00:00+00:00,54,1,126.30107879638672,126.30107879638672,2026-09-05 21:25:57.695659+00:00,2026-09-05 21:25:57.695659+00:00,0.0
GPRA_OFFICIAL_GIT_PIT,1985-08-01 00:00:00+00:00,54,1,84.87953186035156,84.87953186035156,2026-09-05 21:25:57.695659+00:00,2026-09-05 21:25:57.695659+00:00,0.0
GPR_OFFICIAL_GIT_PIT,1985-08-01 00:00:00+00:00,54,1,82.78410339355469,82.78410339355469,2026-09-05 12:35:03.449201+00:00,2026-09-05 12:35:03.449201+00:00,0.0
GPRT_OFFICIAL_GIT_PIT,1985-08-01 00:00:00+00:00,54,1,75.26383972167969,75.26383972167969,2026-09-05 21:25:57.695659+00:00,2026-09-05 21:25:57.695659+00:00,0.0
GPR_OFFICIAL_GIT_PIT,1985-09-01 00:00:00+00:00,54,1,102.43449401855469,102.43449401855469,2026-09-05 12:35:03.449201+00:00,2026-09-05 12:35:03.449201+00:00,0.0
GPRT_OFFICIAL_GIT_PIT,1985-09-01 00:00:00+00:00,54,1,101.56950378417969,101.56950378417969,2026-09-05 21:25:57.695659+00:00,2026-09-05 21:25:57.695659+00:00,0.0
GPRA_OFFICIAL_GIT_PIT,1985-09-01 00:00:00+00:00,54,1,92.48631286621094,92.48631286621094,2026-09-05 21:25:57.695659+00:00,2026-09-05 21:25:57.695659+00:00,0.0
GPR_OFFICIAL_GIT_PIT,1985-10-01 00:00:00+00:00,54,1,105.99191284179688,105.99191284179688,2026-09-05 12:35:03.449201+00:00,2026-09-05 12:35:03.449201+00:00,0.0
GPRA_OFFICIAL_GIT_PIT,1985-10-01 00:00:00+00:00,54,1,118.73129272460938,118.73129272460938,2026-09-05 21:25:57.695659+00:00,2026-09-05 21:25:57.695659+00:00,0.0
GPRT_OFFICIAL_GIT_PIT,1985-10-01 00:00:00+00:00,54,1,91.34220886230469,91.34220886230469,2026-09-05 21:25:57.695659+00:00,2026-09-05 21:25:57.695659+00:00,0.0
GPRA_OFFICIAL_GIT_PIT,1985-11-01 00:00:00+00:00,54,1,80.12213897705078,80.12213897705078,2026-09-05 21:25:57.695659+00:00,2026-09-05 21:25:57.695659+00:00,0.0
GPRT_OFFICIAL_GIT_PIT,1985-11-01 00:00:00+00:00,54,1,98.25837707519531,98.25837707519531,2026-09-05 21:25:57.695659+00:00,2026-09-05 21:25:57.695659+00:00,0.0
GPR_OFFICIAL_GIT_PIT,1985-11-01 00:00:00+00:00,54,1,94.84818267822266,94.84818267822266,2026-09-05 12:35:03.449201+00:00,2026-09-05 12:35:03.449201+00:00,0.0
GPRT_OFFICIAL_GIT_PIT,1985-12-01 00:00:00+00:00,54,1,80.3045654296875,80.3045654296875,2026-09-05 21:25:57.695659+00:00,2026-09-05 21:25:57.695659+00:00,0.0
GPRA_OFFICIAL_GIT_PIT,1985-12-01 00:00:00+00:00,54,1,111.21063232421875,111.21063232421875,2026-09-05 21:25:57.695659+00:00,2026-09-05 21:25:57.695659+00:00,0.0
GPR_OFFICIAL_GIT_PIT,1985-12-01 00:00:00+00:00,54,1,96.4211654663086,96.4211654663086,2026-09-05 12:35:03.449201+00:00,2026-09-05 12:35:03.449201+00:00,0.0
GPRT_OFFICIAL_GIT_PIT,1986-01-01 00:00:00+00:00,54,1,137.66831970214844,137.66831970214844,2026-09-05 21:25:57.695659+00:00,2026-09-05 21:25:57.695659+00:00,0.0
GPR_OFFICIAL_GIT_PIT,1986-01-01 00:00:00+00:00,54,1,135.36074829101562,135.36074829101562,2026-09-05 12:35:03.449201+00:00,2026-09-05 12:35:03.449201+00:00,0.0
GPRA_OFFICIAL_GIT_PIT,1986-01-01 00:00:00+00:00,54,1,166.0226287841797,166.0226287841797,2026-09-05 21:25:57.695659+00:00,2026-09-05 21:25:57.695659+00:00,0.0
GPR_OFFICIAL_GIT_PIT,1986-02-01 00:00:00+00:00,54,1,98.75003051757812,98.75003051757812,2026-09-05 12:35:03.449201+00:00,2026-09-05 12:35:03.449201+00:00,0.0
GPRA_OFFICIAL_GIT_PIT,1986-02-01 00:00:00+00:00,54,1,114.81560516357422,114.81560516357422,2026-09-05 21:25:57.695659+00:00,2026-09-05 21:25:57.695659+00:00,0.0
GPRT_OFFICIAL_GIT_PIT,1986-02-01 00:00:00+00:00,54,1,84.02117919921875,84.02117919921875,2026-09-05 21:25:57.695659+00:00,2026-09-05 21:25:57.695659+00:00,0.0
GPRT_OFFICIAL_GIT_PIT,1986-03-01 00:00:00+00:00,54,1,85.12946319580078,85.12946319580078,2026-09-05 21:25:57.695659+00:00,2026-09-05 21:25:57.695659+00:00,0.0
GPRA_OFFICIAL_GIT_PIT,1986-03-01 00:00:00+00:00,54,1,117.56116485595703,117.56116485595703,2026-09-05 21:25:57.695659+00:00,2026-09-05 21:25:57.695659+00:00,0.0
GPR_OFFICIAL_GIT_PIT,1986-03-01 00:00:00+00:00,54,1,98.67667388916016,98.67667388916016,2026-09-05 12:35:03.449201+00:00,2026-09-05 12:35:03.449201+00:00,0.0
GPR_OFFICIAL_GIT_PIT,1986-04-01 00:00:00+00:00,54,1,148.31385803222656,148.31385803222656,2026-09-05 12:35:03.449201+00:00,2026-09-05 12:35:03.449201+00:00,0.0
GPRA_OFFICIAL_GIT_PIT,1986-04-01 00:00:00+00:00,54,1,182.87278747558594,182.87278747558594,2026-09-05 21:25:57.695659+00:00,2026-09-05 21:25:57.695659+00:00,0.0
GPRT_OFFICIAL_GIT_PIT,1986-04-01 00:00:00+00:00,54,1,142.49339294433594,142.49339294433594,2026-09-05 21:25:57.695659+00:00,2026-09-05 21:25:57.695659+00:00,0.0
GPR_OFFICIAL_GIT_PIT,1986-05-01 00:00:00+00:00,54,1,117.38924407958984,117.38924407958984,2026-09-05 12:35:03.449201+00:00,2026-09-05 12:35:03.449201+00:00,0.0
GPRT_OFFICIAL_GIT_PIT,1986-05-01 00:00:00+00:00,54,1,126.68498992919922,126.68498992919922,2026-09-05 21:25:57.695659+00:00,2026-09-05 21:25:57.695659+00:00,0.0
GPRA_OFFICIAL_GIT_PIT,1986-05-01 00:00:00+00:00,54,1,114.20220947265625,114.20220947265625,2026-09-05 21:25:57.695659+00:00,2026-09-05 21:25:57.695659+00:00,0.0
GPR_OFFICIAL_GIT_PIT,1986-06-01 00:00:00+00:00,54,1,96.29425048828125,96.29425048828125,2026-09-05 12:35:03.449201+00:00,2026-09-05 12:35:03.449201+00:00,0.0
GPRT_OFFICIAL_GIT_PIT,1986-06-01 00:00:00+00:00,54,1,106.94334411621094,106.94334411621094,2026-09-05 21:25:57.695659+00:00,2026-09-05 21:25:57.695659+00:00,0.0
GPRA_OFFICIAL_GIT_PIT,1986-06-01 00:00:00+00:00,54,1,80.0658187866211,80.0658187866211,2026-09-05 21:25:57.695659+00:00,2026-09-05 21:25:57.695659+00:00,0.0
GPR_OFFICIAL_GIT_PIT,1986-07-01 00:00:00+00:00,54,1,94.70178985595703,94.70178985595703,2026-09-05 12:35:03.449201+00:00,2026-09-05 12:35:03.449201+00:00,0.0
GPRT_OFFICIAL_GIT_PIT,1986-07-01 00:00:00+00:00,54,1,99.80805206298828,99.80805206298828,2026-09-05 21:25:57.695659+00:00,2026-09-05 21:25:57.695659+00:00,0.0
GPRA_OFFICIAL_GIT_PIT,1986-07-01 00:00:00+00:00,54,1,83.9753189086914,83.9753189086914,2026-09-05 21:25:57.695659+00:00,2026-09-05 21:25:57.695659+00:00,0.0
GPRT_OFFICIAL_GIT_PIT,1986-08-01 00:00:00+00:00,54,1,104.75926971435547,104.75926971435547,2026-09-05 21:25:57.695659+00:00,2026-09-05 21:25:57.695659+00:00,0.0
GPR_OFFICIAL_GIT_PIT,1986-08-01 00:00:00+00:00,54,1,103.34593963623047,103.34593963623047,2026-09-05 12:35:03.449201+00:00,2026-09-05 12:35:03.449201+00:00,0.0
GPRA_OFFICIAL_GIT_PIT,1986-08-01 00:00:00+00:00,54,1,99.84519958496094,99.84519958496094,2026-09-05 21:25:57.695659+00:00,2026-09-05 21:25:57.695659+00:00,0.0
GPR_OFFICIAL_GIT_PIT,1986-09-01 00:00:00+00:00,54,1,117.1078872680664,117.1078872680664,2026-09-05 12:35:03.449201+00:00,2026-09-05 12:35:03.449201+00:00,0.0
GPRA_OFFICIAL_GIT_PIT,1986-09-01 00:00:00+00:00,54,1,126.74607849121094,126.74607849121094,2026-09-05 21:25:57.695659+00:00,2026-09-05 21:25:57.695659+00:00,0.0
GPRT_OFFICIAL_GIT_PIT,1986-09-01 00:00:00+00:00,54,1,106.35902404785156,106.35902404785156,2026-09-05 21:25:57.695659+00:00,2026-09-05 21:25:57.695659+00:00,0.0
GPR_OFFICIAL_GIT_PIT,1986-10-01 00:00:00+00:00,54,1,96.79243469238281,96.79243469238281,2026-09-05 12:35:03.449201+00:00,2026-09-05 12:35:03.449201+00:00,0.0
GPRA_OFFICIAL_GIT_PIT,1986-10-01 00:00:00+00:00,54,1,77.40582275390625,77.40582275390625,2026-09-05 21:25:57.695659+00:00,2026-09-05 21:25:57.695659+00:00,0.0
GPRT_OFFICIAL_GIT_PIT,1986-10-01 00:00:00+00:00,54,1,109.01692199707031,109.01692199707031,2026-09-05 21:25:57.695659+00:00,2026-09-05 21:25:57.695659+00:00,0.0
GPR_OFFICIAL_GIT_PIT,1986-11-01 00:00:00+00:00,54,1,109.77281951904297,109.77281951904297,2026-09-05 12:35:03.449201+00:00,2026-09-05 12:35:03.449201+00:00,0.0
GPRA_OFFICIAL_GIT_PIT,1986-11-01 00:00:00+00:00,54,1,89.47162628173828,89.47162628173828,2026-09-05 21:25:57.695659+00:00,2026-09-05 21:25:57.695659+00:00,0.0
GPRT_OFFICIAL_GIT_PIT,1986-11-01 00:00:00+00:00,54,1,124.65135192871094,124.65135192871094,2026-09-05 21:25:57.695659+00:00,2026-09-05 21:25:57.695659+00:00,0.0
GPR_OFFICIAL_GIT_PIT,1986-12-01 00:00:00+00:00,54,1,89.75377655029297,89.75377655029297,2026-09-05 12:35:03.449201+00:00,2026-09-05 12:35:03.449201+00:00,0.0
GPRA_OFFICIAL_GIT_PIT,1986-12-01 00:00:00+00:00,54,1,78.10250091552734,78.10250091552734,2026-09-05 21:25:57.695659+00:00,2026-09-05 21:25:57.695659+00:00,0.0
GPRT_OFFICIAL_GIT_PIT,1986-12-01 00:00:00+00:00,54,1,93.46377563476562,93.46377563476562,2026-09-05 21:25:57.695659+00:00,2026-09-05 21:25:57.695659+00:00,0.0
GPRT_OFFICIAL_GIT_PIT,1987-01-01 00:00:00+00:00,54,1,90.4955062866211,90.4955062866211,2026-09-05 21:25:57.695659+00:00,2026-09-05 21:25:57.695659+00:00,0.0
GPR_OFFICIAL_GIT_PIT,1987-01-01 00:00:00+00:00,54,1,96.94281768798828,96.94281768798828,2026-09-05 12:35:03.449201+00:00,2026-09-05 12:35:03.449201+00:00,0.0
GPRA_OFFICIAL_GIT_PIT,1987-01-01 00:00:00+00:00,54,1,104.48915100097656,104.48915100097656,2026-09-05 21:25:57.695659+00:00,2026-09-05 21:25:57.695659+00:00,0.0
GPRA_OFFICIAL_GIT_PIT,1987-02-01 00:00:00+00:00,54,1,89.29598236083984,89.29598236083984,2026-09-05 21:25:57.695659+00:00,2026-09-05 21:25:57.695659+00:00,0.0
GPR_OFFICIAL_GIT_PIT,1987-02-01 00:00:00+00:00,54,1,100.683349609375,100.683349609375,2026-09-05 12:35:03.449201+00:00,2026-09-05 12:35:03.449201+00:00,0.0
GPRT_OFFICIAL_GIT_PIT,1987-02-01 00:00:00+00:00,54,1,109.72402954101562,109.72402954101562,2026-09-05 21:25:57.695659+00:00,2026-09-05 21:25:57.695659+00:00,0.0
GPRA_OFFICIAL_GIT_PIT,1987-03-01 00:00:00+00:00,54,1,67.09355163574219,67.09355163574219,2026-09-05 21:25:57.695659+00:00,2026-09-05 21:25:57.695659+00:00,0.0
GPRT_OFFICIAL_GIT_PIT,1987-03-01 00:00:00+00:00,54,1,105.55125427246094,105.55125427246094,2026-09-05 21:25:57.695659+00:00,2026-09-05 21:25:57.695659+00:00,0.0
GPR_OFFICIAL_GIT_PIT,1987-03-01 00:00:00+00:00,54,1,89.60771942138672,89.60771942138672,2026-09-05 12:35:03.449201+00:00,2026-09-05 12:35:03.449201+00:00,0.0
GPR_OFFICIAL_GIT_PIT,1987-04-01 00:00:00+00:00,54,1,113.39408111572266,113.39408111572266,2026-09-05 12:35:03.449201+00:00,2026-09-05 12:35:03.449201+00:00,0.0
GPRT_OFFICIAL_GIT_PIT,1987-04-01 00:00:00+00:00,54,1,117.12814331054688,117.12814331054688,2026-09-05 21:25:57.695659+00:00,2026-09-05 21:25:57.695659+00:00,0.0
GPRA_OFFICIAL_GIT_PIT,1987-04-01 00:00:00+00:00,54,1,99.12645721435547,99.12645721435547,2026-09-05 21:25:57.695659+00:00,2026-09-05 21:25:57.695659+00:00,0.0
GPRT_OFFICIAL_GIT_PIT,1987-05-01 00:00:00+00:00,54,1,97.37140655517578,97.37140655517578,2026-09-05 21:25:57.695659+00:00,2026-09-05 21:25:57.695659+00:00,0.0
GPRA_OFFICIAL_GIT_PIT,1987-05-01 00:00:00+00:00,54,1,95.23518371582031,95.23518371582031,2026-09-05 21:25:57.695659+00:00,2026-09-05 21:25:57.695659+00:00,0.0
GPR_OFFICIAL_GIT_PIT,1987-05-01 00:00:00+00:00,54,1,98.65091705322266,98.65091705322266,2026-09-05 12:35:03.449201+00:00,2026-09-05 12:35:03.449201+00:00,0.0
GPRT_OFFICIAL_GIT_PIT,1987-06-01 00:00:00+00:00,54,1,99.82925415039062,99.82925415039062,2026-09-05 21:25:57.695659+00:00,2026-09-05 21:25:57.695659+00:00,0.0
GPRA_OFFICIAL_GIT_PIT,1987-06-01 00:00:00+00:00,54,1,81.82940673828125,81.82940673828125,2026-09-05 21:25:57.695659+00:00,2026-09-05 21:25:57.695659+00:00,0.0
GPR_OFFICIAL_GIT_PIT,1987-06-01 00:00:00+00:00,54,1,94.18240356445312,94.18240356445312,2026-09-05 12:35:03.449201+00:00,2026-09-05 12:35:03.449201+00:00,0.0
GPR_OFFICIAL_GIT_PIT,1987-07-01 00:00:00+00:00,54,1,98.87196350097656,98.87196350097656,2026-09-05 12:35:03.449201+00:00,2026-09-05 12:35:03.449201+00:00,0.0
GPRA_OFFICIAL_GIT_PIT,1987-07-01 00:00:00+00:00,54,1,88.26481628417969,88.26481628417969,2026-09-05 21:25:57.695659+00:00,2026-09-05 21:25:57.695659+00:00,0.0
GPRT_OFFICIAL_GIT_PIT,1987-07-01 00:00:00+00:00,54,1,107.52894592285156,107.52894592285156,2026-09-05 21:25:57.695659+00:00,2026-09-05 21:25:57.695659+00:00,0.0
GPR_OFFICIAL_GIT_PIT,1987-08-01 00:00:00+00:00,54,1,99.96844482421875,99.96844482421875,2026-09-05 12:35:03.449201+00:00,2026-09-05 12:35:03.449201+00:00,0.0
GPRT_OFFICIAL_GIT_PIT,1987-08-01 00:00:00+00:00,54,1,115.48031616210938,115.48031616210938,2026-09-05 21:25:57.695659+00:00,2026-09-05 21:25:57.695659+00:00,0.0
GPRA_OFFICIAL_GIT_PIT,1987-08-01 00:00:00+00:00,54,1,87.60133361816406,87.60133361816406,2026-09-05 21:25:57.695659+00:00,2026-09-05 21:25:57.695659+00:00,0.0
GPRA_OFFICIAL_GIT_PIT,1987-09-01 00:00:00+00:00,54,1,97.5398178100586,97.5398178100586,2026-09-05 21:25:57.695659+00:00,2026-09-05 21:25:57.695659+00:00,0.0
GPR_OFFICIAL_GIT_PIT,1987-09-01 00:00:00+00:00,54,1,121.16707611083984,121.16707611083984,2026-09-05 12:35:03.449201+00:00,2026-09-05 12:35:03.449201+00:00,0.0
GPRT_OFFICIAL_GIT_PIT,1987-09-01 00:00:00+00:00,54,1,143.4519805908203,143.4519805908203,2026-09-05 21:25:57.695659+00:00,2026-09-05 21:25:57.695659+00:00,0.0
GPRT_OFFICIAL_GIT_PIT,1987-10-01 00:00:00+00:00,54,1,110.70101928710938,110.70101928710938,2026-09-05 21:25:57.695659+00:00,2026-09-05 21:25:57.695659+00:00,0.0
GPRA_OFFICIAL_GIT_PIT,1987-10-01 00:00:00+00:00,54,1,88.82691192626953,88.82691192626953,2026-09-05 21:25:57.695659+00:00,2026-09-05 21:25:57.695659+00:00,0.0
GPR_OFFICIAL_GIT_PIT,1987-10-01 00:00:00+00:00,54,1,101.05858612060547,101.05858612060547,2026-09-05 12:35:03.449201+00:00,2026-09-05 12:35:03.449201+00:00,0.0
GPRA_OFFICIAL_GIT_PIT,1987-11-01 00:00:00+00:00,54,1,75.88374328613281,75.88374328613281,2026-09-05 21:25:57.695659+00:00,2026-09-05 21:25:57.695659+00:00,0.0
GPR_OFFICIAL_GIT_PIT,1987-11-01 00:00:00+00:00,54,1,96.15348815917969,96.15348815917969,2026-09-05 12:35:03.449201+00:00,2026-09-05 12:35:03.449201+00:00,0.0
GPRT_OFFICIAL_GIT_PIT,1987-11-01 00:00:00+00:00,54,1,110.79949951171875,110.79949951171875,2026-09-05 21:25:57.695659+00:00,2026-09-05 21:25:57.695659+00:00,0.0
GPR_OFFICIAL_GIT_PIT,1987-12-01 00:00:00+00:00,54,1,109.85638427734375,109.85638427734375,2026-09-05 12:35:03.449201+00:00,2026-09-05 12:35:03.449201+00:00,0.0
GPRT_OFFICIAL_GIT_PIT,1987-12-01 00:00:00+00:00,54,1,124.4972915649414,124.4972915649414,2026-09-05 21:25:57.695659+00:00,2026-09-05 21:25:57.695659+00:00,0.0
GPRA_OFFICIAL_GIT_PIT,1987-12-01 00:00:00+00:00,54,1,88.26872253417969,88.26872253417969,2026-09-05 21:25:57.695659+00:00,2026-09-05 21:25:57.695659+00:00,0.0
GPRA_OFFICIAL_GIT_PIT,1988-01-01 00:00:00+00:00,54,1,72.89557647705078,72.89557647705078,2026-09-05 21:25:57.695659+00:00,2026-09-05 21:25:57.695659+00:00,0.0
GPR_OFFICIAL_GIT_PIT,1988-01-01 00:00:00+00:00,54,1,83.20153045654297,83.20153045654297,2026-09-05 12:35:03.449201+00:00,2026-09-05 12:35:03.449201+00:00,0.0
GPRT_OFFICIAL_GIT_PIT,1988-01-01 00:00:00+00:00,54,1,87.14092254638672,87.14092254638672,2026-09-05 21:25:57.695659+00:00,2026-09-05 21:25:57.695659+00:00,0.0
GPRT_OFFICIAL_GIT_PIT,1988-02-01 00:00:00+00:00,54,1,90.18925476074219,90.18925476074219,2026-09-05 21:25:57.695659+00:00,2026-09-05 21:25:57.695659+00:00,0.0
GPRA_OFFICIAL_GIT_PIT,1988-02-01 00:00:00+00:00,54,1,73.8230972290039,73.8230972290039,2026-09-05 21:25:57.695659+00:00,2026-09-05 21:25:57.695659+00:00,0.0
GPR_OFFICIAL_GIT_PIT,1988-02-01 00:00:00+00:00,54,1,86.20614624023438,86.20614624023438,2026-09-05 12:35:03.449201+00:00,2026-09-05 12:35:03.449201+00:00,0.0
GPRT_OFFICIAL_GIT_PIT,1988-03-01 00:00:00+00:00,54,1,105.9420166015625,105.9420166015625,2026-09-05 21:25:57.695659+00:00,2026-09-05 21:25:57.695659+00:00,0.0
GPRA_OFFICIAL_GIT_PIT,1988-03-01 00:00:00+00:00,54,1,109.30101776123047,109.30101776123047,2026-09-05 21:25:57.695659+00:00,2026-09-05 21:25:57.695659+00:00,0.0
GPR_OFFICIAL_GIT_PIT,1988-03-01 00:00:00+00:00,54,1,110.20651245117188,110.20651245117188,2026-09-05 12:35:03.449201+00:00,2026-09-05 12:35:03.449201+00:00,0.0
GPRT_OFFICIAL_GIT_PIT,1988-04-01 00:00:00+00:00,54,1,113.93638610839844,113.93638610839844,2026-09-05 21:25:57.695659+00:00,2026-09-05 21:25:57.695659+00:00,0.0
GPRA_OFFICIAL_GIT_PIT,1988-04-01 00:00:00+00:00,54,1,128.48338317871094,128.48338317871094,2026-09-05 21:25:57.695659+00:00,2026-09-05 21:25:57.695659+00:00,0.0
GPR_OFFICIAL_GIT_PIT,1988-04-01 00:00:00+00:00,54,1,119.45051574707031,119.45051574707031,2026-09-05 12:35:03.449201+00:00,2026-09-05 12:35:03.449201+00:00,0.0
GPR_OFFICIAL_GIT_PIT,1988-05-01 00:00:00+00:00,54,1,104.87347412109375,104.87347412109375,2026-09-05 12:35:03.449201+00:00,2026-09-05 12:35:03.449201+00:00,0.0
GPRT_OFFICIAL_GIT_PIT,1988-05-01 00:00:00+00:00,54,1,106.54883575439453,106.54883575439453,2026-09-05 21:25:57.695659+00:00,2026-09-05 21:25:57.695659+00:00,0.0
GPRA_OFFICIAL_GIT_PIT,1988-05-01 00:00:00+00:00,54,1,97.1541748046875,97.1541748046875,2026-09-05 21:25:57.695659+00:00,2026-09-05 21:25:57.695659+00:00,0.0
GPRT_OFFICIAL_GIT_PIT,1988-06-01 00:00:00+00:00,54,1,74.01183319091797,74.01183319091797,2026-09-05 21:25:57.695659+00:00,2026-09-05 21:25:57.695659+00:00,0.0
GPR_OFFICIAL_GIT_PIT,1988-06-01 00:00:00+00:00,54,1,79.70812225341797,79.70812225341797,2026-09-05 12:35:03.449201+00:00,2026-09-05 12:35:03.449201+00:00,0.0
GPRA_OFFICIAL_GIT_PIT,1988-06-01 00:00:00+00:00,54,1,81.0764389038086,81.0764389038086,2026-09-05 21:25:57.695659+00:00,2026-09-05 21:25:57.695659+00:00,0.0
GPRA_OFFICIAL_GIT_PIT,1988-07-01 00:00:00+00:00,54,1,96.27418518066406,96.27418518066406,2026-09-05 21:25:57.695659+00:00,2026-09-05 21:25:57.695659+00:00,0.0
GPR_OFFICIAL_GIT_PIT,1988-07-01 00:00:00+00:00,54,1,83.43048095703125,83.43048095703125,2026-09-05 12:35:03.449201+00:00,2026-09-05 12:35:03.449201+00:00,0.0
GPRT_OFFICIAL_GIT_PIT,1988-07-01 00:00:00+00:00,54,1,70.79203796386719,70.79203796386719,2026-09-05 21:25:57.695659+00:00,2026-09-05 21:25:57.695659+00:00,0.0
GPRT_OFFICIAL_GIT_PIT,1988-08-01 00:00:00+00:00,54,1,73.71106719970703,73.71106719970703,2026-09-05 21:25:57.695659+00:00,2026-09-05 21:25:57.695659+00:00,0.0
GPR_OFFICIAL_GIT_PIT,1988-08-01 00:00:00+00:00,54,1,84.05416107177734,84.05416107177734,2026-09-05 12:35:03.449201+00:00,2026-09-05 12:35:03.449201+00:00,0.0
GPRA_OFFICIAL_GIT_PIT,1988-08-01 00:00:00+00:00,54,1,93.28092193603516,93.28092193603516,2026-09-05 21:25:57.695659+00:00,2026-09-05 21:25:57.695659+00:00,0.0
GPR_OFFICIAL_GIT_PIT,1988-09-01 00:00:00+00:00,54,1,74.84265899658203,74.84265899658203,2026-09-05 12:35:03.449201+00:00,2026-09-05 12:35:03.449201+00:00,0.0
GPRA_OFFICIAL_GIT_PIT,1988-09-01 00:00:00+00:00,54,1,74.3477783203125,74.3477783203125,2026-09-05 21:25:57.695659+00:00,2026-09-05 21:25:57.695659+00:00,0.0
GPRT_OFFICIAL_GIT_PIT,1988-09-01 00:00:00+00:00,54,1,72.93437957763672,72.93437957763672,2026-09-05 21:25:57.695659+00:00,2026-09-05 21:25:57.695659+00:00,0.0
GPR_OFFICIAL_GIT_PIT,1988-10-01 00:00:00+00:00,54,1,73.45023345947266,73.45023345947266,2026-09-05 12:35:03.449201+00:00,2026-09-05 12:35:03.449201+00:00,0.0
GPRT_OFFICIAL_GIT_PIT,1988-10-01 00:00:00+00:00,54,1,71.80867004394531,71.80867004394531,2026-09-05 21:25:57.695659+00:00,2026-09-05 21:25:57.695659+00:00,0.0
GPRA_OFFICIAL_GIT_PIT,1988-10-01 00:00:00+00:00,54,1,65.83024597167969,65.83024597167969,2026-09-05 21:25:57.695659+00:00,2026-09-05 21:25:57.695659+00:00,0.0
GPRT_OFFICIAL_GIT_PIT,1988-11-01 00:00:00+00:00,54,1,55.85908508300781,55.85908508300781,2026-09-05 21:25:57.695659+00:00,2026-09-05 21:25:57.695659+00:00,0.0
GPRA_OFFICIAL_GIT_PIT,1988-11-01 00:00:00+00:00,54,1,77.55838012695312,77.55838012695312,2026-09-05 21:25:57.695659+00:00,2026-09-05 21:25:57.695659+00:00,0.0
GPR_OFFICIAL_GIT_PIT,1988-11-01 00:00:00+00:00,54,1,68.79841613769531,68.79841613769531,2026-09-05 12:35:03.449201+00:00,2026-09-05 12:35:03.449201+00:00,0.0
GPRA_OFFICIAL_GIT_PIT,1988-12-01 00:00:00+00:00,54,1,94.38412475585938,94.38412475585938,2026-09-05 21:25:57.695659+00:00,2026-09-05 21:25:57.695659+00:00,0.0
GPR_OFFICIAL_GIT_PIT,1988-12-01 00:00:00+00:00,54,1,90.39871978759766,90.39871978759766,2026-09-05 12:35:03.449201+00:00,2026-09-05 12:35:03.449201+00:00,0.0
GPRT_OFFICIAL_GIT_PIT,1988-12-01 00:00:00+00:00,54,1,82.27973937988281,82.27973937988281,2026-09-05 21:25:57.695659+00:00,2026-09-05 21:25:57.695659+00:00,0.0
GPRA_OFFICIAL_GIT_PIT,1989-01-01 00:00:00+00:00,54,1,82.81503295898438,82.81503295898438,2026-09-05 21:25:57.695659+00:00,2026-09-05 21:25:57.695659+00:00,0.0
GPRT_OFFICIAL_GIT_PIT,1989-01-01 00:00:00+00:00,54,1,89.09522247314453,89.09522247314453,2026-09-05 21:25:57.695659+00:00,2026-09-05 21:25:57.695659+00:00,0.0
GPR_OFFICIAL_GIT_PIT,1989-01-01 00:00:00+00:00,54,1,89.24658966064453,89.24658966064453,2026-09-05 12:35:03.449201+00:00,2026-09-05 12:35:03.449201+00:00,0.0
GPRA_OFFICIAL_GIT_PIT,1989-02-01 00:00:00+00:00,54,1,91.77456665039062,91.77456665039062,2026-09-05 21:25:57.695659+00:00,2026-09-05 21:25:57.695659+00:00,0.0
GPRT_OFFICIAL_GIT_PIT,1989-02-01 00:00:00+00:00,54,1,88.43746948242188,88.43746948242188,2026-09-05 21:25:57.695659+00:00,2026-09-05 21:25:57.695659+00:00,0.0
GPR_OFFICIAL_GIT_PIT,1989-02-01 00:00:00+00:00,54,1,91.6185531616211,91.6185531616211,2026-09-05 12:35:03.449201+00:00,2026-09-05 12:35:03.449201+00:00,0.0
GPRA_OFFICIAL_GIT_PIT,1989-03-01 00:00:00+00:00,54,1,93.08662414550781,93.08662414550781,2026-09-05 21:25:57.695659+00:00,2026-09-05 21:25:57.695659+00:00,0.0
GPRT_OFFICIAL_GIT_PIT,1989-03-01 00:00:00+00:00,54,1,79.90110778808594,79.90110778808594,2026-09-05 21:25:57.695659+00:00,2026-09-05 21:25:57.695659+00:00,0.0
GPR_OFFICIAL_GIT_PIT,1989-03-01 00:00:00+00:00,54,1,87.73377227783203,87.73377227783203,2026-09-05 12:35:03.449201+00:00,2026-09-05 12:35:03.449201+00:00,0.0
GPRA_OFFICIAL_GIT_PIT,1989-04-01 00:00:00+00:00,54,1,84.56328582763672,84.56328582763672,2026-09-05 21:25:57.695659+00:00,2026-09-05 21:25:57.695659+00:00,0.0
GPRT_OFFICIAL_GIT_PIT,1989-04-01 00:00:00+00:00,54,1,77.83438873291016,77.83438873291016,2026-09-05 21:25:57.695659+00:00,2026-09-05 21:25:57.695659+00:00,0.0
GPR_OFFICIAL_GIT_PIT,1989-04-01 00:00:00+00:00,54,1,83.57909393310547,83.57909393310547,2026-09-05 12:35:03.449201+00:00,2026-09-05 12:35:03.449201+00:00,0.0
GPRT_OFFICIAL_GIT_PIT,1989-05-01 00:00:00+00:00,54,1,116.75053405761719,116.75053405761719,2026-09-05 21:25:57.695659+00:00,2026-09-05 21:25:57.695659+00:00,0.0
GPR_OFFICIAL_GIT_PIT,1989-05-01 00:00:00+00:00,54,1,103.82850646972656,103.82850646972656,2026-09-05 12:35:03.449201+00:00,2026-09-05 12:35:03.449201+00:00,0.0
GPRA_OFFICIAL_GIT_PIT,1989-05-01 00:00:00+00:00,54,1,80.26698303222656,80.26698303222656,2026-09-05 21:25:57.695659+00:00,2026-09-05 21:25:57.695659+00:00,0.0
GPR_OFFICIAL_GIT_PIT,1989-06-01 00:00:00+00:00,54,1,89.46155548095703,89.46155548095703,2026-09-05 12:35:03.449201+00:00,2026-09-05 12:35:03.449201+00:00,0.0
GPRT_OFFICIAL_GIT_PIT,1989-06-01 00:00:00+00:00,54,1,97.67894744873047,97.67894744873047,2026-09-05 21:25:57.695659+00:00,2026-09-05 21:25:57.695659+00:00,0.0
GPRA_OFFICIAL_GIT_PIT,1989-06-01 00:00:00+00:00,54,1,68.48663330078125,68.48663330078125,2026-09-05 21:25:57.695659+00:00,2026-09-05 21:25:57.695659+00:00,0.0
GPR_OFFICIAL_GIT_PIT,1989-07-01 00:00:00+00:00,54,1,84.75310516357422,84.75310516357422,2026-09-05 12:35:03.449201+00:00,2026-09-05 12:35:03.449201+00:00,0.0
GPRA_OFFICIAL_GIT_PIT,1989-07-01 00:00:00+00:00,54,1,78.8324966430664,78.8324966430664,2026-09-05 21:25:57.695659+00:00,2026-09-05 21:25:57.695659+00:00,0.0
GPRT_OFFICIAL_GIT_PIT,1989-07-01 00:00:00+00:00,54,1,84.32604217529297,84.32604217529297,2026-09-05 21:25:57.695659+00:00,2026-09-05 21:25:57.695659+00:00,0.0
GPRT_OFFICIAL_GIT_PIT,1989-08-01 00:00:00+00:00,54,1,115.9572525024414,115.9572525024414,2026-09-05 21:25:57.695659+00:00,2026-09-05 21:25:57.695659+00:00,0.0
GPR_OFFICIAL_GIT_PIT,1989-08-01 00:00:00+00:00,54,1,109.17729187011719,109.17729187011719,2026-09-05 12:35:03.449201+00:00,2026-09-05 12:35:03.449201+00:00,0.0
GPRA_OFFICIAL_GIT_PIT,1989-08-01 00:00:00+00:00,54,1,115.18624114990234,115.18624114990234,2026-09-05 21:25:57.695659+00:00,2026-09-05 21:25:57.695659+00:00,0.0
GPRA_OFFICIAL_GIT_PIT,1989-09-01 00:00:00+00:00,54,1,88.94374084472656,88.94374084472656,2026-09-05 21:25:57.695659+00:00,2026-09-05 21:25:57.695659+00:00,0.0
GPR_OFFICIAL_GIT_PIT,1989-09-01 00:00:00+00:00,54,1,85.54584503173828,85.54584503173828,2026-09-05 12:35:03.449201+00:00,2026-09-05 12:35:03.449201+00:00,0.0
GPRT_OFFICIAL_GIT_PIT,1989-09-01 00:00:00+00:00,54,1,79.4195785522461,79.4195785522461,2026-09-05 21:25:57.695659+00:00,2026-09-05 21:25:57.695659+00:00,0.0
GPRT_OFFICIAL_GIT_PIT,1989-10-01 00:00:00+00:00,54,1,68.15611267089844,68.15611267089844,2026-09-05 21:25:57.695659+00:00,2026-09-05 21:25:57.695659+00:00,0.0
GPR_OFFICIAL_GIT_PIT,1989-10-01 00:00:00+00:00,54,1,69.52467346191406,69.52467346191406,2026-09-05 12:35:03.449201+00:00,2026-09-05 12:35:03.449201+00:00,0.0
GPRA_OFFICIAL_GIT_PIT,1989-10-01 00:00:00+00:00,54,1,64.53548431396484,64.53548431396484,2026-09-05 21:25:57.695659+00:00,2026-09-05 21:25:57.695659+00:00,0.0
GPRA_OFFICIAL_GIT_PIT,1989-11-01 00:00:00+00:00,54,1,112.52256774902344,112.52256774902344,2026-09-05 21:25:57.695659+00:00,2026-09-05 21:25:57.695659+00:00,0.0
GPRT_OFFICIAL_GIT_PIT,1989-11-01 00:00:00+00:00,54,1,71.7497329711914,71.7497329711914,2026-09-05 21:25:57.695659+00:00,2026-09-05 21:25:57.695659+00:00,0.0
GPR_OFFICIAL_GIT_PIT,1989-11-01 00:00:00+00:00,54,1,92.8287124633789,92.8287124633789,2026-09-05 12:35:03.449201+00:00,2026-09-05 12:35:03.449201+00:00,0.0
GPRA_OFFICIAL_GIT_PIT,1989-12-01 00:00:00+00:00,54,1,128.65443420410156,128.65443420410156,2026-09-05 21:25:57.695659+00:00,2026-09-05 21:25:57.695659+00:00,0.0
GPR_OFFICIAL_GIT_PIT,1989-12-01 00:00:00+00:00,54,1,112.55352783203125,112.55352783203125,2026-09-05 12:35:03.449201+00:00,2026-09-05 12:35:03.449201+00:00,0.0
GPRT_OFFICIAL_GIT_PIT,1989-12-01 00:00:00+00:00,54,1,101.52501678466797,101.52501678466797,2026-09-05 21:25:57.695659+00:00,2026-09-05 21:25:57.695659+00:00,0.0
GPR_OFFICIAL_GIT_PIT,1990-01-01 00:00:00+00:00,54,1,81.5440444946289,81.5440444946289,2026-09-05 12:35:03.449201+00:00,2026-09-05 12:35:03.449201+00:00,0.0
GPRA_OFFICIAL_GIT_PIT,1990-01-01 00:00:00+00:00,54,1,80.72607421875,80.72607421875,2026-09-05 21:25:57.695659+00:00,2026-09-05 21:25:57.695659+00:00,0.0
GPRT_OFFICIAL_GIT_PIT,1990-01-01 00:00:00+00:00,54,1,76.01142120361328,76.01142120361328,2026-09-05 21:25:57.695659+00:00,2026-09-05 21:25:57.695659+00:00,0.0
GPRT_OFFICIAL_GIT_PIT,1990-02-01 00:00:00+00:00,54,1,81.10881042480469,81.10881042480469,2026-09-05 21:25:57.695659+00:00,2026-09-05 21:25:57.695659+00:00,0.0
GPRA_OFFICIAL_GIT_PIT,1990-02-01 00:00:00+00:00,54,1,65.3890380859375,65.3890380859375,2026-09-05 21:25:57.695659+00:00,2026-09-05 21:25:57.695659+00:00,0.0
GPR_OFFICIAL_GIT_PIT,1990-02-01 00:00:00+00:00,54,1,77.40721130371094,77.40721130371094,2026-09-05 12:35:03.449201+00:00,2026-09-05 12:35:03.449201+00:00,0.0
GPRA_OFFICIAL_GIT_PIT,1990-03-01 00:00:00+00:00,54,1,59.72285842895508,59.72285842895508,2026-09-05 21:25:57.695659+00:00,2026-09-05 21:25:57.695659+00:00,0.0
GPRT_OFFICIAL_GIT_PIT,1990-03-01 00:00:00+00:00,54,1,68.18672180175781,68.18672180175781,2026-09-05 21:25:57.695659+00:00,2026-09-05 21:25:57.695659+00:00,0.0
GPR_OFFICIAL_GIT_PIT,1990-03-01 00:00:00+00:00,54,1,67.5919418334961,67.5919418334961,2026-09-05 12:35:03.449201+00:00,2026-09-05 12:35:03.449201+00:00,0.0
GPRA_OFFICIAL_GIT_PIT,1990-04-01 00:00:00+00:00,54,1,54.79267120361328,54.79267120361328,2026-09-05 21:25:57.695659+00:00,2026-09-05 21:25:57.695659+00:00,0.0
GPRT_OFFICIAL_GIT_PIT,1990-04-01 00:00:00+00:00,54,1,97.97654724121094,97.97654724121094,2026-09-05 21:25:57.695659+00:00,2026-09-05 21:25:57.695659+00:00,0.0
GPR_OFFICIAL_GIT_PIT,1990-04-01 00:00:00+00:00,54,1,81.64384460449219,81.64384460449219,2026-09-05 12:35:03.449201+00:00,2026-09-05 12:35:03.449201+00:00,0.0
GPRT_OFFICIAL_GIT_PIT,1990-05-01 00:00:00+00:00,54,1,97.81657409667969,97.81657409667969,2026-09-05 21:25:57.695659+00:00,2026-09-05 21:25:57.695659+00:00,0.0
GPR_OFFICIAL_GIT_PIT,1990-05-01 00:00:00+00:00,54,1,86.40711975097656,86.40711975097656,2026-09-05 12:35:03.449201+00:00,2026-09-05 12:35:03.449201+00:00,0.0
GPRA_OFFICIAL_GIT_PIT,1990-05-01 00:00:00+00:00,54,1,66.84378051757812,66.84378051757812,2026-09-05 21:25:57.695659+00:00,2026-09-05 21:25:57.695659+00:00,0.0
GPR_OFFICIAL_GIT_PIT,1990-06-01 00:00:00+00:00,54,1,79.68110656738281,79.68110656738281,2026-09-05 12:35:03.449201+00:00,2026-09-05 12:35:03.449201+00:00,0.0
GPRA_OFFICIAL_GIT_PIT,1990-06-01 00:00:00+00:00,54,1,80.65287780761719,80.65287780761719,2026-09-05 21:25:57.695659+00:00,2026-09-05 21:25:57.695659+00:00,0.0
GPRT_OFFICIAL_GIT_PIT,1990-06-01 00:00:00+00:00,54,1,72.84642028808594,72.84642028808594,2026-09-05 21:25:57.695659+00:00,2026-09-05 21:25:57.695659+00:00,0.0
GPRA_OFFICIAL_GIT_PIT,1990-07-01 00:00:00+00:00,54,1,81.84713745117188,81.84713745117188,2026-09-05 21:25:57.695659+00:00,2026-09-05 21:25:57.695659+00:00,0.0
GPRT_OFFICIAL_GIT_PIT,1990-07-01 00:00:00+00:00,54,1,82.36925506591797,82.36925506591797,2026-09-05 21:25:57.695659+00:00,2026-09-05 21:25:57.695659+00:00,0.0
GPR_OFFICIAL_GIT_PIT,1990-07-01 00:00:00+00:00,54,1,85.78742980957031,85.78742980957031,2026-09-05 12:35:03.449201+00:00,2026-09-05 12:35:03.449201+00:00,0.0
GPRA_OFFICIAL_GIT_PIT,1990-08-01 00:00:00+00:00,54,1,128.2501983642578,128.2501983642578,2026-09-05 21:25:57.695659+00:00,2026-09-05 21:25:57.695659+00:00,0.0
GPR_OFFICIAL_GIT_PIT,1990-08-01 00:00:00+00:00,54,1,250.45108032226562,250.45108032226562,2026-09-05 12:35:03.449201+00:00,2026-09-05 12:35:03.449201+00:00,0.0
GPRT_OFFICIAL_GIT_PIT,1990-08-01 00:00:00+00:00,54,1,353.76312255859375,353.76312255859375,2026-09-05 21:25:57.695659+00:00,2026-09-05 21:25:57.695659+00:00,0.0
GPRT_OFFICIAL_GIT_PIT,1990-09-01 00:00:00+00:00,54,1,262.1236267089844,262.1236267089844,2026-09-05 21:25:57.695659+00:00,2026-09-05 21:25:57.695659+00:00,0.0
GPR_OFFICIAL_GIT_PIT,1990-09-01 00:00:00+00:00,54,1,188.66053771972656,188.66053771972656,2026-09-05 12:35:03.449201+00:00,2026-09-05 12:35:03.449201+00:00,0.0
GPRA_OFFICIAL_GIT_PIT,1990-09-01 00:00:00+00:00,54,1,106.9548110961914,106.9548110961914,2026-09-05 21:25:57.695659+00:00,2026-09-05 21:25:57.695659+00:00,0.0
GPRA_OFFICIAL_GIT_PIT,1990-10-01 00:00:00+00:00,54,1,105.10758972167969,105.10758972167969,2026-09-05 21:25:57.695659+00:00,2026-09-05 21:25:57.695659+00:00,0.0
GPR_OFFICIAL_GIT_PIT,1990-10-01 00:00:00+00:00,54,1,143.85256958007812,143.85256958007812,2026-09-05 12:35:03.449201+00:00,2026-09-05 12:35:03.449201+00:00,0.0
GPRT_OFFICIAL_GIT_PIT,1990-10-01 00:00:00+00:00,54,1,172.9463653564453,172.9463653564453,2026-09-05 21:25:57.695659+00:00,2026-09-05 21:25:57.695659+00:00,0.0
GPRT_OFFICIAL_GIT_PIT,1990-11-01 00:00:00+00:00,54,1,201.18106079101562,201.18106079101562,2026-09-05 21:25:57.695659+00:00,2026-09-05 21:25:57.695659+00:00,0.0
GPRA_OFFICIAL_GIT_PIT,1990-11-01 00:00:00+00:00,54,1,115.40345764160156,115.40345764160156,2026-09-05 21:25:57.695659+00:00,2026-09-05 21:25:57.695659+00:00,0.0
GPR_OFFICIAL_GIT_PIT,1990-11-01 00:00:00+00:00,54,1,158.74354553222656,158.74354553222656,2026-09-05 12:35:03.449201+00:00,2026-09-05 12:35:03.449201+00:00,0.0
GPRA_OFFICIAL_GIT_PIT,1990-12-01 00:00:00+00:00,54,1,103.18325805664062,103.18325805664062,2026-09-05 21:25:57.695659+00:00,2026-09-05 21:25:57.695659+00:00,0.0
GPRT_OFFICIAL_GIT_PIT,1990-12-01 00:00:00+00:00,54,1,194.64852905273438,194.64852905273438,2026-09-05 21:25:57.695659+00:00,2026-09-05 21:25:57.695659+00:00,0.0
GPR_OFFICIAL_GIT_PIT,1990-12-01 00:00:00+00:00,54,1,153.1624298095703,153.1624298095703,2026-09-05 12:35:03.449201+00:00,2026-09-05 12:35:03.449201+00:00,0.0
GPR_OFFICIAL_GIT_PIT,1991-01-01 00:00:00+00:00,54,1,379.2497863769531,379.2497863769531,2026-09-05 12:35:03.449201+00:00,2026-09-05 12:35:03.449201+00:00,0.0
GPRA_OFFICIAL_GIT_PIT,1991-01-01 00:00:00+00:00,54,1,479.7158508300781,479.7158508300781,2026-09-05 21:25:57.695659+00:00,2026-09-05 21:25:57.695659+00:00,0.0
GPRT_OFFICIAL_GIT_PIT,1991-01-01 00:00:00+00:00,54,1,360.0328063964844,360.0328063964844,2026-09-05 21:25:57.695659+00:00,2026-09-05 21:25:57.695659+00:00,0.0
GPR_OFFICIAL_GIT_PIT,1991-02-01 00:00:00+00:00,54,1,339.3580322265625,339.3580322265625,2026-09-05 12:35:03.449201+00:00,2026-09-05 12:35:03.449201+00:00,0.0
GPRT_OFFICIAL_GIT_PIT,1991-02-01 00:00:00+00:00,54,1,253.7916259765625,253.7916259765625,2026-09-05 21:25:57.695659+00:00,2026-09-05 21:25:57.695659+00:00,0.0
GPRA_OFFICIAL_GIT_PIT,1991-02-01 00:00:00+00:00,54,1,490.27374267578125,490.27374267578125,2026-09-05 21:25:57.695659+00:00,2026-09-05 21:25:57.695659+00:00,0.0
GPRT_OFFICIAL_GIT_PIT,1991-03-01 00:00:00+00:00,54,1,133.98248291015625,133.98248291015625,2026-09-05 21:25:57.695659+00:00,2026-09-05 21:25:57.695659+00:00,0.0
GPRA_OFFICIAL_GIT_PIT,1991-03-01 00:00:00+00:00,54,1,171.39544677734375,171.39544677734375,2026-09-05 21:25:57.695659+00:00,2026-09-05 21:25:57.695659+00:00,0.0
GPR_OFFICIAL_GIT_PIT,1991-03-01 00:00:00+00:00,54,1,148.61831665039062,148.61831665039062,2026-09-05 12:35:03.449201+00:00,2026-09-05 12:35:03.449201+00:00,0.0
GPRA_OFFICIAL_GIT_PIT,1991-04-01 00:00:00+00:00,54,1,88.50554656982422,88.50554656982422,2026-09-05 21:25:57.695659+00:00,2026-09-05 21:25:57.695659+00:00,0.0
GPR_OFFICIAL_GIT_PIT,1991-04-01 00:00:00+00:00,54,1,97.760009765625,97.760009765625,2026-09-05 12:35:03.449201+00:00,2026-09-05 12:35:03.449201+00:00,0.0
GPRT_OFFICIAL_GIT_PIT,1991-04-01 00:00:00+00:00,54,1,100.77496337890625,100.77496337890625,2026-09-05 21:25:57.695659+00:00,2026-09-05 21:25:57.695659+00:00,0.0
GPRA_OFFICIAL_GIT_PIT,1991-05-01 00:00:00+00:00,54,1,79.06768798828125,79.06768798828125,2026-09-05 21:25:57.695659+00:00,2026-09-05 21:25:57.695659+00:00,0.0
GPR_OFFICIAL_GIT_PIT,1991-05-01 00:00:00+00:00,54,1,88.56902313232422,88.56902313232422,2026-09-05 12:35:03.449201+00:00,2026-09-05 12:35:03.449201+00:00,0.0
GPRT_OFFICIAL_GIT_PIT,1991-05-01 00:00:00+00:00,54,1,95.45738983154297,95.45738983154297,2026-09-05 21:25:57.695659+00:00,2026-09-05 21:25:57.695659+00:00,0.0
GPRT_OFFICIAL_GIT_PIT,1991-06-01 00:00:00+00:00,54,1,99.7988510131836,99.7988510131836,2026-09-05 21:25:57.695659+00:00,2026-09-05 21:25:57.695659+00:00,0.0
GPRA_OFFICIAL_GIT_PIT,1991-06-01 00:00:00+00:00,54,1,69.48858642578125,69.48858642578125,2026-09-05 21:25:57.695659+00:00,2026-09-05 21:25:57.695659+00:00,0.0
GPR_OFFICIAL_GIT_PIT,1991-06-01 00:00:00+00:00,54,1,87.73383331298828,87.73383331298828,2026-09-05 12:35:03.449201+00:00,2026-09-05 12:35:03.449201+00:00,0.0
GPRA_OFFICIAL_GIT_PIT,1991-07-01 00:00:00+00:00,54,1,84.731201171875,84.731201171875,2026-09-05 21:25:57.695659+00:00,2026-09-05 21:25:57.695659+00:00,0.0
GPRT_OFFICIAL_GIT_PIT,1991-07-01 00:00:00+00:00,54,1,144.65106201171875,144.65106201171875,2026-09-05 21:25:57.695659+00:00,2026-09-05 21:25:57.695659+00:00,0.0
GPR_OFFICIAL_GIT_PIT,1991-07-01 00:00:00+00:00,54,1,115.18467712402344,115.18467712402344,2026-09-05 12:35:03.449201+00:00,2026-09-05 12:35:03.449201+00:00,0.0
GPRT_OFFICIAL_GIT_PIT,1991-08-01 00:00:00+00:00,54,1,133.4146728515625,133.4146728515625,2026-09-05 21:25:57.695659+00:00,2026-09-05 21:25:57.695659+00:00,0.0
GPR_OFFICIAL_GIT_PIT,1991-08-01 00:00:00+00:00,54,1,113.49502563476562,113.49502563476562,2026-09-05 12:35:03.449201+00:00,2026-09-05 12:35:03.449201+00:00,0.0
GPRA_OFFICIAL_GIT_PIT,1991-08-01 00:00:00+00:00,54,1,87.34529113769531,87.34529113769531,2026-09-05 21:25:57.695659+00:00,2026-09-05 21:25:57.695659+00:00,0.0
GPR_OFFICIAL_GIT_PIT,1991-09-01 00:00:00+00:00,54,1,117.94219207763672,117.94219207763672,2026-09-05 12:35:03.449201+00:00,2026-09-05 12:35:03.449201+00:00,0.0
GPRA_OFFICIAL_GIT_PIT,1991-09-01 00:00:00+00:00,54,1,74.79663848876953,74.79663848876953,2026-09-05 21:25:57.695659+00:00,2026-09-05 21:25:57.695659+00:00,0.0
GPRT_OFFICIAL_GIT_PIT,1991-09-01 00:00:00+00:00,54,1,154.14364624023438,154.14364624023438,2026-09-05 21:25:57.695659+00:00,2026-09-05 21:25:57.695659+00:00,0.0
GPRA_OFFICIAL_GIT_PIT,1991-10-01 00:00:00+00:00,54,1,77.95648193359375,77.95648193359375,2026-09-05 21:25:57.695659+00:00,2026-09-05 21:25:57.695659+00:00,0.0
GPRT_OFFICIAL_GIT_PIT,1991-10-01 00:00:00+00:00,54,1,122.6444320678711,122.6444320678711,2026-09-05 21:25:57.695659+00:00,2026-09-05 21:25:57.695659+00:00,0.0
GPR_OFFICIAL_GIT_PIT,1991-10-01 00:00:00+00:00,54,1,100.8318099975586,100.8318099975586,2026-09-05 12:35:03.449201+00:00,2026-09-05 12:35:03.449201+00:00,0.0
GPRA_OFFICIAL_GIT_PIT,1991-11-01 00:00:00+00:00,54,1,77.58206176757812,77.58206176757812,2026-09-05 21:25:57.695659+00:00,2026-09-05 21:25:57.695659+00:00,0.0
GPRT_OFFICIAL_GIT_PIT,1991-11-01 00:00:00+00:00,54,1,120.3302230834961,120.3302230834961,2026-09-05 21:25:57.695659+00:00,2026-09-05 21:25:57.695659+00:00,0.0
GPR_OFFICIAL_GIT_PIT,1991-11-01 00:00:00+00:00,54,1,100.7423324584961,100.7423324584961,2026-09-05 12:35:03.449201+00:00,2026-09-05 12:35:03.449201+00:00,0.0
GPRA_OFFICIAL_GIT_PIT,1991-12-01 00:00:00+00:00,54,1,58.747432708740234,58.747432708740234,2026-09-05 21:25:57.695659+00:00,2026-09-05 21:25:57.695659+00:00,0.0
GPRT_OFFICIAL_GIT_PIT,1991-12-01 00:00:00+00:00,54,1,135.23251342773438,135.23251342773438,2026-09-05 21:25:57.695659+00:00,2026-09-05 21:25:57.695659+00:00,0.0
GPR_OFFICIAL_GIT_PIT,1991-12-01 00:00:00+00:00,54,1,103.96953582763672,103.96953582763672,2026-09-05 12:35:03.449201+00:00,2026-09-05 12:35:03.449201+00:00,0.0
GPR_OFFICIAL_GIT_PIT,1992-01-01 00:00:00+00:00,54,1,102.95763397216797,102.95763397216797,2026-09-05 12:35:03.449201+00:00,2026-09-05 12:35:03.449201+00:00,0.0
GPRA_OFFICIAL_GIT_PIT,1992-01-01 00:00:00+00:00,54,1,69.45668029785156,69.45668029785156,2026-09-05 21:25:57.695659+00:00,2026-09-05 21:25:57.695659+00:00,0.0
GPRT_OFFICIAL_GIT_PIT,1992-01-01 00:00:00+00:00,54,1,126.1564712524414,126.1564712524414,2026-09-05 21:25:57.695659+00:00,2026-09-05 21:25:57.695659+00:00,0.0
GPRT_OFFICIAL_GIT_PIT,1992-02-01 00:00:00+00:00,54,1,101.0959701538086,101.0959701538086,2026-09-05 21:25:57.695659+00:00,2026-09-05 21:25:57.695659+00:00,0.0
GPR_OFFICIAL_GIT_PIT,1992-02-01 00:00:00+00:00,54,1,87.2034683227539,87.2034683227539,2026-09-05 12:35:03.449201+00:00,2026-09-05 12:35:03.449201+00:00,0.0
GPRA_OFFICIAL_GIT_PIT,1992-02-01 00:00:00+00:00,54,1,62.860504150390625,62.860504150390625,2026-09-05 21:25:57.695659+00:00,2026-09-05 21:25:57.695659+00:00,0.0
GPRT_OFFICIAL_GIT_PIT,1992-03-01 00:00:00+00:00,54,1,107.12957000732422,107.12957000732422,2026-09-05 21:25:57.695659+00:00,2026-09-05 21:25:57.695659+00:00,0.0
GPR_OFFICIAL_GIT_PIT,1992-03-01 00:00:00+00:00,54,1,85.29731750488281,85.29731750488281,2026-09-05 12:35:03.449201+00:00,2026-09-05 12:35:03.449201+00:00,0.0
GPRA_OFFICIAL_GIT_PIT,1992-03-01 00:00:00+00:00,54,1,53.69252014160156,53.69252014160156,2026-09-05 21:25:57.695659+00:00,2026-09-05 21:25:57.695659+00:00,0.0
GPRT_OFFICIAL_GIT_PIT,1992-04-01 00:00:00+00:00,54,1,92.64119720458984,92.64119720458984,2026-09-05 21:25:57.695659+00:00,2026-09-05 21:25:57.695659+00:00,0.0
GPR_OFFICIAL_GIT_PIT,1992-04-01 00:00:00+00:00,54,1,85.85562133789062,85.85562133789062,2026-09-05 12:35:03.449201+00:00,2026-09-05 12:35:03.449201+00:00,0.0
GPRA_OFFICIAL_GIT_PIT,1992-04-01 00:00:00+00:00,54,1,74.40125274658203,74.40125274658203,2026-09-05 21:25:57.695659+00:00,2026-09-05 21:25:57.695659+00:00,0.0
GPRA_OFFICIAL_GIT_PIT,1992-05-01 00:00:00+00:00,54,1,56.43539047241211,56.43539047241211,2026-09-05 21:25:57.695659+00:00,2026-09-05 21:25:57.695659+00:00,0.0
GPRT_OFFICIAL_GIT_PIT,1992-05-01 00:00:00+00:00,54,1,93.08229064941406,93.08229064941406,2026-09-05 21:25:57.695659+00:00,2026-09-05 21:25:57.695659+00:00,0.0
GPR_OFFICIAL_GIT_PIT,1992-05-01 00:00:00+00:00,54,1,78.96814727783203,78.96814727783203,2026-09-05 12:35:03.449201+00:00,2026-09-05 12:35:03.449201+00:00,0.0
GPRA_OFFICIAL_GIT_PIT,1992-06-01 00:00:00+00:00,54,1,49.73001480102539,49.73001480102539,2026-09-05 21:25:57.695659+00:00,2026-09-05 21:25:57.695659+00:00,0.0
GPRT_OFFICIAL_GIT_PIT,1992-06-01 00:00:00+00:00,54,1,124.33613586425781,124.33613586425781,2026-09-05 21:25:57.695659+00:00,2026-09-05 21:25:57.695659+00:00,0.0
GPR_OFFICIAL_GIT_PIT,1992-06-01 00:00:00+00:00,54,1,93.84909057617188,93.84909057617188,2026-09-05 12:35:03.449201+00:00,2026-09-05 12:35:03.449201+00:00,0.0
GPRT_OFFICIAL_GIT_PIT,1992-07-01 00:00:00+00:00,54,1,92.42886352539062,92.42886352539062,2026-09-05 21:25:57.695659+00:00,2026-09-05 21:25:57.695659+00:00,0.0
GPR_OFFICIAL_GIT_PIT,1992-07-01 00:00:00+00:00,54,1,75.19676971435547,75.19676971435547,2026-09-05 12:35:03.449201+00:00,2026-09-05 12:35:03.449201+00:00,0.0
GPRA_OFFICIAL_GIT_PIT,1992-07-01 00:00:00+00:00,54,1,51.642940521240234,51.642940521240234,2026-09-05 21:25:57.695659+00:00,2026-09-05 21:25:57.695659+00:00,0.0
GPRT_OFFICIAL_GIT_PIT,1992-08-01 00:00:00+00:00,54,1,87.55679321289062,87.55679321289062,2026-09-05 21:25:57.695659+00:00,2026-09-05 21:25:57.695659+00:00,0.0
GPRA_OFFICIAL_GIT_PIT,1992-08-01 00:00:00+00:00,54,1,70.1595230102539,70.1595230102539,2026-09-05 21:25:57.695659+00:00,2026-09-05 21:25:57.695659+00:00,0.0
GPR_OFFICIAL_GIT_PIT,1992-08-01 00:00:00+00:00,54,1,81.64519500732422,81.64519500732422,2026-09-05 12:35:03.449201+00:00,2026-09-05 12:35:03.449201+00:00,0.0
GPR_OFFICIAL_GIT_PIT,1992-09-01 00:00:00+00:00,54,1,74.6097183227539,74.6097183227539,2026-09-05 12:35:03.449201+00:00,2026-09-05 12:35:03.449201+00:00,0.0
GPRA_OFFICIAL_GIT_PIT,1992-09-01 00:00:00+00:00,54,1,45.73872375488281,45.73872375488281,2026-09-05 21:25:57.695659+00:00,2026-09-05 21:25:57.695659+00:00,0.0
GPRT_OFFICIAL_GIT_PIT,1992-09-01 00:00:00+00:00,54,1,92.68926239013672,92.68926239013672,2026-09-05 21:25:57.695659+00:00,2026-09-05 21:25:57.695659+00:00,0.0
GPR_OFFICIAL_GIT_PIT,1992-10-01 00:00:00+00:00,54,1,68.18277740478516,68.18277740478516,2026-09-05 12:35:03.449201+00:00,2026-09-05 12:35:03.449201+00:00,0.0
GPRA_OFFICIAL_GIT_PIT,1992-10-01 00:00:00+00:00,54,1,58.99306106567383,58.99306106567383,2026-09-05 21:25:57.695659+00:00,2026-09-05 21:25:57.695659+00:00,0.0
GPRT_OFFICIAL_GIT_PIT,1992-10-01 00:00:00+00:00,54,1,71.33625793457031,71.33625793457031,2026-09-05 21:25:57.695659+00:00,2026-09-05 21:25:57.695659+00:00,0.0
GPR_OFFICIAL_GIT_PIT,1992-11-01 00:00:00+00:00,54,1,91.00899505615234,91.00899505615234,2026-09-05 12:35:03.449201+00:00,2026-09-05 12:35:03.449201+00:00,0.0
GPRA_OFFICIAL_GIT_PIT,1992-11-01 00:00:00+00:00,54,1,68.5569076538086,68.5569076538086,2026-09-05 21:25:57.695659+00:00,2026-09-05 21:25:57.695659+00:00,0.0
GPRT_OFFICIAL_GIT_PIT,1992-11-01 00:00:00+00:00,54,1,109.6229248046875,109.6229248046875,2026-09-05 21:25:57.695659+00:00,2026-09-05 21:25:57.695659+00:00,0.0
GPRT_OFFICIAL_GIT_PIT,1992-12-01 00:00:00+00:00,54,1,97.29403686523438,97.29403686523438,2026-09-05 21:25:57.695659+00:00,2026-09-05 21:25:57.695659+00:00,0.0
GPR_OFFICIAL_GIT_PIT,1992-12-01 00:00:00+00:00,54,1,83.42096710205078,83.42096710205078,2026-09-05 12:35:03.449201+00:00,2026-09-05 12:35:03.449201+00:00,0.0
GPRA_OFFICIAL_GIT_PIT,1992-12-01 00:00:00+00:00,54,1,60.88547134399414,60.88547134399414,2026-09-05 21:25:57.695659+00:00,2026-09-05 21:25:57.695659+00:00,0.0
GPRT_OFFICIAL_GIT_PIT,1993-01-01 00:00:00+00:00,54,1,144.89353942871094,144.89353942871094,2026-09-05 21:25:57.695659+00:00,2026-09-05 21:25:57.695659+00:00,0.0
GPR_OFFICIAL_GIT_PIT,1993-01-01 00:00:00+00:00,54,1,128.91807556152344,128.91807556152344,2026-09-05 12:35:03.449201+00:00,2026-09-05 12:35:03.449201+00:00,0.0
GPRA_OFFICIAL_GIT_PIT,1993-01-01 00:00:00+00:00,54,1,114.82777404785156,114.82777404785156,2026-09-05 21:25:57.695659+00:00,2026-09-05 21:25:57.695659+00:00,0.0
GPRA_OFFICIAL_GIT_PIT,1993-02-01 00:00:00+00:00,54,1,64.63740539550781,64.63740539550781,2026-09-05 21:25:57.695659+00:00,2026-09-05 21:25:57.695659+00:00,0.0
GPRT_OFFICIAL_GIT_PIT,1993-02-01 00:00:00+00:00,54,1,105.26100158691406,105.26100158691406,2026-09-05 21:25:57.695659+00:00,2026-09-05 21:25:57.695659+00:00,0.0
GPR_OFFICIAL_GIT_PIT,1993-02-01 00:00:00+00:00,54,1,90.46806335449219,90.46806335449219,2026-09-05 12:35:03.449201+00:00,2026-09-05 12:35:03.449201+00:00,0.0
GPRT_OFFICIAL_GIT_PIT,1993-03-01 00:00:00+00:00,54,1,99.9146728515625,99.9146728515625,2026-09-05 21:25:57.695659+00:00,2026-09-05 21:25:57.695659+00:00,0.0
GPR_OFFICIAL_GIT_PIT,1993-03-01 00:00:00+00:00,54,1,94.24144744873047,94.24144744873047,2026-09-05 12:35:03.449201+00:00,2026-09-05 12:35:03.449201+00:00,0.0
GPRA_OFFICIAL_GIT_PIT,1993-03-01 00:00:00+00:00,54,1,80.28809356689453,80.28809356689453,2026-09-05 21:25:57.695659+00:00,2026-09-05 21:25:57.695659+00:00,0.0
GPRA_OFFICIAL_GIT_PIT,1993-04-01 00:00:00+00:00,54,1,72.71391296386719,72.71391296386719,2026-09-05 21:25:57.695659+00:00,2026-09-05 21:25:57.695659+00:00,0.0
GPR_OFFICIAL_GIT_PIT,1993-04-01 00:00:00+00:00,54,1,112.72166442871094,112.72166442871094,2026-09-05 12:35:03.449201+00:00,2026-09-05 12:35:03.449201+00:00,0.0
GPRT_OFFICIAL_GIT_PIT,1993-04-01 00:00:00+00:00,54,1,144.0390167236328,144.0390167236328,2026-09-05 21:25:57.695659+00:00,2026-09-05 21:25:57.695659+00:00,0.0
GPR_OFFICIAL_GIT_PIT,1993-05-01 00:00:00+00:00,54,1,110.72975158691406,110.72975158691406,2026-09-05 12:35:03.449201+00:00,2026-09-05 12:35:03.449201+00:00,0.0
GPRT_OFFICIAL_GIT_PIT,1993-05-01 00:00:00+00:00,54,1,137.38629150390625,137.38629150390625,2026-09-05 21:25:57.695659+00:00,2026-09-05 21:25:57.695659+00:00,0.0
GPRA_OFFICIAL_GIT_PIT,1993-05-01 00:00:00+00:00,54,1,77.88386535644531,77.88386535644531,2026-09-05 21:25:57.695659+00:00,2026-09-05 21:25:57.695659+00:00,0.0
GPR_OFFICIAL_GIT_PIT,1993-06-01 00:00:00+00:00,54,1,104.19525146484375,104.19525146484375,2026-09-05 12:35:03.449201+00:00,2026-09-05 12:35:03.449201+00:00,0.0
GPRA_OFFICIAL_GIT_PIT,1993-06-01 00:00:00+00:00,54,1,73.33211517333984,73.33211517333984,2026-09-05 21:25:57.695659+00:00,2026-09-05 21:25:57.695659+00:00,0.0
GPRT_OFFICIAL_GIT_PIT,1993-06-01 00:00:00+00:00,54,1,125.46405029296875,125.46405029296875,2026-09-05 21:25:57.695659+00:00,2026-09-05 21:25:57.695659+00:00,0.0
GPR_OFFICIAL_GIT_PIT,1993-07-01 00:00:00+00:00,54,1,123.31478881835938,123.31478881835938,2026-09-05 12:35:03.449201+00:00,2026-09-05 12:35:03.449201+00:00,0.0
GPRT_OFFICIAL_GIT_PIT,1993-07-01 00:00:00+00:00,54,1,131.75840759277344,131.75840759277344,2026-09-05 21:25:57.695659+00:00,2026-09-05 21:25:57.695659+00:00,0.0
GPRA_OFFICIAL_GIT_PIT,1993-07-01 00:00:00+00:00,54,1,107.0821533203125,107.0821533203125,2026-09-05 21:25:57.695659+00:00,2026-09-05 21:25:57.695659+00:00,0.0
GPRA_OFFICIAL_GIT_PIT,1993-08-01 00:00:00+00:00,54,1,94.7355728149414,94.7355728149414,2026-09-05 21:25:57.695659+00:00,2026-09-05 21:25:57.695659+00:00,0.0
GPR_OFFICIAL_GIT_PIT,1993-08-01 00:00:00+00:00,54,1,97.2416763305664,97.2416763305664,2026-09-05 12:35:03.449201+00:00,2026-09-05 12:35:03.449201+00:00,0.0
GPRT_OFFICIAL_GIT_PIT,1993-08-01 00:00:00+00:00,54,1,97.08562469482422,97.08562469482422,2026-09-05 21:25:57.695659+00:00,2026-09-05 21:25:57.695659+00:00,0.0
GPRT_OFFICIAL_GIT_PIT,1993-09-01 00:00:00+00:00,54,1,97.45659637451172,97.45659637451172,2026-09-05 21:25:57.695659+00:00,2026-09-05 21:25:57.695659+00:00,0.0
GPR_OFFICIAL_GIT_PIT,1993-09-01 00:00:00+00:00,54,1,89.16477966308594,89.16477966308594,2026-09-05 12:35:03.449201+00:00,2026-09-05 12:35:03.449201+00:00,0.0
GPRA_OFFICIAL_GIT_PIT,1993-09-01 00:00:00+00:00,54,1,76.93018341064453,76.93018341064453,2026-09-05 21:25:57.695659+00:00,2026-09-05 21:25:57.695659+00:00,0.0
GPRA_OFFICIAL_GIT_PIT,1993-10-01 00:00:00+00:00,54,1,65.22377014160156,65.22377014160156,2026-09-05 21:25:57.695659+00:00,2026-09-05 21:25:57.695659+00:00,0.0
GPR_OFFICIAL_GIT_PIT,1993-10-01 00:00:00+00:00,54,1,106.16590881347656,106.16590881347656,2026-09-05 12:35:03.449201+00:00,2026-09-05 12:35:03.449201+00:00,0.0
GPRT_OFFICIAL_GIT_PIT,1993-10-01 00:00:00+00:00,54,1,130.3068084716797,130.3068084716797,2026-09-05 21:25:57.695659+00:00,2026-09-05 21:25:57.695659+00:00,0.0
GPRT_OFFICIAL_GIT_PIT,1993-11-01 00:00:00+00:00,54,1,105.1309585571289,105.1309585571289,2026-09-05 21:25:57.695659+00:00,2026-09-05 21:25:57.695659+00:00,0.0
GPR_OFFICIAL_GIT_PIT,1993-11-01 00:00:00+00:00,54,1,83.48017883300781,83.48017883300781,2026-09-05 12:35:03.449201+00:00,2026-09-05 12:35:03.449201+00:00,0.0
GPRA_OFFICIAL_GIT_PIT,1993-11-01 00:00:00+00:00,54,1,51.35593795776367,51.35593795776367,2026-09-05 21:25:57.695659+00:00,2026-09-05 21:25:57.695659+00:00,0.0
GPRT_OFFICIAL_GIT_PIT,1993-12-01 00:00:00+00:00,54,1,97.06568145751953,97.06568145751953,2026-09-05 21:25:57.695659+00:00,2026-09-05 21:25:57.695659+00:00,0.0
GPR_OFFICIAL_GIT_PIT,1993-12-01 00:00:00+00:00,54,1,79.55179595947266,79.55179595947266,2026-09-05 12:35:03.449201+00:00,2026-09-05 12:35:03.449201+00:00,0.0
GPRA_OFFICIAL_GIT_PIT,1993-12-01 00:00:00+00:00,54,1,50.134674072265625,50.134674072265625,2026-09-05 21:25:57.695659+00:00,2026-09-05 21:25:57.695659+00:00,0.0
GPRA_OFFICIAL_GIT_PIT,1994-01-01 00:00:00+00:00,54,1,65.27042388916016,65.27042388916016,2026-09-05 21:25:57.695659+00:00,2026-09-05 21:25:57.695659+00:00,0.0
GPRT_OFFICIAL_GIT_PIT,1994-01-01 00:00:00+00:00,54,1,93.09183502197266,93.09183502197266,2026-09-05 21:25:57.695659+00:00,2026-09-05 21:25:57.695659+00:00,0.0
GPR_OFFICIAL_GIT_PIT,1994-01-01 00:00:00+00:00,54,1,83.48997497558594,83.48997497558594,2026-09-05 12:35:03.449201+00:00,2026-09-05 12:35:03.449201+00:00,0.0
GPRA_OFFICIAL_GIT_PIT,1994-02-01 00:00:00+00:00,54,1,76.48810577392578,76.48810577392578,2026-09-05 21:25:57.695659+00:00,2026-09-05 21:25:57.695659+00:00,0.0
GPR_OFFICIAL_GIT_PIT,1994-02-01 00:00:00+00:00,54,1,117.2420654296875,117.2420654296875,2026-09-05 12:35:03.449201+00:00,2026-09-05 12:35:03.449201+00:00,0.0
GPRT_OFFICIAL_GIT_PIT,1994-02-01 00:00:00+00:00,54,1,148.14723205566406,148.14723205566406,2026-09-05 21:25:57.695659+00:00,2026-09-05 21:25:57.695659+00:00,0.0
GPRA_OFFICIAL_GIT_PIT,1994-03-01 00:00:00+00:00,54,1,79.4195327758789,79.4195327758789,2026-09-05 21:25:57.695659+00:00,2026-09-05 21:25:57.695659+00:00,0.0
GPRT_OFFICIAL_GIT_PIT,1994-03-01 00:00:00+00:00,54,1,98.56234741210938,98.56234741210938,2026-09-05 21:25:57.695659+00:00,2026-09-05 21:25:57.695659+00:00,0.0
GPR_OFFICIAL_GIT_PIT,1994-03-01 00:00:00+00:00,54,1,93.47403717041016,93.47403717041016,2026-09-05 12:35:03.449201+00:00,2026-09-05 12:35:03.449201+00:00,0.0
GPRT_OFFICIAL_GIT_PIT,1994-04-01 00:00:00+00:00,54,1,116.44586181640625,116.44586181640625,2026-09-05 21:25:57.695659+00:00,2026-09-05 21:25:57.695659+00:00,0.0
GPRA_OFFICIAL_GIT_PIT,1994-04-01 00:00:00+00:00,54,1,68.70893859863281,68.70893859863281,2026-09-05 21:25:57.695659+00:00,2026-09-05 21:25:57.695659+00:00,0.0
GPR_OFFICIAL_GIT_PIT,1994-04-01 00:00:00+00:00,54,1,95.35697174072266,95.35697174072266,2026-09-05 12:35:03.449201+00:00,2026-09-05 12:35:03.449201+00:00,0.0
GPRT_OFFICIAL_GIT_PIT,1994-05-01 00:00:00+00:00,54,1,122.97669982910156,122.97669982910156,2026-09-05 21:25:57.695659+00:00,2026-09-05 21:25:57.695659+00:00,0.0
GPRA_OFFICIAL_GIT_PIT,1994-05-01 00:00:00+00:00,54,1,73.90620422363281,73.90620422363281,2026-09-05 21:25:57.695659+00:00,2026-09-05 21:25:57.695659+00:00,0.0
GPR_OFFICIAL_GIT_PIT,1994-05-01 00:00:00+00:00,54,1,104.46678924560547,104.46678924560547,2026-09-05 12:35:03.449201+00:00,2026-09-05 12:35:03.449201+00:00,0.0
GPR_OFFICIAL_GIT_PIT,1994-06-01 00:00:00+00:00,54,1,120.35224151611328,120.35224151611328,2026-09-05 12:35:03.449201+00:00,2026-09-05 12:35:03.449201+00:00,0.0
GPRT_OFFICIAL_GIT_PIT,1994-06-01 00:00:00+00:00,54,1,148.2960662841797,148.2960662841797,2026-09-05 21:25:57.695659+00:00,2026-09-05 21:25:57.695659+00:00,0.0
GPRA_OFFICIAL_GIT_PIT,1994-06-01 00:00:00+00:00,54,1,79.9498519897461,79.9498519897461,2026-09-05 21:25:57.695659+00:00,2026-09-05 21:25:57.695659+00:00,0.0
GPRA_OFFICIAL_GIT_PIT,1994-07-01 00:00:00+00:00,54,1,75.47087860107422,75.47087860107422,2026-09-05 21:25:57.695659+00:00,2026-09-05 21:25:57.695659+00:00,0.0
GPR_OFFICIAL_GIT_PIT,1994-07-01 00:00:00+00:00,54,1,99.6402359008789,99.6402359008789,2026-09-05 12:35:03.449201+00:00,2026-09-05 12:35:03.449201+00:00,0.0
GPRT_OFFICIAL_GIT_PIT,1994-07-01 00:00:00+00:00,54,1,115.40325927734375,115.40325927734375,2026-09-05 21:25:57.695659+00:00,2026-09-05 21:25:57.695659+00:00,0.0
GPRA_OFFICIAL_GIT_PIT,1994-08-01 00:00:00+00:00,54,1,66.64015197753906,66.64015197753906,2026-09-05 21:25:57.695659+00:00,2026-09-05 21:25:57.695659+00:00,0.0
GPRT_OFFICIAL_GIT_PIT,1994-08-01 00:00:00+00:00,54,1,122.92201232910156,122.92201232910156,2026-09-05 21:25:57.695659+00:00,2026-09-05 21:25:57.695659+00:00,0.0
GPR_OFFICIAL_GIT_PIT,1994-08-01 00:00:00+00:00,54,1,98.2270278930664,98.2270278930664,2026-09-05 12:35:03.449201+00:00,2026-09-05 12:35:03.449201+00:00,0.0
GPRA_OFFICIAL_GIT_PIT,1994-09-01 00:00:00+00:00,54,1,51.336830139160156,51.336830139160156,2026-09-05 21:25:57.695659+00:00,2026-09-05 21:25:57.695659+00:00,0.0
GPRT_OFFICIAL_GIT_PIT,1994-09-01 00:00:00+00:00,54,1,131.31796264648438,131.31796264648438,2026-09-05 21:25:57.695659+00:00,2026-09-05 21:25:57.695659+00:00,0.0
GPR_OFFICIAL_GIT_PIT,1994-09-01 00:00:00+00:00,54,1,98.89848327636719,98.89848327636719,2026-09-05 12:35:03.449201+00:00,2026-09-05 12:35:03.449201+00:00,0.0
GPRT_OFFICIAL_GIT_PIT,1994-10-01 00:00:00+00:00,54,1,118.89933776855469,118.89933776855469,2026-09-05 21:25:57.695659+00:00,2026-09-05 21:25:57.695659+00:00,0.0
GPRA_OFFICIAL_GIT_PIT,1994-10-01 00:00:00+00:00,54,1,64.50569152832031,64.50569152832031,2026-09-05 21:25:57.695659+00:00,2026-09-05 21:25:57.695659+00:00,0.0
GPR_OFFICIAL_GIT_PIT,1994-10-01 00:00:00+00:00,54,1,94.85363006591797,94.85363006591797,2026-09-05 12:35:03.449201+00:00,2026-09-05 12:35:03.449201+00:00,0.0
GPR_OFFICIAL_GIT_PIT,1994-11-01 00:00:00+00:00,54,1,86.5298080444336,86.5298080444336,2026-09-05 12:35:03.449201+00:00,2026-09-05 12:35:03.449201+00:00,0.0
GPRA_OFFICIAL_GIT_PIT,1994-11-01 00:00:00+00:00,54,1,70.68946075439453,70.68946075439453,2026-09-05 21:25:57.695659+00:00,2026-09-05 21:25:57.695659+00:00,0.0
GPRT_OFFICIAL_GIT_PIT,1994-11-01 00:00:00+00:00,54,1,100.79308319091797,100.79308319091797,2026-09-05 21:25:57.695659+00:00,2026-09-05 21:25:57.695659+00:00,0.0
GPRA_OFFICIAL_GIT_PIT,1994-12-01 00:00:00+00:00,54,1,81.61609649658203,81.61609649658203,2026-09-05 21:25:57.695659+00:00,2026-09-05 21:25:57.695659+00:00,0.0
GPR_OFFICIAL_GIT_PIT,1994-12-01 00:00:00+00:00,54,1,96.04750061035156,96.04750061035156,2026-09-05 12:35:03.449201+00:00,2026-09-05 12:35:03.449201+00:00,0.0
GPRT_OFFICIAL_GIT_PIT,1994-12-01 00:00:00+00:00,54,1,107.74173736572266,107.74173736572266,2026-09-05 21:25:57.695659+00:00,2026-09-05 21:25:57.695659+00:00,0.0
GPRA_OFFICIAL_GIT_PIT,1995-01-01 00:00:00+00:00,54,1,70.47705841064453,70.47705841064453,2026-09-05 21:25:57.695659+00:00,2026-09-05 21:25:57.695659+00:00,0.0
GPR_OFFICIAL_GIT_PIT,1995-01-01 00:00:00+00:00,54,1,80.15467834472656,80.15467834472656,2026-09-05 12:35:03.449201+00:00,2026-09-05 12:35:03.449201+00:00,0.0
GPRT_OFFICIAL_GIT_PIT,1995-01-01 00:00:00+00:00,54,1,84.89913940429688,84.89913940429688,2026-09-05 21:25:57.695659+00:00,2026-09-05 21:25:57.695659+00:00,0.0
GPR_OFFICIAL_GIT_PIT,1995-02-01 00:00:00+00:00,54,1,76.87532806396484,76.87532806396484,2026-09-05 12:35:03.449201+00:00,2026-09-05 12:35:03.449201+00:00,0.0
GPRA_OFFICIAL_GIT_PIT,1995-02-01 00:00:00+00:00,54,1,77.14599609375,77.14599609375,2026-09-05 21:25:57.695659+00:00,2026-09-05 21:25:57.695659+00:00,0.0
GPRT_OFFICIAL_GIT_PIT,1995-02-01 00:00:00+00:00,54,1,72.59407043457031,72.59407043457031,2026-09-05 21:25:57.695659+00:00,2026-09-05 21:25:57.695659+00:00,0.0
GPRA_OFFICIAL_GIT_PIT,1995-03-01 00:00:00+00:00,54,1,79.87528991699219,79.87528991699219,2026-09-05 21:25:57.695659+00:00,2026-09-05 21:25:57.695659+00:00,0.0
GPRT_OFFICIAL_GIT_PIT,1995-03-01 00:00:00+00:00,54,1,79.15904235839844,79.15904235839844,2026-09-05 21:25:57.695659+00:00,2026-09-05 21:25:57.695659+00:00,0.0
GPR_OFFICIAL_GIT_PIT,1995-03-01 00:00:00+00:00,54,1,82.24444580078125,82.24444580078125,2026-09-05 12:35:03.449201+00:00,2026-09-05 12:35:03.449201+00:00,0.0
GPR_OFFICIAL_GIT_PIT,1995-04-01 00:00:00+00:00,54,1,99.19087982177734,99.19087982177734,2026-09-05 12:35:03.449201+00:00,2026-09-05 12:35:03.449201+00:00,0.0
GPRT_OFFICIAL_GIT_PIT,1995-04-01 00:00:00+00:00,54,1,93.92303466796875,93.92303466796875,2026-09-05 21:25:57.695659+00:00,2026-09-05 21:25:57.695659+00:00,0.0
GPRA_OFFICIAL_GIT_PIT,1995-04-01 00:00:00+00:00,54,1,99.14794158935547,99.14794158935547,2026-09-05 21:25:57.695659+00:00,2026-09-05 21:25:57.695659+00:00,0.0
GPR_OFFICIAL_GIT_PIT,1995-05-01 00:00:00+00:00,54,1,87.842529296875,87.842529296875,2026-09-05 12:35:03.449201+00:00,2026-09-05 12:35:03.449201+00:00,0.0
GPRT_OFFICIAL_GIT_PIT,1995-05-01 00:00:00+00:00,54,1,96.40919494628906,96.40919494628906,2026-09-05 21:25:57.695659+00:00,2026-09-05 21:25:57.695659+00:00,0.0
GPRA_OFFICIAL_GIT_PIT,1995-05-01 00:00:00+00:00,54,1,79.34961700439453,79.34961700439453,2026-09-05 21:25:57.695659+00:00,2026-09-05 21:25:57.695659+00:00,0.0
GPRT_OFFICIAL_GIT_PIT,1995-06-01 00:00:00+00:00,54,1,121.57904815673828,121.57904815673828,2026-09-05 21:25:57.695659+00:00,2026-09-05 21:25:57.695659+00:00,0.0
GPR_OFFICIAL_GIT_PIT,1995-06-01 00:00:00+00:00,54,1,104.60775756835938,104.60775756835938,2026-09-05 12:35:03.449201+00:00,2026-09-05 12:35:03.449201+00:00,0.0
GPRA_OFFICIAL_GIT_PIT,1995-06-01 00:00:00+00:00,54,1,85.1209487915039,85.1209487915039,2026-09-05 21:25:57.695659+00:00,2026-09-05 21:25:57.695659+00:00,0.0
GPR_OFFICIAL_GIT_PIT,1995-07-01 00:00:00+00:00,54,1,107.64541625976562,107.64541625976562,2026-09-05 12:35:03.449201+00:00,2026-09-05 12:35:03.449201+00:00,0.0
GPRT_OFFICIAL_GIT_PIT,1995-07-01 00:00:00+00:00,54,1,115.32476806640625,115.32476806640625,2026-09-05 21:25:57.695659+00:00,2026-09-05 21:25:57.695659+00:00,0.0
GPRA_OFFICIAL_GIT_PIT,1995-07-01 00:00:00+00:00,54,1,100.19744873046875,100.19744873046875,2026-09-05 21:25:57.695659+00:00,2026-09-05 21:25:57.695659+00:00,0.0
GPR_OFFICIAL_GIT_PIT,1995-08-01 00:00:00+00:00,54,1,106.93478393554688,106.93478393554688,2026-09-05 12:35:03.449201+00:00,2026-09-05 12:35:03.449201+00:00,0.0
GPRA_OFFICIAL_GIT_PIT,1995-08-01 00:00:00+00:00,54,1,100.7674560546875,100.7674560546875,2026-09-05 21:25:57.695659+00:00,2026-09-05 21:25:57.695659+00:00,0.0
GPRT_OFFICIAL_GIT_PIT,1995-08-01 00:00:00+00:00,54,1,118.4973373413086,118.4973373413086,2026-09-05 21:25:57.695659+00:00,2026-09-05 21:25:57.695659+00:00,0.0
GPRA_OFFICIAL_GIT_PIT,1995-09-01 00:00:00+00:00,54,1,68.81755065917969,68.81755065917969,2026-09-05 21:25:57.695659+00:00,2026-09-05 21:25:57.695659+00:00,0.0
GPR_OFFICIAL_GIT_PIT,1995-09-01 00:00:00+00:00,54,1,71.20516967773438,71.20516967773438,2026-09-05 12:35:03.449201+00:00,2026-09-05 12:35:03.449201+00:00,0.0
GPRT_OFFICIAL_GIT_PIT,1995-09-01 00:00:00+00:00,54,1,72.98401641845703,72.98401641845703,2026-09-05 21:25:57.695659+00:00,2026-09-05 21:25:57.695659+00:00,0.0
GPR_OFFICIAL_GIT_PIT,1995-10-01 00:00:00+00:00,54,1,67.74150085449219,67.74150085449219,2026-09-05 12:35:03.449201+00:00,2026-09-05 12:35:03.449201+00:00,0.0
GPRT_OFFICIAL_GIT_PIT,1995-10-01 00:00:00+00:00,54,1,64.2778091430664,64.2778091430664,2026-09-05 21:25:57.695659+00:00,2026-09-05 21:25:57.695659+00:00,0.0
GPRA_OFFICIAL_GIT_PIT,1995-10-01 00:00:00+00:00,54,1,69.12648010253906,69.12648010253906,2026-09-05 21:25:57.695659+00:00,2026-09-05 21:25:57.695659+00:00,0.0
GPR_OFFICIAL_GIT_PIT,1995-11-01 00:00:00+00:00,54,1,76.33349609375,76.33349609375,2026-09-05 12:35:03.449201+00:00,2026-09-05 12:35:03.449201+00:00,0.0
GPRT_OFFICIAL_GIT_PIT,1995-11-01 00:00:00+00:00,54,1,78.8126220703125,78.8126220703125,2026-09-05 21:25:57.695659+00:00,2026-09-05 21:25:57.695659+00:00,0.0
GPRA_OFFICIAL_GIT_PIT,1995-11-01 00:00:00+00:00,54,1,69.86588287353516,69.86588287353516,2026-09-05 21:25:57.695659+00:00,2026-09-05 21:25:57.695659+00:00,0.0
GPRT_OFFICIAL_GIT_PIT,1995-12-01 00:00:00+00:00,54,1,68.98201751708984,68.98201751708984,2026-09-05 21:25:57.695659+00:00,2026-09-05 21:25:57.695659+00:00,0.0
GPR_OFFICIAL_GIT_PIT,1995-12-01 00:00:00+00:00,54,1,65.67205810546875,65.67205810546875,2026-09-05 12:35:03.449201+00:00,2026-09-05 12:35:03.449201+00:00,0.0
GPRA_OFFICIAL_GIT_PIT,1995-12-01 00:00:00+00:00,54,1,55.363800048828125,55.363800048828125,2026-09-05 21:25:57.695659+00:00,2026-09-05 21:25:57.695659+00:00,0.0
GPRT_OFFICIAL_GIT_PIT,1996-01-01 00:00:00+00:00,54,1,73.66007995605469,73.66007995605469,2026-09-05 21:25:57.695659+00:00,2026-09-05 21:25:57.695659+00:00,0.0
GPRA_OFFICIAL_GIT_PIT,1996-01-01 00:00:00+00:00,54,1,79.68246459960938,79.68246459960938,2026-09-05 21:25:57.695659+00:00,2026-09-05 21:25:57.695659+00:00,0.0
GPR_OFFICIAL_GIT_PIT,1996-01-01 00:00:00+00:00,54,1,75.63492584228516,75.63492584228516,2026-09-05 12:35:03.449201+00:00,2026-09-05 12:35:03.449201+00:00,0.0
GPRT_OFFICIAL_GIT_PIT,1996-02-01 00:00:00+00:00,54,1,85.9759750366211,85.9759750366211,2026-09-05 21:25:57.695659+00:00,2026-09-05 21:25:57.695659+00:00,0.0
GPRA_OFFICIAL_GIT_PIT,1996-02-01 00:00:00+00:00,54,1,69.15779113769531,69.15779113769531,2026-09-05 21:25:57.695659+00:00,2026-09-05 21:25:57.695659+00:00,0.0
GPR_OFFICIAL_GIT_PIT,1996-02-01 00:00:00+00:00,54,1,80.4209213256836,80.4209213256836,2026-09-05 12:35:03.449201+00:00,2026-09-05 12:35:03.449201+00:00,0.0
GPRA_OFFICIAL_GIT_PIT,1996-03-01 00:00:00+00:00,54,1,84.08819580078125,84.08819580078125,2026-09-05 21:25:57.695659+00:00,2026-09-05 21:25:57.695659+00:00,0.0
GPR_OFFICIAL_GIT_PIT,1996-03-01 00:00:00+00:00,54,1,82.14761352539062,82.14761352539062,2026-09-05 12:35:03.449201+00:00,2026-09-05 12:35:03.449201+00:00,0.0
GPRT_OFFICIAL_GIT_PIT,1996-03-01 00:00:00+00:00,54,1,77.89100646972656,77.89100646972656,2026-09-05 21:25:57.695659+00:00,2026-09-05 21:25:57.695659+00:00,0.0
GPRT_OFFICIAL_GIT_PIT,1996-04-01 00:00:00+00:00,54,1,71.23197174072266,71.23197174072266,2026-09-05 21:25:57.695659+00:00,2026-09-05 21:25:57.695659+00:00,0.0
GPRA_OFFICIAL_GIT_PIT,1996-04-01 00:00:00+00:00,54,1,98.6463623046875,98.6463623046875,2026-09-05 21:25:57.695659+00:00,2026-09-05 21:25:57.695659+00:00,0.0
GPR_OFFICIAL_GIT_PIT,1996-04-01 00:00:00+00:00,54,1,84.82862091064453,84.82862091064453,2026-09-05 12:35:03.449201+00:00,2026-09-05 12:35:03.449201+00:00,0.0
GPRA_OFFICIAL_GIT_PIT,1996-05-01 00:00:00+00:00,54,1,68.71073913574219,68.71073913574219,2026-09-05 21:25:57.695659+00:00,2026-09-05 21:25:57.695659+00:00,0.0
GPR_OFFICIAL_GIT_PIT,1996-05-01 00:00:00+00:00,54,1,65.53082275390625,65.53082275390625,2026-09-05 12:35:03.449201+00:00,2026-09-05 12:35:03.449201+00:00,0.0
GPRT_OFFICIAL_GIT_PIT,1996-05-01 00:00:00+00:00,54,1,59.1929931640625,59.1929931640625,2026-09-05 21:25:57.695659+00:00,2026-09-05 21:25:57.695659+00:00,0.0
GPRA_OFFICIAL_GIT_PIT,1996-06-01 00:00:00+00:00,54,1,61.67017364501953,61.67017364501953,2026-09-05 21:25:57.695659+00:00,2026-09-05 21:25:57.695659+00:00,0.0
GPR_OFFICIAL_GIT_PIT,1996-06-01 00:00:00+00:00,54,1,69.08858489990234,69.08858489990234,2026-09-05 12:35:03.449201+00:00,2026-09-05 12:35:03.449201+00:00,0.0
GPRT_OFFICIAL_GIT_PIT,1996-06-01 00:00:00+00:00,54,1,72.52593231201172,72.52593231201172,2026-09-05 21:25:57.695659+00:00,2026-09-05 21:25:57.695659+00:00,0.0
GPRA_OFFICIAL_GIT_PIT,1996-07-01 00:00:00+00:00,54,1,85.2721939086914,85.2721939086914,2026-09-05 21:25:57.695659+00:00,2026-09-05 21:25:57.695659+00:00,0.0
GPR_OFFICIAL_GIT_PIT,1996-07-01 00:00:00+00:00,54,1,80.64431762695312,80.64431762695312,2026-09-05 12:35:03.449201+00:00,2026-09-05 12:35:03.449201+00:00,0.0
GPRT_OFFICIAL_GIT_PIT,1996-07-01 00:00:00+00:00,54,1,74.90693664550781,74.90693664550781,2026-09-05 21:25:57.695659+00:00,2026-09-05 21:25:57.695659+00:00,0.0
GPRT_OFFICIAL_GIT_PIT,1996-08-01 00:00:00+00:00,54,1,81.7337417602539,81.7337417602539,2026-09-05 21:25:57.695659+00:00,2026-09-05 21:25:57.695659+00:00,0.0
GPRA_OFFICIAL_GIT_PIT,1996-08-01 00:00:00+00:00,54,1,85.69389343261719,85.69389343261719,2026-09-05 21:25:57.695659+00:00,2026-09-05 21:25:57.695659+00:00,0.0
GPR_OFFICIAL_GIT_PIT,1996-08-01 00:00:00+00:00,54,1,81.6876449584961,81.6876449584961,2026-09-05 12:35:03.449201+00:00,2026-09-05 12:35:03.449201+00:00,0.0
GPR_OFFICIAL_GIT_PIT,1996-09-01 00:00:00+00:00,54,1,88.19697570800781,88.19697570800781,2026-09-05 12:35:03.449201+00:00,2026-09-05 12:35:03.449201+00:00,0.0
GPRA_OFFICIAL_GIT_PIT,1996-09-01 00:00:00+00:00,54,1,92.83900451660156,92.83900451660156,2026-09-05 21:25:57.695659+00:00,2026-09-05 21:25:57.695659+00:00,0.0
GPRT_OFFICIAL_GIT_PIT,1996-09-01 00:00:00+00:00,54,1,87.04828643798828,87.04828643798828,2026-09-05 21:25:57.695659+00:00,2026-09-05 21:25:57.695659+00:00,0.0
GPRA_OFFICIAL_GIT_PIT,1996-10-01 00:00:00+00:00,54,1,49.54435729980469,49.54435729980469,2026-09-05 21:25:57.695659+00:00,2026-09-05 21:25:57.695659+00:00,0.0
GPR_OFFICIAL_GIT_PIT,1996-10-01 00:00:00+00:00,54,1,55.586830139160156,55.586830139160156,2026-09-05 12:35:03.449201+00:00,2026-09-05 12:35:03.449201+00:00,0.0
GPRT_OFFICIAL_GIT_PIT,1996-10-01 00:00:00+00:00,54,1,56.879756927490234,56.879756927490234,2026-09-05 21:25:57.695659+00:00,2026-09-05 21:25:57.695659+00:00,0.0
GPRA_OFFICIAL_GIT_PIT,1996-11-01 00:00:00+00:00,54,1,51.038421630859375,51.038421630859375,2026-09-05 21:25:57.695659+00:00,2026-09-05 21:25:57.695659+00:00,0.0
GPRT_OFFICIAL_GIT_PIT,1996-11-01 00:00:00+00:00,54,1,58.0576171875,58.0576171875,2026-09-05 21:25:57.695659+00:00,2026-09-05 21:25:57.695659+00:00,0.0
GPR_OFFICIAL_GIT_PIT,1996-11-01 00:00:00+00:00,54,1,57.34461212158203,57.34461212158203,2026-09-05 12:35:03.449201+00:00,2026-09-05 12:35:03.449201+00:00,0.0
GPR_OFFICIAL_GIT_PIT,1996-12-01 00:00:00+00:00,54,1,74.98263549804688,74.98263549804688,2026-09-05 12:35:03.449201+00:00,2026-09-05 12:35:03.449201+00:00,0.0
GPRA_OFFICIAL_GIT_PIT,1996-12-01 00:00:00+00:00,54,1,66.17648315429688,66.17648315429688,2026-09-05 21:25:57.695659+00:00,2026-09-05 21:25:57.695659+00:00,0.0
GPRT_OFFICIAL_GIT_PIT,1996-12-01 00:00:00+00:00,54,1,80.17862701416016,80.17862701416016,2026-09-05 21:25:57.695659+00:00,2026-09-05 21:25:57.695659+00:00,0.0
GPR_OFFICIAL_GIT_PIT,1997-01-01 00:00:00+00:00,54,1,54.062435150146484,54.062435150146484,2026-09-05 12:35:03.449201+00:00,2026-09-05 12:35:03.449201+00:00,0.0
GPRA_OFFICIAL_GIT_PIT,1997-01-01 00:00:00+00:00,54,1,55.227325439453125,55.227325439453125,2026-09-05 21:25:57.695659+00:00,2026-09-05 21:25:57.695659+00:00,0.0
GPRT_OFFICIAL_GIT_PIT,1997-01-01 00:00:00+00:00,54,1,53.25782775878906,53.25782775878906,2026-09-05 21:25:57.695659+00:00,2026-09-05 21:25:57.695659+00:00,0.0
GPRT_OFFICIAL_GIT_PIT,1997-02-01 00:00:00+00:00,54,1,54.501365661621094,54.501365661621094,2026-09-05 21:25:57.695659+00:00,2026-09-05 21:25:57.695659+00:00,0.0
GPRA_OFFICIAL_GIT_PIT,1997-02-01 00:00:00+00:00,54,1,43.509159088134766,43.509159088134766,2026-09-05 21:25:57.695659+00:00,2026-09-05 21:25:57.695659+00:00,0.0
GPR_OFFICIAL_GIT_PIT,1997-02-01 00:00:00+00:00,54,1,50.559940338134766,50.559940338134766,2026-09-05 12:35:03.449201+00:00,2026-09-05 12:35:03.449201+00:00,0.0
GPRT_OFFICIAL_GIT_PIT,1997-03-01 00:00:00+00:00,54,1,56.36629867553711,56.36629867553711,2026-09-05 21:25:57.695659+00:00,2026-09-05 21:25:57.695659+00:00,0.0
GPRA_OFFICIAL_GIT_PIT,1997-03-01 00:00:00+00:00,54,1,59.907318115234375,59.907318115234375,2026-09-05 21:25:57.695659+00:00,2026-09-05 21:25:57.695659+00:00,0.0
GPR_OFFICIAL_GIT_PIT,1997-03-01 00:00:00+00:00,54,1,58.48006057739258,58.48006057739258,2026-09-05 12:35:03.449201+00:00,2026-09-05 12:35:03.449201+00:00,0.0
GPRT_OFFICIAL_GIT_PIT,1997-04-01 00:00:00+00:00,54,1,62.37605667114258,62.37605667114258,2026-09-05 21:25:57.695659+00:00,2026-09-05 21:25:57.695659+00:00,0.0
GPR_OFFICIAL_GIT_PIT,1997-04-01 00:00:00+00:00,54,1,62.844486236572266,62.844486236572266,2026-09-05 12:35:03.449201+00:00,2026-09-05 12:35:03.449201+00:00,0.0
GPRA_OFFICIAL_GIT_PIT,1997-04-01 00:00:00+00:00,54,1,61.28048324584961,61.28048324584961,2026-09-05 21:25:57.695659+00:00,2026-09-05 21:25:57.695659+00:00,0.0
GPRA_OFFICIAL_GIT_PIT,1997-05-01 00:00:00+00:00,54,1,49.572898864746094,49.572898864746094,2026-09-05 21:25:57.695659+00:00,2026-09-05 21:25:57.695659+00:00,0.0
GPR_OFFICIAL_GIT_PIT,1997-05-01 00:00:00+00:00,54,1,53.57601547241211,53.57601547241211,2026-09-05 12:35:03.449201+00:00,2026-09-05 12:35:03.449201+00:00,0.0
GPRT_OFFICIAL_GIT_PIT,1997-05-01 00:00:00+00:00,54,1,53.54428482055664,53.54428482055664,2026-09-05 21:25:57.695659+00:00,2026-09-05 21:25:57.695659+00:00,0.0
GPRA_OFFICIAL_GIT_PIT,1997-06-01 00:00:00+00:00,54,1,38.63948059082031,38.63948059082031,2026-09-05 21:25:57.695659+00:00,2026-09-05 21:25:57.695659+00:00,0.0
GPRT_OFFICIAL_GIT_PIT,1997-06-01 00:00:00+00:00,54,1,36.68563461303711,36.68563461303711,2026-09-05 21:25:57.695659+00:00,2026-09-05 21:25:57.695659+00:00,0.0
GPR_OFFICIAL_GIT_PIT,1997-06-01 00:00:00+00:00,54,1,39.045623779296875,39.045623779296875,2026-09-05 12:35:03.449201+00:00,2026-09-05 12:35:03.449201+00:00,0.0
GPRT_OFFICIAL_GIT_PIT,1997-07-01 00:00:00+00:00,54,1,47.428409576416016,47.428409576416016,2026-09-05 21:25:57.695659+00:00,2026-09-05 21:25:57.695659+00:00,0.0
GPRA_OFFICIAL_GIT_PIT,1997-07-01 00:00:00+00:00,54,1,43.43375015258789,43.43375015258789,2026-09-05 21:25:57.695659+00:00,2026-09-05 21:25:57.695659+00:00,0.0
GPR_OFFICIAL_GIT_PIT,1997-07-01 00:00:00+00:00,54,1,47.69842529296875,47.69842529296875,2026-09-05 12:35:03.449201+00:00,2026-09-05 12:35:03.449201+00:00,0.0
GPR_OFFICIAL_GIT_PIT,1997-08-01 00:00:00+00:00,54,1,48.582298278808594,48.582298278808594,2026-09-05 12:35:03.449201+00:00,2026-09-05 12:35:03.449201+00:00,0.0
GPRA_OFFICIAL_GIT_PIT,1997-08-01 00:00:00+00:00,54,1,49.42500305175781,49.42500305175781,2026-09-05 21:25:57.695659+00:00,2026-09-05 21:25:57.695659+00:00,0.0
GPRT_OFFICIAL_GIT_PIT,1997-08-01 00:00:00+00:00,54,1,46.30862808227539,46.30862808227539,2026-09-05 21:25:57.695659+00:00,2026-09-05 21:25:57.695659+00:00,0.0
GPRT_OFFICIAL_GIT_PIT,1997-09-01 00:00:00+00:00,54,1,41.63934326171875,41.63934326171875,2026-09-05 21:25:57.695659+00:00,2026-09-05 21:25:57.695659+00:00,0.0
GPRA_OFFICIAL_GIT_PIT,1997-09-01 00:00:00+00:00,54,1,41.08793258666992,41.08793258666992,2026-09-05 21:25:57.695659+00:00,2026-09-05 21:25:57.695659+00:00,0.0
GPR_OFFICIAL_GIT_PIT,1997-09-01 00:00:00+00:00,54,1,42.6890869140625,42.6890869140625,2026-09-05 12:35:03.449201+00:00,2026-09-05 12:35:03.449201+00:00,0.0
GPRA_OFFICIAL_GIT_PIT,1997-10-01 00:00:00+00:00,54,1,34.460205078125,34.460205078125,2026-09-05 21:25:57.695659+00:00,2026-09-05 21:25:57.695659+00:00,0.0
GPRT_OFFICIAL_GIT_PIT,1997-10-01 00:00:00+00:00,54,1,58.68946075439453,58.68946075439453,2026-09-05 21:25:57.695659+00:00,2026-09-05 21:25:57.695659+00:00,0.0
GPR_OFFICIAL_GIT_PIT,1997-10-01 00:00:00+00:00,54,1,49.746307373046875,49.746307373046875,2026-09-05 12:35:03.449201+00:00,2026-09-05 12:35:03.449201+00:00,0.0
GPRT_OFFICIAL_GIT_PIT,1997-11-01 00:00:00+00:00,54,1,79.03630828857422,79.03630828857422,2026-09-05 21:25:57.695659+00:00,2026-09-05 21:25:57.695659+00:00,0.0
GPRA_OFFICIAL_GIT_PIT,1997-11-01 00:00:00+00:00,54,1,32.765533447265625,32.765533447265625,2026-09-05 21:25:57.695659+00:00,2026-09-05 21:25:57.695659+00:00,0.0
GPR_OFFICIAL_GIT_PIT,1997-11-01 00:00:00+00:00,54,1,59.6933708190918,59.6933708190918,2026-09-05 12:35:03.449201+00:00,2026-09-05 12:35:03.449201+00:00,0.0
GPRT_OFFICIAL_GIT_PIT,1997-12-01 00:00:00+00:00,54,1,48.36233139038086,48.36233139038086,2026-09-05 21:25:57.695659+00:00,2026-09-05 21:25:57.695659+00:00,0.0
GPR_OFFICIAL_GIT_PIT,1997-12-01 00:00:00+00:00,54,1,43.998268127441406,43.998268127441406,2026-09-05 12:35:03.449201+00:00,2026-09-05 12:35:03.449201+00:00,0.0
GPRA_OFFICIAL_GIT_PIT,1997-12-01 00:00:00+00:00,54,1,35.839134216308594,35.839134216308594,2026-09-05 21:25:57.695659+00:00,2026-09-05 21:25:57.695659+00:00,0.0
GPRT_OFFICIAL_GIT_PIT,1998-01-01 00:00:00+00:00,54,1,59.82126998901367,59.82126998901367,2026-09-05 21:25:57.695659+00:00,2026-09-05 21:25:57.695659+00:00,0.0
GPR_OFFICIAL_GIT_PIT,1998-01-01 00:00:00+00:00,54,1,53.0963020324707,53.0963020324707,2026-09-05 12:35:03.449201+00:00,2026-09-05 12:35:03.449201+00:00,0.0
GPRA_OFFICIAL_GIT_PIT,1998-01-01 00:00:00+00:00,54,1,42.487815856933594,42.487815856933594,2026-09-05 21:25:57.695659+00:00,2026-09-05 21:25:57.695659+00:00,0.0
GPR_OFFICIAL_GIT_PIT,1998-02-01 00:00:00+00:00,54,1,77.59761810302734,77.59761810302734,2026-09-05 12:35:03.449201+00:00,2026-09-05 12:35:03.449201+00:00,0.0
GPRA_OFFICIAL_GIT_PIT,1998-02-01 00:00:00+00:00,54,1,45.368019104003906,45.368019104003906,2026-09-05 21:25:57.695659+00:00,2026-09-05 21:25:57.695659+00:00,0.0
GPRT_OFFICIAL_GIT_PIT,1998-02-01 00:00:00+00:00,54,1,101.84082794189453,101.84082794189453,2026-09-05 21:25:57.695659+00:00,2026-09-05 21:25:57.695659+00:00,0.0
GPRT_OFFICIAL_GIT_PIT,1998-03-01 00:00:00+00:00,54,1,65.50199890136719,65.50199890136719,2026-09-05 21:25:57.695659+00:00,2026-09-05 21:25:57.695659+00:00,0.0
GPRA_OFFICIAL_GIT_PIT,1998-03-01 00:00:00+00:00,54,1,44.5167121887207,44.5167121887207,2026-09-05 21:25:57.695659+00:00,2026-09-05 21:25:57.695659+00:00,0.0
GPR_OFFICIAL_GIT_PIT,1998-03-01 00:00:00+00:00,54,1,57.24806213378906,57.24806213378906,2026-09-05 12:35:03.449201+00:00,2026-09-05 12:35:03.449201+00:00,0.0
GPR_OFFICIAL_GIT_PIT,1998-04-01 00:00:00+00:00,54,1,50.99658203125,50.99658203125,2026-09-05 12:35:03.449201+00:00,2026-09-05 12:35:03.449201+00:00,0.0
GPRA_OFFICIAL_GIT_PIT,1998-04-01 00:00:00+00:00,54,1,38.00284957885742,38.00284957885742,2026-09-05 21:25:57.695659+00:00,2026-09-05 21:25:57.695659+00:00,0.0
GPRT_OFFICIAL_GIT_PIT,1998-04-01 00:00:00+00:00,54,1,58.76738357543945,58.76738357543945,2026-09-05 21:25:57.695659+00:00,2026-09-05 21:25:57.695659+00:00,0.0
GPR_OFFICIAL_GIT_PIT,1998-05-01 00:00:00+00:00,54,1,94.4734878540039,94.4734878540039,2026-09-05 12:35:03.449201+00:00,2026-09-05 12:35:03.449201+00:00,0.0
GPRT_OFFICIAL_GIT_PIT,1998-05-01 00:00:00+00:00,54,1,129.79888916015625,129.79888916015625,2026-09-05 21:25:57.695659+00:00,2026-09-05 21:25:57.695659+00:00,0.0
GPRA_OFFICIAL_GIT_PIT,1998-05-01 00:00:00+00:00,54,1,43.802757263183594,43.802757263183594,2026-09-05 21:25:57.695659+00:00,2026-09-05 21:25:57.695659+00:00,0.0
GPR_OFFICIAL_GIT_PIT,1998-06-01 00:00:00+00:00,54,1,76.30907440185547,76.30907440185547,2026-09-05 12:35:03.449201+00:00,2026-09-05 12:35:03.449201+00:00,0.0
GPRA_OFFICIAL_GIT_PIT,1998-06-01 00:00:00+00:00,54,1,48.77885437011719,48.77885437011719,2026-09-05 21:25:57.695659+00:00,2026-09-05 21:25:57.695659+00:00,0.0
GPRT_OFFICIAL_GIT_PIT,1998-06-01 00:00:00+00:00,54,1,94.95468139648438,94.95468139648438,2026-09-05 21:25:57.695659+00:00,2026-09-05 21:25:57.695659+00:00,0.0
GPR_OFFICIAL_GIT_PIT,1998-07-01 00:00:00+00:00,54,1,54.04841613769531,54.04841613769531,2026-09-05 12:35:03.449201+00:00,2026-09-05 12:35:03.449201+00:00,0.0
GPRT_OFFICIAL_GIT_PIT,1998-07-01 00:00:00+00:00,54,1,64.22628021240234,64.22628021240234,2026-09-05 21:25:57.695659+00:00,2026-09-05 21:25:57.695659+00:00,0.0
GPRA_OFFICIAL_GIT_PIT,1998-07-01 00:00:00+00:00,54,1,38.29932403564453,38.29932403564453,2026-09-05 21:25:57.695659+00:00,2026-09-05 21:25:57.695659+00:00,0.0
GPRA_OFFICIAL_GIT_PIT,1998-08-01 00:00:00+00:00,54,1,123.8387451171875,123.8387451171875,2026-09-05 21:25:57.695659+00:00,2026-09-05 21:25:57.695659+00:00,0.0
GPR_OFFICIAL_GIT_PIT,1998-08-01 00:00:00+00:00,54,1,97.02085876464844,97.02085876464844,2026-09-05 12:35:03.449201+00:00,2026-09-05 12:35:03.449201+00:00,0.0
GPRT_OFFICIAL_GIT_PIT,1998-08-01 00:00:00+00:00,54,1,83.93855285644531,83.93855285644531,2026-09-05 21:25:57.695659+00:00,2026-09-05 21:25:57.695659+00:00,0.0
GPRA_OFFICIAL_GIT_PIT,1998-09-01 00:00:00+00:00,54,1,55.129615783691406,55.129615783691406,2026-09-05 21:25:57.695659+00:00,2026-09-05 21:25:57.695659+00:00,0.0
GPR_OFFICIAL_GIT_PIT,1998-09-01 00:00:00+00:00,54,1,62.51344299316406,62.51344299316406,2026-09-05 12:35:03.449201+00:00,2026-09-05 12:35:03.449201+00:00,0.0
GPRT_OFFICIAL_GIT_PIT,1998-09-01 00:00:00+00:00,54,1,68.4769515991211,68.4769515991211,2026-09-05 21:25:57.695659+00:00,2026-09-05 21:25:57.695659+00:00,0.0
GPR_OFFICIAL_GIT_PIT,1998-10-01 00:00:00+00:00,54,1,54.403648376464844,54.403648376464844,2026-09-05 12:35:03.449201+00:00,2026-09-05 12:35:03.449201+00:00,0.0
GPRT_OFFICIAL_GIT_PIT,1998-10-01 00:00:00+00:00,54,1,57.89592742919922,57.89592742919922,2026-09-05 21:25:57.695659+00:00,2026-09-05 21:25:57.695659+00:00,0.0
GPRA_OFFICIAL_GIT_PIT,1998-10-01 00:00:00+00:00,54,1,48.27804183959961,48.27804183959961,2026-09-05 21:25:57.695659+00:00,2026-09-05 21:25:57.695659+00:00,0.0
GPRT_OFFICIAL_GIT_PIT,1998-11-01 00:00:00+00:00,54,1,88.07134246826172,88.07134246826172,2026-09-05 21:25:57.695659+00:00,2026-09-05 21:25:57.695659+00:00,0.0
GPR_OFFICIAL_GIT_PIT,1998-11-01 00:00:00+00:00,54,1,67.96592712402344,67.96592712402344,2026-09-05 12:35:03.449201+00:00,2026-09-05 12:35:03.449201+00:00,0.0
GPRA_OFFICIAL_GIT_PIT,1998-11-01 00:00:00+00:00,54,1,38.602264404296875,38.602264404296875,2026-09-05 21:25:57.695659+00:00,2026-09-05 21:25:57.695659+00:00,0.0
GPRT_OFFICIAL_GIT_PIT,1998-12-01 00:00:00+00:00,54,1,86.2803955078125,86.2803955078125,2026-09-05 21:25:57.695659+00:00,2026-09-05 21:25:57.695659+00:00,0.0
GPR_OFFICIAL_GIT_PIT,1998-12-01 00:00:00+00:00,54,1,75.95989227294922,75.95989227294922,2026-09-05 12:35:03.449201+00:00,2026-09-05 12:35:03.449201+00:00,0.0
GPRA_OFFICIAL_GIT_PIT,1998-12-01 00:00:00+00:00,54,1,64.999755859375,64.999755859375,2026-09-05 21:25:57.695659+00:00,2026-09-05 21:25:57.695659+00:00,0.0
GPR_OFFICIAL_GIT_PIT,1999-01-01 00:00:00+00:00,54,1,63.98722457885742,63.98722457885742,2026-09-05 12:35:03.449201+00:00,2026-09-05 12:35:03.449201+00:00,0.0
GPRT_OFFICIAL_GIT_PIT,1999-01-01 00:00:00+00:00,54,1,69.46121215820312,69.46121215820312,2026-09-05 21:25:57.695659+00:00,2026-09-05 21:25:57.695659+00:00,0.0
GPRA_OFFICIAL_GIT_PIT,1999-01-01 00:00:00+00:00,54,1,53.77272033691406,53.77272033691406,2026-09-05 21:25:57.695659+00:00,2026-09-05 21:25:57.695659+00:00,0.0
GPR_OFFICIAL_GIT_PIT,1999-02-01 00:00:00+00:00,54,1,58.316383361816406,58.316383361816406,2026-09-05 12:35:03.449201+00:00,2026-09-05 12:35:03.449201+00:00,0.0
GPRT_OFFICIAL_GIT_PIT,1999-02-01 00:00:00+00:00,54,1,67.28399658203125,67.28399658203125,2026-09-05 21:25:57.695659+00:00,2026-09-05 21:25:57.695659+00:00,0.0
GPRA_OFFICIAL_GIT_PIT,1999-02-01 00:00:00+00:00,54,1,44.1739501953125,44.1739501953125,2026-09-05 21:25:57.695659+00:00,2026-09-05 21:25:57.695659+00:00,0.0
GPR_OFFICIAL_GIT_PIT,1999-03-01 00:00:00+00:00,54,1,83.39727783203125,83.39727783203125,2026-09-05 12:35:03.449201+00:00,2026-09-05 12:35:03.449201+00:00,0.0
GPRT_OFFICIAL_GIT_PIT,1999-03-01 00:00:00+00:00,54,1,89.73835754394531,89.73835754394531,2026-09-05 21:25:57.695659+00:00,2026-09-05 21:25:57.695659+00:00,0.0
GPRA_OFFICIAL_GIT_PIT,1999-03-01 00:00:00+00:00,54,1,75.18807983398438,75.18807983398438,2026-09-05 21:25:57.695659+00:00,2026-09-05 21:25:57.695659+00:00,0.0
GPRT_OFFICIAL_GIT_PIT,1999-04-01 00:00:00+00:00,54,1,112.34139251708984,112.34139251708984,2026-09-05 21:25:57.695659+00:00,2026-09-05 21:25:57.695659+00:00,0.0
GPRA_OFFICIAL_GIT_PIT,1999-04-01 00:00:00+00:00,54,1,103.2333755493164,103.2333755493164,2026-09-05 21:25:57.695659+00:00,2026-09-05 21:25:57.695659+00:00,0.0
GPR_OFFICIAL_GIT_PIT,1999-04-01 00:00:00+00:00,54,1,106.19801330566406,106.19801330566406,2026-09-05 12:35:03.449201+00:00,2026-09-05 12:35:03.449201+00:00,0.0
GPR_OFFICIAL_GIT_PIT,1999-05-01 00:00:00+00:00,54,1,85.44113159179688,85.44113159179688,2026-09-05 12:35:03.449201+00:00,2026-09-05 12:35:03.449201+00:00,0.0
GPRA_OFFICIAL_GIT_PIT,1999-05-01 00:00:00+00:00,54,1,80.67141723632812,80.67141723632812,2026-09-05 21:25:57.695659+00:00,2026-09-05 21:25:57.695659+00:00,0.0
GPRT_OFFICIAL_GIT_PIT,1999-05-01 00:00:00+00:00,54,1,89.3775634765625,89.3775634765625,2026-09-05 21:25:57.695659+00:00,2026-09-05 21:25:57.695659+00:00,0.0
GPRT_OFFICIAL_GIT_PIT,1999-06-01 00:00:00+00:00,54,1,75.96134948730469,75.96134948730469,2026-09-05 21:25:57.695659+00:00,2026-09-05 21:25:57.695659+00:00,0.0
GPR_OFFICIAL_GIT_PIT,1999-06-01 00:00:00+00:00,54,1,79.4105453491211,79.4105453491211,2026-09-05 12:35:03.449201+00:00,2026-09-05 12:35:03.449201+00:00,0.0
GPRA_OFFICIAL_GIT_PIT,1999-06-01 00:00:00+00:00,54,1,83.76152038574219,83.76152038574219,2026-09-05 21:25:57.695659+00:00,2026-09-05 21:25:57.695659+00:00,0.0
GPRA_OFFICIAL_GIT_PIT,1999-07-01 00:00:00+00:00,54,1,54.25792694091797,54.25792694091797,2026-09-05 21:25:57.695659+00:00,2026-09-05 21:25:57.695659+00:00,0.0
GPRT_OFFICIAL_GIT_PIT,1999-07-01 00:00:00+00:00,54,1,66.83728790283203,66.83728790283203,2026-09-05 21:25:57.695659+00:00,2026-09-05 21:25:57.695659+00:00,0.0
GPR_OFFICIAL_GIT_PIT,1999-07-01 00:00:00+00:00,54,1,62.14287185668945,62.14287185668945,2026-09-05 12:35:03.449201+00:00,2026-09-05 12:35:03.449201+00:00,0.0
GPRA_OFFICIAL_GIT_PIT,1999-08-01 00:00:00+00:00,54,1,57.959991455078125,57.959991455078125,2026-09-05 21:25:57.695659+00:00,2026-09-05 21:25:57.695659+00:00,0.0
GPRT_OFFICIAL_GIT_PIT,1999-08-01 00:00:00+00:00,54,1,65.2621078491211,65.2621078491211,2026-09-05 21:25:57.695659+00:00,2026-09-05 21:25:57.695659+00:00,0.0
GPR_OFFICIAL_GIT_PIT,1999-08-01 00:00:00+00:00,54,1,62.858642578125,62.858642578125,2026-09-05 12:35:03.449201+00:00,2026-09-05 12:35:03.449201+00:00,0.0
GPR_OFFICIAL_GIT_PIT,1999-09-01 00:00:00+00:00,54,1,69.58151245117188,69.58151245117188,2026-09-05 12:35:03.449201+00:00,2026-09-05 12:35:03.449201+00:00,0.0
GPRT_OFFICIAL_GIT_PIT,1999-09-01 00:00:00+00:00,54,1,75.54266357421875,75.54266357421875,2026-09-05 21:25:57.695659+00:00,2026-09-05 21:25:57.695659+00:00,0.0
GPRA_OFFICIAL_GIT_PIT,1999-09-01 00:00:00+00:00,54,1,62.214027404785156,62.214027404785156,2026-09-05 21:25:57.695659+00:00,2026-09-05 21:25:57.695659+00:00,0.0
GPRA_OFFICIAL_GIT_PIT,1999-10-01 00:00:00+00:00,54,1,60.16195297241211,60.16195297241211,2026-09-05 21:25:57.695659+00:00,2026-09-05 21:25:57.695659+00:00,0.0
GPRT_OFFICIAL_GIT_PIT,1999-10-01 00:00:00+00:00,54,1,79.38410949707031,79.38410949707031,2026-09-05 21:25:57.695659+00:00,2026-09-05 21:25:57.695659+00:00,0.0
GPR_OFFICIAL_GIT_PIT,1999-10-01 00:00:00+00:00,54,1,72.35348510742188,72.35348510742188,2026-09-05 12:35:03.449201+00:00,2026-09-05 12:35:03.449201+00:00,0.0
GPRA_OFFICIAL_GIT_PIT,1999-11-01 00:00:00+00:00,54,1,52.49796676635742,52.49796676635742,2026-09-05 21:25:57.695659+00:00,2026-09-05 21:25:57.695659+00:00,0.0
GPRT_OFFICIAL_GIT_PIT,1999-11-01 00:00:00+00:00,54,1,60.38698196411133,60.38698196411133,2026-09-05 21:25:57.695659+00:00,2026-09-05 21:25:57.695659+00:00,0.0
GPR_OFFICIAL_GIT_PIT,1999-11-01 00:00:00+00:00,54,1,57.9638671875,57.9638671875,2026-09-05 12:35:03.449201+00:00,2026-09-05 12:35:03.449201+00:00,0.0
GPRA_OFFICIAL_GIT_PIT,1999-12-01 00:00:00+00:00,54,1,86.46973419189453,86.46973419189453,2026-09-05 21:25:57.695659+00:00,2026-09-05 21:25:57.695659+00:00,0.0
GPRT_OFFICIAL_GIT_PIT,1999-12-01 00:00:00+00:00,54,1,95.51082611083984,95.51082611083984,2026-09-05 21:25:57.695659+00:00,2026-09-05 21:25:57.695659+00:00,0.0
GPR_OFFICIAL_GIT_PIT,1999-12-01 00:00:00+00:00,54,1,86.0849380493164,86.0849380493164,2026-09-05 12:35:03.449201+00:00,2026-09-05 12:35:03.449201+00:00,0.0
GPRT_OFFICIAL_GIT_PIT,2000-01-01 00:00:00+00:00,54,1,65.57360076904297,65.57360076904297,2026-09-05 21:25:57.695659+00:00,2026-09-05 21:25:57.695659+00:00,0.0
GPRA_OFFICIAL_GIT_PIT,2000-01-01 00:00:00+00:00,54,1,64.25041198730469,64.25041198730469,2026-09-05 21:25:57.695659+00:00,2026-09-05 21:25:57.695659+00:00,0.0
GPR_OFFICIAL_GIT_PIT,2000-01-01 00:00:00+00:00,54,1,64.45780944824219,64.45780944824219,2026-09-05 12:35:03.449201+00:00,2026-09-05 12:35:03.449201+00:00,0.0
GPRT_OFFICIAL_GIT_PIT,2000-02-01 00:00:00+00:00,54,1,57.65135955810547,57.65135955810547,2026-09-05 21:25:57.695659+00:00,2026-09-05 21:25:57.695659+00:00,0.0
GPRA_OFFICIAL_GIT_PIT,2000-02-01 00:00:00+00:00,54,1,68.08216857910156,68.08216857910156,2026-09-05 21:25:57.695659+00:00,2026-09-05 21:25:57.695659+00:00,0.0
GPR_OFFICIAL_GIT_PIT,2000-02-01 00:00:00+00:00,54,1,63.54172134399414,63.54172134399414,2026-09-05 12:35:03.449201+00:00,2026-09-05 12:35:03.449201+00:00,0.0
GPRA_OFFICIAL_GIT_PIT,2000-03-01 00:00:00+00:00,54,1,40.81640625,40.81640625,2026-09-05 21:25:57.695659+00:00,2026-09-05 21:25:57.695659+00:00,0.0
GPR_OFFICIAL_GIT_PIT,2000-03-01 00:00:00+00:00,54,1,50.101985931396484,50.101985931396484,2026-09-05 12:35:03.449201+00:00,2026-09-05 12:35:03.449201+00:00,0.0
GPRT_OFFICIAL_GIT_PIT,2000-03-01 00:00:00+00:00,54,1,55.03073501586914,55.03073501586914,2026-09-05 21:25:57.695659+00:00,2026-09-05 21:25:57.695659+00:00,0.0
GPRA_OFFICIAL_GIT_PIT,2000-04-01 00:00:00+00:00,54,1,40.91702651977539,40.91702651977539,2026-09-05 21:25:57.695659+00:00,2026-09-05 21:25:57.695659+00:00,0.0
GPRT_OFFICIAL_GIT_PIT,2000-04-01 00:00:00+00:00,54,1,53.30490493774414,53.30490493774414,2026-09-05 21:25:57.695659+00:00,2026-09-05 21:25:57.695659+00:00,0.0
GPR_OFFICIAL_GIT_PIT,2000-04-01 00:00:00+00:00,54,1,48.6827392578125,48.6827392578125,2026-09-05 12:35:03.449201+00:00,2026-09-05 12:35:03.449201+00:00,0.0
GPRA_OFFICIAL_GIT_PIT,2000-05-01 00:00:00+00:00,54,1,83.22781372070312,83.22781372070312,2026-09-05 21:25:57.695659+00:00,2026-09-05 21:25:57.695659+00:00,0.0
GPR_OFFICIAL_GIT_PIT,2000-05-01 00:00:00+00:00,54,1,79.48287963867188,79.48287963867188,2026-09-05 12:35:03.449201+00:00,2026-09-05 12:35:03.449201+00:00,0.0
GPRT_OFFICIAL_GIT_PIT,2000-05-01 00:00:00+00:00,54,1,77.26969909667969,77.26969909667969,2026-09-05 21:25:57.695659+00:00,2026-09-05 21:25:57.695659+00:00,0.0
GPRA_OFFICIAL_GIT_PIT,2000-06-01 00:00:00+00:00,54,1,53.174400329589844,53.174400329589844,2026-09-05 21:25:57.695659+00:00,2026-09-05 21:25:57.695659+00:00,0.0
GPR_OFFICIAL_GIT_PIT,2000-06-01 00:00:00+00:00,54,1,64.71781921386719,64.71781921386719,2026-09-05 12:35:03.449201+00:00,2026-09-05 12:35:03.449201+00:00,0.0
GPRT_OFFICIAL_GIT_PIT,2000-06-01 00:00:00+00:00,54,1,73.57466888427734,73.57466888427734,2026-09-05 21:25:57.695659+00:00,2026-09-05 21:25:57.695659+00:00,0.0
GPRT_OFFICIAL_GIT_PIT,2000-07-01 00:00:00+00:00,54,1,57.31697463989258,57.31697463989258,2026-09-05 21:25:57.695659+00:00,2026-09-05 21:25:57.695659+00:00,0.0
GPRA_OFFICIAL_GIT_PIT,2000-07-01 00:00:00+00:00,54,1,41.059078216552734,41.059078216552734,2026-09-05 21:25:57.695659+00:00,2026-09-05 21:25:57.695659+00:00,0.0
GPR_OFFICIAL_GIT_PIT,2000-07-01 00:00:00+00:00,54,1,51.904022216796875,51.904022216796875,2026-09-05 12:35:03.449201+00:00,2026-09-05 12:35:03.449201+00:00,0.0
GPRA_OFFICIAL_GIT_PIT,2000-08-01 00:00:00+00:00,54,1,41.58592224121094,41.58592224121094,2026-09-05 21:25:57.695659+00:00,2026-09-05 21:25:57.695659+00:00,0.0
GPRT_OFFICIAL_GIT_PIT,2000-08-01 00:00:00+00:00,54,1,49.192291259765625,49.192291259765625,2026-09-05 21:25:57.695659+00:00,2026-09-05 21:25:57.695659+00:00,0.0
GPR_OFFICIAL_GIT_PIT,2000-08-01 00:00:00+00:00,54,1,46.49225616455078,46.49225616455078,2026-09-05 12:35:03.449201+00:00,2026-09-05 12:35:03.449201+00:00,0.0
GPR_OFFICIAL_GIT_PIT,2000-09-01 00:00:00+00:00,54,1,52.689998626708984,52.689998626708984,2026-09-05 12:35:03.449201+00:00,2026-09-05 12:35:03.449201+00:00,0.0
GPRA_OFFICIAL_GIT_PIT,2000-09-01 00:00:00+00:00,54,1,35.192142486572266,35.192142486572266,2026-09-05 21:25:57.695659+00:00,2026-09-05 21:25:57.695659+00:00,0.0
GPRT_OFFICIAL_GIT_PIT,2000-09-01 00:00:00+00:00,54,1,64.44499206542969,64.44499206542969,2026-09-05 21:25:57.695659+00:00,2026-09-05 21:25:57.695659+00:00,0.0
GPRA_OFFICIAL_GIT_PIT,2000-10-01 00:00:00+00:00,54,1,77.61014556884766,77.61014556884766,2026-09-05 21:25:57.695659+00:00,2026-09-05 21:25:57.695659+00:00,0.0
GPR_OFFICIAL_GIT_PIT,2000-10-01 00:00:00+00:00,54,1,76.45652770996094,76.45652770996094,2026-09-05 12:35:03.449201+00:00,2026-09-05 12:35:03.449201+00:00,0.0
GPRT_OFFICIAL_GIT_PIT,2000-10-01 00:00:00+00:00,54,1,82.38760375976562,82.38760375976562,2026-09-05 21:25:57.695659+00:00,2026-09-05 21:25:57.695659+00:00,0.0
GPRT_OFFICIAL_GIT_PIT,2000-11-01 00:00:00+00:00,54,1,44.357688903808594,44.357688903808594,2026-09-05 21:25:57.695659+00:00,2026-09-05 21:25:57.695659+00:00,0.0
GPRA_OFFICIAL_GIT_PIT,2000-11-01 00:00:00+00:00,54,1,47.206809997558594,47.206809997558594,2026-09-05 21:25:57.695659+00:00,2026-09-05 21:25:57.695659+00:00,0.0
GPR_OFFICIAL_GIT_PIT,2000-11-01 00:00:00+00:00,54,1,45.06056213378906,45.06056213378906,2026-09-05 12:35:03.449201+00:00,2026-09-05 12:35:03.449201+00:00,0.0
GPRT_OFFICIAL_GIT_PIT,2000-12-01 00:00:00+00:00,54,1,46.16897964477539,46.16897964477539,2026-09-05 21:25:57.695659+00:00,2026-09-05 21:25:57.695659+00:00,0.0
GPRA_OFFICIAL_GIT_PIT,2000-12-01 00:00:00+00:00,54,1,43.98335266113281,43.98335266113281,2026-09-05 21:25:57.695659+00:00,2026-09-05 21:25:57.695659+00:00,0.0
GPR_OFFICIAL_GIT_PIT,2000-12-01 00:00:00+00:00,54,1,45.39509963989258,45.39509963989258,2026-09-05 12:35:03.449201+00:00,2026-09-05 12:35:03.449201+00:00,0.0
GPR_OFFICIAL_GIT_PIT,2001-01-01 00:00:00+00:00,54,1,46.89955520629883,46.89955520629883,2026-09-05 12:35:03.449201+00:00,2026-09-05 12:35:03.449201+00:00,0.0
GPRT_OFFICIAL_GIT_PIT,2001-01-01 00:00:00+00:00,54,1,53.70235824584961,53.70235824584961,2026-09-05 21:25:57.695659+00:00,2026-09-05 21:25:57.695659+00:00,0.0
GPRA_OFFICIAL_GIT_PIT,2001-01-01 00:00:00+00:00,54,1,38.343318939208984,38.343318939208984,2026-09-05 21:25:57.695659+00:00,2026-09-05 21:25:57.695659+00:00,0.0
GPR_OFFICIAL_GIT_PIT,2001-02-01 00:00:00+00:00,54,1,55.087711334228516,55.087711334228516,2026-09-05 12:35:03.449201+00:00,2026-09-05 12:35:03.449201+00:00,0.0
GPRT_OFFICIAL_GIT_PIT,2001-02-01 00:00:00+00:00,54,1,63.68989181518555,63.68989181518555,2026-09-05 21:25:57.695659+00:00,2026-09-05 21:25:57.695659+00:00,0.0
GPRA_OFFICIAL_GIT_PIT,2001-02-01 00:00:00+00:00,54,1,45.426673889160156,45.426673889160156,2026-09-05 21:25:57.695659+00:00,2026-09-05 21:25:57.695659+00:00,0.0
GPR_OFFICIAL_GIT_PIT,2001-03-01 00:00:00+00:00,54,1,61.708953857421875,61.708953857421875,2026-09-05 12:35:03.449201+00:00,2026-09-05 12:35:03.449201+00:00,0.0
GPRT_OFFICIAL_GIT_PIT,2001-03-01 00:00:00+00:00,54,1,66.72218322753906,66.72218322753906,2026-09-05 21:25:57.695659+00:00,2026-09-05 21:25:57.695659+00:00,0.0
GPRA_OFFICIAL_GIT_PIT,2001-03-01 00:00:00+00:00,54,1,56.86698913574219,56.86698913574219,2026-09-05 21:25:57.695659+00:00,2026-09-05 21:25:57.695659+00:00,0.0
GPRA_OFFICIAL_GIT_PIT,2001-04-01 00:00:00+00:00,54,1,47.17219924926758,47.17219924926758,2026-09-05 21:25:57.695659+00:00,2026-09-05 21:25:57.695659+00:00,0.0
GPRT_OFFICIAL_GIT_PIT,2001-04-01 00:00:00+00:00,54,1,52.7736701965332,52.7736701965332,2026-09-05 21:25:57.695659+00:00,2026-09-05 21:25:57.695659+00:00,0.0
GPR_OFFICIAL_GIT_PIT,2001-04-01 00:00:00+00:00,54,1,50.5687370300293,50.5687370300293,2026-09-05 12:35:03.449201+00:00,2026-09-05 12:35:03.449201+00:00,0.0
GPRA_OFFICIAL_GIT_PIT,2001-05-01 00:00:00+00:00,54,1,56.86418914794922,56.86418914794922,2026-09-05 21:25:57.695659+00:00,2026-09-05 21:25:57.695659+00:00,0.0
GPR_OFFICIAL_GIT_PIT,2001-05-01 00:00:00+00:00,54,1,60.376861572265625,60.376861572265625,2026-09-05 12:35:03.449201+00:00,2026-09-05 12:35:03.449201+00:00,0.0
GPRT_OFFICIAL_GIT_PIT,2001-05-01 00:00:00+00:00,54,1,61.344993591308594,61.344993591308594,2026-09-05 21:25:57.695659+00:00,2026-09-05 21:25:57.695659+00:00,0.0
GPR_OFFICIAL_GIT_PIT,2001-06-01 00:00:00+00:00,54,1,72.06433868408203,72.06433868408203,2026-09-05 12:35:03.449201+00:00,2026-09-05 12:35:03.449201+00:00,0.0
GPRA_OFFICIAL_GIT_PIT,2001-06-01 00:00:00+00:00,54,1,64.2144775390625,64.2144775390625,2026-09-05 21:25:57.695659+00:00,2026-09-05 21:25:57.695659+00:00,0.0
GPRT_OFFICIAL_GIT_PIT,2001-06-01 00:00:00+00:00,54,1,79.31310272216797,79.31310272216797,2026-09-05 21:25:57.695659+00:00,2026-09-05 21:25:57.695659+00:00,0.0
GPR_OFFICIAL_GIT_PIT,2001-07-01 00:00:00+00:00,54,1,61.072940826416016,61.072940826416016,2026-09-05 12:35:03.449201+00:00,2026-09-05 12:35:03.449201+00:00,0.0
GPRA_OFFICIAL_GIT_PIT,2001-07-01 00:00:00+00:00,54,1,52.618770599365234,52.618770599365234,2026-09-05 21:25:57.695659+00:00,2026-09-05 21:25:57.695659+00:00,0.0
GPRT_OFFICIAL_GIT_PIT,2001-07-01 00:00:00+00:00,54,1,65.49278259277344,65.49278259277344,2026-09-05 21:25:57.695659+00:00,2026-09-05 21:25:57.695659+00:00,0.0
GPRA_OFFICIAL_GIT_PIT,2001-08-01 00:00:00+00:00,54,1,74.89220428466797,74.89220428466797,2026-09-05 21:25:57.695659+00:00,2026-09-05 21:25:57.695659+00:00,0.0
GPRT_OFFICIAL_GIT_PIT,2001-08-01 00:00:00+00:00,54,1,55.23207473754883,55.23207473754883,2026-09-05 21:25:57.695659+00:00,2026-09-05 21:25:57.695659+00:00,0.0
GPR_OFFICIAL_GIT_PIT,2001-08-01 00:00:00+00:00,54,1,64.10773468017578,64.10773468017578,2026-09-05 12:35:03.449201+00:00,2026-09-05 12:35:03.449201+00:00,0.0
GPRA_OFFICIAL_GIT_PIT,2001-09-01 00:00:00+00:00,54,1,841.177490234375,841.177490234375,2026-09-05 21:25:57.695659+00:00,2026-09-05 21:25:57.695659+00:00,0.0
GPRT_OFFICIAL_GIT_PIT,2001-09-01 00:00:00+00:00,54,1,260.16961669921875,260.16961669921875,2026-09-05 21:25:57.695659+00:00,2026-09-05 21:25:57.695659+00:00,0.0
GPR_OFFICIAL_GIT_PIT,2001-09-01 00:00:00+00:00,54,1,498.64788818359375,498.64788818359375,2026-09-05 12:35:03.449201+00:00,2026-09-05 12:35:03.449201+00:00,0.0
GPRA_OFFICIAL_GIT_PIT,2001-10-01 00:00:00+00:00,54,1,854.074951171875,854.074951171875,2026-09-05 21:25:57.695659+00:00,2026-09-05 21:25:57.695659+00:00,0.0
GPRT_OFFICIAL_GIT_PIT,2001-10-01 00:00:00+00:00,54,1,261.347412109375,261.347412109375,2026-09-05 21:25:57.695659+00:00,2026-09-05 21:25:57.695659+00:00,0.0
GPR_OFFICIAL_GIT_PIT,2001-10-01 00:00:00+00:00,54,1,512.5297241210938,512.5297241210938,2026-09-05 12:35:03.449201+00:00,2026-09-05 12:35:03.449201+00:00,0.0
GPRA_OFFICIAL_GIT_PIT,2001-11-01 00:00:00+00:00,54,1,509.7461242675781,509.7461242675781,2026-09-05 21:25:57.695659+00:00,2026-09-05 21:25:57.695659+00:00,0.0
GPR_OFFICIAL_GIT_PIT,2001-11-01 00:00:00+00:00,54,1,306.785888671875,306.785888671875,2026-09-05 12:35:03.449201+00:00,2026-09-05 12:35:03.449201+00:00,0.0
GPRT_OFFICIAL_GIT_PIT,2001-11-01 00:00:00+00:00,54,1,149.79522705078125,149.79522705078125,2026-09-05 21:25:57.695659+00:00,2026-09-05 21:25:57.695659+00:00,0.0
GPRA_OFFICIAL_GIT_PIT,2001-12-01 00:00:00+00:00,54,1,381.9725036621094,381.9725036621094,2026-09-05 21:25:57.695659+00:00,2026-09-05 21:25:57.695659+00:00,0.0
GPR_OFFICIAL_GIT_PIT,2001-12-01 00:00:00+00:00,54,1,236.09974670410156,236.09974670410156,2026-09-05 12:35:03.449201+00:00,2026-09-05 12:35:03.449201+00:00,0.0
GPRT_OFFICIAL_GIT_PIT,2001-12-01 00:00:00+00:00,54,1,126.19801330566406,126.19801330566406,2026-09-05 21:25:57.695659+00:00,2026-09-05 21:25:57.695659+00:00,0.0
GPRT_OFFICIAL_GIT_PIT,2002-01-01 00:00:00+00:00,54,1,106.9162368774414,106.9162368774414,2026-09-05 21:25:57.695659+00:00,2026-09-05 21:25:57.695659+00:00,0.0
GPR_OFFICIAL_GIT_PIT,2002-01-01 00:00:00+00:00,54,1,172.47720336914062,172.47720336914062,2026-09-05 12:35:03.449201+00:00,2026-09-05 12:35:03.449201+00:00,0.0
GPRA_OFFICIAL_GIT_PIT,2002-01-01 00:00:00+00:00,54,1,262.2870178222656,262.2870178222656,2026-09-05 21:25:57.695659+00:00,2026-09-05 21:25:57.695659+00:00,0.0
GPR_OFFICIAL_GIT_PIT,2002-02-01 00:00:00+00:00,54,1,146.1857147216797,146.1857147216797,2026-09-05 12:35:03.449201+00:00,2026-09-05 12:35:03.449201+00:00,0.0
GPRA_OFFICIAL_GIT_PIT,2002-02-01 00:00:00+00:00,54,1,212.90550231933594,212.90550231933594,2026-09-05 21:25:57.695659+00:00,2026-09-05 21:25:57.695659+00:00,0.0
GPRT_OFFICIAL_GIT_PIT,2002-02-01 00:00:00+00:00,54,1,95.78031158447266,95.78031158447266,2026-09-05 21:25:57.695659+00:00,2026-09-05 21:25:57.695659+00:00,0.0
GPR_OFFICIAL_GIT_PIT,2002-03-01 00:00:00+00:00,54,1,151.9763641357422,151.9763641357422,2026-09-05 12:35:03.449201+00:00,2026-09-05 12:35:03.449201+00:00,0.0
GPRA_OFFICIAL_GIT_PIT,2002-03-01 00:00:00+00:00,54,1,219.96884155273438,219.96884155273438,2026-09-05 21:25:57.695659+00:00,2026-09-05 21:25:57.695659+00:00,0.0
GPRT_OFFICIAL_GIT_PIT,2002-03-01 00:00:00+00:00,54,1,99.12334442138672,99.12334442138672,2026-09-05 21:25:57.695659+00:00,2026-09-05 21:25:57.695659+00:00,0.0
GPRA_OFFICIAL_GIT_PIT,2002-04-01 00:00:00+00:00,54,1,225.64035034179688,225.64035034179688,2026-09-05 21:25:57.695659+00:00,2026-09-05 21:25:57.695659+00:00,0.0
GPRT_OFFICIAL_GIT_PIT,2002-04-01 00:00:00+00:00,54,1,100.74444580078125,100.74444580078125,2026-09-05 21:25:57.695659+00:00,2026-09-05 21:25:57.695659+00:00,0.0
GPR_OFFICIAL_GIT_PIT,2002-04-01 00:00:00+00:00,54,1,157.49655151367188,157.49655151367188,2026-09-05 12:35:03.449201+00:00,2026-09-05 12:35:03.449201+00:00,0.0
GPRA_OFFICIAL_GIT_PIT,2002-05-01 00:00:00+00:00,54,1,209.40878295898438,209.40878295898438,2026-09-05 21:25:57.695659+00:00,2026-09-05 21:25:57.695659+00:00,0.0
GPRT_OFFICIAL_GIT_PIT,2002-05-01 00:00:00+00:00,54,1,142.246826171875,142.246826171875,2026-09-05 21:25:57.695659+00:00,2026-09-05 21:25:57.695659+00:00,0.0
GPR_OFFICIAL_GIT_PIT,2002-05-01 00:00:00+00:00,54,1,163.3223114013672,163.3223114013672,2026-09-05 12:35:03.449201+00:00,2026-09-05 12:35:03.449201+00:00,0.0
GPRA_OFFICIAL_GIT_PIT,2002-06-01 00:00:00+00:00,54,1,189.1234893798828,189.1234893798828,2026-09-05 21:25:57.695659+00:00,2026-09-05 21:25:57.695659+00:00,0.0
GPR_OFFICIAL_GIT_PIT,2002-06-01 00:00:00+00:00,54,1,149.33042907714844,149.33042907714844,2026-09-05 12:35:03.449201+00:00,2026-09-05 12:35:03.449201+00:00,0.0
GPRT_OFFICIAL_GIT_PIT,2002-06-01 00:00:00+00:00,54,1,127.7907485961914,127.7907485961914,2026-09-05 21:25:57.695659+00:00,2026-09-05 21:25:57.695659+00:00,0.0
GPR_OFFICIAL_GIT_PIT,2002-07-01 00:00:00+00:00,54,1,122.7783432006836,122.7783432006836,2026-09-05 12:35:03.449201+00:00,2026-09-05 12:35:03.449201+00:00,0.0
GPRA_OFFICIAL_GIT_PIT,2002-07-01 00:00:00+00:00,54,1,168.41973876953125,168.41973876953125,2026-09-05 21:25:57.695659+00:00,2026-09-05 21:25:57.695659+00:00,0.0
GPRT_OFFICIAL_GIT_PIT,2002-07-01 00:00:00+00:00,54,1,94.34967803955078,94.34967803955078,2026-09-05 21:25:57.695659+00:00,2026-09-05 21:25:57.695659+00:00,0.0
GPR_OFFICIAL_GIT_PIT,2002-08-01 00:00:00+00:00,54,1,127.06451416015625,127.06451416015625,2026-09-05 12:35:03.449201+00:00,2026-09-05 12:35:03.449201+00:00,0.0
GPRT_OFFICIAL_GIT_PIT,2002-08-01 00:00:00+00:00,54,1,101.69573974609375,101.69573974609375,2026-09-05 21:25:57.695659+00:00,2026-09-05 21:25:57.695659+00:00,0.0
GPRA_OFFICIAL_GIT_PIT,2002-08-01 00:00:00+00:00,54,1,157.46444702148438,157.46444702148438,2026-09-05 21:25:57.695659+00:00,2026-09-05 21:25:57.695659+00:00,0.0
GPR_OFFICIAL_GIT_PIT,2002-09-01 00:00:00+00:00,54,1,174.90333557128906,174.90333557128906,2026-09-05 12:35:03.449201+00:00,2026-09-05 12:35:03.449201+00:00,0.0
GPRT_OFFICIAL_GIT_PIT,2002-09-01 00:00:00+00:00,54,1,174.5314483642578,174.5314483642578,2026-09-05 21:25:57.695659+00:00,2026-09-05 21:25:57.695659+00:00,0.0
GPRA_OFFICIAL_GIT_PIT,2002-09-01 00:00:00+00:00,54,1,188.7191925048828,188.7191925048828,2026-09-05 21:25:57.695659+00:00,2026-09-05 21:25:57.695659+00:00,0.0
GPR_OFFICIAL_GIT_PIT,2002-10-01 00:00:00+00:00,54,1,172.03192138671875,172.03192138671875,2026-09-05 12:35:03.449201+00:00,2026-09-05 12:35:03.449201+00:00,0.0
GPRA_OFFICIAL_GIT_PIT,2002-10-01 00:00:00+00:00,54,1,197.39906311035156,197.39906311035156,2026-09-05 21:25:57.695659+00:00,2026-09-05 21:25:57.695659+00:00,0.0
GPRT_OFFICIAL_GIT_PIT,2002-10-01 00:00:00+00:00,54,1,167.02581787109375,167.02581787109375,2026-09-05 21:25:57.695659+00:00,2026-09-05 21:25:57.695659+00:00,0.0
GPRT_OFFICIAL_GIT_PIT,2002-11-01 00:00:00+00:00,54,1,155.0137481689453,155.0137481689453,2026-09-05 21:25:57.695659+00:00,2026-09-05 21:25:57.695659+00:00,0.0
GPR_OFFICIAL_GIT_PIT,2002-11-01 00:00:00+00:00,54,1,159.12759399414062,159.12759399414062,2026-09-05 12:35:03.449201+00:00,2026-09-05 12:35:03.449201+00:00,0.0
GPRA_OFFICIAL_GIT_PIT,2002-11-01 00:00:00+00:00,54,1,179.06283569335938,179.06283569335938,2026-09-05 21:25:57.695659+00:00,2026-09-05 21:25:57.695659+00:00,0.0
GPRT_OFFICIAL_GIT_PIT,2002-12-01 00:00:00+00:00,54,1,182.9995574951172,182.9995574951172,2026-09-05 21:25:57.695659+00:00,2026-09-05 21:25:57.695659+00:00,0.0
GPRA_OFFICIAL_GIT_PIT,2002-12-01 00:00:00+00:00,54,1,175.19842529296875,175.19842529296875,2026-09-05 21:25:57.695659+00:00,2026-09-05 21:25:57.695659+00:00,0.0
GPR_OFFICIAL_GIT_PIT,2002-12-01 00:00:00+00:00,54,1,175.8117218017578,175.8117218017578,2026-09-05 12:35:03.449201+00:00,2026-09-05 12:35:03.449201+00:00,0.0
GPRA_OFFICIAL_GIT_PIT,2003-01-01 00:00:00+00:00,54,1,176.95985412597656,176.95985412597656,2026-09-05 21:25:57.695659+00:00,2026-09-05 21:25:57.695659+00:00,0.0
GPR_OFFICIAL_GIT_PIT,2003-01-01 00:00:00+00:00,54,1,206.43460083007812,206.43460083007812,2026-09-05 12:35:03.449201+00:00,2026-09-05 12:35:03.449201+00:00,0.0
GPRT_OFFICIAL_GIT_PIT,2003-01-01 00:00:00+00:00,54,1,245.8175506591797,245.8175506591797,2026-09-05 21:25:57.695659+00:00,2026-09-05 21:25:57.695659+00:00,0.0
GPRT_OFFICIAL_GIT_PIT,2003-02-01 00:00:00+00:00,54,1,296.7597961425781,296.7597961425781,2026-09-05 21:25:57.695659+00:00,2026-09-05 21:25:57.695659+00:00,0.0
GPRA_OFFICIAL_GIT_PIT,2003-02-01 00:00:00+00:00,54,1,213.080322265625,213.080322265625,2026-09-05 21:25:57.695659+00:00,2026-09-05 21:25:57.695659+00:00,0.0
GPR_OFFICIAL_GIT_PIT,2003-02-01 00:00:00+00:00,54,1,239.61093139648438,239.61093139648438,2026-09-05 12:35:03.449201+00:00,2026-09-05 12:35:03.449201+00:00,0.0
GPRA_OFFICIAL_GIT_PIT,2003-03-01 00:00:00+00:00,54,1,429.1441955566406,429.1441955566406,2026-09-05 21:25:57.695659+00:00,2026-09-05 21:25:57.695659+00:00,0.0
GPRT_OFFICIAL_GIT_PIT,2003-03-01 00:00:00+00:00,54,1,362.41107177734375,362.41107177734375,2026-09-05 21:25:57.695659+00:00,2026-09-05 21:25:57.695659+00:00,0.0
GPR_OFFICIAL_GIT_PIT,2003-03-01 00:00:00+00:00,54,1,358.711181640625,358.711181640625,2026-09-05 12:35:03.449201+00:00,2026-09-05 12:35:03.449201+00:00,0.0
GPRA_OFFICIAL_GIT_PIT,2003-04-01 00:00:00+00:00,54,1,331.6032409667969,331.6032409667969,2026-09-05 21:25:57.695659+00:00,2026-09-05 21:25:57.695659+00:00,0.0
GPR_OFFICIAL_GIT_PIT,2003-04-01 00:00:00+00:00,54,1,255.77517700195312,255.77517700195312,2026-09-05 12:35:03.449201+00:00,2026-09-05 12:35:03.449201+00:00,0.0
GPRT_OFFICIAL_GIT_PIT,2003-04-01 00:00:00+00:00,54,1,212.60545349121094,212.60545349121094,2026-09-05 21:25:57.695659+00:00,2026-09-05 21:25:57.695659+00:00,0.0
GPRT_OFFICIAL_GIT_PIT,2003-05-01 00:00:00+00:00,54,1,153.3962860107422,153.3962860107422,2026-09-05 21:25:57.695659+00:00,2026-09-05 21:25:57.695659+00:00,0.0
GPRA_OFFICIAL_GIT_PIT,2003-05-01 00:00:00+00:00,54,1,186.8463592529297,186.8463592529297,2026-09-05 21:25:57.695659+00:00,2026-09-05 21:25:57.695659+00:00,0.0
GPR_OFFICIAL_GIT_PIT,2003-05-01 00:00:00+00:00,54,1,162.1218719482422,162.1218719482422,2026-09-05 12:35:03.449201+00:00,2026-09-05 12:35:03.449201+00:00,0.0
GPR_OFFICIAL_GIT_PIT,2003-06-01 00:00:00+00:00,54,1,145.7697296142578,145.7697296142578,2026-09-05 12:35:03.449201+00:00,2026-09-05 12:35:03.449201+00:00,0.0
GPRA_OFFICIAL_GIT_PIT,2003-06-01 00:00:00+00:00,54,1,176.91827392578125,176.91827392578125,2026-09-05 21:25:57.695659+00:00,2026-09-05 21:25:57.695659+00:00,0.0
GPRT_OFFICIAL_GIT_PIT,2003-06-01 00:00:00+00:00,54,1,127.83353424072266,127.83353424072266,2026-09-05 21:25:57.695659+00:00,2026-09-05 21:25:57.695659+00:00,0.0
GPRT_OFFICIAL_GIT_PIT,2003-07-01 00:00:00+00:00,54,1,108.3927993774414,108.3927993774414,2026-09-05 21:25:57.695659+00:00,2026-09-05 21:25:57.695659+00:00,0.0
GPRA_OFFICIAL_GIT_PIT,2003-07-01 00:00:00+00:00,54,1,167.4486541748047,167.4486541748047,2026-09-05 21:25:57.695659+00:00,2026-09-05 21:25:57.695659+00:00,0.0
GPR_OFFICIAL_GIT_PIT,2003-07-01 00:00:00+00:00,54,1,134.89891052246094,134.89891052246094,2026-09-05 12:35:03.449201+00:00,2026-09-05 12:35:03.449201+00:00,0.0
GPR_OFFICIAL_GIT_PIT,2003-08-01 00:00:00+00:00,54,1,138.23092651367188,138.23092651367188,2026-09-05 12:35:03.449201+00:00,2026-09-05 12:35:03.449201+00:00,0.0
GPRA_OFFICIAL_GIT_PIT,2003-08-01 00:00:00+00:00,54,1,180.0001220703125,180.0001220703125,2026-09-05 21:25:57.695659+00:00,2026-09-05 21:25:57.695659+00:00,0.0
GPRT_OFFICIAL_GIT_PIT,2003-08-01 00:00:00+00:00,54,1,109.64905548095703,109.64905548095703,2026-09-05 21:25:57.695659+00:00,2026-09-05 21:25:57.695659+00:00,0.0
GPRA_OFFICIAL_GIT_PIT,2003-09-01 00:00:00+00:00,54,1,143.5571746826172,143.5571746826172,2026-09-05 21:25:57.695659+00:00,2026-09-05 21:25:57.695659+00:00,0.0
GPRT_OFFICIAL_GIT_PIT,2003-09-01 00:00:00+00:00,54,1,99.72046661376953,99.72046661376953,2026-09-05 21:25:57.695659+00:00,2026-09-05 21:25:57.695659+00:00,0.0
GPR_OFFICIAL_GIT_PIT,2003-09-01 00:00:00+00:00,54,1,118.19628143310547,118.19628143310547,2026-09-05 12:35:03.449201+00:00,2026-09-05 12:35:03.449201+00:00,0.0
GPRT_OFFICIAL_GIT_PIT,2003-10-01 00:00:00+00:00,54,1,93.02832794189453,93.02832794189453,2026-09-05 21:25:57.695659+00:00,2026-09-05 21:25:57.695659+00:00,0.0
GPRA_OFFICIAL_GIT_PIT,2003-10-01 00:00:00+00:00,54,1,129.9432830810547,129.9432830810547,2026-09-05 21:25:57.695659+00:00,2026-09-05 21:25:57.695659+00:00,0.0
GPR_OFFICIAL_GIT_PIT,2003-10-01 00:00:00+00:00,54,1,108.3173828125,108.3173828125,2026-09-05 12:35:03.449201+00:00,2026-09-05 12:35:03.449201+00:00,0.0
GPRT_OFFICIAL_GIT_PIT,2003-11-01 00:00:00+00:00,54,1,93.33158874511719,93.33158874511719,2026-09-05 21:25:57.695659+00:00,2026-09-05 21:25:57.695659+00:00,0.0
GPR_OFFICIAL_GIT_PIT,2003-11-01 00:00:00+00:00,54,1,118.0866928100586,118.0866928100586,2026-09-05 12:35:03.449201+00:00,2026-09-05 12:35:03.449201+00:00,0.0
GPRA_OFFICIAL_GIT_PIT,2003-11-01 00:00:00+00:00,54,1,153.246337890625,153.246337890625,2026-09-05 21:25:57.695659+00:00,2026-09-05 21:25:57.695659+00:00,0.0
GPRT_OFFICIAL_GIT_PIT,2003-12-01 00:00:00+00:00,54,1,107.44403839111328,107.44403839111328,2026-09-05 21:25:57.695659+00:00,2026-09-05 21:25:57.695659+00:00,0.0
GPRA_OFFICIAL_GIT_PIT,2003-12-01 00:00:00+00:00,54,1,164.98052978515625,164.98052978515625,2026-09-05 21:25:57.695659+00:00,2026-09-05 21:25:57.695659+00:00,0.0
GPR_OFFICIAL_GIT_PIT,2003-12-01 00:00:00+00:00,54,1,129.46507263183594,129.46507263183594,2026-09-05 12:35:03.449201+00:00,2026-09-05 12:35:03.449201+00:00,0.0
GPRA_OFFICIAL_GIT_PIT,2004-01-01 00:00:00+00:00,54,1,126.08518981933594,126.08518981933594,2026-09-05 21:25:57.695659+00:00,2026-09-05 21:25:57.695659+00:00,0.0
GPRT_OFFICIAL_GIT_PIT,2004-01-01 00:00:00+00:00,54,1,106.71729278564453,106.71729278564453,2026-09-05 21:25:57.695659+00:00,2026-09-05 21:25:57.695659+00:00,0.0
GPR_OFFICIAL_GIT_PIT,2004-01-01 00:00:00+00:00,54,1,113.46759033203125,113.46759033203125,2026-09-05 12:35:03.449201+00:00,2026-09-05 12:35:03.449201+00:00,0.0
GPRT_OFFICIAL_GIT_PIT,2004-02-01 00:00:00+00:00,54,1,104.11482238769531,104.11482238769531,2026-09-05 21:25:57.695659+00:00,2026-09-05 21:25:57.695659+00:00,0.0
GPRA_OFFICIAL_GIT_PIT,2004-02-01 00:00:00+00:00,54,1,129.24427795410156,129.24427795410156,2026-09-05 21:25:57.695659+00:00,2026-09-05 21:25:57.695659+00:00,0.0
GPR_OFFICIAL_GIT_PIT,2004-02-01 00:00:00+00:00,54,1,115.07597351074219,115.07597351074219,2026-09-05 12:35:03.449201+00:00,2026-09-05 12:35:03.449201+00:00,0.0
GPRA_OFFICIAL_GIT_PIT,2004-03-01 00:00:00+00:00,54,1,183.70297241210938,183.70297241210938,2026-09-05 21:25:57.695659+00:00,2026-09-05 21:25:57.695659+00:00,0.0
GPRT_OFFICIAL_GIT_PIT,2004-03-01 00:00:00+00:00,54,1,109.12393951416016,109.12393951416016,2026-09-05 21:25:57.695659+00:00,2026-09-05 21:25:57.695659+00:00,0.0
GPR_OFFICIAL_GIT_PIT,2004-03-01 00:00:00+00:00,54,1,138.53207397460938,138.53207397460938,2026-09-05 12:35:03.449201+00:00,2026-09-05 12:35:03.449201+00:00,0.0
GPR_OFFICIAL_GIT_PIT,2004-04-01 00:00:00+00:00,54,1,149.6313934326172,149.6313934326172,2026-09-05 12:35:03.449201+00:00,2026-09-05 12:35:03.449201+00:00,0.0
GPRT_OFFICIAL_GIT_PIT,2004-04-01 00:00:00+00:00,54,1,121.14622497558594,121.14622497558594,2026-09-05 21:25:57.695659+00:00,2026-09-05 21:25:57.695659+00:00,0.0
GPRA_OFFICIAL_GIT_PIT,2004-04-01 00:00:00+00:00,54,1,205.3251953125,205.3251953125,2026-09-05 21:25:57.695659+00:00,2026-09-05 21:25:57.695659+00:00,0.0
GPR_OFFICIAL_GIT_PIT,2004-05-01 00:00:00+00:00,54,1,121.0911865234375,121.0911865234375,2026-09-05 12:35:03.449201+00:00,2026-09-05 12:35:03.449201+00:00,0.0
GPRA_OFFICIAL_GIT_PIT,2004-05-01 00:00:00+00:00,54,1,159.94842529296875,159.94842529296875,2026-09-05 21:25:57.695659+00:00,2026-09-05 21:25:57.695659+00:00,0.0
GPRT_OFFICIAL_GIT_PIT,2004-05-01 00:00:00+00:00,54,1,91.96539306640625,91.96539306640625,2026-09-05 21:25:57.695659+00:00,2026-09-05 21:25:57.695659+00:00,0.0
GPRT_OFFICIAL_GIT_PIT,2004-06-01 00:00:00+00:00,54,1,106.79373931884766,106.79373931884766,2026-09-05 21:25:57.695659+00:00,2026-09-05 21:25:57.695659+00:00,0.0
GPRA_OFFICIAL_GIT_PIT,2004-06-01 00:00:00+00:00,54,1,178.03662109375,178.03662109375,2026-09-05 21:25:57.695659+00:00,2026-09-05 21:25:57.695659+00:00,0.0
GPR_OFFICIAL_GIT_PIT,2004-06-01 00:00:00+00:00,54,1,137.23391723632812,137.23391723632812,2026-09-05 12:35:03.449201+00:00,2026-09-05 12:35:03.449201+00:00,0.0
GPRA_OFFICIAL_GIT_PIT,2004-07-01 00:00:00+00:00,54,1,159.81219482421875,159.81219482421875,2026-09-05 21:25:57.695659+00:00,2026-09-05 21:25:57.695659+00:00,0.0
GPRT_OFFICIAL_GIT_PIT,2004-07-01 00:00:00+00:00,54,1,121.26777648925781,121.26777648925781,2026-09-05 21:25:57.695659+00:00,2026-09-05 21:25:57.695659+00:00,0.0
GPR_OFFICIAL_GIT_PIT,2004-07-01 00:00:00+00:00,54,1,131.0198516845703,131.0198516845703,2026-09-05 12:35:03.449201+00:00,2026-09-05 12:35:03.449201+00:00,0.0
GPRA_OFFICIAL_GIT_PIT,2004-08-01 00:00:00+00:00,54,1,176.45431518554688,176.45431518554688,2026-09-05 21:25:57.695659+00:00,2026-09-05 21:25:57.695659+00:00,0.0
GPR_OFFICIAL_GIT_PIT,2004-08-01 00:00:00+00:00,54,1,140.36582946777344,140.36582946777344,2026-09-05 12:35:03.449201+00:00,2026-09-05 12:35:03.449201+00:00,0.0
GPRT_OFFICIAL_GIT_PIT,2004-08-01 00:00:00+00:00,54,1,127.44524383544922,127.44524383544922,2026-09-05 21:25:57.695659+00:00,2026-09-05 21:25:57.695659+00:00,0.0
GPRT_OFFICIAL_GIT_PIT,2004-09-01 00:00:00+00:00,54,1,130.20606994628906,130.20606994628906,2026-09-05 21:25:57.695659+00:00,2026-09-05 21:25:57.695659+00:00,0.0
GPRA_OFFICIAL_GIT_PIT,2004-09-01 00:00:00+00:00,54,1,189.355224609375,189.355224609375,2026-09-05 21:25:57.695659+00:00,2026-09-05 21:25:57.695659+00:00,0.0
GPR_OFFICIAL_GIT_PIT,2004-09-01 00:00:00+00:00,54,1,153.87161254882812,153.87161254882812,2026-09-05 12:35:03.449201+00:00,2026-09-05 12:35:03.449201+00:00,0.0
GPRA_OFFICIAL_GIT_PIT,2004-10-01 00:00:00+00:00,54,1,148.24447631835938,148.24447631835938,2026-09-05 21:25:57.695659+00:00,2026-09-05 21:25:57.695659+00:00,0.0
GPR_OFFICIAL_GIT_PIT,2004-10-01 00:00:00+00:00,54,1,119.86279296875,119.86279296875,2026-09-05 12:35:03.449201+00:00,2026-09-05 12:35:03.449201+00:00,0.0
GPRT_OFFICIAL_GIT_PIT,2004-10-01 00:00:00+00:00,54,1,100.50788116455078,100.50788116455078,2026-09-05 21:25:57.695659+00:00,2026-09-05 21:25:57.695659+00:00,0.0
GPRT_OFFICIAL_GIT_PIT,2004-11-01 00:00:00+00:00,54,1,98.92665100097656,98.92665100097656,2026-09-05 21:25:57.695659+00:00,2026-09-05 21:25:57.695659+00:00,0.0
GPRA_OFFICIAL_GIT_PIT,2004-11-01 00:00:00+00:00,54,1,151.67926025390625,151.67926025390625,2026-09-05 21:25:57.695659+00:00,2026-09-05 21:25:57.695659+00:00,0.0
GPR_OFFICIAL_GIT_PIT,2004-11-01 00:00:00+00:00,54,1,122.70738983154297,122.70738983154297,2026-09-05 12:35:03.449201+00:00,2026-09-05 12:35:03.449201+00:00,0.0
GPRT_OFFICIAL_GIT_PIT,2004-12-01 00:00:00+00:00,54,1,81.60477447509766,81.60477447509766,2026-09-05 21:25:57.695659+00:00,2026-09-05 21:25:57.695659+00:00,0.0
GPRA_OFFICIAL_GIT_PIT,2004-12-01 00:00:00+00:00,54,1,145.225341796875,145.225341796875,2026-09-05 21:25:57.695659+00:00,2026-09-05 21:25:57.695659+00:00,0.0
GPR_OFFICIAL_GIT_PIT,2004-12-01 00:00:00+00:00,54,1,109.89522552490234,109.89522552490234,2026-09-05 12:35:03.449201+00:00,2026-09-05 12:35:03.449201+00:00,0.0
GPR_OFFICIAL_GIT_PIT,2005-01-01 00:00:00+00:00,54,1,100.88758850097656,100.88758850097656,2026-09-05 12:35:03.449201+00:00,2026-09-05 12:35:03.449201+00:00,0.0
GPRA_OFFICIAL_GIT_PIT,2005-01-01 00:00:00+00:00,54,1,128.5348663330078,128.5348663330078,2026-09-05 21:25:57.695659+00:00,2026-09-05 21:25:57.695659+00:00,0.0
GPRT_OFFICIAL_GIT_PIT,2005-01-01 00:00:00+00:00,54,1,78.19856262207031,78.19856262207031,2026-09-05 21:25:57.695659+00:00,2026-09-05 21:25:57.695659+00:00,0.0
GPRT_OFFICIAL_GIT_PIT,2005-02-01 00:00:00+00:00,54,1,104.7703628540039,104.7703628540039,2026-09-05 21:25:57.695659+00:00,2026-09-05 21:25:57.695659+00:00,0.0
GPRA_OFFICIAL_GIT_PIT,2005-02-01 00:00:00+00:00,54,1,108.79598236083984,108.79598236083984,2026-09-05 21:25:57.695659+00:00,2026-09-05 21:25:57.695659+00:00,0.0
GPR_OFFICIAL_GIT_PIT,2005-02-01 00:00:00+00:00,54,1,108.97796630859375,108.97796630859375,2026-09-05 12:35:03.449201+00:00,2026-09-05 12:35:03.449201+00:00,0.0
GPRA_OFFICIAL_GIT_PIT,2005-03-01 00:00:00+00:00,54,1,87.87673950195312,87.87673950195312,2026-09-05 21:25:57.695659+00:00,2026-09-05 21:25:57.695659+00:00,0.0
GPR_OFFICIAL_GIT_PIT,2005-03-01 00:00:00+00:00,54,1,90.41048431396484,90.41048431396484,2026-09-05 12:35:03.449201+00:00,2026-09-05 12:35:03.449201+00:00,0.0
GPRT_OFFICIAL_GIT_PIT,2005-03-01 00:00:00+00:00,54,1,87.22633361816406,87.22633361816406,2026-09-05 21:25:57.695659+00:00,2026-09-05 21:25:57.695659+00:00,0.0
GPRT_OFFICIAL_GIT_PIT,2005-04-01 00:00:00+00:00,54,1,72.53263092041016,72.53263092041016,2026-09-05 21:25:57.695659+00:00,2026-09-05 21:25:57.695659+00:00,0.0
GPR_OFFICIAL_GIT_PIT,2005-04-01 00:00:00+00:00,54,1,87.03240203857422,87.03240203857422,2026-09-05 12:35:03.449201+00:00,2026-09-05 12:35:03.449201+00:00,0.0
GPRA_OFFICIAL_GIT_PIT,2005-04-01 00:00:00+00:00,54,1,102.85391235351562,102.85391235351562,2026-09-05 21:25:57.695659+00:00,2026-09-05 21:25:57.695659+00:00,0.0
GPR_OFFICIAL_GIT_PIT,2005-05-01 00:00:00+00:00,54,1,98.20596313476562,98.20596313476562,2026-09-05 12:35:03.449201+00:00,2026-09-05 12:35:03.449201+00:00,0.0
GPRA_OFFICIAL_GIT_PIT,2005-05-01 00:00:00+00:00,54,1,104.9098892211914,104.9098892211914,2026-09-05 21:25:57.695659+00:00,2026-09-05 21:25:57.695659+00:00,0.0
GPRT_OFFICIAL_GIT_PIT,2005-05-01 00:00:00+00:00,54,1,89.93269348144531,89.93269348144531,2026-09-05 21:25:57.695659+00:00,2026-09-05 21:25:57.695659+00:00,0.0
GPRA_OFFICIAL_GIT_PIT,2005-06-01 00:00:00+00:00,54,1,93.41752624511719,93.41752624511719,2026-09-05 21:25:57.695659+00:00,2026-09-05 21:25:57.695659+00:00,0.0
GPRT_OFFICIAL_GIT_PIT,2005-06-01 00:00:00+00:00,54,1,69.88249969482422,69.88249969482422,2026-09-05 21:25:57.695659+00:00,2026-09-05 21:25:57.695659+00:00,0.0
GPR_OFFICIAL_GIT_PIT,2005-06-01 00:00:00+00:00,54,1,81.12405395507812,81.12405395507812,2026-09-05 12:35:03.449201+00:00,2026-09-05 12:35:03.449201+00:00,0.0
GPRA_OFFICIAL_GIT_PIT,2005-07-01 00:00:00+00:00,54,1,237.5650177001953,237.5650177001953,2026-09-05 21:25:57.695659+00:00,2026-09-05 21:25:57.695659+00:00,0.0
GPRT_OFFICIAL_GIT_PIT,2005-07-01 00:00:00+00:00,54,1,118.1835708618164,118.1835708618164,2026-09-05 21:25:57.695659+00:00,2026-09-05 21:25:57.695659+00:00,0.0
GPR_OFFICIAL_GIT_PIT,2005-07-01 00:00:00+00:00,54,1,165.90191650390625,165.90191650390625,2026-09-05 12:35:03.449201+00:00,2026-09-05 12:35:03.449201+00:00,0.0
GPRT_OFFICIAL_GIT_PIT,2005-08-01 00:00:00+00:00,54,1,92.68307495117188,92.68307495117188,2026-09-05 21:25:57.695659+00:00,2026-09-05 21:25:57.695659+00:00,0.0
GPRA_OFFICIAL_GIT_PIT,2005-08-01 00:00:00+00:00,54,1,143.29122924804688,143.29122924804688,2026-09-05 21:25:57.695659+00:00,2026-09-05 21:25:57.695659+00:00,0.0
GPR_OFFICIAL_GIT_PIT,2005-08-01 00:00:00+00:00,54,1,116.2276611328125,116.2276611328125,2026-09-05 12:35:03.449201+00:00,2026-09-05 12:35:03.449201+00:00,0.0
GPRT_OFFICIAL_GIT_PIT,2005-09-01 00:00:00+00:00,54,1,78.45670318603516,78.45670318603516,2026-09-05 21:25:57.695659+00:00,2026-09-05 21:25:57.695659+00:00,0.0
GPR_OFFICIAL_GIT_PIT,2005-09-01 00:00:00+00:00,54,1,103.80766296386719,103.80766296386719,2026-09-05 12:35:03.449201+00:00,2026-09-05 12:35:03.449201+00:00,0.0
GPRA_OFFICIAL_GIT_PIT,2005-09-01 00:00:00+00:00,54,1,130.27203369140625,130.27203369140625,2026-09-05 21:25:57.695659+00:00,2026-09-05 21:25:57.695659+00:00,0.0
GPRT_OFFICIAL_GIT_PIT,2005-10-01 00:00:00+00:00,54,1,73.18765258789062,73.18765258789062,2026-09-05 21:25:57.695659+00:00,2026-09-05 21:25:57.695659+00:00,0.0
GPRA_OFFICIAL_GIT_PIT,2005-10-01 00:00:00+00:00,54,1,105.56188201904297,105.56188201904297,2026-09-05 21:25:57.695659+00:00,2026-09-05 21:25:57.695659+00:00,0.0
GPR_OFFICIAL_GIT_PIT,2005-10-01 00:00:00+00:00,54,1,87.06182861328125,87.06182861328125,2026-09-05 12:35:03.449201+00:00,2026-09-05 12:35:03.449201+00:00,0.0
GPRT_OFFICIAL_GIT_PIT,2005-11-01 00:00:00+00:00,54,1,70.60446166992188,70.60446166992188,2026-09-05 21:25:57.695659+00:00,2026-09-05 21:25:57.695659+00:00,0.0
GPR_OFFICIAL_GIT_PIT,2005-11-01 00:00:00+00:00,54,1,83.48009490966797,83.48009490966797,2026-09-05 12:35:03.449201+00:00,2026-09-05 12:35:03.449201+00:00,0.0
GPRA_OFFICIAL_GIT_PIT,2005-11-01 00:00:00+00:00,54,1,96.02958679199219,96.02958679199219,2026-09-05 21:25:57.695659+00:00,2026-09-05 21:25:57.695659+00:00,0.0
GPRA_OFFICIAL_GIT_PIT,2005-12-01 00:00:00+00:00,54,1,130.6789093017578,130.6789093017578,2026-09-05 21:25:57.695659+00:00,2026-09-05 21:25:57.695659+00:00,0.0
GPR_OFFICIAL_GIT_PIT,2005-12-01 00:00:00+00:00,54,1,95.35025024414062,95.35025024414062,2026-09-05 12:35:03.449201+00:00,2026-09-05 12:35:03.449201+00:00,0.0
GPRT_OFFICIAL_GIT_PIT,2005-12-01 00:00:00+00:00,54,1,69.64460754394531,69.64460754394531,2026-09-05 21:25:57.695659+00:00,2026-09-05 21:25:57.695659+00:00,0.0
GPR_OFFICIAL_GIT_PIT,2006-01-01 00:00:00+00:00,54,1,94.51001739501953,94.51001739501953,2026-09-05 12:35:03.449201+00:00,2026-09-05 12:35:03.449201+00:00,0.0
GPRA_OFFICIAL_GIT_PIT,2006-01-01 00:00:00+00:00,54,1,100.19158172607422,100.19158172607422,2026-09-05 21:25:57.695659+00:00,2026-09-05 21:25:57.695659+00:00,0.0
GPRT_OFFICIAL_GIT_PIT,2006-01-01 00:00:00+00:00,54,1,89.32347106933594,89.32347106933594,2026-09-05 21:25:57.695659+00:00,2026-09-05 21:25:57.695659+00:00,0.0
GPRT_OFFICIAL_GIT_PIT,2006-02-01 00:00:00+00:00,54,1,89.40576171875,89.40576171875,2026-09-05 21:25:57.695659+00:00,2026-09-05 21:25:57.695659+00:00,0.0
GPRA_OFFICIAL_GIT_PIT,2006-02-01 00:00:00+00:00,54,1,102.79864501953125,102.79864501953125,2026-09-05 21:25:57.695659+00:00,2026-09-05 21:25:57.695659+00:00,0.0
GPR_OFFICIAL_GIT_PIT,2006-02-01 00:00:00+00:00,54,1,95.85819244384766,95.85819244384766,2026-09-05 12:35:03.449201+00:00,2026-09-05 12:35:03.449201+00:00,0.0
GPR_OFFICIAL_GIT_PIT,2006-03-01 00:00:00+00:00,54,1,92.79762268066406,92.79762268066406,2026-09-05 12:35:03.449201+00:00,2026-09-05 12:35:03.449201+00:00,0.0
GPRT_OFFICIAL_GIT_PIT,2006-03-01 00:00:00+00:00,54,1,88.04222869873047,88.04222869873047,2026-09-05 21:25:57.695659+00:00,2026-09-05 21:25:57.695659+00:00,0.0
GPRA_OFFICIAL_GIT_PIT,2006-03-01 00:00:00+00:00,54,1,97.03602600097656,97.03602600097656,2026-09-05 21:25:57.695659+00:00,2026-09-05 21:25:57.695659+00:00,0.0
GPR_OFFICIAL_GIT_PIT,2006-04-01 00:00:00+00:00,54,1,89.01580047607422,89.01580047607422,2026-09-05 12:35:03.449201+00:00,2026-09-05 12:35:03.449201+00:00,0.0
GPRT_OFFICIAL_GIT_PIT,2006-04-01 00:00:00+00:00,54,1,85.9110107421875,85.9110107421875,2026-09-05 21:25:57.695659+00:00,2026-09-05 21:25:57.695659+00:00,0.0
GPRA_OFFICIAL_GIT_PIT,2006-04-01 00:00:00+00:00,54,1,92.8307113647461,92.8307113647461,2026-09-05 21:25:57.695659+00:00,2026-09-05 21:25:57.695659+00:00,0.0
GPR_OFFICIAL_GIT_PIT,2006-05-01 00:00:00+00:00,54,1,85.20877838134766,85.20877838134766,2026-09-05 12:35:03.449201+00:00,2026-09-05 12:35:03.449201+00:00,0.0
GPRT_OFFICIAL_GIT_PIT,2006-05-01 00:00:00+00:00,54,1,84.03312683105469,84.03312683105469,2026-09-05 21:25:57.695659+00:00,2026-09-05 21:25:57.695659+00:00,0.0
GPRA_OFFICIAL_GIT_PIT,2006-05-01 00:00:00+00:00,54,1,82.27742767333984,82.27742767333984,2026-09-05 21:25:57.695659+00:00,2026-09-05 21:25:57.695659+00:00,0.0
GPRA_OFFICIAL_GIT_PIT,2006-06-01 00:00:00+00:00,54,1,115.67947387695312,115.67947387695312,2026-09-05 21:25:57.695659+00:00,2026-09-05 21:25:57.695659+00:00,0.0
GPRT_OFFICIAL_GIT_PIT,2006-06-01 00:00:00+00:00,54,1,90.38453674316406,90.38453674316406,2026-09-05 21:25:57.695659+00:00,2026-09-05 21:25:57.695659+00:00,0.0
GPR_OFFICIAL_GIT_PIT,2006-06-01 00:00:00+00:00,54,1,102.57276916503906,102.57276916503906,2026-09-05 12:35:03.449201+00:00,2026-09-05 12:35:03.449201+00:00,0.0
GPRA_OFFICIAL_GIT_PIT,2006-07-01 00:00:00+00:00,54,1,142.0860595703125,142.0860595703125,2026-09-05 21:25:57.695659+00:00,2026-09-05 21:25:57.695659+00:00,0.0
GPRT_OFFICIAL_GIT_PIT,2006-07-01 00:00:00+00:00,54,1,134.39634704589844,134.39634704589844,2026-09-05 21:25:57.695659+00:00,2026-09-05 21:25:57.695659+00:00,0.0
GPR_OFFICIAL_GIT_PIT,2006-07-01 00:00:00+00:00,54,1,137.13482666015625,137.13482666015625,2026-09-05 12:35:03.449201+00:00,2026-09-05 12:35:03.449201+00:00,0.0
GPRA_OFFICIAL_GIT_PIT,2006-08-01 00:00:00+00:00,54,1,159.18817138671875,159.18817138671875,2026-09-05 21:25:57.695659+00:00,2026-09-05 21:25:57.695659+00:00,0.0
GPRT_OFFICIAL_GIT_PIT,2006-08-01 00:00:00+00:00,54,1,141.55645751953125,141.55645751953125,2026-09-05 21:25:57.695659+00:00,2026-09-05 21:25:57.695659+00:00,0.0
GPR_OFFICIAL_GIT_PIT,2006-08-01 00:00:00+00:00,54,1,147.08111572265625,147.08111572265625,2026-09-05 12:35:03.449201+00:00,2026-09-05 12:35:03.449201+00:00,0.0
GPRA_OFFICIAL_GIT_PIT,2006-09-01 00:00:00+00:00,54,1,114.77066802978516,114.77066802978516,2026-09-05 21:25:57.695659+00:00,2026-09-05 21:25:57.695659+00:00,0.0
GPR_OFFICIAL_GIT_PIT,2006-09-01 00:00:00+00:00,54,1,111.72425842285156,111.72425842285156,2026-09-05 12:35:03.449201+00:00,2026-09-05 12:35:03.449201+00:00,0.0
GPRT_OFFICIAL_GIT_PIT,2006-09-01 00:00:00+00:00,54,1,110.28041076660156,110.28041076660156,2026-09-05 21:25:57.695659+00:00,2026-09-05 21:25:57.695659+00:00,0.0
GPRA_OFFICIAL_GIT_PIT,2006-10-01 00:00:00+00:00,54,1,99.27391815185547,99.27391815185547,2026-09-05 21:25:57.695659+00:00,2026-09-05 21:25:57.695659+00:00,0.0
GPRT_OFFICIAL_GIT_PIT,2006-10-01 00:00:00+00:00,54,1,125.2918930053711,125.2918930053711,2026-09-05 21:25:57.695659+00:00,2026-09-05 21:25:57.695659+00:00,0.0
GPR_OFFICIAL_GIT_PIT,2006-10-01 00:00:00+00:00,54,1,113.13529968261719,113.13529968261719,2026-09-05 12:35:03.449201+00:00,2026-09-05 12:35:03.449201+00:00,0.0
GPRT_OFFICIAL_GIT_PIT,2006-11-01 00:00:00+00:00,54,1,87.27577209472656,87.27577209472656,2026-09-05 21:25:57.695659+00:00,2026-09-05 21:25:57.695659+00:00,0.0
GPRA_OFFICIAL_GIT_PIT,2006-11-01 00:00:00+00:00,54,1,86.71051025390625,86.71051025390625,2026-09-05 21:25:57.695659+00:00,2026-09-05 21:25:57.695659+00:00,0.0
GPR_OFFICIAL_GIT_PIT,2006-11-01 00:00:00+00:00,54,1,88.77892303466797,88.77892303466797,2026-09-05 12:35:03.449201+00:00,2026-09-05 12:35:03.449201+00:00,0.0
GPRA_OFFICIAL_GIT_PIT,2006-12-01 00:00:00+00:00,54,1,78.7696533203125,78.7696533203125,2026-09-05 21:25:57.695659+00:00,2026-09-05 21:25:57.695659+00:00,0.0
GPR_OFFICIAL_GIT_PIT,2006-12-01 00:00:00+00:00,54,1,90.60655975341797,90.60655975341797,2026-09-05 12:35:03.449201+00:00,2026-09-05 12:35:03.449201+00:00,0.0
GPRT_OFFICIAL_GIT_PIT,2006-12-01 00:00:00+00:00,54,1,95.78137969970703,95.78137969970703,2026-09-05 21:25:57.695659+00:00,2026-09-05 21:25:57.695659+00:00,0.0
GPRT_OFFICIAL_GIT_PIT,2007-01-01 00:00:00+00:00,54,1,95.61344909667969,95.61344909667969,2026-09-05 21:25:57.695659+00:00,2026-09-05 21:25:57.695659+00:00,0.0
GPR_OFFICIAL_GIT_PIT,2007-01-01 00:00:00+00:00,54,1,97.9200439453125,97.9200439453125,2026-09-05 12:35:03.449201+00:00,2026-09-05 12:35:03.449201+00:00,0.0
GPRA_OFFICIAL_GIT_PIT,2007-01-01 00:00:00+00:00,54,1,97.65373992919922,97.65373992919922,2026-09-05 21:25:57.695659+00:00,2026-09-05 21:25:57.695659+00:00,0.0
GPR_OFFICIAL_GIT_PIT,2007-02-01 00:00:00+00:00,54,1,96.16935729980469,96.16935729980469,2026-09-05 12:35:03.449201+00:00,2026-09-05 12:35:03.449201+00:00,0.0
GPRA_OFFICIAL_GIT_PIT,2007-02-01 00:00:00+00:00,54,1,90.95567321777344,90.95567321777344,2026-09-05 21:25:57.695659+00:00,2026-09-05 21:25:57.695659+00:00,0.0
GPRT_OFFICIAL_GIT_PIT,2007-02-01 00:00:00+00:00,54,1,98.1557388305664,98.1557388305664,2026-09-05 21:25:57.695659+00:00,2026-09-05 21:25:57.695659+00:00,0.0
GPRT_OFFICIAL_GIT_PIT,2007-03-01 00:00:00+00:00,54,1,86.1521224975586,86.1521224975586,2026-09-05 21:25:57.695659+00:00,2026-09-05 21:25:57.695659+00:00,0.0
GPR_OFFICIAL_GIT_PIT,2007-03-01 00:00:00+00:00,54,1,87.33650207519531,87.33650207519531,2026-09-05 12:35:03.449201+00:00,2026-09-05 12:35:03.449201+00:00,0.0
GPRA_OFFICIAL_GIT_PIT,2007-03-01 00:00:00+00:00,54,1,83.9186019897461,83.9186019897461,2026-09-05 21:25:57.695659+00:00,2026-09-05 21:25:57.695659+00:00,0.0
GPRT_OFFICIAL_GIT_PIT,2007-04-01 00:00:00+00:00,54,1,69.22551727294922,69.22551727294922,2026-09-05 21:25:57.695659+00:00,2026-09-05 21:25:57.695659+00:00,0.0
GPRA_OFFICIAL_GIT_PIT,2007-04-01 00:00:00+00:00,54,1,83.41928100585938,83.41928100585938,2026-09-05 21:25:57.695659+00:00,2026-09-05 21:25:57.695659+00:00,0.0
GPR_OFFICIAL_GIT_PIT,2007-04-01 00:00:00+00:00,54,1,76.6133804321289,76.6133804321289,2026-09-05 12:35:03.449201+00:00,2026-09-05 12:35:03.449201+00:00,0.0
GPRT_OFFICIAL_GIT_PIT,2007-05-01 00:00:00+00:00,54,1,82.30323028564453,82.30323028564453,2026-09-05 21:25:57.695659+00:00,2026-09-05 21:25:57.695659+00:00,0.0
GPRA_OFFICIAL_GIT_PIT,2007-05-01 00:00:00+00:00,54,1,103.89258575439453,103.89258575439453,2026-09-05 21:25:57.695659+00:00,2026-09-05 21:25:57.695659+00:00,0.0
GPR_OFFICIAL_GIT_PIT,2007-05-01 00:00:00+00:00,54,1,92.5995864868164,92.5995864868164,2026-09-05 12:35:03.449201+00:00,2026-09-05 12:35:03.449201+00:00,0.0
GPRA_OFFICIAL_GIT_PIT,2007-06-01 00:00:00+00:00,54,1,109.30941009521484,109.30941009521484,2026-09-05 21:25:57.695659+00:00,2026-09-05 21:25:57.695659+00:00,0.0
GPR_OFFICIAL_GIT_PIT,2007-06-01 00:00:00+00:00,54,1,97.9723129272461,97.9723129272461,2026-09-05 12:35:03.449201+00:00,2026-09-05 12:35:03.449201+00:00,0.0
GPRT_OFFICIAL_GIT_PIT,2007-06-01 00:00:00+00:00,54,1,87.08059692382812,87.08059692382812,2026-09-05 21:25:57.695659+00:00,2026-09-05 21:25:57.695659+00:00,0.0
GPRA_OFFICIAL_GIT_PIT,2007-07-01 00:00:00+00:00,54,1,127.13468170166016,127.13468170166016,2026-09-05 21:25:57.695659+00:00,2026-09-05 21:25:57.695659+00:00,0.0
GPRT_OFFICIAL_GIT_PIT,2007-07-01 00:00:00+00:00,54,1,103.2634048461914,103.2634048461914,2026-09-05 21:25:57.695659+00:00,2026-09-05 21:25:57.695659+00:00,0.0
GPR_OFFICIAL_GIT_PIT,2007-07-01 00:00:00+00:00,54,1,112.34625244140625,112.34625244140625,2026-09-05 12:35:03.449201+00:00,2026-09-05 12:35:03.449201+00:00,0.0
GPRA_OFFICIAL_GIT_PIT,2007-08-01 00:00:00+00:00,54,1,100.14825439453125,100.14825439453125,2026-09-05 21:25:57.695659+00:00,2026-09-05 21:25:57.695659+00:00,0.0
GPR_OFFICIAL_GIT_PIT,2007-08-01 00:00:00+00:00,54,1,83.17320251464844,83.17320251464844,2026-09-05 12:35:03.449201+00:00,2026-09-05 12:35:03.449201+00:00,0.0
GPRT_OFFICIAL_GIT_PIT,2007-08-01 00:00:00+00:00,54,1,73.12574005126953,73.12574005126953,2026-09-05 21:25:57.695659+00:00,2026-09-05 21:25:57.695659+00:00,0.0
GPRT_OFFICIAL_GIT_PIT,2007-09-01 00:00:00+00:00,54,1,94.93997955322266,94.93997955322266,2026-09-05 21:25:57.695659+00:00,2026-09-05 21:25:57.695659+00:00,0.0
GPRA_OFFICIAL_GIT_PIT,2007-09-01 00:00:00+00:00,54,1,92.24872589111328,92.24872589111328,2026-09-05 21:25:57.695659+00:00,2026-09-05 21:25:57.695659+00:00,0.0
GPR_OFFICIAL_GIT_PIT,2007-09-01 00:00:00+00:00,54,1,94.4888687133789,94.4888687133789,2026-09-05 12:35:03.449201+00:00,2026-09-05 12:35:03.449201+00:00,0.0
GPR_OFFICIAL_GIT_PIT,2007-10-01 00:00:00+00:00,54,1,101.47301483154297,101.47301483154297,2026-09-05 12:35:03.449201+00:00,2026-09-05 12:35:03.449201+00:00,0.0
GPRA_OFFICIAL_GIT_PIT,2007-10-01 00:00:00+00:00,54,1,97.49516296386719,97.49516296386719,2026-09-05 21:25:57.695659+00:00,2026-09-05 21:25:57.695659+00:00,0.0
GPRT_OFFICIAL_GIT_PIT,2007-10-01 00:00:00+00:00,54,1,103.61026763916016,103.61026763916016,2026-09-05 21:25:57.695659+00:00,2026-09-05 21:25:57.695659+00:00,0.0
GPR_OFFICIAL_GIT_PIT,2007-11-01 00:00:00+00:00,54,1,89.79544830322266,89.79544830322266,2026-09-05 12:35:03.449201+00:00,2026-09-05 12:35:03.449201+00:00,0.0
GPRT_OFFICIAL_GIT_PIT,2007-11-01 00:00:00+00:00,54,1,95.73847961425781,95.73847961425781,2026-09-05 21:25:57.695659+00:00,2026-09-05 21:25:57.695659+00:00,0.0
GPRA_OFFICIAL_GIT_PIT,2007-11-01 00:00:00+00:00,54,1,81.56842803955078,81.56842803955078,2026-09-05 21:25:57.695659+00:00,2026-09-05 21:25:57.695659+00:00,0.0
GPRT_OFFICIAL_GIT_PIT,2007-12-01 00:00:00+00:00,54,1,98.5313720703125,98.5313720703125,2026-09-05 21:25:57.695659+00:00,2026-09-05 21:25:57.695659+00:00,0.0
GPRA_OFFICIAL_GIT_PIT,2007-12-01 00:00:00+00:00,54,1,84.13076782226562,84.13076782226562,2026-09-05 21:25:57.695659+00:00,2026-09-05 21:25:57.695659+00:00,0.0
GPR_OFFICIAL_GIT_PIT,2007-12-01 00:00:00+00:00,54,1,94.96749114990234,94.96749114990234,2026-09-05 12:35:03.449201+00:00,2026-09-05 12:35:03.449201+00:00,0.0
GPRA_OFFICIAL_GIT_PIT,2008-01-01 00:00:00+00:00,54,1,83.74764251708984,83.74764251708984,2026-09-05 21:25:57.695659+00:00,2026-09-05 21:25:57.695659+00:00,0.0
GPRT_OFFICIAL_GIT_PIT,2008-01-01 00:00:00+00:00,54,1,76.40237426757812,76.40237426757812,2026-09-05 21:25:57.695659+00:00,2026-09-05 21:25:57.695659+00:00,0.0
GPR_OFFICIAL_GIT_PIT,2008-01-01 00:00:00+00:00,54,1,81.49982452392578,81.49982452392578,2026-09-05 12:35:03.449201+00:00,2026-09-05 12:35:03.449201+00:00,0.0
GPRA_OFFICIAL_GIT_PIT,2008-02-01 00:00:00+00:00,54,1,86.75279235839844,86.75279235839844,2026-09-05 21:25:57.695659+00:00,2026-09-05 21:25:57.695659+00:00,0.0
GPR_OFFICIAL_GIT_PIT,2008-02-01 00:00:00+00:00,54,1,80.75146484375,80.75146484375,2026-09-05 12:35:03.449201+00:00,2026-09-05 12:35:03.449201+00:00,0.0
GPRT_OFFICIAL_GIT_PIT,2008-02-01 00:00:00+00:00,54,1,72.52851104736328,72.52851104736328,2026-09-05 21:25:57.695659+00:00,2026-09-05 21:25:57.695659+00:00,0.0
GPRT_OFFICIAL_GIT_PIT,2008-03-01 00:00:00+00:00,54,1,72.02967834472656,72.02967834472656,2026-09-05 21:25:57.695659+00:00,2026-09-05 21:25:57.695659+00:00,0.0
GPRA_OFFICIAL_GIT_PIT,2008-03-01 00:00:00+00:00,54,1,83.48439025878906,83.48439025878906,2026-09-05 21:25:57.695659+00:00,2026-09-05 21:25:57.695659+00:00,0.0
GPR_OFFICIAL_GIT_PIT,2008-03-01 00:00:00+00:00,54,1,77.63613891601562,77.63613891601562,2026-09-05 12:35:03.449201+00:00,2026-09-05 12:35:03.449201+00:00,0.0
GPRA_OFFICIAL_GIT_PIT,2008-04-01 00:00:00+00:00,54,1,69.99274444580078,69.99274444580078,2026-09-05 21:25:57.695659+00:00,2026-09-05 21:25:57.695659+00:00,0.0
GPRT_OFFICIAL_GIT_PIT,2008-04-01 00:00:00+00:00,54,1,69.45796966552734,69.45796966552734,2026-09-05 21:25:57.695659+00:00,2026-09-05 21:25:57.695659+00:00,0.0
GPR_OFFICIAL_GIT_PIT,2008-04-01 00:00:00+00:00,54,1,71.9048080444336,71.9048080444336,2026-09-05 12:35:03.449201+00:00,2026-09-05 12:35:03.449201+00:00,0.0
GPR_OFFICIAL_GIT_PIT,2008-05-01 00:00:00+00:00,54,1,72.57379913330078,72.57379913330078,2026-09-05 12:35:03.449201+00:00,2026-09-05 12:35:03.449201+00:00,0.0
GPRT_OFFICIAL_GIT_PIT,2008-05-01 00:00:00+00:00,54,1,70.67774963378906,70.67774963378906,2026-09-05 21:25:57.695659+00:00,2026-09-05 21:25:57.695659+00:00,0.0
GPRA_OFFICIAL_GIT_PIT,2008-05-01 00:00:00+00:00,54,1,74.78978729248047,74.78978729248047,2026-09-05 21:25:57.695659+00:00,2026-09-05 21:25:57.695659+00:00,0.0
GPRT_OFFICIAL_GIT_PIT,2008-06-01 00:00:00+00:00,54,1,88.88606262207031,88.88606262207031,2026-09-05 21:25:57.695659+00:00,2026-09-05 21:25:57.695659+00:00,0.0
GPR_OFFICIAL_GIT_PIT,2008-06-01 00:00:00+00:00,54,1,87.54842376708984,87.54842376708984,2026-09-05 12:35:03.449201+00:00,2026-09-05 12:35:03.449201+00:00,0.0
GPRA_OFFICIAL_GIT_PIT,2008-06-01 00:00:00+00:00,54,1,80.34490203857422,80.34490203857422,2026-09-05 21:25:57.695659+00:00,2026-09-05 21:25:57.695659+00:00,0.0
GPR_OFFICIAL_GIT_PIT,2008-07-01 00:00:00+00:00,54,1,89.73957061767578,89.73957061767578,2026-09-05 12:35:03.449201+00:00,2026-09-05 12:35:03.449201+00:00,0.0
GPRT_OFFICIAL_GIT_PIT,2008-07-01 00:00:00+00:00,54,1,84.3224868774414,84.3224868774414,2026-09-05 21:25:57.695659+00:00,2026-09-05 21:25:57.695659+00:00,0.0
GPRA_OFFICIAL_GIT_PIT,2008-07-01 00:00:00+00:00,54,1,88.16068267822266,88.16068267822266,2026-09-05 21:25:57.695659+00:00,2026-09-05 21:25:57.695659+00:00,0.0
GPRT_OFFICIAL_GIT_PIT,2008-08-01 00:00:00+00:00,54,1,75.76971435546875,75.76971435546875,2026-09-05 21:25:57.695659+00:00,2026-09-05 21:25:57.695659+00:00,0.0
GPRA_OFFICIAL_GIT_PIT,2008-08-01 00:00:00+00:00,54,1,105.06571197509766,105.06571197509766,2026-09-05 21:25:57.695659+00:00,2026-09-05 21:25:57.695659+00:00,0.0
GPR_OFFICIAL_GIT_PIT,2008-08-01 00:00:00+00:00,54,1,88.55410766601562,88.55410766601562,2026-09-05 12:35:03.449201+00:00,2026-09-05 12:35:03.449201+00:00,0.0
GPRA_OFFICIAL_GIT_PIT,2008-09-01 00:00:00+00:00,54,1,94.46100616455078,94.46100616455078,2026-09-05 21:25:57.695659+00:00,2026-09-05 21:25:57.695659+00:00,0.0
GPRT_OFFICIAL_GIT_PIT,2008-09-01 00:00:00+00:00,54,1,82.01426696777344,82.01426696777344,2026-09-05 21:25:57.695659+00:00,2026-09-05 21:25:57.695659+00:00,0.0
GPR_OFFICIAL_GIT_PIT,2008-09-01 00:00:00+00:00,54,1,88.54255676269531,88.54255676269531,2026-09-05 12:35:03.449201+00:00,2026-09-05 12:35:03.449201+00:00,0.0
GPRT_OFFICIAL_GIT_PIT,2008-10-01 00:00:00+00:00,54,1,53.11738967895508,53.11738967895508,2026-09-05 21:25:57.695659+00:00,2026-09-05 21:25:57.695659+00:00,0.0
GPR_OFFICIAL_GIT_PIT,2008-10-01 00:00:00+00:00,54,1,64.15979766845703,64.15979766845703,2026-09-05 12:35:03.449201+00:00,2026-09-05 12:35:03.449201+00:00,0.0
GPRA_OFFICIAL_GIT_PIT,2008-10-01 00:00:00+00:00,54,1,75.28266143798828,75.28266143798828,2026-09-05 21:25:57.695659+00:00,2026-09-05 21:25:57.695659+00:00,0.0
GPRA_OFFICIAL_GIT_PIT,2008-11-01 00:00:00+00:00,54,1,95.14356231689453,95.14356231689453,2026-09-05 21:25:57.695659+00:00,2026-09-05 21:25:57.695659+00:00,0.0
GPR_OFFICIAL_GIT_PIT,2008-11-01 00:00:00+00:00,54,1,79.08097076416016,79.08097076416016,2026-09-05 12:35:03.449201+00:00,2026-09-05 12:35:03.449201+00:00,0.0
GPRT_OFFICIAL_GIT_PIT,2008-11-01 00:00:00+00:00,54,1,68.30364990234375,68.30364990234375,2026-09-05 21:25:57.695659+00:00,2026-09-05 21:25:57.695659+00:00,0.0
GPR_OFFICIAL_GIT_PIT,2008-12-01 00:00:00+00:00,54,1,92.3664321899414,92.3664321899414,2026-09-05 12:35:03.449201+00:00,2026-09-05 12:35:03.449201+00:00,0.0
GPRT_OFFICIAL_GIT_PIT,2008-12-01 00:00:00+00:00,54,1,83.84313201904297,83.84313201904297,2026-09-05 21:25:57.695659+00:00,2026-09-05 21:25:57.695659+00:00,0.0
GPRA_OFFICIAL_GIT_PIT,2008-12-01 00:00:00+00:00,54,1,109.21497344970703,109.21497344970703,2026-09-05 21:25:57.695659+00:00,2026-09-05 21:25:57.695659+00:00,0.0
GPR_OFFICIAL_GIT_PIT,2009-01-01 00:00:00+00:00,54,1,85.36947631835938,85.36947631835938,2026-09-05 12:35:03.449201+00:00,2026-09-05 12:35:03.449201+00:00,0.0
GPRA_OFFICIAL_GIT_PIT,2009-01-01 00:00:00+00:00,54,1,89.7125473022461,89.7125473022461,2026-09-05 21:25:57.695659+00:00,2026-09-05 21:25:57.695659+00:00,0.0
GPRT_OFFICIAL_GIT_PIT,2009-01-01 00:00:00+00:00,54,1,86.31317138671875,86.31317138671875,2026-09-05 21:25:57.695659+00:00,2026-09-05 21:25:57.695659+00:00,0.0
GPR_OFFICIAL_GIT_PIT,2009-02-01 00:00:00+00:00,54,1,67.45267486572266,67.45267486572266,2026-09-05 12:35:03.449201+00:00,2026-09-05 12:35:03.449201+00:00,0.0
GPRA_OFFICIAL_GIT_PIT,2009-02-01 00:00:00+00:00,54,1,64.58635711669922,64.58635711669922,2026-09-05 21:25:57.695659+00:00,2026-09-05 21:25:57.695659+00:00,0.0
GPRT_OFFICIAL_GIT_PIT,2009-02-01 00:00:00+00:00,54,1,64.77291107177734,64.77291107177734,2026-09-05 21:25:57.695659+00:00,2026-09-05 21:25:57.695659+00:00,0.0
GPRA_OFFICIAL_GIT_PIT,2009-03-01 00:00:00+00:00,54,1,74.83297729492188,74.83297729492188,2026-09-05 21:25:57.695659+00:00,2026-09-05 21:25:57.695659+00:00,0.0
GPR_OFFICIAL_GIT_PIT,2009-03-01 00:00:00+00:00,54,1,72.64462280273438,72.64462280273438,2026-09-05 12:35:03.449201+00:00,2026-09-05 12:35:03.449201+00:00,0.0
GPRT_OFFICIAL_GIT_PIT,2009-03-01 00:00:00+00:00,54,1,69.17710876464844,69.17710876464844,2026-09-05 21:25:57.695659+00:00,2026-09-05 21:25:57.695659+00:00,0.0
GPR_OFFICIAL_GIT_PIT,2009-04-01 00:00:00+00:00,54,1,85.6884994506836,85.6884994506836,2026-09-05 12:35:03.449201+00:00,2026-09-05 12:35:03.449201+00:00,0.0
GPRA_OFFICIAL_GIT_PIT,2009-04-01 00:00:00+00:00,54,1,83.98128509521484,83.98128509521484,2026-09-05 21:25:57.695659+00:00,2026-09-05 21:25:57.695659+00:00,0.0
GPRT_OFFICIAL_GIT_PIT,2009-04-01 00:00:00+00:00,54,1,84.48536682128906,84.48536682128906,2026-09-05 21:25:57.695659+00:00,2026-09-05 21:25:57.695659+00:00,0.0
GPRT_OFFICIAL_GIT_PIT,2009-05-01 00:00:00+00:00,54,1,86.63702392578125,86.63702392578125,2026-09-05 21:25:57.695659+00:00,2026-09-05 21:25:57.695659+00:00,0.0
GPR_OFFICIAL_GIT_PIT,2009-05-01 00:00:00+00:00,54,1,89.68086242675781,89.68086242675781,2026-09-05 12:35:03.449201+00:00,2026-09-05 12:35:03.449201+00:00,0.0
GPRA_OFFICIAL_GIT_PIT,2009-05-01 00:00:00+00:00,54,1,92.64315032958984,92.64315032958984,2026-09-05 21:25:57.695659+00:00,2026-09-05 21:25:57.695659+00:00,0.0
GPR_OFFICIAL_GIT_PIT,2009-06-01 00:00:00+00:00,54,1,81.10958862304688,81.10958862304688,2026-09-05 12:35:03.449201+00:00,2026-09-05 12:35:03.449201+00:00,0.0
GPRA_OFFICIAL_GIT_PIT,2009-06-01 00:00:00+00:00,54,1,74.5913314819336,74.5913314819336,2026-09-05 21:25:57.695659+00:00,2026-09-05 21:25:57.695659+00:00,0.0
GPRT_OFFICIAL_GIT_PIT,2009-06-01 00:00:00+00:00,54,1,80.80081939697266,80.80081939697266,2026-09-05 21:25:57.695659+00:00,2026-09-05 21:25:57.695659+00:00,0.0
GPRA_OFFICIAL_GIT_PIT,2009-07-01 00:00:00+00:00,54,1,80.12088012695312,80.12088012695312,2026-09-05 21:25:57.695659+00:00,2026-09-05 21:25:57.695659+00:00,0.0
GPRT_OFFICIAL_GIT_PIT,2009-07-01 00:00:00+00:00,54,1,82.10675048828125,82.10675048828125,2026-09-05 21:25:57.695659+00:00,2026-09-05 21:25:57.695659+00:00,0.0
GPR_OFFICIAL_GIT_PIT,2009-07-01 00:00:00+00:00,54,1,83.43962097167969,83.43962097167969,2026-09-05 12:35:03.449201+00:00,2026-09-05 12:35:03.449201+00:00,0.0
GPR_OFFICIAL_GIT_PIT,2009-08-01 00:00:00+00:00,54,1,73.37187957763672,73.37187957763672,2026-09-05 12:35:03.449201+00:00,2026-09-05 12:35:03.449201+00:00,0.0
GPRT_OFFICIAL_GIT_PIT,2009-08-01 00:00:00+00:00,54,1,64.70917510986328,64.70917510986328,2026-09-05 21:25:57.695659+00:00,2026-09-05 21:25:57.695659+00:00,0.0
GPRA_OFFICIAL_GIT_PIT,2009-08-01 00:00:00+00:00,54,1,78.04385375976562,78.04385375976562,2026-09-05 21:25:57.695659+00:00,2026-09-05 21:25:57.695659+00:00,0.0
GPRA_OFFICIAL_GIT_PIT,2009-09-01 00:00:00+00:00,54,1,77.7846450805664,77.7846450805664,2026-09-05 21:25:57.695659+00:00,2026-09-05 21:25:57.695659+00:00,0.0
GPR_OFFICIAL_GIT_PIT,2009-09-01 00:00:00+00:00,54,1,92.8399887084961,92.8399887084961,2026-09-05 12:35:03.449201+00:00,2026-09-05 12:35:03.449201+00:00,0.0
GPRT_OFFICIAL_GIT_PIT,2009-09-01 00:00:00+00:00,54,1,97.492919921875,97.492919921875,2026-09-05 21:25:57.695659+00:00,2026-09-05 21:25:57.695659+00:00,0.0
GPR_OFFICIAL_GIT_PIT,2009-10-01 00:00:00+00:00,54,1,90.57640075683594,90.57640075683594,2026-09-05 12:35:03.449201+00:00,2026-09-05 12:35:03.449201+00:00,0.0
GPRA_OFFICIAL_GIT_PIT,2009-10-01 00:00:00+00:00,54,1,90.4251480102539,90.4251480102539,2026-09-05 21:25:57.695659+00:00,2026-09-05 21:25:57.695659+00:00,0.0
GPRT_OFFICIAL_GIT_PIT,2009-10-01 00:00:00+00:00,54,1,88.22991180419922,88.22991180419922,2026-09-05 21:25:57.695659+00:00,2026-09-05 21:25:57.695659+00:00,0.0
GPR_OFFICIAL_GIT_PIT,2009-11-01 00:00:00+00:00,54,1,82.10176086425781,82.10176086425781,2026-09-05 12:35:03.449201+00:00,2026-09-05 12:35:03.449201+00:00,0.0
GPRT_OFFICIAL_GIT_PIT,2009-11-01 00:00:00+00:00,54,1,74.31538391113281,74.31538391113281,2026-09-05 21:25:57.695659+00:00,2026-09-05 21:25:57.695659+00:00,0.0
GPRA_OFFICIAL_GIT_PIT,2009-11-01 00:00:00+00:00,54,1,85.0097885131836,85.0097885131836,2026-09-05 21:25:57.695659+00:00,2026-09-05 21:25:57.695659+00:00,0.0
GPRA_OFFICIAL_GIT_PIT,2009-12-01 00:00:00+00:00,54,1,95.87136840820312,95.87136840820312,2026-09-05 21:25:57.695659+00:00,2026-09-05 21:25:57.695659+00:00,0.0
GPRT_OFFICIAL_GIT_PIT,2009-12-01 00:00:00+00:00,54,1,89.34334564208984,89.34334564208984,2026-09-05 21:25:57.695659+00:00,2026-09-05 21:25:57.695659+00:00,0.0
GPR_OFFICIAL_GIT_PIT,2009-12-01 00:00:00+00:00,54,1,92.94691467285156,92.94691467285156,2026-09-05 12:35:03.449201+00:00,2026-09-05 12:35:03.449201+00:00,0.0
GPR_OFFICIAL_GIT_PIT,2010-01-01 00:00:00+00:00,54,1,91.58102416992188,91.58102416992188,2026-09-05 12:35:03.449201+00:00,2026-09-05 12:35:03.449201+00:00,0.0
GPRA_OFFICIAL_GIT_PIT,2010-01-01 00:00:00+00:00,54,1,100.41094207763672,100.41094207763672,2026-09-05 21:25:57.695659+00:00,2026-09-05 21:25:57.695659+00:00,0.0
GPRT_OFFICIAL_GIT_PIT,2010-01-01 00:00:00+00:00,54,1,84.97299194335938,84.97299194335938,2026-09-05 21:25:57.695659+00:00,2026-09-05 21:25:57.695659+00:00,0.0
GPRA_OFFICIAL_GIT_PIT,2010-02-01 00:00:00+00:00,54,1,80.71173858642578,80.71173858642578,2026-09-05 21:25:57.695659+00:00,2026-09-05 21:25:57.695659+00:00,0.0
GPRT_OFFICIAL_GIT_PIT,2010-02-01 00:00:00+00:00,54,1,78.84627532958984,78.84627532958984,2026-09-05 21:25:57.695659+00:00,2026-09-05 21:25:57.695659+00:00,0.0
GPR_OFFICIAL_GIT_PIT,2010-02-01 00:00:00+00:00,54,1,80.72535705566406,80.72535705566406,2026-09-05 12:35:03.449201+00:00,2026-09-05 12:35:03.449201+00:00,0.0
GPR_OFFICIAL_GIT_PIT,2010-03-01 00:00:00+00:00,54,1,74.116943359375,74.116943359375,2026-09-05 12:35:03.449201+00:00,2026-09-05 12:35:03.449201+00:00,0.0
GPRA_OFFICIAL_GIT_PIT,2010-03-01 00:00:00+00:00,54,1,70.03934478759766,70.03934478759766,2026-09-05 21:25:57.695659+00:00,2026-09-05 21:25:57.695659+00:00,0.0
GPRT_OFFICIAL_GIT_PIT,2010-03-01 00:00:00+00:00,54,1,73.49691009521484,73.49691009521484,2026-09-05 21:25:57.695659+00:00,2026-09-05 21:25:57.695659+00:00,0.0
GPRT_OFFICIAL_GIT_PIT,2010-04-01 00:00:00+00:00,54,1,92.05691528320312,92.05691528320312,2026-09-05 21:25:57.695659+00:00,2026-09-05 21:25:57.695659+00:00,0.0
GPRA_OFFICIAL_GIT_PIT,2010-04-01 00:00:00+00:00,54,1,81.26840209960938,81.26840209960938,2026-09-05 21:25:57.695659+00:00,2026-09-05 21:25:57.695659+00:00,0.0
GPR_OFFICIAL_GIT_PIT,2010-04-01 00:00:00+00:00,54,1,88.76158142089844,88.76158142089844,2026-09-05 12:35:03.449201+00:00,2026-09-05 12:35:03.449201+00:00,0.0
GPR_OFFICIAL_GIT_PIT,2010-05-01 00:00:00+00:00,54,1,88.95870971679688,88.95870971679688,2026-09-05 12:35:03.449201+00:00,2026-09-05 12:35:03.449201+00:00,0.0
GPRA_OFFICIAL_GIT_PIT,2010-05-01 00:00:00+00:00,54,1,85.85739135742188,85.85739135742188,2026-09-05 21:25:57.695659+00:00,2026-09-05 21:25:57.695659+00:00,0.0
GPRT_OFFICIAL_GIT_PIT,2010-05-01 00:00:00+00:00,54,1,87.49411010742188,87.49411010742188,2026-09-05 21:25:57.695659+00:00,2026-09-05 21:25:57.695659+00:00,0.0
GPR_OFFICIAL_GIT_PIT,2010-06-01 00:00:00+00:00,54,1,96.45369720458984,96.45369720458984,2026-09-05 12:35:03.449201+00:00,2026-09-05 12:35:03.449201+00:00,0.0
GPRA_OFFICIAL_GIT_PIT,2010-06-01 00:00:00+00:00,54,1,70.9886245727539,70.9886245727539,2026-09-05 21:25:57.695659+00:00,2026-09-05 21:25:57.695659+00:00,0.0
GPRT_OFFICIAL_GIT_PIT,2010-06-01 00:00:00+00:00,54,1,110.69171905517578,110.69171905517578,2026-09-05 21:25:57.695659+00:00,2026-09-05 21:25:57.695659+00:00,0.0
GPRA_OFFICIAL_GIT_PIT,2010-07-01 00:00:00+00:00,54,1,84.04823303222656,84.04823303222656,2026-09-05 21:25:57.695659+00:00,2026-09-05 21:25:57.695659+00:00,0.0
GPRT_OFFICIAL_GIT_PIT,2010-07-01 00:00:00+00:00,54,1,75.18537902832031,75.18537902832031,2026-09-05 21:25:57.695659+00:00,2026-09-05 21:25:57.695659+00:00,0.0
GPR_OFFICIAL_GIT_PIT,2010-07-01 00:00:00+00:00,54,1,79.38137817382812,79.38137817382812,2026-09-05 12:35:03.449201+00:00,2026-09-05 12:35:03.449201+00:00,0.0
GPR_OFFICIAL_GIT_PIT,2010-08-01 00:00:00+00:00,54,1,80.99386596679688,80.99386596679688,2026-09-05 12:35:03.449201+00:00,2026-09-05 12:35:03.449201+00:00,0.0
GPRA_OFFICIAL_GIT_PIT,2010-08-01 00:00:00+00:00,54,1,85.98257446289062,85.98257446289062,2026-09-05 21:25:57.695659+00:00,2026-09-05 21:25:57.695659+00:00,0.0
GPRT_OFFICIAL_GIT_PIT,2010-08-01 00:00:00+00:00,54,1,71.95153045654297,71.95153045654297,2026-09-05 21:25:57.695659+00:00,2026-09-05 21:25:57.695659+00:00,0.0
GPR_OFFICIAL_GIT_PIT,2010-09-01 00:00:00+00:00,54,1,71.16854858398438,71.16854858398438,2026-09-05 12:35:03.449201+00:00,2026-09-05 12:35:03.449201+00:00,0.0
GPRA_OFFICIAL_GIT_PIT,2010-09-01 00:00:00+00:00,54,1,69.29395294189453,69.29395294189453,2026-09-05 21:25:57.695659+00:00,2026-09-05 21:25:57.695659+00:00,0.0
GPRT_OFFICIAL_GIT_PIT,2010-09-01 00:00:00+00:00,54,1,68.94754028320312,68.94754028320312,2026-09-05 21:25:57.695659+00:00,2026-09-05 21:25:57.695659+00:00,0.0
GPR_OFFICIAL_GIT_PIT,2010-10-01 00:00:00+00:00,54,1,65.99193572998047,65.99193572998047,2026-09-05 12:35:03.449201+00:00,2026-09-05 12:35:03.449201+00:00,0.0
GPRA_OFFICIAL_GIT_PIT,2010-10-01 00:00:00+00:00,54,1,76.16891479492188,76.16891479492188,2026-09-05 21:25:57.695659+00:00,2026-09-05 21:25:57.695659+00:00,0.0
GPRT_OFFICIAL_GIT_PIT,2010-10-01 00:00:00+00:00,54,1,62.0961799621582,62.0961799621582,2026-09-05 21:25:57.695659+00:00,2026-09-05 21:25:57.695659+00:00,0.0
GPRT_OFFICIAL_GIT_PIT,2010-11-01 00:00:00+00:00,54,1,98.68914794921875,98.68914794921875,2026-09-05 21:25:57.695659+00:00,2026-09-05 21:25:57.695659+00:00,0.0
GPRA_OFFICIAL_GIT_PIT,2010-11-01 00:00:00+00:00,54,1,83.2665023803711,83.2665023803711,2026-09-05 21:25:57.695659+00:00,2026-09-05 21:25:57.695659+00:00,0.0
GPR_OFFICIAL_GIT_PIT,2010-11-01 00:00:00+00:00,54,1,94.70516967773438,94.70516967773438,2026-09-05 12:35:03.449201+00:00,2026-09-05 12:35:03.449201+00:00,0.0
GPRA_OFFICIAL_GIT_PIT,2010-12-01 00:00:00+00:00,54,1,91.7621078491211,91.7621078491211,2026-09-05 21:25:57.695659+00:00,2026-09-05 21:25:57.695659+00:00,0.0
GPR_OFFICIAL_GIT_PIT,2010-12-01 00:00:00+00:00,54,1,97.20389556884766,97.20389556884766,2026-09-05 12:35:03.449201+00:00,2026-09-05 12:35:03.449201+00:00,0.0
GPRT_OFFICIAL_GIT_PIT,2010-12-01 00:00:00+00:00,54,1,100.3976821899414,100.3976821899414,2026-09-05 21:25:57.695659+00:00,2026-09-05 21:25:57.695659+00:00,0.0
GPRA_OFFICIAL_GIT_PIT,2011-01-01 00:00:00+00:00,54,1,78.8069839477539,78.8069839477539,2026-09-05 21:25:57.695659+00:00,2026-09-05 21:25:57.695659+00:00,0.0
GPR_OFFICIAL_GIT_PIT,2011-01-01 00:00:00+00:00,54,1,79.42161560058594,79.42161560058594,2026-09-05 12:35:03.449201+00:00,2026-09-05 12:35:03.449201+00:00,0.0
GPRT_OFFICIAL_GIT_PIT,2011-01-01 00:00:00+00:00,54,1,76.59356689453125,76.59356689453125,2026-09-05 21:25:57.695659+00:00,2026-09-05 21:25:57.695659+00:00,0.0
GPR_OFFICIAL_GIT_PIT,2011-02-01 00:00:00+00:00,54,1,90.01448822021484,90.01448822021484,2026-09-05 12:35:03.449201+00:00,2026-09-05 12:35:03.449201+00:00,0.0
GPRA_OFFICIAL_GIT_PIT,2011-02-01 00:00:00+00:00,54,1,85.48683166503906,85.48683166503906,2026-09-05 21:25:57.695659+00:00,2026-09-05 21:25:57.695659+00:00,0.0
GPRT_OFFICIAL_GIT_PIT,2011-02-01 00:00:00+00:00,54,1,90.18933868408203,90.18933868408203,2026-09-05 21:25:57.695659+00:00,2026-09-05 21:25:57.695659+00:00,0.0
GPRT_OFFICIAL_GIT_PIT,2011-03-01 00:00:00+00:00,54,1,126.96572875976562,126.96572875976562,2026-09-05 21:25:57.695659+00:00,2026-09-05 21:25:57.695659+00:00,0.0
GPR_OFFICIAL_GIT_PIT,2011-03-01 00:00:00+00:00,54,1,136.8883056640625,136.8883056640625,2026-09-05 12:35:03.449201+00:00,2026-09-05 12:35:03.449201+00:00,0.0
GPRA_OFFICIAL_GIT_PIT,2011-03-01 00:00:00+00:00,54,1,157.47984313964844,157.47984313964844,2026-09-05 21:25:57.695659+00:00,2026-09-05 21:25:57.695659+00:00,0.0
GPRT_OFFICIAL_GIT_PIT,2011-04-01 00:00:00+00:00,54,1,72.92317962646484,72.92317962646484,2026-09-05 21:25:57.695659+00:00,2026-09-05 21:25:57.695659+00:00,0.0
GPR_OFFICIAL_GIT_PIT,2011-04-01 00:00:00+00:00,54,1,91.01776885986328,91.01776885986328,2026-09-05 12:35:03.449201+00:00,2026-09-05 12:35:03.449201+00:00,0.0
GPRA_OFFICIAL_GIT_PIT,2011-04-01 00:00:00+00:00,54,1,111.94474029541016,111.94474029541016,2026-09-05 21:25:57.695659+00:00,2026-09-05 21:25:57.695659+00:00,0.0
GPRA_OFFICIAL_GIT_PIT,2011-05-01 00:00:00+00:00,54,1,123.82610321044922,123.82610321044922,2026-09-05 21:25:57.695659+00:00,2026-09-05 21:25:57.695659+00:00,0.0
GPRT_OFFICIAL_GIT_PIT,2011-05-01 00:00:00+00:00,54,1,95.50663757324219,95.50663757324219,2026-09-05 21:25:57.695659+00:00,2026-09-05 21:25:57.695659+00:00,0.0
GPR_OFFICIAL_GIT_PIT,2011-05-01 00:00:00+00:00,54,1,105.34491729736328,105.34491729736328,2026-09-05 12:35:03.449201+00:00,2026-09-05 12:35:03.449201+00:00,0.0
GPR_OFFICIAL_GIT_PIT,2011-06-01 00:00:00+00:00,54,1,84.391845703125,84.391845703125,2026-09-05 12:35:03.449201+00:00,2026-09-05 12:35:03.449201+00:00,0.0
GPRA_OFFICIAL_GIT_PIT,2011-06-01 00:00:00+00:00,54,1,98.27275848388672,98.27275848388672,2026-09-05 21:25:57.695659+00:00,2026-09-05 21:25:57.695659+00:00,0.0
GPRT_OFFICIAL_GIT_PIT,2011-06-01 00:00:00+00:00,54,1,71.39112854003906,71.39112854003906,2026-09-05 21:25:57.695659+00:00,2026-09-05 21:25:57.695659+00:00,0.0
GPR_OFFICIAL_GIT_PIT,2011-07-01 00:00:00+00:00,54,1,78.92475891113281,78.92475891113281,2026-09-05 12:35:03.449201+00:00,2026-09-05 12:35:03.449201+00:00,0.0
GPRT_OFFICIAL_GIT_PIT,2011-07-01 00:00:00+00:00,54,1,59.019046783447266,59.019046783447266,2026-09-05 21:25:57.695659+00:00,2026-09-05 21:25:57.695659+00:00,0.0
GPRA_OFFICIAL_GIT_PIT,2011-07-01 00:00:00+00:00,54,1,102.11175537109375,102.11175537109375,2026-09-05 21:25:57.695659+00:00,2026-09-05 21:25:57.695659+00:00,0.0
GPRT_OFFICIAL_GIT_PIT,2011-08-01 00:00:00+00:00,54,1,63.504676818847656,63.504676818847656,2026-09-05 21:25:57.695659+00:00,2026-09-05 21:25:57.695659+00:00,0.0
GPRA_OFFICIAL_GIT_PIT,2011-08-01 00:00:00+00:00,54,1,112.49906158447266,112.49906158447266,2026-09-05 21:25:57.695659+00:00,2026-09-05 21:25:57.695659+00:00,0.0
GPR_OFFICIAL_GIT_PIT,2011-08-01 00:00:00+00:00,54,1,86.95156860351562,86.95156860351562,2026-09-05 12:35:03.449201+00:00,2026-09-05 12:35:03.449201+00:00,0.0
GPRA_OFFICIAL_GIT_PIT,2011-09-01 00:00:00+00:00,54,1,95.26744079589844,95.26744079589844,2026-09-05 21:25:57.695659+00:00,2026-09-05 21:25:57.695659+00:00,0.0
GPRT_OFFICIAL_GIT_PIT,2011-09-01 00:00:00+00:00,54,1,70.606689453125,70.606689453125,2026-09-05 21:25:57.695659+00:00,2026-09-05 21:25:57.695659+00:00,0.0
GPR_OFFICIAL_GIT_PIT,2011-09-01 00:00:00+00:00,54,1,83.35044860839844,83.35044860839844,2026-09-05 12:35:03.449201+00:00,2026-09-05 12:35:03.449201+00:00,0.0
GPR_OFFICIAL_GIT_PIT,2011-10-01 00:00:00+00:00,54,1,76.33993530273438,76.33993530273438,2026-09-05 12:35:03.449201+00:00,2026-09-05 12:35:03.449201+00:00,0.0
GPRT_OFFICIAL_GIT_PIT,2011-10-01 00:00:00+00:00,54,1,64.18510437011719,64.18510437011719,2026-09-05 21:25:57.695659+00:00,2026-09-05 21:25:57.695659+00:00,0.0
GPRA_OFFICIAL_GIT_PIT,2011-10-01 00:00:00+00:00,54,1,92.34331512451172,92.34331512451172,2026-09-05 21:25:57.695659+00:00,2026-09-05 21:25:57.695659+00:00,0.0
GPRA_OFFICIAL_GIT_PIT,2011-11-01 00:00:00+00:00,54,1,70.11003875732422,70.11003875732422,2026-09-05 21:25:57.695659+00:00,2026-09-05 21:25:57.695659+00:00,0.0
GPR_OFFICIAL_GIT_PIT,2011-11-01 00:00:00+00:00,54,1,83.15767669677734,83.15767669677734,2026-09-05 12:35:03.449201+00:00,2026-09-05 12:35:03.449201+00:00,0.0
GPRT_OFFICIAL_GIT_PIT,2011-11-01 00:00:00+00:00,54,1,95.57453155517578,95.57453155517578,2026-09-05 21:25:57.695659+00:00,2026-09-05 21:25:57.695659+00:00,0.0
GPRA_OFFICIAL_GIT_PIT,2011-12-01 00:00:00+00:00,54,1,77.47647857666016,77.47647857666016,2026-09-05 21:25:57.695659+00:00,2026-09-05 21:25:57.695659+00:00,0.0
GPRT_OFFICIAL_GIT_PIT,2011-12-01 00:00:00+00:00,54,1,88.89408111572266,88.89408111572266,2026-09-05 21:25:57.695659+00:00,2026-09-05 21:25:57.695659+00:00,0.0
GPR_OFFICIAL_GIT_PIT,2011-12-01 00:00:00+00:00,54,1,85.34132385253906,85.34132385253906,2026-09-05 12:35:03.449201+00:00,2026-09-05 12:35:03.449201+00:00,0.0
GPRT_OFFICIAL_GIT_PIT,2012-01-01 00:00:00+00:00,54,1,93.6095962524414,93.6095962524414,2026-09-05 21:25:57.695659+00:00,2026-09-05 21:25:57.695659+00:00,0.0
GPR_OFFICIAL_GIT_PIT,2012-01-01 00:00:00+00:00,54,1,79.63497161865234,79.63497161865234,2026-09-05 12:35:03.449201+00:00,2026-09-05 12:35:03.449201+00:00,0.0
GPRA_OFFICIAL_GIT_PIT,2012-01-01 00:00:00+00:00,54,1,62.06843185424805,62.06843185424805,2026-09-05 21:25:57.695659+00:00,2026-09-05 21:25:57.695659+00:00,0.0
GPRT_OFFICIAL_GIT_PIT,2012-02-01 00:00:00+00:00,54,1,104.2074966430664,104.2074966430664,2026-09-05 21:25:57.695659+00:00,2026-09-05 21:25:57.695659+00:00,0.0
GPRA_OFFICIAL_GIT_PIT,2012-02-01 00:00:00+00:00,54,1,78.59986114501953,78.59986114501953,2026-09-05 21:25:57.695659+00:00,2026-09-05 21:25:57.695659+00:00,0.0
GPR_OFFICIAL_GIT_PIT,2012-02-01 00:00:00+00:00,54,1,92.4458236694336,92.4458236694336,2026-09-05 12:35:03.449201+00:00,2026-09-05 12:35:03.449201+00:00,0.0
GPRT_OFFICIAL_GIT_PIT,2012-03-01 00:00:00+00:00,54,1,87.85648345947266,87.85648345947266,2026-09-05 21:25:57.695659+00:00,2026-09-05 21:25:57.695659+00:00,0.0
GPR_OFFICIAL_GIT_PIT,2012-03-01 00:00:00+00:00,54,1,88.75997924804688,88.75997924804688,2026-09-05 12:35:03.449201+00:00,2026-09-05 12:35:03.449201+00:00,0.0
GPRA_OFFICIAL_GIT_PIT,2012-03-01 00:00:00+00:00,54,1,85.85698699951172,85.85698699951172,2026-09-05 21:25:57.695659+00:00,2026-09-05 21:25:57.695659+00:00,0.0
GPRT_OFFICIAL_GIT_PIT,2012-04-01 00:00:00+00:00,54,1,101.92078399658203,101.92078399658203,2026-09-05 21:25:57.695659+00:00,2026-09-05 21:25:57.695659+00:00,0.0
GPR_OFFICIAL_GIT_PIT,2012-04-01 00:00:00+00:00,54,1,96.01668548583984,96.01668548583984,2026-09-05 12:35:03.449201+00:00,2026-09-05 12:35:03.449201+00:00,0.0
GPRA_OFFICIAL_GIT_PIT,2012-04-01 00:00:00+00:00,54,1,86.38436889648438,86.38436889648438,2026-09-05 21:25:57.695659+00:00,2026-09-05 21:25:57.695659+00:00,0.0
GPRT_OFFICIAL_GIT_PIT,2012-05-01 00:00:00+00:00,54,1,80.6348876953125,80.6348876953125,2026-09-05 21:25:57.695659+00:00,2026-09-05 21:25:57.695659+00:00,0.0
GPRA_OFFICIAL_GIT_PIT,2012-05-01 00:00:00+00:00,54,1,69.74354553222656,69.74354553222656,2026-09-05 21:25:57.695659+00:00,2026-09-05 21:25:57.695659+00:00,0.0
GPR_OFFICIAL_GIT_PIT,2012-05-01 00:00:00+00:00,54,1,78.17115783691406,78.17115783691406,2026-09-05 12:35:03.449201+00:00,2026-09-05 12:35:03.449201+00:00,0.0
GPR_OFFICIAL_GIT_PIT,2012-06-01 00:00:00+00:00,54,1,77.82243347167969,77.82243347167969,2026-09-05 12:35:03.449201+00:00,2026-09-05 12:35:03.449201+00:00,0.0
GPRA_OFFICIAL_GIT_PIT,2012-06-01 00:00:00+00:00,54,1,82.17473602294922,82.17473602294922,2026-09-05 21:25:57.695659+00:00,2026-09-05 21:25:57.695659+00:00,0.0
GPRT_OFFICIAL_GIT_PIT,2012-06-01 00:00:00+00:00,54,1,70.23216247558594,70.23216247558594,2026-09-05 21:25:57.695659+00:00,2026-09-05 21:25:57.695659+00:00,0.0
GPRA_OFFICIAL_GIT_PIT,2012-07-01 00:00:00+00:00,54,1,91.00080108642578,91.00080108642578,2026-09-05 21:25:57.695659+00:00,2026-09-05 21:25:57.695659+00:00,0.0
GPRT_OFFICIAL_GIT_PIT,2012-07-01 00:00:00+00:00,54,1,79.33626556396484,79.33626556396484,2026-09-05 21:25:57.695659+00:00,2026-09-05 21:25:57.695659+00:00,0.0
GPR_OFFICIAL_GIT_PIT,2012-07-01 00:00:00+00:00,54,1,82.80802154541016,82.80802154541016,2026-09-05 12:35:03.449201+00:00,2026-09-05 12:35:03.449201+00:00,0.0
GPRT_OFFICIAL_GIT_PIT,2012-08-01 00:00:00+00:00,54,1,70.9891586303711,70.9891586303711,2026-09-05 21:25:57.695659+00:00,2026-09-05 21:25:57.695659+00:00,0.0
GPRA_OFFICIAL_GIT_PIT,2012-08-01 00:00:00+00:00,54,1,78.11161804199219,78.11161804199219,2026-09-05 21:25:57.695659+00:00,2026-09-05 21:25:57.695659+00:00,0.0
GPR_OFFICIAL_GIT_PIT,2012-08-01 00:00:00+00:00,54,1,74.87835693359375,74.87835693359375,2026-09-05 12:35:03.449201+00:00,2026-09-05 12:35:03.449201+00:00,0.0
GPRA_OFFICIAL_GIT_PIT,2012-09-01 00:00:00+00:00,54,1,65.87126159667969,65.87126159667969,2026-09-05 21:25:57.695659+00:00,2026-09-05 21:25:57.695659+00:00,0.0
GPR_OFFICIAL_GIT_PIT,2012-09-01 00:00:00+00:00,54,1,69.28050994873047,69.28050994873047,2026-09-05 12:35:03.449201+00:00,2026-09-05 12:35:03.449201+00:00,0.0
GPRT_OFFICIAL_GIT_PIT,2012-09-01 00:00:00+00:00,54,1,68.40282440185547,68.40282440185547,2026-09-05 21:25:57.695659+00:00,2026-09-05 21:25:57.695659+00:00,0.0
GPRA_OFFICIAL_GIT_PIT,2012-10-01 00:00:00+00:00,54,1,88.03089904785156,88.03089904785156,2026-09-05 21:25:57.695659+00:00,2026-09-05 21:25:57.695659+00:00,0.0
GPR_OFFICIAL_GIT_PIT,2012-10-01 00:00:00+00:00,54,1,81.66366577148438,81.66366577148438,2026-09-05 12:35:03.449201+00:00,2026-09-05 12:35:03.449201+00:00,0.0
GPRT_OFFICIAL_GIT_PIT,2012-10-01 00:00:00+00:00,54,1,74.20600891113281,74.20600891113281,2026-09-05 21:25:57.695659+00:00,2026-09-05 21:25:57.695659+00:00,0.0
GPRT_OFFICIAL_GIT_PIT,2012-11-01 00:00:00+00:00,54,1,75.65846252441406,75.65846252441406,2026-09-05 21:25:57.695659+00:00,2026-09-05 21:25:57.695659+00:00,0.0
GPRA_OFFICIAL_GIT_PIT,2012-11-01 00:00:00+00:00,54,1,89.04841613769531,89.04841613769531,2026-09-05 21:25:57.695659+00:00,2026-09-05 21:25:57.695659+00:00,0.0
GPR_OFFICIAL_GIT_PIT,2012-11-01 00:00:00+00:00,54,1,81.38964080810547,81.38964080810547,2026-09-05 12:35:03.449201+00:00,2026-09-05 12:35:03.449201+00:00,0.0
GPR_OFFICIAL_GIT_PIT,2012-12-01 00:00:00+00:00,54,1,74.83155822753906,74.83155822753906,2026-09-05 12:35:03.449201+00:00,2026-09-05 12:35:03.449201+00:00,0.0
GPRA_OFFICIAL_GIT_PIT,2012-12-01 00:00:00+00:00,54,1,82.9786148071289,82.9786148071289,2026-09-05 21:25:57.695659+00:00,2026-09-05 21:25:57.695659+00:00,0.0
GPRT_OFFICIAL_GIT_PIT,2012-12-01 00:00:00+00:00,54,1,66.24052429199219,66.24052429199219,2026-09-05 21:25:57.695659+00:00,2026-09-05 21:25:57.695659+00:00,0.0
GPR_OFFICIAL_GIT_PIT,2013-01-01 00:00:00+00:00,54,1,90.6574935913086,90.6574935913086,2026-09-05 12:35:03.449201+00:00,2026-09-05 12:35:03.449201+00:00,0.0
GPRT_OFFICIAL_GIT_PIT,2013-01-01 00:00:00+00:00,54,1,84.139892578125,84.139892578125,2026-09-05 21:25:57.695659+00:00,2026-09-05 21:25:57.695659+00:00,0.0
GPRA_OFFICIAL_GIT_PIT,2013-01-01 00:00:00+00:00,54,1,108.9493179321289,108.9493179321289,2026-09-05 21:25:57.695659+00:00,2026-09-05 21:25:57.695659+00:00,0.0
GPRA_OFFICIAL_GIT_PIT,2013-02-01 00:00:00+00:00,54,1,85.65817260742188,85.65817260742188,2026-09-05 21:25:57.695659+00:00,2026-09-05 21:25:57.695659+00:00,0.0
GPR_OFFICIAL_GIT_PIT,2013-02-01 00:00:00+00:00,54,1,81.59033203125,81.59033203125,2026-09-05 12:35:03.449201+00:00,2026-09-05 12:35:03.449201+00:00,0.0
GPRT_OFFICIAL_GIT_PIT,2013-02-01 00:00:00+00:00,54,1,77.60531616210938,77.60531616210938,2026-09-05 21:25:57.695659+00:00,2026-09-05 21:25:57.695659+00:00,0.0
GPR_OFFICIAL_GIT_PIT,2013-03-01 00:00:00+00:00,54,1,75.89672088623047,75.89672088623047,2026-09-05 12:35:03.449201+00:00,2026-09-05 12:35:03.449201+00:00,0.0
GPRT_OFFICIAL_GIT_PIT,2013-03-01 00:00:00+00:00,54,1,81.89175415039062,81.89175415039062,2026-09-05 21:25:57.695659+00:00,2026-09-05 21:25:57.695659+00:00,0.0
GPRA_OFFICIAL_GIT_PIT,2013-03-01 00:00:00+00:00,54,1,69.39681243896484,69.39681243896484,2026-09-05 21:25:57.695659+00:00,2026-09-05 21:25:57.695659+00:00,0.0
GPRA_OFFICIAL_GIT_PIT,2013-04-01 00:00:00+00:00,54,1,87.4727554321289,87.4727554321289,2026-09-05 21:25:57.695659+00:00,2026-09-05 21:25:57.695659+00:00,0.0
GPR_OFFICIAL_GIT_PIT,2013-04-01 00:00:00+00:00,54,1,95.10787200927734,95.10787200927734,2026-09-05 12:35:03.449201+00:00,2026-09-05 12:35:03.449201+00:00,0.0
GPRT_OFFICIAL_GIT_PIT,2013-04-01 00:00:00+00:00,54,1,99.5219497680664,99.5219497680664,2026-09-05 21:25:57.695659+00:00,2026-09-05 21:25:57.695659+00:00,0.0
GPR_OFFICIAL_GIT_PIT,2013-05-01 00:00:00+00:00,54,1,83.71731567382812,83.71731567382812,2026-09-05 12:35:03.449201+00:00,2026-09-05 12:35:03.449201+00:00,0.0
GPRT_OFFICIAL_GIT_PIT,2013-05-01 00:00:00+00:00,54,1,75.3292236328125,75.3292236328125,2026-09-05 21:25:57.695659+00:00,2026-09-05 21:25:57.695659+00:00,0.0
GPRA_OFFICIAL_GIT_PIT,2013-05-01 00:00:00+00:00,54,1,98.22759246826172,98.22759246826172,2026-09-05 21:25:57.695659+00:00,2026-09-05 21:25:57.695659+00:00,0.0
GPR_OFFICIAL_GIT_PIT,2013-06-01 00:00:00+00:00,54,1,82.97300720214844,82.97300720214844,2026-09-05 12:35:03.449201+00:00,2026-09-05 12:35:03.449201+00:00,0.0
GPRT_OFFICIAL_GIT_PIT,2013-06-01 00:00:00+00:00,54,1,78.82188415527344,78.82188415527344,2026-09-05 21:25:57.695659+00:00,2026-09-05 21:25:57.695659+00:00,0.0
GPRA_OFFICIAL_GIT_PIT,2013-06-01 00:00:00+00:00,54,1,86.63420104980469,86.63420104980469,2026-09-05 21:25:57.695659+00:00,2026-09-05 21:25:57.695659+00:00,0.0
GPRT_OFFICIAL_GIT_PIT,2013-07-01 00:00:00+00:00,54,1,71.55718994140625,71.55718994140625,2026-09-05 21:25:57.695659+00:00,2026-09-05 21:25:57.695659+00:00,0.0
GPR_OFFICIAL_GIT_PIT,2013-07-01 00:00:00+00:00,54,1,73.97581481933594,73.97581481933594,2026-09-05 12:35:03.449201+00:00,2026-09-05 12:35:03.449201+00:00,0.0
GPRA_OFFICIAL_GIT_PIT,2013-07-01 00:00:00+00:00,54,1,72.67587280273438,72.67587280273438,2026-09-05 21:25:57.695659+00:00,2026-09-05 21:25:57.695659+00:00,0.0
GPRA_OFFICIAL_GIT_PIT,2013-08-01 00:00:00+00:00,54,1,106.97908782958984,106.97908782958984,2026-09-05 21:25:57.695659+00:00,2026-09-05 21:25:57.695659+00:00,0.0
GPR_OFFICIAL_GIT_PIT,2013-08-01 00:00:00+00:00,54,1,90.95674896240234,90.95674896240234,2026-09-05 12:35:03.449201+00:00,2026-09-05 12:35:03.449201+00:00,0.0
GPRT_OFFICIAL_GIT_PIT,2013-08-01 00:00:00+00:00,54,1,80.73957824707031,80.73957824707031,2026-09-05 21:25:57.695659+00:00,2026-09-05 21:25:57.695659+00:00,0.0
GPRA_OFFICIAL_GIT_PIT,2013-09-01 00:00:00+00:00,54,1,100.16348266601562,100.16348266601562,2026-09-05 21:25:57.695659+00:00,2026-09-05 21:25:57.695659+00:00,0.0
GPR_OFFICIAL_GIT_PIT,2013-09-01 00:00:00+00:00,54,1,100.4593276977539,100.4593276977539,2026-09-05 12:35:03.449201+00:00,2026-09-05 12:35:03.449201+00:00,0.0
GPRT_OFFICIAL_GIT_PIT,2013-09-01 00:00:00+00:00,54,1,100.38423156738281,100.38423156738281,2026-09-05 21:25:57.695659+00:00,2026-09-05 21:25:57.695659+00:00,0.0
GPRT_OFFICIAL_GIT_PIT,2013-10-01 00:00:00+00:00,54,1,65.50166320800781,65.50166320800781,2026-09-05 21:25:57.695659+00:00,2026-09-05 21:25:57.695659+00:00,0.0
GPRA_OFFICIAL_GIT_PIT,2013-10-01 00:00:00+00:00,54,1,78.73002624511719,78.73002624511719,2026-09-05 21:25:57.695659+00:00,2026-09-05 21:25:57.695659+00:00,0.0
GPR_OFFICIAL_GIT_PIT,2013-10-01 00:00:00+00:00,54,1,72.95311737060547,72.95311737060547,2026-09-05 12:35:03.449201+00:00,2026-09-05 12:35:03.449201+00:00,0.0
GPRA_OFFICIAL_GIT_PIT,2013-11-01 00:00:00+00:00,54,1,52.43838119506836,52.43838119506836,2026-09-05 21:25:57.695659+00:00,2026-09-05 21:25:57.695659+00:00,0.0
GPR_OFFICIAL_GIT_PIT,2013-11-01 00:00:00+00:00,54,1,77.77902221679688,77.77902221679688,2026-09-05 12:35:03.449201+00:00,2026-09-05 12:35:03.449201+00:00,0.0
GPRT_OFFICIAL_GIT_PIT,2013-11-01 00:00:00+00:00,54,1,92.4988784790039,92.4988784790039,2026-09-05 21:25:57.695659+00:00,2026-09-05 21:25:57.695659+00:00,0.0
GPRA_OFFICIAL_GIT_PIT,2013-12-01 00:00:00+00:00,54,1,66.79072570800781,66.79072570800781,2026-09-05 21:25:57.695659+00:00,2026-09-05 21:25:57.695659+00:00,0.0
GPRT_OFFICIAL_GIT_PIT,2013-12-01 00:00:00+00:00,54,1,70.09461212158203,70.09461212158203,2026-09-05 21:25:57.695659+00:00,2026-09-05 21:25:57.695659+00:00,0.0
GPR_OFFICIAL_GIT_PIT,2013-12-01 00:00:00+00:00,54,1,70.37248992919922,70.37248992919922,2026-09-05 12:35:03.449201+00:00,2026-09-05 12:35:03.449201+00:00,0.0
GPRT_OFFICIAL_GIT_PIT,2014-01-01 00:00:00+00:00,54,1,70.48076629638672,70.48076629638672,2026-09-05 21:25:57.695659+00:00,2026-09-05 21:25:57.695659+00:00,0.0
GPRA_OFFICIAL_GIT_PIT,2014-01-01 00:00:00+00:00,54,1,83.1458969116211,83.1458969116211,2026-09-05 21:25:57.695659+00:00,2026-09-05 21:25:57.695659+00:00,0.0
GPR_OFFICIAL_GIT_PIT,2014-01-01 00:00:00+00:00,54,1,77.91596984863281,77.91596984863281,2026-09-05 12:35:03.449201+00:00,2026-09-05 12:35:03.449201+00:00,0.0
GPRT_OFFICIAL_GIT_PIT,2014-02-01 00:00:00+00:00,54,1,73.27865600585938,73.27865600585938,2026-09-05 21:25:57.695659+00:00,2026-09-05 21:25:57.695659+00:00,0.0
GPRA_OFFICIAL_GIT_PIT,2014-02-01 00:00:00+00:00,54,1,59.08655548095703,59.08655548095703,2026-09-05 21:25:57.695659+00:00,2026-09-05 21:25:57.695659+00:00,0.0
GPR_OFFICIAL_GIT_PIT,2014-02-01 00:00:00+00:00,54,1,69.00352478027344,69.00352478027344,2026-09-05 12:35:03.449201+00:00,2026-09-05 12:35:03.449201+00:00,0.0
GPRA_OFFICIAL_GIT_PIT,2014-03-01 00:00:00+00:00,54,1,74.0618896484375,74.0618896484375,2026-09-05 21:25:57.695659+00:00,2026-09-05 21:25:57.695659+00:00,0.0
GPR_OFFICIAL_GIT_PIT,2014-03-01 00:00:00+00:00,54,1,119.83855438232422,119.83855438232422,2026-09-05 12:35:03.449201+00:00,2026-09-05 12:35:03.449201+00:00,0.0
GPRT_OFFICIAL_GIT_PIT,2014-03-01 00:00:00+00:00,54,1,151.67477416992188,151.67477416992188,2026-09-05 21:25:57.695659+00:00,2026-09-05 21:25:57.695659+00:00,0.0
GPR_OFFICIAL_GIT_PIT,2014-04-01 00:00:00+00:00,54,1,93.22154235839844,93.22154235839844,2026-09-05 12:35:03.449201+00:00,2026-09-05 12:35:03.449201+00:00,0.0
GPRA_OFFICIAL_GIT_PIT,2014-04-01 00:00:00+00:00,54,1,60.90629959106445,60.90629959106445,2026-09-05 21:25:57.695659+00:00,2026-09-05 21:25:57.695659+00:00,0.0
GPRT_OFFICIAL_GIT_PIT,2014-04-01 00:00:00+00:00,54,1,113.13993072509766,113.13993072509766,2026-09-05 21:25:57.695659+00:00,2026-09-05 21:25:57.695659+00:00,0.0
GPRT_OFFICIAL_GIT_PIT,2014-05-01 00:00:00+00:00,54,1,91.6987533569336,91.6987533569336,2026-09-05 21:25:57.695659+00:00,2026-09-05 21:25:57.695659+00:00,0.0
GPR_OFFICIAL_GIT_PIT,2014-05-01 00:00:00+00:00,54,1,83.4288558959961,83.4288558959961,2026-09-05 12:35:03.449201+00:00,2026-09-05 12:35:03.449201+00:00,0.0
GPRA_OFFICIAL_GIT_PIT,2014-05-01 00:00:00+00:00,54,1,76.15043640136719,76.15043640136719,2026-09-05 21:25:57.695659+00:00,2026-09-05 21:25:57.695659+00:00,0.0
GPRT_OFFICIAL_GIT_PIT,2014-06-01 00:00:00+00:00,54,1,95.32296752929688,95.32296752929688,2026-09-05 21:25:57.695659+00:00,2026-09-05 21:25:57.695659+00:00,0.0
GPRA_OFFICIAL_GIT_PIT,2014-06-01 00:00:00+00:00,54,1,107.18201446533203,107.18201446533203,2026-09-05 21:25:57.695659+00:00,2026-09-05 21:25:57.695659+00:00,0.0
GPR_OFFICIAL_GIT_PIT,2014-06-01 00:00:00+00:00,54,1,98.76710510253906,98.76710510253906,2026-09-05 12:35:03.449201+00:00,2026-09-05 12:35:03.449201+00:00,0.0
GPRT_OFFICIAL_GIT_PIT,2014-07-01 00:00:00+00:00,54,1,162.71510314941406,162.71510314941406,2026-09-05 21:25:57.695659+00:00,2026-09-05 21:25:57.695659+00:00,0.0
GPR_OFFICIAL_GIT_PIT,2014-07-01 00:00:00+00:00,54,1,138.7539520263672,138.7539520263672,2026-09-05 12:35:03.449201+00:00,2026-09-05 12:35:03.449201+00:00,0.0
GPRA_OFFICIAL_GIT_PIT,2014-07-01 00:00:00+00:00,54,1,118.54683685302734,118.54683685302734,2026-09-05 21:25:57.695659+00:00,2026-09-05 21:25:57.695659+00:00,0.0
GPR_OFFICIAL_GIT_PIT,2014-08-01 00:00:00+00:00,54,1,136.44558715820312,136.44558715820312,2026-09-05 12:35:03.449201+00:00,2026-09-05 12:35:03.449201+00:00,0.0
GPRA_OFFICIAL_GIT_PIT,2014-08-01 00:00:00+00:00,54,1,112.11448669433594,112.11448669433594,2026-09-05 21:25:57.695659+00:00,2026-09-05 21:25:57.695659+00:00,0.0
GPRT_OFFICIAL_GIT_PIT,2014-08-01 00:00:00+00:00,54,1,158.59349060058594,158.59349060058594,2026-09-05 21:25:57.695659+00:00,2026-09-05 21:25:57.695659+00:00,0.0
GPRT_OFFICIAL_GIT_PIT,2014-09-01 00:00:00+00:00,54,1,143.3953857421875,143.3953857421875,2026-09-05 21:25:57.695659+00:00,2026-09-05 21:25:57.695659+00:00,0.0
GPR_OFFICIAL_GIT_PIT,2014-09-01 00:00:00+00:00,54,1,131.55665588378906,131.55665588378906,2026-09-05 12:35:03.449201+00:00,2026-09-05 12:35:03.449201+00:00,0.0
GPRA_OFFICIAL_GIT_PIT,2014-09-01 00:00:00+00:00,54,1,120.78192138671875,120.78192138671875,2026-09-05 21:25:57.695659+00:00,2026-09-05 21:25:57.695659+00:00,0.0
GPR_OFFICIAL_GIT_PIT,2014-10-01 00:00:00+00:00,54,1,83.66100311279297,83.66100311279297,2026-09-05 12:35:03.449201+00:00,2026-09-05 12:35:03.449201+00:00,0.0
GPRT_OFFICIAL_GIT_PIT,2014-10-01 00:00:00+00:00,54,1,86.33345031738281,86.33345031738281,2026-09-05 21:25:57.695659+00:00,2026-09-05 21:25:57.695659+00:00,0.0
GPRA_OFFICIAL_GIT_PIT,2014-10-01 00:00:00+00:00,54,1,77.19393157958984,77.19393157958984,2026-09-05 21:25:57.695659+00:00,2026-09-05 21:25:57.695659+00:00,0.0
GPRT_OFFICIAL_GIT_PIT,2014-11-01 00:00:00+00:00,54,1,88.46994018554688,88.46994018554688,2026-09-05 21:25:57.695659+00:00,2026-09-05 21:25:57.695659+00:00,0.0
GPRA_OFFICIAL_GIT_PIT,2014-11-01 00:00:00+00:00,54,1,76.33753204345703,76.33753204345703,2026-09-05 21:25:57.695659+00:00,2026-09-05 21:25:57.695659+00:00,0.0
GPR_OFFICIAL_GIT_PIT,2014-11-01 00:00:00+00:00,54,1,84.38005065917969,84.38005065917969,2026-09-05 12:35:03.449201+00:00,2026-09-05 12:35:03.449201+00:00,0.0
GPR_OFFICIAL_GIT_PIT,2014-12-01 00:00:00+00:00,54,1,86.5262222290039,86.5262222290039,2026-09-05 12:35:03.449201+00:00,2026-09-05 12:35:03.449201+00:00,0.0
GPRA_OFFICIAL_GIT_PIT,2014-12-01 00:00:00+00:00,54,1,96.23736572265625,96.23736572265625,2026-09-05 21:25:57.695659+00:00,2026-09-05 21:25:57.695659+00:00,0.0
GPRT_OFFICIAL_GIT_PIT,2014-12-01 00:00:00+00:00,54,1,81.27322387695312,81.27322387695312,2026-09-05 21:25:57.695659+00:00,2026-09-05 21:25:57.695659+00:00,0.0
GPR_OFFICIAL_GIT_PIT,2015-01-01 00:00:00+00:00,54,1,111.9856948852539,111.9856948852539,2026-09-05 12:35:03.449201+00:00,2026-09-05 12:35:03.449201+00:00,0.0
GPRA_OFFICIAL_GIT_PIT,2015-01-01 00:00:00+00:00,54,1,153.33984375,153.33984375,2026-09-05 21:25:57.695659+00:00,2026-09-05 21:25:57.695659+00:00,0.0
GPRT_OFFICIAL_GIT_PIT,2015-01-01 00:00:00+00:00,54,1,83.50390625,83.50390625,2026-09-05 21:25:57.695659+00:00,2026-09-05 21:25:57.695659+00:00,0.0
GPR_OFFICIAL_GIT_PIT,2015-02-01 00:00:00+00:00,54,1,111.92469787597656,111.92469787597656,2026-09-05 12:35:03.449201+00:00,2026-09-05 12:35:03.449201+00:00,0.0
GPRT_OFFICIAL_GIT_PIT,2015-02-01 00:00:00+00:00,54,1,118.22520446777344,118.22520446777344,2026-09-05 21:25:57.695659+00:00,2026-09-05 21:25:57.695659+00:00,0.0
GPRA_OFFICIAL_GIT_PIT,2015-02-01 00:00:00+00:00,54,1,107.79053497314453,107.79053497314453,2026-09-05 21:25:57.695659+00:00,2026-09-05 21:25:57.695659+00:00,0.0
GPRT_OFFICIAL_GIT_PIT,2015-03-01 00:00:00+00:00,54,1,117.48873138427734,117.48873138427734,2026-09-05 21:25:57.695659+00:00,2026-09-05 21:25:57.695659+00:00,0.0
GPRA_OFFICIAL_GIT_PIT,2015-03-01 00:00:00+00:00,54,1,83.63285064697266,83.63285064697266,2026-09-05 21:25:57.695659+00:00,2026-09-05 21:25:57.695659+00:00,0.0
GPR_OFFICIAL_GIT_PIT,2015-03-01 00:00:00+00:00,54,1,104.23526763916016,104.23526763916016,2026-09-05 12:35:03.449201+00:00,2026-09-05 12:35:03.449201+00:00,0.0
GPRA_OFFICIAL_GIT_PIT,2015-04-01 00:00:00+00:00,54,1,95.08645629882812,95.08645629882812,2026-09-05 21:25:57.695659+00:00,2026-09-05 21:25:57.695659+00:00,0.0
GPR_OFFICIAL_GIT_PIT,2015-04-01 00:00:00+00:00,54,1,102.19049072265625,102.19049072265625,2026-09-05 12:35:03.449201+00:00,2026-09-05 12:35:03.449201+00:00,0.0
GPRT_OFFICIAL_GIT_PIT,2015-04-01 00:00:00+00:00,54,1,110.18872833251953,110.18872833251953,2026-09-05 21:25:57.695659+00:00,2026-09-05 21:25:57.695659+00:00,0.0
GPRT_OFFICIAL_GIT_PIT,2015-05-01 00:00:00+00:00,54,1,77.66873168945312,77.66873168945312,2026-09-05 21:25:57.695659+00:00,2026-09-05 21:25:57.695659+00:00,0.0
GPRA_OFFICIAL_GIT_PIT,2015-05-01 00:00:00+00:00,54,1,72.86188507080078,72.86188507080078,2026-09-05 21:25:57.695659+00:00,2026-09-05 21:25:57.695659+00:00,0.0
GPR_OFFICIAL_GIT_PIT,2015-05-01 00:00:00+00:00,54,1,76.2623291015625,76.2623291015625,2026-09-05 12:35:03.449201+00:00,2026-09-05 12:35:03.449201+00:00,0.0
GPRA_OFFICIAL_GIT_PIT,2015-06-01 00:00:00+00:00,54,1,88.7894287109375,88.7894287109375,2026-09-05 21:25:57.695659+00:00,2026-09-05 21:25:57.695659+00:00,0.0
GPRT_OFFICIAL_GIT_PIT,2015-06-01 00:00:00+00:00,54,1,81.06608581542969,81.06608581542969,2026-09-05 21:25:57.695659+00:00,2026-09-05 21:25:57.695659+00:00,0.0
GPR_OFFICIAL_GIT_PIT,2015-06-01 00:00:00+00:00,54,1,85.90596771240234,85.90596771240234,2026-09-05 12:35:03.449201+00:00,2026-09-05 12:35:03.449201+00:00,0.0
GPRA_OFFICIAL_GIT_PIT,2015-07-01 00:00:00+00:00,54,1,86.16881561279297,86.16881561279297,2026-09-05 21:25:57.695659+00:00,2026-09-05 21:25:57.695659+00:00,0.0
GPRT_OFFICIAL_GIT_PIT,2015-07-01 00:00:00+00:00,54,1,120.84297180175781,120.84297180175781,2026-09-05 21:25:57.695659+00:00,2026-09-05 21:25:57.695659+00:00,0.0
GPR_OFFICIAL_GIT_PIT,2015-07-01 00:00:00+00:00,54,1,106.80866241455078,106.80866241455078,2026-09-05 12:35:03.449201+00:00,2026-09-05 12:35:03.449201+00:00,0.0
GPRT_OFFICIAL_GIT_PIT,2015-08-01 00:00:00+00:00,54,1,85.33859252929688,85.33859252929688,2026-09-05 21:25:57.695659+00:00,2026-09-05 21:25:57.695659+00:00,0.0
GPRA_OFFICIAL_GIT_PIT,2015-08-01 00:00:00+00:00,54,1,74.0282974243164,74.0282974243164,2026-09-05 21:25:57.695659+00:00,2026-09-05 21:25:57.695659+00:00,0.0
GPR_OFFICIAL_GIT_PIT,2015-08-01 00:00:00+00:00,54,1,82.47853088378906,82.47853088378906,2026-09-05 12:35:03.449201+00:00,2026-09-05 12:35:03.449201+00:00,0.0
GPRA_OFFICIAL_GIT_PIT,2015-09-01 00:00:00+00:00,54,1,79.34535217285156,79.34535217285156,2026-09-05 21:25:57.695659+00:00,2026-09-05 21:25:57.695659+00:00,0.0
GPR_OFFICIAL_GIT_PIT,2015-09-01 00:00:00+00:00,54,1,98.7674560546875,98.7674560546875,2026-09-05 12:35:03.449201+00:00,2026-09-05 12:35:03.449201+00:00,0.0
GPRT_OFFICIAL_GIT_PIT,2015-09-01 00:00:00+00:00,54,1,115.88518524169922,115.88518524169922,2026-09-05 21:25:57.695659+00:00,2026-09-05 21:25:57.695659+00:00,0.0
GPR_OFFICIAL_GIT_PIT,2015-10-01 00:00:00+00:00,54,1,91.931884765625,91.931884765625,2026-09-05 12:35:03.449201+00:00,2026-09-05 12:35:03.449201+00:00,0.0
GPRT_OFFICIAL_GIT_PIT,2015-10-01 00:00:00+00:00,54,1,79.726318359375,79.726318359375,2026-09-05 21:25:57.695659+00:00,2026-09-05 21:25:57.695659+00:00,0.0
GPRA_OFFICIAL_GIT_PIT,2015-10-01 00:00:00+00:00,54,1,108.51441955566406,108.51441955566406,2026-09-05 21:25:57.695659+00:00,2026-09-05 21:25:57.695659+00:00,0.0
GPRT_OFFICIAL_GIT_PIT,2015-11-01 00:00:00+00:00,54,1,113.04398345947266,113.04398345947266,2026-09-05 21:25:57.695659+00:00,2026-09-05 21:25:57.695659+00:00,0.0
GPRA_OFFICIAL_GIT_PIT,2015-11-01 00:00:00+00:00,54,1,213.99351501464844,213.99351501464844,2026-09-05 21:25:57.695659+00:00,2026-09-05 21:25:57.695659+00:00,0.0
GPR_OFFICIAL_GIT_PIT,2015-11-01 00:00:00+00:00,54,1,150.71588134765625,150.71588134765625,2026-09-05 12:35:03.449201+00:00,2026-09-05 12:35:03.449201+00:00,0.0
GPR_OFFICIAL_GIT_PIT,2015-12-01 00:00:00+00:00,54,1,148.23687744140625,148.23687744140625,2026-09-05 12:35:03.449201+00:00,2026-09-05 12:35:03.449201+00:00,0.0
GPRA_OFFICIAL_GIT_PIT,2015-12-01 00:00:00+00:00,54,1,204.6312713623047,204.6312713623047,2026-09-05 21:25:57.695659+00:00,2026-09-05 21:25:57.695659+00:00,0.0
GPRT_OFFICIAL_GIT_PIT,2015-12-01 00:00:00+00:00,54,1,115.224365234375,115.224365234375,2026-09-05 21:25:57.695659+00:00,2026-09-05 21:25:57.695659+00:00,0.0
GPRA_OFFICIAL_GIT_PIT,2016-01-01 00:00:00+00:00,54,1,109.52909851074219,109.52909851074219,2026-09-05 21:25:57.695659+00:00,2026-09-05 21:25:57.695659+00:00,0.0
GPR_OFFICIAL_GIT_PIT,2016-01-01 00:00:00+00:00,54,1,118.21114349365234,118.21114349365234,2026-09-05 12:35:03.449201+00:00,2026-09-05 12:35:03.449201+00:00,0.0
GPRT_OFFICIAL_GIT_PIT,2016-01-01 00:00:00+00:00,54,1,124.23914337158203,124.23914337158203,2026-09-05 21:25:57.695659+00:00,2026-09-05 21:25:57.695659+00:00,0.0
GPR_OFFICIAL_GIT_PIT,2016-02-01 00:00:00+00:00,54,1,103.74964904785156,103.74964904785156,2026-09-05 12:35:03.449201+00:00,2026-09-05 12:35:03.449201+00:00,0.0
GPRA_OFFICIAL_GIT_PIT,2016-02-01 00:00:00+00:00,54,1,117.58201599121094,117.58201599121094,2026-09-05 21:25:57.695659+00:00,2026-09-05 21:25:57.695659+00:00,0.0
GPRT_OFFICIAL_GIT_PIT,2016-02-01 00:00:00+00:00,54,1,91.322021484375,91.322021484375,2026-09-05 21:25:57.695659+00:00,2026-09-05 21:25:57.695659+00:00,0.0
GPRT_OFFICIAL_GIT_PIT,2016-03-01 00:00:00+00:00,54,1,98.02693176269531,98.02693176269531,2026-09-05 21:25:57.695659+00:00,2026-09-05 21:25:57.695659+00:00,0.0
GPR_OFFICIAL_GIT_PIT,2016-03-01 00:00:00+00:00,54,1,109.72029113769531,109.72029113769531,2026-09-05 12:35:03.449201+00:00,2026-09-05 12:35:03.449201+00:00,0.0
GPRA_OFFICIAL_GIT_PIT,2016-03-01 00:00:00+00:00,54,1,127.76814270019531,127.76814270019531,2026-09-05 21:25:57.695659+00:00,2026-09-05 21:25:57.695659+00:00,0.0
GPR_OFFICIAL_GIT_PIT,2016-04-01 00:00:00+00:00,54,1,85.22145080566406,85.22145080566406,2026-09-05 12:35:03.449201+00:00,2026-09-05 12:35:03.449201+00:00,0.0
GPRT_OFFICIAL_GIT_PIT,2016-04-01 00:00:00+00:00,54,1,80.82244110107422,80.82244110107422,2026-09-05 21:25:57.695659+00:00,2026-09-05 21:25:57.695659+00:00,0.0
GPRA_OFFICIAL_GIT_PIT,2016-04-01 00:00:00+00:00,54,1,93.12298583984375,93.12298583984375,2026-09-05 21:25:57.695659+00:00,2026-09-05 21:25:57.695659+00:00,0.0
GPR_OFFICIAL_GIT_PIT,2016-05-01 00:00:00+00:00,54,1,88.3324203491211,88.3324203491211,2026-09-05 12:35:03.449201+00:00,2026-09-05 12:35:03.449201+00:00,0.0
GPRT_OFFICIAL_GIT_PIT,2016-05-01 00:00:00+00:00,54,1,84.46136474609375,84.46136474609375,2026-09-05 21:25:57.695659+00:00,2026-09-05 21:25:57.695659+00:00,0.0
GPRA_OFFICIAL_GIT_PIT,2016-05-01 00:00:00+00:00,54,1,93.63965606689453,93.63965606689453,2026-09-05 21:25:57.695659+00:00,2026-09-05 21:25:57.695659+00:00,0.0
GPRA_OFFICIAL_GIT_PIT,2016-06-01 00:00:00+00:00,54,1,100.85737609863281,100.85737609863281,2026-09-05 21:25:57.695659+00:00,2026-09-05 21:25:57.695659+00:00,0.0
GPRT_OFFICIAL_GIT_PIT,2016-06-01 00:00:00+00:00,54,1,80.51286315917969,80.51286315917969,2026-09-05 21:25:57.695659+00:00,2026-09-05 21:25:57.695659+00:00,0.0
GPR_OFFICIAL_GIT_PIT,2016-06-01 00:00:00+00:00,54,1,90.16812896728516,90.16812896728516,2026-09-05 12:35:03.449201+00:00,2026-09-05 12:35:03.449201+00:00,0.0
GPR_OFFICIAL_GIT_PIT,2016-07-01 00:00:00+00:00,54,1,114.6104507446289,114.6104507446289,2026-09-05 12:35:03.449201+00:00,2026-09-05 12:35:03.449201+00:00,0.0
GPRT_OFFICIAL_GIT_PIT,2016-07-01 00:00:00+00:00,54,1,97.0980453491211,97.0980453491211,2026-09-05 21:25:57.695659+00:00,2026-09-05 21:25:57.695659+00:00,0.0
GPRA_OFFICIAL_GIT_PIT,2016-07-01 00:00:00+00:00,54,1,145.14874267578125,145.14874267578125,2026-09-05 21:25:57.695659+00:00,2026-09-05 21:25:57.695659+00:00,0.0
GPRA_OFFICIAL_GIT_PIT,2016-08-01 00:00:00+00:00,54,1,121.45369720458984,121.45369720458984,2026-09-05 21:25:57.695659+00:00,2026-09-05 21:25:57.695659+00:00,0.0
GPRT_OFFICIAL_GIT_PIT,2016-08-01 00:00:00+00:00,54,1,82.44046783447266,82.44046783447266,2026-09-05 21:25:57.695659+00:00,2026-09-05 21:25:57.695659+00:00,0.0
GPR_OFFICIAL_GIT_PIT,2016-08-01 00:00:00+00:00,54,1,98.73848724365234,98.73848724365234,2026-09-05 12:35:03.449201+00:00,2026-09-05 12:35:03.449201+00:00,0.0
GPR_OFFICIAL_GIT_PIT,2016-09-01 00:00:00+00:00,54,1,104.54522705078125,104.54522705078125,2026-09-05 12:35:03.449201+00:00,2026-09-05 12:35:03.449201+00:00,0.0
GPRT_OFFICIAL_GIT_PIT,2016-09-01 00:00:00+00:00,54,1,95.48959350585938,95.48959350585938,2026-09-05 21:25:57.695659+00:00,2026-09-05 21:25:57.695659+00:00,0.0
GPRA_OFFICIAL_GIT_PIT,2016-09-01 00:00:00+00:00,54,1,121.15049743652344,121.15049743652344,2026-09-05 21:25:57.695659+00:00,2026-09-05 21:25:57.695659+00:00,0.0
GPR_OFFICIAL_GIT_PIT,2016-10-01 00:00:00+00:00,54,1,85.74778747558594,85.74778747558594,2026-09-05 12:35:03.449201+00:00,2026-09-05 12:35:03.449201+00:00,0.0
GPRT_OFFICIAL_GIT_PIT,2016-10-01 00:00:00+00:00,54,1,79.64808654785156,79.64808654785156,2026-09-05 21:25:57.695659+00:00,2026-09-05 21:25:57.695659+00:00,0.0
GPRA_OFFICIAL_GIT_PIT,2016-10-01 00:00:00+00:00,54,1,100.30767822265625,100.30767822265625,2026-09-05 21:25:57.695659+00:00,2026-09-05 21:25:57.695659+00:00,0.0
GPRA_OFFICIAL_GIT_PIT,2016-11-01 00:00:00+00:00,54,1,83.97505950927734,83.97505950927734,2026-09-05 21:25:57.695659+00:00,2026-09-05 21:25:57.695659+00:00,0.0
GPRT_OFFICIAL_GIT_PIT,2016-11-01 00:00:00+00:00,54,1,81.22564697265625,81.22564697265625,2026-09-05 21:25:57.695659+00:00,2026-09-05 21:25:57.695659+00:00,0.0
GPR_OFFICIAL_GIT_PIT,2016-11-01 00:00:00+00:00,54,1,82.91875457763672,82.91875457763672,2026-09-05 12:35:03.449201+00:00,2026-09-05 12:35:03.449201+00:00,0.0
GPRT_OFFICIAL_GIT_PIT,2016-12-01 00:00:00+00:00,54,1,93.9366226196289,93.9366226196289,2026-09-05 21:25:57.695659+00:00,2026-09-05 21:25:57.695659+00:00,0.0
GPRA_OFFICIAL_GIT_PIT,2016-12-01 00:00:00+00:00,54,1,113.97946166992188,113.97946166992188,2026-09-05 21:25:57.695659+00:00,2026-09-05 21:25:57.695659+00:00,0.0
GPR_OFFICIAL_GIT_PIT,2016-12-01 00:00:00+00:00,54,1,102.18046569824219,102.18046569824219,2026-09-05 12:35:03.449201+00:00,2026-09-05 12:35:03.449201+00:00,0.0
GPR_OFFICIAL_GIT_PIT,2017-01-01 00:00:00+00:00,54,1,105.20123291015625,105.20123291015625,2026-09-05 12:35:03.449201+00:00,2026-09-05 12:35:03.449201+00:00,0.0
GPRT_OFFICIAL_GIT_PIT,2017-01-01 00:00:00+00:00,54,1,108.2770004272461,108.2770004272461,2026-09-05 21:25:57.695659+00:00,2026-09-05 21:25:57.695659+00:00,0.0
GPRA_OFFICIAL_GIT_PIT,2017-01-01 00:00:00+00:00,54,1,103.17117309570312,103.17117309570312,2026-09-05 21:25:57.695659+00:00,2026-09-05 21:25:57.695659+00:00,0.0
GPRA_OFFICIAL_GIT_PIT,2017-02-01 00:00:00+00:00,54,1,97.15160369873047,97.15160369873047,2026-09-05 21:25:57.695659+00:00,2026-09-05 21:25:57.695659+00:00,0.0
GPRT_OFFICIAL_GIT_PIT,2017-02-01 00:00:00+00:00,54,1,125.66468048095703,125.66468048095703,2026-09-05 21:25:57.695659+00:00,2026-09-05 21:25:57.695659+00:00,0.0
GPR_OFFICIAL_GIT_PIT,2017-02-01 00:00:00+00:00,54,1,114.20635986328125,114.20635986328125,2026-09-05 12:35:03.449201+00:00,2026-09-05 12:35:03.449201+00:00,0.0
GPRA_OFFICIAL_GIT_PIT,2017-03-01 00:00:00+00:00,54,1,95.67454528808594,95.67454528808594,2026-09-05 21:25:57.695659+00:00,2026-09-05 21:25:57.695659+00:00,0.0
GPR_OFFICIAL_GIT_PIT,2017-03-01 00:00:00+00:00,54,1,96.63587951660156,96.63587951660156,2026-09-05 12:35:03.449201+00:00,2026-09-05 12:35:03.449201+00:00,0.0
GPRT_OFFICIAL_GIT_PIT,2017-03-01 00:00:00+00:00,54,1,95.83842468261719,95.83842468261719,2026-09-05 21:25:57.695659+00:00,2026-09-05 21:25:57.695659+00:00,0.0
GPRT_OFFICIAL_GIT_PIT,2017-04-01 00:00:00+00:00,54,1,127.44654846191406,127.44654846191406,2026-09-05 21:25:57.695659+00:00,2026-09-05 21:25:57.695659+00:00,0.0
GPRA_OFFICIAL_GIT_PIT,2017-04-01 00:00:00+00:00,54,1,108.06884002685547,108.06884002685547,2026-09-05 21:25:57.695659+00:00,2026-09-05 21:25:57.695659+00:00,0.0
GPR_OFFICIAL_GIT_PIT,2017-04-01 00:00:00+00:00,54,1,119.45992279052734,119.45992279052734,2026-09-05 12:35:03.449201+00:00,2026-09-05 12:35:03.449201+00:00,0.0
GPR_OFFICIAL_GIT_PIT,2017-05-01 00:00:00+00:00,54,1,102.57996368408203,102.57996368408203,2026-09-05 12:35:03.449201+00:00,2026-09-05 12:35:03.449201+00:00,0.0
GPRA_OFFICIAL_GIT_PIT,2017-05-01 00:00:00+00:00,54,1,99.70480346679688,99.70480346679688,2026-09-05 21:25:57.695659+00:00,2026-09-05 21:25:57.695659+00:00,0.0
GPRT_OFFICIAL_GIT_PIT,2017-05-01 00:00:00+00:00,54,1,102.35460662841797,102.35460662841797,2026-09-05 21:25:57.695659+00:00,2026-09-05 21:25:57.695659+00:00,0.0
GPRA_OFFICIAL_GIT_PIT,2017-06-01 00:00:00+00:00,54,1,146.67166137695312,146.67166137695312,2026-09-05 21:25:57.695659+00:00,2026-09-05 21:25:57.695659+00:00,0.0
GPRT_OFFICIAL_GIT_PIT,2017-06-01 00:00:00+00:00,54,1,113.16846466064453,113.16846466064453,2026-09-05 21:25:57.695659+00:00,2026-09-05 21:25:57.695659+00:00,0.0
GPR_OFFICIAL_GIT_PIT,2017-06-01 00:00:00+00:00,54,1,126.78901672363281,126.78901672363281,2026-09-05 12:35:03.449201+00:00,2026-09-05 12:35:03.449201+00:00,0.0
GPR_OFFICIAL_GIT_PIT,2017-07-01 00:00:00+00:00,54,1,102.81346130371094,102.81346130371094,2026-09-05 12:35:03.449201+00:00,2026-09-05 12:35:03.449201+00:00,0.0
GPRT_OFFICIAL_GIT_PIT,2017-07-01 00:00:00+00:00,54,1,125.59920501708984,125.59920501708984,2026-09-05 21:25:57.695659+00:00,2026-09-05 21:25:57.695659+00:00,0.0
GPRA_OFFICIAL_GIT_PIT,2017-07-01 00:00:00+00:00,54,1,71.9550552368164,71.9550552368164,2026-09-05 21:25:57.695659+00:00,2026-09-05 21:25:57.695659+00:00,0.0
GPRA_OFFICIAL_GIT_PIT,2017-08-01 00:00:00+00:00,54,1,108.43595123291016,108.43595123291016,2026-09-05 21:25:57.695659+00:00,2026-09-05 21:25:57.695659+00:00,0.0
GPRT_OFFICIAL_GIT_PIT,2017-08-01 00:00:00+00:00,54,1,160.02310180664062,160.02310180664062,2026-09-05 21:25:57.695659+00:00,2026-09-05 21:25:57.695659+00:00,0.0
GPR_OFFICIAL_GIT_PIT,2017-08-01 00:00:00+00:00,54,1,138.5316162109375,138.5316162109375,2026-09-05 12:35:03.449201+00:00,2026-09-05 12:35:03.449201+00:00,0.0
GPR_OFFICIAL_GIT_PIT,2017-09-01 00:00:00+00:00,54,1,115.5344467163086,115.5344467163086,2026-09-05 12:35:03.449201+00:00,2026-09-05 12:35:03.449201+00:00,0.0
GPRT_OFFICIAL_GIT_PIT,2017-09-01 00:00:00+00:00,54,1,142.1448974609375,142.1448974609375,2026-09-05 21:25:57.695659+00:00,2026-09-05 21:25:57.695659+00:00,0.0
GPRA_OFFICIAL_GIT_PIT,2017-09-01 00:00:00+00:00,54,1,84.09626770019531,84.09626770019531,2026-09-05 21:25:57.695659+00:00,2026-09-05 21:25:57.695659+00:00,0.0
GPRA_OFFICIAL_GIT_PIT,2017-10-01 00:00:00+00:00,54,1,69.15699768066406,69.15699768066406,2026-09-05 21:25:57.695659+00:00,2026-09-05 21:25:57.695659+00:00,0.0
GPRT_OFFICIAL_GIT_PIT,2017-10-01 00:00:00+00:00,54,1,109.23060607910156,109.23060607910156,2026-09-05 21:25:57.695659+00:00,2026-09-05 21:25:57.695659+00:00,0.0
GPR_OFFICIAL_GIT_PIT,2017-10-01 00:00:00+00:00,54,1,91.4615707397461,91.4615707397461,2026-09-05 12:35:03.449201+00:00,2026-09-05 12:35:03.449201+00:00,0.0
GPRA_OFFICIAL_GIT_PIT,2017-11-01 00:00:00+00:00,54,1,80.11587524414062,80.11587524414062,2026-09-05 21:25:57.695659+00:00,2026-09-05 21:25:57.695659+00:00,0.0
GPRT_OFFICIAL_GIT_PIT,2017-11-01 00:00:00+00:00,54,1,103.94397735595703,103.94397735595703,2026-09-05 21:25:57.695659+00:00,2026-09-05 21:25:57.695659+00:00,0.0
GPR_OFFICIAL_GIT_PIT,2017-11-01 00:00:00+00:00,54,1,92.59601593017578,92.59601593017578,2026-09-05 12:35:03.449201+00:00,2026-09-05 12:35:03.449201+00:00,0.0
GPR_OFFICIAL_GIT_PIT,2017-12-01 00:00:00+00:00,54,1,82.71825408935547,82.71825408935547,2026-09-05 12:35:03.449201+00:00,2026-09-05 12:35:03.449201+00:00,0.0
GPRT_OFFICIAL_GIT_PIT,2017-12-01 00:00:00+00:00,54,1,95.908447265625,95.908447265625,2026-09-05 21:25:57.695659+00:00,2026-09-05 21:25:57.695659+00:00,0.0
GPRA_OFFICIAL_GIT_PIT,2017-12-01 00:00:00+00:00,54,1,62.65747833251953,62.65747833251953,2026-09-05 21:25:57.695659+00:00,2026-09-05 21:25:57.695659+00:00,0.0
GPRA_OFFICIAL_GIT_PIT,2018-01-01 00:00:00+00:00,54,1,75.66629028320312,75.66629028320312,2026-09-05 21:25:57.695659+00:00,2026-09-05 21:25:57.695659+00:00,0.0
GPRT_OFFICIAL_GIT_PIT,2018-01-01 00:00:00+00:00,54,1,107.64431762695312,107.64431762695312,2026-09-05 21:25:57.695659+00:00,2026-09-05 21:25:57.695659+00:00,0.0
GPR_OFFICIAL_GIT_PIT,2018-01-01 00:00:00+00:00,54,1,92.42678833007812,92.42678833007812,2026-09-05 12:35:03.449201+00:00,2026-09-05 12:35:03.449201+00:00,0.0
GPRA_OFFICIAL_GIT_PIT,2018-02-01 00:00:00+00:00,54,1,52.002201080322266,52.002201080322266,2026-09-05 21:25:57.695659+00:00,2026-09-05 21:25:57.695659+00:00,0.0
GPR_OFFICIAL_GIT_PIT,2018-02-01 00:00:00+00:00,54,1,64.49137115478516,64.49137115478516,2026-09-05 12:35:03.449201+00:00,2026-09-05 12:35:03.449201+00:00,0.0
GPRT_OFFICIAL_GIT_PIT,2018-02-01 00:00:00+00:00,54,1,74.68311309814453,74.68311309814453,2026-09-05 21:25:57.695659+00:00,2026-09-05 21:25:57.695659+00:00,0.0
GPR_OFFICIAL_GIT_PIT,2018-03-01 00:00:00+00:00,54,1,111.96229553222656,111.96229553222656,2026-09-05 12:35:03.449201+00:00,2026-09-05 12:35:03.449201+00:00,0.0
GPRT_OFFICIAL_GIT_PIT,2018-03-01 00:00:00+00:00,54,1,146.9270782470703,146.9270782470703,2026-09-05 21:25:57.695659+00:00,2026-09-05 21:25:57.695659+00:00,0.0
GPRA_OFFICIAL_GIT_PIT,2018-03-01 00:00:00+00:00,54,1,64.55758666992188,64.55758666992188,2026-09-05 21:25:57.695659+00:00,2026-09-05 21:25:57.695659+00:00,0.0
GPR_OFFICIAL_GIT_PIT,2018-04-01 00:00:00+00:00,54,1,123.26347351074219,123.26347351074219,2026-09-05 12:35:03.449201+00:00,2026-09-05 12:35:03.449201+00:00,0.0
GPRA_OFFICIAL_GIT_PIT,2018-04-01 00:00:00+00:00,54,1,94.30585479736328,94.30585479736328,2026-09-05 21:25:57.695659+00:00,2026-09-05 21:25:57.695659+00:00,0.0
GPRT_OFFICIAL_GIT_PIT,2018-04-01 00:00:00+00:00,54,1,146.39566040039062,146.39566040039062,2026-09-05 21:25:57.695659+00:00,2026-09-05 21:25:57.695659+00:00,0.0
GPRA_OFFICIAL_GIT_PIT,2018-05-01 00:00:00+00:00,54,1,63.21790313720703,63.21790313720703,2026-09-05 21:25:57.695659+00:00,2026-09-05 21:25:57.695659+00:00,0.0
GPR_OFFICIAL_GIT_PIT,2018-05-01 00:00:00+00:00,54,1,125.66661834716797,125.66661834716797,2026-09-05 12:35:03.449201+00:00,2026-09-05 12:35:03.449201+00:00,0.0
GPRT_OFFICIAL_GIT_PIT,2018-05-01 00:00:00+00:00,54,1,172.21670532226562,172.21670532226562,2026-09-05 21:25:57.695659+00:00,2026-09-05 21:25:57.695659+00:00,0.0
GPR_OFFICIAL_GIT_PIT,2018-06-01 00:00:00+00:00,54,1,103.96858978271484,103.96858978271484,2026-09-05 12:35:03.449201+00:00,2026-09-05 12:35:03.449201+00:00,0.0
GPRT_OFFICIAL_GIT_PIT,2018-06-01 00:00:00+00:00,54,1,137.0244598388672,137.0244598388672,2026-09-05 21:25:57.695659+00:00,2026-09-05 21:25:57.695659+00:00,0.0
GPRA_OFFICIAL_GIT_PIT,2018-06-01 00:00:00+00:00,54,1,56.64043426513672,56.64043426513672,2026-09-05 21:25:57.695659+00:00,2026-09-05 21:25:57.695659+00:00,0.0
GPRT_OFFICIAL_GIT_PIT,2018-07-01 00:00:00+00:00,54,1,129.1023406982422,129.1023406982422,2026-09-05 21:25:57.695659+00:00,2026-09-05 21:25:57.695659+00:00,0.0
GPRA_OFFICIAL_GIT_PIT,2018-07-01 00:00:00+00:00,54,1,84.4084701538086,84.4084701538086,2026-09-05 21:25:57.695659+00:00,2026-09-05 21:25:57.695659+00:00,0.0
GPR_OFFICIAL_GIT_PIT,2018-07-01 00:00:00+00:00,54,1,110.02842712402344,110.02842712402344,2026-09-05 12:35:03.449201+00:00,2026-09-05 12:35:03.449201+00:00,0.0
GPRA_OFFICIAL_GIT_PIT,2018-08-01 00:00:00+00:00,54,1,68.57559204101562,68.57559204101562,2026-09-05 21:25:57.695659+00:00,2026-09-05 21:25:57.695659+00:00,0.0
GPRT_OFFICIAL_GIT_PIT,2018-08-01 00:00:00+00:00,54,1,145.11407470703125,145.11407470703125,2026-09-05 21:25:57.695659+00:00,2026-09-05 21:25:57.695659+00:00,0.0
GPR_OFFICIAL_GIT_PIT,2018-08-01 00:00:00+00:00,54,1,112.74168395996094,112.74168395996094,2026-09-05 12:35:03.449201+00:00,2026-09-05 12:35:03.449201+00:00,0.0
GPRT_OFFICIAL_GIT_PIT,2018-09-01 00:00:00+00:00,54,1,88.62364196777344,88.62364196777344,2026-09-05 21:25:57.695659+00:00,2026-09-05 21:25:57.695659+00:00,0.0
GPRA_OFFICIAL_GIT_PIT,2018-09-01 00:00:00+00:00,54,1,51.163917541503906,51.163917541503906,2026-09-05 21:25:57.695659+00:00,2026-09-05 21:25:57.695659+00:00,0.0
GPR_OFFICIAL_GIT_PIT,2018-09-01 00:00:00+00:00,54,1,75.05390930175781,75.05390930175781,2026-09-05 12:35:03.449201+00:00,2026-09-05 12:35:03.449201+00:00,0.0
GPRT_OFFICIAL_GIT_PIT,2018-10-01 00:00:00+00:00,54,1,115.21215057373047,115.21215057373047,2026-09-05 21:25:57.695659+00:00,2026-09-05 21:25:57.695659+00:00,0.0
GPRA_OFFICIAL_GIT_PIT,2018-10-01 00:00:00+00:00,54,1,61.150474548339844,61.150474548339844,2026-09-05 21:25:57.695659+00:00,2026-09-05 21:25:57.695659+00:00,0.0
GPR_OFFICIAL_GIT_PIT,2018-10-01 00:00:00+00:00,54,1,92.0164794921875,92.0164794921875,2026-09-05 12:35:03.449201+00:00,2026-09-05 12:35:03.449201+00:00,0.0
GPRA_OFFICIAL_GIT_PIT,2018-11-01 00:00:00+00:00,54,1,47.40216827392578,47.40216827392578,2026-09-05 21:25:57.695659+00:00,2026-09-05 21:25:57.695659+00:00,0.0
GPRT_OFFICIAL_GIT_PIT,2018-11-01 00:00:00+00:00,54,1,105.16685485839844,105.16685485839844,2026-09-05 21:25:57.695659+00:00,2026-09-05 21:25:57.695659+00:00,0.0
GPR_OFFICIAL_GIT_PIT,2018-11-01 00:00:00+00:00,54,1,80.40758514404297,80.40758514404297,2026-09-05 12:35:03.449201+00:00,2026-09-05 12:35:03.449201+00:00,0.0
GPRT_OFFICIAL_GIT_PIT,2018-12-01 00:00:00+00:00,54,1,106.06269836425781,106.06269836425781,2026-09-05 21:25:57.695659+00:00,2026-09-05 21:25:57.695659+00:00,0.0
GPR_OFFICIAL_GIT_PIT,2018-12-01 00:00:00+00:00,54,1,90.607666015625,90.607666015625,2026-09-05 12:35:03.449201+00:00,2026-09-05 12:35:03.449201+00:00,0.0
GPRA_OFFICIAL_GIT_PIT,2018-12-01 00:00:00+00:00,54,1,66.24092864990234,66.24092864990234,2026-09-05 21:25:57.695659+00:00,2026-09-05 21:25:57.695659+00:00,0.0
GPRA_OFFICIAL_GIT_PIT,2019-01-01 00:00:00+00:00,54,1,55.7335090637207,55.7335090637207,2026-09-05 21:25:57.695659+00:00,2026-09-05 21:25:57.695659+00:00,0.0
GPR_OFFICIAL_GIT_PIT,2019-01-01 00:00:00+00:00,54,1,87.42410278320312,87.42410278320312,2026-09-05 12:35:03.449201+00:00,2026-09-05 12:35:03.449201+00:00,0.0
GPRT_OFFICIAL_GIT_PIT,2019-01-01 00:00:00+00:00,54,1,112.98045349121094,112.98045349121094,2026-09-05 21:25:57.695659+00:00,2026-09-05 21:25:57.695659+00:00,0.0
GPR_OFFICIAL_GIT_PIT,2019-02-01 00:00:00+00:00,54,1,96.80016326904297,96.80016326904297,2026-09-05 12:35:03.449201+00:00,2026-09-05 12:35:03.449201+00:00,0.0
GPRT_OFFICIAL_GIT_PIT,2019-02-01 00:00:00+00:00,54,1,127.857421875,127.857421875,2026-09-05 21:25:57.695659+00:00,2026-09-05 21:25:57.695659+00:00,0.0
GPRA_OFFICIAL_GIT_PIT,2019-02-01 00:00:00+00:00,54,1,57.51169967651367,57.51169967651367,2026-09-05 21:25:57.695659+00:00,2026-09-05 21:25:57.695659+00:00,0.0
GPRT_OFFICIAL_GIT_PIT,2019-03-01 00:00:00+00:00,54,1,90.78959655761719,90.78959655761719,2026-09-05 21:25:57.695659+00:00,2026-09-05 21:25:57.695659+00:00,0.0
GPRA_OFFICIAL_GIT_PIT,2019-03-01 00:00:00+00:00,54,1,66.64120483398438,66.64120483398438,2026-09-05 21:25:57.695659+00:00,2026-09-05 21:25:57.695659+00:00,0.0
GPR_OFFICIAL_GIT_PIT,2019-03-01 00:00:00+00:00,54,1,82.32829284667969,82.32829284667969,2026-09-05 12:35:03.449201+00:00,2026-09-05 12:35:03.449201+00:00,0.0
GPRA_OFFICIAL_GIT_PIT,2019-04-01 00:00:00+00:00,54,1,57.51552963256836,57.51552963256836,2026-09-05 21:25:57.695659+00:00,2026-09-05 21:25:57.695659+00:00,0.0
GPRT_OFFICIAL_GIT_PIT,2019-04-01 00:00:00+00:00,54,1,95.45539855957031,95.45539855957031,2026-09-05 21:25:57.695659+00:00,2026-09-05 21:25:57.695659+00:00,0.0
GPR_OFFICIAL_GIT_PIT,2019-04-01 00:00:00+00:00,54,1,79.25344848632812,79.25344848632812,2026-09-05 12:35:03.449201+00:00,2026-09-05 12:35:03.449201+00:00,0.0
GPRA_OFFICIAL_GIT_PIT,2019-05-01 00:00:00+00:00,54,1,64.66343688964844,64.66343688964844,2026-09-05 21:25:57.695659+00:00,2026-09-05 21:25:57.695659+00:00,0.0
GPRT_OFFICIAL_GIT_PIT,2019-05-01 00:00:00+00:00,54,1,134.97251892089844,134.97251892089844,2026-09-05 21:25:57.695659+00:00,2026-09-05 21:25:57.695659+00:00,0.0
GPR_OFFICIAL_GIT_PIT,2019-05-01 00:00:00+00:00,54,1,106.4719009399414,106.4719009399414,2026-09-05 12:35:03.449201+00:00,2026-09-05 12:35:03.449201+00:00,0.0
GPRT_OFFICIAL_GIT_PIT,2019-06-01 00:00:00+00:00,54,1,142.6534881591797,142.6534881591797,2026-09-05 21:25:57.695659+00:00,2026-09-05 21:25:57.695659+00:00,0.0
GPRA_OFFICIAL_GIT_PIT,2019-06-01 00:00:00+00:00,54,1,53.42063903808594,53.42063903808594,2026-09-05 21:25:57.695659+00:00,2026-09-05 21:25:57.695659+00:00,0.0
GPR_OFFICIAL_GIT_PIT,2019-06-01 00:00:00+00:00,54,1,106.58845520019531,106.58845520019531,2026-09-05 12:35:03.449201+00:00,2026-09-05 12:35:03.449201+00:00,0.0
GPRA_OFFICIAL_GIT_PIT,2019-07-01 00:00:00+00:00,54,1,47.41885757446289,47.41885757446289,2026-09-05 21:25:57.695659+00:00,2026-09-05 21:25:57.695659+00:00,0.0
GPR_OFFICIAL_GIT_PIT,2019-07-01 00:00:00+00:00,54,1,93.52125549316406,93.52125549316406,2026-09-05 12:35:03.449201+00:00,2026-09-05 12:35:03.449201+00:00,0.0
GPRT_OFFICIAL_GIT_PIT,2019-07-01 00:00:00+00:00,54,1,126.93077850341797,126.93077850341797,2026-09-05 21:25:57.695659+00:00,2026-09-05 21:25:57.695659+00:00,0.0
GPR_OFFICIAL_GIT_PIT,2019-08-01 00:00:00+00:00,54,1,103.4044189453125,103.4044189453125,2026-09-05 12:35:03.449201+00:00,2026-09-05 12:35:03.449201+00:00,0.0
GPRT_OFFICIAL_GIT_PIT,2019-08-01 00:00:00+00:00,54,1,124.72541809082031,124.72541809082031,2026-09-05 21:25:57.695659+00:00,2026-09-05 21:25:57.695659+00:00,0.0
GPRA_OFFICIAL_GIT_PIT,2019-08-01 00:00:00+00:00,54,1,70.09744262695312,70.09744262695312,2026-09-05 21:25:57.695659+00:00,2026-09-05 21:25:57.695659+00:00,0.0
GPR_OFFICIAL_GIT_PIT,2019-09-01 00:00:00+00:00,54,1,90.36798858642578,90.36798858642578,2026-09-05 12:35:03.449201+00:00,2026-09-05 12:35:03.449201+00:00,0.0
GPRT_OFFICIAL_GIT_PIT,2019-09-01 00:00:00+00:00,54,1,110.8709487915039,110.8709487915039,2026-09-05 21:25:57.695659+00:00,2026-09-05 21:25:57.695659+00:00,0.0
GPRA_OFFICIAL_GIT_PIT,2019-09-01 00:00:00+00:00,54,1,67.81023406982422,67.81023406982422,2026-09-05 21:25:57.695659+00:00,2026-09-05 21:25:57.695659+00:00,0.0
GPRA_OFFICIAL_GIT_PIT,2019-10-01 00:00:00+00:00,54,1,69.96658325195312,69.96658325195312,2026-09-05 21:25:57.695659+00:00,2026-09-05 21:25:57.695659+00:00,0.0
GPR_OFFICIAL_GIT_PIT,2019-10-01 00:00:00+00:00,54,1,97.83673095703125,97.83673095703125,2026-09-05 12:35:03.449201+00:00,2026-09-05 12:35:03.449201+00:00,0.0
GPRT_OFFICIAL_GIT_PIT,2019-10-01 00:00:00+00:00,54,1,121.31104278564453,121.31104278564453,2026-09-05 21:25:57.695659+00:00,2026-09-05 21:25:57.695659+00:00,0.0
GPRA_OFFICIAL_GIT_PIT,2019-11-01 00:00:00+00:00,54,1,53.03253173828125,53.03253173828125,2026-09-05 21:25:57.695659+00:00,2026-09-05 21:25:57.695659+00:00,0.0
GPR_OFFICIAL_GIT_PIT,2019-11-01 00:00:00+00:00,54,1,73.07838439941406,73.07838439941406,2026-09-05 12:35:03.449201+00:00,2026-09-05 12:35:03.449201+00:00,0.0
GPRT_OFFICIAL_GIT_PIT,2019-11-01 00:00:00+00:00,54,1,84.5873031616211,84.5873031616211,2026-09-05 21:25:57.695659+00:00,2026-09-05 21:25:57.695659+00:00,0.0
GPRT_OFFICIAL_GIT_PIT,2019-12-01 00:00:00+00:00,54,1,80.11077117919922,80.11077117919922,2026-09-05 21:25:57.695659+00:00,2026-09-05 21:25:57.695659+00:00,0.0
GPR_OFFICIAL_GIT_PIT,2019-12-01 00:00:00+00:00,54,1,74.27989196777344,74.27989196777344,2026-09-05 12:35:03.449201+00:00,2026-09-05 12:35:03.449201+00:00,0.0
GPRA_OFFICIAL_GIT_PIT,2019-12-01 00:00:00+00:00,54,1,63.33135223388672,63.33135223388672,2026-09-05 21:25:57.695659+00:00,2026-09-05 21:25:57.695659+00:00,0.0
GPR_OFFICIAL_GIT_PIT,2020-01-01 00:00:00+00:00,54,1,138.4209442138672,138.4209442138672,2026-09-05 12:35:03.449201+00:00,2026-09-05 12:35:03.449201+00:00,0.0
GPRA_OFFICIAL_GIT_PIT,2020-01-01 00:00:00+00:00,54,1,81.65093994140625,81.65093994140625,2026-09-05 21:25:57.695659+00:00,2026-09-05 21:25:57.695659+00:00,0.0
GPRT_OFFICIAL_GIT_PIT,2020-01-01 00:00:00+00:00,54,1,190.8443603515625,190.8443603515625,2026-09-05 21:25:57.695659+00:00,2026-09-05 21:25:57.695659+00:00,0.0
GPR_OFFICIAL_GIT_PIT,2020-02-01 00:00:00+00:00,54,1,75.95555877685547,75.95555877685547,2026-09-05 12:35:03.449201+00:00,2026-09-05 12:35:03.449201+00:00,0.0
GPRA_OFFICIAL_GIT_PIT,2020-02-01 00:00:00+00:00,54,1,56.68605041503906,56.68605041503906,2026-09-05 21:25:57.695659+00:00,2026-09-05 21:25:57.695659+00:00,0.0
GPRT_OFFICIAL_GIT_PIT,2020-02-01 00:00:00+00:00,54,1,87.1624526977539,87.1624526977539,2026-09-05 21:25:57.695659+00:00,2026-09-05 21:25:57.695659+00:00,0.0
GPRA_OFFICIAL_GIT_PIT,2020-03-01 00:00:00+00:00,54,1,62.90298843383789,62.90298843383789,2026-09-05 21:25:57.695659+00:00,2026-09-05 21:25:57.695659+00:00,0.0
GPRT_OFFICIAL_GIT_PIT,2020-03-01 00:00:00+00:00,54,1,97.09007263183594,97.09007263183594,2026-09-05 21:25:57.695659+00:00,2026-09-05 21:25:57.695659+00:00,0.0
GPR_OFFICIAL_GIT_PIT,2020-03-01 00:00:00+00:00,54,1,81.54003143310547,81.54003143310547,2026-09-05 12:35:03.449201+00:00,2026-09-05 12:35:03.449201+00:00,0.0
GPRT_OFFICIAL_GIT_PIT,2020-04-01 00:00:00+00:00,54,1,81.76082611083984,81.76082611083984,2026-09-05 21:25:57.695659+00:00,2026-09-05 21:25:57.695659+00:00,0.0
GPRA_OFFICIAL_GIT_PIT,2020-04-01 00:00:00+00:00,54,1,47.59123229980469,47.59123229980469,2026-09-05 21:25:57.695659+00:00,2026-09-05 21:25:57.695659+00:00,0.0
GPR_OFFICIAL_GIT_PIT,2020-04-01 00:00:00+00:00,54,1,69.33940124511719,69.33940124511719,2026-09-05 12:35:03.449201+00:00,2026-09-05 12:35:03.449201+00:00,0.0
GPR_OFFICIAL_GIT_PIT,2020-05-01 00:00:00+00:00,54,1,68.50721740722656,68.50721740722656,2026-09-05 12:35:03.449201+00:00,2026-09-05 12:35:03.449201+00:00,0.0
GPRA_OFFICIAL_GIT_PIT,2020-05-01 00:00:00+00:00,54,1,42.29555892944336,42.29555892944336,2026-09-05 21:25:57.695659+00:00,2026-09-05 21:25:57.695659+00:00,0.0
GPRT_OFFICIAL_GIT_PIT,2020-05-01 00:00:00+00:00,54,1,83.35546112060547,83.35546112060547,2026-09-05 21:25:57.695659+00:00,2026-09-05 21:25:57.695659+00:00,0.0
GPR_OFFICIAL_GIT_PIT,2020-06-01 00:00:00+00:00,54,1,71.22785949707031,71.22785949707031,2026-09-05 12:35:03.449201+00:00,2026-09-05 12:35:03.449201+00:00,0.0
GPRA_OFFICIAL_GIT_PIT,2020-06-01 00:00:00+00:00,54,1,49.760887145996094,49.760887145996094,2026-09-05 21:25:57.695659+00:00,2026-09-05 21:25:57.695659+00:00,0.0
GPRT_OFFICIAL_GIT_PIT,2020-06-01 00:00:00+00:00,54,1,85.86660766601562,85.86660766601562,2026-09-05 21:25:57.695659+00:00,2026-09-05 21:25:57.695659+00:00,0.0
GPRT_OFFICIAL_GIT_PIT,2020-07-01 00:00:00+00:00,54,1,88.73797607421875,88.73797607421875,2026-09-05 21:25:57.695659+00:00,2026-09-05 21:25:57.695659+00:00,0.0
GPR_OFFICIAL_GIT_PIT,2020-07-01 00:00:00+00:00,54,1,66.47328186035156,66.47328186035156,2026-09-05 12:35:03.449201+00:00,2026-09-05 12:35:03.449201+00:00,0.0
GPRA_OFFICIAL_GIT_PIT,2020-07-01 00:00:00+00:00,54,1,36.25208282470703,36.25208282470703,2026-09-05 21:25:57.695659+00:00,2026-09-05 21:25:57.695659+00:00,0.0
GPR_OFFICIAL_GIT_PIT,2020-08-01 00:00:00+00:00,54,1,65.46604919433594,65.46604919433594,2026-09-05 12:35:03.449201+00:00,2026-09-05 12:35:03.449201+00:00,0.0
GPRA_OFFICIAL_GIT_PIT,2020-08-01 00:00:00+00:00,54,1,28.454627990722656,28.454627990722656,2026-09-05 21:25:57.695659+00:00,2026-09-05 21:25:57.695659+00:00,0.0
GPRT_OFFICIAL_GIT_PIT,2020-08-01 00:00:00+00:00,54,1,90.00911712646484,90.00911712646484,2026-09-05 21:25:57.695659+00:00,2026-09-05 21:25:57.695659+00:00,0.0
GPR_OFFICIAL_GIT_PIT,2020-09-01 00:00:00+00:00,54,1,80.37738037109375,80.37738037109375,2026-09-05 12:35:03.449201+00:00,2026-09-05 12:35:03.449201+00:00,0.0
GPRA_OFFICIAL_GIT_PIT,2020-09-01 00:00:00+00:00,54,1,49.51808166503906,49.51808166503906,2026-09-05 21:25:57.695659+00:00,2026-09-05 21:25:57.695659+00:00,0.0
GPRT_OFFICIAL_GIT_PIT,2020-09-01 00:00:00+00:00,54,1,101.25764465332031,101.25764465332031,2026-09-05 21:25:57.695659+00:00,2026-09-05 21:25:57.695659+00:00,0.0
GPR_OFFICIAL_GIT_PIT,2020-10-01 00:00:00+00:00,54,1,76.08316802978516,76.08316802978516,2026-09-05 12:35:03.449201+00:00,2026-09-05 12:35:03.449201+00:00,0.0
GPRA_OFFICIAL_GIT_PIT,2020-10-01 00:00:00+00:00,54,1,42.68144226074219,42.68144226074219,2026-09-05 21:25:57.695659+00:00,2026-09-05 21:25:57.695659+00:00,0.0
GPRT_OFFICIAL_GIT_PIT,2020-10-01 00:00:00+00:00,54,1,97.65258026123047,97.65258026123047,2026-09-05 21:25:57.695659+00:00,2026-09-05 21:25:57.695659+00:00,0.0
GPR_OFFICIAL_GIT_PIT,2020-11-01 00:00:00+00:00,54,1,70.06746673583984,70.06746673583984,2026-09-05 12:35:03.449201+00:00,2026-09-05 12:35:03.449201+00:00,0.0
GPRT_OFFICIAL_GIT_PIT,2020-11-01 00:00:00+00:00,54,1,79.03644561767578,79.03644561767578,2026-09-05 21:25:57.695659+00:00,2026-09-05 21:25:57.695659+00:00,0.0
GPRA_OFFICIAL_GIT_PIT,2020-11-01 00:00:00+00:00,54,1,62.31394577026367,62.31394577026367,2026-09-05 21:25:57.695659+00:00,2026-09-05 21:25:57.695659+00:00,0.0
GPRT_OFFICIAL_GIT_PIT,2020-12-01 00:00:00+00:00,54,1,86.81527709960938,86.81527709960938,2026-09-05 21:25:57.695659+00:00,2026-09-05 21:25:57.695659+00:00,0.0
GPRA_OFFICIAL_GIT_PIT,2020-12-01 00:00:00+00:00,54,1,31.744428634643555,31.744428634643555,2026-09-05 21:25:57.695659+00:00,2026-09-05 21:25:57.695659+00:00,0.0
GPR_OFFICIAL_GIT_PIT,2020-12-01 00:00:00+00:00,54,1,64.06729125976562,64.06729125976562,2026-09-05 12:35:03.449201+00:00,2026-09-05 12:35:03.449201+00:00,0.0
GVZ_CBOE,2026-03-10 00:00:00+00:00,2,1,32.11,32.11,2026-08-31 12:58:31.028467+00:00,2026-08-31 13:39:02.243276+00:00,0.0
GVZ_CBOE,2026-03-11 00:00:00+00:00,2,1,30.68,30.68,2026-08-31 12:58:31.028467+00:00,2026-08-31 13:39:02.243276+00:00,0.0
GVZ_CBOE,2026-03-12 00:00:00+00:00,2,1,31.09,31.09,2026-08-31 12:58:31.028467+00:00,2026-08-31 13:39:02.243276+00:00,0.0
VIX_CBOE,2026-03-13 00:00:00+00:00,2,1,27.19,27.19,2026-08-31 12:58:31.028467+00:00,2026-08-31 13:39:02.243276+00:00,0.0
GVZ_CBOE,2026-03-13 00:00:00+00:00,2,1,32.31,32.31,2026-08-31 12:58:31.028467+00:00,2026-08-31 13:39:02.243276+00:00,0.0
VIX_CBOE,2026-03-16 00:00:00+00:00,2,1,23.51,23.51,2026-08-31 12:58:31.028467+00:00,2026-08-31 13:39:02.243276+00:00,0.0
GVZ_CBOE,2026-03-16 00:00:00+00:00,2,1,30.56,30.56,2026-08-31 12:58:31.028467+00:00,2026-08-31 13:39:02.243276+00:00,0.0
VIX_CBOE,2026-03-17 00:00:00+00:00,2,1,22.37,22.37,2026-08-31 12:58:31.028467+00:00,2026-08-31 13:39:02.243276+00:00,0.0
GVZ_CBOE,2026-03-17 00:00:00+00:00,2,1,27.98,27.98,2026-08-31 12:58:31.028467+00:00,2026-08-31 13:39:02.243276+00:00,0.0
GVZ_CBOE,2026-03-18 00:00:00+00:00,2,1,29.42,29.42,2026-08-31 12:58:31.028467+00:00,2026-08-31 13:39:02.243276+00:00,0.0
VIX_CBOE,2026-03-18 00:00:00+00:00,2,1,25.09,25.09,2026-08-31 12:58:31.028467+00:00,2026-08-31 13:39:02.243276+00:00,0.0
GVZ_CBOE,2026-03-19 00:00:00+00:00,2,1,31.05,31.05,2026-08-31 12:58:31.028467+00:00,2026-08-31 13:39:02.243276+00:00,0.0
VIX_CBOE,2026-03-19 00:00:00+00:00,2,1,24.06,24.06,2026-08-31 12:58:31.028467+00:00,2026-08-31 13:39:02.243276+00:00,0.0
VIX_CBOE,2026-03-20 00:00:00+00:00,2,1,26.78,26.78,2026-08-31 12:58:31.028467+00:00,2026-08-31 13:39:02.243276+00:00,0.0
GVZ_CBOE,2026-03-20 00:00:00+00:00,2,1,35.25,35.25,2026-08-31 12:58:31.028467+00:00,2026-08-31 13:39:02.243276+00:00,0.0
VIX_CBOE,2026-03-23 00:00:00+00:00,2,1,26.15,26.15,2026-08-31 12:58:31.028467+00:00,2026-08-31 13:39:02.243276+00:00,0.0
GVZ_CBOE,2026-03-23 00:00:00+00:00,2,1,43.36,43.36,2026-08-31 12:58:31.028467+00:00,2026-08-31 13:39:02.243276+00:00,0.0
GVZ_CBOE,2026-03-24 00:00:00+00:00,2,1,41.9,41.9,2026-08-31 12:58:31.028467+00:00,2026-08-31 13:39:02.243276+00:00,0.0
VIX_CBOE,2026-03-24 00:00:00+00:00,2,1,26.95,26.95,2026-08-31 12:58:31.028467+00:00,2026-08-31 13:39:02.243276+00:00,0.0
VIX_CBOE,2026-03-25 00:00:00+00:00,2,1,25.33,25.33,2026-08-31 12:58:31.028467+00:00,2026-08-31 13:39:02.243276+00:00,0.0
GVZ_CBOE,2026-03-25 00:00:00+00:00,2,1,38.65,38.65,2026-08-31 12:58:31.028467+00:00,2026-08-31 13:39:02.243276+00:00,0.0
VIX_CBOE,2026-03-26 00:00:00+00:00,2,1,27.44,27.44,2026-08-31 12:58:31.028467+00:00,2026-08-31 13:39:02.243276+00:00,0.0
GVZ_CBOE,2026-03-26 00:00:00+00:00,2,1,45.07,45.07,2026-08-31 12:58:31.028467+00:00,2026-08-31 13:39:02.243276+00:00,0.0
GVZ_CBOE,2026-03-27 00:00:00+00:00,2,1,45.51,45.51,2026-08-31 12:58:31.028467+00:00,2026-08-31 13:39:02.243276+00:00,0.0
VIX_CBOE,2026-03-27 00:00:00+00:00,2,1,31.05,31.05,2026-08-31 12:58:31.028467+00:00,2026-08-31 13:39:02.243276+00:00,0.0
VIX_CBOE,2026-03-30 00:00:00+00:00,2,1,30.61,30.61,2026-08-31 12:58:31.028467+00:00,2026-08-31 13:39:02.243276+00:00,0.0
GVZ_CBOE,2026-03-30 00:00:00+00:00,2,1,42.71,42.71,2026-08-31 12:58:31.028467+00:00,2026-08-31 13:39:02.243276+00:00,0.0
GVZ_CBOE,2026-03-31 00:00:00+00:00,2,1,38.89,38.89,2026-08-31 12:58:31.028467+00:00,2026-08-31 13:39:02.243276+00:00,0.0
VIX_CBOE,2026-03-31 00:00:00+00:00,2,1,25.25,25.25,2026-08-31 12:58:31.028467+00:00,2026-08-31 13:39:02.243276+00:00,0.0
VIX_CBOE,2026-04-01 00:00:00+00:00,2,1,24.54,24.54,2026-08-31 12:58:31.028467+00:00,2026-08-31 13:39:02.243276+00:00,0.0
GVZ_CBOE,2026-04-01 00:00:00+00:00,2,1,36.11,36.11,2026-08-31 12:58:31.028467+00:00,2026-08-31 13:39:02.243276+00:00,0.0
VIX_CBOE,2026-04-02 00:00:00+00:00,2,1,23.87,23.87,2026-08-31 12:58:31.028467+00:00,2026-08-31 13:39:02.243276+00:00,0.0
GVZ_CBOE,2026-04-02 00:00:00+00:00,2,1,37.85,37.85,2026-08-31 12:58:31.028467+00:00,2026-08-31 13:39:02.243276+00:00,0.0
GVZ_CBOE,2026-04-06 00:00:00+00:00,2,1,37.04,37.04,2026-08-31 12:58:31.028467+00:00,2026-08-31 13:39:02.243276+00:00,0.0
VIX_CBOE,2026-04-06 00:00:00+00:00,2,1,24.17,24.17,2026-08-31 12:58:31.028467+00:00,2026-08-31 13:39:02.243276+00:00,0.0
GVZ_CBOE,2026-04-07 00:00:00+00:00,2,1,37.43,37.43,2026-08-31 12:58:31.028467+00:00,2026-08-31 13:39:02.243276+00:00,0.0
VIX_CBOE,2026-04-07 00:00:00+00:00,2,1,25.78,25.78,2026-08-31 12:58:31.028467+00:00,2026-08-31 13:39:02.243276+00:00,0.0
VIX_CBOE,2026-04-08 00:00:00+00:00,2,1,21.04,21.04,2026-08-31 12:58:31.028467+00:00,2026-08-31 13:39:02.243276+00:00,0.0
GVZ_CBOE,2026-04-08 00:00:00+00:00,2,1,34.21,34.21,2026-08-31 12:58:31.028467+00:00,2026-08-31 13:39:02.243276+00:00,0.0
GVZ_CBOE,2026-04-09 00:00:00+00:00,2,1,31.66,31.66,2026-08-31 12:58:31.028467+00:00,2026-08-31 13:39:02.243276+00:00,0.0
VIX_CBOE,2026-04-09 00:00:00+00:00,2,1,19.49,19.49,2026-08-31 12:58:31.028467+00:00,2026-08-31 13:39:02.243276+00:00,0.0
GVZ_CBOE,2026-04-10 00:00:00+00:00,2,1,30.46,30.46,2026-08-31 12:58:31.028467+00:00,2026-08-31 13:39:02.243276+00:00,0.0
VIX_CBOE,2026-04-10 00:00:00+00:00,2,1,19.23,19.23,2026-08-31 12:58:31.028467+00:00,2026-08-31 13:39:02.243276+00:00,0.0
GVZ_CBOE,2026-04-13 00:00:00+00:00,2,1,30.0,30.0,2026-08-31 12:58:31.028467+00:00,2026-08-31 13:39:02.243276+00:00,0.0
VIX_CBOE,2026-04-13 00:00:00+00:00,2,1,19.12,19.12,2026-08-31 12:58:31.028467+00:00,2026-08-31 13:39:02.243276+00:00,0.0
GVZ_CBOE,2026-04-14 00:00:00+00:00,2,1,31.04,31.04,2026-08-31 12:58:31.028467+00:00,2026-08-31 13:39:02.243276+00:00,0.0
VIX_CBOE,2026-04-14 00:00:00+00:00,2,1,18.36,18.36,2026-08-31 12:58:31.028467+00:00,2026-08-31 13:39:02.243276+00:00,0.0
GVZ_CBOE,2026-04-15 00:00:00+00:00,2,1,29.97,29.97,2026-08-31 12:58:31.028467+00:00,2026-08-31 13:39:02.243276+00:00,0.0
VIX_CBOE,2026-04-15 00:00:00+00:00,2,1,18.17,18.17,2026-08-31 12:58:31.028467+00:00,2026-08-31 13:39:02.243276+00:00,0.0
VIX_CBOE,2026-04-16 00:00:00+00:00,2,1,17.94,17.94,2026-08-31 12:58:31.028467+00:00,2026-08-31 13:39:02.243276+00:00,0.0
GVZ_CBOE,2026-04-16 00:00:00+00:00,2,1,28.65,28.65,2026-08-31 12:58:31.028467+00:00,2026-08-31 13:39:02.243276+00:00,0.0
GVZ_CBOE,2026-04-17 00:00:00+00:00,2,1,28.95,28.95,2026-08-31 12:58:31.028467+00:00,2026-08-31 13:39:02.243276+00:00,0.0
VIX_CBOE,2026-04-17 00:00:00+00:00,2,1,17.48,17.48,2026-08-31 12:58:31.028467+00:00,2026-08-31 13:39:02.243276+00:00,0.0
VIX_CBOE,2026-04-20 00:00:00+00:00,2,1,18.87,18.87,2026-08-31 12:58:31.028467+00:00,2026-08-31 13:39:02.243276+00:00,0.0
GVZ_CBOE,2026-04-20 00:00:00+00:00,2,1,28.46,28.46,2026-08-31 12:58:31.028467+00:00,2026-08-31 13:39:02.243276+00:00,0.0
VIX_CBOE,2026-04-21 00:00:00+00:00,2,1,19.5,19.5,2026-08-31 12:58:31.028467+00:00,2026-08-31 13:39:02.243276+00:00,0.0
GVZ_CBOE,2026-04-21 00:00:00+00:00,2,1,29.31,29.31,2026-08-31 12:58:31.028467+00:00,2026-08-31 13:39:02.243276+00:00,0.0
GVZ_CBOE,2026-04-22 00:00:00+00:00,2,1,27.09,27.09,2026-08-31 12:58:31.028467+00:00,2026-08-31 13:39:02.243276+00:00,0.0
VIX_CBOE,2026-04-22 00:00:00+00:00,2,1,18.92,18.92,2026-08-31 12:58:31.028467+00:00,2026-08-31 13:39:02.243276+00:00,0.0
GVZ_CBOE,2026-04-23 00:00:00+00:00,2,1,27.87,27.87,2026-08-31 12:58:31.028467+00:00,2026-08-31 13:39:02.243276+00:00,0.0
VIX_CBOE,2026-04-23 00:00:00+00:00,2,1,19.31,19.31,2026-08-31 12:58:31.028467+00:00,2026-08-31 13:39:02.243276+00:00,0.0
GVZ_CBOE,2026-04-24 00:00:00+00:00,2,1,25.88,25.88,2026-08-31 12:58:31.028467+00:00,2026-08-31 13:39:02.243276+00:00,0.0
VIX_CBOE,2026-04-24 00:00:00+00:00,2,1,18.71,18.71,2026-08-31 12:58:31.028467+00:00,2026-08-31 13:39:02.243276+00:00,0.0
VIX_CBOE,2026-04-27 00:00:00+00:00,2,1,18.02,18.02,2026-08-31 12:58:31.028467+00:00,2026-08-31 13:39:02.243276+00:00,0.0
GVZ_CBOE,2026-04-27 00:00:00+00:00,2,1,25.37,25.37,2026-08-31 12:58:31.028467+00:00,2026-08-31 13:39:02.243276+00:00,0.0
VIX_CBOE,2026-04-28 00:00:00+00:00,2,1,17.83,17.83,2026-08-31 12:58:31.028467+00:00,2026-08-31 13:39:02.243276+00:00,0.0
GVZ_CBOE,2026-04-28 00:00:00+00:00,2,1,26.19,26.19,2026-08-31 12:58:31.028467+00:00,2026-08-31 13:39:02.243276+00:00,0.0
GVZ_CBOE,2026-04-29 00:00:00+00:00,2,1,27.77,27.77,2026-08-31 12:58:31.028467+00:00,2026-08-31 13:39:02.243276+00:00,0.0
VIX_CBOE,2026-04-29 00:00:00+00:00,2,1,18.81,18.81,2026-08-31 12:58:31.028467+00:00,2026-08-31 13:39:02.243276+00:00,0.0
GVZ_CBOE,2026-04-30 00:00:00+00:00,2,1,26.64,26.64,2026-08-31 12:58:31.028467+00:00,2026-08-31 13:39:02.243276+00:00,0.0
VIX_CBOE,2026-04-30 00:00:00+00:00,2,1,16.89,16.89,2026-08-31 12:58:31.028467+00:00,2026-08-31 13:39:02.243276+00:00,0.0
GVZ_CBOE,2026-05-01 00:00:00+00:00,2,1,26.43,26.43,2026-08-31 12:58:31.028467+00:00,2026-08-31 13:39:02.243276+00:00,0.0
VIX_CBOE,2026-05-01 00:00:00+00:00,2,1,16.99,16.99,2026-08-31 12:58:31.028467+00:00,2026-08-31 13:39:02.243276+00:00,0.0
GVZ_CBOE,2026-05-04 00:00:00+00:00,2,1,27.92,27.92,2026-08-31 12:58:31.028467+00:00,2026-08-31 13:39:02.243276+00:00,0.0
VIX_CBOE,2026-05-04 00:00:00+00:00,2,1,18.29,18.29,2026-08-31 12:58:31.028467+00:00,2026-08-31 13:39:02.243276+00:00,0.0
GVZ_CBOE,2026-05-05 00:00:00+00:00,2,1,26.61,26.61,2026-08-31 12:58:31.028467+00:00,2026-08-31 13:39:02.243276+00:00,0.0
VIX_CBOE,2026-05-05 00:00:00+00:00,2,1,17.38,17.38,2026-08-31 12:58:31.028467+00:00,2026-08-31 13:39:02.243276+00:00,0.0
VIX_CBOE,2026-05-06 00:00:00+00:00,2,1,17.39,17.39,2026-08-31 12:58:31.028467+00:00,2026-08-31 13:39:02.243276+00:00,0.0
GVZ_CBOE,2026-05-06 00:00:00+00:00,2,1,26.34,26.34,2026-08-31 12:58:31.028467+00:00,2026-08-31 13:39:02.243276+00:00,0.0
GVZ_CBOE,2026-05-07 00:00:00+00:00,2,1,27.03,27.03,2026-08-31 12:58:31.028467+00:00,2026-08-31 13:39:02.243276+00:00,0.0
VIX_CBOE,2026-05-07 00:00:00+00:00,2,1,17.08,17.08,2026-08-31 12:58:31.028467+00:00,2026-08-31 13:39:02.243276+00:00,0.0
VIX_CBOE,2026-05-08 00:00:00+00:00,2,1,17.19,17.19,2026-08-31 12:58:31.028467+00:00,2026-08-31 13:39:02.243276+00:00,0.0
GVZ_CBOE,2026-05-08 00:00:00+00:00,2,1,26.48,26.48,2026-08-31 12:58:31.028467+00:00,2026-08-31 13:39:02.243276+00:00,0.0
GVZ_CBOE,2026-05-11 00:00:00+00:00,2,1,27.48,27.48,2026-08-31 12:58:31.028467+00:00,2026-08-31 13:39:02.243276+00:00,0.0
VIX_CBOE,2026-05-11 00:00:00+00:00,2,1,18.38,18.38,2026-08-31 12:58:31.028467+00:00,2026-08-31 13:39:02.243276+00:00,0.0
VIX_CBOE,2026-05-12 00:00:00+00:00,2,1,17.99,17.99,2026-08-31 12:58:31.028467+00:00,2026-08-31 13:39:02.243276+00:00,0.0
GVZ_CBOE,2026-05-12 00:00:00+00:00,2,1,27.16,27.16,2026-08-31 12:58:31.028467+00:00,2026-08-31 13:39:02.243276+00:00,0.0
GVZ_CBOE,2026-05-13 00:00:00+00:00,2,1,26.56,26.56,2026-08-31 12:58:31.028467+00:00,2026-08-31 13:39:02.243276+00:00,0.0
VIX_CBOE,2026-05-13 00:00:00+00:00,2,1,17.87,17.87,2026-08-31 12:58:31.028467+00:00,2026-08-31 13:39:02.243276+00:00,0.0
VIX_CBOE,2026-05-14 00:00:00+00:00,2,1,17.26,17.26,2026-08-31 12:58:31.028467+00:00,2026-08-31 13:39:02.243276+00:00,0.0
GVZ_CBOE,2026-05-14 00:00:00+00:00,2,1,25.79,25.79,2026-08-31 12:58:31.028467+00:00,2026-08-31 13:39:02.243276+00:00,0.0
VIX_CBOE,2026-05-15 00:00:00+00:00,2,1,18.43,18.43,2026-08-31 12:58:31.028467+00:00,2026-08-31 13:39:02.243276+00:00,0.0
GVZ_CBOE,2026-05-15 00:00:00+00:00,2,1,26.34,26.34,2026-08-31 12:58:31.028467+00:00,2026-08-31 13:39:02.243276+00:00,0.0
GVZ_CBOE,2026-05-18 00:00:00+00:00,2,1,26.2,26.2,2026-08-31 12:58:31.028467+00:00,2026-08-31 13:39:02.243276+00:00,0.0
VIX_CBOE,2026-05-18 00:00:00+00:00,2,1,17.82,17.82,2026-08-31 12:58:31.028467+00:00,2026-08-31 13:39:02.243276+00:00,0.0
GVZ_CBOE,2026-05-19 00:00:00+00:00,2,1,26.63,26.63,2026-08-31 12:58:31.028467+00:00,2026-08-31 13:39:02.243276+00:00,0.0
VIX_CBOE,2026-05-19 00:00:00+00:00,2,1,18.06,18.06,2026-08-31 12:58:31.028467+00:00,2026-08-31 13:39:02.243276+00:00,0.0
VIX_CBOE,2026-05-20 00:00:00+00:00,2,1,17.44,17.44,2026-08-31 12:58:31.028467+00:00,2026-08-31 13:39:02.243276+00:00,0.0
GVZ_CBOE,2026-05-20 00:00:00+00:00,2,1,25.17,25.17,2026-08-31 12:58:31.028467+00:00,2026-08-31 13:39:02.243276+00:00,0.0
GVZ_CBOE,2026-05-21 00:00:00+00:00,2,1,24.59,24.59,2026-08-31 12:58:31.028467+00:00,2026-08-31 13:39:02.243276+00:00,0.0
VIX_CBOE,2026-05-21 00:00:00+00:00,2,1,16.76,16.76,2026-08-31 12:58:31.028467+00:00,2026-08-31 13:39:02.243276+00:00,0.0
VIX_CBOE,2026-05-22 00:00:00+00:00,2,1,16.7,16.7,2026-08-31 12:58:31.028467+00:00,2026-08-31 13:39:02.243276+00:00,0.0
GVZ_CBOE,2026-05-22 00:00:00+00:00,2,1,23.86,23.86,2026-08-31 12:58:31.028467+00:00,2026-08-31 13:39:02.243276+00:00,0.0
VIX_CBOE,2026-05-25 00:00:00+00:00,2,1,16.59,16.59,2026-08-31 12:58:31.028467+00:00,2026-08-31 13:39:02.243276+00:00,0.0
GVZ_CBOE,2026-05-26 00:00:00+00:00,2,1,24.27,24.27,2026-08-31 12:58:31.028467+00:00,2026-08-31 13:39:02.243276+00:00,0.0
VIX_CBOE,2026-05-26 00:00:00+00:00,2,1,17.01,17.01,2026-08-31 12:58:31.028467+00:00,2026-08-31 13:39:02.243276+00:00,0.0
GVZ_CBOE,2026-05-27 00:00:00+00:00,2,1,24.47,24.47,2026-08-31 12:58:31.028467+00:00,2026-08-31 13:39:02.243276+00:00,0.0
VIX_CBOE,2026-05-27 00:00:00+00:00,2,1,16.29,16.29,2026-08-31 12:58:31.028467+00:00,2026-08-31 13:39:02.243276+00:00,0.0
GVZ_CBOE,2026-05-28 00:00:00+00:00,2,1,24.83,24.83,2026-08-31 12:58:31.028467+00:00,2026-08-31 13:39:02.243276+00:00,0.0
VIX_CBOE,2026-05-28 00:00:00+00:00,2,1,15.74,15.74,2026-08-31 12:58:31.028467+00:00,2026-08-31 13:39:02.243276+00:00,0.0
GVZ_CBOE,2026-05-29 00:00:00+00:00,2,1,24.91,24.91,2026-08-31 12:58:31.028467+00:00,2026-08-31 13:39:02.243276+00:00,0.0
VIX_CBOE,2026-05-29 00:00:00+00:00,2,1,15.32,15.32,2026-08-31 12:58:31.028467+00:00,2026-08-31 13:39:02.243276+00:00,0.0
VIX_CBOE,2026-06-01 00:00:00+00:00,2,1,16.05,16.05,2026-08-31 12:58:31.028467+00:00,2026-08-31 13:39:02.243276+00:00,0.0
GVZ_CBOE,2026-06-01 00:00:00+00:00,2,1,25.64,25.64,2026-08-31 12:58:31.028467+00:00,2026-08-31 13:39:02.243276+00:00,0.0
GVZ_CBOE,2026-06-02 00:00:00+00:00,2,1,24.44,24.44,2026-08-31 12:58:31.028467+00:00,2026-08-31 13:39:02.243276+00:00,0.0
VIX_CBOE,2026-06-02 00:00:00+00:00,2,1,15.77,15.77,2026-08-31 12:58:31.028467+00:00,2026-08-31 13:39:02.243276+00:00,0.0
VIX_CBOE,2026-06-03 00:00:00+00:00,2,1,16.06,16.06,2026-08-31 12:58:31.028467+00:00,2026-08-31 13:39:02.243276+00:00,0.0
GVZ_CBOE,2026-06-03 00:00:00+00:00,2,1,24.49,24.49,2026-08-31 12:58:31.028467+00:00,2026-08-31 13:39:02.243276+00:00,0.0
GVZ_CBOE,2026-06-04 00:00:00+00:00,2,1,23.87,23.87,2026-08-31 12:58:31.028467+00:00,2026-08-31 13:39:02.243276+00:00,0.0
VIX_CBOE,2026-06-04 00:00:00+00:00,2,1,15.4,15.4,2026-08-31 12:58:31.028467+00:00,2026-08-31 13:39:02.243276+00:00,0.0
VIX_CBOE,2026-06-05 00:00:00+00:00,2,1,21.51,21.51,2026-08-31 12:58:31.028467+00:00,2026-08-31 13:39:02.243276+00:00,0.0
GVZ_CBOE,2026-06-05 00:00:00+00:00,2,1,28.89,28.89,2026-08-31 12:58:31.028467+00:00,2026-08-31 13:39:02.243276+00:00,0.0
GVZ_CBOE,2026-06-08 00:00:00+00:00,2,1,27.17,27.17,2026-08-31 12:58:31.028467+00:00,2026-08-31 13:39:02.243276+00:00,0.0
VIX_CBOE,2026-06-08 00:00:00+00:00,2,1,18.92,18.92,2026-08-31 12:58:31.028467+00:00,2026-08-31 13:39:02.243276+00:00,0.0
VIX_CBOE,2026-06-09 00:00:00+00:00,2,1,19.87,19.87,2026-08-31 12:58:31.028467+00:00,2026-08-31 13:39:02.243276+00:00,0.0
GVZ_CBOE,2026-06-09 00:00:00+00:00,2,1,28.04,28.04,2026-08-31 12:58:31.028467+00:00,2026-08-31 13:39:02.243276+00:00,0.0
VIX_CBOE,2026-06-10 00:00:00+00:00,2,1,22.22,22.22,2026-08-31 12:58:31.028467+00:00,2026-08-31 13:39:02.243276+00:00,0.0
GVZ_CBOE,2026-06-10 00:00:00+00:00,2,1,32.18,32.18,2026-08-31 12:58:31.028467+00:00,2026-08-31 13:39:02.243276+00:00,0.0
GVZ_CBOE,2026-06-11 00:00:00+00:00,2,1,28.33,28.33,2026-08-31 12:58:31.028467+00:00,2026-08-31 13:39:02.243276+00:00,0.0
VIX_CBOE,2026-06-11 00:00:00+00:00,2,1,19.44,19.44,2026-08-31 12:58:31.028467+00:00,2026-08-31 13:39:02.243276+00:00,0.0
VIX_CBOE,2026-06-12 00:00:00+00:00,2,1,17.68,17.68,2026-08-31 12:58:31.028467+00:00,2026-08-31 13:39:02.243276+00:00,0.0
GVZ_CBOE,2026-06-12 00:00:00+00:00,2,1,26.85,26.85,2026-08-31 12:58:31.028467+00:00,2026-08-31 13:39:02.243276+00:00,0.0
VIX_CBOE,2026-06-15 00:00:00+00:00,2,1,16.2,16.2,2026-08-31 12:58:31.028467+00:00,2026-08-31 13:39:02.243276+00:00,0.0
GVZ_CBOE,2026-06-15 00:00:00+00:00,2,1,26.47,26.47,2026-08-31 12:58:31.028467+00:00,2026-08-31 13:39:02.243276+00:00,0.0
VIX_CBOE,2026-06-16 00:00:00+00:00,2,1,16.41,16.41,2026-08-31 12:58:31.028467+00:00,2026-08-31 13:39:02.243276+00:00,0.0
GVZ_CBOE,2026-06-16 00:00:00+00:00,2,1,25.18,25.18,2026-08-31 12:58:31.028467+00:00,2026-08-31 13:39:02.243276+00:00,0.0
GVZ_CBOE,2026-06-17 00:00:00+00:00,2,1,28.45,28.45,2026-08-31 12:58:31.028467+00:00,2026-08-31 13:39:02.243276+00:00,0.0
VIX_CBOE,2026-06-17 00:00:00+00:00,2,1,18.44,18.44,2026-08-31 12:58:31.028467+00:00,2026-08-31 13:39:02.243276+00:00,0.0
GVZ_CBOE,2026-06-18 00:00:00+00:00,2,1,27.9,27.9,2026-08-31 12:58:31.028467+00:00,2026-08-31 13:39:02.243276+00:00,0.0
VIX_CBOE,2026-06-18 00:00:00+00:00,2,1,16.4,16.4,2026-08-31 12:58:31.028467+00:00,2026-08-31 13:39:02.243276+00:00,0.0
VIX_CBOE,2026-06-19 00:00:00+00:00,2,1,16.78,16.78,2026-08-31 12:58:31.028467+00:00,2026-08-31 13:39:02.243276+00:00,0.0
VIX_CBOE,2026-06-22 00:00:00+00:00,2,1,17.28,17.28,2026-08-31 12:58:31.028467+00:00,2026-08-31 13:39:02.243276+00:00,0.0
GVZ_CBOE,2026-06-22 00:00:00+00:00,2,1,26.15,26.15,2026-08-31 12:58:31.028467+00:00,2026-08-31 13:39:02.243276+00:00,0.0
VIX_CBOE,2026-06-23 00:00:00+00:00,2,1,19.49,19.49,2026-08-31 12:58:31.028467+00:00,2026-08-31 13:39:02.243276+00:00,0.0
GVZ_CBOE,2026-06-23 00:00:00+00:00,2,1,27.41,27.41,2026-08-31 12:58:31.028467+00:00,2026-08-31 13:39:02.243276+00:00,0.0
GVZ_CBOE,2026-06-24 00:00:00+00:00,2,1,31.6,31.6,2026-08-31 12:58:31.028467+00:00,2026-08-31 13:39:02.243276+00:00,0.0
VIX_CBOE,2026-06-24 00:00:00+00:00,2,1,18.63,18.63,2026-08-31 12:58:31.028467+00:00,2026-08-31 13:39:02.243276+00:00,0.0
GVZ_CBOE,2026-06-25 00:00:00+00:00,2,1,29.58,29.58,2026-08-31 12:58:31.028467+00:00,2026-08-31 13:39:02.243276+00:00,0.0
VIX_CBOE,2026-06-25 00:00:00+00:00,2,1,18.89,18.89,2026-08-31 12:58:31.028467+00:00,2026-08-31 13:39:02.243276+00:00,0.0
GVZ_CBOE,2026-06-26 00:00:00+00:00,2,1,27.18,27.18,2026-08-31 12:58:31.028467+00:00,2026-08-31 13:39:02.243276+00:00,0.0
VIX_CBOE,2026-06-26 00:00:00+00:00,2,1,18.41,18.41,2026-08-31 12:58:31.028467+00:00,2026-08-31 13:39:02.243276+00:00,0.0
VIX_CBOE,2026-06-29 00:00:00+00:00,2,1,17.65,17.65,2026-08-31 12:58:31.028467+00:00,2026-08-31 13:39:02.243276+00:00,0.0
GVZ_CBOE,2026-06-29 00:00:00+00:00,2,1,27.7,27.7,2026-08-31 12:58:31.028467+00:00,2026-08-31 13:39:02.243276+00:00,0.0
GVZ_CBOE,2026-06-30 00:00:00+00:00,2,1,27.2,27.2,2026-08-31 12:58:31.028467+00:00,2026-08-31 13:39:02.243276+00:00,0.0
VIX_CBOE,2026-06-30 00:00:00+00:00,2,1,16.45,16.45,2026-08-31 12:58:31.028467+00:00,2026-08-31 13:39:02.243276+00:00,0.0
GVZ_CBOE,2026-07-01 00:00:00+00:00,2,1,27.12,27.12,2026-08-31 12:58:31.028467+00:00,2026-08-31 13:39:02.243276+00:00,0.0
VIX_CBOE,2026-07-01 00:00:00+00:00,2,1,16.59,16.59,2026-08-31 12:58:31.028467+00:00,2026-08-31 13:39:02.243276+00:00,0.0
VIX_CBOE,2026-07-02 00:00:00+00:00,2,1,16.15,16.15,2026-08-31 12:58:31.028467+00:00,2026-08-31 13:39:02.243276+00:00,0.0
GVZ_CBOE,2026-07-02 00:00:00+00:00,2,1,26.0,26.0,2026-08-31 12:58:31.028467+00:00,2026-08-31 13:39:02.243276+00:00,0.0
VIX_CBOE,2026-07-03 00:00:00+00:00,2,1,15.81,15.81,2026-08-31 12:58:31.028467+00:00,2026-08-31 13:39:02.243276+00:00,0.0
VIX_CBOE,2026-07-06 00:00:00+00:00,2,1,15.57,15.57,2026-08-31 12:58:31.028467+00:00,2026-08-31 13:39:02.243276+00:00,0.0
GVZ_CBOE,2026-07-06 00:00:00+00:00,2,1,25.33,25.33,2026-08-31 12:58:31.028467+00:00,2026-08-31 13:39:02.243276+00:00,0.0
GVZ_CBOE,2026-07-07 00:00:00+00:00,2,1,26.21,26.21,2026-08-31 12:58:31.028467+00:00,2026-08-31 13:39:02.243276+00:00,0.0
VIX_CBOE,2026-07-07 00:00:00+00:00,2,1,16.13,16.13,2026-08-31 12:58:31.028467+00:00,2026-08-31 13:39:02.243276+00:00,0.0
VIX_CBOE,2026-07-08 00:00:00+00:00,2,1,16.9,16.9,2026-08-31 12:58:31.028467+00:00,2026-08-31 13:39:02.243276+00:00,0.0
GVZ_CBOE,2026-07-08 00:00:00+00:00,2,1,27.6,27.6,2026-08-31 12:58:31.028467+00:00,2026-08-31 13:39:02.243276+00:00,0.0
GVZ_CBOE,2026-07-09 00:00:00+00:00,2,1,25.33,25.33,2026-08-31 12:58:31.028467+00:00,2026-08-31 13:39:02.243276+00:00,0.0
VIX_CBOE,2026-07-09 00:00:00+00:00,2,1,15.84,15.84,2026-08-31 12:58:31.028467+00:00,2026-08-31 13:39:02.243276+00:00,0.0
GVZ_CBOE,2026-07-10 00:00:00+00:00,2,1,23.95,23.95,2026-08-31 12:58:31.028467+00:00,2026-08-31 13:39:02.243276+00:00,0.0
VIX_CBOE,2026-07-10 00:00:00+00:00,2,1,15.03,15.03,2026-08-31 12:58:31.028467+00:00,2026-08-31 13:39:02.243276+00:00,0.0
GVZ_CBOE,2026-07-13 00:00:00+00:00,2,1,26.93,26.93,2026-08-31 12:58:31.028467+00:00,2026-08-31 13:39:02.243276+00:00,0.0
VIX_CBOE,2026-07-13 00:00:00+00:00,2,1,17.16,17.16,2026-08-31 12:58:31.028467+00:00,2026-08-31 13:39:02.243276+00:00,0.0
GVZ_CBOE,2026-07-14 00:00:00+00:00,2,1,25.02,25.02,2026-08-31 12:58:31.028467+00:00,2026-08-31 13:39:02.243276+00:00,0.0
VIX_CBOE,2026-07-14 00:00:00+00:00,2,1,16.5,16.5,2026-08-31 12:58:31.028467+00:00,2026-08-31 13:39:02.243276+00:00,0.0
VIX_CBOE,2026-07-15 00:00:00+00:00,2,1,15.67,15.67,2026-08-31 12:58:31.028467+00:00,2026-08-31 13:39:02.243276+00:00,0.0
GVZ_CBOE,2026-07-15 00:00:00+00:00,2,1,24.88,24.88,2026-08-31 12:58:31.028467+00:00,2026-08-31 13:39:02.243276+00:00,0.0
GVZ_CBOE,2026-07-16 00:00:00+00:00,2,1,26.65,26.65,2026-08-31 12:58:31.028467+00:00,2026-08-31 13:39:02.243276+00:00,0.0
VIX_CBOE,2026-07-16 00:00:00+00:00,2,1,16.73,16.73,2026-08-31 12:58:31.028467+00:00,2026-08-31 13:39:02.243276+00:00,0.0
VIX_CBOE,2026-07-17 00:00:00+00:00,2,1,18.77,18.77,2026-08-31 12:58:31.028467+00:00,2026-08-31 13:39:02.243276+00:00,0.0
GVZ_CBOE,2026-07-17 00:00:00+00:00,2,1,25.6,25.6,2026-08-31 12:58:31.028467+00:00,2026-08-31 13:39:02.243276+00:00,0.0
GVZ_CBOE,2026-07-20 00:00:00+00:00,2,1,25.37,25.37,2026-08-31 12:58:31.028467+00:00,2026-08-31 13:39:02.243276+00:00,0.0
VIX_CBOE,2026-07-20 00:00:00+00:00,2,1,18.65,18.65,2026-08-31 12:58:31.028467+00:00,2026-08-31 13:39:02.243276+00:00,0.0
GVZ_CBOE,2026-07-21 00:00:00+00:00,2,1,23.94,23.94,2026-08-31 12:58:31.028467+00:00,2026-08-31 13:39:02.243276+00:00,0.0
VIX_CBOE,2026-07-21 00:00:00+00:00,2,1,17.05,17.05,2026-08-31 12:58:31.028467+00:00,2026-08-31 13:39:02.243276+00:00,0.0
VIX_CBOE,2026-07-22 00:00:00+00:00,2,1,16.64,16.64,2026-08-31 12:58:31.028467+00:00,2026-08-31 13:39:02.243276+00:00,0.0
GVZ_CBOE,2026-07-22 00:00:00+00:00,2,1,24.02,24.02,2026-08-31 12:58:31.028467+00:00,2026-08-31 13:39:02.243276+00:00,0.0
GVZ_CBOE,2026-07-23 00:00:00+00:00,2,1,25.14,25.14,2026-08-31 12:58:31.028467+00:00,2026-08-31 13:39:02.243276+00:00,0.0
VIX_CBOE,2026-07-23 00:00:00+00:00,2,1,18.7,18.7,2026-08-31 12:58:31.028467+00:00,2026-08-31 13:39:02.243276+00:00,0.0
GVZ_CBOE,2026-07-24 00:00:00+00:00,2,1,24.33,24.33,2026-08-31 12:58:31.028467+00:00,2026-08-31 13:39:02.243276+00:00,0.0
VIX_CBOE,2026-07-24 00:00:00+00:00,2,1,18.58,18.58,2026-08-31 12:58:31.028467+00:00,2026-08-31 13:39:02.243276+00:00,0.0
VIX_CBOE,2026-07-27 00:00:00+00:00,2,1,18.67,18.67,2026-08-31 12:58:31.028467+00:00,2026-08-31 13:39:02.243276+00:00,0.0
GVZ_CBOE,2026-07-27 00:00:00+00:00,2,1,24.13,24.13,2026-08-31 12:58:31.028467+00:00,2026-08-31 13:39:02.243276+00:00,0.0
GVZ_CBOE,2026-07-28 00:00:00+00:00,2,1,24.62,24.62,2026-08-31 12:58:31.028467+00:00,2026-08-31 13:39:02.243276+00:00,0.0
VIX_CBOE,2026-07-28 00:00:00+00:00,2,1,18.21,18.21,2026-08-31 12:58:31.028467+00:00,2026-08-31 13:39:02.243276+00:00,0.0
GVZ_CBOE,2026-07-29 00:00:00+00:00,2,1,24.64,24.64,2026-08-31 12:58:31.028467+00:00,2026-08-31 13:39:02.243276+00:00,0.0
VIX_CBOE,2026-07-29 00:00:00+00:00,2,1,20.66,20.66,2026-08-31 12:58:31.028467+00:00,2026-08-31 13:39:02.243276+00:00,0.0
VIX_CBOE,2026-07-30 00:00:00+00:00,2,1,17.09,17.09,2026-08-31 12:58:31.028467+00:00,2026-08-31 13:39:02.243276+00:00,0.0
GVZ_CBOE,2026-07-30 00:00:00+00:00,2,1,24.48,24.48,2026-08-31 12:58:31.028467+00:00,2026-08-31 13:39:02.243276+00:00,0.0
GVZ_CBOE,2026-07-31 00:00:00+00:00,2,1,23.31,23.31,2026-08-31 12:58:31.028467+00:00,2026-08-31 13:39:02.243276+00:00,0.0
VIX_CBOE,2026-07-31 00:00:00+00:00,2,1,15.99,15.99,2026-08-31 12:58:31.028467+00:00,2026-08-31 13:39:02.243276+00:00,0.0
GVZ_CBOE,2026-08-03 00:00:00+00:00,2,1,23.65,23.65,2026-08-31 12:58:31.028467+00:00,2026-08-31 13:39:02.243276+00:00,0.0
VIX_CBOE,2026-08-03 00:00:00+00:00,2,1,15.86,15.86,2026-08-31 12:58:31.028467+00:00,2026-08-31 13:39:02.243276+00:00,0.0
GVZ_CBOE,2026-08-04 00:00:00+00:00,2,1,23.5,23.5,2026-08-31 12:58:31.028467+00:00,2026-08-31 13:39:02.243276+00:00,0.0
VIX_CBOE,2026-08-04 00:00:00+00:00,2,1,16.5,16.5,2026-08-31 12:58:31.028467+00:00,2026-08-31 13:39:02.243276+00:00,0.0
VIX_CBOE,2026-08-05 00:00:00+00:00,2,1,15.81,15.81,2026-08-31 12:58:31.028467+00:00,2026-08-31 13:39:02.243276+00:00,0.0
GVZ_CBOE,2026-08-05 00:00:00+00:00,2,1,25.59,25.59,2026-08-31 12:58:31.028467+00:00,2026-08-31 13:39:02.243276+00:00,0.0
VIX_CBOE,2026-08-06 00:00:00+00:00,2,1,15.15,15.15,2026-08-31 12:58:31.028467+00:00,2026-08-31 13:39:02.243276+00:00,0.0
GVZ_CBOE,2026-08-06 00:00:00+00:00,2,1,24.86,24.86,2026-08-31 12:58:31.028467+00:00,2026-08-31 13:39:02.243276+00:00,0.0
VIX_CBOE,2026-08-07 00:00:00+00:00,2,1,14.9,14.9,2026-08-31 12:58:31.028467+00:00,2026-08-31 13:39:02.243276+00:00,0.0
GVZ_CBOE,2026-08-07 00:00:00+00:00,2,1,25.64,25.64,2026-08-31 12:58:31.028467+00:00,2026-08-31 13:39:02.243276+00:00,0.0
VIX_CBOE,2026-08-10 00:00:00+00:00,2,1,15.46,15.46,2026-08-31 12:58:31.028467+00:00,2026-08-31 13:39:02.243276+00:00,0.0
GVZ_CBOE,2026-08-10 00:00:00+00:00,2,1,27.9,27.9,2026-08-31 12:58:31.028467+00:00,2026-08-31 13:39:02.243276+00:00,0.0
GVZ_CBOE,2026-08-11 00:00:00+00:00,2,1,25.99,25.99,2026-08-31 12:58:31.028467+00:00,2026-08-31 13:39:02.243276+00:00,0.0
VIX_CBOE,2026-08-11 00:00:00+00:00,2,1,15.28,15.28,2026-08-31 12:58:31.028467+00:00,2026-08-31 13:39:02.243276+00:00,0.0
VIX_CBOE,2026-08-12 00:00:00+00:00,2,1,14.55,14.55,2026-08-31 12:58:31.028467+00:00,2026-08-31 13:39:02.243276+00:00,0.0
GVZ_CBOE,2026-08-12 00:00:00+00:00,2,1,25.58,25.58,2026-08-31 12:58:31.028467+00:00,2026-08-31 13:39:02.243276+00:00,0.0
VIX_CBOE,2026-08-13 00:00:00+00:00,2,1,14.63,14.63,2026-08-31 12:58:31.028467+00:00,2026-08-31 13:39:02.243276+00:00,0.0
GVZ_CBOE,2026-08-13 00:00:00+00:00,2,1,23.87,23.87,2026-08-31 12:58:31.028467+00:00,2026-08-31 13:39:02.243276+00:00,0.0
VIX_CBOE,2026-08-14 00:00:00+00:00,2,1,14.25,14.25,2026-08-31 12:58:31.028467+00:00,2026-08-31 13:39:02.243276+00:00,0.0
GVZ_CBOE,2026-08-14 00:00:00+00:00,2,1,23.92,23.92,2026-08-31 12:58:31.028467+00:00,2026-08-31 13:39:02.243276+00:00,0.0
GVZ_CBOE,2026-08-17 00:00:00+00:00,2,1,25.12,25.12,2026-08-31 12:58:31.028467+00:00,2026-08-31 13:39:02.243276+00:00,0.0
VIX_CBOE,2026-08-17 00:00:00+00:00,2,1,15.19,15.19,2026-08-31 12:58:31.028467+00:00,2026-08-31 13:39:02.243276+00:00,0.0
VIX_CBOE,2026-08-18 00:00:00+00:00,2,1,15.84,15.84,2026-08-31 12:58:31.028467+00:00,2026-08-31 13:39:02.243276+00:00,0.0
GVZ_CBOE,2026-08-18 00:00:00+00:00,2,1,23.98,23.98,2026-08-31 12:58:31.028467+00:00,2026-08-31 13:39:02.243276+00:00,0.0
VIX_CBOE,2026-08-19 00:00:00+00:00,2,1,14.89,14.89,2026-08-31 12:58:31.028467+00:00,2026-08-31 13:39:02.243276+00:00,0.0
GVZ_CBOE,2026-08-19 00:00:00+00:00,2,1,26.68,26.68,2026-08-31 12:58:31.028467+00:00,2026-08-31 13:39:02.243276+00:00,0.0
GVZ_CBOE,2026-08-20 00:00:00+00:00,2,1,27.28,27.28,2026-08-31 12:58:31.028467+00:00,2026-08-31 13:39:02.243276+00:00,0.0
VIX_CBOE,2026-08-20 00:00:00+00:00,2,1,16.01,16.01,2026-08-31 12:58:31.028467+00:00,2026-08-31 13:39:02.243276+00:00,0.0
GVZ_CBOE,2026-08-21 00:00:00+00:00,2,1,27.29,27.29,2026-08-31 12:58:31.028467+00:00,2026-08-31 13:39:02.243276+00:00,0.0
VIX_CBOE,2026-08-21 00:00:00+00:00,2,1,15.13,15.13,2026-08-31 12:58:31.028467+00:00,2026-08-31 13:39:02.243276+00:00,0.0
GVZ_CBOE,2026-08-24 00:00:00+00:00,2,1,28.28,28.28,2026-08-31 12:58:31.028467+00:00,2026-08-31 13:39:02.243276+00:00,0.0
VIX_CBOE,2026-08-24 00:00:00+00:00,2,1,15.85,15.85,2026-08-31 12:58:31.028467+00:00,2026-08-31 13:39:02.243276+00:00,0.0
GVZ_CBOE,2026-08-25 00:00:00+00:00,2,1,27.69,27.69,2026-08-31 12:58:31.028467+00:00,2026-08-31 13:39:02.243276+00:00,0.0
VIX_CBOE,2026-08-25 00:00:00+00:00,2,1,15.45,15.45,2026-08-31 12:58:31.028467+00:00,2026-08-31 13:39:02.243276+00:00,0.0
VIX_CBOE,2026-08-26 00:00:00+00:00,2,1,15.21,15.21,2026-08-31 12:58:31.028467+00:00,2026-08-31 13:39:02.243276+00:00,0.0
GVZ_CBOE,2026-08-26 00:00:00+00:00,2,1,26.96,26.96,2026-08-31 12:58:31.028467+00:00,2026-08-31 13:39:02.243276+00:00,0.0
GVZ_CBOE,2026-08-27 00:00:00+00:00,2,1,26.8,26.8,2026-08-31 12:58:31.028467+00:00,2026-08-31 13:39:02.243276+00:00,0.0
VIX_CBOE,2026-08-27 00:00:00+00:00,2,1,14.51,14.51,2026-08-31 12:58:31.028467+00:00,2026-08-31 13:39:02.243276+00:00,0.0
GVZ_CBOE,2026-08-28 00:00:00+00:00,2,1,25.17,25.17,2026-08-31 12:58:31.028467+00:00,2026-08-31 13:39:02.243276+00:00,0.0
VIX_CBOE,2026-08-28 00:00:00+00:00,2,1,14.43,14.43,2026-08-31 12:58:31.028467+00:00,2026-08-31 13:39:02.243276+00:00,0.0
